{"type":"FeatureCollection","features":[{"type":"Feature","properties":{"id":"204210","type":"AC; OVERHEAD","status":null,"owner":"PACIFICORP","voltage":230,"voltClass":"220-287"},"geometry":{"type":"LineString","coordinates":[[-111.99328,38.84429],[-111.99305,38.84305],[-111.99283,38.84267],[-111.99114,38.84269],[-111.98886,38.84036],[-111.98024,38.8316],[-111.97325,38.82444],[-111.96834,38.81943],[-111.9641,38.81513],[-111.96226,38.81149],[-111.95898,38.80559],[-111.95868,38.80131],[-111.95795,38.79182],[-111.95735,38.78411],[-111.95378,38.77829],[-111.95126,38.77416],[-111.9492,38.77072],[-111.94623,38.76577],[-111.94004,38.75553],[-111.93467,38.74664],[-111.93024,38.7393],[-111.92886,38.73709],[-111.92516,38.72827],[-111.91919,38.71786],[-111.91578,38.71185],[-111.91383,38.70849],[-111.9085,38.70158],[-111.90254,38.69399],[-111.89753,38.68744],[-111.89233,38.68075],[-111.88935,38.67695],[-111.88353,38.6665],[-111.88536,38.65837],[-111.88796,38.64663],[-111.88926,38.64063],[-111.89109,38.63226],[-111.89278,38.62462],[-111.89429,38.61795],[-111.8895,38.61219],[-111.88442,38.60606],[-111.8805,38.59548],[-111.87775,38.58825],[-111.87554,38.58245],[-111.87267,38.57502],[-111.87084,38.5699],[-111.86764,38.56517],[-111.86235,38.55732],[-111.85881,38.55206],[-111.85427,38.54541],[-111.85189,38.54188],[-111.85254,38.53578],[-111.85354,38.52646],[-111.85433,38.51899],[-111.85598,38.50411],[-111.85659,38.49804],[-111.85937,38.48992],[-111.86213,38.4818],[-111.86423,38.47572],[-111.86669,38.46843],[-111.86965,38.45971],[-111.87249,38.45136],[-111.87589,38.44129],[-111.87995,38.43461],[-111.88497,38.42648],[-111.88979,38.41868],[-111.89307,38.41331],[-111.89615,38.40832],[-111.90048,38.40124],[-111.9043,38.39498],[-111.90836,38.38827],[-111.91193,38.38249],[-111.91585,38.37619],[-111.92311,38.36438],[-111.92776,38.35673],[-111.93106,38.35139],[-111.93395,38.33879],[-111.93658,38.32732],[-111.9397,38.31378],[-111.94158,38.30542],[-111.94343,38.29736],[-111.94596,38.28634],[-111.94746,38.27966],[-111.95015,38.26789],[-111.95221,38.25875],[-111.95395,38.25123],[-111.95574,38.2434],[-111.95765,38.23733],[-111.95992,38.22949],[-111.96238,38.22143],[-111.96424,38.21521],[-111.96609,38.20876],[-111.96793,38.20263],[-111.96962,38.19708],[-111.972,38.18914],[-111.97374,38.18342],[-111.97221,38.17427],[-111.97088,38.16611],[-111.96953,38.1579],[-111.96802,38.14873],[-111.96661,38.13998],[-111.96482,38.12936],[-111.96384,38.12334],[-111.96169,38.10998],[-111.95997,38.09956],[-111.95845,38.08984],[-111.95732,38.08315],[-111.95547,38.07174],[-111.95403,38.0631],[-111.95213,38.05161],[-111.95032,38.04042],[-111.94777,38.02495],[-111.95257,38.01768],[-111.96003,38.00597],[-111.96607,37.99689],[-111.96958,37.99135],[-111.9741,37.98455],[-111.98425,37.96898],[-111.99266,37.95609],[-112.00031,37.94443],[-112.00365,37.93928],[-112.00546,37.92669],[-112.0072,37.91538],[-112.0091,37.90204],[-112.01087,37.89073],[-112.01198,37.88365],[-112.01303,37.87693],[-112.01451,37.86597],[-112.01519,37.86171],[-112.01608,37.85561],[-112.01712,37.84878],[-112.01887,37.83706],[-112.02054,37.82572],[-112.02232,37.81378],[-112.02394,37.80273],[-112.0252,37.79408],[-112.0335,37.78648],[-112.04457,37.77633],[-112.05325,37.7684],[-112.06199,37.76045],[-112.06798,37.7549],[-112.07402,37.74938],[-112.08369,37.7405],[-112.09123,37.73364],[-112.09364,37.72373],[-112.08972,37.71605],[-112.08486,37.70654],[-112.07712,37.6987],[-112.07065,37.69511],[-112.06596,37.69208],[-112.0632,37.69052],[-112.06098,37.68962],[-112.05721,37.68813],[-112.05387,37.68527],[-112.05102,37.68289],[-112.04724,37.68068],[-112.04364,37.67854],[-112.03517,37.67356],[-112.02844,37.66301],[-112.02221,37.65328],[-112.01894,37.64814],[-112.00502,37.64034],[-111.99142,37.62902],[-111.98209,37.62129],[-111.97664,37.61675],[-111.9682,37.60983],[-111.95625,37.59997],[-111.94755,37.59266],[-111.94116,37.58727],[-111.93452,37.58193],[-111.9321,37.57627],[-111.93324,37.56444],[-111.92783,37.55868],[-111.92196,37.55248],[-111.91836,37.54859],[-111.91298,37.54288],[-111.90829,37.53789],[-111.90122,37.53035],[-111.8964,37.52527],[-111.89144,37.51997],[-111.88875,37.51706],[-111.88541,37.5127],[-111.88264,37.50909],[-111.88003,37.50595],[-111.87897,37.50315],[-111.87468,37.49216],[-111.87038,37.48115],[-111.86894,37.47756],[-111.86263,37.46592],[-111.85864,37.45903],[-111.85544,37.45347],[-111.85058,37.44512],[-111.84867,37.43541],[-111.84668,37.42573],[-111.84314,37.40784],[-111.84484,37.40293],[-111.84763,37.39295],[-111.84972,37.38526],[-111.85479,37.37488],[-111.85806,37.36543],[-111.86034,37.36394],[-111.86843,37.34544],[-111.87186,37.3425],[-111.87515,37.3397],[-111.87708,37.33657],[-111.87897,37.33498],[-111.87978,37.33337],[-111.88294,37.32675],[-111.88179,37.32438],[-111.88285,37.31949],[-111.8847,37.3135],[-111.88782,37.31138],[-111.88919,37.30642],[-111.89106,37.30504],[-111.89274,37.30032],[-111.89588,37.29305],[-111.89826,37.28775],[-111.90049,37.2824],[-111.90127,37.28054],[-111.90296,37.27328],[-111.90433,37.26776],[-111.90479,37.26606],[-111.90463,37.26351],[-111.90562,37.26049],[-111.90655,37.25801],[-111.90813,37.25563],[-111.91048,37.25206],[-111.91322,37.24793],[-111.91833,37.2405],[-111.91803,37.23555],[-111.92487,37.2267],[-111.92492,37.21468],[-111.92437,37.20498],[-111.93018,37.20339],[-111.93268,37.1952],[-111.93477,37.18862],[-111.93478,37.1758],[-111.93481,37.17274],[-111.92629,37.16751],[-111.92215,37.16496],[-111.91634,37.16421],[-111.91295,37.15562],[-111.91075,37.14987],[-111.90816,37.14307],[-111.89443,37.1386],[-111.88707,37.13614],[-111.88231,37.13457],[-111.87423,37.1319],[-111.86355,37.12836],[-111.8541,37.12525],[-111.85151,37.12436],[-111.83948,37.12388],[-111.81677,37.12294],[-111.80754,37.1208],[-111.79588,37.11815],[-111.78579,37.11584],[-111.77758,37.11399],[-111.76705,37.11155],[-111.75739,37.10935],[-111.74417,37.10632],[-111.73344,37.10387],[-111.72587,37.10214],[-111.72098,37.10106],[-111.71292,37.09598],[-111.7061,37.09176],[-111.69837,37.08689],[-111.68708,37.07984],[-111.67929,37.075],[-111.67165,37.06764],[-111.66963,37.06572],[-111.66532,37.05632],[-111.6619,37.04882],[-111.65909,37.04272],[-111.65626,37.03656],[-111.65337,37.0303],[-111.64974,37.02233],[-111.64598,37.01418],[-111.64227,37.0061],[-111.64017,37.00142],[-111.63768,36.99584],[-111.63612,36.99249],[-111.63551,36.99103],[-111.62447,36.98564],[-111.61429,36.98065],[-111.59974,36.97353],[-111.59023,36.96884],[-111.57821,36.96292],[-111.56357,36.95574],[-111.53904,36.94369],[-111.53057,36.93926],[-111.52857,36.93849],[-111.51778,36.93319],[-111.51222,36.93045],[-111.50743,36.92812],[-111.50592,36.92735],[-111.50339,36.92756],[-111.50106,36.92769],[-111.49854,36.92791],[-111.49613,36.92809],[-111.49342,36.92836],[-111.4913,36.92851],[-111.48984,36.92863],[-111.4888,36.92978],[-111.48747,36.93121],[-111.48591,36.93127],[-111.48626,36.93187]]}},{"type":"Feature","properties":{"id":"209588","type":"AC; OVERHEAD","status":null,"owner":"PACIFICORP","voltage":115,"voltClass":"100-161"},"geometry":{"type":"LineString","coordinates":[[-113.93307,36.89532],[-113.93326,36.89516],[-113.93329,36.89531],[-113.93289,36.89564],[-113.9328,36.89607],[-113.9336,36.89685],[-113.93443,36.89766],[-113.9349,36.89867],[-113.93448,36.89952],[-113.93412,36.90033],[-113.93374,36.90115],[-113.93316,36.90244],[-113.93281,36.90339],[-113.93236,36.90438],[-113.93194,36.9054],[-113.93146,36.90648],[-113.93101,36.9075],[-113.93056,36.9085],[-113.93013,36.90953],[-113.92967,36.91056],[-113.92905,36.91205],[-113.92862,36.91299],[-113.92841,36.91406],[-113.92816,36.91507],[-113.92792,36.9161],[-113.92766,36.91705],[-113.92738,36.91852],[-113.92664,36.92],[-113.92589,36.92148],[-113.92515,36.92296],[-113.92491,36.92546],[-113.92468,36.92795],[-113.92444,36.93042],[-113.92421,36.93294],[-113.92397,36.9354],[-113.92373,36.93789],[-113.92349,36.94038],[-113.92326,36.94286],[-113.92304,36.94532],[-113.92279,36.94783],[-113.92256,36.95032],[-113.92232,36.95285],[-113.92209,36.95528],[-113.92185,36.95778],[-113.92162,36.96026],[-113.92138,36.96275],[-113.92115,36.96523],[-113.92091,36.96773],[-113.92068,36.97021],[-113.92044,36.97272],[-113.92021,36.97507],[-113.91998,36.97745],[-113.91977,36.97981],[-113.91954,36.9822],[-113.91932,36.98459],[-113.91909,36.98696],[-113.91891,36.98939],[-113.91551,36.98975],[-113.91249,36.99012],[-113.90946,36.99049],[-113.90643,36.99086],[-113.90292,36.99129],[-113.90004,36.99166],[-113.89686,36.99204],[-113.89442,36.99235],[-113.89072,36.9928],[-113.88711,36.99324],[-113.88339,36.99369],[-113.87989,36.99413],[-113.8782,36.9963],[-113.87641,36.9986],[-113.8746,37.00092],[-113.87338,37.00249],[-113.87158,37.00482],[-113.87053,37.00619],[-113.8679,37.00677],[-113.86286,37.00659],[-113.85759,37.00635],[-113.8551,37.00625],[-113.85131,37.00608],[-113.84744,37.00591],[-113.84453,37.00576],[-113.8411,37.00563],[-113.83635,37.00544],[-113.83464,37.00658],[-113.83308,37.00756],[-113.83077,37.00837],[-113.82795,37.00936],[-113.82496,37.01043],[-113.82079,37.01193],[-113.81825,37.01282],[-113.8153,37.01509],[-113.81126,37.01817],[-113.80905,37.02124],[-113.80778,37.02299],[-113.80592,37.02554],[-113.80362,37.02868],[-113.8007,37.03217],[-113.79867,37.03458],[-113.79717,37.03637],[-113.79501,37.03894],[-113.79181,37.04277],[-113.78894,37.04618],[-113.788,37.04729],[-113.78636,37.04957],[-113.78444,37.05219],[-113.78167,37.05216],[-113.77893,37.05215],[-113.77416,37.05212],[-113.7717,37.05209],[-113.76931,37.05212],[-113.76692,37.05211],[-113.76286,37.05212],[-113.75977,37.05215],[-113.75632,37.05078],[-113.75345,37.04967],[-113.75177,37.04893],[-113.74917,37.04789],[-113.74782,37.04732],[-113.74476,37.0461],[-113.74201,37.045],[-113.73956,37.04399],[-113.73711,37.043],[-113.73466,37.04202],[-113.73189,37.0409],[-113.72885,37.0397],[-113.72519,37.03822],[-113.72305,37.03733],[-113.7209,37.03648],[-113.71877,37.03563],[-113.71638,37.03467],[-113.7128,37.03322],[-113.70959,37.03192],[-113.70713,37.03093],[-113.70468,37.02994],[-113.70175,37.02873],[-113.69949,37.02784],[-113.69734,37.02697],[-113.6949,37.02599],[-113.69332,37.02534],[-113.68875,37.02351],[-113.68586,37.02232],[-113.68296,37.02116],[-113.67959,37.01979],[-113.6767,37.01861],[-113.67381,37.01314],[-113.67155,37.00885],[-113.66861,37.0033],[-113.66754,37.00127],[-113.66577,36.99793],[-113.66409,36.99472],[-113.66276,36.99219],[-113.66156,36.99006],[-113.65899,36.99007],[-113.65518,36.99007],[-113.65245,36.99007],[-113.65006,36.99007],[-113.64703,36.99008],[-113.64241,36.99007],[-113.64118,36.99065],[-113.63992,36.99125],[-113.63883,36.99175],[-113.63775,36.99225],[-113.63669,36.99274],[-113.63562,36.99324],[-113.63455,36.99374],[-113.63348,36.99424],[-113.63242,36.99474],[-113.63135,36.99515],[-113.63065,36.99599],[-113.62997,36.99676],[-113.62927,36.99753],[-113.62858,36.9983],[-113.62788,36.99906],[-113.62709,36.99993],[-113.62607,37.00106],[-113.6242,37.00148],[-113.62355,37.00231],[-113.62288,37.00313],[-113.62217,37.00399],[-113.62146,37.00486],[-113.6207,37.00574],[-113.62019,37.00659],[-113.61962,37.00745],[-113.61904,37.0083],[-113.61849,37.00919],[-113.61789,37.01006],[-113.618,37.01146],[-113.61809,37.01257],[-113.61746,37.01328],[-113.61693,37.01397],[-113.61629,37.01474],[-113.61571,37.01548],[-113.61477,37.01596],[-113.61376,37.01651],[-113.61281,37.01703],[-113.61236,37.01775],[-113.61193,37.01844],[-113.61058,37.01791],[-113.61093,37.01696],[-113.61124,37.01598],[-113.61157,37.01501],[-113.61186,37.01405],[-113.61181,37.0137],[-113.6117,37.01336],[-113.61134,37.01335]]}},{"type":"Feature","properties":{"id":"209586","type":"AC; OVERHEAD","status":null,"owner":"GARKANE ENERGY COOP, INC","voltage":138,"voltClass":"100-161"},"geometry":{"type":"LineString","coordinates":[[-111.48626,36.93187],[-111.48766,36.93151],[-111.48808,36.93237],[-111.48842,36.93309],[-111.48936,36.93327],[-111.49055,36.93334],[-111.49175,36.93349],[-111.49319,36.93369],[-111.49448,36.93384],[-111.4958,36.93301],[-111.49738,36.93198],[-111.49902,36.93092],[-111.50039,36.93039],[-111.50268,36.92959],[-111.50518,36.92872],[-111.50678,36.92814],[-111.50822,36.92758],[-111.50989,36.92841],[-111.51237,36.92963],[-111.51554,36.93119],[-111.51763,36.93222],[-111.51995,36.93335],[-111.5223,36.93451],[-111.52492,36.9358],[-111.52723,36.93694],[-111.53062,36.9386],[-111.5326,36.93958],[-111.53517,36.94085],[-111.53772,36.94211],[-111.54052,36.94349],[-111.54242,36.94442],[-111.54446,36.94543],[-111.54636,36.94636],[-111.54826,36.94729],[-111.55016,36.94823],[-111.55206,36.94916],[-111.5538,36.95001],[-111.55584,36.95103],[-111.55759,36.95189],[-111.55963,36.95289],[-111.56181,36.95396],[-111.5646,36.95533],[-111.56702,36.95652],[-111.56898,36.95749],[-111.57116,36.95857],[-111.57335,36.95963],[-111.57495,36.96042],[-111.57684,36.96135],[-111.57889,36.96236],[-111.58094,36.96336],[-111.58298,36.96437],[-111.58502,36.96538],[-111.58706,36.96638],[-111.58911,36.96739],[-111.59115,36.96839],[-111.59305,36.96932],[-111.59494,36.97025],[-111.59694,36.97123],[-111.59911,36.9723],[-111.60108,36.97327],[-111.60297,36.97419],[-111.60516,36.97527],[-111.6072,36.97626],[-111.60925,36.97728],[-111.611,36.97814],[-111.61304,36.97915],[-111.6145,36.97986],[-111.6166,36.98089],[-111.61889,36.98202],[-111.62079,36.98294],[-111.62268,36.98388],[-111.62453,36.98479],[-111.62643,36.98571],[-111.62846,36.98672],[-111.63049,36.9877],[-111.63245,36.98826],[-111.63438,36.98881],[-111.63639,36.98938],[-111.63815,36.98987],[-111.64067,36.99058],[-111.64245,36.99109],[-111.64438,36.99163],[-111.64667,36.99227],[-111.64823,36.99273],[-111.65241,36.99394],[-111.65749,36.99538],[-111.66119,36.99643],[-111.66509,36.99753],[-111.67147,36.99934],[-111.67415,37.00008],[-111.67642,37.00071],[-111.67872,37.00138],[-111.68141,37.00212],[-111.68415,37.0029],[-111.68641,37.00354],[-111.68898,37.00427],[-111.69156,37.005],[-111.69362,37.00558],[-111.69477,37.0059],[-111.69597,37.00624],[-111.69849,37.00695],[-111.70018,37.00742],[-111.70257,37.0081],[-111.70545,37.00891],[-111.70719,37.0094],[-111.70921,37.00997],[-111.71145,37.01061],[-111.71385,37.01128],[-111.71807,37.01248],[-111.71988,37.01297],[-111.72209,37.01357],[-111.72409,37.01414],[-111.72838,37.01534],[-111.73071,37.01602],[-111.735,37.01721],[-111.73762,37.01796],[-111.74004,37.01865],[-111.7423,37.01927],[-111.74426,37.01984],[-111.75033,37.02151],[-111.75376,37.02248],[-111.7566,37.02327],[-111.75995,37.02422],[-111.76334,37.02513],[-111.76472,37.02556],[-111.76656,37.02612],[-111.76947,37.02692],[-111.77147,37.02748],[-111.77345,37.02805],[-111.77568,37.02867],[-111.77796,37.0293],[-111.7801,37.02994],[-111.78272,37.03066],[-111.7853,37.03139],[-111.78793,37.03213],[-111.78974,37.03263],[-111.79136,37.03308],[-111.79314,37.03358],[-111.79507,37.03413],[-111.79717,37.03472],[-111.80116,37.03583],[-111.80511,37.03694],[-111.80735,37.03756],[-111.80886,37.038],[-111.81383,37.03942],[-111.81639,37.04014],[-111.81891,37.04085],[-111.82083,37.04138],[-111.82311,37.04203],[-111.82569,37.04275],[-111.8273,37.0432],[-111.83043,37.04408],[-111.83223,37.04458],[-111.83386,37.04504],[-111.83586,37.04558],[-111.83804,37.04618],[-111.8403,37.04682],[-111.84354,37.04773],[-111.84552,37.04828],[-111.84773,37.0489],[-111.85066,37.04973],[-111.85469,37.05086],[-111.85908,37.05209],[-111.86391,37.05347],[-111.866,37.05407],[-111.87003,37.05516],[-111.87195,37.05571],[-111.87319,37.05605],[-111.87768,37.05731],[-111.87932,37.05777],[-111.88193,37.0585],[-111.88416,37.05913],[-111.88607,37.05966],[-111.88855,37.06036],[-111.89348,37.06173],[-111.89643,37.06257],[-111.89914,37.06335],[-111.90103,37.06387],[-111.90351,37.06456],[-111.90639,37.06536],[-111.90818,37.06588],[-111.91049,37.06652],[-111.91278,37.06714],[-111.91465,37.06767],[-111.91635,37.06814],[-111.91829,37.06869],[-111.92113,37.06948],[-111.923,37.07],[-111.92528,37.07064],[-111.92752,37.07127],[-111.92989,37.07194],[-111.93212,37.07258],[-111.9346,37.07325],[-111.93823,37.07427],[-111.94104,37.07507],[-111.94579,37.0764],[-111.94939,37.0774],[-111.95356,37.07857],[-111.95654,37.07939],[-111.95851,37.07994],[-111.96303,37.0812],[-111.96659,37.08221],[-111.97052,37.0833],[-111.97486,37.08451],[-111.97626,37.0849],[-111.97808,37.0854],[-111.97966,37.08584],[-111.98159,37.08639],[-111.98344,37.08691],[-111.98745,37.08805],[-111.98974,37.09],[-111.9914,37.09141],[-111.99297,37.09272],[-111.99458,37.09474],[-111.99533,37.09566],[-111.99662,37.09729],[-111.9993,37.10058],[-112.00008,37.10151],[-112.00182,37.10382],[-112.00258,37.10487],[-112.00392,37.10636],[-112.00581,37.10871],[-112.00781,37.1095],[-112.00956,37.11017],[-112.01158,37.11098],[-112.01309,37.11158],[-112.01463,37.11219],[-112.01614,37.11278],[-112.01758,37.11334],[-112.01997,37.11428],[-112.02144,37.11486],[-112.02351,37.11568],[-112.02544,37.11644],[-112.02755,37.11727],[-112.02922,37.11792],[-112.0311,37.11867],[-112.03276,37.11932],[-112.03474,37.12009],[-112.03636,37.12074],[-112.03826,37.12148],[-112.04012,37.12222],[-112.04174,37.12285],[-112.04317,37.12341],[-112.04502,37.12415],[-112.0466,37.12477],[-112.04844,37.12549],[-112.05012,37.12614],[-112.05099,37.12714],[-112.05207,37.12836],[-112.05315,37.12959],[-112.05405,37.13061],[-112.05516,37.13186],[-112.056,37.13281],[-112.05734,37.13434],[-112.05862,37.13578],[-112.05974,37.13705],[-112.06105,37.13853],[-112.0622,37.13983],[-112.06337,37.14115],[-112.0647,37.14267],[-112.06494,37.14294],[-112.06505,37.14298]]}},{"type":"Feature","properties":{"id":"300539","type":"AC; OVERHEAD","status":"IN SERVICE","owner":null,"voltage":138,"voltClass":"100-161"},"geometry":{"type":"LineString","coordinates":[[-111.47628,36.90353],[-111.4857,36.90771],[-111.48772,36.91063],[-111.48895,36.91248],[-111.48896,36.91584],[-111.489,36.92196],[-111.48723,36.9289],[-111.48626,36.93187]]}},{"type":"Feature","properties":{"id":"301086","type":"AC; OVERHEAD","status":"IN SERVICE","owner":null,"voltage":345,"voltClass":"345"},"geometry":{"type":"LineString","coordinates":[[-114.90397,36.42562],[-114.9045,36.42384],[-114.89623,36.41596],[-114.88673,36.40685],[-114.88404,36.40492],[-114.87829,36.4157],[-114.87101,36.42939],[-114.86283,36.44479],[-114.85303,36.46322],[-114.8454,36.47763],[-114.83809,36.49122],[-114.83001,36.50677],[-114.81552,36.51868],[-114.80132,36.53018],[-114.7827,36.54541],[-114.75247,36.56887],[-114.73477,36.58233],[-114.71514,36.59765],[-114.69832,36.61071],[-114.68818,36.61858],[-114.66725,36.63481],[-114.6652,36.63583],[-114.66169,36.637],[-114.65753,36.63844],[-114.65419,36.63945],[-114.64383,36.64309],[-114.63605,36.64594],[-114.62402,36.65803],[-114.60944,36.67174],[-114.6064,36.67497],[-114.5835,36.67803],[-114.56591,36.68018],[-114.55965,36.68073],[-114.54967,36.68193],[-114.54813,36.68212],[-114.54459,36.68276],[-114.53673,36.68739],[-114.52175,36.69615],[-114.51004,36.70338],[-114.49862,36.71089],[-114.47081,36.72882],[-114.44274,36.74719],[-114.42771,36.75934],[-114.39611,36.78714],[-114.35865,36.82001],[-114.332,36.84307],[-114.28943,36.87958],[-114.26865,36.8977],[-114.20932,36.94785],[-114.2083,36.94866],[-114.20644,36.94828],[-114.20433,36.95],[-114.2025,36.9517],[-114.05298,37.07814],[-114.03483,37.08766],[-114.01286,37.10053],[-113.95618,37.18426],[-113.93864,37.23423],[-113.85683,37.2864],[-113.8057,37.30029],[-113.80229,37.30365],[-113.7794,37.32684],[-113.7679,37.33839],[-113.75639,37.35013],[-113.74887,37.35769],[-113.73972,37.36693],[-113.7303,37.37639],[-113.72115,37.38566],[-113.71474,37.39222],[-113.70898,37.39308],[-113.68749,37.39634],[-113.67163,37.40445],[-113.66727,37.40673],[-113.65516,37.41293],[-113.64954,37.4119],[-113.64605,37.41186],[-113.64605,37.41245],[-113.64521,37.41301]]}},{"type":"Feature","properties":{"id":"303234","type":"AC; OVERHEAD","status":"IN SERVICE","owner":null,"voltage":230,"voltClass":"220-287"},"geometry":{"type":"LineString","coordinates":[[-111.39465,36.90256],[-111.3953,36.9045],[-111.39692,36.90422],[-111.39926,36.90279],[-111.4,36.90214],[-111.40044,36.90011],[-111.40144,36.89659],[-111.44055,36.90324],[-111.45932,36.90324],[-111.47698,36.90324],[-111.4859,36.90728],[-111.48859,36.91059],[-111.4901,36.9122],[-111.49016,36.92123],[-111.49016,36.92331],[-111.48942,36.92836],[-111.48626,36.93187]]}},{"type":"Feature","properties":{"id":"303002","type":"AC; OVERHEAD","status":"IN SERVICE","owner":null,"voltage":500,"voltClass":"500"},"geometry":{"type":"LineString","coordinates":[[-111.39465,36.90256],[-111.39736,36.90342],[-111.39852,36.90212],[-111.39993,36.90038],[-111.40134,36.89606],[-111.4284,36.90079],[-111.44063,36.9029],[-111.4773,36.9029],[-111.48636,36.90704],[-111.48814,36.90951],[-111.49228,36.91168],[-111.49574,36.91266],[-111.49752,36.91459],[-111.50195,36.91915],[-111.50739,36.92503],[-111.51642,36.92939],[-111.53375,36.93816],[-111.56037,36.9513],[-111.60556,36.97347],[-111.62932,36.98507],[-111.64703,36.99008],[-111.68261,37.00089],[-111.87024,37.05885],[-112.00111,37.11239],[-112.09629,37.04696],[-112.13505,37.01829],[-112.22945,36.98047],[-112.30466,36.95075],[-112.30994,36.9497],[-112.40828,36.93072],[-112.41183,36.9282],[-112.49689,36.8585],[-112.50244,36.85517],[-112.59275,36.8185],[-112.67641,36.80225],[-112.69703,36.80222],[-112.80922,36.80242],[-112.88983,36.82019],[-113.00153,36.84531],[-113.08189,36.86228],[-113.11134,36.86628],[-113.18494,36.87628],[-113.23889,36.88364],[-113.32997,36.91706],[-113.34844,36.9238],[-113.35284,36.92731],[-113.36281,36.93145],[-113.41847,36.93106],[-113.44141,36.9514],[-113.48,36.95815],[-113.49054,36.95997],[-113.49845,36.9587],[-113.5171,36.95199],[-113.55243,36.93916],[-113.55716,36.93743],[-113.57637,36.94194],[-113.58126,36.9433],[-113.59939,36.94544],[-113.61937,36.94785],[-113.62717,36.95237],[-113.64809,36.96432],[-113.64928,36.96655],[-113.65983,36.9857],[-113.66927,37.00305],[-113.6747,37.01295],[-113.67752,37.01822],[-113.69485,37.02532],[-113.71291,37.03265],[-113.72115,37.03617],[-113.74481,37.04561],[-113.76002,37.05179],[-113.76726,37.05182],[-113.78438,37.05171],[-113.78616,37.04918],[-113.80744,37.02268],[-113.81809,37.01256],[-113.82341,37.01063],[-113.83665,37.00589],[-113.852,37.00658],[-113.87095,37.00653],[-113.87279,37.00421],[-113.88025,36.99455],[-113.89622,36.99259],[-113.93983,36.98718],[-113.9665,36.98395],[-113.97264,36.98319],[-113.98532,36.98019],[-113.99451,36.9769],[-114.02631,36.96239],[-114.05314,36.94939],[-114.06097,36.94583],[-114.126,36.94639],[-114.20933,36.94743],[-114.26823,36.89751],[-114.28625,36.88142],[-114.38914,36.79244],[-114.43821,36.74924],[-114.47494,36.72595],[-114.51331,36.70077],[-114.54479,36.6821],[-114.58847,36.67682],[-114.60617,36.6746],[-114.61064,36.66943],[-114.62016,36.66029],[-114.6353,36.64583],[-114.64543,36.64165],[-114.65742,36.63813],[-114.66489,36.63549],[-114.6682,36.63295],[-114.68278,36.62084],[-114.7005,36.60708],[-114.72317,36.5895],[-114.74492,36.57217],[-114.76578,36.55556],[-114.7855,36.53991],[-114.80554,36.52363],[-114.82121,36.51132],[-114.82166,36.50775],[-114.82403,36.48925],[-114.82372,36.48262],[-114.82627,36.48242],[-114.83035,36.48251]]}},{"type":"Feature","properties":{"id":"302194","type":"AC; OVERHEAD","status":"IN SERVICE","owner":"NAVAJO TRIBAL UTILITY AUTHORITY","voltage":230,"voltClass":"220-287"},"geometry":{"type":"LineString","coordinates":[[-110.2361,36.7822],[-110.23737,36.78246],[-110.24123,36.77953],[-110.24426,36.77752],[-110.26185,36.76581],[-110.27568,36.75659],[-110.29175,36.74589],[-110.30438,36.73747],[-110.32252,36.72626],[-110.331,36.72017],[-110.33911,36.71365],[-110.34563,36.70843],[-110.35231,36.70312],[-110.35675,36.69953],[-110.36586,36.69262],[-110.36757,36.69049],[-110.39193,36.67638],[-110.41625,36.66169],[-110.42719,36.65046],[-110.43502,36.64257],[-110.45279,36.62831],[-110.45678,36.62547],[-110.46755,36.62077],[-110.48574,36.61335],[-110.49699,36.60872],[-110.50061,36.60824],[-110.51238,36.60677],[-110.51334,36.6066],[-110.51389,36.60576]]}},{"type":"Feature","properties":{"id":"302246","type":"AC; OVERHEAD","status":"IN SERVICE","owner":null,"voltage":345,"voltClass":"345"},"geometry":{"type":"LineString","coordinates":[[-108.48522,36.68716],[-108.4879,36.68566],[-108.489,36.68292],[-108.50836,36.65997],[-108.52236,36.64354],[-108.53351,36.63045],[-108.56659,36.59161],[-108.5914,36.56254],[-108.6,36.55251],[-108.6227,36.52587],[-108.90919,36.17584],[-109.04672,36.07903],[-109.10537,36.02844],[-109.1692,35.97236],[-109.18112,35.96195],[-109.19578,35.94855],[-109.23258,35.91597],[-109.24511,35.9055],[-109.29679,35.86002],[-109.36022,35.80419],[-109.42133,35.74997],[-109.42411,35.7475],[-109.44911,35.72533],[-109.48554,35.69342],[-109.50911,35.67255],[-109.54226,35.64323],[-109.63868,35.55762],[-109.79502,35.41841],[-109.88477,35.33827],[-109.94368,35.28549],[-110.00315,35.232],[-110.06264,35.17854],[-110.12703,35.12057],[-110.18857,35.06504],[-110.19623,35.05812],[-110.20402,35.04956],[-110.23669,35.01089],[-110.28378,34.95474],[-110.29047,34.94676]]}},{"type":"Feature","properties":{"id":"302392","type":"AC; OVERHEAD","status":"IN SERVICE","owner":"NAVAJO TRIBAL UTILITY AUTHORITY","voltage":500,"voltClass":"500"},"geometry":{"type":"LineString","coordinates":[[-111.4467,35.83268],[-111.44109,35.83314],[-111.43508,35.83453],[-111.43095,35.83561],[-111.42631,35.83703],[-111.40924,35.86088],[-111.39482,35.87996],[-111.38773,35.93121],[-111.38395,35.95844],[-111.40449,35.99516],[-111.42643,36.0334],[-111.42943,36.05823],[-111.43852,36.12701],[-111.44789,36.19754],[-111.45562,36.25558],[-111.45708,36.26075],[-111.44414,36.30443],[-111.44087,36.31808],[-111.44024,36.32366],[-111.44013,36.37211],[-111.43991,36.43916],[-111.43978,36.50616],[-111.43939,36.56257],[-111.43795,36.57173],[-111.43264,36.60358],[-111.42653,36.64061],[-111.42009,36.67722],[-111.4165,36.70586],[-111.41603,36.71097],[-111.40978,36.77767],[-111.40378,36.84178],[-111.40331,36.84689],[-111.39884,36.89506],[-111.39907,36.89571],[-111.39883,36.90053],[-111.3981,36.90181],[-111.39465,36.90256]]}},{"type":"Feature","properties":{"id":"305918","type":"AC; OVERHEAD","status":"IN SERVICE","owner":null,"voltage":500,"voltClass":"500"},"geometry":{"type":"LineString","coordinates":[[-111.39465,36.90256],[-111.39767,36.90146],[-111.39854,36.90055],[-111.39865,36.89894],[-111.39878,36.89677],[-111.39844,36.89509],[-111.39823,36.8902],[-111.39789,36.88794],[-111.40175,36.84692],[-111.40825,36.77769],[-111.4145,36.711],[-111.41695,36.68984],[-111.42519,36.64019],[-111.43724,36.56991],[-111.43797,36.56128],[-111.4381,36.50539],[-111.43829,36.43858],[-111.43846,36.37192],[-111.43859,36.3238],[-111.4423,36.30493],[-111.46167,36.24317],[-111.45548,36.1964],[-111.44571,36.12628],[-111.43685,36.05952],[-111.43618,36.05079],[-111.42733,36.03281],[-111.40482,35.99493],[-111.3844,35.95841],[-111.38806,35.93197],[-111.39526,35.8801],[-111.40958,35.86117],[-111.42709,35.83727],[-111.45162,35.80464],[-111.47585,35.79364],[-111.5022,35.78096],[-111.61836,35.7265],[-111.68383,35.69565],[-111.74889,35.66396],[-111.88581,35.61779],[-111.93754,35.60009],[-111.9881,35.58433],[-112.02558,35.55621],[-112.12336,35.48315],[-112.18097,35.43989],[-112.20185,35.42058],[-112.22555,35.39916],[-112.24649,35.37962],[-112.30412,35.32578],[-112.35339,35.27962],[-112.35492,35.22368],[-112.35631,35.1737],[-112.35662,35.13815],[-112.35749,35.11802],[-112.35837,35.09889],[-112.35894,35.07832],[-112.35335,35.06499],[-112.33052,35.0102],[-112.306,34.95211],[-112.2953,34.92633],[-112.28413,34.89888],[-112.26183,34.84535],[-112.23884,34.79093],[-112.22212,34.73666],[-112.21555,34.71594],[-112.21394,34.71231],[-112.207,34.69882],[-112.19448,34.67384],[-112.19881,34.60689],[-112.19881,34.60369],[-112.17717,34.55542],[-112.15308,34.50222],[-112.14878,34.49441],[-112.14156,34.48078],[-112.1345,34.46433],[-112.12603,34.44458],[-112.1105,34.40842],[-112.10823,34.40601]]}},{"type":"Feature","properties":{"id":"309807","type":"AC; OVERHEAD","status":"IN SERVICE","owner":null,"voltage":230,"voltClass":"220-287"},"geometry":{"type":"LineString","coordinates":[[-108.47733,36.79715],[-108.47853,36.7978],[-108.47849,36.8016],[-108.48035,36.80245],[-108.48367,36.80274],[-108.49012,36.80319],[-108.51621,36.80573],[-108.52777,36.80628],[-108.5402,36.80688],[-108.55487,36.80757],[-108.58825,36.80917],[-108.59254,36.80952],[-108.59252,36.80955],[-108.61608,36.81051],[-108.63242,36.81915],[-108.65178,36.83093],[-108.67708,36.84637],[-108.68632,36.85201],[-108.73509,36.88112],[-108.737,36.88202],[-108.76086,36.89741],[-108.7666,36.90067],[-108.77616,36.90689],[-108.79187,36.91238],[-108.79189,36.91226],[-108.80229,36.91604],[-108.81344,36.92009],[-108.81915,36.92206],[-108.81918,36.92205],[-108.82778,36.92502],[-108.82876,36.92549],[-108.84268,36.93041],[-108.84373,36.93065],[-108.84925,36.93269],[-108.85142,36.93335],[-108.86319,36.9376],[-108.87735,36.94264],[-108.87732,36.94274],[-108.89523,36.94892],[-108.912,36.95498],[-108.91943,36.95745],[-108.91943,36.95756],[-108.96065,36.96401],[-108.96066,36.96424],[-109.0089,36.97168],[-109.02643,36.97004],[-109.04717,36.96537],[-109.06585,36.96109],[-109.07716,36.95841],[-109.10927,36.95417],[-109.12016,36.95269],[-109.13066,36.95046],[-109.15717,36.94484],[-109.19077,36.93962],[-109.19872,36.93838],[-109.2029,36.93771],[-109.20687,36.93762],[-109.2463,36.93647],[-109.33852,36.9534],[-109.48657,36.96091],[-109.53119,36.94403],[-109.54439,36.94381],[-109.56899,36.94339],[-109.62298,36.94222],[-109.64981,36.93792],[-109.7374,36.92383],[-109.80833,36.87325],[-109.81159,36.87095],[-109.81429,36.86787],[-109.8243,36.8565],[-109.83551,36.8461],[-109.84418,36.83851],[-109.86613,36.81939],[-109.90766,36.80394],[-109.91446,36.80142],[-109.93193,36.80016],[-109.97678,36.79682],[-110.00889,36.79444],[-110.06154,36.79052],[-110.08656,36.79039],[-110.09674,36.79498],[-110.125,36.79493],[-110.17346,36.79486],[-110.21066,36.7948],[-110.22222,36.79252],[-110.23475,36.78419],[-110.23614,36.78325],[-110.2361,36.7822]]}},{"type":"Feature","properties":{"id":"308464","type":"DC; OVERHEAD","status":"IN SERVICE","owner":"LADWP","voltage":500,"voltClass":"500"},"geometry":{"type":"LineString","coordinates":[[-112.58069,39.50131],[-112.58072,39.4966],[-112.58306,39.49526],[-112.58782,39.49648],[-112.58859,39.49668],[-112.59271,39.49768],[-112.5976,39.49897],[-112.60261,39.50035],[-112.60696,39.50141],[-112.65409,39.50136],[-112.65903,39.50132],[-112.80483,39.50148],[-112.80874,39.50143],[-112.82118,39.49548],[-112.85946,39.47671],[-112.86321,39.47486],[-112.86526,39.47198],[-112.90182,39.41783],[-112.90359,39.41511],[-112.90512,39.41273],[-112.90574,39.22385],[-112.90574,39.21976],[-112.88986,39.1682],[-112.85267,39.06633],[-112.84668,39.0431],[-112.85012,39.02886],[-112.88033,38.90195],[-112.88124,38.89831],[-112.88364,38.89462],[-112.89709,38.87485],[-112.90459,38.84339],[-112.90522,38.83974],[-112.90762,38.83789],[-113.04672,38.69735],[-113.04722,38.43482],[-113.06524,38.41177],[-113.06525,38.4112],[-113.06525,38.39149],[-113.08349,38.34843],[-113.14499,38.28789],[-113.1513,38.28168],[-113.17708,38.22025],[-113.24343,38.16766],[-113.24275,38.0783],[-113.25388,38.06613],[-113.25416,37.94648],[-113.32929,37.88742],[-113.37718,37.84859],[-113.40826,37.82288],[-113.44558,37.80112],[-113.49169,37.76302],[-113.50205,37.73351],[-113.50967,37.71193],[-113.52321,37.69029],[-113.53116,37.6685],[-113.56282,37.65261],[-113.5802,37.6372],[-113.6053,37.59934],[-113.61189,37.57814],[-113.60216,37.54312],[-113.60395,37.53009],[-113.60416,37.52845],[-113.60503,37.52615],[-113.61333,37.50308],[-113.62763,37.46253],[-113.63643,37.45162],[-113.64004,37.43169],[-113.64399,37.42222],[-113.64609,37.41803],[-113.64927,37.41647],[-113.68749,37.39634],[-113.68768,37.39676],[-113.71474,37.39222],[-113.7679,37.33839],[-113.80229,37.30365],[-113.85683,37.2864],[-113.93864,37.23423],[-113.95618,37.18426],[-114.01215,37.10006],[-114.05335,37.07853],[-114.2678,36.89709],[-114.4422,36.74665],[-114.51575,36.69846],[-114.52668,36.69211],[-114.53617,36.68658],[-114.54029,36.68415],[-114.54452,36.68166],[-114.54884,36.68112],[-114.58784,36.67635],[-114.60468,36.67423],[-114.63484,36.64533],[-114.65724,36.63756],[-114.66445,36.63499],[-114.66761,36.63251],[-114.81802,36.51326],[-114.82057,36.51111],[-114.82299,36.49212],[-114.82347,36.48789],[-114.82338,36.48598],[-114.82324,36.48246],[-114.82303,36.47826],[-114.81977,36.41843],[-114.81934,36.41018],[-114.81908,36.40522],[-114.81969,36.40064],[-114.82062,36.39324],[-114.82213,36.38131],[-114.83703,36.34929],[-114.83905,36.34495],[-114.84066,36.34147],[-114.84735,36.33035],[-114.84932,36.32705],[-114.85038,36.32462],[-114.87872,36.26096],[-114.88481,36.24736],[-114.88623,36.24409],[-114.88785,36.24057],[-114.91312,36.19157],[-114.91392,36.18995],[-114.91621,36.18574],[-114.92599,36.16748],[-114.92753,36.16457],[-114.9291,36.16145],[-114.94402,36.15051],[-114.94454,36.14751],[-114.94452,36.14229],[-114.94479,36.12005],[-114.93968,36.10371],[-114.93822,36.05783],[-114.93817,36.05454],[-114.93556,36.05107],[-114.93265,36.04723],[-114.92045,36.031],[-114.91846,36.02836],[-114.91712,36.02135],[-114.91329,35.99128],[-114.9135,35.98882],[-114.92253,35.98357],[-114.93658,35.97539],[-114.94299,35.97349],[-114.95514,35.96972],[-114.95637,35.9691],[-114.96297,35.96225],[-114.99004,35.9484],[-114.99825,35.94131],[-114.99825,35.93474],[-114.99835,35.92306],[-114.99848,35.89027],[-115.00213,35.85467],[-115.00548,35.83159],[-115.01277,35.82441],[-115.01589,35.82139],[-115.02215,35.81525],[-115.02526,35.81226],[-115.02836,35.80921],[-115.03112,35.80652],[-115.03443,35.80423],[-115.03802,35.80176],[-115.09648,35.76192],[-115.10026,35.75935],[-115.10529,35.75902],[-115.13814,35.75663],[-115.14458,35.75426],[-115.14852,35.75295],[-115.15563,35.75551],[-115.16029,35.75733],[-115.16378,35.75826],[-115.17209,35.76176],[-115.17704,35.76117],[-115.19069,35.75952],[-115.20258,35.755],[-115.24784,35.73146],[-115.25588,35.72724],[-115.28233,35.71376],[-115.31423,35.70067],[-115.35303,35.65657],[-115.35518,35.6541],[-115.35733,35.65169],[-115.37903,35.62699],[-115.38145,35.6242],[-115.38515,35.62407],[-115.39107,35.62384],[-115.39524,35.61979],[-115.4043,35.6167],[-115.40878,35.61517],[-115.41766,35.61211],[-115.4527,35.59707],[-115.53689,35.59121],[-115.61782,35.59065],[-115.716,35.55295],[-115.89766,35.50408],[-115.92962,35.4806],[-115.92553,35.47297],[-115.96205,35.46404],[-116.13508,35.3849],[-116.20236,35.34732],[-116.28525,35.27723],[-116.35219,35.25316],[-116.43594,35.16584],[-116.47206,35.12636],[-116.52844,35.07466],[-116.59556,35.02945],[-116.68441,34.97053],[-116.76042,34.91854],[-116.77709,34.88875],[-116.82482,34.85677],[-116.86385,34.837],[-116.89793,34.82053],[-116.8945,34.81554],[-116.94235,34.80455],[-116.9761,34.77772],[-117.04324,34.73032],[-117.1373,34.70518],[-117.21125,34.65795],[-117.27336,34.6025],[-117.33014,34.58203],[-117.34349,34.57665],[-117.34665,34.56518],[-117.34738,34.56252],[-117.35043,34.56226],[-117.36975,34.56054],[-117.37469,34.56014],[-117.39597,34.55838],[-117.4073,34.55751],[-117.41195,34.55711],[-117.42348,34.55623],[-117.43076,34.55562],[-117.43082,34.55363],[-117.43236,34.55075],[-117.43779,34.5514]]}},{"type":"Feature","properties":{"id":"309098","type":"AC; OVERHEAD","status":"IN SERVICE","owner":"NAVAJO TRIBAL UTILITY AUTHORITY","voltage":500,"voltClass":"500"},"geometry":{"type":"LineString","coordinates":[[-108.48522,36.68716],[-108.48563,36.6843],[-108.509,36.65786],[-108.55556,36.65539],[-108.82636,36.5848],[-109.01244,36.53601],[-109.05084,36.52578],[-109.11433,36.50906],[-109.15208,36.47121],[-109.18021,36.45664],[-109.19195,36.45054],[-109.2188,36.44781],[-109.31958,36.39825],[-109.35064,36.38342],[-109.38553,36.36595],[-109.45861,36.32431],[-109.59485,36.24741],[-109.72934,36.17085],[-109.80787,36.12591],[-109.81688,36.12312],[-109.83228,36.11833],[-109.8735,36.10561],[-110.07175,36.0435],[-110.15315,36.04362],[-110.29386,36.04338],[-110.44109,36.04339],[-110.57059,36.04261],[-110.5764,36.04111],[-110.71653,36.00514],[-110.86122,35.96773],[-110.90795,35.95617],[-111.00608,35.93308],[-111.14793,35.89917],[-111.29739,35.86661],[-111.42621,35.83656],[-111.43464,35.83425],[-111.44093,35.83275],[-111.4467,35.83268]]}},{"type":"Feature","properties":{"id":"313215","type":"AC; OVERHEAD","status":"IN SERVICE","owner":null,"voltage":345,"voltClass":"345"},"geometry":{"type":"LineString","coordinates":[[-111.48626,36.93187],[-111.49025,36.92994],[-111.49328,36.92778],[-111.49537,36.92575],[-111.49706,36.92281],[-111.49705,36.91911],[-111.49634,36.91497],[-111.49728,36.91224],[-111.497,36.90131],[-111.49572,36.85916],[-111.49525,36.84336],[-111.49352,36.77866],[-111.49222,36.71126],[-111.49091,36.63833],[-111.49,36.58319],[-111.48741,36.56815],[-111.47847,36.50736],[-111.46809,36.44028],[-111.45744,36.37175],[-111.44872,36.31206],[-111.44936,36.30786],[-111.4605,36.28992],[-111.46628,36.26172],[-111.46511,36.24758],[-111.45847,36.19753],[-111.44894,36.12561],[-111.44317,36.08183],[-111.4428,36.07675],[-111.44481,36.05714],[-111.44689,36.036],[-111.44711,36.02436],[-111.44668,35.99611],[-111.44591,35.9484],[-111.44627,35.92933],[-111.44781,35.9098],[-111.45014,35.90353],[-111.45336,35.89549],[-111.45409,35.88856],[-111.45331,35.8675],[-111.45186,35.83169],[-111.45184,35.82875],[-111.46794,35.80097],[-111.487,35.76747],[-111.49564,35.75053],[-111.51308,35.71222],[-111.51583,35.706],[-111.53389,35.64397],[-111.5497,35.58942],[-111.55522,35.57017],[-111.54217,35.54142],[-111.53864,35.53597],[-111.50428,35.48294],[-111.46805,35.4269],[-111.46008,35.41469],[-111.44659,35.37436],[-111.42814,35.31977],[-111.40947,35.26436],[-111.39317,35.21583],[-111.39391,35.18389],[-111.39403,35.18245]]}},{"type":"Feature","properties":{"id":"311685","type":"AC; OVERHEAD","status":"IN SERVICE","owner":"NAVAJO TRIBAL UTILITY AUTHORITY","voltage":230,"voltClass":"220-287"},"geometry":{"type":"LineString","coordinates":[[-110.51389,36.60576],[-110.51419,36.60648],[-110.51649,36.60621],[-110.52081,36.60562],[-110.5856,36.60535],[-110.63203,36.60503],[-110.63747,36.60614],[-110.67836,36.6058],[-110.77233,36.60506],[-110.83275,36.60453],[-110.86084,36.60861],[-110.93317,36.61883],[-110.94961,36.62747],[-111.03997,36.67534],[-111.07368,36.6931],[-111.1012,36.70611],[-111.11917,36.71439],[-111.12489,36.71475],[-111.1354,36.71975],[-111.20954,36.75625],[-111.21813,36.75742],[-111.27799,36.78318],[-111.30033,36.79883],[-111.31705,36.82411],[-111.32737,36.8401],[-111.33697,36.85497],[-111.34621,36.86925],[-111.34964,36.87497],[-111.36233,36.88345],[-111.37186,36.88983],[-111.37489,36.89148],[-111.38659,36.8935],[-111.39517,36.89506],[-111.39782,36.89852],[-111.39794,36.9],[-111.39465,36.90256]]}},{"type":"Feature","properties":{"id":"312267","type":"AC; OVERHEAD","status":"IN SERVICE","owner":null,"voltage":345,"voltClass":"345"},"geometry":{"type":"LineString","coordinates":[[-108.48522,36.68716],[-108.4881,36.68592],[-108.48941,36.6831],[-108.50247,36.66747],[-108.534,36.63044],[-108.56725,36.59142],[-108.59285,36.56142],[-108.89967,36.20439],[-109.04788,36.07845],[-109.10512,36.0291],[-109.17052,35.9717],[-109.17992,35.96397],[-109.21338,35.93394],[-109.23422,35.91592],[-109.29769,35.85978],[-109.35942,35.80559],[-109.42286,35.74932],[-109.44878,35.72639],[-109.45186,35.7237],[-109.5008,35.6947],[-109.56769,35.65493],[-109.62608,35.62016],[-109.68478,35.58517],[-109.73114,35.5574],[-109.73116,35.54992],[-109.75431,35.52431],[-109.76245,35.51489],[-109.77056,35.50473],[-109.80956,35.45564],[-109.84029,35.41698],[-109.85598,35.39711],[-109.85877,35.39356],[-109.90079,35.34042],[-109.92593,35.30859],[-109.94148,35.28886],[-109.94412,35.28542],[-110.00454,35.23125],[-110.06566,35.1763],[-110.12735,35.12076],[-110.18858,35.06552],[-110.19641,35.05843],[-110.20448,35.04957],[-110.23758,35.01041],[-110.28386,34.95521],[-110.29075,34.94698]]}},{"type":"Feature","properties":{"id":"312359","type":"AC; OVERHEAD","status":"IN SERVICE","owner":null,"voltage":345,"voltClass":"345"},"geometry":{"type":"LineString","coordinates":[[-111.48626,36.93187],[-111.49006,36.92915],[-111.49425,36.92578],[-111.49581,36.92296],[-111.4957,36.89973],[-111.49493,36.8606],[-111.4946,36.84412],[-111.49305,36.77844],[-111.49184,36.71012],[-111.49034,36.6381],[-111.48948,36.5832],[-111.48684,36.56793],[-111.47809,36.50792],[-111.4676,36.44039],[-111.45693,36.37176],[-111.44896,36.31943],[-111.44817,36.31386],[-111.44781,36.30758],[-111.46447,36.26192],[-111.46512,36.25945],[-111.46408,36.2477],[-111.45725,36.19636],[-111.448,36.12694],[-111.44358,36.09372],[-111.44167,36.07667],[-111.44366,36.05695],[-111.44569,36.03583],[-111.44639,36.02741],[-111.44569,35.99655],[-111.44513,35.92934],[-111.44492,35.89789],[-111.45208,35.88847],[-111.45175,35.86686],[-111.45132,35.83155],[-111.45128,35.82868],[-111.46767,35.80033],[-111.48623,35.76759],[-111.49622,35.74784],[-111.51272,35.71135],[-111.5152,35.70583],[-111.53304,35.64445],[-111.54924,35.58883],[-111.55461,35.57017],[-111.54167,35.54158],[-111.53667,35.53387],[-111.50315,35.48216],[-111.46653,35.4255],[-111.45972,35.41494],[-111.44609,35.37462],[-111.42767,35.31997],[-111.40915,35.26501],[-111.39269,35.21603],[-111.39339,35.18378],[-111.39403,35.18245]]}},{"type":"Feature","properties":{"id":"313498","type":"AC; OVERHEAD","status":"IN SERVICE","owner":null,"voltage":110,"voltClass":"100-161"},"geometry":{"type":"LineString","coordinates":[[-114.93835,35.46342],[-114.88171,35.38836],[-114.79362,35.20628],[-114.77207,35.14725],[-114.75868,35.12671],[-114.71282,35.07483],[-114.68828,35.03862]]}},{"type":"Feature","properties":{"id":"313499","type":"AC; OVERHEAD","status":"IN SERVICE","owner":null,"voltage":110,"voltClass":"100-161"},"geometry":{"type":"LineString","coordinates":[[-114.67745,35.03279],[-114.66299,35.05144],[-114.66037,35.09433],[-114.67602,35.11038]]}},{"type":"Feature","properties":{"id":"313500","type":"AC; OVERHEAD","status":"IN SERVICE","owner":null,"voltage":110,"voltClass":"100-161"},"geometry":{"type":"LineString","coordinates":[[-114.61718,35.10739],[-114.6174,35.10739],[-114.6174,35.10787],[-114.60092,35.10779],[-114.59832,35.10704],[-114.59829,35.10095],[-114.59781,35.10074],[-114.59786,35.09886],[-114.56189,35.09887],[-114.56143,35.09656]]}},{"type":"Feature","properties":{"id":"313501","type":"AC; OVERHEAD","status":"IN SERVICE","owner":null,"voltage":110,"voltClass":"100-161"},"geometry":{"type":"LineString","coordinates":[[-114.62513,34.85647],[-114.63014,34.86322],[-114.63053,34.86359],[-114.63142,34.86462],[-114.63218,34.86545],[-114.63272,34.86598],[-114.63315,34.86597],[-114.64319,34.8766],[-114.64371,34.87715],[-114.644,34.87755],[-114.64423,34.878],[-114.64577,34.88661],[-114.64582,34.88729],[-114.64559,34.88995],[-114.67471,34.96152],[-114.66676,35.00684],[-114.68828,35.03862]]}},{"type":"Feature","properties":{"id":"301517","type":"AC; OVERHEAD","status":"IN SERVICE","owner":"SALT RIVER PROJECT","voltage":115,"voltClass":"100-161"},"geometry":{"type":"LineString","coordinates":[[-111.50953,33.45275],[-111.51331,33.45605],[-111.53154,33.46845],[-111.55176,33.48124],[-111.565,33.50728],[-111.57463,33.52424],[-111.54933,33.55554],[-111.54171,33.558],[-111.53841,33.56219],[-111.53643,33.56597]]}},{"type":"Feature","properties":{"id":"313333","type":"AC; OVERHEAD","status":"IN SERVICE","owner":null,"voltage":230,"voltClass":"220-287"},"geometry":{"type":"LineString","coordinates":[[-114.20441,35.31897],[-114.20381,35.31829],[-114.20055,35.32778],[-114.17309,35.35516]]}},{"type":"Feature","properties":{"id":"313338","type":"AC; OVERHEAD","status":"IN SERVICE","owner":null,"voltage":230,"voltClass":"220-287"},"geometry":{"type":"LineString","coordinates":[[-114.08625,35.13834],[-114.08668,35.14399]]}},{"type":"Feature","properties":{"id":"313339","type":"AC; OVERHEAD","status":"IN SERVICE","owner":null,"voltage":230,"voltClass":"220-287"},"geometry":{"type":"LineString","coordinates":[[-114.08495,35.20142],[-114.08341,35.20572],[-114.08116,35.21246],[-114.07701,35.21428],[-114.06699,35.21866],[-114.05359,35.21822]]}},{"type":"Feature","properties":{"id":"313340","type":"AC; OVERHEAD","status":"IN SERVICE","owner":null,"voltage":138,"voltClass":"100-161"},"geometry":{"type":"LineString","coordinates":[[-114.10756,35.19991],[-114.09576,35.20577]]}},{"type":"Feature","properties":{"id":"313341","type":"AC; OVERHEAD","status":"IN SERVICE","owner":null,"voltage":230,"voltClass":"220-287"},"geometry":{"type":"LineString","coordinates":[[-114.08668,35.14399],[-114.07439,35.14271],[-114.07515,35.15867],[-114.06494,35.16203],[-114.07246,35.19297],[-114.08495,35.20142]]}},{"type":"Feature","properties":{"id":"313342","type":"AC; OVERHEAD","status":"IN SERVICE","owner":null,"voltage":138,"voltClass":"100-161"},"geometry":{"type":"LineString","coordinates":[[-114.23627,35.2233],[-114.18026,35.22055],[-114.18009,35.22108],[-114.17994,35.22052],[-114.14161,35.21876],[-114.13167,35.21987]]}},{"type":"Feature","properties":{"id":"313343","type":"AC; OVERHEAD","status":"IN SERVICE","owner":null,"voltage":230,"voltClass":"220-287"},"geometry":{"type":"LineString","coordinates":[[-114.08625,35.13834],[-114.072,35.13575],[-114.07515,35.15867]]}},{"type":"Feature","properties":{"id":"313344","type":"AC; OVERHEAD","status":"IN SERVICE","owner":null,"voltage":138,"voltClass":"100-161"},"geometry":{"type":"LineString","coordinates":[[-114.10151,35.20778],[-114.09576,35.20577],[-114.09098,35.20421],[-114.08848,35.20697],[-114.08341,35.20572]]}},{"type":"Feature","properties":{"id":"304951","type":"AC; OVERHEAD","status":"IN SERVICE","owner":"ARIZONA PUBLIC SERVICE COMPANY","voltage":230,"voltClass":"220-287"},"geometry":{"type":"LineString","coordinates":[[-112.69289,32.97587],[-112.68959,32.97478],[-112.75334,32.97014],[-112.75237,32.94255],[-112.75379,32.94179],[-112.75907,32.94169],[-112.75933,32.94039]]}},{"type":"Feature","properties":{"id":"313356","type":"AC; OVERHEAD","status":null,"owner":"AIC","voltage":230,"voltClass":"220-287"},"geometry":{"type":"LineString","coordinates":[[-112.83023,32.36944],[-112.83014,32.36971],[-112.83015,32.37038],[-112.83014,32.37107],[-112.81903,32.37371],[-112.81524,32.37461],[-112.81274,32.37519],[-112.81275,32.38242],[-112.81275,32.39585],[-112.81276,32.41823],[-112.81961,32.41823],[-112.84187,32.41821],[-112.86307,32.41819],[-112.86874,32.41818],[-112.86946,32.41819],[-112.86946,32.4218],[-112.86946,32.42544],[-112.8711,32.42545],[-112.87104,32.42805],[-112.87073,32.44161],[-112.87079,32.44747],[-112.87085,32.4485],[-112.87099,32.45015],[-112.87117,32.45187],[-112.8714,32.45359],[-112.87167,32.45531],[-112.87197,32.457],[-112.87275,32.46042],[-112.87412,32.4653],[-112.87508,32.46857],[-112.87551,32.47007],[-112.87691,32.47487],[-112.87831,32.47965],[-112.87924,32.48283],[-112.88013,32.4859],[-112.88042,32.48753],[-112.88071,32.48916],[-112.88098,32.49078],[-112.88126,32.49238],[-112.88152,32.4938],[-112.8815,32.49546],[-112.88137,32.49686],[-112.88103,32.49969],[-112.88081,32.5013],[-112.88058,32.50294],[-112.88042,32.50404],[-112.88038,32.505],[-112.88034,32.50659],[-112.8802,32.51154],[-112.87995,32.51977],[-112.8799,32.52144],[-112.8798,32.52474],[-112.87976,32.52639],[-112.8796,32.53117],[-112.87954,32.53353],[-112.87934,32.53514],[-112.87892,32.53879],[-112.87855,32.54212],[-112.87682,32.5446],[-112.87601,32.54568],[-112.87565,32.54909],[-112.87791,32.553],[-112.87942,32.55559],[-112.88012,32.5568],[-112.87876,32.56108],[-112.87727,32.56578],[-112.8769,32.56741],[-112.87631,32.57043],[-112.87541,32.57544],[-112.87423,32.58209],[-112.8739,32.58378],[-112.87332,32.58714],[-112.87226,32.5931],[-112.85827,32.67142],[-112.85767,32.6748],[-112.85671,32.68016],[-112.85577,32.68542],[-112.85554,32.68672],[-112.85482,32.68831],[-112.85326,32.69178],[-112.84964,32.69994],[-112.84601,32.70812],[-112.84319,32.71445],[-112.84107,32.71919],[-112.8375,32.72725],[-112.83532,32.73212],[-112.83242,32.73863],[-112.82977,32.74496],[-112.82836,32.74813],[-112.82554,32.75446],[-112.8242,32.75713],[-112.82161,32.76179],[-112.81986,32.76492],[-112.81467,32.77425],[-112.81208,32.77891],[-112.80927,32.78396],[-112.80559,32.79055],[-112.79933,32.80178],[-112.79406,32.81124],[-112.79148,32.81586],[-112.78868,32.82087],[-112.78509,32.82731],[-112.7817,32.8334],[-112.77938,32.83752],[-112.77666,32.84228],[-112.77392,32.84706],[-112.77026,32.85345],[-112.76481,32.86301],[-112.76298,32.86631],[-112.75913,32.87316],[-112.75911,32.8817],[-112.75878,32.9273],[-112.75882,32.9398],[-112.75933,32.94039]]}},{"type":"Feature","properties":{"id":"311161","type":null,"status":"IN SERVICE","owner":"TOHONO O'ODHAM UTILITY AUTHORITY","voltage":230,"voltClass":"220-287"},"geometry":{"type":"LineString","coordinates":[[-111.79477,32.62528],[-111.79579,32.62463],[-111.80136,32.61764],[-111.81685,32.59844],[-111.83194,32.57965],[-111.8612,32.54316],[-111.8756,32.5253],[-111.88479,32.51703]]}},{"type":"Feature","properties":{"id":"300369","type":"AC; OVERHEAD","status":"IN SERVICE","owner":"TRICO ELECTRIC COOPERATIVE","voltage":115,"voltClass":"100-161"},"geometry":{"type":"LineString","coordinates":[[-111.24041,32.24924],[-111.30449,32.25239],[-111.30336,32.10181],[-111.28611,32.10223],[-111.28597,32.09534],[-111.28565,32.09452]]}},{"type":"Feature","properties":{"id":"302347","type":"AC; OVERHEAD","status":"IN SERVICE","owner":null,"voltage":161,"voltClass":"100-161"},"geometry":{"type":"LineString","coordinates":[[-113.88461,32.78124],[-113.90194,32.78113],[-113.90205,32.76796],[-113.90634,32.76659],[-113.93318,32.76644],[-113.9816,32.76616],[-113.98797,32.76614],[-113.98784,32.75348],[-113.99077,32.75151],[-114.02262,32.75127],[-114.02239,32.70798],[-114.07147,32.7077],[-114.07377,32.70769],[-114.07368,32.69296],[-114.14393,32.69254],[-114.18541,32.69247],[-114.19388,32.68582],[-114.19401,32.67813],[-114.21625,32.67816],[-114.24909,32.67823],[-114.25105,32.67823],[-114.26188,32.67822],[-114.2619,32.66739],[-114.26326,32.66739],[-114.26467,32.66736],[-114.26492,32.6665]]}},{"type":"Feature","properties":{"id":"313359","type":"AC; OVERHEAD","status":null,"owner":null,"voltage":230,"voltClass":"220-287"},"geometry":{"type":"LineString","coordinates":[[-115.00854,35.79732],[-115.00533,35.79954],[-115.00374,35.80282],[-115.00187,35.80924],[-115.001,35.81301],[-115.00229,35.81322],[-114.99795,35.84252],[-114.96308,35.87642],[-114.94494,35.8942],[-114.92509,35.91349],[-114.89947,35.93842],[-114.89894,35.939],[-114.89308,35.9447],[-114.89009,35.9476],[-114.88439,35.95323],[-114.85265,35.98409],[-114.81626,36.00928],[-114.77343,36.02012],[-114.74618,36.01904],[-114.74302,36.01836]]}},{"type":"Feature","properties":{"id":"313363","type":"AC; OVERHEAD","status":null,"owner":null,"voltage":230,"voltClass":"220-287"},"geometry":{"type":"LineString","coordinates":[[-114.74361,36.02025],[-114.77252,36.02095],[-114.81813,36.01841],[-114.85479,36.01631],[-114.86128,36.01329],[-114.9186,36.02665],[-114.91946,36.02559]]}},{"type":"Feature","properties":{"id":"313364","type":"AC; OVERHEAD","status":null,"owner":null,"voltage":230,"voltClass":"220-287"},"geometry":{"type":"LineString","coordinates":[[-115.00854,35.79732],[-115.00736,35.80059],[-114.99941,35.80076],[-114.9963,35.80491],[-114.98627,35.8509],[-114.98575,35.85401],[-114.88783,35.94729],[-114.85322,35.97937],[-114.85212,35.98315],[-114.81547,36.00856],[-114.77363,36.01963],[-114.74302,36.01836]]}},{"type":"Feature","properties":{"id":"313368","type":"AC; OVERHEAD","status":null,"owner":null,"voltage":230,"voltClass":"220-287"},"geometry":{"type":"LineString","coordinates":[[-114.23627,35.2233],[-114.23618,35.19131],[-114.23554,35.19117],[-114.23619,35.19093],[-114.23618,35.15619],[-114.22805,35.15621],[-114.22804,35.11263],[-114.19267,35.11257],[-114.19297,35.08344],[-114.17528,35.08358],[-114.17554,35.05422],[-114.16674,35.05421],[-114.13958,35.05419],[-114.13959,35.05587],[-114.13371,35.05549]]}},{"type":"Feature","properties":{"id":"302808","type":"AC; OVERHEAD","status":"IN SERVICE","owner":null,"voltage":230,"voltClass":"220-287"},"geometry":{"type":"LineString","coordinates":[[-114.13371,35.05549],[-114.13356,35.05629],[-114.13647,35.05645],[-114.13957,35.05645],[-114.13957,35.06188],[-114.13956,35.07756],[-114.13955,35.09199],[-114.13953,35.09484],[-114.12517,35.10157],[-114.11784,35.10502],[-114.1151,35.10572],[-114.11248,35.10681],[-114.09911,35.11207],[-114.07355,35.12356],[-114.07277,35.12624],[-114.07104,35.13214],[-114.06948,35.13744],[-114.06892,35.13934],[-114.06278,35.14149],[-114.05761,35.14414],[-114.05055,35.14781],[-114.04662,35.14944],[-114.02759,35.15729],[-114.00429,35.16703],[-113.98078,35.17688],[-113.95978,35.18567],[-113.93993,35.19416],[-113.93138,35.19777],[-113.91037,35.20655],[-113.89555,35.21027],[-113.85388,35.2208],[-113.81377,35.23086],[-113.79535,35.23548],[-113.78449,35.23676],[-113.76561,35.23897],[-113.75744,35.24355],[-113.72173,35.25115],[-113.71966,35.25157],[-113.71792,35.25082]]}},{"type":"Feature","properties":{"id":"313702","type":"AC; OVERHEAD","status":"IN SERVICE","owner":null,"voltage":230,"voltClass":"220-287"},"geometry":{"type":"LineString","coordinates":[[-114.59532,35.14747],[-114.59534,35.14889],[-114.59427,35.14878],[-114.59425,35.15354],[-114.58196,35.15367],[-114.58133,35.15371],[-114.58122,35.15834],[-114.58161,35.15816]]}},{"type":"Feature","properties":{"id":"313703","type":"AC; OVERHEAD","status":"IN SERVICE","owner":null,"voltage":130,"voltClass":"100-161"},"geometry":{"type":"LineString","coordinates":[[-114.57813,35.15181],[-114.5782,35.15162],[-114.57835,35.14681]]}},{"type":"Feature","properties":{"id":"313704","type":"AC; OVERHEAD","status":"IN SERVICE","owner":null,"voltage":130,"voltClass":"100-161"},"geometry":{"type":"LineString","coordinates":[[-114.57965,34.88028],[-114.57944,34.88047],[-114.57933,34.88056],[-114.56239,34.88049],[-114.56223,34.88073],[-114.5451,34.88078],[-114.54507,34.8718],[-114.54505,34.87122],[-114.54474,34.87122],[-114.53389,34.87103],[-114.53294,34.86976],[-114.53252,34.86876]]}},{"type":"Feature","properties":{"id":"313705","type":"AC; OVERHEAD","status":"IN SERVICE","owner":null,"voltage":130,"voltClass":"100-161"},"geometry":{"type":"LineString","coordinates":[[-114.67745,35.03279],[-114.67757,35.03303],[-114.67793,35.03264],[-114.67915,35.03291],[-114.68121,35.03342],[-114.68536,35.0343]]}},{"type":"Feature","properties":{"id":"313706","type":"AC; OVERHEAD","status":"IN SERVICE","owner":null,"voltage":130,"voltClass":"100-161"},"geometry":{"type":"LineString","coordinates":[[-114.6344,35.01094],[-114.63782,35.01008],[-114.6474,35.01528],[-114.64797,35.0156],[-114.64789,35.01582],[-114.6536,35.01888],[-114.65618,35.02084],[-114.66049,35.02327],[-114.67743,35.03236],[-114.67711,35.03279],[-114.67745,35.03279]]}},{"type":"Feature","properties":{"id":"313707","type":"AC; OVERHEAD","status":"IN SERVICE","owner":null,"voltage":130,"voltClass":"100-161"},"geometry":{"type":"LineString","coordinates":[[-114.56143,35.09656],[-114.56137,35.09567],[-114.56269,35.09567],[-114.56251,34.95344],[-114.56268,34.9532],[-114.56213,34.86632],[-114.54516,34.86635],[-114.54506,34.8711],[-114.53381,34.87122],[-114.53294,34.86976],[-114.53252,34.86876]]}},{"type":"Feature","properties":{"id":"313708","type":"AC; OVERHEAD","status":"IN SERVICE","owner":null,"voltage":130,"voltClass":"100-161"},"geometry":{"type":"LineString","coordinates":[[-114.62513,34.85647],[-114.6153,34.86333],[-114.61529,34.88044],[-114.5982,34.88049],[-114.59725,34.88065],[-114.58042,34.88065],[-114.57993,34.88043],[-114.57965,34.88028]]}},{"type":"Feature","properties":{"id":"313831","type":"AC; OVERHEAD","status":null,"owner":null,"voltage":115,"voltClass":"100-161"},"geometry":{"type":"LineString","coordinates":[[-111.03795,33.32882],[-111.03801,33.32926],[-111.03802,33.32938],[-111.03857,33.33033],[-111.03875,33.33063],[-111.03848,33.33306],[-111.03784,33.33411],[-111.03742,33.33489],[-111.03685,33.3358],[-111.03653,33.33636],[-111.03559,33.33796],[-111.03627,33.33796],[-111.03738,33.33916]]}},{"type":"Feature","properties":{"id":"313832","type":"AC; OVERHEAD","status":null,"owner":null,"voltage":115,"voltClass":"100-161"},"geometry":{"type":"LineString","coordinates":[[-111.03795,33.32882],[-111.03504,33.32887],[-111.03074,33.33155],[-111.02706,33.33385],[-111.0246,33.33524],[-111.02035,33.33759],[-111.01941,33.33812],[-111.01804,33.33888],[-111.0155,33.34031],[-111.01303,33.34169],[-111.01207,33.34215],[-111.01078,33.34288],[-111.00872,33.34372],[-111.00692,33.34439],[-111.00594,33.34489],[-111.00267,33.3463],[-111.0012,33.3469],[-110.99782,33.34833],[-110.99556,33.34931],[-110.99381,33.35001],[-110.99319,33.35022],[-110.99073,33.35128],[-110.98802,33.35242],[-110.98658,33.35308],[-110.98538,33.35358],[-110.98378,33.35427],[-110.97994,33.35591],[-110.97918,33.35623],[-110.97623,33.35746],[-110.97498,33.35801],[-110.97285,33.35893],[-110.97107,33.35966],[-110.96924,33.36044],[-110.96689,33.36105],[-110.96628,33.3612],[-110.96382,33.36185],[-110.96315,33.36195],[-110.96236,33.36213],[-110.95928,33.36303],[-110.95609,33.36387],[-110.95399,33.36436],[-110.95283,33.36467],[-110.94623,33.36633],[-110.94508,33.36666],[-110.94319,33.36715],[-110.94038,33.36787],[-110.9357,33.36908],[-110.93208,33.37002],[-110.92973,33.3706],[-110.92934,33.37071],[-110.92823,33.37106],[-110.92699,33.37134],[-110.92487,33.37188],[-110.92214,33.37477],[-110.92158,33.37749],[-110.92102,33.37945],[-110.92098,33.37981],[-110.91757,33.38131],[-110.91593,33.38213],[-110.91403,33.3825],[-110.91126,33.38347],[-110.90998,33.38344],[-110.90924,33.38343],[-110.89683,33.38332],[-110.89179,33.38328],[-110.88921,33.38327],[-110.88708,33.38315],[-110.88518,33.38328],[-110.88218,33.38325],[-110.87821,33.3858],[-110.87626,33.38699],[-110.87402,33.38795],[-110.87131,33.38891],[-110.86874,33.38989],[-110.86759,33.39032],[-110.86595,33.39119],[-110.86439,33.39151],[-110.86236,33.39231],[-110.86083,33.39281],[-110.85742,33.39412],[-110.85587,33.39465],[-110.85369,33.39543],[-110.85076,33.39652],[-110.84912,33.39711],[-110.84473,33.39828],[-110.84133,33.39908],[-110.83846,33.39995],[-110.83608,33.40067],[-110.83397,33.40135],[-110.83211,33.40201],[-110.82893,33.40304],[-110.82471,33.40362],[-110.82178,33.40375]]}},{"type":"Feature","properties":{"id":"313833","type":"AC; OVERHEAD","status":null,"owner":null,"voltage":115,"voltClass":"100-161"},"geometry":{"type":"LineString","coordinates":[[-111.0684,33.30627],[-111.0684,33.30686],[-111.06808,33.30734],[-111.06461,33.31051],[-111.05892,33.31297],[-111.05502,33.3148],[-111.04935,33.31733],[-111.044,33.31974],[-111.04175,33.32076],[-111.04101,33.32176],[-111.03983,33.32338],[-111.03981,33.3234],[-111.03928,33.32397],[-111.038,33.32589],[-111.03793,33.32784],[-111.03795,33.32794],[-111.03795,33.32882]]}},{"type":"Feature","properties":{"id":"313841","type":"AC; OVERHEAD","status":"IN SERVICE","owner":null,"voltage":130,"voltClass":"100-161"},"geometry":{"type":"LineString","coordinates":[[-114.58075,35.16341],[-114.58078,35.15836],[-114.58161,35.15816],[-114.5808,35.15783],[-114.58094,35.15352],[-114.58095,35.15258],[-114.58039,35.15241],[-114.57831,35.15174],[-114.57813,35.15181]]}},{"type":"Feature","properties":{"id":"313846","type":"AC; OVERHEAD","status":"IN SERVICE","owner":null,"voltage":130,"voltClass":"100-161"},"geometry":{"type":"LineString","coordinates":[[-114.59128,35.17697],[-114.63192,35.13015],[-114.63253,35.12944],[-114.63601,35.12711],[-114.63622,35.12722],[-114.63631,35.12697],[-114.63617,35.12673]]}},{"type":"Feature","properties":{"id":"313847","type":"AC; OVERHEAD","status":"IN SERVICE","owner":null,"voltage":130,"voltClass":"100-161"},"geometry":{"type":"LineString","coordinates":[[-114.57813,35.15181],[-114.57819,35.15208],[-114.57816,35.15381],[-114.5749,35.1538]]}},{"type":"Feature","properties":{"id":"313848","type":"AC; OVERHEAD","status":"IN SERVICE","owner":null,"voltage":130,"voltClass":"100-161"},"geometry":{"type":"LineString","coordinates":[[-114.57209,35.11285],[-114.57177,35.11212],[-114.57178,35.09883],[-114.56271,35.09882],[-114.56269,35.09583],[-114.56138,35.09585],[-114.56143,35.09656]]}},{"type":"Feature","properties":{"id":"313851","type":"AC; OVERHEAD","status":null,"owner":null,"voltage":132,"voltClass":"100-161"},"geometry":{"type":"LineString","coordinates":[[-113.12771,33.52231],[-113.12742,33.52231],[-113.12741,33.52134],[-113.1229,33.51919],[-113.11003,33.50829],[-113.03134,33.50815]]}},{"type":"Feature","properties":{"id":"313853","type":"AC; OVERHEAD","status":"IN SERVICE","owner":null,"voltage":130,"voltClass":"100-161"},"geometry":{"type":"LineString","coordinates":[[-114.56143,35.09656],[-114.56137,35.09567],[-114.56269,35.09567],[-114.5627,35.09873],[-114.59369,35.09865],[-114.59392,35.0984]]}},{"type":"Feature","properties":{"id":"313854","type":"AC; OVERHEAD","status":"IN SERVICE","owner":null,"voltage":138,"voltClass":"100-161"},"geometry":{"type":"LineString","coordinates":[[-112.49845,33.46716],[-112.49623,33.46681],[-112.49595,33.46466],[-112.46173,33.46481]]}},{"type":"Feature","properties":{"id":"313856","type":"AC; OVERHEAD","status":null,"owner":null,"voltage":115,"voltClass":"100-161"},"geometry":{"type":"LineString","coordinates":[[-112.06285,33.06306],[-112.06286,33.06529],[-112.04983,33.05783],[-112.01291,33.03491],[-112.00317,33.02895],[-111.99672,33.02894],[-111.99633,33.02846]]}},{"type":"Feature","properties":{"id":"313863","type":"AC; OVERHEAD","status":"IN SERVICE","owner":null,"voltage":130,"voltClass":"100-161"},"geometry":{"type":"LineString","coordinates":[[-114.56143,35.09656],[-114.56085,35.09886],[-114.54497,35.09883],[-114.54497,35.13196],[-114.54456,35.13266]]}},{"type":"Feature","properties":{"id":"313864","type":"AC; OVERHEAD","status":null,"owner":"ARIZONA PUBLIC SERVICE COMPANY","voltage":138,"voltClass":"100-161"},"geometry":{"type":"LineString","coordinates":[[-112.66626,33.04326],[-112.66581,33.04279],[-112.66595,33.00084],[-112.67798,32.98438],[-112.68354,32.97575],[-112.69289,32.97587]]}},{"type":"Feature","properties":{"id":"313868","type":"AC; OVERHEAD","status":null,"owner":null,"voltage":115,"voltClass":"100-161"},"geometry":{"type":"LineString","coordinates":[[-111.99529,32.96251],[-111.99893,32.96235],[-112.01341,32.96388],[-112.01358,33.03447],[-112.01318,33.03512],[-112.06175,33.06511],[-112.06286,33.06529],[-112.06285,33.06306]]}},{"type":"Feature","properties":{"id":"313872","type":"AC; OVERHEAD","status":null,"owner":null,"voltage":115,"voltClass":"100-161"},"geometry":{"type":"LineString","coordinates":[[-111.82979,32.95514],[-111.83087,32.95515],[-111.83109,32.94561],[-111.85214,32.94591],[-111.85247,32.95264],[-111.88149,32.95272],[-111.94269,32.99131],[-111.94536,32.99383],[-111.96354,33.00459],[-111.9959,33.02377],[-111.99589,33.02514],[-111.99639,33.02581],[-111.99633,33.02846]]}},{"type":"Feature","properties":{"id":"313873","type":"AC; OVERHEAD","status":"IN SERVICE","owner":null,"voltage":230,"voltClass":"220-287"},"geometry":{"type":"LineString","coordinates":[[-114.56594,35.1947],[-114.56714,35.194],[-114.56772,35.1935],[-114.56671,35.19069],[-114.5672,35.19058],[-114.57311,35.18726],[-114.59131,35.17709]]}},{"type":"Feature","properties":{"id":"313874","type":"AC; OVERHEAD","status":"IN SERVICE","owner":null,"voltage":230,"voltClass":"220-287"},"geometry":{"type":"LineString","coordinates":[[-114.56594,35.1947],[-114.56617,35.19579],[-114.56883,35.19422],[-114.56959,35.19416],[-114.57025,35.19372],[-114.57354,35.1924],[-114.57836,35.19283],[-114.59155,35.17753],[-114.59131,35.17709]]}},{"type":"Feature","properties":{"id":"315031","type":"AC; OVERHEAD","status":"IN SERVICE","owner":"ARIZONA PUBLIC SERVICE COMPANY","voltage":230,"voltClass":"220-287"},"geometry":{"type":"LineString","coordinates":[[-112.95959,32.9405],[-112.95993,32.93819],[-112.95985,32.92309],[-112.96141,32.92167],[-112.978,32.92162]]}},{"type":"Feature","properties":{"id":"315032","type":"AC; OVERHEAD","status":"IN SERVICE","owner":"ARIZONA PUBLIC SERVICE COMPANY","voltage":230,"voltClass":"220-287"},"geometry":{"type":"LineString","coordinates":[[-112.69289,32.97587],[-112.68978,32.97465],[-112.68975,32.9709],[-112.75599,32.97036],[-112.87176,32.96972],[-112.87444,32.9707],[-112.89955,32.97032],[-112.91382,32.97023],[-112.95955,32.96974],[-112.95957,32.96469],[-112.95924,32.94286],[-112.95959,32.9405]]}},{"type":"Feature","properties":{"id":"313878","type":"AC; OVERHEAD","status":"IN SERVICE","owner":null,"voltage":110,"voltClass":"100-161"},"geometry":{"type":"LineString","coordinates":[[-114.61826,34.85101],[-114.61827,34.85087],[-114.62099,34.85089],[-114.62109,34.85103],[-114.62122,34.85145],[-114.62166,34.85152],[-114.62182,34.85199],[-114.62212,34.8524],[-114.62239,34.85278],[-114.62273,34.85323],[-114.62513,34.85647]]}},{"type":"Feature","properties":{"id":"302144","type":"AC; OVERHEAD","status":"IN SERVICE","owner":null,"voltage":161,"voltClass":"100-161"},"geometry":{"type":"LineString","coordinates":[[-114.26492,32.6665],[-114.26555,32.66492],[-114.26724,32.66479],[-114.29166,32.67305],[-114.31379,32.69205],[-114.34049,32.71488],[-114.3509,32.74932],[-114.36596,32.76365],[-114.39069,32.76552],[-114.39685,32.76851]]}},{"type":"Feature","properties":{"id":"302523","type":"AC; OVERHEAD","status":"IN SERVICE","owner":null,"voltage":115,"voltClass":"100-161"},"geometry":{"type":"LineString","coordinates":[[-111.12399,33.66346],[-111.10739,33.65486],[-111.08841,33.64344],[-111.04156,33.61956],[-111.01752,33.61544],[-110.99787,33.60896],[-110.99017,33.60437],[-110.98094,33.59683],[-110.96565,33.58437],[-110.94893,33.56648],[-110.9276,33.54213],[-110.91859,33.53559],[-110.90763,33.52833],[-110.88971,33.52155],[-110.87956,33.51971],[-110.86994,33.52017],[-110.86676,33.51048],[-110.86441,33.49931],[-110.85581,33.48472],[-110.85432,33.46376],[-110.85661,33.46044],[-110.85731,33.44576],[-110.86241,33.44015],[-110.85959,33.43308],[-110.86336,33.42767],[-110.86942,33.42505],[-110.87323,33.41949]]}},{"type":"Feature","properties":{"id":"302966","type":"AC; OVERHEAD","status":"IN SERVICE","owner":null,"voltage":230,"voltClass":"220-287"},"geometry":{"type":"LineString","coordinates":[[-114.63555,36.65721],[-114.63687,36.65731],[-114.63832,36.65734],[-114.63964,36.65627],[-114.66417,36.63808],[-114.66847,36.6332],[-114.76285,36.55988],[-114.80051,36.52941],[-114.83045,36.50501],[-114.83997,36.48456],[-114.85344,36.45888],[-114.86278,36.44202],[-114.87309,36.4222],[-114.88084,36.40801],[-114.88245,36.40504],[-114.88358,36.40371],[-114.8854,36.40512],[-114.89029,36.40944],[-114.90457,36.42306],[-114.90541,36.42423],[-114.90397,36.42562]]}},{"type":"Feature","properties":{"id":"300665","type":"AC; OVERHEAD","status":"IN SERVICE","owner":"ARIZONA PUBLIC SERVICE COMPANY","voltage":500,"voltClass":"500"},"geometry":{"type":"LineString","coordinates":[[-112.85208,33.34585],[-112.85352,33.348],[-112.881,33.34793],[-112.88104,33.36333],[-112.93264,33.36333],[-112.97698,33.40359],[-113.0129,33.4567],[-113.03638,33.47853],[-113.11264,33.4786],[-113.11348,33.47748]]}},{"type":"Feature","properties":{"id":"300148","type":"AC; OVERHEAD","status":"IN SERVICE","owner":null,"voltage":500,"voltClass":"500"},"geometry":{"type":"LineString","coordinates":[[-111.29614,32.55651],[-111.29553,32.56394],[-111.20963,32.59888],[-111.12948,32.59887],[-111.12642,32.60006],[-111.11703,32.59875],[-111.04613,32.59888],[-111.04065,32.59888],[-111.01222,32.60184],[-110.96994,32.60623],[-110.93899,32.63243],[-110.92266,32.64622],[-110.88379,32.76469],[-110.88298,32.79602],[-110.8826,32.81052],[-110.89051,32.86006],[-110.95222,32.94457],[-111.02288,33.01504],[-111.03551,33.02761],[-111.03539,33.09191],[-111.02053,33.11472],[-111.04309,33.15844],[-111.04257,33.1752],[-111.04157,33.18849],[-111.03967,33.21464],[-111.04204,33.24874],[-111.03746,33.30335],[-111.0399,33.3298],[-111.0274,33.351],[-111.01145,33.36215],[-111.0006,33.39435],[-110.99992,33.43372],[-111.00815,33.44374],[-111.0028,33.45324],[-110.99759,33.45577],[-110.9853,33.45773],[-110.97296,33.45983],[-110.95493,33.46815],[-110.9319,33.49296],[-110.92945,33.51181],[-110.93926,33.52709],[-110.94144,33.55515],[-110.93828,33.59618],[-110.92604,33.61663],[-110.92106,33.63128],[-110.91065,33.64889],[-110.8922,33.66807],[-110.88295,33.67918],[-110.84567,33.68494],[-110.82434,33.70521],[-110.80653,33.72988],[-110.80317,33.78351],[-110.80035,33.82071],[-110.80537,33.84295],[-110.81455,33.87639],[-110.8187,33.92691],[-110.78503,34.00657],[-110.78627,34.09371],[-110.78662,34.10561],[-110.78803,34.12935],[-110.8156,34.16498],[-110.82923,34.2314],[-110.84936,34.25628],[-110.83917,34.27428],[-110.83245,34.3126],[-110.83656,34.33208],[-110.82292,34.38129],[-110.80999,34.38979],[-110.75337,34.43892],[-110.74335,34.46484],[-110.70175,34.55332],[-110.70129,34.59297],[-110.70037,34.63095],[-110.6348,34.67432],[-110.57957,34.71632],[-110.54806,34.7399],[-110.49249,34.78217],[-110.41682,34.83931],[-110.35333,34.88725],[-110.30547,34.92303],[-110.30878,34.93942],[-110.30422,34.93862]]}},{"type":"Feature","properties":{"id":"300156","type":"AC; OVERHEAD","status":"IN SERVICE","owner":null,"voltage":138,"voltClass":"100-161"},"geometry":{"type":"LineString","coordinates":[[-111.12633,32.40106],[-111.12597,32.40057],[-111.12564,32.40051],[-111.12559,32.39891],[-111.12382,32.39766],[-111.1213,32.39549],[-111.1202,32.39436],[-111.11907,32.39311],[-111.1181,32.39191],[-111.11492,32.38806],[-111.11,32.38197],[-111.10521,32.37612],[-111.10287,32.37363],[-111.09522,32.36649],[-111.0873,32.3591],[-111.07949,32.35182],[-111.07359,32.34629],[-111.06781,32.34093],[-111.06186,32.33537],[-111.05559,32.32941],[-111.05056,32.32469],[-111.0493,32.32352],[-111.04678,32.32117],[-111.04569,32.31986],[-111.04503,32.31881],[-111.04437,32.31779],[-111.04126,32.31184],[-111.03837,32.31118],[-111.02935,32.30912],[-111.02323,32.30641],[-111.02163,32.30571],[-111.01993,32.30559],[-111.01483,32.30517],[-111.00939,32.30195],[-111.00159,32.29733],[-110.99597,32.29402],[-110.98821,32.29392],[-110.9879,32.29451]]}},{"type":"Feature","properties":{"id":"300195","type":"AC; OVERHEAD","status":"IN SERVICE","owner":"SALT RIVER PROJECT","voltage":230,"voltClass":"220-287"},"geometry":{"type":"LineString","coordinates":[[-111.74851,33.32997],[-111.74718,33.33593],[-111.74733,33.35726],[-111.72466,33.35741],[-111.6831,33.3577],[-111.67388,33.35822],[-111.60044,33.35765],[-111.59763,33.35567]]}},{"type":"Feature","properties":{"id":"300220","type":"AC; OVERHEAD","status":"IN SERVICE","owner":"TUCSON ELECTRIC POWER COMPANY","voltage":138,"voltClass":"100-161"},"geometry":{"type":"LineString","coordinates":[[-110.96729,31.99775],[-110.96151,31.99908],[-110.96082,32.0816],[-110.98565,32.11993],[-110.99438,32.11986],[-110.99435,32.13357],[-111.016,32.13366],[-111.01447,32.14231],[-111.01313,32.14786],[-111.01073,32.14906]]}},{"type":"Feature","properties":{"id":"300815","type":"AC; OVERHEAD","status":"IN SERVICE","owner":"ARIZONA PUBLIC SERVICE COMPANY","voltage":230,"voltClass":"220-287"},"geometry":{"type":"LineString","coordinates":[[-112.10979,33.48208],[-112.10638,33.47396],[-112.10604,33.47352]]}},{"type":"Feature","properties":{"id":"300259","type":"AC; OVERHEAD","status":"IN SERVICE","owner":null,"voltage":115,"voltClass":"100-161"},"geometry":{"type":"LineString","coordinates":[[-111.03548,31.6977],[-111.03474,31.69766],[-111.0352,31.69718],[-111.03424,31.69508],[-111.03325,31.69279],[-111.03244,31.69099],[-111.03163,31.68914],[-111.03095,31.68764],[-111.02989,31.68524],[-111.02797,31.68089],[-111.02537,31.67505],[-111.02351,31.67085],[-111.02045,31.66401],[-111.01825,31.65899],[-111.01629,31.6546],[-111.0147,31.651],[-111.01366,31.64852],[-111.0125,31.64592],[-111.0107,31.64182],[-111.00964,31.63947],[-111.00964,31.63087],[-111.00964,31.61972],[-111.00964,31.61468],[-111.01029,31.61316],[-111.01144,31.61093],[-111.0115,31.61022],[-111.01149,31.60644],[-111.01149,31.59635],[-111.01146,31.58598],[-111.01146,31.57611],[-111.01116,31.5749],[-111.01005,31.57045],[-111.00963,31.56877],[-111.00963,31.56585],[-111.00963,31.55734],[-111.00963,31.54827],[-111.00963,31.54585],[-111.00963,31.54239],[-111.00964,31.54047],[-111.00963,31.53624],[-111.00961,31.53362],[-111.00965,31.52853],[-111.00627,31.51993],[-111.00368,31.51335],[-111.00224,31.50965],[-111.00182,31.50854],[-111.00206,31.50843]]}},{"type":"Feature","properties":{"id":"300287","type":"AC; OVERHEAD","status":"IN SERVICE","owner":null,"voltage":345,"voltClass":"345"},"geometry":{"type":"LineString","coordinates":[[-110.20392,32.19043],[-110.20533,32.19031],[-110.21027,32.19232],[-110.25588,32.16443],[-110.27725,32.15129],[-110.30426,32.13032],[-110.35128,32.09374],[-110.38211,32.06971],[-110.4384,32.04824],[-110.47726,32.04891],[-110.49309,32.04442],[-110.50765,32.0426],[-110.51682,32.04822],[-110.58385,32.04791],[-110.62153,32.04773],[-110.63798,32.03386],[-110.68996,32.0342],[-110.72559,32.03421],[-110.72853,32.03127],[-110.73101,32.02874],[-110.74641,32.03865],[-110.77301,32.05587],[-110.79456,32.06976],[-110.80752,32.06977],[-110.80958,32.07005],[-110.81314,32.06998]]}},{"type":"Feature","properties":{"id":"300310","type":"AC; OVERHEAD","status":"IN SERVICE","owner":"TUCSON ELECTRIC POWER COMPANY","voltage":138,"voltClass":"100-161"},"geometry":{"type":"LineString","coordinates":[[-110.98076,32.21463],[-110.98214,32.21468],[-110.98279,32.21347],[-110.98424,32.21193],[-110.9858,32.21037],[-110.98742,32.20846],[-110.98829,32.20711],[-110.9882,32.20319],[-110.98809,32.20103],[-110.98818,32.19896],[-110.98811,32.19282],[-110.9887,32.19069],[-110.99112,32.18246],[-110.99036,32.17885],[-110.99088,32.17664],[-110.99118,32.17445],[-110.99075,32.17198],[-110.99029,32.16966],[-110.9893,32.16504],[-110.98828,32.16028],[-110.9878,32.15806],[-110.98718,32.15573],[-110.9802,32.15082],[-110.97954,32.14909],[-110.97386,32.14903],[-110.9656,32.14894],[-110.96022,32.15062],[-110.95646,32.15065],[-110.95387,32.14972],[-110.95105,32.14969],[-110.9482,32.14969],[-110.94509,32.14971],[-110.94278,32.14974],[-110.9373,32.14977],[-110.93443,32.14976],[-110.93254,32.15127],[-110.93066,32.15277],[-110.92877,32.15428],[-110.92689,32.15575],[-110.92594,32.15777],[-110.92494,32.15989],[-110.92224,32.1599],[-110.9195,32.15991],[-110.91681,32.15992],[-110.9147,32.15993],[-110.9098,32.15996],[-110.90777,32.16004],[-110.90668,32.15995]]}},{"type":"Feature","properties":{"id":"300326","type":"AC; OVERHEAD","status":"IN SERVICE","owner":"ARIZONA PUBLIC SERVICE COMPANY","voltage":500,"voltClass":"500"},"geometry":{"type":"LineString","coordinates":[[-110.13454,34.63614],[-110.13565,34.6347],[-110.1426,34.6346],[-110.14409,34.67975],[-110.22017,34.79993],[-110.30441,34.91934],[-110.30802,34.93755],[-110.30422,34.93862]]}},{"type":"Feature","properties":{"id":"300426","type":"AC; OVERHEAD","status":"IN SERVICE","owner":null,"voltage":230,"voltClass":"220-287"},"geometry":{"type":"LineString","coordinates":[[-112.30593,33.56796],[-112.30203,33.56849],[-112.29807,33.55992],[-112.29798,33.55537],[-112.22306,33.55668],[-112.21872,33.55703]]}},{"type":"Feature","properties":{"id":"300379","type":"AC; OVERHEAD","status":"IN SERVICE","owner":null,"voltage":230,"voltClass":"220-287"},"geometry":{"type":"LineString","coordinates":[[-113.36335,35.19252],[-113.36088,35.19032],[-113.3066,35.15406],[-113.30331,35.15187],[-113.17642,35.09988],[-113.05813,35.05123],[-112.96595,35.05316],[-112.92028,35.05545],[-112.88121,35.05017],[-112.83548,35.03935],[-112.80297,35.01835],[-112.69669,34.89659],[-112.67168,34.86786],[-112.63936,34.82698],[-112.62218,34.804],[-112.551,34.70814],[-112.52068,34.66813],[-112.49819,34.63787],[-112.47169,34.61605],[-112.4669,34.61251],[-112.45706,34.60437],[-112.45553,34.60298],[-112.45445,34.60261]]}},{"type":"Feature","properties":{"id":"300482","type":"AC; OVERHEAD","status":"IN SERVICE","owner":null,"voltage":230,"voltClass":"220-287"},"geometry":{"type":"LineString","coordinates":[[-113.98025,35.17779],[-113.97917,35.17811],[-113.95916,35.18648],[-113.94262,35.1934],[-113.93492,35.1966],[-113.9105,35.20681],[-113.89351,35.2111],[-113.85419,35.22101],[-113.81552,35.23072],[-113.79546,35.23579],[-113.78553,35.23694],[-113.7657,35.23925],[-113.75759,35.24378],[-113.74933,35.24557],[-113.72188,35.25141],[-113.71864,35.25204],[-113.71792,35.25082]]}},{"type":"Feature","properties":{"id":"300517","type":"AC; OVERHEAD","status":"IN SERVICE","owner":null,"voltage":500,"voltClass":"500"},"geometry":{"type":"LineString","coordinates":[[-111.4467,35.83268],[-111.44896,35.83207],[-111.45094,35.83204],[-111.45238,35.83204],[-111.45786,35.83092],[-111.48283,35.82383],[-111.4865,35.82333],[-111.49275,35.82253],[-111.57525,35.811],[-111.60386,35.81244],[-111.61215,35.81281],[-111.63157,35.81648],[-111.71454,35.8082],[-111.79408,35.80008],[-111.82572,35.79733],[-111.89405,35.79234],[-111.94036,35.78633],[-111.97711,35.78133],[-111.99953,35.77903],[-112.0063,35.77945],[-112.0535,35.77439],[-112.27903,35.74987],[-112.39445,35.73784],[-112.608,35.71474],[-112.6981,35.70499],[-112.71882,35.69885],[-112.9332,35.63528],[-112.99776,35.61606],[-113.03897,35.621],[-113.21592,35.60451],[-113.25311,35.59383],[-113.36532,35.56102],[-113.5238,35.5687],[-113.58,35.58747],[-113.6921,35.62438],[-113.80713,35.66217],[-113.83548,35.67147],[-113.84836,35.67056],[-113.85447,35.67072],[-113.87939,35.68036],[-113.90275,35.68513],[-114.00122,35.70539],[-114.0321,35.71147],[-114.06647,35.71846],[-114.1,35.71167],[-114.14545,35.70284],[-114.25038,35.6819],[-114.34009,35.69064],[-114.3532,35.68975],[-114.36606,35.68733],[-114.44483,35.67322],[-114.47984,35.66702],[-114.51295,35.66083],[-114.51789,35.65922],[-114.59146,35.66567],[-114.59714,35.66613],[-114.6408,35.65665],[-114.64488,35.65384],[-114.64989,35.65075],[-114.65589,35.65063],[-114.66979,35.65312],[-114.68576,35.65151],[-114.69395,35.65136],[-114.71511,35.65383],[-114.83172,35.65658],[-114.85739,35.65972],[-114.92528,35.66639],[-114.9677,35.67051],[-115.01603,35.67533],[-115.01674,35.67617],[-115.02971,35.69274],[-115.0352,35.69991],[-115.04935,35.71821],[-115.04842,35.72029],[-115.03303,35.74665],[-115.01855,35.77249],[-115.01084,35.7877],[-115.01028,35.79194],[-115.00854,35.79732]]}},{"type":"Feature","properties":{"id":"300537","type":"AC; OVERHEAD","status":"IN SERVICE","owner":"ARIZONA PUBLIC SERVICE COMPANY","voltage":230,"voltClass":"220-287"},"geometry":{"type":"LineString","coordinates":[[-112.0552,33.83798],[-112.05453,33.83887],[-112.06699,33.85342],[-112.11862,33.9507],[-112.12855,33.96936],[-112.13662,33.99547],[-112.13839,34.01094],[-112.1445,34.06316],[-112.14623,34.07759],[-112.14665,34.08073],[-112.14446,34.10048],[-112.1305,34.12578],[-112.13012,34.17919],[-112.11029,34.21809],[-112.11096,34.24909],[-112.11961,34.27366],[-112.12895,34.30018],[-112.13581,34.31138],[-112.1637,34.33402],[-112.19526,34.35936],[-112.21392,34.37546],[-112.22235,34.38929],[-112.26513,34.45846],[-112.27827,34.49804],[-112.32405,34.55277],[-112.38737,34.56879],[-112.40378,34.57415],[-112.41608,34.57726],[-112.43045,34.58195],[-112.44394,34.59312],[-112.45012,34.59819],[-112.45169,34.59999],[-112.45298,34.60234],[-112.45445,34.60261]]}},{"type":"Feature","properties":{"id":"300594","type":"AC; OVERHEAD","status":"IN SERVICE","owner":"TUCSON ELECTRIC POWER COMPANY","voltage":138,"voltClass":"100-161"},"geometry":{"type":"LineString","coordinates":[[-110.99344,32.25404],[-110.99679,32.2542],[-110.99939,32.25383],[-110.99752,32.25086],[-110.99675,32.24809],[-110.99514,32.24615],[-110.98943,32.24468],[-110.98831,32.24257],[-110.98727,32.24068],[-110.98637,32.23903],[-110.98539,32.2355],[-110.98413,32.22913],[-110.98263,32.22771],[-110.98283,32.22604],[-110.98247,32.22358],[-110.98232,32.22123],[-110.98176,32.21888],[-110.98212,32.21474],[-110.9813,32.21476],[-110.98076,32.21463]]}},{"type":"Feature","properties":{"id":"300651","type":"AC; OVERHEAD","status":"IN SERVICE","owner":null,"voltage":230,"voltClass":"220-287"},"geometry":{"type":"LineString","coordinates":[[-111.50953,33.45275],[-111.50729,33.43846],[-111.50414,33.4102],[-111.5013,33.39533],[-111.49962,33.39021],[-111.49566,33.38589],[-111.48098,33.37074],[-111.46245,33.36013],[-111.43331,33.34345],[-111.43187,33.34301],[-111.39362,33.3207],[-111.37505,33.31007],[-111.36345,33.30549],[-111.34604,33.29864],[-111.33568,33.29629],[-111.32812,33.29582],[-111.3199,33.29626],[-111.31602,33.29723],[-111.29852,33.31489],[-111.26888,33.31603],[-111.16329,33.28771],[-111.14278,33.29793],[-111.12842,33.29863],[-111.1111,33.31209],[-111.10275,33.31855],[-111.09259,33.33545],[-111.07517,33.34133],[-111.05267,33.33941],[-111.0419,33.33978],[-111.03738,33.33916]]}},{"type":"Feature","properties":{"id":"300715","type":"AC; OVERHEAD","status":"IN SERVICE","owner":"ARIZONA PUBLIC SERVICE COMPANY","voltage":500,"voltClass":"500"},"geometry":{"type":"LineString","coordinates":[[-112.84342,33.33476],[-112.84534,33.33543],[-112.84529,33.343],[-112.84642,33.34392],[-112.85208,33.34585]]}},{"type":"Feature","properties":{"id":"300726","type":"AC; OVERHEAD","status":"IN SERVICE","owner":"TUCSON ELECTRIC POWER COMPANY","voltage":138,"voltClass":"100-161"},"geometry":{"type":"LineString","coordinates":[[-110.75683,32.11662],[-110.75634,32.1166],[-110.75616,32.11861],[-110.7561,32.12557],[-110.75605,32.13395],[-110.75599,32.14301],[-110.75594,32.1473],[-110.7558,32.1494],[-110.75575,32.15172],[-110.75743,32.15236],[-110.76455,32.15489],[-110.76522,32.15871],[-110.77043,32.16227],[-110.77199,32.16229],[-110.77369,32.16271],[-110.77531,32.16273],[-110.77869,32.16274],[-110.78006,32.16291],[-110.78146,32.16307],[-110.78321,32.1631],[-110.78498,32.16309],[-110.78786,32.16308],[-110.7901,32.16308],[-110.79248,32.1631],[-110.79496,32.16309],[-110.79762,32.1631],[-110.80015,32.16308],[-110.8027,32.16312],[-110.80597,32.16311],[-110.80804,32.16313],[-110.81057,32.16314],[-110.81294,32.16313],[-110.81578,32.16314],[-110.81792,32.16316],[-110.82018,32.16314],[-110.82226,32.16318],[-110.8243,32.16322],[-110.82429,32.1652],[-110.82431,32.16917],[-110.82425,32.17033],[-110.82429,32.17115],[-110.82429,32.17325],[-110.82431,32.1753],[-110.82433,32.17699],[-110.8241,32.17774],[-110.82368,32.17917],[-110.8237,32.1813],[-110.82371,32.18252],[-110.82369,32.18504],[-110.82368,32.18623],[-110.82368,32.18748],[-110.82371,32.18934],[-110.82298,32.18933]]}},{"type":"Feature","properties":{"id":"300790","type":"AC; OVERHEAD","status":"IN SERVICE","owner":null,"voltage":115,"voltClass":"100-161"},"geometry":{"type":"LineString","coordinates":[[-111.52619,33.00804],[-111.52644,33.00601],[-111.54163,33.0057],[-111.54164,33.00201],[-111.55828,33.00159],[-111.55869,32.94375],[-111.56268,32.94378],[-111.56145,32.87388],[-111.56629,32.86884],[-111.56699,32.82099],[-111.46389,32.82155],[-111.46285,32.8209],[-111.43436,32.82088],[-111.41669,32.81592],[-111.42597,32.80681],[-111.42602,32.75487],[-111.42603,32.71412],[-111.43382,32.70627],[-111.43168,32.69046],[-111.37991,32.64637],[-111.36472,32.64666],[-111.32824,32.64687],[-111.32822,32.58993],[-111.30313,32.58991],[-111.30278,32.58899],[-111.30162,32.58853],[-111.29468,32.58854],[-111.29476,32.58146],[-111.2946,32.56475],[-111.2944,32.55512],[-111.29614,32.55651]]}},{"type":"Feature","properties":{"id":"300798","type":"AC; OVERHEAD","status":"IN SERVICE","owner":null,"voltage":230,"voltClass":"220-287"},"geometry":{"type":"LineString","coordinates":[[-114.90397,36.42562],[-114.90568,36.4243],[-114.90472,36.42291],[-114.89055,36.40938],[-114.88546,36.40489],[-114.88352,36.40354],[-114.88238,36.40487],[-114.8808,36.40782],[-114.87298,36.42207],[-114.86268,36.44189],[-114.85289,36.45955],[-114.84756,36.4697],[-114.83978,36.48456],[-114.83028,36.50494],[-114.81922,36.51396],[-114.8004,36.52917],[-114.76285,36.55956],[-114.66822,36.63317],[-114.66397,36.63795],[-114.63951,36.6561],[-114.63822,36.6572],[-114.63687,36.65716],[-114.63555,36.65721]]}},{"type":"Feature","properties":{"id":"300810","type":"AC; OVERHEAD","status":"IN SERVICE","owner":null,"voltage":500,"voltClass":"500"},"geometry":{"type":"LineString","coordinates":[[-114.81718,33.5809],[-114.81518,33.57504],[-114.81254,33.576],[-114.80555,33.58106],[-114.74322,33.53748],[-114.66965,33.53701],[-114.66567,33.53651],[-114.66063,33.53639],[-114.64321,33.53712],[-114.54777,33.53774],[-114.53389,33.53946],[-114.50393,33.54748],[-114.42387,33.59773],[-114.40371,33.61033],[-114.39339,33.60833],[-114.36642,33.59171],[-114.31559,33.56356],[-114.2311,33.54716],[-114.18785,33.53468],[-114.10278,33.51207],[-114.07064,33.51153],[-114.05189,33.51115],[-114.04196,33.51362],[-114.02127,33.51883],[-114.00355,33.52604],[-113.9934,33.52786],[-113.97714,33.52713],[-113.95804,33.51762],[-113.91722,33.52046],[-113.8828,33.52218],[-113.79841,33.5048],[-113.77088,33.51461],[-113.75478,33.51624],[-113.74342,33.51747]]}},{"type":"Feature","properties":{"id":"300841","type":"AC; OVERHEAD","status":"IN SERVICE","owner":null,"voltage":230,"voltClass":"220-287"},"geometry":{"type":"LineString","coordinates":[[-114.74302,36.01836],[-114.75132,36.01498],[-114.75315,36.014],[-114.75547,36.01282],[-114.78493,36.00276],[-114.78861,35.99304],[-114.79949,35.96977],[-114.81819,35.93112],[-114.82162,35.92419],[-114.8281,35.92635],[-114.83474,35.92781]]}},{"type":"Feature","properties":{"id":"300862","type":"AC; OVERHEAD","status":"IN SERVICE","owner":"ARIZONA PUBLIC SERVICE COMPANY","voltage":230,"voltClass":"220-287"},"geometry":{"type":"LineString","coordinates":[[-113.2863,33.90596],[-113.28746,33.90561],[-113.35442,33.91428],[-113.47352,33.92967],[-113.52614,33.93644],[-113.54731,33.94813],[-113.55948,33.95519],[-113.58208,33.96792],[-113.58899,33.97096],[-113.66753,33.99749],[-113.73392,34.01985],[-113.78507,34.0371],[-113.85135,34.06156],[-113.8967,34.07976],[-113.91073,34.08537],[-113.91491,34.08731],[-113.93492,34.09675],[-113.9815,34.11862],[-114.02428,34.13872],[-114.0416,34.14688],[-114.05147,34.16797],[-114.06338,34.19351],[-114.0869,34.2156],[-114.09963,34.22786],[-114.10142,34.24254],[-114.10287,34.24505],[-114.10598,34.25041],[-114.11883,34.25871],[-114.12621,34.27116],[-114.12934,34.27639],[-114.12975,34.27973],[-114.13058,34.28589],[-114.13309,34.28936],[-114.13695,34.29123],[-114.14129,34.29179],[-114.1417,34.29105]]}},{"type":"Feature","properties":{"id":"300876","type":"AC; OVERHEAD","status":"IN SERVICE","owner":"MOHAVE ELECTRIC COOPERATIVE","voltage":230,"voltClass":"220-287"},"geometry":{"type":"LineString","coordinates":[[-114.45499,34.90821],[-114.45593,34.90758],[-114.45626,34.90711],[-114.46234,34.90648],[-114.47892,34.90466],[-114.49647,34.90275],[-114.50411,34.90226],[-114.51837,34.90147],[-114.52665,34.89489],[-114.52685,34.88688],[-114.52648,34.87354],[-114.53252,34.86876]]}},{"type":"Feature","properties":{"id":"300911","type":"AC; OVERHEAD","status":"IN SERVICE","owner":null,"voltage":345,"voltClass":"345"},"geometry":{"type":"LineString","coordinates":[[-113.71792,35.25082],[-113.7176,35.2523],[-113.71597,35.25372],[-113.71497,35.27117],[-113.71136,35.32768],[-113.72881,35.36642],[-113.75514,35.39878],[-113.77175,35.41925],[-113.8011,35.45553],[-113.82777,35.5306],[-113.83825,35.53911],[-114.03199,35.69778],[-114.0508,35.71316],[-114.08994,35.72436],[-114.2345,35.76525],[-114.4096,35.81539],[-114.48448,35.83654],[-114.4881,35.83761],[-114.49201,35.83811],[-114.55556,35.8375],[-114.56251,35.8374],[-114.57071,35.83728],[-114.58068,35.83787],[-114.59409,35.8392],[-114.60846,35.84103],[-114.62166,35.84321],[-114.62936,35.84447],[-114.63707,35.8458],[-114.64377,35.84693],[-114.64812,35.84616],[-114.65095,35.84557],[-114.65447,35.84489],[-114.65841,35.84251],[-114.66092,35.83975],[-114.66348,35.83703],[-114.66622,35.8353],[-114.67758,35.83142],[-114.68283,35.83005],[-114.68792,35.82945],[-114.69828,35.83053],[-114.70628,35.83467],[-114.71694,35.84455],[-114.72036,35.85586],[-114.73183,35.86789],[-114.74647,35.89336],[-114.80902,35.91962],[-114.8274,35.92768],[-114.83474,35.92781]]}},{"type":"Feature","properties":{"id":"300928","type":"AC; OVERHEAD","status":"IN SERVICE","owner":"TUCSON ELECTRIC POWER COMPANY","voltage":138,"voltClass":"100-161"},"geometry":{"type":"LineString","coordinates":[[-111.04284,32.29706],[-111.04317,32.29686],[-111.04273,32.29612],[-111.04117,32.29405],[-111.03784,32.28958],[-111.03457,32.28528],[-111.03009,32.27936],[-111.02861,32.27736],[-111.02547,32.27318],[-111.02281,32.26965],[-111.01998,32.26591],[-111.01338,32.26584],[-111.01116,32.26379],[-111.009,32.26194],[-111.00838,32.25992],[-111.00789,32.25814],[-111.00557,32.25703],[-111.00298,32.25626],[-110.99936,32.25393],[-110.99744,32.25089],[-110.99669,32.24813],[-110.99508,32.2462],[-110.9894,32.24472],[-110.98826,32.24262],[-110.98627,32.23907],[-110.98529,32.2355],[-110.98484,32.23309],[-110.98446,32.2312],[-110.98409,32.22917],[-110.98258,32.22777],[-110.98072,32.22774],[-110.9792,32.22776],[-110.97686,32.22882],[-110.9759,32.22975]]}},{"type":"Feature","properties":{"id":"300985","type":"AC; OVERHEAD","status":"IN SERVICE","owner":"TUCSON ELECTRIC POWER COMPANY","voltage":138,"voltClass":"100-161"},"geometry":{"type":"LineString","coordinates":[[-110.96729,31.99775],[-110.96759,31.99793],[-110.96717,31.99978],[-110.96145,31.99979],[-110.96144,32.00099],[-110.9602,32.00101],[-110.95331,32.00105],[-110.95072,32.00144],[-110.95084,32.00016],[-110.95099,31.99879],[-110.94857,31.9988],[-110.94124,31.99875],[-110.93673,31.99874],[-110.93007,31.99873],[-110.92765,31.99873],[-110.92543,31.99869],[-110.92515,31.99825],[-110.92531,31.99714],[-110.92558,31.99535],[-110.92597,31.99334],[-110.9263,31.99128],[-110.92664,31.98921],[-110.92695,31.98721],[-110.92707,31.98349],[-110.92713,31.97936],[-110.92718,31.9773],[-110.9272,31.97525],[-110.92723,31.9732],[-110.92727,31.97112],[-110.92729,31.96907],[-110.92726,31.967],[-110.92722,31.96287],[-110.92718,31.96082],[-110.92716,31.95876],[-110.92713,31.95669],[-110.92708,31.95258],[-110.92706,31.95051],[-110.92703,31.94866],[-110.92715,31.94681],[-110.92713,31.94496],[-110.92712,31.94313],[-110.92784,31.94285],[-110.92784,31.93912],[-110.92782,31.93496],[-110.92782,31.93289],[-110.92781,31.92664],[-110.92779,31.92449],[-110.92778,31.91848],[-110.92777,31.91517],[-110.92776,31.91373],[-110.93473,31.91377],[-110.93706,31.91378],[-110.93937,31.91378],[-110.94402,31.91382],[-110.94468,31.91322],[-110.94581,31.91225],[-110.94927,31.90927],[-110.95099,31.90777],[-110.95268,31.90628],[-110.95651,31.90633],[-110.9584,31.90636],[-110.96134,31.9064],[-110.96141,31.90567],[-110.96147,31.90492],[-110.96156,31.90412],[-110.96168,31.9034],[-110.96182,31.90262],[-110.96206,31.90189],[-110.96228,31.90116],[-110.96256,31.90055],[-110.96349,31.89845],[-110.96378,31.89781],[-110.9641,31.8971],[-110.96441,31.89639],[-110.96473,31.89567],[-110.96505,31.89494],[-110.96538,31.89419],[-110.96605,31.89268],[-110.9668,31.89102],[-110.96747,31.8895],[-110.96779,31.88878],[-110.96814,31.88799],[-110.96848,31.88723],[-110.96877,31.88655],[-110.96905,31.88575],[-110.96812,31.88521],[-110.96827,31.88489],[-110.96862,31.8841],[-110.96888,31.88341],[-110.96906,31.8827],[-110.96917,31.88199],[-110.96945,31.87877],[-110.96982,31.87468],[-110.97024,31.86992],[-110.97032,31.8691],[-110.97038,31.86827],[-110.97047,31.86744],[-110.97052,31.86669],[-110.9706,31.86581],[-110.97069,31.86497],[-110.97075,31.86417],[-110.97085,31.86333],[-110.97099,31.86253],[-110.9713,31.86171],[-110.97165,31.86088],[-110.97225,31.85931],[-110.97256,31.8585],[-110.97284,31.85768],[-110.97347,31.85599],[-110.97393,31.85478],[-110.97342,31.85434]]}},{"type":"Feature","properties":{"id":"301056","type":"AC; OVERHEAD","status":"IN SERVICE","owner":"UNS ELECTRIC INCORPORATED","voltage":230,"voltClass":"220-287"},"geometry":{"type":"LineString","coordinates":[[-114.08625,35.13834],[-114.08472,35.13675],[-114.08068,35.13567],[-114.07395,35.13803],[-114.06912,35.13969],[-114.06302,35.14187],[-114.05074,35.14813],[-114.04679,35.14982],[-114.00488,35.1673],[-113.98101,35.17737],[-113.98025,35.17779]]}},{"type":"Feature","properties":{"id":"301099","type":"AC; OVERHEAD","status":"IN SERVICE","owner":"ARIZONA PUBLIC SERVICE COMPANY","voltage":500,"voltClass":"500"},"geometry":{"type":"LineString","coordinates":[[-112.84342,33.33476],[-112.84577,33.33506],[-112.84576,33.34252],[-112.84632,33.34339],[-112.85208,33.34585]]}},{"type":"Feature","properties":{"id":"301139","type":"AC; OVERHEAD","status":"IN SERVICE","owner":null,"voltage":230,"voltClass":"220-287"},"geometry":{"type":"LineString","coordinates":[[-114.1417,34.29105],[-114.14257,34.29408],[-114.14247,34.29763],[-114.14204,34.30035],[-114.14099,34.30223],[-114.13609,34.31238],[-114.13571,34.32796],[-114.13576,34.33066],[-114.13624,34.332],[-114.13918,34.33526],[-114.15276,34.35038],[-114.15475,34.3548],[-114.1578,34.36221],[-114.16033,34.36541],[-114.1625,34.36765],[-114.1947,34.40053],[-114.21571,34.42145],[-114.22396,34.42983],[-114.30423,34.51176],[-114.31105,34.51874],[-114.31678,34.52535],[-114.32379,34.5342],[-114.33702,34.55087],[-114.34476,34.56068],[-114.34588,34.56176]]}},{"type":"Feature","properties":{"id":"301180","type":"AC; OVERHEAD","status":"IN SERVICE","owner":"SULPHUR SPRINGS VALLEY ELECTRIC COOPERATIVE","voltage":230,"voltClass":"220-287"},"geometry":{"type":"LineString","coordinates":[[-109.89377,32.06014],[-109.89407,32.0598],[-109.89499,32.05945],[-109.89493,32.05889],[-109.89627,32.05861],[-109.89847,32.05804],[-109.89845,32.05317],[-109.89843,32.05075],[-109.89872,32.04852],[-109.89871,32.0443],[-109.89869,32.03615],[-109.90819,32.03619],[-109.91983,32.03617],[-109.93193,32.03615],[-109.94368,32.03616],[-109.95094,32.03616],[-109.95822,32.03617],[-109.96173,32.03611],[-109.96583,32.03467],[-109.97208,32.03244],[-109.9741,32.03175],[-109.97616,32.03105],[-109.97975,32.02977],[-109.98347,32.02841],[-109.98535,32.02773],[-109.98691,32.0272],[-109.98839,32.02664],[-109.99042,32.02609],[-109.99713,32.02414],[-109.9989,32.02367],[-110.00379,32.02227],[-110.01173,32.02],[-110.01711,32.01846],[-110.02596,32.01592],[-110.03058,32.01458],[-110.03912,32.01212],[-110.04292,32.01102],[-110.04813,32.00953],[-110.05407,32.00783],[-110.05822,32.00663],[-110.06326,32.00517],[-110.06779,32.00387],[-110.07083,32.00297],[-110.07502,32.00275],[-110.07879,32.00263],[-110.08146,32.00252],[-110.08382,32.00241],[-110.09006,32.00217],[-110.0923,32.00207],[-110.09472,32.00198],[-110.09695,32.00191],[-110.09989,32.00179],[-110.10199,32.00171],[-110.10455,32.00159],[-110.10686,32.00152],[-110.10922,32.00141],[-110.11138,32.00132],[-110.11649,32.00111],[-110.11975,32.001],[-110.12354,32.00082],[-110.12563,32.00075],[-110.12731,32.00066],[-110.12982,32.00111],[-110.13027,32.00111],[-110.13057,32.00096]]}},{"type":"Feature","properties":{"id":"301187","type":"AC; OVERHEAD","status":"IN SERVICE","owner":"SALT RIVER PROJECT","voltage":230,"voltClass":"220-287"},"geometry":{"type":"LineString","coordinates":[[-111.82964,33.35777],[-111.82889,33.35685],[-111.8096,33.35695],[-111.80676,33.35709],[-111.77367,33.3574],[-111.77069,33.35715],[-111.74765,33.35728],[-111.74766,33.3358],[-111.74851,33.32997]]}},{"type":"Feature","properties":{"id":"301196","type":"AC; OVERHEAD","status":"IN SERVICE","owner":"MOHAVE ELECTRIC COOPERATIVE","voltage":230,"voltClass":"220-287"},"geometry":{"type":"LineString","coordinates":[[-114.45499,34.90821],[-114.45595,34.90785],[-114.45691,34.90747],[-114.46319,34.9068],[-114.48323,34.90491],[-114.49406,34.90367],[-114.49661,34.90327],[-114.50038,34.90296],[-114.50658,34.90273],[-114.51834,34.90204],[-114.52743,34.89517],[-114.5274,34.88714],[-114.5274,34.88083],[-114.52679,34.87887],[-114.52674,34.87363],[-114.53191,34.86953],[-114.53252,34.86876]]}},{"type":"Feature","properties":{"id":"301206","type":"AC; OVERHEAD","status":"IN SERVICE","owner":null,"voltage":230,"voltClass":"220-287"},"geometry":{"type":"LineString","coordinates":[[-114.56594,35.1947],[-114.5671,35.1938],[-114.56783,35.1922],[-114.56651,35.19097],[-114.56488,35.18774],[-114.56265,35.18505],[-114.55875,35.18055],[-114.55551,35.17804],[-114.55378,35.17294],[-114.55087,35.16589],[-114.54303,35.14493],[-114.5343,35.1216],[-114.52842,35.1058],[-114.509,35.05444],[-114.49659,35.02175],[-114.48684,34.99578],[-114.4771,34.97006],[-114.4548,34.91053],[-114.45496,34.90896],[-114.45499,34.90821]]}},{"type":"Feature","properties":{"id":"301669","type":"AC; OVERHEAD","status":"IN SERVICE","owner":"TUCSON ELECTRIC POWER COMPANY","voltage":138,"voltClass":"100-161"},"geometry":{"type":"LineString","coordinates":[[-110.7219,32.03512],[-110.73177,32.02738],[-110.80069,32.07064],[-110.81314,32.06998]]}},{"type":"Feature","properties":{"id":"309068","type":"AC; OVERHEAD","status":"IN SERVICE","owner":null,"voltage":230,"voltClass":"220-287"},"geometry":{"type":"LineString","coordinates":[[-112.3131,33.46714],[-112.319,33.46665],[-112.31878,33.4775],[-112.31907,33.50044],[-112.30341,33.52206],[-112.2983,33.52944],[-112.29819,33.55992],[-112.30214,33.56828],[-112.30593,33.56796]]}},{"type":"Feature","properties":{"id":"310548","type":"AC; OVERHEAD","status":"IN SERVICE","owner":null,"voltage":115,"voltClass":"100-161"},"geometry":{"type":"LineString","coordinates":[[-110.9831,33.15687],[-110.97573,33.14679]]}},{"type":"Feature","properties":{"id":"310951","type":"AC; OVERHEAD","status":"IN SERVICE","owner":"SULPHUR SPRINGS VALLEY ELECTRIC COOPERATIVE","voltage":230,"voltClass":"220-287"},"geometry":{"type":"LineString","coordinates":[[-109.89377,32.06014],[-109.89514,32.0599],[-109.89623,32.06206],[-109.89669,32.06327],[-109.89521,32.0638],[-109.89267,32.06474],[-109.88938,32.06471],[-109.88332,32.06473],[-109.87848,32.06365],[-109.87273,32.06504],[-109.86989,32.06567],[-109.86422,32.06697],[-109.85858,32.06831],[-109.84726,32.07098],[-109.82625,32.07588],[-109.81961,32.08655],[-109.80453,32.11074],[-109.77701,32.15488],[-109.75599,32.18853],[-109.75601,32.2213],[-109.75602,32.25668],[-109.75598,32.27063],[-109.76128,32.28651],[-109.76334,32.29326],[-109.7631,32.29823],[-109.76258,32.31176],[-109.7622,32.3215],[-109.7616,32.33653],[-109.76154,32.3382],[-109.76147,32.34045],[-109.76146,32.34115]]}},{"type":"Feature","properties":{"id":"312510","type":"AC; OVERHEAD","status":"IN SERVICE","owner":null,"voltage":230,"voltClass":"220-287"},"geometry":{"type":"LineString","coordinates":[[-112.42562,33.50565],[-112.42571,33.50434],[-112.43735,33.49378],[-112.46105,33.49373],[-112.46109,33.46575],[-112.46159,33.46506],[-112.46157,33.41038],[-112.46114,33.40681],[-112.46114,33.39998],[-112.45467,33.39698],[-112.42538,33.39529],[-112.40929,33.39736],[-112.36951,33.40136],[-112.36149,33.40226],[-112.32507,33.402],[-112.31716,33.40989]]}},{"type":"Feature","properties":{"id":"312669","type":"AC; OVERHEAD","status":"IN SERVICE","owner":null,"voltage":115,"voltClass":"100-161"},"geometry":{"type":"LineString","coordinates":[[-110.9759,32.22975],[-110.98912,32.25366],[-110.98918,32.25438],[-110.98646,32.25433],[-110.98648,32.25741],[-110.98653,32.26429],[-110.98653,32.26523],[-110.98653,32.26716],[-110.98653,32.26815],[-110.98654,32.26909],[-110.98655,32.27006],[-110.98654,32.271],[-110.98654,32.2718],[-110.98656,32.27278],[-110.98658,32.27363],[-110.9866,32.27443],[-110.98659,32.2752],[-110.9866,32.27621],[-110.98661,32.2772],[-110.98662,32.27817],[-110.98665,32.28003],[-110.98667,32.28166],[-110.98668,32.28265],[-110.98651,32.28414],[-110.98653,32.28609],[-110.98672,32.28765],[-110.98676,32.29262],[-110.98678,32.29785],[-110.9881,32.30117],[-110.99194,32.31057],[-110.99538,32.31909],[-110.99539,32.32166],[-110.99536,32.32776],[-110.99533,32.33398],[-110.99532,32.33514],[-110.99539,32.33674],[-110.99536,32.338],[-110.99577,32.33935],[-110.99548,32.34085],[-110.99551,32.3579],[-110.99554,32.36833],[-110.99556,32.37669],[-110.99551,32.38168],[-110.99549,32.38578],[-110.99028,32.39044],[-110.98899,32.39152],[-110.98523,32.39484],[-110.98075,32.39886],[-110.9766,32.40254],[-110.97582,32.40409],[-110.97528,32.40586],[-110.97365,32.41019],[-110.97193,32.41534],[-110.97055,32.41949],[-110.96864,32.4252],[-110.96748,32.42877],[-110.96642,32.43201],[-110.96453,32.43762],[-110.96366,32.44027],[-110.9631,32.44193],[-110.96161,32.44641],[-110.96,32.4512],[-110.95813,32.45676],[-110.95893,32.46282],[-110.95916,32.46419],[-110.95977,32.46941],[-110.96037,32.47416],[-110.9608,32.47751],[-110.96153,32.48312],[-110.96231,32.48937],[-110.96313,32.49577],[-110.96377,32.50074],[-110.96438,32.50556],[-110.96485,32.50925],[-110.96529,32.51262],[-110.96547,32.51415],[-110.96568,32.51576],[-110.96583,32.517],[-110.96602,32.51852],[-110.96622,32.51999],[-110.96659,32.52285],[-110.96676,32.52417],[-110.967,32.52604],[-110.96717,32.52743],[-110.96756,32.53038],[-110.96817,32.53513],[-110.96835,32.53656],[-110.96854,32.53811],[-110.96875,32.53978],[-110.96899,32.54167],[-110.96918,32.54316],[-110.96959,32.54623],[-110.96983,32.54807],[-110.97026,32.55145],[-110.97051,32.55343],[-110.97067,32.5548],[-110.97112,32.55826],[-110.97129,32.55963],[-110.97152,32.56137],[-110.97173,32.56299],[-110.97193,32.56454],[-110.97253,32.56931],[-110.97296,32.57265],[-110.97334,32.57566],[-110.97392,32.58016],[-110.97427,32.58291],[-110.97475,32.5867],[-110.97497,32.5884],[-110.97512,32.58955],[-110.97539,32.59158],[-110.97566,32.59371],[-110.9759,32.59573],[-110.97853,32.59805],[-110.98011,32.59939],[-110.98206,32.6011],[-110.98258,32.60115]]}},{"type":"Feature","properties":{"id":"300026","type":"AC; OVERHEAD","status":"IN SERVICE","owner":null,"voltage":115,"voltClass":"100-161"},"geometry":{"type":"LineString","coordinates":[[-110.86739,33.39968],[-110.86671,33.39896],[-110.86566,33.39595],[-110.86414,33.3943],[-110.86333,33.39337],[-110.86957,33.39111],[-110.8723,33.3901],[-110.87967,33.38739],[-110.88468,33.38559],[-110.8882,33.38545],[-110.89085,33.38534],[-110.89359,33.38523],[-110.89428,33.38476],[-110.89657,33.38397],[-110.89807,33.38358],[-110.90172,33.38352],[-110.9093,33.3836],[-110.91192,33.38365],[-110.91471,33.38265],[-110.91645,33.38143],[-110.91763,33.38137],[-110.92105,33.37985],[-110.92237,33.37492],[-110.92332,33.37391],[-110.92517,33.37198],[-110.92828,33.3712],[-110.93213,33.37021],[-110.93671,33.36901],[-110.94034,33.36806],[-110.94511,33.36681],[-110.94795,33.37142],[-110.94924,33.37353],[-110.95263,33.3791],[-110.95487,33.38254],[-110.95771,33.38698],[-110.95867,33.38807],[-110.96383,33.39407],[-110.96421,33.39453]]}},{"type":"Feature","properties":{"id":"300048","type":"AC; OVERHEAD","status":"IN SERVICE","owner":"ARIZONA PUBLIC SERVICE COMPANY","voltage":230,"voltClass":"220-287"},"geometry":{"type":"LineString","coordinates":[[-112.32218,33.7066],[-112.31553,33.70611],[-112.30614,33.70587],[-112.2882,33.70623],[-112.28543,33.70646],[-112.28547,33.704],[-112.28872,33.69857],[-112.29414,33.68967],[-112.29976,33.67466],[-112.30019,33.66723],[-112.30072,33.65751],[-112.30127,33.64787],[-112.3019,33.63575],[-112.30198,33.63462],[-112.30203,33.63364],[-112.30221,33.63082],[-112.30162,33.61426],[-112.30333,33.60768],[-112.30661,33.59461],[-112.3093,33.58439],[-112.30212,33.56866],[-112.30593,33.56796]]}},{"type":"Feature","properties":{"id":"300042","type":"AC; OVERHEAD","status":"IN SERVICE","owner":null,"voltage":230,"voltClass":"220-287"},"geometry":{"type":"LineString","coordinates":[[-111.79477,32.62528],[-111.79541,32.62707],[-111.81551,32.65372],[-111.91019,32.73913],[-111.99836,32.78579],[-111.99835,32.84785],[-111.99753,32.85012],[-111.99741,32.92619],[-111.99744,32.93548],[-111.99652,32.93759],[-111.99662,32.96024],[-111.99386,32.96044]]}},{"type":"Feature","properties":{"id":"300070","type":"AC; OVERHEAD","status":"IN SERVICE","owner":null,"voltage":345,"voltClass":"345"},"geometry":{"type":"LineString","coordinates":[[-111.18191,34.26198],[-111.18604,34.25702],[-111.22869,34.21451],[-111.25993,34.17626],[-111.28112,34.14137],[-111.30074,34.10929],[-111.31489,34.08644],[-111.3302,34.06072],[-111.34989,34.02814],[-111.36588,34.00178],[-111.38205,33.97527],[-111.38388,33.97244],[-111.39805,33.96474],[-111.41419,33.95634],[-111.44643,33.93431],[-111.47743,33.91492],[-111.5041,33.89864],[-111.51986,33.89243],[-111.55321,33.86584],[-111.57622,33.84759],[-111.61552,33.81698],[-111.63496,33.81104],[-111.64556,33.80686],[-111.65617,33.80294],[-111.66768,33.80082],[-111.67281,33.79934],[-111.69306,33.79291],[-111.72769,33.78184],[-111.76078,33.77127],[-111.7651,33.77011],[-111.83232,33.77011],[-111.87059,33.75549],[-111.88506,33.74425],[-111.91795,33.7194],[-111.92621,33.71294],[-111.93177,33.70826],[-111.93442,33.70583],[-111.93727,33.70245]]}},{"type":"Feature","properties":{"id":"304151","type":"AC; OVERHEAD","status":"IN SERVICE","owner":"ARIZONA PUBLIC SERVICE COMPANY","voltage":500,"voltClass":"500"},"geometry":{"type":"LineString","coordinates":[[-112.22906,34.75656],[-112.22919,34.75804],[-112.23522,34.77775],[-112.23963,34.79069],[-112.26202,34.84461],[-112.28451,34.89873],[-112.30668,34.95193],[-112.33045,35.00914],[-112.35247,35.06219],[-112.35936,35.07824],[-112.35886,35.09972],[-112.35793,35.118],[-112.35708,35.13765],[-112.35672,35.17389],[-112.35529,35.22509],[-112.35376,35.27975],[-112.30469,35.32576],[-112.24585,35.38076],[-112.21479,35.40984],[-112.21512,35.41071],[-112.21408,35.41209]]}},{"type":"Feature","properties":{"id":"304777","type":"AC; OVERHEAD","status":"IN SERVICE","owner":"TRICO ELECTRIC COOPERATIVE","voltage":138,"voltClass":"100-161"},"geometry":{"type":"LineString","coordinates":[[-111.09842,31.88124],[-111.09874,31.88054],[-111.10092,31.87922],[-111.10325,31.87784],[-111.10554,31.87644],[-111.10688,31.87571],[-111.10661,31.87412],[-111.10699,31.87398]]}},{"type":"Feature","properties":{"id":"305111","type":"AC; OVERHEAD","status":"IN SERVICE","owner":"ARIZONA PUBLIC SERVICE COMPANY","voltage":500,"voltClass":"500"},"geometry":{"type":"LineString","coordinates":[[-112.85976,33.34645],[-112.85208,33.34585]]}},{"type":"Feature","properties":{"id":"305366","type":"AC; OVERHEAD","status":"IN SERVICE","owner":null,"voltage":115,"voltClass":"100-161"},"geometry":{"type":"LineString","coordinates":[[-111.24604,32.30232],[-111.24632,32.30311],[-111.24747,32.30256],[-111.25199,32.30342],[-111.2543,32.30383],[-111.25558,32.30496],[-111.25549,32.31352],[-111.25522,32.3143],[-111.25493,32.31524],[-111.25466,32.31617],[-111.25376,32.31894],[-111.25345,32.32003],[-111.25237,32.32121],[-111.2509,32.32285],[-111.24797,32.32615],[-111.24717,32.32702],[-111.24419,32.33044],[-111.24357,32.33124],[-111.24226,32.33282],[-111.23951,32.33621],[-111.23636,32.33987],[-111.2332,32.34336],[-111.23004,32.34684],[-111.22622,32.35093],[-111.22461,32.35261],[-111.22387,32.35356],[-111.22313,32.35447],[-111.22019,32.35809],[-111.21843,32.35967],[-111.21464,32.36224],[-111.21258,32.36364],[-111.20729,32.36391],[-111.20341,32.36411],[-111.20213,32.36416],[-111.19948,32.36532],[-111.19885,32.36597],[-111.19736,32.36749],[-111.19586,32.36901],[-111.19502,32.3699],[-111.19381,32.37053],[-111.19148,32.37182],[-111.19039,32.37242],[-111.19227,32.37822],[-111.19293,32.38023],[-111.19375,32.38103],[-111.19389,32.38147],[-111.19442,32.38173]]}},{"type":"Feature","properties":{"id":"305505","type":"AC; OVERHEAD","status":"IN SERVICE","owner":null,"voltage":230,"voltClass":"220-287"},"geometry":{"type":"LineString","coordinates":[[-114.17137,34.29125],[-114.17131,34.29212],[-114.17704,34.29636],[-114.19163,34.30643],[-114.19965,34.30981],[-114.20912,34.31287],[-114.22162,34.31476],[-114.23845,34.33099],[-114.26197,34.34332],[-114.27604,34.35467],[-114.29711,34.36558],[-114.32279,34.37745],[-114.35014,34.38755],[-114.39556,34.41316],[-114.45072,34.43451],[-114.47917,34.45073],[-114.58028,34.50719],[-114.60474,34.52564],[-114.61754,34.53673],[-114.66459,34.57753],[-114.92908,34.80511],[-114.93132,34.80764],[-114.96478,34.84476],[-114.96634,34.84492]]}},{"type":"Feature","properties":{"id":"305836","type":"AC; OVERHEAD","status":"IN SERVICE","owner":"ARIZONA PUBLIC SERVICE COMPANY","voltage":238,"voltClass":"220-287"},"geometry":{"type":"LineString","coordinates":[[-112.67632,33.1448],[-112.67855,33.15418],[-112.68095,33.15809],[-112.68229,33.16165],[-112.6844,33.16544],[-112.6898,33.17319],[-112.69364,33.17869],[-112.69611,33.18166],[-112.70445,33.18656],[-112.71065,33.19147],[-112.71245,33.19405],[-112.71617,33.20144],[-112.71786,33.20358],[-112.73547,33.21726],[-112.74022,33.21947],[-112.74544,33.2214],[-112.74607,33.23952],[-112.74721,33.24358],[-112.75095,33.25288],[-112.75122,33.26327],[-112.74655,33.26894],[-112.74555,33.27682],[-112.74504,33.2807],[-112.74619,33.28569],[-112.74639,33.28837],[-112.7464,33.2945],[-112.7464,33.30307],[-112.7464,33.30735],[-112.7464,33.31844],[-112.74636,33.32246],[-112.74647,33.33034],[-112.7465,33.33603],[-112.74558,33.33658],[-112.74559,33.33659],[-112.72851,33.34692],[-112.72611,33.34805],[-112.71806,33.34861],[-112.72046,33.35215],[-112.72076,33.36391],[-112.72445,33.36316],[-112.72648,33.36316],[-112.72828,33.36386]]}},{"type":"Feature","properties":{"id":"305920","type":"AC; OVERHEAD","status":"IN SERVICE","owner":"TUCSON ELECTRIC POWER COMPANY","voltage":230,"voltClass":"220-287"},"geometry":{"type":"LineString","coordinates":[[-110.70788,31.99191],[-110.70697,31.99213],[-110.70698,31.99481],[-110.70696,31.9997],[-110.70697,32.00204],[-110.70696,32.00432],[-110.70695,32.00853],[-110.71696,32.01148],[-110.72583,32.01407],[-110.7297,32.0152],[-110.74428,32.01945],[-110.74663,32.02012],[-110.74922,32.02089],[-110.75168,32.02155],[-110.75414,32.02228],[-110.75668,32.02305],[-110.7592,32.02379],[-110.76449,32.02534],[-110.77198,32.02749],[-110.77658,32.02885],[-110.77912,32.02882],[-110.78184,32.02884],[-110.78451,32.02887],[-110.78988,32.02889],[-110.79521,32.02892],[-110.79783,32.02893],[-110.80048,32.02894],[-110.80573,32.02896],[-110.80839,32.02898],[-110.81323,32.02902],[-110.81549,32.02901],[-110.81744,32.02902],[-110.8198,32.02905],[-110.82224,32.02904],[-110.82646,32.02906],[-110.83183,32.0291],[-110.83702,32.02912],[-110.84503,32.02916],[-110.85039,32.02919],[-110.8562,32.02923],[-110.86073,32.02923],[-110.86632,32.02924],[-110.87693,32.02927],[-110.88236,32.02931],[-110.88772,32.02935],[-110.89289,32.02937],[-110.89824,32.02938],[-110.90098,32.02941],[-110.90633,32.02942],[-110.90908,32.02944],[-110.91442,32.02945],[-110.91693,32.02947],[-110.92526,32.02886],[-110.92517,32.02292],[-110.92511,32.01749],[-110.92516,32.01163],[-110.92524,32.00464],[-110.92524,31.99852],[-110.92558,31.99651],[-110.92592,31.99453],[-110.9263,31.99241],[-110.92723,31.98695],[-110.92724,31.98337],[-110.92728,31.9817],[-110.92732,31.97957],[-110.92736,31.97741],[-110.92739,31.97533],[-110.92741,31.9735],[-110.92744,31.9717],[-110.92843,31.97165]]}},{"type":"Feature","properties":{"id":"306022","type":"AC; OVERHEAD","status":"IN SERVICE","owner":"ARIZONA PUBLIC SERVICE COMPANY","voltage":500,"voltClass":"500"},"geometry":{"type":"LineString","coordinates":[[-112.85208,33.34585],[-112.85696,33.34739],[-112.88575,33.34738],[-112.88882,33.34198]]}},{"type":"Feature","properties":{"id":"306703","type":"AC; OVERHEAD","status":"IN SERVICE","owner":"SALT RIVER PROJECT","voltage":230,"voltClass":"220-287"},"geometry":{"type":"LineString","coordinates":[[-112.31307,33.46617],[-112.31896,33.46602],[-112.31879,33.42807],[-112.31853,33.41398],[-112.31716,33.40989]]}},{"type":"Feature","properties":{"id":"307178","type":"AC; OVERHEAD","status":"IN SERVICE","owner":"SALT RIVER PROJECT","voltage":230,"voltClass":"220-287"},"geometry":{"type":"LineString","coordinates":[[-111.79984,33.42498],[-111.79595,33.42612],[-111.75823,33.42621],[-111.71008,33.42633],[-111.68267,33.42634],[-111.67479,33.42689]]}},{"type":"Feature","properties":{"id":"307990","type":"AC; OVERHEAD","status":"IN SERVICE","owner":null,"voltage":230,"voltClass":"220-287"},"geometry":{"type":"LineString","coordinates":[[-114.83035,36.48251],[-114.83944,36.48332],[-114.8276,36.50661],[-114.81899,36.51343],[-114.81868,36.51373],[-114.80444,36.52538],[-114.68312,36.62134],[-114.6665,36.63424],[-114.6652,36.63583],[-114.66365,36.63774],[-114.65242,36.64618],[-114.65027,36.64887],[-114.6367,36.65979],[-114.63296,36.66257],[-114.62102,36.66648],[-114.61378,36.67564],[-114.60964,36.68043],[-114.60785,36.68123]]}},{"type":"Feature","properties":{"id":"303707","type":"AC; OVERHEAD","status":"IN SERVICE","owner":null,"voltage":115,"voltClass":"100-161"},"geometry":{"type":"LineString","coordinates":[[-111.12297,33.29398],[-111.14187,33.28555],[-111.16621,33.28692],[-111.17159,33.28555],[-111.20246,33.2919],[-111.21193,33.2963],[-111.23346,33.30037],[-111.24453,33.29852],[-111.25446,33.29168],[-111.26211,33.2838],[-111.27033,33.27884],[-111.31005,33.29091],[-111.31553,33.29028],[-111.32507,33.29562],[-111.33592,33.2957],[-111.36367,33.30547],[-111.45298,33.35368]]}},{"type":"Feature","properties":{"id":"303691","type":"AC; OVERHEAD","status":"IN SERVICE","owner":null,"voltage":230,"voltClass":"220-287"},"geometry":{"type":"LineString","coordinates":[[-114.56594,35.1947],[-114.56764,35.19417],[-114.56852,35.19217],[-114.56696,35.1908],[-114.56639,35.18953],[-114.56555,35.18797],[-114.56389,35.18489],[-114.56197,35.18399],[-114.56025,35.18191],[-114.5589,35.18043],[-114.55569,35.17789],[-114.55389,35.17246],[-114.55074,35.16431],[-114.54059,35.13686],[-114.53188,35.11385],[-114.52938,35.10715],[-114.53445,35.09883],[-114.5526,35.09866],[-114.56139,35.0987],[-114.56143,35.09656]]}},{"type":"Feature","properties":{"id":"303804","type":"AC; OVERHEAD","status":"IN SERVICE","owner":"ARIZONA PUBLIC SERVICE COMPANY","voltage":500,"voltClass":"500"},"geometry":{"type":"LineString","coordinates":[[-111.29614,32.55651],[-111.29557,32.55538],[-111.29466,32.55377],[-111.29138,32.55058],[-111.28812,32.54746],[-111.28699,32.54638],[-111.28485,32.54432],[-111.28482,32.54376],[-111.28518,32.54346]]}},{"type":"Feature","properties":{"id":"303807","type":"AC; OVERHEAD","status":"IN SERVICE","owner":null,"voltage":500,"voltClass":"500"},"geometry":{"type":"LineString","coordinates":[[-111.59763,33.35567],[-111.59594,33.35765],[-111.5864,33.3576],[-111.58363,33.35808],[-111.55048,33.35807],[-111.54852,33.35783],[-111.49347,33.35771],[-111.49344,33.33505],[-111.42317,33.27668],[-111.35165,33.27772],[-111.31578,33.29597],[-111.29825,33.31431],[-111.26901,33.31541],[-111.16317,33.28716],[-111.14277,33.29746],[-111.12811,33.2981],[-111.11092,33.31169],[-111.10235,33.31818],[-111.09222,33.33505],[-111.07503,33.34082],[-111.05256,33.33893],[-111.04216,33.33939],[-111.03738,33.33916]]}},{"type":"Feature","properties":{"id":"303920","type":"AC; OVERHEAD","status":"IN SERVICE","owner":null,"voltage":230,"voltClass":"220-287"},"geometry":{"type":"LineString","coordinates":[[-114.74302,36.01836],[-114.74819,36.01469],[-114.75061,36.0127],[-114.75389,36.01114],[-114.76022,36.00878],[-114.78338,36.00016],[-114.79049,35.98301],[-114.7969,35.97008],[-114.81239,35.93899],[-114.81612,35.9315],[-114.82081,35.92215],[-114.83474,35.92781]]}},{"type":"Feature","properties":{"id":"303966","type":"AC; OVERHEAD","status":"IN SERVICE","owner":"UNS ELECTRIC INCORPORATED","voltage":115,"voltClass":"100-161"},"geometry":{"type":"LineString","coordinates":[[-110.97476,31.46757],[-110.96429,31.44494],[-110.95002,31.42739],[-110.94942,31.40687],[-110.94823,31.38396],[-110.9402,31.37683],[-110.94079,31.3679],[-110.93604,31.36642],[-110.93514,31.36225],[-110.93135,31.36323]]}},{"type":"Feature","properties":{"id":"304005","type":"AC; OVERHEAD","status":"IN SERVICE","owner":"ARIZONA PUBLIC SERVICE COMPANY","voltage":230,"voltClass":"220-287"},"geometry":{"type":"LineString","coordinates":[[-112.50028,33.41223],[-112.51038,33.41195],[-112.52456,33.41961],[-112.53581,33.41965],[-112.58659,33.43544],[-112.61365,33.4435],[-112.63968,33.47929],[-112.70145,33.56724],[-112.71664,33.58953],[-112.71771,33.59141]]}},{"type":"Feature","properties":{"id":"304043","type":"AC; OVERHEAD","status":"IN SERVICE","owner":"ARIZONA PUBLIC SERVICE COMPANY","voltage":500,"voltClass":"500"},"geometry":{"type":"LineString","coordinates":[[-111.29614,32.55651],[-111.29587,32.55534],[-111.29506,32.55363],[-111.29174,32.55039],[-111.2872,32.54606],[-111.28542,32.54439],[-111.28516,32.54382],[-111.28518,32.54346]]}},{"type":"Feature","properties":{"id":"304071","type":"AC; OVERHEAD","status":"IN SERVICE","owner":null,"voltage":115,"voltClass":"100-161"},"geometry":{"type":"LineString","coordinates":[[-110.98258,32.60115],[-110.98227,32.60114],[-110.98188,32.6015],[-110.98008,32.60178],[-110.97559,32.6025],[-110.97143,32.60312],[-110.96945,32.60343],[-110.96562,32.60401],[-110.96217,32.60453],[-110.95811,32.60514],[-110.95437,32.60571],[-110.94961,32.6064],[-110.94936,32.60572]]}},{"type":"Feature","properties":{"id":"304102","type":"AC; OVERHEAD","status":"IN SERVICE","owner":"UNS ELECTRIC INCORPORATED","voltage":115,"voltClass":"100-161"},"geometry":{"type":"LineString","coordinates":[[-111.00206,31.50843],[-111.00178,31.50852],[-111.00142,31.50759],[-111.00075,31.50589],[-111.00007,31.50409],[-110.99801,31.50271],[-110.9956,31.50104],[-110.99332,31.49949],[-110.99151,31.49829],[-110.99043,31.49618],[-110.98928,31.49412],[-110.98791,31.49154],[-110.98632,31.48864],[-110.98518,31.48651],[-110.984,31.48436],[-110.98272,31.48197],[-110.98118,31.47915],[-110.97959,31.4762],[-110.97476,31.46757]]}},{"type":"Feature","properties":{"id":"304211","type":"AC; OVERHEAD","status":"IN SERVICE","owner":"SULPHUR SPRINGS VALLEY ELECTRIC COOPERATIVE","voltage":115,"voltClass":"100-161"},"geometry":{"type":"LineString","coordinates":[[-109.89377,32.06014],[-109.89286,32.05957],[-109.89235,32.05844],[-109.8919,32.05741],[-109.89402,32.05693],[-109.89808,32.05602],[-109.90229,32.05508],[-109.90718,32.05399],[-109.91175,32.05296],[-109.91632,32.05195],[-109.92014,32.05059],[-109.92236,32.0498],[-109.92684,32.04821],[-109.93794,32.04427],[-109.94426,32.04203],[-109.94846,32.04054],[-109.95506,32.03819],[-109.96111,32.03605],[-109.97163,32.03232],[-109.97608,32.03077],[-109.97985,32.0294],[-109.98398,32.02799],[-109.98831,32.02642],[-109.99537,32.02438],[-110.00412,32.0219],[-110.00867,32.02058],[-110.0111,32.01988],[-110.01339,32.01921],[-110.01759,32.01803],[-110.02214,32.01671],[-110.02449,32.01603],[-110.0291,32.01471],[-110.03353,32.01342],[-110.0384,32.01205],[-110.04084,32.01134],[-110.04304,32.01072],[-110.04881,32.00906],[-110.05542,32.00715],[-110.05781,32.00644],[-110.06506,32.00437],[-110.06688,32.00385],[-110.06898,32.00324],[-110.07109,32.00262],[-110.0776,32.00237],[-110.08256,32.00219],[-110.08974,32.00191],[-110.09451,32.0017],[-110.09686,32.00163],[-110.10417,32.00133],[-110.10599,32.00126],[-110.1103,32.00109],[-110.11421,32.00093],[-110.1168,32.00082],[-110.11926,32.00073],[-110.12371,32.00055],[-110.12571,32.00047],[-110.12815,32.00039],[-110.13059,32.00027],[-110.13297,32.00017],[-110.13493,32.00008],[-110.13966,31.99991],[-110.14195,31.99983],[-110.14594,31.99966],[-110.14833,31.99957],[-110.15039,31.99949],[-110.15258,31.9994],[-110.15479,31.99931],[-110.15666,31.99927],[-110.1596,31.99921],[-110.16175,31.99917],[-110.16418,31.99911],[-110.16604,31.99907],[-110.16647,31.99895],[-110.16652,31.99837]]}},{"type":"Feature","properties":{"id":"304240","type":"AC; OVERHEAD","status":"IN SERVICE","owner":"ARIZONA PUBLIC SERVICE COMPANY","voltage":500,"voltClass":"500"},"geometry":{"type":"LineString","coordinates":[[-112.85905,33.38473],[-112.85455,33.3825],[-112.84648,33.37836],[-112.84643,33.35547],[-112.84642,33.347],[-112.84795,33.3459],[-112.85208,33.34585]]}},{"type":"Feature","properties":{"id":"303056","type":"AC; OVERHEAD","status":"IN SERVICE","owner":"TRICO ELECTRIC COOPERATIVE","voltage":115,"voltClass":"100-161"},"geometry":{"type":"LineString","coordinates":[[-111.22873,32.2533],[-111.22826,32.2526],[-111.22788,32.25194],[-111.22851,32.25192],[-111.22899,32.25222],[-111.23,32.2528],[-111.23105,32.2534],[-111.23212,32.25402],[-111.23323,32.25464],[-111.23429,32.25538],[-111.23528,32.25607],[-111.23618,32.25669],[-111.23818,32.25807],[-111.24313,32.26151],[-111.24473,32.2624],[-111.24622,32.26695],[-111.24801,32.2723],[-111.24788,32.27435],[-111.24783,32.27545],[-111.24777,32.27654],[-111.24772,32.27765],[-111.24755,32.28093],[-111.24746,32.28309],[-111.24647,32.28676],[-111.24591,32.28878],[-111.24488,32.29225],[-111.24369,32.29622],[-111.24276,32.29923],[-111.24315,32.30029],[-111.2435,32.3014],[-111.24421,32.30195],[-111.24511,32.30265],[-111.24604,32.30232]]}},{"type":"Feature","properties":{"id":"303063","type":"AC; OVERHEAD","status":"IN SERVICE","owner":"ARIZONA PUBLIC SERVICE COMPANY","voltage":230,"voltClass":"220-287"},"geometry":{"type":"LineString","coordinates":[[-112.59247,33.43679],[-112.61402,33.44333],[-112.64217,33.48221],[-112.69151,33.5522],[-112.71817,33.59097],[-112.71906,33.59303],[-112.7432,33.61221],[-112.82657,33.67831],[-112.93408,33.76356],[-112.99926,33.78347],[-113.04721,33.79795],[-113.12431,33.84539],[-113.20506,33.89481],[-113.23394,33.89861],[-113.28322,33.90503],[-113.2863,33.90596]]}},{"type":"Feature","properties":{"id":"303120","type":"AC; OVERHEAD","status":"IN SERVICE","owner":null,"voltage":230,"voltClass":"220-287"},"geometry":{"type":"LineString","coordinates":[[-113.36335,35.19252],[-113.36206,35.19222],[-113.334,35.20817],[-113.32207,35.21482],[-113.294,35.22617],[-113.24518,35.24634],[-113.18736,35.27011],[-113.15742,35.27805],[-113.11969,35.28819],[-113.07175,35.297],[-113.0342,35.30369],[-112.98274,35.30365],[-112.95334,35.30363],[-112.89621,35.29793],[-112.82068,35.29034],[-112.80533,35.28878],[-112.7841,35.28802],[-112.75582,35.28723],[-112.75518,35.28815]]}},{"type":"Feature","properties":{"id":"303238","type":"AC; OVERHEAD","status":"IN SERVICE","owner":"ARIZONA PUBLIC SERVICE COMPANY","voltage":230,"voltClass":"220-287"},"geometry":{"type":"LineString","coordinates":[[-111.65397,35.17558],[-111.65511,35.17491],[-111.66079,35.16876],[-111.67213,35.16366],[-111.69641,35.15505],[-111.7453,35.13764],[-111.82755,35.07989],[-111.91453,35.01877],[-111.92142,35.00175],[-111.94131,34.98632],[-111.95121,34.98132],[-111.95682,34.97957],[-111.96576,34.9732],[-111.97679,34.9654],[-111.98424,34.96012],[-111.98667,34.93982],[-111.98222,34.93175],[-111.98227,34.90293],[-112.01747,34.85925],[-112.02888,34.85429],[-112.02959,34.84747],[-112.02996,34.8466]]}},{"type":"Feature","properties":{"id":"303332","type":"AC; OVERHEAD","status":"IN SERVICE","owner":null,"voltage":230,"voltClass":"220-287"},"geometry":{"type":"LineString","coordinates":[[-111.52619,33.00804],[-111.52665,33.00613],[-111.54185,33.00587],[-111.54183,33.00216],[-111.56722,33.00173],[-111.56724,32.98319],[-111.57633,32.98298],[-111.57783,32.98476],[-111.59037,32.98491],[-111.59627,32.9797],[-111.59636,32.95305],[-111.59283,32.94818],[-111.59284,32.93101],[-111.59035,32.92987]]}},{"type":"Feature","properties":{"id":"303363","type":"AC; OVERHEAD","status":"IN SERVICE","owner":"TUCSON ELECTRIC POWER COMPANY","voltage":138,"voltClass":"100-161"},"geometry":{"type":"LineString","coordinates":[[-110.9759,32.22975],[-110.97678,32.22879],[-110.97918,32.22767],[-110.98254,32.22771],[-110.98274,32.22607],[-110.98239,32.22362],[-110.98223,32.22121],[-110.98166,32.2189],[-110.98204,32.2147],[-110.98271,32.2134],[-110.9857,32.21031],[-110.98736,32.20843],[-110.98819,32.20707],[-110.98812,32.20321],[-110.98799,32.20108],[-110.98808,32.19896],[-110.988,32.19284],[-110.99102,32.18249],[-110.99028,32.17888],[-110.99078,32.17663],[-110.99112,32.17444],[-110.99021,32.16969],[-110.9882,32.16028],[-110.98711,32.15574],[-110.98012,32.15086],[-110.97947,32.14914],[-110.9656,32.149],[-110.96026,32.15068],[-110.95637,32.15069],[-110.95383,32.14975],[-110.94508,32.14979],[-110.93446,32.14983],[-110.92694,32.1558],[-110.92499,32.15994],[-110.92223,32.15996],[-110.91468,32.15997],[-110.90976,32.16001],[-110.90779,32.1601],[-110.90668,32.15995]]}},{"type":"Feature","properties":{"id":"303452","type":"AC; OVERHEAD","status":"IN SERVICE","owner":"SALT RIVER PROJECT","voltage":115,"voltClass":"100-161"},"geometry":{"type":"LineString","coordinates":[[-111.12399,33.66346],[-111.12384,33.66411],[-111.12515,33.66475],[-111.12642,33.66534],[-111.1281,33.66615],[-111.12912,33.66684],[-111.13089,33.66721],[-111.13365,33.66764],[-111.13763,33.66717],[-111.13983,33.66734],[-111.14071,33.66798],[-111.14627,33.66945],[-111.14779,33.67],[-111.14945,33.67053],[-111.15125,33.67072],[-111.15468,33.67219],[-111.15569,33.67255],[-111.15695,33.67184],[-111.15877,33.67123],[-111.1599,33.67056],[-111.16176,33.67102]]}},{"type":"Feature","properties":{"id":"303542","type":"AC; OVERHEAD","status":"IN SERVICE","owner":"ARIZONA PUBLIC SERVICE COMPANY","voltage":230,"voltClass":"220-287"},"geometry":{"type":"LineString","coordinates":[[-111.99631,33.77184],[-111.99626,33.7723],[-112.04804,33.83149],[-112.05348,33.8377],[-112.05469,33.83771],[-112.0552,33.83798]]}},{"type":"Feature","properties":{"id":"303609","type":"AC; OVERHEAD","status":null,"owner":"UNS ELECTRIC INCORPORATED","voltage":115,"voltClass":"100-161"},"geometry":{"type":"LineString","coordinates":[[-110.93135,31.36323],[-110.93134,31.36347]]}},{"type":"Feature","properties":{"id":"302443","type":"AC; OVERHEAD","status":"IN SERVICE","owner":null,"voltage":500,"voltClass":"500"},"geometry":{"type":"LineString","coordinates":[[-111.99529,32.96251],[-111.99319,32.96245],[-111.99316,32.96026],[-111.95851,32.96032],[-111.95853,32.95343],[-111.95757,32.95108],[-111.95596,32.94942],[-111.95358,32.94534],[-111.95343,32.92363],[-111.95141,32.91688],[-111.9454,32.91429],[-111.9454,32.9079],[-111.94584,32.90543],[-111.94591,32.89838],[-111.94561,32.84264],[-111.94258,32.84059],[-111.89561,32.83999],[-111.88615,32.83993],[-111.88615,32.83592],[-111.88526,32.83565],[-111.71912,32.83601],[-111.71231,32.83511],[-111.7079,32.83556],[-111.69375,32.83601],[-111.68455,32.83086],[-111.68328,32.83312],[-111.67929,32.83404],[-111.67046,32.83375],[-111.67043,32.86468],[-111.60398,32.86479],[-111.60169,32.86593],[-111.60163,32.87215],[-111.56544,32.87186],[-111.5618,32.87018]]}},{"type":"Feature","properties":{"id":"301313","type":"AC; OVERHEAD","status":"IN SERVICE","owner":null,"voltage":138,"voltClass":"100-161"},"geometry":{"type":"LineString","coordinates":[[-111.12633,32.40106],[-111.12603,32.40047],[-111.12571,32.40038],[-111.12565,32.39888],[-111.12387,32.39756],[-111.12259,32.3965],[-111.12137,32.39543],[-111.12026,32.3943],[-111.11915,32.39305],[-111.11667,32.39005],[-111.11338,32.38596],[-111.10863,32.38013],[-111.10682,32.37794],[-111.10532,32.37609],[-111.10412,32.37475],[-111.10294,32.37356],[-111.10107,32.37182],[-111.09712,32.36812],[-111.09137,32.36276],[-111.08736,32.35902],[-111.08361,32.35553],[-111.07957,32.35175],[-111.07562,32.34805],[-111.06985,32.34269],[-111.06393,32.33717],[-111.05667,32.33035],[-111.0624,32.32366],[-111.06238,32.32081],[-111.06029,32.31855],[-111.05636,32.31433],[-111.05441,32.31215],[-111.05164,32.30826],[-111.05031,32.30636],[-111.04891,32.30433],[-111.04751,32.30238],[-111.0455,32.29971],[-111.04425,32.29809],[-111.04279,32.29605],[-111.0396,32.29182],[-111.03463,32.28523],[-111.03302,32.28308],[-111.02866,32.2773],[-111.02553,32.27313],[-111.02285,32.26955],[-111.02002,32.26583],[-111.01338,32.26577],[-111.01121,32.26373],[-111.00906,32.26187],[-111.00844,32.2599],[-111.00796,32.25812],[-111.00559,32.25697],[-111.00302,32.25621],[-110.99944,32.25386],[-110.9968,32.2543],[-110.99437,32.25422],[-110.99344,32.25404]]}},{"type":"Feature","properties":{"id":"301387","type":"AC; OVERHEAD","status":"IN SERVICE","owner":null,"voltage":115,"voltClass":"100-161"},"geometry":{"type":"LineString","coordinates":[[-110.77958,33.00485],[-110.77401,33.0016]]}},{"type":"Feature","properties":{"id":"301382","type":"AC; OVERHEAD","status":"IN SERVICE","owner":null,"voltage":230,"voltClass":"220-287"},"geometry":{"type":"LineString","coordinates":[[-110.92843,31.97165],[-110.92746,31.9716],[-110.92749,31.96989],[-110.92746,31.96782],[-110.92741,31.96334],[-110.92738,31.96106],[-110.92735,31.95877],[-110.92732,31.95649],[-110.92731,31.95422],[-110.92727,31.95193],[-110.92724,31.94986],[-110.92736,31.9478],[-110.92733,31.94545],[-110.92727,31.9436],[-110.92769,31.94185],[-110.92764,31.93968],[-110.92764,31.93741],[-110.92763,31.93303],[-110.92761,31.92869],[-110.9276,31.92417],[-110.9276,31.9196],[-110.92754,31.91355],[-110.92941,31.91358],[-110.9347,31.9136],[-110.93896,31.91363],[-110.94201,31.91364],[-110.94447,31.91367],[-110.94776,31.91081],[-110.9492,31.90955],[-110.95281,31.90646],[-110.95829,31.90652],[-110.96196,31.90657],[-110.96243,31.91388],[-110.97292,31.91374],[-110.9768,31.91366],[-110.98138,31.91374],[-110.98542,31.9138],[-110.99026,31.91385],[-110.99533,31.91392],[-110.99844,31.91391],[-111.00086,31.91391],[-111.00627,31.91391],[-111.02106,31.91389],[-111.03438,31.91391],[-111.03999,31.91387],[-111.04892,31.91687],[-111.06019,31.92067],[-111.06003,31.92177],[-111.06049,31.92212]]}},{"type":"Feature","properties":{"id":"301449","type":"AC; OVERHEAD","status":"IN SERVICE","owner":null,"voltage":138,"voltClass":"100-161"},"geometry":{"type":"LineString","coordinates":[[-110.96729,31.99775],[-110.97023,31.99451],[-110.9872,31.99435],[-110.98722,31.97258],[-110.99591,31.97246],[-110.99577,31.95825],[-111.0125,31.95804],[-111.01249,31.94338],[-111.01855,31.94337],[-111.04206,31.94285],[-111.09751,31.94253],[-111.09842,31.88124]]}},{"type":"Feature","properties":{"id":"301470","type":"AC; OVERHEAD","status":null,"owner":"MOHAVE ELECTRIC COOPERATIVE","voltage":230,"voltClass":"220-287"},"geometry":{"type":"LineString","coordinates":[[-114.53256,34.86789],[-114.53252,34.86876]]}},{"type":"Feature","properties":{"id":"301585","type":"AC; OVERHEAD","status":"IN SERVICE","owner":"TRICO ELECTRIC COOPERATIVE","voltage":115,"voltClass":"100-161"},"geometry":{"type":"LineString","coordinates":[[-111.13066,32.16201],[-111.12953,32.16143],[-111.13015,32.16075],[-111.1314,32.16092],[-111.13265,32.16104],[-111.1339,32.16118],[-111.13516,32.16131],[-111.13642,32.16144],[-111.13764,32.16159],[-111.13893,32.16171],[-111.14133,32.1622],[-111.14355,32.16267],[-111.14492,32.16295],[-111.14589,32.16305],[-111.14847,32.16332],[-111.15103,32.16359],[-111.15349,32.16386],[-111.15465,32.16396],[-111.15584,32.16406],[-111.15743,32.16538],[-111.15837,32.16613],[-111.1593,32.16689],[-111.16118,32.16841],[-111.16492,32.17144],[-111.16684,32.17296],[-111.16754,32.17386],[-111.16825,32.17475],[-111.17021,32.17707],[-111.17226,32.17954],[-111.17361,32.18109],[-111.174,32.18215],[-111.17612,32.18758],[-111.17652,32.18859],[-111.17695,32.18948],[-111.17919,32.19358],[-111.1808,32.19635],[-111.18204,32.19852],[-111.18316,32.20046],[-111.18349,32.20147],[-111.18378,32.20239],[-111.18411,32.20334],[-111.1844,32.20426],[-111.18471,32.20523],[-111.18499,32.20614],[-111.1857,32.20672],[-111.18727,32.20806],[-111.18811,32.20876],[-111.18888,32.2094],[-111.18972,32.21104],[-111.19065,32.21281],[-111.19155,32.21449],[-111.19204,32.21521],[-111.19258,32.21597],[-111.194,32.21756],[-111.19468,32.21833],[-111.19547,32.21922],[-111.19781,32.22184],[-111.1986,32.2227],[-111.20048,32.22628],[-111.20204,32.22921],[-111.20343,32.23179],[-111.20393,32.23273],[-111.20452,32.23376],[-111.20506,32.23459],[-111.20553,32.23532],[-111.2067,32.23714],[-111.20771,32.2387],[-111.20879,32.24038],[-111.20938,32.24133],[-111.21016,32.24204],[-111.2122,32.24396],[-111.214,32.24498],[-111.21864,32.24764],[-111.22049,32.2487],[-111.22344,32.25039],[-111.22531,32.25147],[-111.22615,32.25196],[-111.22775,32.25195],[-111.22815,32.25266],[-111.22873,32.2533]]}},{"type":"Feature","properties":{"id":"301596","type":"AC; OVERHEAD","status":"IN SERVICE","owner":null,"voltage":230,"voltClass":"220-287"},"geometry":{"type":"LineString","coordinates":[[-113.71792,35.25082],[-113.71671,35.25251],[-113.71377,35.25315],[-113.70254,35.25554],[-113.63838,35.26085],[-113.61712,35.26261],[-113.57353,35.26618],[-113.53528,35.26935],[-113.51579,35.27572],[-113.48014,35.26977],[-113.45969,35.25547],[-113.4045,35.21942],[-113.36443,35.1927],[-113.36335,35.19252]]}},{"type":"Feature","properties":{"id":"301642","type":"AC; OVERHEAD","status":"IN SERVICE","owner":"ARIZONA PUBLIC SERVICE COMPANY","voltage":230,"voltClass":"220-287"},"geometry":{"type":"LineString","coordinates":[[-112.32218,33.7066],[-112.31552,33.70641],[-112.30615,33.70623],[-112.28382,33.70682],[-112.26353,33.70675],[-112.26061,33.70742],[-112.22024,33.70749],[-112.20633,33.70745],[-112.17844,33.70898],[-112.1348,33.70942],[-112.13444,33.66338],[-112.13345,33.66312]]}},{"type":"Feature","properties":{"id":"301677","type":"AC; OVERHEAD","status":"IN SERVICE","owner":"ARIZONA PUBLIC SERVICE COMPANY","voltage":230,"voltClass":"220-287"},"geometry":{"type":"LineString","coordinates":[[-112.06661,33.47529],[-112.06721,33.47481],[-112.06952,33.47484],[-112.06955,33.48014],[-112.08026,33.48022],[-112.08423,33.4803],[-112.09153,33.4804],[-112.09196,33.48063],[-112.1002,33.48078],[-112.10973,33.48081],[-112.10979,33.48208]]}},{"type":"Feature","properties":{"id":"301734","type":"AC; OVERHEAD","status":"IN SERVICE","owner":"DUCAN VALLEY ELECTRIC COOPERATIVE","voltage":230,"voltClass":"220-287"},"geometry":{"type":"LineString","coordinates":[[-109.27514,32.98854],[-109.2737,32.98858],[-109.18589,32.98032],[-109.17241,32.96689]]}},{"type":"Feature","properties":{"id":"301748","type":"AC; OVERHEAD","status":"IN SERVICE","owner":"SALT RIVER PROJECT","voltage":230,"voltClass":"220-287"},"geometry":{"type":"LineString","coordinates":[[-111.94234,33.35217],[-111.94479,33.35192],[-111.96284,33.29754],[-111.96355,33.29495],[-111.96364,33.2921],[-111.96466,33.29198]]}},{"type":"Feature","properties":{"id":"302451","type":"AC; OVERHEAD","status":"IN SERVICE","owner":"TUCSON ELECTRIC POWER COMPANY","voltage":115,"voltClass":"100-161"},"geometry":{"type":"LineString","coordinates":[[-110.99344,32.25404],[-111.00221,32.24871],[-111.00316,32.22681],[-111.01505,32.21757],[-111.01429,32.18605],[-111.00844,32.16793],[-111.00085,32.15586],[-110.99077,32.1544],[-110.99147,32.15127],[-110.9874,32.15128],[-110.98723,32.1369],[-110.9884,32.1354]]}},{"type":"Feature","properties":{"id":"302484","type":"AC; OVERHEAD","status":"IN SERVICE","owner":"SALT RIVER PROJECT","voltage":230,"voltClass":"220-287"},"geometry":{"type":"LineString","coordinates":[[-111.91122,33.42661],[-111.91188,33.42876],[-111.91342,33.42908],[-111.91359,33.43267],[-111.91597,33.43534],[-111.93051,33.43503],[-111.93609,33.43437],[-111.94296,33.43503],[-111.9432,33.43161],[-111.94358,33.42934],[-111.9434,33.40779],[-111.94328,33.39322],[-111.9434,33.39188],[-111.9434,33.35627],[-111.94355,33.35337],[-111.94234,33.35217]]}},{"type":"Feature","properties":{"id":"302551","type":"AC; OVERHEAD","status":"IN SERVICE","owner":"SALT RIVER PROJECT","voltage":115,"voltClass":"100-161"},"geometry":{"type":"LineString","coordinates":[[-111.50953,33.45275],[-111.50769,33.45292],[-111.5055,33.45376],[-111.50324,33.4547],[-111.49965,33.45667],[-111.49737,33.45807],[-111.4954,33.45952],[-111.49185,33.46206],[-111.48891,33.46416],[-111.48713,33.46545],[-111.48615,33.46617],[-111.48272,33.46859],[-111.48038,33.47093],[-111.47546,33.47578],[-111.47454,33.4771],[-111.47055,33.4827],[-111.46692,33.48785],[-111.46329,33.49289],[-111.46015,33.49731],[-111.45852,33.50146],[-111.45833,33.50336],[-111.45816,33.50534],[-111.45796,33.50778],[-111.45761,33.51068],[-111.45727,33.51327],[-111.4574,33.51531],[-111.4576,33.51765],[-111.45733,33.51874],[-111.45666,33.52031],[-111.45592,33.52182],[-111.45528,33.52334],[-111.45464,33.52512],[-111.45411,33.52673],[-111.4541,33.5285],[-111.45415,33.52898],[-111.45433,33.53151],[-111.45449,33.53333],[-111.45372,33.53565],[-111.45283,33.53841],[-111.45113,33.53978],[-111.44819,33.54064],[-111.4469,33.54074],[-111.44611,33.54287],[-111.44492,33.54637],[-111.4458,33.54904],[-111.44642,33.55072],[-111.44625,33.55133],[-111.44556,33.55294],[-111.44477,33.55343]]}},{"type":"Feature","properties":{"id":"302688","type":"AC; OVERHEAD","status":"IN SERVICE","owner":null,"voltage":161,"voltClass":"100-161"},"geometry":{"type":"LineString","coordinates":[[-114.26492,32.6665],[-114.26454,32.665],[-114.26569,32.6642],[-114.27152,32.66459],[-114.27637,32.66578],[-114.27837,32.66522],[-114.31293,32.66819],[-114.32268,32.66121],[-114.32428,32.66067],[-114.35818,32.66143],[-114.39368,32.67772],[-114.46224,32.67801],[-114.46867,32.68451],[-114.46948,32.68428]]}},{"type":"Feature","properties":{"id":"302715","type":"AC; OVERHEAD","status":"IN SERVICE","owner":null,"voltage":230,"voltClass":"220-287"},"geometry":{"type":"LineString","coordinates":[[-114.21135,34.41712],[-114.21204,34.41703],[-114.21303,34.41784],[-114.21785,34.42278],[-114.2331,34.43835],[-114.24917,34.45486],[-114.27666,34.48305],[-114.29785,34.50497],[-114.30961,34.51696],[-114.31562,34.52349],[-114.32353,34.53336],[-114.34243,34.55721],[-114.34426,34.55953],[-114.34596,34.56133],[-114.34681,34.56289],[-114.35897,34.57878],[-114.36903,34.59142],[-114.34134,34.62606],[-114.34349,34.64798],[-114.34769,34.65403],[-114.36403,34.66706],[-114.45314,34.90428],[-114.45462,34.90708],[-114.45499,34.90821]]}},{"type":"Feature","properties":{"id":"302725","type":"AC; OVERHEAD","status":"IN SERVICE","owner":null,"voltage":115,"voltClass":"100-161"},"geometry":{"type":"LineString","coordinates":[[-110.85848,33.41309],[-110.85892,33.41314],[-110.86053,33.41392],[-110.86205,33.4145],[-110.86677,33.41663],[-110.87283,33.41917],[-110.87323,33.41949]]}},{"type":"Feature","properties":{"id":"302768","type":"AC; OVERHEAD","status":"IN SERVICE","owner":"TUCSON ELECTRIC POWER COMPANY","voltage":115,"voltClass":"100-161"},"geometry":{"type":"LineString","coordinates":[[-110.9884,32.1354],[-110.98824,32.13423],[-110.98737,32.13088],[-110.98616,32.12816],[-110.98624,32.12665],[-110.98648,32.12559],[-110.9865,32.12177],[-110.96119,32.08288],[-110.87083,32.05661],[-110.8598,32.05341],[-110.85808,32.05328]]}},{"type":"Feature","properties":{"id":"302785","type":"AC; OVERHEAD","status":"IN SERVICE","owner":null,"voltage":230,"voltClass":"220-287"},"geometry":{"type":"LineString","coordinates":[[-111.91122,33.42661],[-111.90971,33.42637],[-111.90953,33.42935],[-111.91012,33.43691],[-111.90148,33.43702],[-111.8938,33.43864],[-111.88677,33.44209],[-111.87301,33.44833],[-111.85306,33.45715],[-111.84568,33.4614],[-111.83358,33.47184],[-111.82556,33.48039],[-111.8141,33.48752],[-111.81133,33.49006],[-111.80171,33.49672],[-111.80054,33.49922],[-111.80053,33.50965],[-111.80049,33.5479],[-111.82599,33.5772],[-111.83008,33.58191],[-111.85891,33.615],[-111.87141,33.62936],[-111.87645,33.63518],[-111.89322,33.65436],[-111.91308,33.67719],[-111.93428,33.70165],[-111.93727,33.70245]]}},{"type":"Feature","properties":{"id":"302816","type":"AC; OVERHEAD","status":"IN SERVICE","owner":"IMPERIAL IRRIGATION DISTRICT","voltage":230,"voltClass":"220-287"},"geometry":{"type":"LineString","coordinates":[[-114.74864,32.76036],[-114.7485,32.76305],[-114.749,32.77234],[-114.76932,32.79471],[-114.78803,32.81528],[-114.79694,32.82506],[-114.80064,32.82908],[-114.80221,32.83119],[-114.81455,32.84807],[-114.83696,32.87869],[-114.85611,32.94765],[-114.87909,33.0302],[-114.8835,33.04601],[-114.8842,33.04699]]}},{"type":"Feature","properties":{"id":"302880","type":"AC; OVERHEAD","status":"IN SERVICE","owner":"SALT RIVER PROJECT","voltage":230,"voltClass":"220-287"},"geometry":{"type":"LineString","coordinates":[[-111.66808,33.42541],[-111.671,33.42537],[-111.67526,33.42581],[-111.68637,33.42625],[-111.73623,33.42616],[-111.7581,33.42608],[-111.79604,33.42591],[-111.79984,33.42498]]}},{"type":"Feature","properties":{"id":"302872","type":"AC; OVERHEAD","status":"IN SERVICE","owner":"TUCSON ELECTRIC POWER COMPANY","voltage":138,"voltClass":"100-161"},"geometry":{"type":"LineString","coordinates":[[-110.9879,32.29451],[-110.98794,32.29389],[-110.98457,32.29386],[-110.98267,32.29387],[-110.97885,32.29381],[-110.97595,32.29382],[-110.97225,32.29075],[-110.96978,32.29023],[-110.96544,32.2903],[-110.95813,32.28876],[-110.95631,32.28838],[-110.95264,32.28762],[-110.94902,32.2869],[-110.94354,32.2838],[-110.9412,32.2825],[-110.93951,32.28218],[-110.93786,32.2822],[-110.93617,32.28236],[-110.9346,32.28254],[-110.93131,32.28257],[-110.92679,32.28148],[-110.92596,32.28048],[-110.92477,32.27595],[-110.9248,32.27469],[-110.92476,32.27338],[-110.91986,32.27122],[-110.91858,32.27124],[-110.91702,32.27123],[-110.91655,32.26981]]}},{"type":"Feature","properties":{"id":"302886","type":"AC; OVERHEAD","status":"IN SERVICE","owner":null,"voltage":161,"voltClass":"100-161"},"geometry":{"type":"LineString","coordinates":[[-114.70987,32.71998],[-114.71466,32.71968],[-114.70884,32.72668],[-114.70957,32.72948],[-114.71028,32.73239],[-114.71142,32.7367],[-114.71274,32.73647]]}},{"type":"Feature","properties":{"id":"302936","type":"AC; OVERHEAD","status":"IN SERVICE","owner":"TUCSON ELECTRIC POWER COMPANY","voltage":138,"voltClass":"100-161"},"geometry":{"type":"LineString","coordinates":[[-110.99344,32.25404],[-110.99254,32.25424],[-110.9933,32.25754],[-110.99088,32.2574],[-110.98647,32.25737],[-110.98556,32.25745],[-110.98446,32.25748],[-110.98341,32.25747],[-110.98118,32.25747],[-110.97846,32.25752],[-110.97721,32.25753],[-110.97527,32.25753],[-110.97216,32.25753],[-110.97216,32.25835],[-110.97216,32.25935],[-110.97217,32.26115],[-110.97221,32.26297],[-110.97222,32.26463],[-110.97117,32.26465],[-110.97008,32.26468],[-110.96884,32.26466],[-110.96766,32.26467],[-110.96671,32.26468],[-110.96549,32.26468],[-110.96455,32.2647],[-110.96339,32.2647],[-110.96229,32.26472],[-110.96013,32.26473],[-110.95798,32.2647],[-110.95689,32.26469],[-110.95572,32.26468],[-110.95476,32.26469],[-110.95252,32.26469],[-110.95028,32.26468],[-110.94823,32.2647],[-110.94747,32.26472],[-110.94406,32.26471],[-110.94309,32.26474],[-110.93971,32.26476],[-110.93726,32.26476],[-110.93505,32.2648],[-110.93391,32.26483],[-110.9304,32.26481],[-110.92693,32.26484],[-110.92697,32.26685],[-110.92699,32.26783],[-110.92698,32.26867],[-110.92612,32.26875],[-110.92507,32.26876],[-110.92162,32.26875],[-110.91925,32.26876],[-110.91713,32.26877],[-110.91617,32.26884],[-110.91655,32.26981]]}},{"type":"Feature","properties":{"id":"303003","type":"AC; OVERHEAD","status":"IN SERVICE","owner":null,"voltage":230,"voltClass":"220-287"},"geometry":{"type":"LineString","coordinates":[[-114.56594,35.1947],[-114.56625,35.19343],[-114.56528,35.19136],[-114.5645,35.18945],[-114.56308,35.18757],[-114.56056,35.18463],[-114.55784,35.18073],[-114.55498,35.17814],[-114.55267,35.17184],[-114.55029,35.16557],[-114.54247,35.14499],[-114.53968,35.13748],[-114.5367,35.12961],[-114.53459,35.12401],[-114.52724,35.10449],[-114.51255,35.06542],[-114.50165,35.03656],[-114.49613,35.0219],[-114.48503,34.99244],[-114.45426,34.91044],[-114.45462,34.90902],[-114.45499,34.90821]]}},{"type":"Feature","properties":{"id":"303014","type":"AC; OVERHEAD","status":"IN SERVICE","owner":null,"voltage":161,"voltClass":"100-161"},"geometry":{"type":"LineString","coordinates":[[-114.39685,32.76851],[-114.38488,32.78128],[-114.38084,32.80451],[-114.3489,32.86733],[-114.34738,32.86787]]}},{"type":"Feature","properties":{"id":"301905","type":"AC; OVERHEAD","status":"IN SERVICE","owner":"ARIZONA PUBLIC SERVICE COMPANY","voltage":230,"voltClass":"220-287"},"geometry":{"type":"LineString","coordinates":[[-111.6382,32.67331],[-111.63741,32.67343],[-111.63741,32.6753],[-111.64162,32.67831],[-111.64423,32.68006],[-111.64663,32.68191],[-111.65144,32.6856],[-111.66346,32.69482],[-111.67069,32.70038],[-111.68031,32.70777],[-111.68755,32.71332],[-111.68893,32.71445],[-111.69232,32.71691],[-111.69719,32.72072],[-111.69964,32.72259],[-111.71162,32.73177],[-111.71884,32.7373],[-111.72607,32.74286],[-111.7333,32.7484],[-111.73415,32.75025],[-111.73676,32.75576],[-111.73849,32.75944],[-111.74023,32.76315],[-111.74203,32.76698],[-111.74291,32.76893],[-111.74381,32.77079],[-111.74563,32.77461],[-111.74649,32.77649],[-111.74829,32.78032],[-111.7501,32.78412],[-111.75189,32.78792],[-111.75456,32.79363],[-111.75544,32.79549],[-111.75717,32.79923],[-111.75804,32.80109],[-111.76162,32.80866],[-111.76503,32.81592],[-111.76668,32.81941],[-111.76922,32.82479],[-111.77125,32.82913],[-111.77334,32.83357],[-111.77433,32.83578],[-111.77465,32.83688],[-111.77466,32.83871],[-111.77465,32.84154],[-111.77466,32.84251],[-111.77466,32.84735],[-111.77464,32.85003],[-111.77473,32.85122],[-111.77471,32.85596],[-111.77473,32.85692],[-111.77471,32.85886],[-111.77471,32.8618],[-111.77471,32.86374],[-111.7747,32.86558],[-111.77469,32.86834],[-111.77462,32.86935],[-111.77463,32.87081],[-111.77464,32.87369],[-111.77463,32.8765],[-111.77464,32.879],[-111.77432,32.87966],[-111.77436,32.88453],[-111.77414,32.88552],[-111.77501,32.88556]]}},{"type":"Feature","properties":{"id":"302012","type":"AC; OVERHEAD","status":"IN SERVICE","owner":null,"voltage":345,"voltClass":"345"},"geometry":{"type":"LineString","coordinates":[[-108.81752,35.59283],[-108.82258,35.5735],[-108.82866,35.56469],[-108.83524,35.56238],[-108.84373,35.55751],[-108.84672,35.55577],[-108.85505,35.55721],[-108.86141,35.5566],[-108.86324,35.53607],[-108.86279,35.52165],[-108.86315,35.51612],[-108.86348,35.51073],[-108.86382,35.50646],[-108.86453,35.50352],[-108.86489,35.50031],[-108.86587,35.48103],[-108.86614,35.46498],[-108.86548,35.45947],[-108.8649,35.45513],[-108.86507,35.44866],[-108.86518,35.44249],[-108.86526,35.42567],[-108.86637,35.42349],[-108.86689,35.40828],[-108.86687,35.39213],[-108.86729,35.36432],[-108.86608,35.35641],[-108.8662,35.34795],[-108.86536,35.34141],[-108.86375,35.33469],[-108.88162,35.32321],[-108.8982,35.31129],[-108.91666,35.29792],[-108.9704,35.25905],[-108.99464,35.23532],[-108.99988,35.23172],[-109.00578,35.2242],[-109.04531,35.1857],[-109.04534,35.13981],[-109.04528,35.02442],[-109.04523,34.87698],[-109.04524,34.83287],[-109.0083,34.64364],[-108.9755,34.56128],[-108.98107,34.46064],[-108.97537,34.43839],[-108.97173,34.40068],[-108.96789,34.35953],[-108.96434,34.32441],[-108.9595,34.30008],[-108.98353,34.30034],[-109.02236,34.30025],[-109.04689,34.3006],[-109.0754,34.30096],[-109.09363,34.31571],[-109.14521,34.31607],[-109.15825,34.31298],[-109.16119,34.31239]]}},{"type":"Feature","properties":{"id":"302041","type":"AC; OVERHEAD","status":"IN SERVICE","owner":null,"voltage":115,"voltClass":"100-161"},"geometry":{"type":"LineString","coordinates":[[-110.8996,33.05357],[-110.89873,33.0534],[-110.87184,33.02839],[-110.86372,33.02464],[-110.84162,33.01527],[-110.82234,33.01307],[-110.81899,33.01335],[-110.79401,33.01438],[-110.78051,33.01434],[-110.77775,33.01114],[-110.77734,33.00742],[-110.77958,33.00485]]}},{"type":"Feature","properties":{"id":"302092","type":"AC; OVERHEAD","status":"IN SERVICE","owner":null,"voltage":230,"voltClass":"220-287"},"geometry":{"type":"LineString","coordinates":[[-110.30422,34.93862],[-110.30575,34.93967],[-110.3064,34.93997],[-110.30656,34.94054],[-110.30675,34.94264],[-110.30671,34.95835],[-110.33728,34.9723],[-110.42324,35.01152],[-110.59538,35.08981],[-110.77169,35.16959],[-110.93017,35.24086],[-111.06779,35.30236],[-111.09033,35.30277],[-111.09488,35.30288]]}},{"type":"Feature","properties":{"id":"302187","type":"AC; OVERHEAD","status":"IN SERVICE","owner":null,"voltage":230,"voltClass":"220-287"},"geometry":{"type":"LineString","coordinates":[[-111.94074,33.7002],[-111.93919,33.69828],[-111.93178,33.69832],[-111.87651,33.63508],[-111.87402,33.6322],[-111.87158,33.62928],[-111.85898,33.61495],[-111.85195,33.60687],[-111.83021,33.58186],[-111.80064,33.54789],[-111.80064,33.50965],[-111.80066,33.49923],[-111.80181,33.49675],[-111.81138,33.49012],[-111.81415,33.4876],[-111.82565,33.48047],[-111.8337,33.4719],[-111.84575,33.46148],[-111.85314,33.45721],[-111.87306,33.44838],[-111.88684,33.44215],[-111.89384,33.43872],[-111.90153,33.43711],[-111.91024,33.43697],[-111.90965,33.42936],[-111.90982,33.42648],[-111.91122,33.42661]]}},{"type":"Feature","properties":{"id":"302210","type":"AC; OVERHEAD","status":"IN SERVICE","owner":"AZUSA LIGHT & POWER","voltage":230,"voltClass":"220-287"},"geometry":{"type":"LineString","coordinates":[[-114.1417,34.29105],[-114.14302,34.29052],[-114.14897,34.29056],[-114.15181,34.291],[-114.15523,34.29116],[-114.15905,34.29144],[-114.16903,34.29196],[-114.17137,34.29125]]}},{"type":"Feature","properties":{"id":"302324","type":"AC; OVERHEAD","status":"IN SERVICE","owner":null,"voltage":500,"voltClass":"500"},"geometry":{"type":"LineString","coordinates":[[-111.59763,33.35567],[-111.59507,33.35706],[-111.58648,33.35713],[-111.58357,33.35751],[-111.55038,33.35748],[-111.53991,33.34209],[-111.53006,33.3265],[-111.52601,33.31273],[-111.52425,33.3033],[-111.515,33.28453],[-111.51404,33.2773],[-111.5128,33.27004],[-111.50736,33.26994],[-111.50067,33.26019],[-111.50395,33.24822],[-111.50636,33.24803],[-111.50659,33.24289],[-111.50717,33.23102],[-111.50187,33.21958],[-111.48808,33.18985],[-111.4758,33.17753],[-111.47508,33.17521],[-111.47461,33.15078],[-111.47564,33.1488],[-111.47212,33.14928],[-111.46973,33.14804],[-111.47547,33.14712],[-111.49758,33.13279],[-111.49715,33.13022],[-111.47085,33.10317],[-111.47016,33.10093],[-111.45915,33.08932],[-111.43828,33.06679],[-111.43614,33.06269],[-111.4369,33.06031],[-111.43685,33.0566],[-111.4377,33.05486],[-111.43744,33.03908],[-111.43863,33.02876],[-111.43807,33.0146],[-111.43816,32.98805],[-111.43783,32.97342],[-111.43878,32.97108],[-111.4388,32.9687],[-111.44178,32.96623],[-111.44272,32.96407],[-111.44446,32.9599],[-111.44776,32.954],[-111.45028,32.95057],[-111.45058,32.94688],[-111.45208,32.94476],[-111.50966,32.9446],[-111.50966,32.92738],[-111.51084,32.92539],[-111.51093,32.92362],[-111.50974,32.92181],[-111.50997,32.90267],[-111.51008,32.87246],[-111.54747,32.87241],[-111.55871,32.87201],[-111.5618,32.87018]]}},{"type":"Feature","properties":{"id":"302318","type":"AC; OVERHEAD","status":"IN SERVICE","owner":"ARIZONA PUBLIC SERVICE COMPANY","voltage":500,"voltClass":"500"},"geometry":{"type":"LineString","coordinates":[[-112.62041,33.23053],[-112.61992,33.22165],[-112.63251,33.18777],[-112.63027,33.18245],[-112.63486,33.14617],[-112.63505,33.02909],[-112.66565,32.97136],[-112.68,32.97148],[-112.69169,32.97725],[-112.69289,32.97587]]}},{"type":"Feature","properties":{"id":"302380","type":"AC; OVERHEAD","status":"IN SERVICE","owner":null,"voltage":115,"voltClass":"100-161"},"geometry":{"type":"LineString","coordinates":[[-110.94936,32.60572],[-110.94955,32.6064],[-110.94823,32.60663],[-110.94397,32.60727],[-110.9374,32.60826],[-110.92672,32.60989],[-110.91613,32.61149],[-110.91087,32.61227],[-110.90343,32.61341],[-110.89452,32.61474],[-110.88735,32.61583],[-110.87314,32.61797],[-110.86972,32.61849],[-110.86802,32.61871],[-110.86638,32.61898],[-110.86185,32.61966],[-110.85799,32.62025],[-110.85263,32.62106],[-110.84852,32.62166],[-110.84039,32.62291],[-110.8361,32.62354],[-110.83187,32.62416],[-110.82575,32.62509],[-110.81638,32.62649],[-110.80545,32.62813],[-110.79685,32.62943],[-110.78587,32.63108],[-110.77731,32.63055],[-110.77118,32.63016],[-110.76256,32.62962],[-110.75052,32.62886],[-110.74547,32.62856],[-110.73753,32.62802],[-110.72322,32.62714],[-110.71866,32.62687],[-110.70904,32.62624],[-110.69707,32.6255],[-110.69192,32.62518],[-110.68765,32.6249],[-110.68126,32.6245],[-110.66965,32.62379],[-110.65768,32.62301],[-110.64357,32.62211],[-110.64127,32.622],[-110.63676,32.6217],[-110.63467,32.62124],[-110.62965,32.62012],[-110.62715,32.61928],[-110.62596,32.6186]]}},{"type":"Feature","properties":{"id":"302388","type":"AC; OVERHEAD","status":"IN SERVICE","owner":null,"voltage":230,"voltClass":"220-287"},"geometry":{"type":"LineString","coordinates":[[-111.9124,33.43917],[-111.91194,33.43728],[-111.91039,33.43721],[-111.90165,33.43736],[-111.89396,33.43896],[-111.88692,33.44237],[-111.87318,33.44863],[-111.85341,33.45739],[-111.84589,33.4618],[-111.8339,33.47205],[-111.82588,33.48067],[-111.81446,33.48789],[-111.81159,33.49028],[-111.80212,33.49686],[-111.80097,33.49929],[-111.80096,33.50966],[-111.80097,33.54777],[-111.83051,33.58178],[-111.85462,33.60948],[-111.85923,33.61476],[-111.87061,33.62777],[-111.87188,33.62915],[-111.90344,33.66547],[-111.92311,33.68799],[-111.93182,33.69797],[-111.93945,33.6979],[-111.94074,33.7002]]}},{"type":"Feature","properties":{"id":"306705","type":"AC; OVERHEAD","status":"IN SERVICE","owner":null,"voltage":161,"voltClass":"100-161"},"geometry":{"type":"LineString","coordinates":[[-114.8842,33.04699],[-114.88404,33.04799],[-114.88967,33.06816],[-114.89306,33.08028],[-114.88789,33.10157],[-114.87758,33.14421],[-114.86803,33.18361],[-114.86083,33.21334],[-114.85461,33.22107],[-114.82399,33.25918],[-114.80169,33.28696],[-114.79065,33.30065],[-114.78817,33.32591],[-114.78682,33.33095],[-114.78361,33.33469],[-114.78246,33.33676],[-114.77932,33.34448],[-114.78302,33.35075],[-114.77674,33.36012],[-114.77457,33.37585],[-114.76585,33.43913],[-114.75942,33.48559],[-114.75317,33.53084],[-114.71224,33.58467],[-114.70126,33.59657],[-114.69685,33.60126],[-114.68854,33.61017],[-114.68298,33.61612],[-114.6807,33.61463],[-114.68059,33.61017],[-114.68019,33.58853],[-114.66501,33.58854],[-114.65782,33.58824],[-114.65289,33.58833],[-114.63798,33.58836],[-114.62255,33.5882],[-114.62288,33.6026],[-114.62197,33.6026],[-114.59952,33.60295],[-114.59963,33.60594],[-114.5998,33.60624]]}},{"type":"Feature","properties":{"id":"306712","type":"AC; OVERHEAD","status":"IN SERVICE","owner":null,"voltage":115,"voltClass":"100-161"},"geometry":{"type":"LineString","coordinates":[[-110.85808,32.05328],[-110.85647,32.05243],[-110.85216,32.05119],[-110.84762,32.04986],[-110.84523,32.04916],[-110.8406,32.04781],[-110.83839,32.04715],[-110.83413,32.04592],[-110.82979,32.04469],[-110.8276,32.04405],[-110.82292,32.04267],[-110.81824,32.0413],[-110.81599,32.04062],[-110.81377,32.03998],[-110.81158,32.03933],[-110.80926,32.03866],[-110.8025,32.03669],[-110.79546,32.03466],[-110.79311,32.03398],[-110.79072,32.03326],[-110.77689,32.02925],[-110.77451,32.02855],[-110.77216,32.02785],[-110.76983,32.0272],[-110.76763,32.02654],[-110.7608,32.02452],[-110.75841,32.02384],[-110.75599,32.02314],[-110.75139,32.02175],[-110.74907,32.02106],[-110.74684,32.0205],[-110.74227,32.01914],[-110.73768,32.0178],[-110.73547,32.01711],[-110.73309,32.01646],[-110.73081,32.01579],[-110.72841,32.01509],[-110.72627,32.01443],[-110.72405,32.01381],[-110.71945,32.01242],[-110.71481,32.01108],[-110.7124,32.01042],[-110.71024,32.00977],[-110.70815,32.00917],[-110.70611,32.0086],[-110.70416,32.00801],[-110.70196,32.00737],[-110.69962,32.00667],[-110.69724,32.00598],[-110.69483,32.00531],[-110.69254,32.00459],[-110.69017,32.00392],[-110.68807,32.00327],[-110.68465,32.00233],[-110.68304,32.00146],[-110.68097,32.00031],[-110.6772,31.99822],[-110.67338,31.99611],[-110.67165,31.99515],[-110.66584,31.99192],[-110.66391,31.99089],[-110.66212,31.98987],[-110.65662,31.98683],[-110.65471,31.98575],[-110.65249,31.98452],[-110.65025,31.98331],[-110.644,31.97982],[-110.64201,31.9787],[-110.6401,31.9784],[-110.63809,31.97807],[-110.63377,31.97734],[-110.63154,31.97697],[-110.62943,31.97662],[-110.62491,31.97587],[-110.62284,31.97552],[-110.62062,31.97516],[-110.61848,31.9748],[-110.61633,31.97443],[-110.61413,31.97408],[-110.61191,31.97371],[-110.60956,31.97331],[-110.60714,31.97291],[-110.60544,31.97263],[-110.60282,31.97218],[-110.6002,31.97176],[-110.59765,31.97133],[-110.59536,31.97095],[-110.5926,31.97049],[-110.58993,31.97003],[-110.58676,31.96952],[-110.58468,31.96916],[-110.58256,31.96887],[-110.58028,31.96853],[-110.57783,31.96814],[-110.57357,31.96749],[-110.57174,31.96721],[-110.56992,31.96695],[-110.5671,31.96655],[-110.56445,31.96614],[-110.56024,31.96551],[-110.55807,31.96518],[-110.55564,31.96482],[-110.55324,31.96447],[-110.54911,31.96386],[-110.54314,31.96296],[-110.53987,31.96294],[-110.53132,31.96294],[-110.52959,31.96294],[-110.52471,31.96294],[-110.52022,31.96294],[-110.5139,31.96293],[-110.51197,31.96293],[-110.50951,31.96292],[-110.50721,31.96293],[-110.50529,31.96292],[-110.50338,31.96292],[-110.50015,31.96291],[-110.49578,31.96291],[-110.49404,31.96291],[-110.49195,31.96291],[-110.48734,31.96292],[-110.4829,31.9629],[-110.47922,31.96286],[-110.47732,31.96287],[-110.4755,31.96298],[-110.47361,31.96315],[-110.46956,31.96339],[-110.46486,31.96374],[-110.46183,31.96396],[-110.45861,31.96418],[-110.45512,31.96444],[-110.45253,31.96461],[-110.45059,31.96474],[-110.44867,31.96487],[-110.44666,31.96503],[-110.4443,31.9652],[-110.44234,31.96533],[-110.43792,31.96566],[-110.43551,31.96581],[-110.43128,31.96613],[-110.42651,31.96643],[-110.42425,31.96659],[-110.42002,31.96692],[-110.41575,31.96721],[-110.4114,31.96751],[-110.40675,31.96783],[-110.40466,31.96799],[-110.40234,31.96813],[-110.40027,31.96827],[-110.39822,31.96844],[-110.39615,31.96861],[-110.39412,31.96875],[-110.39219,31.96887],[-110.38995,31.96903],[-110.38748,31.96921],[-110.38486,31.9694],[-110.38261,31.96956],[-110.38028,31.96973],[-110.37816,31.96985],[-110.37636,31.97011],[-110.37277,31.97056],[-110.3685,31.9711],[-110.36376,31.97169],[-110.36179,31.97195],[-110.35982,31.97219],[-110.35779,31.97249],[-110.35512,31.9728],[-110.35282,31.97309],[-110.34655,31.9739],[-110.3419,31.97449],[-110.33135,31.9758],[-110.32949,31.97604],[-110.32728,31.97631],[-110.32473,31.97664],[-110.32247,31.97696],[-110.31996,31.97728],[-110.31819,31.97751],[-110.31613,31.97779],[-110.31397,31.97821],[-110.31165,31.97865],[-110.30752,31.97944],[-110.30584,31.97945],[-110.30415,31.97948],[-110.30246,31.97951],[-110.30017,31.97979],[-110.29568,31.98035],[-110.29102,31.98095],[-110.28864,31.98124],[-110.28449,31.98177],[-110.27891,31.98249],[-110.27332,31.98318],[-110.26457,31.98429],[-110.26255,31.98453],[-110.26054,31.98478],[-110.25842,31.98506],[-110.25622,31.98533],[-110.25236,31.98582],[-110.24792,31.98638],[-110.24546,31.98668],[-110.24338,31.98756],[-110.24143,31.98836],[-110.23928,31.98927],[-110.23709,31.99014],[-110.23502,31.99099],[-110.23083,31.99271],[-110.22859,31.99365],[-110.22635,31.99431],[-110.22233,31.99549],[-110.22046,31.99605],[-110.21821,31.99671],[-110.21368,31.99806],[-110.21135,31.9981],[-110.20873,31.99815],[-110.20377,31.99826],[-110.19808,31.99836],[-110.19601,31.99844],[-110.19369,31.99844],[-110.19103,31.99854],[-110.1872,31.99862],[-110.18058,31.99876],[-110.17577,31.99886],[-110.17142,31.99895],[-110.16705,31.99907],[-110.16654,31.99893],[-110.16652,31.99837]]}},{"type":"Feature","properties":{"id":"306767","type":"AC; OVERHEAD","status":"IN SERVICE","owner":"ARIZONA PUBLIC SERVICE COMPANY","voltage":230,"voltClass":"220-287"},"geometry":{"type":"LineString","coordinates":[[-111.94074,33.7002],[-111.94055,33.70292]]}},{"type":"Feature","properties":{"id":"306760","type":"AC; OVERHEAD","status":"IN SERVICE","owner":"SALT RIVER PROJECT","voltage":230,"voltClass":"220-287"},"geometry":{"type":"LineString","coordinates":[[-111.74851,33.32997],[-111.74743,33.3269],[-111.72299,33.31157],[-111.72159,33.31041],[-111.69658,33.29474],[-111.70444,33.28746],[-111.7058,33.2859],[-111.71043,33.27904],[-111.71443,33.27706],[-111.71732,33.27236],[-111.72246,33.26838],[-111.72604,33.26333],[-111.78137,33.26297],[-111.78219,33.26151],[-111.78658,33.2568],[-111.78729,33.25544],[-111.78704,33.24805],[-111.7965,33.24787],[-111.79828,33.2483],[-111.82912,33.24786],[-111.83172,33.24538],[-111.83362,33.24533]]}},{"type":"Feature","properties":{"id":"306861","type":"AC; OVERHEAD","status":"IN SERVICE","owner":"ARIZONA PUBLIC SERVICE COMPANY","voltage":500,"voltClass":"500"},"geometry":{"type":"LineString","coordinates":[[-112.85208,33.34585],[-112.84685,33.34067],[-112.84675,33.29713],[-112.84631,33.26372],[-112.83417,33.24814],[-112.81245,33.24353],[-112.80555,33.23813],[-112.78231,33.22418],[-112.78099,33.22384],[-112.75775,33.22393],[-112.75035,33.22742],[-112.73144,33.22754],[-112.6413,33.22857],[-112.62285,33.22882],[-112.62041,33.23053]]}},{"type":"Feature","properties":{"id":"306883","type":"AC; OVERHEAD","status":"IN SERVICE","owner":"SALT RIVER PROJECT","voltage":115,"voltClass":"100-161"},"geometry":{"type":"LineString","coordinates":[[-111.34388,33.59071],[-111.3511,33.58159],[-111.35491,33.57122],[-111.35087,33.5604],[-111.35075,33.55108],[-111.34739,33.54323],[-111.34204,33.53611],[-111.33402,33.53461],[-111.33062,33.5342],[-111.32892,33.53279],[-111.3271,33.53162],[-111.30066,33.53565],[-111.26741,33.53972],[-111.26168,33.54166],[-111.2256,33.57998],[-111.21642,33.58292],[-111.21253,33.58414],[-111.21065,33.58925],[-111.20467,33.59802],[-111.19843,33.60723],[-111.19717,33.60988],[-111.19664,33.61503],[-111.19708,33.61659],[-111.17858,33.63817],[-111.17719,33.63977],[-111.17465,33.64103],[-111.17094,33.64158],[-111.1672,33.64201],[-111.15705,33.64748],[-111.14833,33.65348],[-111.14505,33.65779],[-111.14043,33.65908],[-111.135,33.6606],[-111.12739,33.66276],[-111.12399,33.66346]]}},{"type":"Feature","properties":{"id":"306909","type":"AC; OVERHEAD","status":"IN SERVICE","owner":"SALT RIVER PROJECT","voltage":230,"voltClass":"220-287"},"geometry":{"type":"LineString","coordinates":[[-112.18536,33.53603],[-112.18552,33.53659],[-112.18608,33.5366],[-112.18606,33.5384],[-112.20123,33.55126],[-112.20733,33.55639],[-112.21119,33.55967],[-112.21825,33.55952],[-112.21872,33.55703]]}},{"type":"Feature","properties":{"id":"306917","type":"AC; OVERHEAD","status":"IN SERVICE","owner":"TUCSON ELECTRIC POWER COMPANY","voltage":138,"voltClass":"100-161"},"geometry":{"type":"LineString","coordinates":[[-111.06133,32.33621],[-111.06117,32.3357],[-111.06171,32.33536],[-111.05653,32.3304],[-111.05792,32.32879],[-111.06235,32.32364],[-111.06231,32.32083],[-111.05827,32.31646],[-111.0563,32.31437],[-111.05436,32.3122],[-111.05297,32.31023],[-111.05025,32.30642],[-111.04744,32.30241],[-111.04417,32.29813],[-111.04318,32.2969],[-111.04284,32.29706]]}},{"type":"Feature","properties":{"id":"307002","type":"AC; OVERHEAD","status":"IN SERVICE","owner":null,"voltage":230,"voltClass":"220-287"},"geometry":{"type":"LineString","coordinates":[[-112.21872,33.55703],[-112.223,33.55651],[-112.29801,33.5551],[-112.2981,33.52941],[-112.30327,33.52188],[-112.31889,33.50032],[-112.31859,33.4775],[-112.31883,33.46629],[-112.31307,33.46617]]}},{"type":"Feature","properties":{"id":"307030","type":"AC; OVERHEAD","status":"IN SERVICE","owner":"ARIZONA PUBLIC SERVICE COMPANY","voltage":345,"voltClass":"345"},"geometry":{"type":"LineString","coordinates":[[-111.94055,33.70292],[-111.93977,33.70584],[-111.93757,33.70961],[-111.92565,33.71661],[-111.91353,33.72365],[-111.90226,33.73215],[-111.89664,33.73626],[-111.88789,33.743],[-111.86997,33.76956],[-111.83722,33.81558],[-111.82882,33.83879],[-111.8112,33.88719],[-111.81208,33.89835],[-111.81116,33.9271],[-111.82932,33.95693],[-111.86299,33.98614],[-111.86679,33.9884],[-111.87133,33.99346],[-111.87533,34.01349],[-111.86687,34.03381],[-111.84964,34.07608],[-111.84035,34.09905],[-111.8296,34.12543],[-111.82389,34.14341],[-111.81241,34.18205],[-111.73813,34.2734],[-111.72981,34.28374],[-111.7211,34.30286],[-111.71153,34.32376],[-111.70021,34.33747],[-111.69468,34.34424],[-111.69001,34.34874],[-111.68129,34.35828],[-111.67447,34.36609],[-111.67004,34.37112],[-111.66083,34.38165],[-111.63846,34.40707],[-111.62806,34.41894],[-111.62361,34.42328],[-111.61772,34.42904],[-111.6156,34.43112],[-111.61396,34.43356],[-111.61001,34.43858],[-111.60326,34.44618],[-111.57674,34.476],[-111.51706,34.54302],[-111.45451,34.61307],[-111.40981,34.66308],[-111.40284,34.68106],[-111.37615,34.74967],[-111.36345,34.78229],[-111.36757,34.82121],[-111.37491,34.88997],[-111.38238,34.96022],[-111.38882,35.01991],[-111.39228,35.03169],[-111.39652,35.04624],[-111.3953,35.10043],[-111.39369,35.17125],[-111.39348,35.18081],[-111.39403,35.18245]]}},{"type":"Feature","properties":{"id":"307038","type":"AC; OVERHEAD","status":"IN SERVICE","owner":null,"voltage":230,"voltClass":"220-287"},"geometry":{"type":"LineString","coordinates":[[-111.99679,33.24927],[-111.99742,33.24832],[-112.04784,33.24825],[-112.07383,33.26077],[-112.15873,33.30141],[-112.16496,33.31921],[-112.16482,33.37738],[-112.16482,33.37825],[-112.16094,33.3816],[-112.16083,33.39791],[-112.16064,33.40113],[-112.16067,33.41565],[-112.16062,33.43168],[-112.16055,33.44016],[-112.15316,33.44019],[-112.15341,33.44124]]}},{"type":"Feature","properties":{"id":"307094","type":"AC; OVERHEAD","status":null,"owner":"ARIZONA PUBLIC SERVICE COMPANY","voltage":500,"voltClass":"500"},"geometry":{"type":"LineString","coordinates":[[-112.8897,33.3417],[-112.88882,33.34198]]}},{"type":"Feature","properties":{"id":"307115","type":"AC; OVERHEAD","status":"IN SERVICE","owner":"ARIZONA PUBLIC SERVICE COMPANY","voltage":230,"voltClass":"220-287"},"geometry":{"type":"LineString","coordinates":[[-112.27347,33.80239],[-112.2699,33.80272],[-112.26176,33.81246],[-112.26183,33.81481],[-112.26259,33.81694]]}},{"type":"Feature","properties":{"id":"307142","type":"AC; OVERHEAD","status":"IN SERVICE","owner":null,"voltage":345,"voltClass":"345"},"geometry":{"type":"LineString","coordinates":[[-108.59932,32.40363],[-108.60058,32.4039],[-108.6385,32.42231],[-108.71686,32.45843],[-108.942,32.45815],[-108.98499,32.47859],[-109.01897,32.53456],[-109.04662,32.58247],[-109.07671,32.63551],[-109.11107,32.69286],[-109.13285,32.73421],[-109.13204,32.79435],[-109.15389,32.84305],[-109.15543,32.85158],[-109.15556,32.89696],[-109.16318,32.93162],[-109.16839,32.94714],[-109.17067,32.95378],[-109.17437,32.96496],[-109.17241,32.96689]]}},{"type":"Feature","properties":{"id":"307164","type":"AC; OVERHEAD","status":"IN SERVICE","owner":"TUCSON ELECTRIC POWER COMPANY","voltage":115,"voltClass":"100-161"},"geometry":{"type":"LineString","coordinates":[[-110.9759,32.22975],[-110.9894,32.25382],[-110.99242,32.25674],[-110.99317,32.25748],[-110.99487,32.25752],[-110.99998,32.25762],[-111.00532,32.25774],[-111.01065,32.26005],[-111.01863,32.26352],[-111.02248,32.26868],[-111.02583,32.2731],[-111.02966,32.27822],[-111.03218,32.28153],[-111.03595,32.28649],[-111.03827,32.28965],[-111.04303,32.2959],[-111.04424,32.2975],[-111.04537,32.29897],[-111.04666,32.30068],[-111.04786,32.30224],[-111.04903,32.3039],[-111.05235,32.30859],[-111.05476,32.31193],[-111.05618,32.31351],[-111.05771,32.31525],[-111.05914,32.31677],[-111.06069,32.31845],[-111.06488,32.32302],[-111.07118,32.32594],[-111.07691,32.32861],[-111.0848,32.3323],[-111.09169,32.33549],[-111.09555,32.3405],[-111.09776,32.34332],[-111.10048,32.34529],[-111.10472,32.34837],[-111.10766,32.3505],[-111.11033,32.35247],[-111.11411,32.35521],[-111.1171,32.3574],[-111.12171,32.36075],[-111.12713,32.36469],[-111.13018,32.36691],[-111.13464,32.37013],[-111.13784,32.37245],[-111.14131,32.37498],[-111.14338,32.37608],[-111.14492,32.37656],[-111.14964,32.37753],[-111.15406,32.37841],[-111.16288,32.38021],[-111.16728,32.38112],[-111.17616,32.38291],[-111.18214,32.38414],[-111.18972,32.38568],[-111.1916,32.38606],[-111.19573,32.3869],[-111.19773,32.38679]]}},{"type":"Feature","properties":{"id":"307210","type":"AC; OVERHEAD","status":"IN SERVICE","owner":null,"voltage":138,"voltClass":"100-161"},"geometry":{"type":"LineString","coordinates":[[-111.12633,32.40106],[-111.12712,32.40095],[-111.12707,32.40269],[-111.12297,32.40275],[-111.12296,32.40452],[-111.12298,32.41223],[-111.12298,32.41926],[-111.12304,32.42411],[-111.1219,32.42417],[-111.11893,32.42432],[-111.11582,32.42433],[-111.11127,32.42434],[-111.10518,32.42432],[-111.09921,32.42436],[-111.09171,32.42437],[-111.08734,32.42438],[-111.08443,32.42438],[-111.08151,32.42439],[-111.07711,32.4244],[-111.07406,32.42442],[-111.07263,32.42441],[-111.07114,32.42441],[-111.06964,32.42441],[-111.06828,32.42441],[-111.0669,32.4244],[-111.06541,32.42424],[-111.06392,32.42408],[-111.06244,32.4239],[-111.06094,32.42372],[-111.05945,32.42354],[-111.05816,32.42355],[-111.05685,32.42355],[-111.05557,32.42356],[-111.05428,32.42356],[-111.05277,32.42357],[-111.05126,32.42357],[-111.04974,32.42357],[-111.04826,32.42358],[-111.04705,32.42357],[-111.04547,32.42359],[-111.04366,32.4236],[-111.04209,32.42361],[-111.04054,32.42361],[-111.03903,32.42361],[-111.03749,32.42362],[-111.03598,32.42363],[-111.03447,32.42364],[-111.03292,32.42363],[-111.03146,32.42364],[-111.03003,32.42364],[-111.02847,32.42364],[-111.02694,32.42365],[-111.02546,32.42366],[-111.02389,32.42366],[-111.02237,32.42366],[-111.0208,32.42365],[-111.02007,32.42367],[-111.01921,32.42367],[-111.01769,32.42365],[-111.01618,32.42366],[-111.01459,32.42366],[-111.01309,32.42367],[-111.01163,32.42367],[-111.01015,32.42367],[-111.00866,32.42367],[-111.00714,32.42366],[-111.00536,32.42367],[-111.00385,32.42367],[-111.00236,32.42366],[-111.00081,32.42363],[-110.99924,32.42363],[-110.99771,32.42354],[-110.99622,32.42355],[-110.99448,32.42352],[-110.99161,32.42354],[-110.98855,32.42355],[-110.98688,32.42353],[-110.9851,32.42355],[-110.98271,32.42357],[-110.98153,32.42358],[-110.9802,32.42366],[-110.97889,32.42376],[-110.97742,32.42375],[-110.97062,32.42376],[-110.97044,32.42523],[-110.96977,32.42504]]}},{"type":"Feature","properties":{"id":"305550","type":"AC; OVERHEAD","status":"IN SERVICE","owner":null,"voltage":345,"voltClass":"345"},"geometry":{"type":"LineString","coordinates":[[-110.30422,34.93862],[-110.30145,34.93591],[-110.30799,34.92872],[-110.31057,34.92683],[-110.36895,34.88392],[-110.4253,34.84251],[-110.55839,34.74543],[-110.63405,34.69001],[-110.70052,34.63794],[-110.74824,34.60055],[-110.76557,34.58691],[-110.8036,34.55719],[-110.81503,34.55517],[-110.89732,34.49186],[-110.95881,34.44482],[-111.06836,34.38279],[-111.09967,34.3477],[-111.13079,34.31276],[-111.14156,34.30076],[-111.14947,34.2929],[-111.18584,34.25668],[-111.21303,34.22963],[-111.22836,34.2143],[-111.25959,34.17609],[-111.28081,34.14122],[-111.30054,34.10888],[-111.31432,34.08612],[-111.3297,34.06077],[-111.3495,34.02818],[-111.36565,34.00136],[-111.38187,33.97463],[-111.38316,33.97237],[-111.39795,33.9644],[-111.41074,33.95742],[-111.41744,33.9538],[-111.42129,33.95101],[-111.44615,33.93401],[-111.47706,33.91476],[-111.50389,33.89839],[-111.51963,33.8922],[-111.55264,33.86584],[-111.57605,33.84741],[-111.61533,33.81667],[-111.63485,33.81067],[-111.64538,33.80664],[-111.65608,33.80265],[-111.66749,33.80049],[-111.67248,33.79909],[-111.69289,33.79263],[-111.72725,33.78163],[-111.76065,33.77098],[-111.76505,33.76999],[-111.83235,33.76987],[-111.87049,33.75533],[-111.88497,33.74406],[-111.92614,33.71284],[-111.93427,33.70569],[-111.93727,33.70245]]}},{"type":"Feature","properties":{"id":"305569","type":"AC; OVERHEAD","status":"IN SERVICE","owner":"ARIZONA PUBLIC SERVICE COMPANY","voltage":500,"voltClass":"500"},"geometry":{"type":"LineString","coordinates":[[-112.32218,33.7066],[-112.32346,33.71141],[-112.32267,33.71264],[-112.3219,33.71373],[-112.31339,33.73136],[-112.30332,33.7515],[-112.28757,33.78284],[-112.25964,33.8165],[-112.22154,33.86235],[-112.20292,33.88428],[-112.19492,33.91019],[-112.18383,33.94572],[-112.14511,33.9977],[-112.11344,34.04031],[-112.11275,34.09156],[-112.11259,34.09822],[-112.11158,34.11289],[-112.10741,34.14914],[-112.089,34.1645],[-112.07298,34.1795],[-112.06272,34.23211],[-112.06267,34.23775],[-112.07272,34.27058],[-112.08444,34.30928],[-112.0855,34.31353],[-112.08489,34.34564],[-112.09245,34.36275],[-112.11338,34.412],[-112.13213,34.45388],[-112.13533,34.46148],[-112.13957,34.47101],[-112.14477,34.48256],[-112.15459,34.50278],[-112.17834,34.55536],[-112.19989,34.60353],[-112.20019,34.60694],[-112.19544,34.67367],[-112.21641,34.71575],[-112.22226,34.73487],[-112.22906,34.75656]]}},{"type":"Feature","properties":{"id":"305588","type":"AC; OVERHEAD","status":"IN SERVICE","owner":"TUCSON ELECTRIC POWER COMPANY","voltage":138,"voltClass":"100-161"},"geometry":{"type":"LineString","coordinates":[[-110.9879,32.29451],[-110.98685,32.2944],[-110.9869,32.29783],[-110.98892,32.30283],[-110.9911,32.30829],[-110.99307,32.31312],[-110.99503,32.3179],[-110.99548,32.31908],[-110.99553,32.32409],[-110.99547,32.32648],[-110.99546,32.33273],[-110.99543,32.33515],[-110.99549,32.33673],[-110.99548,32.33801],[-110.99588,32.33935],[-110.99561,32.34085],[-110.99559,32.34562],[-110.99563,32.35061],[-110.99564,32.35794],[-110.99566,32.36699],[-110.99565,32.36836],[-110.99661,32.36897]]}},{"type":"Feature","properties":{"id":"305590","type":"AC; OVERHEAD","status":"IN SERVICE","owner":"ARIZONA PUBLIC SERVICE COMPANY","voltage":230,"voltClass":"220-287"},"geometry":{"type":"LineString","coordinates":[[-112.50028,33.41223],[-112.48455,33.41052],[-112.46128,33.39995],[-112.46129,33.40675],[-112.46173,33.41038],[-112.46173,33.46513],[-112.46123,33.46583],[-112.46116,33.49386],[-112.43744,33.49389],[-112.42582,33.50446],[-112.42562,33.50565]]}},{"type":"Feature","properties":{"id":"305626","type":"AC; OVERHEAD","status":"IN SERVICE","owner":null,"voltage":115,"voltClass":"100-161"},"geometry":{"type":"LineString","coordinates":[[-111.06049,31.92212],[-111.06603,31.92226],[-111.09984,31.92822],[-111.11231,31.93851],[-111.16239,31.97434],[-111.19882,32.00037],[-111.214,32.01006],[-111.26459,32.04217],[-111.26428,32.08783],[-111.28565,32.09452]]}},{"type":"Feature","properties":{"id":"305733","type":"AC; OVERHEAD","status":"IN SERVICE","owner":null,"voltage":230,"voltClass":"220-287"},"geometry":{"type":"LineString","coordinates":[[-114.74302,36.01836],[-114.75041,36.0152],[-114.75279,36.01351],[-114.78186,36.0031],[-114.78383,36.00223],[-114.78521,36.00078],[-114.78839,35.99229],[-114.8179,35.93105],[-114.82157,35.92356],[-114.82835,35.92567],[-114.83474,35.92781]]}},{"type":"Feature","properties":{"id":"309954","type":"AC; OVERHEAD","status":"IN SERVICE","owner":null,"voltage":138,"voltClass":"100-161"},"geometry":{"type":"LineString","coordinates":[[-110.96729,31.99775],[-110.96886,32.00099],[-111.05701,32.00039],[-111.05336,31.99711]]}},{"type":"Feature","properties":{"id":"305886","type":"AC; OVERHEAD","status":"IN SERVICE","owner":"TRICO ELECTRIC COOPERATIVE","voltage":115,"voltClass":"100-161"},"geometry":{"type":"LineString","coordinates":[[-111.30341,32.44916],[-111.30356,32.44766],[-111.30368,32.44594]]}},{"type":"Feature","properties":{"id":"306003","type":"AC; OVERHEAD","status":"IN SERVICE","owner":null,"voltage":500,"voltClass":"500"},"geometry":{"type":"LineString","coordinates":[[-111.5618,32.87018],[-111.53235,32.87455],[-111.53209,32.94318],[-111.50884,32.94447],[-111.50506,33.00239],[-111.39266,33.01679],[-111.35522,33.03138],[-111.17368,33.03207],[-111.14528,33.03679],[-111.02603,33.01744],[-110.96295,33.01714],[-110.87923,33.01596],[-110.85868,33.01836],[-110.89444,33.04942],[-110.93364,33.08982],[-110.95342,33.10725],[-110.97187,33.12923],[-110.97767,33.15128],[-111.00078,33.17064],[-111.03866,33.18056],[-111.04017,33.19689],[-111.04064,33.23658],[-111.0393,33.32384],[-111.0316,33.33894],[-111.02153,33.35422],[-111.01181,33.36234],[-111.00833,33.37281],[-111.00042,33.4027],[-111.0012,33.43272],[-111.00815,33.44374],[-111.00312,33.45347],[-110.95897,33.46497],[-110.93078,33.49286],[-110.92945,33.51181],[-110.93998,33.53097],[-110.94083,33.56813],[-110.93828,33.59618],[-110.93127,33.60864],[-110.91486,33.64078],[-110.89987,33.66008],[-110.8875,33.67486],[-110.87961,33.67969],[-110.87016,33.68112],[-110.84567,33.68494],[-110.80632,33.73275],[-110.80225,33.82911],[-110.81671,33.93053],[-110.78458,34.01144],[-110.78789,34.12563],[-110.81748,34.17397],[-110.82722,34.22155],[-110.84543,34.24974],[-110.83397,34.33994],[-110.81558,34.38503],[-110.75998,34.43253],[-110.70139,34.55328],[-110.70136,34.5892],[-110.67698,34.59951],[-110.65063,34.59968],[-110.62219,34.58979],[-110.57424,34.58877],[-110.56399,34.59639],[-110.3249,34.59621],[-110.3235,34.78609],[-110.32307,34.87459],[-110.323,34.91047],[-110.31433,34.91711],[-110.30422,34.93862]]}},{"type":"Feature","properties":{"id":"306009","type":"AC; OVERHEAD","status":"IN SERVICE","owner":"ARIZONA PUBLIC SERVICE COMPANY","voltage":500,"voltClass":"500"},"geometry":{"type":"LineString","coordinates":[[-112.32218,33.7066],[-112.32631,33.70565]]}},{"type":"Feature","properties":{"id":"306013","type":"AC; OVERHEAD","status":"IN SERVICE","owner":null,"voltage":161,"voltClass":"100-161"},"geometry":{"type":"LineString","coordinates":[[-114.21693,33.99772],[-114.2167,33.6967],[-114.16481,33.69676],[-114.16484,33.66542],[-114.21667,33.65378],[-114.21662,33.58315],[-114.21615,33.30681],[-114.24517,33.24589],[-114.27879,33.06307],[-114.28813,33.0118],[-114.29175,32.99781],[-114.3029,32.95718],[-114.34814,32.86837],[-114.34738,32.86787]]}},{"type":"Feature","properties":{"id":"306030","type":"AC; OVERHEAD","status":"IN SERVICE","owner":"TUCSON ELECTRIC POWER COMPANY","voltage":138,"voltClass":"100-161"},"geometry":{"type":"LineString","coordinates":[[-110.85878,32.10015],[-110.85831,32.09988],[-110.85824,32.08925],[-110.85821,32.08049],[-110.85826,32.07548],[-110.86976,32.07548],[-110.88283,32.07547],[-110.89253,32.07545],[-110.89245,32.08395],[-110.89248,32.09307],[-110.89249,32.10222],[-110.89245,32.11175],[-110.89246,32.11841],[-110.89243,32.12765],[-110.8924,32.1341],[-110.89141,32.13603],[-110.89153,32.14328],[-110.89168,32.1493],[-110.90464,32.15657],[-110.90607,32.15822],[-110.90662,32.1592],[-110.90668,32.15995]]}},{"type":"Feature","properties":{"id":"306067","type":"AC; OVERHEAD","status":"IN SERVICE","owner":null,"voltage":230,"voltClass":"220-287"},"geometry":{"type":"LineString","coordinates":[[-110.57044,31.96463],[-110.57123,31.96426],[-110.5715,31.96533],[-110.57106,31.96739],[-110.57664,31.96824],[-110.58237,31.9691],[-110.58886,31.97012],[-110.59639,31.97139],[-110.60365,31.97261],[-110.60886,31.97347],[-110.61371,31.97428],[-110.62247,31.97575],[-110.62704,31.97651],[-110.63237,31.97741],[-110.63815,31.97836],[-110.64189,31.97894],[-110.65017,31.98359],[-110.65459,31.98601],[-110.65694,31.98734],[-110.66373,31.99113],[-110.67118,31.991],[-110.67631,31.99091],[-110.67962,31.99092],[-110.68297,31.9909],[-110.68794,31.99091],[-110.6949,31.99089],[-110.7,31.99092],[-110.70503,31.9909],[-110.70697,31.99092],[-110.70697,31.99184],[-110.70788,31.99191]]}},{"type":"Feature","properties":{"id":"306068","type":"AC; OVERHEAD","status":"IN SERVICE","owner":"ARIZONA PUBLIC SERVICE COMPANY","voltage":230,"voltClass":"220-287"},"geometry":{"type":"LineString","coordinates":[[-112.22906,34.75656],[-112.22958,34.75717],[-112.23033,34.75911],[-112.23169,34.76379],[-112.23455,34.7729],[-112.23489,34.77386],[-112.23558,34.77384],[-112.2362,34.77304],[-112.24179,34.76587],[-112.24923,34.75628],[-112.25763,34.7522],[-112.26267,34.74981],[-112.32806,34.72437],[-112.39728,34.69754],[-112.44033,34.6807],[-112.44162,34.67973],[-112.44753,34.66253],[-112.4473,34.65744],[-112.44551,34.61213],[-112.44695,34.61028],[-112.45124,34.60474],[-112.45291,34.60273],[-112.45445,34.60261]]}},{"type":"Feature","properties":{"id":"306094","type":"AC; OVERHEAD","status":"IN SERVICE","owner":null,"voltage":500,"voltClass":"500"},"geometry":{"type":"LineString","coordinates":[[-114.49103,32.7461],[-114.48871,32.7506],[-114.48815,32.75537],[-114.486,32.76558],[-114.48398,32.77528],[-114.48089,32.78997],[-114.48403,32.8111],[-114.4897,32.81641],[-114.49675,32.81907],[-114.50771,32.81533],[-114.51225,32.81737],[-114.52759,32.8295],[-114.53611,32.83626],[-114.57086,32.83585],[-114.59134,32.83654],[-114.60278,32.83558],[-114.64404,32.83491],[-114.67525,32.83451],[-114.71775,32.83397],[-114.73007,32.81315],[-114.73408,32.80987],[-114.7568,32.79923],[-114.79683,32.78265],[-114.81167,32.77651],[-114.82729,32.77004],[-114.86562,32.75414],[-114.88217,32.73862],[-114.90334,32.7306],[-114.90709,32.72802],[-114.92156,32.70564],[-114.98904,32.70105],[-115.04502,32.70104],[-115.0793,32.70107],[-115.10742,32.70104],[-115.14806,32.7011],[-115.1886,32.70109],[-115.22807,32.70106],[-115.25892,32.70869],[-115.26275,32.70924],[-115.31936,32.7092],[-115.32397,32.70922],[-115.34153,32.70852],[-115.37137,32.70861],[-115.3892,32.70859],[-115.39342,32.70919],[-115.39703,32.71647],[-115.4186,32.71642],[-115.43104,32.71598],[-115.461,32.71618],[-115.47353,32.71614],[-115.49494,32.71642],[-115.51243,32.71646],[-115.54267,32.71648],[-115.57295,32.71647],[-115.59462,32.71652],[-115.60731,32.71578],[-115.64639,32.71558],[-115.67872,32.71555],[-115.71246,32.71589],[-115.71553,32.71762]]}},{"type":"Feature","properties":{"id":"306175","type":"AC; OVERHEAD","status":"IN SERVICE","owner":"ARIZONA PUBLIC SERVICE COMPANY","voltage":500,"voltClass":"500"},"geometry":{"type":"LineString","coordinates":[[-112.85905,33.38473],[-112.8573,33.38325],[-112.85353,33.38135],[-112.84691,33.37816],[-112.84684,33.34781],[-112.84795,33.34625],[-112.85208,33.34585]]}},{"type":"Feature","properties":{"id":"306262","type":"AC; OVERHEAD","status":"IN SERVICE","owner":"SALT RIVER PROJECT","voltage":230,"voltClass":"220-287"},"geometry":{"type":"LineString","coordinates":[[-112.08487,33.37692],[-112.083,33.37656],[-112.08199,33.37675],[-112.08066,33.3772],[-112.07349,33.37897],[-112.07136,33.37945],[-112.06922,33.37974],[-112.06702,33.37977],[-112.06253,33.37942],[-112.0602,33.37943],[-112.05784,33.37967],[-112.05555,33.37974],[-112.04682,33.3796],[-112.04489,33.37973],[-112.04127,33.38043],[-112.03939,33.38059],[-112.03726,33.3807],[-112.03272,33.38028],[-112.02588,33.38016],[-112.01928,33.3799],[-112.01734,33.37963],[-112.01304,33.37912],[-112.01087,33.37919],[-112.00648,33.37951],[-112.00423,33.37998],[-111.99849,33.38182],[-111.97858,33.38194],[-111.97856,33.37654],[-111.97658,33.37668],[-111.97469,33.37667],[-111.97296,33.37735],[-111.97084,33.37748],[-111.96882,33.37713],[-111.96712,33.37696],[-111.96517,33.37651],[-111.96339,33.37575],[-111.96201,33.37475],[-111.96077,33.37349],[-111.95966,33.37215],[-111.95876,33.37074],[-111.95722,33.36799],[-111.95681,33.3665],[-111.95621,33.36174],[-111.95625,33.35808],[-111.95669,33.35652],[-111.95725,33.35304],[-111.94597,33.35308],[-111.94234,33.35217]]}},{"type":"Feature","properties":{"id":"306263","type":"AC; OVERHEAD","status":"IN SERVICE","owner":null,"voltage":161,"voltClass":"100-161"},"geometry":{"type":"LineString","coordinates":[[-114.1417,34.29105],[-114.14091,34.29153],[-114.14168,34.29388],[-114.1441,34.29352],[-114.14634,34.29311],[-114.14927,34.29054],[-114.15172,34.28667],[-114.1593,34.28059],[-114.16619,34.27508],[-114.17267,34.25772],[-114.17084,34.24738],[-114.17464,34.24078],[-114.18085,34.23553],[-114.18487,34.23108],[-114.19062,34.22476],[-114.19962,34.21778],[-114.21026,34.20964],[-114.21804,34.2028],[-114.22187,34.19391],[-114.22186,34.18963],[-114.22188,34.18598],[-114.22188,34.18362],[-114.21298,34.16344],[-114.20126,34.13693],[-114.19588,34.12219],[-114.21649,34.00009],[-114.21648,33.99867],[-114.21693,33.99772]]}},{"type":"Feature","properties":{"id":"306276","type":"AC; OVERHEAD","status":"IN SERVICE","owner":"AZUSA LIGHT & POWER","voltage":161,"voltClass":"100-161"},"geometry":{"type":"LineString","coordinates":[[-114.1417,34.29105],[-114.14306,34.29275],[-114.14403,34.29313],[-114.14455,34.29353],[-114.1466,34.29353],[-114.14667,34.29353],[-114.15095,34.2934],[-114.15242,34.29161],[-114.15288,34.29102],[-114.15388,34.28971],[-114.15498,34.2883],[-114.15623,34.28671],[-114.1574,34.28506],[-114.15877,34.28333],[-114.15973,34.28205],[-114.1606,34.28082],[-114.16204,34.27963],[-114.16346,34.27841],[-114.16497,34.27709],[-114.16557,34.276],[-114.16678,34.27328],[-114.16857,34.27061],[-114.16949,34.26833],[-114.17118,34.26575],[-114.172,34.26405],[-114.17399,34.26345],[-114.17616,34.2628],[-114.17996,34.26166],[-114.18208,34.26103],[-114.18419,34.26039],[-114.18653,34.25973],[-114.18891,34.25851],[-114.19284,34.25657],[-114.19653,34.2548],[-114.20196,34.25203],[-114.20552,34.25029],[-114.20696,34.24954],[-114.20897,34.24849],[-114.21035,34.24774],[-114.21233,34.2467],[-114.21448,34.24558],[-114.21705,34.24425],[-114.21922,34.24307],[-114.22107,34.24212],[-114.22392,34.24062],[-114.2256,34.23972],[-114.22746,34.2387],[-114.22939,34.23766],[-114.23145,34.23662],[-114.2332,34.23569],[-114.23503,34.23475],[-114.23695,34.23372],[-114.24048,34.23184],[-114.24214,34.231],[-114.24457,34.22968],[-114.24693,34.22848],[-114.24815,34.2278],[-114.25018,34.22677],[-114.25198,34.22578],[-114.25342,34.22503],[-114.25492,34.22427],[-114.25661,34.22338],[-114.2595,34.22183],[-114.26347,34.21976],[-114.26537,34.21874],[-114.26736,34.21772],[-114.26879,34.21694],[-114.27092,34.21581],[-114.27313,34.21463],[-114.27542,34.21344],[-114.27705,34.21257],[-114.27866,34.21173],[-114.28013,34.21097],[-114.28319,34.20935],[-114.2873,34.2072],[-114.28895,34.20632],[-114.2906,34.20543],[-114.29242,34.20447],[-114.29426,34.20349],[-114.29674,34.20219],[-114.29871,34.20117],[-114.30038,34.20025],[-114.30207,34.19936],[-114.30358,34.19853],[-114.30615,34.19722],[-114.30819,34.19618],[-114.31017,34.1951],[-114.31166,34.19438],[-114.31718,34.19175],[-114.31875,34.191],[-114.32246,34.18923],[-114.32449,34.18826],[-114.32625,34.18742],[-114.32798,34.1866],[-114.32999,34.18565],[-114.33207,34.18468],[-114.33404,34.18373],[-114.33609,34.18275],[-114.33758,34.18204],[-114.3396,34.18108],[-114.34129,34.18028],[-114.34295,34.17949],[-114.34467,34.17868],[-114.34619,34.17796],[-114.34769,34.17722],[-114.34998,34.17614],[-114.35198,34.17518],[-114.35395,34.17424],[-114.35568,34.17342],[-114.35777,34.17244],[-114.36076,34.17103],[-114.36238,34.17025],[-114.36398,34.16948],[-114.36597,34.16854],[-114.36785,34.16763],[-114.36973,34.16673],[-114.3714,34.16592],[-114.37351,34.16493],[-114.37547,34.164],[-114.37734,34.1631],[-114.37932,34.16217],[-114.38127,34.16125],[-114.38337,34.16023],[-114.38538,34.15927],[-114.38731,34.15834],[-114.38939,34.15735],[-114.39123,34.15649],[-114.39323,34.15553],[-114.39503,34.15466],[-114.39671,34.15386],[-114.39851,34.15301],[-114.40029,34.15216],[-114.40205,34.15132],[-114.404,34.15038],[-114.40608,34.14938],[-114.40807,34.14844],[-114.41185,34.14663],[-114.41363,34.14578],[-114.41543,34.14494],[-114.41719,34.14409],[-114.41894,34.14326],[-114.42065,34.14245],[-114.4226,34.14152],[-114.42447,34.14064],[-114.42634,34.13975],[-114.42835,34.13879],[-114.43035,34.13783],[-114.43223,34.13692],[-114.43414,34.13603],[-114.43593,34.13516],[-114.43791,34.13422],[-114.4398,34.13332],[-114.44179,34.13235],[-114.44394,34.13133],[-114.44598,34.13034],[-114.44804,34.12937],[-114.4501,34.12839],[-114.45188,34.12754],[-114.45385,34.1266],[-114.45568,34.1257],[-114.45786,34.12466],[-114.4593,34.12395],[-114.46082,34.12326],[-114.46219,34.12258],[-114.46418,34.12165],[-114.46588,34.12082],[-114.46756,34.12],[-114.46943,34.11915],[-114.4713,34.11827],[-114.47302,34.11745],[-114.47462,34.11668],[-114.47635,34.11588],[-114.47807,34.11505],[-114.47979,34.11422],[-114.4815,34.11339],[-114.48299,34.11268],[-114.48404,34.11217],[-114.48619,34.11115],[-114.48801,34.11027],[-114.48976,34.10944],[-114.49141,34.10865],[-114.49295,34.10792],[-114.49432,34.10726],[-114.49563,34.10662],[-114.49683,34.10604],[-114.49796,34.10552],[-114.49941,34.10482],[-114.50095,34.10409],[-114.50254,34.10332],[-114.5041,34.10258],[-114.50589,34.10172],[-114.50773,34.10084],[-114.50962,34.09994],[-114.51145,34.09906],[-114.51334,34.09816],[-114.51518,34.09728],[-114.51706,34.09637],[-114.5189,34.0955],[-114.52078,34.0946],[-114.52284,34.0936],[-114.52479,34.09265],[-114.52662,34.09178],[-114.5284,34.09095],[-114.53029,34.09005],[-114.53211,34.08917],[-114.53395,34.08829],[-114.53587,34.08737],[-114.53773,34.08648],[-114.53916,34.0858],[-114.54059,34.08511],[-114.5421,34.08441],[-114.54372,34.08325],[-114.54542,34.08206],[-114.54707,34.08089],[-114.5487,34.07976],[-114.55033,34.07861],[-114.55192,34.07749],[-114.55359,34.07632],[-114.5552,34.07517],[-114.55682,34.07404],[-114.55848,34.07285],[-114.56015,34.07169],[-114.56182,34.07052],[-114.56348,34.06935],[-114.56512,34.06821],[-114.56677,34.06707],[-114.56839,34.06593],[-114.57005,34.06476],[-114.57172,34.0636],[-114.5734,34.0624],[-114.57504,34.06125],[-114.57665,34.06011],[-114.57832,34.05895],[-114.57992,34.0578],[-114.58157,34.05665],[-114.58321,34.05551],[-114.58485,34.05435],[-114.5865,34.05319],[-114.58814,34.05203],[-114.58978,34.05089],[-114.59143,34.04972],[-114.593,34.04861],[-114.59462,34.04748],[-114.59629,34.0463],[-114.59792,34.04516],[-114.59955,34.04401],[-114.60118,34.04287],[-114.60281,34.04172],[-114.60441,34.04061],[-114.60603,34.03947],[-114.60763,34.03834],[-114.6093,34.03716],[-114.61081,34.0361],[-114.61232,34.03503],[-114.61374,34.03405],[-114.61507,34.03311],[-114.6164,34.03216],[-114.6179,34.03112],[-114.61941,34.03005],[-114.62105,34.0289],[-114.62256,34.02783],[-114.62419,34.02668],[-114.62591,34.02548],[-114.62755,34.02432],[-114.62908,34.02324],[-114.6306,34.02217],[-114.63203,34.02116],[-114.6334,34.02018],[-114.63498,34.01908],[-114.6366,34.01794],[-114.63823,34.01679],[-114.63985,34.01568],[-114.64059,34.01409],[-114.64142,34.01235],[-114.6422,34.01072],[-114.64303,34.00898],[-114.64397,34.00704],[-114.6449,34.00505],[-114.64572,34.0033],[-114.64656,34.00156],[-114.6472,34.00023],[-114.64802,33.99851],[-114.64883,33.9968],[-114.64959,33.9952],[-114.65029,33.99371],[-114.65107,33.99209],[-114.65189,33.99034],[-114.6527,33.98866],[-114.6535,33.98698],[-114.65431,33.98529],[-114.65509,33.98363],[-114.65586,33.98202],[-114.65665,33.98036],[-114.65741,33.97875],[-114.65816,33.97717],[-114.65894,33.97553],[-114.65972,33.9739],[-114.66045,33.97235],[-114.66126,33.97068],[-114.66207,33.96899],[-114.66284,33.96735],[-114.66361,33.96574],[-114.66442,33.96404],[-114.66524,33.9623],[-114.666,33.96071],[-114.66679,33.95905],[-114.66758,33.9574],[-114.66842,33.95561],[-114.66922,33.95394],[-114.66998,33.95227],[-114.67078,33.95062],[-114.67159,33.94894],[-114.67232,33.94741],[-114.67317,33.94561],[-114.674,33.94384],[-114.67485,33.94205],[-114.67573,33.94022],[-114.67642,33.93877],[-114.67719,33.93716],[-114.67798,33.9355],[-114.67866,33.93407],[-114.67923,33.93287],[-114.68008,33.93109],[-114.68085,33.92945],[-114.68157,33.92791],[-114.68232,33.92636],[-114.6831,33.9247],[-114.68382,33.92317],[-114.68464,33.92147],[-114.68541,33.91984],[-114.68621,33.91815],[-114.68701,33.91647],[-114.68776,33.91489],[-114.68853,33.91327],[-114.68927,33.91172],[-114.68999,33.91021],[-114.69078,33.90855],[-114.69167,33.9067],[-114.6925,33.90493],[-114.69326,33.90332],[-114.69393,33.90192],[-114.69461,33.90052],[-114.69457,33.89883],[-114.69454,33.89713],[-114.69451,33.89529],[-114.69448,33.89349],[-114.69447,33.89177],[-114.69443,33.89009],[-114.69441,33.88833],[-114.69439,33.88669],[-114.69437,33.88523],[-114.69435,33.88359],[-114.6943,33.88158],[-114.69428,33.87955],[-114.69424,33.87776],[-114.69421,33.87613],[-114.69415,33.87411],[-114.69474,33.87248],[-114.69522,33.87104],[-114.69571,33.86953],[-114.69619,33.86807],[-114.69679,33.86619],[-114.69743,33.86426],[-114.69808,33.86224],[-114.69868,33.86037],[-114.69922,33.85867],[-114.69984,33.85689],[-114.70036,33.85527],[-114.70094,33.85351],[-114.70149,33.85186],[-114.70205,33.85013],[-114.7026,33.84841],[-114.70314,33.84676],[-114.70366,33.84517],[-114.70428,33.84332],[-114.70485,33.84157],[-114.7055,33.83961],[-114.70608,33.8378],[-114.70659,33.83622],[-114.70711,33.83465],[-114.70775,33.83267],[-114.70836,33.83081],[-114.70896,33.82901],[-114.70953,33.8273],[-114.70944,33.82564],[-114.70938,33.82407],[-114.7093,33.82226],[-114.70922,33.8205],[-114.70915,33.81867],[-114.70908,33.81682],[-114.70901,33.81523],[-114.70894,33.81352],[-114.70886,33.81174],[-114.70879,33.80987],[-114.70872,33.80815],[-114.70864,33.8063],[-114.70857,33.80451],[-114.70849,33.80274],[-114.70842,33.80099],[-114.70835,33.79921],[-114.70827,33.79723],[-114.70819,33.79531],[-114.70811,33.79352],[-114.70804,33.79174],[-114.70797,33.78984],[-114.70789,33.78806],[-114.70782,33.78627],[-114.70774,33.78449],[-114.70765,33.78245],[-114.70757,33.78048],[-114.70749,33.77843],[-114.70743,33.77724],[-114.70736,33.77548],[-114.70728,33.77361],[-114.70721,33.7718],[-114.70715,33.77004],[-114.70706,33.76826],[-114.70699,33.76664],[-114.70692,33.7648],[-114.70685,33.76307],[-114.70679,33.76137],[-114.70672,33.75978],[-114.70664,33.75796],[-114.70656,33.7561],[-114.70649,33.7544],[-114.70642,33.75247],[-114.70634,33.75065],[-114.70627,33.7489],[-114.7062,33.74725],[-114.70613,33.74539],[-114.70605,33.74357],[-114.70595,33.74177],[-114.70578,33.74001],[-114.70582,33.7382],[-114.70575,33.73641],[-114.70569,33.73476],[-114.70563,33.73311],[-114.70556,33.7316],[-114.70549,33.72979],[-114.70542,33.72806],[-114.70535,33.72636],[-114.70528,33.72463],[-114.7052,33.72284],[-114.70513,33.72106],[-114.70511,33.71931],[-114.70499,33.71755],[-114.70491,33.71582],[-114.70484,33.71403],[-114.70477,33.7123],[-114.70469,33.71054],[-114.70462,33.70881],[-114.70454,33.70706],[-114.70447,33.7053],[-114.70442,33.70359],[-114.70318,33.70213],[-114.70195,33.70066],[-114.70077,33.69924],[-114.6996,33.69785],[-114.69838,33.69638],[-114.69715,33.69492],[-114.69598,33.69351],[-114.69476,33.69199],[-114.69338,33.69036],[-114.69214,33.68889],[-114.69096,33.68749],[-114.68994,33.68625],[-114.68865,33.68472],[-114.68748,33.68332],[-114.68613,33.68171],[-114.68474,33.68006],[-114.68473,33.67827],[-114.6847,33.67656],[-114.68467,33.67481],[-114.68463,33.67299],[-114.68459,33.6712],[-114.68457,33.66942],[-114.68455,33.66802],[-114.68453,33.66626],[-114.68446,33.66455],[-114.68449,33.66276],[-114.68443,33.66102],[-114.6844,33.65978],[-114.68438,33.65809],[-114.68436,33.65638],[-114.68434,33.65472],[-114.68434,33.65298],[-114.68432,33.6513],[-114.68431,33.64954],[-114.6843,33.64806],[-114.68428,33.64645],[-114.68421,33.64457],[-114.68422,33.64261],[-114.68417,33.64072],[-114.68414,33.63897],[-114.68414,33.63734],[-114.68413,33.6354],[-114.68409,33.63366],[-114.68406,33.63211],[-114.68403,33.63046],[-114.68401,33.62881],[-114.68398,33.62711],[-114.68395,33.62535],[-114.68393,33.62349],[-114.6839,33.62162],[-114.68388,33.61974],[-114.68387,33.61795],[-114.68386,33.61791],[-114.68395,33.61705],[-114.68463,33.6161]]}},{"type":"Feature","properties":{"id":"306320","type":"AC; OVERHEAD","status":"IN SERVICE","owner":null,"voltage":115,"voltClass":"100-161"},"geometry":{"type":"LineString","coordinates":[[-111.0684,33.30627],[-111.104,33.30318]]}},{"type":"Feature","properties":{"id":"306330","type":"AC; OVERHEAD","status":"IN SERVICE","owner":"ARIZONA PUBLIC SERVICE COMPANY","voltage":230,"voltClass":"220-287"},"geometry":{"type":"LineString","coordinates":[[-112.06661,33.47529],[-112.06489,33.47537],[-112.06489,33.44639],[-112.07166,33.44653],[-112.07188,33.44173],[-112.07706,33.44167]]}},{"type":"Feature","properties":{"id":"306358","type":"AC; OVERHEAD","status":"IN SERVICE","owner":"ARIZONA PUBLIC SERVICE COMPANY","voltage":230,"voltClass":"220-287"},"geometry":{"type":"LineString","coordinates":[[-111.94074,33.7002],[-111.93727,33.70245]]}},{"type":"Feature","properties":{"id":"306392","type":"AC; OVERHEAD","status":"IN SERVICE","owner":"AZUSA LIGHT & POWER","voltage":161,"voltClass":"100-161"},"geometry":{"type":"LineString","coordinates":[[-114.68034,33.61138],[-114.6232,33.61727],[-114.61021,33.61734],[-114.60995,33.60761],[-114.60974,33.60648],[-114.60019,33.60656],[-114.5998,33.60624]]}},{"type":"Feature","properties":{"id":"306506","type":"AC; OVERHEAD","status":"IN SERVICE","owner":"SALT RIVER PROJECT","voltage":230,"voltClass":"220-287"},"geometry":{"type":"LineString","coordinates":[[-111.93584,33.35394],[-111.933,33.35648],[-111.89362,33.35654],[-111.85882,33.35689],[-111.83072,33.35677],[-111.82964,33.35777]]}},{"type":"Feature","properties":{"id":"306548","type":"AC; OVERHEAD","status":"IN SERVICE","owner":null,"voltage":230,"voltClass":"220-287"},"geometry":{"type":"LineString","coordinates":[[-114.56594,35.1947],[-114.56836,35.20329],[-114.56114,35.21664],[-114.56161,35.26117],[-114.56639,35.2682],[-114.57058,35.27225],[-114.59653,35.27761],[-114.6,35.27794],[-114.60733,35.28422],[-114.60775,35.29861],[-114.61014,35.30855],[-114.62352,35.32438],[-114.64733,35.34505],[-114.70621,35.39575],[-114.84225,35.51508],[-114.84862,35.52067],[-114.85362,35.52764],[-114.85633,35.53125],[-114.85906,35.53489],[-114.87743,35.57041],[-114.92358,35.663],[-114.92633,35.66594],[-114.97126,35.67053],[-115.01429,35.67462],[-115.01622,35.67456],[-115.03028,35.69278],[-115.03475,35.69862],[-115.04789,35.71579],[-115.04497,35.72017],[-115.03031,35.74618],[-115.01642,35.77054],[-115.00514,35.78897],[-115.00358,35.79984],[-115.00389,35.8017],[-115.00977,35.80377],[-115.013,35.80392]]}},{"type":"Feature","properties":{"id":"306552","type":"AC; OVERHEAD","status":"IN SERVICE","owner":"ARIZONA PUBLIC SERVICE COMPANY","voltage":230,"voltClass":"220-287"},"geometry":{"type":"LineString","coordinates":[[-112.15341,33.44124],[-112.15199,33.44057],[-112.1216,33.44039],[-112.12055,33.44013],[-112.10887,33.44007],[-112.1076,33.44038],[-112.0949,33.44047],[-112.09117,33.44048],[-112.09138,33.43992],[-112.08272,33.43997],[-112.0823,33.44021],[-112.07812,33.44021],[-112.07706,33.44167]]}},{"type":"Feature","properties":{"id":"306578","type":"AC; OVERHEAD","status":"IN SERVICE","owner":null,"voltage":230,"voltClass":"220-287"},"geometry":{"type":"LineString","coordinates":[[-112.3131,33.46714],[-112.31922,33.46631],[-112.3192,33.43775],[-112.3192,33.4361],[-112.31908,33.42079],[-112.31884,33.4136],[-112.25565,33.41398],[-112.23872,33.41601],[-112.21797,33.41596],[-112.2111,33.41592],[-112.20438,33.4158],[-112.19097,33.41548],[-112.18076,33.41548],[-112.16079,33.41579],[-112.16073,33.4317],[-112.16077,33.43967],[-112.16232,33.43968],[-112.16238,33.44228],[-112.16119,33.44241]]}},{"type":"Feature","properties":{"id":"306603","type":"AC; OVERHEAD","status":"IN SERVICE","owner":"SALT RIVER PROJECT","voltage":230,"voltClass":"220-287"},"geometry":{"type":"LineString","coordinates":[[-112.31716,33.40989],[-112.31553,33.40636],[-112.28755,33.40653],[-112.25492,33.40676],[-112.23779,33.40861],[-112.20827,33.40857],[-112.18819,33.40829],[-112.18827,33.41903],[-112.18771,33.42011]]}},{"type":"Feature","properties":{"id":"306611","type":"AC; OVERHEAD","status":"IN SERVICE","owner":null,"voltage":500,"voltClass":"500"},"geometry":{"type":"LineString","coordinates":[[-112.85208,33.34585],[-112.84632,33.34249],[-112.84631,33.29713],[-112.8459,33.26382],[-112.8339,33.24844],[-112.81224,33.24388],[-112.80529,33.23838],[-112.78079,33.22419],[-112.75786,33.2243],[-112.75044,33.22779],[-112.64305,33.22892],[-112.59742,33.22947],[-112.54855,33.21761],[-112.52022,33.21316],[-112.41283,33.16621],[-112.28936,33.07464],[-112.28946,33.04434],[-112.24975,33.04468],[-112.20311,33.0108],[-112.19842,33.00852],[-112.19645,32.99732]]}},{"type":"Feature","properties":{"id":"304261","type":"AC; OVERHEAD","status":"IN SERVICE","owner":"TUCSON ELECTRIC POWER COMPANY","voltage":138,"voltClass":"100-161"},"geometry":{"type":"LineString","coordinates":[[-110.96729,31.99775],[-110.96496,31.99923],[-110.96195,31.9992],[-110.96196,32.00106],[-110.95333,32.00108],[-110.95083,32.00155],[-110.95013,32.00888],[-110.92702,32.00904],[-110.92756,32.07544],[-110.89258,32.07615],[-110.89282,32.14991],[-110.90668,32.15995]]}},{"type":"Feature","properties":{"id":"304286","type":"AC; OVERHEAD","status":"IN SERVICE","owner":"SULPHUR SPRINGS VALLEY ELECTRIC COOPERATIVE","voltage":115,"voltClass":"100-161"},"geometry":{"type":"LineString","coordinates":[[-110.16652,31.99837],[-110.1665,31.99796],[-110.16794,31.99728],[-110.1693,31.9968],[-110.16671,31.99324],[-110.15939,31.98314],[-110.15729,31.98024],[-110.14937,31.96931],[-110.14134,31.95823],[-110.13783,31.95338],[-110.1311,31.94411],[-110.12934,31.94168],[-110.1223,31.93197],[-110.11337,31.91964],[-110.11035,31.91548],[-110.10349,31.90598],[-110.10132,31.90301],[-110.09358,31.8923],[-110.08343,31.87828],[-110.08184,31.87605],[-110.0745,31.86592],[-110.07188,31.8623],[-110.06405,31.85144],[-110.05838,31.84359],[-110.05608,31.84043],[-110.04738,31.82838],[-110.0417,31.82051],[-110.03752,31.81473],[-110.03351,31.80915],[-110.02952,31.80362],[-110.02442,31.79657],[-110.02216,31.79344],[-110.01564,31.7844],[-110.01017,31.77681],[-110.00588,31.77085],[-110.00393,31.76815],[-110.00226,31.76583],[-110.00036,31.7632],[-109.99878,31.76101],[-109.99576,31.75684],[-109.99401,31.75442],[-109.99013,31.74901],[-109.98908,31.74761],[-109.98657,31.74406],[-109.98247,31.73838],[-109.98224,31.73839]]}},{"type":"Feature","properties":{"id":"304329","type":"AC; OVERHEAD","status":"IN SERVICE","owner":null,"voltage":345,"voltClass":"345"},"geometry":{"type":"LineString","coordinates":[[-107.49254,32.53807],[-107.49175,32.53796],[-107.49184,32.58893],[-107.48736,32.68683],[-107.48967,32.77443],[-107.46422,32.81615],[-107.46529,32.83125],[-107.45826,32.87948],[-107.44537,32.89632],[-107.43254,32.90943],[-107.40738,32.94592],[-107.40734,32.98147],[-107.40478,32.99071],[-107.4049,33.01469],[-107.40358,33.10201],[-107.40401,33.14785],[-107.40188,33.15365],[-107.40175,33.21476],[-107.40901,33.24082],[-107.39495,33.29587],[-107.46313,33.31804],[-107.51267,33.35283],[-107.54228,33.36558],[-107.55325,33.3773],[-107.5643,33.38365],[-107.57971,33.40315],[-107.58179,33.4073],[-107.59785,33.40455],[-107.61349,33.4209],[-107.62095,33.44327],[-107.62801,33.45486],[-107.63612,33.48533],[-107.64918,33.50925],[-107.72613,33.51627],[-107.76015,33.52489],[-107.78655,33.5459],[-107.80806,33.56686],[-107.8476,33.5706],[-107.87375,33.59358],[-107.87994,33.60514],[-107.96808,33.59237],[-108.0045,33.59732],[-108.01086,33.59702],[-108.02258,33.5948],[-108.05682,33.59696],[-108.06838,33.59359],[-108.08679,33.59956],[-108.14219,33.59541],[-108.18463,33.59582],[-108.23703,33.59526],[-108.25974,33.60967],[-108.31467,33.68588],[-108.3193,33.70253],[-108.33058,33.74235],[-108.35421,33.76127],[-108.35978,33.80838],[-108.36716,33.81524],[-108.36136,33.82751],[-108.36438,33.8462],[-108.37508,33.85651],[-108.38133,33.89367],[-108.38067,33.89852],[-108.37664,33.90146],[-108.37485,33.90487],[-108.37798,33.92342],[-108.38332,33.9299],[-108.42123,33.93916],[-108.46451,33.94713],[-108.48111,33.94359],[-108.53859,33.94337],[-108.58089,33.97824],[-108.59973,33.99981],[-108.74515,33.99885],[-108.76147,34.05294],[-108.80548,34.08188],[-108.88561,34.14258],[-108.93975,34.16225],[-108.94027,34.1976],[-108.94055,34.21097],[-108.94061,34.24195],[-108.94056,34.25665],[-108.95225,34.26655],[-108.95877,34.29963],[-108.98741,34.29999],[-109.00726,34.29984],[-109.04243,34.30008],[-109.07569,34.30051],[-109.09387,34.31517],[-109.14522,34.31559],[-109.15823,34.31205],[-109.16119,34.31239]]}},{"type":"Feature","properties":{"id":"304342","type":"AC; OVERHEAD","status":"IN SERVICE","owner":null,"voltage":500,"voltClass":"500"},"geometry":{"type":"LineString","coordinates":[[-111.99529,32.96251],[-111.99919,32.96199],[-112.01341,32.96359],[-112.04672,32.96336],[-112.04874,32.96282],[-112.06516,32.9624],[-112.0651,32.95592],[-112.06605,32.95485],[-112.09955,32.95485],[-112.09955,32.95693],[-112.1231,32.95681],[-112.12661,32.95622],[-112.13619,32.95634],[-112.13619,32.96276],[-112.14571,32.96918],[-112.15249,32.96829],[-112.15743,32.96972],[-112.16415,32.9749],[-112.1648,32.9787],[-112.16849,32.9787],[-112.16849,32.98447],[-112.19026,32.99988],[-112.19568,33.00006],[-112.19645,32.99732]]}},{"type":"Feature","properties":{"id":"304681","type":"AC; OVERHEAD","status":"IN SERVICE","owner":null,"voltage":230,"voltClass":"220-287"},"geometry":{"type":"LineString","coordinates":[[-114.74302,36.01836],[-114.74952,36.0147],[-114.75019,36.01374],[-114.75314,36.01218],[-114.77171,36.00522],[-114.78177,36.00167],[-114.78458,35.99958],[-114.78718,35.99197],[-114.78937,35.9869],[-114.79288,35.97959],[-114.79912,35.96709],[-114.81283,35.93957],[-114.82076,35.92365],[-114.82821,35.92602],[-114.83474,35.92781]]}},{"type":"Feature","properties":{"id":"304811","type":"AC; OVERHEAD","status":"IN SERVICE","owner":"ARIZONA PUBLIC SERVICE COMPANY","voltage":230,"voltClass":"220-287"},"geometry":{"type":"LineString","coordinates":[[-112.05994,33.57407],[-112.06081,33.57451],[-112.06078,33.57673],[-112.05669,33.57664],[-112.0565,33.58262],[-112.05654,33.58579],[-112.05661,33.58949],[-112.06514,33.58954],[-112.06529,33.59082],[-112.06532,33.59535],[-112.06505,33.59659],[-112.065,33.59778],[-112.06513,33.60335],[-112.06495,33.60506],[-112.06497,33.60725],[-112.06531,33.61144],[-112.06537,33.65462],[-112.05602,33.65469],[-112.05583,33.65584]]}},{"type":"Feature","properties":{"id":"304707","type":"AC; OVERHEAD","status":"IN SERVICE","owner":"SULPHUR SPRINGS VALLEY ELECTRIC COOPERATIVE","voltage":230,"voltClass":"220-287"},"geometry":{"type":"LineString","coordinates":[[-109.89377,32.06014],[-109.89529,32.05961],[-109.89504,32.05893],[-109.89631,32.05868],[-109.8982,32.05878],[-109.90618,32.05878],[-109.91874,32.05879],[-109.92612,32.05868],[-109.93327,32.0587],[-109.94789,32.05868],[-109.95775,32.06474],[-109.97047,32.07244],[-109.98528,32.08148],[-109.99974,32.09027],[-110.01124,32.09722],[-110.01974,32.10241],[-110.03339,32.11067],[-110.04647,32.11859],[-110.05804,32.12564],[-110.06974,32.13272],[-110.0814,32.13979],[-110.09105,32.14566],[-110.10052,32.15139],[-110.11456,32.15986],[-110.12158,32.16212],[-110.1332,32.1659],[-110.14509,32.16976],[-110.15758,32.17379],[-110.17347,32.17893],[-110.1761,32.17975],[-110.19008,32.18426],[-110.20385,32.18872],[-110.20392,32.19043]]}},{"type":"Feature","properties":{"id":"304699","type":"AC; OVERHEAD","status":"IN SERVICE","owner":"TUCSON ELECTRIC POWER COMPANY","voltage":138,"voltClass":"100-161"},"geometry":{"type":"LineString","coordinates":[[-110.83842,32.22933],[-110.83733,32.22893],[-110.83579,32.22892],[-110.83251,32.22891],[-110.8326,32.23142],[-110.83486,32.23405],[-110.83724,32.23679],[-110.84107,32.24121],[-110.84108,32.24288],[-110.84107,32.24443],[-110.84109,32.24576],[-110.8411,32.24765],[-110.84118,32.24927],[-110.84118,32.25057],[-110.84119,32.25184],[-110.84125,32.2532],[-110.84129,32.25447],[-110.84132,32.25575],[-110.84139,32.257],[-110.84143,32.25802],[-110.84143,32.25952],[-110.84141,32.26193],[-110.84143,32.26315],[-110.84085,32.26421],[-110.84083,32.26539],[-110.84079,32.26681],[-110.8408,32.2682],[-110.84082,32.26963],[-110.84051,32.27018],[-110.83984,32.27122],[-110.83919,32.27223],[-110.83861,32.27318],[-110.83801,32.27411],[-110.8374,32.27506],[-110.837,32.27587],[-110.83682,32.27666],[-110.83678,32.27774],[-110.83676,32.27879],[-110.83673,32.27989],[-110.83674,32.28106],[-110.83641,32.28168],[-110.83585,32.28239],[-110.83524,32.28317],[-110.83471,32.2839],[-110.83404,32.28482],[-110.83347,32.28559],[-110.83393,32.28649],[-110.83439,32.28739],[-110.83484,32.28823],[-110.83524,32.28897],[-110.8357,32.28983],[-110.83617,32.29073],[-110.83667,32.29176],[-110.83716,32.29258],[-110.83703,32.29345],[-110.83689,32.29431],[-110.83687,32.29517],[-110.83673,32.2961],[-110.8364,32.29609]]}},{"type":"Feature","properties":{"id":"304769","type":"AC; OVERHEAD","status":"IN SERVICE","owner":null,"voltage":500,"voltClass":"500"},"geometry":{"type":"LineString","coordinates":[[-113.48876,32.95408],[-113.48793,32.95159],[-113.49712,32.94745],[-113.49712,32.94745],[-113.53,32.93336],[-113.53947,32.92913],[-113.62941,32.8887],[-113.72894,32.84414],[-113.73346,32.84397],[-113.79366,32.83033],[-113.84289,32.81812],[-113.98408,32.78511],[-114.09142,32.7515],[-114.17386,32.75072],[-114.19994,32.77411],[-114.25716,32.77056],[-114.27483,32.76378],[-114.30531,32.76122],[-114.34892,32.78986],[-114.37986,32.79005],[-114.39251,32.77399],[-114.39728,32.77428],[-114.416,32.78039],[-114.42599,32.77443],[-114.4492,32.75019],[-114.4771,32.74884],[-114.48623,32.74952],[-114.49103,32.7461]]}},{"type":"Feature","properties":{"id":"304830","type":"AC; OVERHEAD","status":"IN SERVICE","owner":"TUCSON ELECTRIC POWER COMPANY","voltage":138,"voltClass":"100-161"},"geometry":{"type":"LineString","coordinates":[[-111.01073,32.14906],[-111.01012,32.1481],[-111.01013,32.14451],[-111.01107,32.14188],[-111.01152,32.13927],[-111.01155,32.1341],[-110.9943,32.13395],[-110.9943,32.15558],[-110.98726,32.1557],[-110.98023,32.1508],[-110.97958,32.14905],[-110.96559,32.14888],[-110.96022,32.15059],[-110.95648,32.15061],[-110.9539,32.14964],[-110.94538,32.14965],[-110.94491,32.14933]]}},{"type":"Feature","properties":{"id":"304839","type":"AC; OVERHEAD","status":"IN SERVICE","owner":null,"voltage":138,"voltClass":"100-161"},"geometry":{"type":"LineString","coordinates":[[-110.35203,31.56384],[-110.35216,31.56408],[-110.35324,31.56434],[-110.35604,31.56498],[-110.35774,31.5654],[-110.35951,31.56579],[-110.36108,31.56616],[-110.36427,31.56689],[-110.36567,31.56724],[-110.36871,31.56791],[-110.37087,31.56841],[-110.37345,31.56904],[-110.37518,31.56943],[-110.37684,31.5698],[-110.37855,31.5702],[-110.37962,31.57045],[-110.38243,31.5711],[-110.38555,31.57183],[-110.38723,31.5722],[-110.38886,31.57282],[-110.39307,31.57379],[-110.39629,31.57453],[-110.40092,31.57559],[-110.40309,31.57609],[-110.40548,31.57665],[-110.40793,31.57722],[-110.4105,31.57781],[-110.41336,31.57847],[-110.4171,31.57934],[-110.42073,31.58017],[-110.42386,31.5809],[-110.42693,31.5816],[-110.42935,31.58216],[-110.43167,31.58269],[-110.434,31.58449],[-110.44127,31.5901],[-110.44267,31.59118],[-110.44618,31.59387],[-110.44728,31.59681],[-110.44695,31.60404],[-110.44682,31.60664],[-110.44679,31.6076],[-110.4447,31.6092],[-110.44264,31.61073],[-110.44023,31.61259],[-110.43834,31.61399],[-110.43629,31.61557],[-110.43462,31.61679],[-110.43269,31.61824],[-110.43271,31.62075],[-110.43274,31.62238],[-110.43277,31.62574],[-110.43276,31.62883],[-110.43312,31.63417],[-110.43335,31.63828],[-110.43404,31.64897],[-110.43415,31.6512],[-110.43478,31.65231],[-110.43627,31.65502],[-110.43791,31.65802],[-110.4387,31.65945],[-110.43965,31.66125],[-110.44088,31.66289],[-110.44211,31.66455],[-110.44471,31.66809],[-110.44657,31.67062],[-110.44821,31.67285],[-110.44921,31.67422],[-110.45043,31.67588],[-110.45153,31.67736],[-110.454,31.68074],[-110.4554,31.68264],[-110.45638,31.68397],[-110.45804,31.68623],[-110.4593,31.68795],[-110.46074,31.6899],[-110.46214,31.69181],[-110.46421,31.69462],[-110.46591,31.69694],[-110.46808,31.69989],[-110.46968,31.70202],[-110.47094,31.70428],[-110.47191,31.70597],[-110.47292,31.70777],[-110.47392,31.70951],[-110.47634,31.71378],[-110.47918,31.71875],[-110.48031,31.72073],[-110.48108,31.72236],[-110.4821,31.72416],[-110.48302,31.72577],[-110.48398,31.72747],[-110.48489,31.72906],[-110.48599,31.73094],[-110.48596,31.73336],[-110.48597,31.73786],[-110.48597,31.74658],[-110.48597,31.74859],[-110.48595,31.75044],[-110.48671,31.75255],[-110.4867,31.76043],[-110.4867,31.76246],[-110.4867,31.76777],[-110.48671,31.77304],[-110.48671,31.7758],[-110.4867,31.78274],[-110.48737,31.78385],[-110.49028,31.78486],[-110.49377,31.78604],[-110.49752,31.78733],[-110.49995,31.78814],[-110.50235,31.78895],[-110.50431,31.79017],[-110.50611,31.79187],[-110.50744,31.79311],[-110.50972,31.79523],[-110.5118,31.79716],[-110.51452,31.79972],[-110.51714,31.80083],[-110.51893,31.80155],[-110.52211,31.80275],[-110.52467,31.80378],[-110.52939,31.8082],[-110.5321,31.81078],[-110.53467,31.81297],[-110.53757,31.81543],[-110.54224,31.81945],[-110.54404,31.82096],[-110.54647,31.82305],[-110.54872,31.825],[-110.5505,31.82648],[-110.5515,31.82822],[-110.55411,31.83261],[-110.55408,31.83667],[-110.5541,31.84125],[-110.55405,31.84372],[-110.55405,31.85183],[-110.55405,31.85537],[-110.55406,31.86521],[-110.55404,31.86744],[-110.55401,31.8753],[-110.55401,31.8789],[-110.55402,31.88336],[-110.55402,31.89075],[-110.554,31.89588],[-110.55398,31.89908],[-110.55401,31.90107],[-110.55425,31.90594],[-110.55715,31.91275],[-110.55815,31.91516],[-110.5596,31.91809],[-110.56123,31.92128],[-110.56264,31.92403],[-110.56354,31.92582],[-110.56928,31.93711],[-110.58329,31.94717],[-110.59223,31.95354],[-110.59725,31.95719],[-110.616,31.9706],[-110.62089,31.97394],[-110.62278,31.97517],[-110.62984,31.97635],[-110.63364,31.97699],[-110.63898,31.97789],[-110.64184,31.97838],[-110.64437,31.97878],[-110.64686,31.97984],[-110.65038,31.98133],[-110.65259,31.98229],[-110.65535,31.98347],[-110.66005,31.98546],[-110.66246,31.98648],[-110.66486,31.98749],[-110.66703,31.98842],[-110.66923,31.98935],[-110.6722,31.99063],[-110.67631,31.99062],[-110.67952,31.99063],[-110.68285,31.99062],[-110.68614,31.99059],[-110.68882,31.99061],[-110.69261,31.9906],[-110.69612,31.99062],[-110.7003,31.99062],[-110.7067,31.99062],[-110.70662,31.99655],[-110.70662,32.00554],[-110.70662,32.00842],[-110.70662,32.01377],[-110.71801,32.02115],[-110.72954,32.02859],[-110.7302,32.02901],[-110.73115,32.02945],[-110.73297,32.03058],[-110.73666,32.03298],[-110.74209,32.03648],[-110.74926,32.04112],[-110.75287,32.04344],[-110.75827,32.04692],[-110.76367,32.05044],[-110.77087,32.0551],[-110.77253,32.05615],[-110.77491,32.0579],[-110.77742,32.05952],[-110.78243,32.06274],[-110.78739,32.06593],[-110.79244,32.06921],[-110.79706,32.07216],[-110.80173,32.07519],[-110.81042,32.07523],[-110.81341,32.07513],[-110.81344,32.07105],[-110.81534,32.07076],[-110.81314,32.06998]]}},{"type":"Feature","properties":{"id":"304842","type":"AC; OVERHEAD","status":"IN SERVICE","owner":"TUCSON ELECTRIC POWER COMPANY","voltage":138,"voltClass":"100-161"},"geometry":{"type":"LineString","coordinates":[[-110.81314,32.06998],[-110.81566,32.07098],[-110.81656,32.07108],[-110.81937,32.07245],[-110.81933,32.07511],[-110.8256,32.07531],[-110.83161,32.07531],[-110.84012,32.07531],[-110.84897,32.07528],[-110.85462,32.07536],[-110.85831,32.07536],[-110.8665,32.07539],[-110.87624,32.07538],[-110.88649,32.07538],[-110.8926,32.07539],[-110.89251,32.08163],[-110.89254,32.08627],[-110.89259,32.09531],[-110.89257,32.10221],[-110.89257,32.10692],[-110.89259,32.11838],[-110.89257,32.12736],[-110.89254,32.1341],[-110.89154,32.13606],[-110.89166,32.14327],[-110.89179,32.14922],[-110.90037,32.15406],[-110.90471,32.15649],[-110.90613,32.15816],[-110.90673,32.15918],[-110.90668,32.15995]]}},{"type":"Feature","properties":{"id":"304929","type":"AC; OVERHEAD","status":"IN SERVICE","owner":null,"voltage":115,"voltClass":"100-161"},"geometry":{"type":"LineString","coordinates":[[-110.87323,33.41949],[-110.87269,33.41987],[-110.87089,33.42269],[-110.86942,33.42505],[-110.86701,33.4266],[-110.8636,33.42715],[-110.8611,33.42895],[-110.8601,33.42868],[-110.85859,33.43054],[-110.85659,33.43019],[-110.85371,33.4326],[-110.85115,33.43472],[-110.8478,33.43749],[-110.84617,33.43887],[-110.84397,33.44071],[-110.84191,33.44239],[-110.84029,33.44374],[-110.83814,33.44338],[-110.83615,33.44301],[-110.83449,33.44274],[-110.83265,33.44243],[-110.83231,33.44115],[-110.83119,33.43697],[-110.83079,33.43541],[-110.83082,33.4343],[-110.83083,33.43088],[-110.83082,33.4286],[-110.83083,33.42522],[-110.83082,33.42219],[-110.83151,33.42105],[-110.83143,33.42001],[-110.83075,33.419],[-110.83083,33.41825],[-110.83111,33.41586],[-110.82993,33.41552],[-110.82904,33.41524],[-110.82824,33.41501],[-110.82793,33.41402],[-110.82724,33.41171],[-110.82653,33.40942],[-110.82582,33.4071],[-110.82511,33.40484],[-110.82178,33.40375]]}},{"type":"Feature","properties":{"id":"304994","type":"AC; OVERHEAD","status":"IN SERVICE","owner":"ARIZONA PUBLIC SERVICE COMPANY","voltage":230,"voltClass":"220-287"},"geometry":{"type":"LineString","coordinates":[[-112.05583,33.65584],[-112.05497,33.65659],[-112.04835,33.65664],[-112.04832,33.65504],[-112.01333,33.65528],[-112.01347,33.66969],[-111.99372,33.66912]]}},{"type":"Feature","properties":{"id":"305068","type":"AC; OVERHEAD","status":"IN SERVICE","owner":null,"voltage":230,"voltClass":"220-287"},"geometry":{"type":"LineString","coordinates":[[-111.5698,32.6039],[-111.57084,32.60279],[-111.5822,32.60277],[-111.60056,32.60266],[-111.6174,32.60256],[-111.62895,32.60253],[-111.6374,32.60273],[-111.63753,32.61007],[-111.6375,32.62268],[-111.63744,32.635],[-111.63746,32.64696],[-111.63743,32.65908],[-111.6374,32.67116],[-111.6374,32.67291],[-111.6382,32.67331]]}},{"type":"Feature","properties":{"id":"305061","type":"AC; OVERHEAD","status":"IN SERVICE","owner":null,"voltage":230,"voltClass":"220-287"},"geometry":{"type":"LineString","coordinates":[[-111.52619,33.00804],[-111.52663,33.05697],[-111.56295,33.20538],[-111.56308,33.2647],[-111.58526,33.32874],[-111.59881,33.36784],[-111.61687,33.41978],[-111.66636,33.42489],[-111.66808,33.42541]]}},{"type":"Feature","properties":{"id":"305082","type":"AC; OVERHEAD","status":"IN SERVICE","owner":null,"voltage":138,"voltClass":"100-161"},"geometry":{"type":"LineString","coordinates":[[-111.12633,32.40106],[-111.1253,32.40111],[-111.12267,32.40267],[-111.12274,32.40862],[-111.12275,32.41637],[-111.1228,32.42242],[-111.1228,32.42584],[-111.12284,32.43012],[-111.1336,32.43757],[-111.14272,32.44384],[-111.15107,32.44958],[-111.15597,32.45296],[-111.16149,32.45677],[-111.16659,32.46028],[-111.17238,32.46422],[-111.17715,32.46752],[-111.18141,32.47048],[-111.1884,32.47526],[-111.1938,32.47897],[-111.19975,32.48309],[-111.20177,32.48444],[-111.20531,32.4869],[-111.2085,32.4891],[-111.21403,32.4929],[-111.21762,32.49536],[-111.22424,32.4999],[-111.2275,32.50208],[-111.23393,32.50745],[-111.24046,32.51289],[-111.24369,32.51562],[-111.2478,32.51775],[-111.25558,32.52171],[-111.26312,32.52549],[-111.2667,32.52778],[-111.27201,32.53111],[-111.27951,32.5358],[-111.28507,32.53943],[-111.28496,32.5409],[-111.28486,32.54263],[-111.28518,32.54346]]}},{"type":"Feature","properties":{"id":"315064","type":"AC; OVERHEAD","status":"IN SERVICE","owner":null,"voltage":230,"voltClass":"220-287"},"geometry":{"type":"LineString","coordinates":[[-111.99386,32.96044],[-111.99428,32.96119],[-111.99662,32.96114],[-111.99636,33.01237],[-111.99618,33.04522],[-112.01312,33.07197],[-112.01308,33.08769],[-112.01306,33.13703],[-111.99587,33.14671],[-111.99586,33.22352]]}},{"type":"Feature","properties":{"id":"305342","type":"AC; OVERHEAD","status":"IN SERVICE","owner":null,"voltage":230,"voltClass":"220-287"},"geometry":{"type":"LineString","coordinates":[[-111.94234,33.35217],[-111.94373,33.35331],[-111.94354,33.35622],[-111.94354,33.39191],[-111.94343,33.39328],[-111.94373,33.42937],[-111.94333,33.4317],[-111.94312,33.43519],[-111.93607,33.43452],[-111.93631,33.43653],[-111.93994,33.44583],[-111.94024,33.44987],[-111.94304,33.45519],[-111.942,33.45661],[-111.94188,33.45891],[-111.94154,33.4613],[-111.94074,33.46275],[-111.93957,33.464],[-111.93855,33.46689],[-111.93877,33.47247],[-111.94024,33.47711],[-111.94082,33.47807],[-111.94323,33.48046],[-111.94323,33.48233],[-111.94143,33.48373]]}},{"type":"Feature","properties":{"id":"305345","type":"AC; OVERHEAD","status":"IN SERVICE","owner":"TUCSON ELECTRIC POWER COMPANY","voltage":138,"voltClass":"100-161"},"geometry":{"type":"LineString","coordinates":[[-110.99661,32.36897],[-110.99619,32.36921],[-110.99564,32.36924],[-110.99568,32.37501],[-110.99571,32.37828],[-110.99564,32.38266],[-110.99561,32.38587],[-110.98906,32.39162],[-110.98222,32.3977],[-110.97667,32.40257],[-110.97594,32.40413],[-110.97307,32.41229],[-110.96972,32.42228],[-110.96873,32.42522],[-110.96929,32.42524],[-110.96977,32.42504]]}},{"type":"Feature","properties":{"id":"305373","type":"AC; OVERHEAD","status":"IN SERVICE","owner":null,"voltage":138,"voltClass":"100-161"},"geometry":{"type":"LineString","coordinates":[[-110.97342,31.85434],[-110.9737,31.85381],[-110.97428,31.85364],[-110.97459,31.85287],[-110.97549,31.85037],[-110.97633,31.84817],[-110.9766,31.84738],[-110.97809,31.84346],[-110.97953,31.83955],[-110.98136,31.83478],[-110.98218,31.83321],[-110.98256,31.83261],[-110.98295,31.83174],[-110.98348,31.83105],[-110.98502,31.82897],[-110.98658,31.82688],[-110.98759,31.82547],[-110.9885,31.82412],[-110.98899,31.82367],[-110.99021,31.82139],[-110.9909,31.81992],[-110.99191,31.81758],[-110.99366,31.81347],[-110.99552,31.80926],[-110.99558,31.80863],[-110.99596,31.80778],[-110.99673,31.806],[-110.9971,31.80543],[-110.99743,31.80477],[-110.99799,31.80346],[-110.99837,31.80271],[-110.99922,31.80047],[-111.00054,31.79753],[-111.0025,31.79299],[-111.00599,31.78887],[-111.01501,31.78903],[-111.01827,31.78497],[-111.02041,31.78226],[-111.02006,31.78204]]}},{"type":"Feature","properties":{"id":"305395","type":"AC; OVERHEAD","status":"IN SERVICE","owner":"ARIZONA PUBLIC SERVICE COMPANY","voltage":230,"voltClass":"220-287"},"geometry":{"type":"LineString","coordinates":[[-112.34353,33.63556],[-112.34233,33.63594],[-112.34227,33.6385],[-112.3381,33.63849],[-112.33489,33.63834],[-112.32995,33.63834],[-112.32704,33.6385],[-112.31806,33.63852],[-112.30702,33.63847],[-112.30684,33.63505],[-112.3025,33.63507],[-112.3024,33.63508],[-112.3023,33.63793],[-112.30129,33.63844],[-112.29861,33.63803],[-112.29646,33.63802],[-112.29468,33.63802],[-112.28953,33.63812],[-112.28853,33.6381],[-112.27256,33.6381],[-112.27263,33.63883]]}},{"type":"Feature","properties":{"id":"305399","type":"AC; OVERHEAD","status":"IN SERVICE","owner":"ARIZONA PUBLIC SERVICE COMPANY","voltage":345,"voltClass":"345"},"geometry":{"type":"LineString","coordinates":[[-111.94055,33.70292],[-111.9402,33.70594],[-111.93801,33.70994],[-111.92599,33.71695],[-111.91387,33.72401],[-111.90834,33.72813],[-111.88828,33.74326],[-111.87009,33.7697],[-111.83762,33.81574],[-111.83292,33.82867],[-111.81165,33.88725],[-111.81263,33.89903],[-111.81289,33.92645],[-111.81332,33.92974],[-111.82967,33.95633],[-111.83926,33.96485],[-111.8633,33.98589],[-111.86695,33.98796],[-111.87184,33.99331],[-111.87585,34.01351],[-111.86723,34.03431],[-111.85025,34.07587],[-111.84072,34.0993],[-111.83316,34.1179],[-111.83364,34.12353],[-111.83047,34.1313],[-111.82528,34.14399],[-111.82155,34.15308],[-111.81289,34.18223],[-111.73828,34.27397],[-111.73035,34.28405],[-111.72827,34.28858],[-111.72516,34.29545],[-111.71372,34.32019],[-111.71191,34.32404],[-111.71122,34.32539],[-111.7007,34.33761],[-111.69902,34.33963],[-111.69342,34.34641],[-111.68182,34.35839],[-111.67461,34.36725],[-111.67053,34.37126],[-111.65711,34.38656],[-111.63852,34.40769],[-111.629,34.41862],[-111.61718,34.43119],[-111.61472,34.43401],[-111.57655,34.47692],[-111.51742,34.54331],[-111.45364,34.61471],[-111.41028,34.66327],[-111.40333,34.68119],[-111.37644,34.75025],[-111.36396,34.78233],[-111.3681,34.82148],[-111.37552,34.89056],[-111.38288,34.96017],[-111.38931,35.01982],[-111.39275,35.0316],[-111.39702,35.04621],[-111.39578,35.1017],[-111.3942,35.17093],[-111.39398,35.18082],[-111.39403,35.18245]]}},{"type":"Feature","properties":{"id":"309766","type":"AC; OVERHEAD","status":"IN SERVICE","owner":"SALT RIVER PROJECT","voltage":115,"voltClass":"100-161"},"geometry":{"type":"LineString","coordinates":[[-111.50953,33.45275],[-111.49822,33.45713],[-111.47864,33.46935],[-111.47125,33.48122],[-111.45834,33.50143],[-111.45624,33.51651],[-111.4511,33.52017],[-111.45073,33.53731],[-111.4475,33.53714],[-111.429,33.53337],[-111.41232,33.53098],[-111.39054,33.52583],[-111.38496,33.52888],[-111.37416,33.53396],[-111.36266,33.53516],[-111.34681,33.53637],[-111.34739,33.54323],[-111.34986,33.55166],[-111.35108,33.55686],[-111.35021,33.56241],[-111.35491,33.57122],[-111.35317,33.57753],[-111.35269,33.58255],[-111.3468,33.5878],[-111.34388,33.59071]]}},{"type":"Feature","properties":{"id":"309776","type":"AC; OVERHEAD","status":"IN SERVICE","owner":null,"voltage":500,"voltClass":"500"},"geometry":{"type":"LineString","coordinates":[[-112.32218,33.7066],[-112.32506,33.71181],[-112.33903,33.70592],[-112.35967,33.70149],[-112.38983,33.69434],[-112.41297,33.68442],[-112.42704,33.6801],[-112.44847,33.67525],[-112.56651,33.67526],[-112.64412,33.67522],[-112.65716,33.70843],[-112.68605,33.78183],[-112.75071,33.78184],[-112.81062,33.7819],[-112.87451,33.78191],[-112.89997,33.83519],[-112.93354,33.90526],[-112.9698,33.98071],[-112.98852,34.01701],[-113.00857,34.05478],[-113.02629,34.09415],[-113.04348,34.13297],[-113.07669,34.20784],[-113.08941,34.23648],[-113.09332,34.24467],[-113.1124,34.27567],[-113.15992,34.35287],[-113.17762,34.38199],[-113.20185,34.39696],[-113.22546,34.41149],[-113.2337,34.42057],[-113.24215,34.42771],[-113.26358,34.44419],[-113.27373,34.45198],[-113.28028,34.45643],[-113.35068,34.49081],[-113.43445,34.5317],[-113.45158,34.54559],[-113.47625,34.56582],[-113.47965,34.56785],[-113.48258,34.57338],[-113.51219,34.61781],[-113.55875,34.6883],[-113.58014,34.7215],[-113.62308,34.75484],[-113.62512,34.76263],[-113.63411,34.79757],[-113.64506,34.84005],[-113.66437,34.91461],[-113.67674,34.98905],[-113.6774,34.99313],[-113.69794,35.11713],[-113.70418,35.1591],[-113.71465,35.24796],[-113.7149,35.25328],[-113.71391,35.27167],[-113.71083,35.32778],[-113.72875,35.36871],[-113.76898,35.41676],[-113.80062,35.4557],[-113.82737,35.53079],[-114.03163,35.69806],[-114.05053,35.71347],[-114.08722,35.72408],[-114.23161,35.76531],[-114.35365,35.8],[-114.4095,35.8158],[-114.48446,35.83699],[-114.48802,35.83799],[-114.492,35.8385],[-114.55858,35.83782],[-114.56659,35.83774],[-114.57072,35.8377],[-114.5788,35.83813],[-114.58418,35.83868],[-114.58799,35.83906],[-114.59247,35.8395],[-114.60778,35.84137],[-114.62467,35.84412],[-114.6289,35.84486],[-114.64355,35.84767],[-114.6455,35.84742],[-114.65495,35.84557],[-114.65603,35.84509],[-114.65877,35.84282],[-114.66138,35.84016],[-114.66414,35.8373],[-114.66785,35.8359],[-114.67286,35.834],[-114.67835,35.83193],[-114.68232,35.8308],[-114.69118,35.83116],[-114.69801,35.8317],[-114.70594,35.83597],[-114.71537,35.84498],[-114.71883,35.85693],[-114.73126,35.86914],[-114.74607,35.89423],[-114.80911,35.91983],[-114.82742,35.92785],[-114.83022,35.92797],[-114.83474,35.92781]]}},{"type":"Feature","properties":{"id":"309795","type":"AC; OVERHEAD","status":"IN SERVICE","owner":null,"voltage":230,"voltClass":"220-287"},"geometry":{"type":"LineString","coordinates":[[-114.68463,33.6161],[-114.68484,33.61476],[-114.68797,33.61468],[-114.68784,33.61329],[-114.68827,33.61113],[-114.68969,33.60961],[-114.692,33.60711],[-114.69683,33.60712],[-114.6969,33.60214],[-114.70292,33.59576],[-114.70984,33.59575],[-114.70988,33.58795],[-114.71231,33.58525],[-114.73058,33.56126],[-114.74578,33.54128],[-114.74709,33.54128],[-114.81362,33.58779],[-115.09475,33.59803],[-115.11046,33.6075],[-115.13512,33.62177],[-115.16608,33.6396],[-115.1991,33.6587],[-115.21127,33.66564],[-115.21179,33.66521],[-115.29725,33.68799],[-115.32071,33.69422],[-115.33348,33.69893],[-115.37332,33.70757],[-115.3955,33.70709],[-115.41402,33.69503],[-115.42689,33.69403],[-115.47915,33.69002],[-115.54384,33.67546],[-115.57536,33.66836],[-115.59834,33.66665],[-115.61635,33.66531],[-115.62712,33.66436],[-115.64911,33.66158],[-115.65161,33.66246],[-115.65297,33.66963],[-115.65463,33.67353],[-115.65583,33.67967],[-115.65632,33.68394],[-115.65548,33.68804],[-115.65352,33.69125],[-115.65032,33.69418],[-115.63682,33.70349],[-115.62659,33.70458]]}},{"type":"Feature","properties":{"id":"309924","type":"AC; OVERHEAD","status":"IN SERVICE","owner":null,"voltage":230,"voltClass":"220-287"},"geometry":{"type":"LineString","coordinates":[[-111.29614,32.55651],[-111.39365,32.53023],[-111.43935,32.53027],[-111.45666,32.52936],[-111.55177,32.53465],[-111.73327,32.54278],[-111.7624,32.58335],[-111.7937,32.62485],[-111.79477,32.62528]]}},{"type":"Feature","properties":{"id":"309939","type":"AC; OVERHEAD","status":"IN SERVICE","owner":null,"voltage":115,"voltClass":"100-161"},"geometry":{"type":"LineString","coordinates":[[-110.85848,33.41309],[-110.85951,33.41491],[-110.87104,33.42007],[-110.86735,33.42463],[-110.86272,33.42632],[-110.8582,33.4292],[-110.85547,33.42959],[-110.84029,33.44374],[-110.83265,33.44243],[-110.83079,33.43541],[-110.83111,33.41586],[-110.82824,33.41501],[-110.82472,33.40365],[-110.82896,33.40309],[-110.83531,33.40097],[-110.84912,33.39715],[-110.86236,33.39232],[-110.86739,33.39968]]}},{"type":"Feature","properties":{"id":"309943","type":"AC; OVERHEAD","status":"IN SERVICE","owner":null,"voltage":230,"voltClass":"220-287"},"geometry":{"type":"LineString","coordinates":[[-114.34588,34.56176],[-114.34683,34.56335],[-114.3587,34.57916],[-114.36709,34.58978],[-114.36722,34.59221],[-114.36513,34.59478],[-114.36047,34.60041],[-114.35557,34.60438],[-114.35215,34.60893],[-114.34857,34.61565],[-114.34084,34.62573],[-114.343,34.64811],[-114.34694,34.65479],[-114.36336,34.66719],[-114.37029,34.68612],[-114.3986,34.76211],[-114.42811,34.84097],[-114.45249,34.9059],[-114.45314,34.90744],[-114.45499,34.90821]]}},{"type":"Feature","properties":{"id":"309967","type":"AC; OVERHEAD","status":"IN SERVICE","owner":"TUCSON ELECTRIC POWER COMPANY","voltage":138,"voltClass":"100-161"},"geometry":{"type":"LineString","coordinates":[[-110.81314,32.06998],[-110.81535,32.07103],[-110.81474,32.07115],[-110.81468,32.07594],[-110.81189,32.07591],[-110.8094,32.07592],[-110.80647,32.0759],[-110.80227,32.07586],[-110.79998,32.07443],[-110.79549,32.07147],[-110.79135,32.06886],[-110.78719,32.06615],[-110.78498,32.06472],[-110.7805,32.06186],[-110.77627,32.05911],[-110.77255,32.05672],[-110.76854,32.05988],[-110.76505,32.0626],[-110.76274,32.06442],[-110.75752,32.06852],[-110.75753,32.07027],[-110.75754,32.07232],[-110.75751,32.07588],[-110.75643,32.07751],[-110.75641,32.0797],[-110.7564,32.08446],[-110.75639,32.08911],[-110.75636,32.09401],[-110.75633,32.09644],[-110.75625,32.10325],[-110.75624,32.10558],[-110.75618,32.11044],[-110.75615,32.11497],[-110.75634,32.11653],[-110.75683,32.11662]]}},{"type":"Feature","properties":{"id":"309968","type":"AC; OVERHEAD","status":"IN SERVICE","owner":null,"voltage":230,"voltClass":"220-287"},"geometry":{"type":"LineString","coordinates":[[-111.99548,32.96042],[-111.99501,32.9595],[-111.99279,32.95944],[-111.98928,32.95953],[-111.98691,32.95952],[-111.98452,32.95953],[-111.97981,32.95953],[-111.97023,32.95953],[-111.96783,32.95956],[-111.95407,32.95953],[-111.94951,32.95945],[-111.94535,32.95945],[-111.93794,32.95948],[-111.93103,32.95949],[-111.92932,32.95831],[-111.92535,32.95834],[-111.92038,32.95833],[-111.9192,32.95638],[-111.91792,32.95407],[-111.9107,32.95389],[-111.90689,32.95379],[-111.90176,32.9537],[-111.89645,32.95355],[-111.89376,32.95348],[-111.88888,32.95316],[-111.88149,32.95272],[-111.87963,32.95157],[-111.87759,32.95038],[-111.87202,32.9471],[-111.86595,32.94335],[-111.86159,32.94066],[-111.85719,32.93798],[-111.85108,32.93419],[-111.85,32.93354],[-111.84762,32.93167],[-111.84596,32.93068],[-111.84227,32.92839],[-111.84037,32.92721],[-111.83837,32.92619],[-111.83659,32.92525],[-111.83471,32.92405],[-111.83247,32.9227],[-111.82855,32.92015],[-111.82152,32.91579],[-111.81563,32.91216],[-111.80655,32.90651],[-111.80435,32.90519],[-111.79828,32.90143],[-111.79602,32.90003],[-111.79373,32.89861],[-111.7915,32.8973],[-111.79151,32.90366],[-111.79091,32.90385]]}},{"type":"Feature","properties":{"id":"310060","type":"AC; OVERHEAD","status":"IN SERVICE","owner":"TRICO ELECTRIC COOPERATIVE","voltage":115,"voltClass":"100-161"},"geometry":{"type":"LineString","coordinates":[[-111.30314,32.31974],[-111.30413,32.3196],[-111.3041,32.31093],[-111.3041,32.30501],[-111.30411,32.29463],[-111.30412,32.28456],[-111.30413,32.27703],[-111.30412,32.26787],[-111.30409,32.26229],[-111.30379,32.25655],[-111.3038,32.25257],[-111.24041,32.24924]]}},{"type":"Feature","properties":{"id":"310093","type":"AC; OVERHEAD","status":"IN SERVICE","owner":null,"voltage":115,"voltClass":"100-161"},"geometry":{"type":"LineString","coordinates":[[-111.29614,32.55651],[-111.29943,32.55073],[-111.29942,32.55005],[-111.29725,32.55004],[-111.2948,32.55004],[-111.28928,32.55003],[-111.28343,32.55002],[-111.27745,32.55001],[-111.27133,32.55122],[-111.26575,32.55233],[-111.25973,32.5535],[-111.25177,32.55503],[-111.24743,32.55588],[-111.23948,32.55741],[-111.23156,32.55898],[-111.22761,32.55974],[-111.22161,32.56091],[-111.20919,32.5633],[-111.20502,32.56412],[-111.19913,32.56526],[-111.18903,32.56723],[-111.18702,32.56761],[-111.18085,32.56883],[-111.17038,32.57085],[-111.16619,32.57165],[-111.15977,32.57283],[-111.15193,32.5744],[-111.14791,32.57519],[-111.14435,32.57586],[-111.14247,32.57623],[-111.13681,32.57733],[-111.13097,32.57846],[-111.12936,32.57876],[-111.12611,32.57938],[-111.12094,32.58043],[-111.11048,32.58241],[-111.1086,32.58278],[-111.10632,32.58326],[-111.10284,32.5839],[-111.0972,32.58499],[-111.09346,32.58571],[-111.08963,32.58644],[-111.0858,32.58716],[-111.08236,32.58784],[-111.07615,32.58904],[-111.07105,32.59002],[-111.0668,32.59086],[-111.06269,32.59165],[-111.057,32.59276],[-111.0508,32.59395],[-111.04839,32.59441],[-111.04592,32.59492],[-111.04055,32.59593],[-111.03658,32.59668],[-111.03239,32.59748],[-111.03089,32.59778],[-111.02723,32.59849],[-111.02059,32.59976],[-111.01613,32.60062],[-111.01298,32.60061],[-111.00136,32.60055],[-110.99611,32.60052],[-110.98937,32.60051],[-110.983,32.60048],[-110.98246,32.60087],[-110.98258,32.60115]]}},{"type":"Feature","properties":{"id":"310115","type":"AC; OVERHEAD","status":"IN SERVICE","owner":null,"voltage":345,"voltClass":"345"},"geometry":{"type":"LineString","coordinates":[[-109.16119,34.31239],[-109.15839,34.31253],[-109.14522,34.31578],[-109.09378,34.31542],[-109.07544,34.30068],[-109.04244,34.30032],[-109.02628,34.3001],[-109.00728,34.30006],[-108.9835,34.30013],[-108.9592,34.29985],[-108.95262,34.26638],[-108.94096,34.25648],[-108.94105,34.22865],[-108.94092,34.20832],[-108.94048,34.18261],[-108.94013,34.16219],[-108.93934,34.05286],[-108.94199,33.98531],[-108.93793,33.97514],[-108.93165,33.96977],[-108.92374,33.96409],[-108.90708,33.91589],[-108.907,33.88464],[-108.90142,33.853],[-108.89403,33.81094],[-108.88657,33.76813],[-108.88803,33.7576],[-108.88215,33.74267],[-108.86999,33.72425],[-108.87068,33.71701],[-108.89363,33.67591],[-108.90405,33.65728],[-108.9051,33.65404],[-108.902,33.63089],[-108.90416,33.61176],[-108.91914,33.58686],[-108.93367,33.57127],[-108.94488,33.5442],[-108.94263,33.52356],[-108.94331,33.51334],[-108.95367,33.44536],[-108.97277,33.42036],[-108.98253,33.38897],[-108.98986,33.36771],[-108.99192,33.35889],[-108.99316,33.32809],[-109.007,33.30657],[-109.01387,33.285],[-109.02882,33.25451],[-109.03652,33.2528],[-109.03986,33.25152],[-109.04321,33.24865],[-109.04557,33.2452],[-109.04625,33.23672],[-109.04481,33.23333],[-109.04131,33.22534],[-109.05149,33.21291],[-109.05658,33.2005],[-109.06936,33.18898],[-109.09488,33.14871],[-109.10323,33.13201],[-109.11843,33.10082],[-109.12896,33.08707],[-109.13607,33.06948],[-109.13639,33.0526],[-109.12686,33.02265],[-109.12911,33.01276],[-109.12998,33.00029],[-109.1432,32.97826],[-109.14777,32.97631],[-109.16,32.97283],[-109.16909,32.9682],[-109.17259,32.96557],[-109.17498,32.96519],[-109.17486,32.96285],[-109.17232,32.9553],[-109.16887,32.945],[-109.16781,32.94185],[-109.16779,32.93814],[-109.1678,32.93033],[-109.16809,32.92676],[-109.16777,32.92133],[-109.16888,32.91657],[-109.17218,32.9025],[-109.18771,32.89446],[-109.20293,32.8866],[-109.21631,32.87367],[-109.21485,32.85389],[-109.21707,32.8378],[-109.21829,32.8299],[-109.21836,32.81296],[-109.21842,32.80335],[-109.21628,32.78741],[-109.2186,32.77267],[-109.21868,32.75776],[-109.21881,32.73698],[-109.24407,32.72556],[-109.27056,32.71382],[-109.29707,32.70253],[-109.32201,32.68566],[-109.34033,32.6731],[-109.36117,32.65869],[-109.39244,32.63747],[-109.40839,32.62652],[-109.43354,32.608],[-109.4863,32.57795],[-109.53304,32.55159],[-109.58817,32.5203],[-109.67173,32.47276],[-109.68692,32.46412],[-109.71053,32.44589],[-109.76469,32.41322],[-109.77144,32.40854],[-109.78389,32.39843],[-109.8043,32.38531],[-109.81407,32.37924],[-109.83885,32.36702],[-109.85688,32.35808],[-109.91467,32.35797],[-109.92456,32.35798],[-109.9468,32.3571],[-109.95704,32.35302],[-109.98542,32.34876],[-110.00169,32.31922],[-110.01051,32.31043],[-110.05331,32.28113],[-110.05673,32.27908],[-110.05992,32.27796],[-110.06593,32.2774],[-110.09865,32.26015],[-110.11291,32.2526],[-110.18954,32.20636],[-110.2025,32.19708],[-110.21035,32.19262],[-110.27747,32.15155],[-110.30428,32.13077],[-110.3514,32.09406],[-110.38229,32.06995],[-110.43849,32.04859],[-110.47734,32.04927],[-110.49316,32.04476],[-110.50755,32.04291],[-110.51662,32.04851],[-110.58383,32.04819],[-110.62168,32.04803],[-110.63811,32.03425],[-110.68997,32.03451],[-110.71804,32.03451],[-110.72576,32.03447],[-110.73107,32.02914],[-110.74622,32.03893],[-110.77279,32.05605],[-110.79443,32.06999],[-110.80753,32.07014],[-110.8096,32.07054],[-110.81314,32.06998]]}},{"type":"Feature","properties":{"id":"310146","type":"AC; OVERHEAD","status":"IN SERVICE","owner":"ARIZONA PUBLIC SERVICE COMPANY","voltage":230,"voltClass":"220-287"},"geometry":{"type":"LineString","coordinates":[[-112.27101,33.84528],[-112.27135,33.84319],[-112.27314,33.83913],[-112.26781,33.81025],[-112.26721,33.80662],[-112.27068,33.80232],[-112.27347,33.80239]]}},{"type":"Feature","properties":{"id":"310202","type":"AC; OVERHEAD","status":"IN SERVICE","owner":"SALT RIVER PROJECT","voltage":500,"voltClass":"500"},"geometry":{"type":"LineString","coordinates":[[-111.59763,33.35567],[-111.60075,33.35744],[-111.67386,33.358],[-111.68423,33.35742],[-111.69458,33.35734],[-111.72465,33.35718],[-111.74131,33.35709],[-111.77086,33.35695],[-111.77374,33.3572],[-111.79814,33.35704],[-111.80677,33.35694],[-111.80965,33.35679],[-111.81834,33.3568],[-111.85883,33.35678],[-111.89362,33.3564],[-111.93283,33.35629],[-111.93296,33.35417],[-111.93446,33.35289],[-111.93843,33.35283],[-111.93974,33.35175],[-111.94108,33.3508],[-111.94234,33.35217]]}},{"type":"Feature","properties":{"id":"308449","type":"AC; OVERHEAD","status":"IN SERVICE","owner":"SALT RIVER PROJECT","voltage":230,"voltClass":"220-287"},"geometry":{"type":"LineString","coordinates":[[-112.3131,33.46714],[-112.3191,33.46617],[-112.31894,33.42569],[-112.3187,33.41386],[-112.31716,33.40989]]}},{"type":"Feature","properties":{"id":"308597","type":"AC; OVERHEAD","status":"IN SERVICE","owner":"NAVOPACHE ELECTRIC COOPERATIVE","voltage":345,"voltClass":"345"},"geometry":{"type":"LineString","coordinates":[[-109.27746,34.57714],[-109.28866,34.57171],[-109.28851,34.56052],[-109.27052,34.54164],[-109.27045,34.53717],[-109.2731,34.53093],[-109.27245,34.5244],[-109.26788,34.51911],[-109.26209,34.51462],[-109.25963,34.50968],[-109.25983,34.49298],[-109.25914,34.48971],[-109.25753,34.48681],[-109.243,34.46796],[-109.24146,34.46503],[-109.23703,34.4356],[-109.23608,34.43239],[-109.23472,34.42929],[-109.23294,34.42645],[-109.22147,34.41313],[-109.21581,34.40858],[-109.2029,34.4009],[-109.19736,34.39624],[-109.15678,34.36464],[-109.1523,34.35921],[-109.14925,34.35311],[-109.1478,34.34641],[-109.14735,34.32993],[-109.14616,34.32678],[-109.14602,34.31636],[-109.1581,34.3136],[-109.16119,34.31239]]}},{"type":"Feature","properties":{"id":"308598","type":"AC; OVERHEAD","status":"IN SERVICE","owner":"ARIZONA PUBLIC SERVICE COMPANY","voltage":345,"voltClass":"345"},"geometry":{"type":"LineString","coordinates":[[-110.29047,34.94676],[-110.29517,34.94114],[-110.3,34.93577],[-110.30422,34.93862]]}},{"type":"Feature","properties":{"id":"308614","type":"AC; OVERHEAD","status":"IN SERVICE","owner":null,"voltage":138,"voltClass":"100-161"},"geometry":{"type":"LineString","coordinates":[[-111.12633,32.40106],[-111.12534,32.40127],[-111.12284,32.40272],[-111.12288,32.40662],[-111.12293,32.41432],[-111.12294,32.42048],[-111.12296,32.42414],[-111.12299,32.42997],[-111.13112,32.43561],[-111.141,32.44244],[-111.14997,32.44859],[-111.15613,32.45278],[-111.16526,32.4591],[-111.17104,32.46308],[-111.17733,32.46739],[-111.18521,32.47284],[-111.192,32.47753],[-111.19985,32.48295],[-111.20693,32.48782],[-111.21244,32.49156],[-111.22133,32.49768],[-111.22765,32.50199],[-111.23409,32.50738],[-111.24058,32.51277],[-111.24371,32.51546],[-111.24969,32.51851],[-111.25775,32.52259],[-111.26325,32.52535],[-111.27213,32.53098],[-111.27968,32.53569],[-111.28323,32.53793],[-111.28525,32.53935],[-111.28529,32.54263],[-111.28518,32.54346]]}},{"type":"Feature","properties":{"id":"308623","type":"AC; OVERHEAD","status":"IN SERVICE","owner":null,"voltage":230,"voltClass":"220-287"},"geometry":{"type":"LineString","coordinates":[[-111.91122,33.42661],[-111.91203,33.42861],[-111.91826,33.42885],[-111.93451,33.42889],[-111.94,33.43167],[-111.95464,33.43161],[-111.95719,33.43111],[-111.96074,33.42817],[-111.96345,33.42838],[-111.97014,33.42824],[-111.97862,33.42572],[-111.9825,33.42573],[-111.99717,33.42575],[-112.00198,33.42553],[-112.00581,33.42353],[-112.00913,33.42297],[-112.02947,33.41798],[-112.03908,33.41825],[-112.07864,33.42368],[-112.07824,33.42844],[-112.07718,33.4302],[-112.07716,33.4403],[-112.07706,33.44167]]}},{"type":"Feature","properties":{"id":"308620","type":"AC; OVERHEAD","status":"IN SERVICE","owner":null,"voltage":115,"voltClass":"100-161"},"geometry":{"type":"LineString","coordinates":[[-109.89377,32.06014],[-109.89471,32.05886],[-109.8963,32.05851],[-109.89822,32.05872],[-109.90619,32.05872],[-109.91363,32.05872],[-109.92146,32.05869],[-109.92403,32.05862],[-109.92842,32.0586],[-109.93843,32.05861],[-109.94789,32.0586],[-109.95535,32.06315],[-109.96455,32.06875],[-109.97265,32.07368],[-109.97896,32.0775],[-109.98532,32.08141],[-109.99161,32.08522],[-109.99977,32.0902],[-110.00563,32.09372],[-110.01129,32.09715],[-110.01763,32.10103],[-110.02409,32.10494],[-110.03161,32.10948],[-110.03783,32.11327],[-110.04428,32.11719],[-110.05005,32.12068],[-110.05627,32.12448],[-110.06186,32.12784],[-110.06767,32.1314],[-110.074,32.13521],[-110.07932,32.13841],[-110.08587,32.14241],[-110.09109,32.1456],[-110.09296,32.14667],[-110.09874,32.15022],[-110.1045,32.15371],[-110.11458,32.15979],[-110.12448,32.16298],[-110.13564,32.16661],[-110.14749,32.17046],[-110.15762,32.17372],[-110.16705,32.17677],[-110.17736,32.18009],[-110.18493,32.18253],[-110.19759,32.18661],[-110.20549,32.18923],[-110.20696,32.18968],[-110.21118,32.19113],[-110.21451,32.19222],[-110.21761,32.19331],[-110.22152,32.1946],[-110.22677,32.19637],[-110.23166,32.19801],[-110.2385,32.20033],[-110.24565,32.2027],[-110.25082,32.20445],[-110.26036,32.20767],[-110.2679,32.21021],[-110.27265,32.2118],[-110.27534,32.21271],[-110.28296,32.21527],[-110.28984,32.21758],[-110.29503,32.21932],[-110.29786,32.22026],[-110.30072,32.22408],[-110.30283,32.22686],[-110.30559,32.23057],[-110.30633,32.23152],[-110.30731,32.23281],[-110.30921,32.23536],[-110.31115,32.23792],[-110.31395,32.24161],[-110.31537,32.24351],[-110.3167,32.24529],[-110.31864,32.24784],[-110.32122,32.25124],[-110.32296,32.25356],[-110.32492,32.2562],[-110.32827,32.25882],[-110.32988,32.26008],[-110.33528,32.26434],[-110.33879,32.26711],[-110.34179,32.26948],[-110.34518,32.27213],[-110.35278,32.27833],[-110.3588,32.28321],[-110.36261,32.28632],[-110.36548,32.28867],[-110.36836,32.29276],[-110.37383,32.30056],[-110.37813,32.30671],[-110.38039,32.3099],[-110.38461,32.31596],[-110.386,32.31795],[-110.39088,32.3249],[-110.39192,32.32638],[-110.39673,32.33324],[-110.40213,32.34093],[-110.40345,32.34284],[-110.40731,32.34833],[-110.41007,32.35229],[-110.41537,32.35982],[-110.42118,32.36805],[-110.42485,32.37324],[-110.42612,32.37507],[-110.43148,32.38264],[-110.4367,32.38997],[-110.44271,32.39845],[-110.44748,32.4052],[-110.45222,32.41187],[-110.45769,32.41959],[-110.46345,32.42771],[-110.46847,32.43476],[-110.47054,32.43766],[-110.47034,32.44276],[-110.47002,32.45142],[-110.46969,32.46052],[-110.46951,32.46499],[-110.46951,32.46627],[-110.4692,32.47332],[-110.46906,32.47714],[-110.4688,32.48448],[-110.46847,32.49333],[-110.46815,32.50204],[-110.46798,32.50665],[-110.46785,32.50981],[-110.46749,32.51924],[-110.46722,32.52652],[-110.46701,32.53155],[-110.46889,32.53372],[-110.47444,32.54017],[-110.47675,32.54283],[-110.48185,32.54875],[-110.4836,32.55078],[-110.49065,32.55892],[-110.49701,32.56628],[-110.50001,32.56976],[-110.50461,32.57724],[-110.50906,32.58451],[-110.51405,32.59284],[-110.51709,32.59779],[-110.51891,32.60075],[-110.52287,32.60719],[-110.52407,32.60912],[-110.5261,32.61243],[-110.52865,32.61653],[-110.53218,32.62232],[-110.53341,32.62429],[-110.53484,32.62663],[-110.53704,32.63025],[-110.53895,32.63331],[-110.54084,32.63638],[-110.54258,32.6392],[-110.54365,32.64098],[-110.5468,32.64605],[-110.54777,32.64765],[-110.54888,32.64951],[-110.55649,32.65333],[-110.56081,32.65555],[-110.56647,32.65835],[-110.56923,32.661],[-110.57109,32.6628],[-110.57777,32.66918],[-110.58403,32.67515],[-110.59188,32.68266],[-110.59654,32.68711],[-110.59944,32.6899],[-110.60478,32.69495],[-110.6069,32.69702],[-110.60982,32.69976],[-110.61232,32.70376],[-110.61607,32.70975],[-110.61772,32.71236],[-110.62001,32.71599],[-110.62119,32.71785],[-110.62292,32.72061],[-110.62616,32.72575],[-110.62725,32.72747],[-110.62834,32.72915],[-110.62952,32.73109],[-110.63089,32.73321],[-110.63197,32.73498],[-110.63362,32.73761],[-110.63465,32.73921],[-110.63545,32.74051],[-110.63711,32.74319],[-110.63799,32.74458],[-110.63965,32.74721],[-110.64216,32.75129],[-110.64286,32.75239],[-110.64455,32.75507],[-110.64798,32.7605],[-110.65139,32.76592],[-110.65344,32.76925],[-110.65784,32.77625],[-110.65865,32.77752],[-110.66294,32.78426],[-110.66662,32.79017],[-110.6677,32.79188],[-110.66876,32.79351],[-110.6719,32.7985],[-110.67341,32.80092],[-110.67699,32.80656],[-110.67813,32.80839],[-110.68312,32.81627],[-110.68791,32.8238],[-110.68849,32.82926],[-110.68897,32.83377],[-110.68897,32.83455],[-110.689,32.8386],[-110.68902,32.84244],[-110.69596,32.84645],[-110.70684,32.85285],[-110.70837,32.86129],[-110.71001,32.8703],[-110.71169,32.87954],[-110.71316,32.88762],[-110.71486,32.89694],[-110.72072,32.92907],[-110.72684,32.93949],[-110.73105,32.94666],[-110.73679,32.95639],[-110.7424,32.966],[-110.74689,32.97357],[-110.75125,32.98106],[-110.75302,32.98407],[-110.76148,32.99849],[-110.77403,33.00647],[-110.77647,33.00797],[-110.77851,33.00455],[-110.77958,33.00485]]}},{"type":"Feature","properties":{"id":"308663","type":"AC; OVERHEAD","status":"IN SERVICE","owner":null,"voltage":115,"voltClass":"100-161"},"geometry":{"type":"LineString","coordinates":[[-111.52619,33.00804],[-111.52524,33.00633],[-111.51964,33.00653],[-111.51903,33.02276],[-111.51316,33.02696],[-111.50777,33.03019],[-111.49592,33.0373],[-111.46411,33.05019],[-111.4388,33.05564],[-111.41673,33.06045],[-111.38467,33.06023],[-111.36174,33.06038],[-111.31658,33.06042],[-111.18723,33.0426],[-111.01409,33.01857],[-110.97254,33.01909],[-110.93887,33.01216],[-110.86795,33.01664],[-110.86363,33.01935],[-110.84162,33.01499],[-110.81113,33.01152],[-110.80774,33.01062],[-110.80112,33.00716],[-110.78963,33.00271],[-110.78579,32.99811],[-110.78433,32.99854],[-110.78097,33.00073],[-110.77987,33.004],[-110.77401,33.0016]]}},{"type":"Feature","properties":{"id":"308675","type":"AC; OVERHEAD","status":"IN SERVICE","owner":"TUCSON ELECTRIC POWER COMPANY","voltage":138,"voltClass":"100-161"},"geometry":{"type":"LineString","coordinates":[[-110.89872,32.20875],[-110.89863,32.20851],[-110.89766,32.20849],[-110.89534,32.20852],[-110.8926,32.2085],[-110.89218,32.20717],[-110.89095,32.20715],[-110.88854,32.20714],[-110.88495,32.20711],[-110.88149,32.20713],[-110.87948,32.20711],[-110.87728,32.2071],[-110.87547,32.20707],[-110.87432,32.20711],[-110.87311,32.20671],[-110.87145,32.20674],[-110.87004,32.20673],[-110.86812,32.20675],[-110.86601,32.20677],[-110.86483,32.20676],[-110.86366,32.20677],[-110.86271,32.20679],[-110.86145,32.20679],[-110.85981,32.20681],[-110.8587,32.20703],[-110.85772,32.20698],[-110.85723,32.20693],[-110.8562,32.20672],[-110.85406,32.20673],[-110.85276,32.20672],[-110.85115,32.20672],[-110.84948,32.20672],[-110.84788,32.2067],[-110.84651,32.2067],[-110.84532,32.20672],[-110.84449,32.20669],[-110.84364,32.20668],[-110.84243,32.20669],[-110.84133,32.2067],[-110.84077,32.2068],[-110.84081,32.21259],[-110.84081,32.21386],[-110.84082,32.22131],[-110.84084,32.2251],[-110.84083,32.22822],[-110.83977,32.22821],[-110.83895,32.22855],[-110.83826,32.22884],[-110.83842,32.22933]]}},{"type":"Feature","properties":{"id":"308761","type":"AC; OVERHEAD","status":"IN SERVICE","owner":"ARIZONA PUBLIC SERVICE COMPANY","voltage":500,"voltClass":"500"},"geometry":{"type":"LineString","coordinates":[[-112.32218,33.7066],[-112.3249,33.71143],[-112.33022,33.70933],[-112.33848,33.70533],[-112.34321,33.70422],[-112.38919,33.69355],[-112.39684,33.69044],[-112.41222,33.68383],[-112.42701,33.67941],[-112.44848,33.67477],[-112.56658,33.67484],[-112.6405,33.67478],[-112.67875,33.63276],[-112.67875,33.61679],[-112.67873,33.57178],[-112.67892,33.53036],[-112.67868,33.50783],[-112.70332,33.48531],[-112.72809,33.46279],[-112.74038,33.45156],[-112.7537,33.4394],[-112.77298,33.42178],[-112.78918,33.40696],[-112.80752,33.39475],[-112.82552,33.3828],[-112.84856,33.3828],[-112.85243,33.38278],[-112.85616,33.38452],[-112.85905,33.38473]]}},{"type":"Feature","properties":{"id":"308765","type":"AC; OVERHEAD","status":"IN SERVICE","owner":"ARIZONA PUBLIC SERVICE COMPANY","voltage":230,"voltClass":"220-287"},"geometry":{"type":"LineString","coordinates":[[-112.50028,33.41223],[-112.49639,33.41306],[-112.49642,33.41754],[-112.52183,33.41781],[-112.53023,33.41768],[-112.5417,33.42103],[-112.55605,33.42096],[-112.55718,33.42331],[-112.57144,33.42186],[-112.58214,33.42077],[-112.59927,33.42072],[-112.59924,33.39488],[-112.59944,33.38478],[-112.59933,33.37787],[-112.59954,33.34954],[-112.60778,33.34958],[-112.60791,33.31967],[-112.60517,33.31367],[-112.60774,33.29953],[-112.60768,33.25312],[-112.60853,33.25091],[-112.61911,33.22244],[-112.63199,33.18772],[-112.62975,33.18244],[-112.63433,33.14617],[-112.63454,33.02899],[-112.66535,32.97091],[-112.68933,32.97081],[-112.68938,32.97495],[-112.69289,32.97587]]}},{"type":"Feature","properties":{"id":"308777","type":"AC; OVERHEAD","status":"IN SERVICE","owner":null,"voltage":115,"voltClass":"100-161"},"geometry":{"type":"LineString","coordinates":[[-111.104,33.30318],[-111.10754,33.30031],[-111.12297,33.29398]]}},{"type":"Feature","properties":{"id":"308813","type":"AC; OVERHEAD","status":"IN SERVICE","owner":"ARIZONA PUBLIC SERVICE COMPANY","voltage":230,"voltClass":"220-287"},"geometry":{"type":"LineString","coordinates":[[-112.22906,34.75656],[-112.22978,34.7582],[-112.23121,34.76274],[-112.23461,34.77352],[-112.23499,34.77485],[-112.22992,34.78137],[-112.21308,34.79444],[-112.19597,34.8038],[-112.15766,34.82477],[-112.12632,34.84189],[-112.10336,34.84189],[-112.09194,34.84099],[-112.07937,34.84192],[-112.07595,34.84081],[-112.07116,34.83937],[-112.06619,34.83787],[-112.02926,34.85412],[-112.03003,34.84717],[-112.02996,34.8466]]}},{"type":"Feature","properties":{"id":"308858","type":"AC; OVERHEAD","status":"IN SERVICE","owner":"SULPHUR SPRINGS VALLEY ELECTRIC COOPERATIVE","voltage":230,"voltClass":"220-287"},"geometry":{"type":"LineString","coordinates":[[-110.13057,32.00096],[-110.12979,32.00075],[-110.12899,31.99984],[-110.12903,31.98586],[-110.12904,31.98092],[-110.12907,31.97267],[-110.1291,31.96386],[-110.12912,31.95617],[-110.12915,31.95123],[-110.12917,31.946],[-110.12918,31.94272],[-110.12918,31.93887],[-110.1292,31.93613],[-110.12924,31.92623],[-110.12925,31.91941],[-110.12925,31.9118],[-110.12925,31.90123],[-110.12924,31.89009],[-110.12922,31.87841],[-110.12922,31.87057],[-110.12921,31.85958],[-110.12922,31.85395],[-110.12921,31.84543],[-110.12919,31.83718],[-110.12921,31.8321],[-110.1292,31.82124],[-110.12919,31.81066],[-110.12917,31.79761],[-110.12916,31.7862],[-110.12915,31.77507],[-110.12915,31.76408],[-110.12914,31.75348],[-110.12914,31.74349],[-110.13251,31.74259],[-110.13869,31.74092],[-110.15071,31.73767],[-110.1507,31.73571],[-110.15069,31.72177],[-110.15068,31.70969],[-110.15068,31.69802],[-110.15066,31.68758],[-110.15065,31.67459],[-110.15064,31.66477],[-110.15063,31.65418],[-110.15063,31.64821],[-110.15584,31.64422],[-110.16276,31.6389],[-110.17152,31.63216],[-110.17454,31.62837],[-110.17958,31.62403],[-110.1896,31.61534],[-110.18958,31.60969],[-110.18956,31.598],[-110.18955,31.58633],[-110.18954,31.57507],[-110.18952,31.56352],[-110.1895,31.55491],[-110.18967,31.55228],[-110.18965,31.54951],[-110.18965,31.53837],[-110.18966,31.53309],[-110.18963,31.52537],[-110.19494,31.52536],[-110.20023,31.52535],[-110.20809,31.52533],[-110.21338,31.52535],[-110.21869,31.52533],[-110.22136,31.52535],[-110.22392,31.52516],[-110.22614,31.52515],[-110.22839,31.52515],[-110.23061,31.52514],[-110.23061,31.52453],[-110.23136,31.52483]]}},{"type":"Feature","properties":{"id":"308894","type":"AC; OVERHEAD","status":"IN SERVICE","owner":"ARIZONA PUBLIC SERVICE COMPANY","voltage":345,"voltClass":"345"},"geometry":{"type":"LineString","coordinates":[[-110.29075,34.94698],[-110.29548,34.94133],[-110.29999,34.93645],[-110.30422,34.93862]]}},{"type":"Feature","properties":{"id":"308907","type":"AC; OVERHEAD","status":"IN SERVICE","owner":"ARIZONA PUBLIC SERVICE COMPANY","voltage":230,"voltClass":"220-287"},"geometry":{"type":"LineString","coordinates":[[-111.94074,33.7002],[-111.94044,33.70113],[-111.94055,33.70292]]}},{"type":"Feature","properties":{"id":"307267","type":"AC; OVERHEAD","status":"IN SERVICE","owner":"ARIZONA PUBLIC SERVICE COMPANY","voltage":500,"voltClass":"500"},"geometry":{"type":"LineString","coordinates":[[-112.26259,33.81694],[-112.26037,33.81319],[-112.26485,33.80797],[-112.27752,33.79349],[-112.27908,33.7916],[-112.28342,33.7864],[-112.28692,33.78239],[-112.294,33.76858],[-112.30848,33.73902],[-112.31962,33.71671],[-112.32194,33.71209],[-112.32218,33.7066]]}},{"type":"Feature","properties":{"id":"307394","type":"AC; OVERHEAD","status":"IN SERVICE","owner":"ARIZONA PUBLIC SERVICE COMPANY","voltage":230,"voltClass":"220-287"},"geometry":{"type":"LineString","coordinates":[[-111.93727,33.70245],[-111.94313,33.70368],[-111.94573,33.70369],[-111.95964,33.71017],[-111.97188,33.71014],[-112.01705,33.71016],[-112.04545,33.71017],[-112.06553,33.70963],[-112.0857,33.70986],[-112.12174,33.70978],[-112.12196,33.7303],[-112.12483,33.74581],[-112.12752,33.75426],[-112.12769,33.75838],[-112.13062,33.76654],[-112.13311,33.76811],[-112.14308,33.7684],[-112.14275,33.78391],[-112.18073,33.78362],[-112.18373,33.78381],[-112.18656,33.78434],[-112.19224,33.78631],[-112.19541,33.78694],[-112.21485,33.78692],[-112.27817,33.78707],[-112.27907,33.79064],[-112.27086,33.80049],[-112.27347,33.80239]]}},{"type":"Feature","properties":{"id":"307471","type":"AC; OVERHEAD","status":"IN SERVICE","owner":null,"voltage":161,"voltClass":"100-161"},"geometry":{"type":"LineString","coordinates":[[-114.5998,33.60624],[-114.68304,33.61639],[-114.70561,33.59209],[-114.71245,33.58477],[-114.73802,33.55106],[-114.75338,33.53087],[-114.75484,33.52052],[-114.76761,33.50854],[-114.78516,33.492],[-114.78766,33.49058],[-114.80145,33.49215],[-114.8269,33.49562],[-114.84203,33.49758],[-114.8674,33.49541],[-114.92886,33.4744],[-115.01173,33.446],[-115.06584,33.4274],[-115.08851,33.41622],[-115.15612,33.41421],[-115.24144,33.41264],[-115.26804,33.41019],[-115.2917,33.40627],[-115.30125,33.39874],[-115.30984,33.38275],[-115.3196,33.36317],[-115.32464,33.35239],[-115.32956,33.33998],[-115.33181,33.33702],[-115.33638,33.33308],[-115.33935,33.33038],[-115.34688,33.31982],[-115.39862,33.25516],[-115.41501,33.23459],[-115.47516,33.23467],[-115.48873,33.23466],[-115.48869,33.24218],[-115.50113,33.24225]]}},{"type":"Feature","properties":{"id":"307526","type":"AC; OVERHEAD","status":"IN SERVICE","owner":"ARIZONA PUBLIC SERVICE COMPANY","voltage":230,"voltClass":"220-287"},"geometry":{"type":"LineString","coordinates":[[-111.94074,33.7002],[-111.94285,33.70184],[-111.95979,33.70982],[-111.97177,33.70975],[-112.01706,33.70979],[-112.04534,33.70985],[-112.06549,33.7093],[-112.08569,33.7096],[-112.10022,33.70939],[-112.10914,33.70947],[-112.11504,33.7095],[-112.13471,33.70926],[-112.13436,33.66346],[-112.13345,33.66312]]}},{"type":"Feature","properties":{"id":"307541","type":"AC; OVERHEAD","status":"IN SERVICE","owner":null,"voltage":500,"voltClass":"500"},"geometry":{"type":"LineString","coordinates":[[-114.59532,35.14747],[-114.59701,35.14699],[-114.60091,35.14796],[-114.60254,35.14873],[-114.61411,35.15086],[-114.62882,35.15336],[-114.63483,35.15345],[-114.63684,35.15309],[-114.65596,35.14279],[-114.74306,35.0959],[-114.7535,35.09042],[-114.7552,35.08925],[-114.81166,35.05875],[-114.90673,35.00729],[-114.94466,34.98714],[-115.11524,34.94817],[-115.16989,34.9357],[-115.46688,34.90945],[-115.57149,34.91246],[-115.65286,34.89573],[-115.76097,34.87317],[-115.77622,34.86964],[-115.83312,34.85949],[-115.85859,34.85239],[-115.93548,34.83081],[-115.98706,34.81494],[-116.00803,34.80772],[-116.10446,34.77473],[-116.15721,34.75663],[-116.19413,34.74261],[-116.25712,34.75162],[-116.29164,34.75813],[-116.31197,34.76784],[-116.35784,34.78041],[-116.40351,34.76108],[-116.41097,34.75033],[-116.42122,34.73561],[-116.43006,34.73134],[-116.46549,34.71436],[-116.4892,34.69446],[-116.50364,34.68203],[-116.54162,34.66345],[-116.56427,34.65238],[-116.57126,34.64713],[-116.58638,34.63574],[-116.60713,34.62631],[-116.62857,34.61637],[-116.66527,34.61576],[-116.6802,34.61559],[-116.70305,34.60835],[-116.74794,34.60636],[-116.7914,34.58634],[-116.81327,34.57626],[-116.85592,34.56699],[-116.88516,34.56064],[-116.92281,34.5525],[-116.9465,34.54736],[-116.97789,34.51895],[-117.01041,34.47839],[-117.01791,34.47257],[-117.02993,34.46862],[-117.04808,34.46101],[-117.06762,34.42941],[-117.0674,34.41429],[-117.07515,34.41428],[-117.11925,34.39455],[-117.1814,34.36678],[-117.27208,34.36495],[-117.30681,34.36477],[-117.32597,34.34843],[-117.33814,34.35109],[-117.36874,34.36669]]}},{"type":"Feature","properties":{"id":"307567","type":"AC; OVERHEAD","status":"IN SERVICE","owner":null,"voltage":115,"voltClass":"100-161"},"geometry":{"type":"LineString","coordinates":[[-110.99921,33.16487],[-110.99898,33.16345],[-110.99454,33.16055],[-110.98979,33.15954],[-110.98736,33.15721],[-110.98447,33.15663],[-110.9831,33.15687]]}},{"type":"Feature","properties":{"id":"307607","type":"AC; OVERHEAD","status":"IN SERVICE","owner":null,"voltage":230,"voltClass":"220-287"},"geometry":{"type":"LineString","coordinates":[[-114.74302,36.01836],[-114.75638,36.014],[-114.75794,36.01299],[-114.77191,36.00871],[-114.77666,36.00715],[-114.78446,36.00466],[-114.7857,36.00408],[-114.78684,36.00194],[-114.78946,35.99467],[-114.79978,35.97006],[-114.81405,35.94329],[-114.81994,35.93111],[-114.82325,35.93038],[-114.83474,35.92781]]}},{"type":"Feature","properties":{"id":"307621","type":"AC; OVERHEAD","status":"IN SERVICE","owner":"TUCSON ELECTRIC POWER COMPANY","voltage":138,"voltClass":"100-161"},"geometry":{"type":"LineString","coordinates":[[-110.77178,32.18871],[-110.77253,32.18919],[-110.77252,32.19353],[-110.77252,32.1957],[-110.77259,32.19643],[-110.77264,32.19709],[-110.77263,32.19784],[-110.77264,32.19859],[-110.77264,32.20002],[-110.77263,32.20147],[-110.77264,32.20277],[-110.77265,32.20461],[-110.77265,32.20555],[-110.77253,32.20645],[-110.77252,32.20741],[-110.77251,32.20818],[-110.77251,32.20907],[-110.77251,32.20999],[-110.7725,32.21101],[-110.7725,32.21203],[-110.77251,32.21279],[-110.77251,32.21438],[-110.77252,32.21524],[-110.7725,32.21614],[-110.77251,32.21787],[-110.77252,32.21866],[-110.77252,32.21942],[-110.77252,32.22019],[-110.77252,32.22107],[-110.77252,32.22178],[-110.77252,32.22268],[-110.77252,32.22357],[-110.77252,32.22451],[-110.77254,32.22539],[-110.77253,32.22637],[-110.77254,32.2272],[-110.77257,32.22812],[-110.77258,32.22913],[-110.77259,32.22999],[-110.77262,32.23086],[-110.77265,32.23177],[-110.77262,32.23261],[-110.77261,32.23347],[-110.7726,32.23446],[-110.77259,32.23525],[-110.76687,32.23528],[-110.75977,32.23526],[-110.75546,32.23527],[-110.75553,32.24035],[-110.7555,32.24154],[-110.75567,32.2427],[-110.7557,32.24531],[-110.75569,32.25108],[-110.75146,32.25115],[-110.75148,32.25318],[-110.75159,32.25404]]}},{"type":"Feature","properties":{"id":"307637","type":"AC; OVERHEAD","status":"IN SERVICE","owner":null,"voltage":345,"voltClass":"345"},"geometry":{"type":"LineString","coordinates":[[-108.81752,35.59283],[-108.81862,35.58983],[-108.82293,35.57363],[-108.82892,35.56492],[-108.83541,35.56267],[-108.84682,35.55608],[-108.85504,35.55751],[-108.86177,35.55685],[-108.86365,35.53587],[-108.86316,35.52166],[-108.8635,35.51614],[-108.86386,35.51032],[-108.86402,35.50758],[-108.86437,35.50601],[-108.8649,35.50354],[-108.86531,35.49995],[-108.86618,35.48131],[-108.86652,35.46497],[-108.86569,35.45955],[-108.8655,35.45684],[-108.86546,35.45376],[-108.86552,35.44246],[-108.86562,35.42574],[-108.86672,35.42355],[-108.86739,35.40686],[-108.86724,35.3926],[-108.86767,35.36411],[-108.86666,35.35671],[-108.86663,35.34791],[-108.86598,35.34138],[-108.86461,35.33492],[-108.88211,35.3235],[-108.89445,35.31472],[-108.91689,35.29822],[-108.97075,35.25922],[-108.99479,35.23545],[-109.00014,35.23192],[-109.0066,35.22394],[-109.04571,35.18583],[-109.04572,35.14002],[-109.04568,35.02455],[-109.04562,34.87622],[-109.04561,34.83284],[-109.00867,34.64333],[-108.97597,34.56108],[-108.98143,34.46064],[-108.97574,34.43836],[-108.97216,34.40123],[-108.96789,34.35639],[-108.96471,34.32437],[-108.96038,34.30244],[-108.95958,34.30016],[-108.98351,34.30043],[-109.0224,34.30037],[-109.04687,34.30072],[-109.07528,34.30108],[-109.09353,34.31585],[-109.14528,34.31616],[-109.16119,34.31239]]}},{"type":"Feature","properties":{"id":"307728","type":"AC; OVERHEAD","status":"IN SERVICE","owner":null,"voltage":230,"voltClass":"220-287"},"geometry":{"type":"LineString","coordinates":[[-111.88516,33.58349],[-111.88487,33.5823],[-111.83062,33.58224],[-111.80073,33.54784],[-111.80075,33.50966],[-111.80075,33.49924],[-111.8019,33.49678],[-111.81145,33.49018],[-111.81428,33.48775],[-111.82576,33.48054],[-111.83371,33.472],[-111.84586,33.46155],[-111.85325,33.45726],[-111.87312,33.44846],[-111.88689,33.44221],[-111.89392,33.43878],[-111.90153,33.43718],[-111.91038,33.43709],[-111.90983,33.42933],[-111.90999,33.42657],[-111.91122,33.42661]]}},{"type":"Feature","properties":{"id":"307872","type":"AC; OVERHEAD","status":"IN SERVICE","owner":"SALT RIVER PROJECT","voltage":230,"voltClass":"220-287"},"geometry":{"type":"LineString","coordinates":[[-111.9124,33.43917],[-111.91182,33.43737],[-111.91006,33.43726],[-111.90942,33.42936],[-111.90926,33.42278],[-111.91107,33.42337]]}},{"type":"Feature","properties":{"id":"307915","type":"AC; OVERHEAD","status":"IN SERVICE","owner":null,"voltage":345,"voltClass":"345"},"geometry":{"type":"LineString","coordinates":[[-109.16119,34.31239],[-109.15815,34.31197],[-109.1452,34.31544],[-109.11655,34.31522],[-109.09395,34.31504],[-109.07575,34.3004],[-109.03003,34.29991],[-108.99555,34.29979],[-108.98315,34.2998],[-108.95945,34.29936],[-108.95914,34.29627],[-108.95327,34.26615],[-108.94166,34.25627],[-108.94167,34.20828],[-108.94081,34.16272],[-108.94032,34.13196],[-108.94024,34.07991],[-108.94001,34.05286],[-108.94244,33.98515],[-108.94017,33.9788],[-108.93839,33.97458],[-108.93462,33.97175],[-108.93192,33.9695],[-108.92411,33.96389],[-108.90752,33.91568],[-108.90739,33.88478],[-108.89669,33.82361],[-108.88697,33.76806],[-108.88849,33.75731],[-108.88253,33.74253],[-108.87053,33.72434],[-108.8711,33.71708],[-108.90454,33.65727],[-108.90562,33.65407],[-108.90329,33.63672],[-108.90248,33.63088],[-108.90457,33.61185],[-108.92019,33.58694],[-108.93404,33.57143],[-108.94539,33.54424],[-108.94305,33.52358],[-108.94372,33.51336],[-108.95403,33.44572],[-108.97316,33.42047],[-108.98206,33.39189],[-108.98679,33.37756],[-108.99026,33.36781],[-108.99253,33.35826],[-108.99359,33.32819],[-109.00739,33.30671],[-109.01428,33.2851],[-109.02913,33.25484],[-109.03665,33.25316],[-109.0405,33.25158],[-109.04346,33.24892],[-109.04617,33.24518],[-109.04683,33.23662],[-109.04198,33.22546],[-109.052,33.21306],[-109.05706,33.20075],[-109.06976,33.18919],[-109.07972,33.17339],[-109.08879,33.15967],[-109.0954,33.14899],[-109.10051,33.13894],[-109.11008,33.11898],[-109.11893,33.10112],[-109.12936,33.08742],[-109.13654,33.06964],[-109.13687,33.05259],[-109.13362,33.04224],[-109.13049,33.03249],[-109.12744,33.02267],[-109.12965,33.01282],[-109.13056,33.0005],[-109.13577,32.99135],[-109.14361,32.97864],[-109.14795,32.97684],[-109.156,32.97453],[-109.16043,32.97327],[-109.16944,32.96873],[-109.17241,32.96689]]}},{"type":"Feature","properties":{"id":"307888","type":"AC; OVERHEAD","status":"IN SERVICE","owner":"SULPHUR SPRINGS VALLEY ELECTRIC COOPERATIVE","voltage":115,"voltClass":"100-161"},"geometry":{"type":"LineString","coordinates":[[-110.57044,31.96463],[-110.56992,31.96471],[-110.56951,31.96327],[-110.56862,31.96249],[-110.56721,31.96122],[-110.5645,31.95879],[-110.56036,31.95509],[-110.55518,31.95052],[-110.55505,31.94548],[-110.5549,31.94187],[-110.55489,31.93965],[-110.55479,31.93756],[-110.55456,31.92948],[-110.55438,31.9238],[-110.55424,31.91857],[-110.55396,31.91021],[-110.55384,31.90553],[-110.55365,31.90135],[-110.55334,31.89588],[-110.55321,31.89076],[-110.55322,31.88329],[-110.55336,31.87889],[-110.55368,31.8753],[-110.5537,31.86277],[-110.55372,31.85951],[-110.55372,31.85217],[-110.55374,31.84375],[-110.55375,31.8392],[-110.55378,31.83268],[-110.55024,31.82664],[-110.54336,31.82079],[-110.54199,31.81963],[-110.53832,31.81647],[-110.53515,31.81377],[-110.53183,31.81098],[-110.52987,31.80907],[-110.52674,31.80611],[-110.52448,31.80398],[-110.51971,31.80211],[-110.51439,31.79992],[-110.51206,31.79783],[-110.51085,31.79671],[-110.50921,31.79516],[-110.5072,31.79322],[-110.50583,31.79196],[-110.50414,31.79036],[-110.50225,31.78923],[-110.49834,31.78791],[-110.49247,31.7859],[-110.48705,31.78406],[-110.48638,31.78287],[-110.4864,31.78089],[-110.48639,31.76435],[-110.48638,31.75788],[-110.4864,31.75259],[-110.48556,31.75048],[-110.48568,31.74859],[-110.48565,31.74559],[-110.48564,31.73536],[-110.48565,31.731],[-110.48457,31.72912],[-110.48345,31.72716],[-110.48231,31.72517],[-110.48132,31.72342],[-110.48047,31.72164],[-110.47935,31.7197],[-110.47823,31.71773],[-110.47711,31.71574],[-110.47593,31.71369],[-110.47475,31.71161],[-110.47372,31.7098],[-110.4726,31.70783],[-110.47155,31.70598],[-110.47057,31.70425],[-110.46941,31.70218],[-110.46813,31.70046],[-110.46586,31.69739],[-110.46315,31.69369],[-110.46073,31.69041],[-110.45798,31.68668],[-110.45524,31.68294],[-110.45368,31.68083],[-110.4524,31.67908],[-110.44969,31.67539],[-110.44677,31.67143],[-110.44293,31.66619],[-110.44044,31.6628],[-110.43932,31.66135],[-110.43826,31.65935],[-110.43598,31.65525],[-110.43436,31.65227],[-110.43373,31.65118],[-110.43367,31.64998],[-110.43355,31.64794],[-110.4333,31.6436],[-110.43307,31.63942],[-110.43279,31.63494],[-110.43272,31.63362],[-110.43263,31.63198],[-110.43249,31.62961],[-110.43239,31.62771],[-110.43229,31.62613],[-110.4322,31.62452],[-110.43158,31.62299],[-110.43084,31.62112],[-110.42956,31.61792],[-110.4265,31.61018],[-110.42494,31.61037],[-110.40801,31.61226],[-110.37585,31.61586],[-110.36939,31.61659],[-110.36573,31.61701],[-110.36166,31.61746],[-110.35681,31.61801],[-110.35325,31.61837],[-110.35042,31.61869],[-110.34499,31.61925],[-110.33978,31.6198],[-110.33765,31.61824],[-110.33577,31.61688],[-110.33364,31.61534],[-110.33292,31.61372],[-110.33218,31.61213],[-110.33113,31.60984],[-110.32655,31.59981],[-110.32557,31.59768],[-110.32462,31.59557],[-110.32362,31.5934],[-110.32262,31.59144],[-110.32156,31.58913],[-110.32063,31.58708],[-110.31961,31.58486],[-110.31883,31.58315],[-110.31819,31.58175],[-110.31718,31.57949],[-110.31627,31.57796],[-110.31466,31.5768],[-110.31342,31.57589],[-110.31121,31.5743],[-110.31011,31.57335],[-110.30927,31.57269],[-110.30929,31.57103],[-110.30928,31.56915],[-110.30928,31.56797],[-110.30929,31.56687],[-110.30977,31.56647],[-110.30975,31.56601],[-110.30897,31.5661]]}},{"type":"Feature","properties":{"id":"307894","type":"AC; OVERHEAD","status":"IN SERVICE","owner":null,"voltage":230,"voltClass":"220-287"},"geometry":{"type":"LineString","coordinates":[[-112.05804,33.50149],[-112.05778,33.50182],[-112.05762,33.50198],[-112.05655,33.502],[-112.0565,33.51072],[-112.05648,33.51936],[-112.0565,33.52537],[-112.0566,33.53044],[-112.05652,33.53439],[-112.05616,33.53759],[-112.05639,33.54207],[-112.05651,33.54703],[-112.05657,33.55179],[-112.05669,33.55652],[-112.05678,33.56071],[-112.05674,33.56366],[-112.05672,33.5654],[-112.05687,33.56788],[-112.05682,33.56944],[-112.0568,33.5712],[-112.05685,33.57388],[-112.05688,33.57481],[-112.05835,33.57481],[-112.05921,33.57323],[-112.05989,33.57322],[-112.05994,33.57407]]}},{"type":"Feature","properties":{"id":"307905","type":"AC; OVERHEAD","status":"IN SERVICE","owner":null,"voltage":230,"voltClass":"220-287"},"geometry":{"type":"LineString","coordinates":[[-111.5618,32.87018],[-111.5659,32.86914],[-111.76714,32.87264],[-111.79091,32.90385]]}},{"type":"Feature","properties":{"id":"308015","type":"AC; OVERHEAD","status":"IN SERVICE","owner":null,"voltage":230,"voltClass":"220-287"},"geometry":{"type":"LineString","coordinates":[[-114.56594,35.1947],[-114.5662,35.19779],[-114.56796,35.20312],[-114.56085,35.21641],[-114.56114,35.26168],[-114.56369,35.2652],[-114.56873,35.27212],[-114.57802,35.27424],[-114.59847,35.27825],[-114.60156,35.28065],[-114.60575,35.28422],[-114.60828,35.3063],[-114.60902,35.31306],[-114.64719,35.34581],[-114.77672,35.45745],[-114.84856,35.52114],[-114.85851,35.53474],[-114.87618,35.5686],[-114.92691,35.67069],[-114.94109,35.69922],[-114.92377,35.73839],[-114.91255,35.76328],[-114.90708,35.76983],[-114.90407,35.77329],[-114.88881,35.79186],[-114.88386,35.80189],[-114.85236,35.86558],[-114.83636,35.89727],[-114.82498,35.92008],[-114.82729,35.92191],[-114.82953,35.92258],[-114.83167,35.92329],[-114.83474,35.92781]]}},{"type":"Feature","properties":{"id":"307993","type":"AC; OVERHEAD","status":"IN SERVICE","owner":"ARIZONA PUBLIC SERVICE COMPANY","voltage":230,"voltClass":"220-287"},"geometry":{"type":"LineString","coordinates":[[-112.71771,33.59141],[-112.71936,33.5929],[-112.74667,33.6146],[-112.82681,33.67812],[-112.8951,33.73236],[-112.93424,33.76331],[-112.99935,33.78318],[-113.0474,33.79775],[-113.09071,33.82444],[-113.12442,33.8451],[-113.20527,33.89459],[-113.23397,33.89834],[-113.28559,33.90505],[-113.35457,33.914],[-113.43535,33.92449],[-113.47367,33.92945],[-113.5263,33.9362],[-113.53803,33.94259]]}},{"type":"Feature","properties":{"id":"307996","type":"AC; OVERHEAD","status":"IN SERVICE","owner":null,"voltage":230,"voltClass":"220-287"},"geometry":{"type":"LineString","coordinates":[[-111.99386,32.96044],[-111.99548,32.96042]]}},{"type":"Feature","properties":{"id":"307998","type":"AC; OVERHEAD","status":"IN SERVICE","owner":"IMPERIAL IRRIGATION DISTRICT","voltage":161,"voltClass":"100-161"},"geometry":{"type":"LineString","coordinates":[[-114.71274,32.73647],[-114.71189,32.73687],[-114.71496,32.75008],[-114.7496,32.75888],[-114.74975,32.76069],[-114.79307,32.76108],[-114.84167,32.76212],[-114.85721,32.757],[-114.86746,32.75165],[-114.87625,32.74708],[-114.88069,32.74438],[-114.88793,32.73941],[-114.89668,32.73531],[-114.89827,32.73437],[-114.90899,32.72949],[-114.90894,32.72821],[-114.91892,32.71505],[-114.92783,32.70841],[-115.03915,32.7069],[-115.21247,32.70736],[-115.21716,32.70683],[-115.21723,32.71276],[-115.24625,32.71353],[-115.24632,32.75218],[-115.26948,32.75221],[-115.27239,32.75175],[-115.29389,32.75163],[-115.32902,32.7519],[-115.33286,32.75514],[-115.35427,32.7555],[-115.35936,32.75945],[-115.38419,32.75942],[-115.39324,32.75907],[-115.43406,32.75906],[-115.45647,32.75919],[-115.45659,32.78485],[-115.50097,32.78471],[-115.50138,32.78836],[-115.50156,32.80341],[-115.53508,32.80341],[-115.5375,32.80167]]}},{"type":"Feature","properties":{"id":"308049","type":"AC; OVERHEAD","status":"IN SERVICE","owner":"ARIZONA PUBLIC SERVICE COMPANY","voltage":230,"voltClass":"220-287"},"geometry":{"type":"LineString","coordinates":[[-111.94055,33.70292],[-111.93727,33.70245]]}},{"type":"Feature","properties":{"id":"308007","type":"AC; OVERHEAD","status":"IN SERVICE","owner":null,"voltage":138,"voltClass":"100-161"},"geometry":{"type":"LineString","coordinates":[[-111.12633,32.40106],[-111.12597,32.40065],[-111.12554,32.40066],[-111.12554,32.39897],[-111.12376,32.39772],[-111.12251,32.39662],[-111.12125,32.39556],[-111.12015,32.39438],[-111.11902,32.39314],[-111.11802,32.39195],[-111.11318,32.38602],[-111.10849,32.38024],[-111.10515,32.37617],[-111.10283,32.37371],[-111.097,32.36825],[-111.08725,32.35915],[-111.07942,32.35188],[-111.07355,32.34635],[-111.06777,32.34098],[-111.06193,32.33557],[-111.06129,32.33575],[-111.06133,32.33621]]}},{"type":"Feature","properties":{"id":"308042","type":"AC; OVERHEAD","status":"IN SERVICE","owner":null,"voltage":230,"voltClass":"220-287"},"geometry":{"type":"LineString","coordinates":[[-112.21872,33.55703],[-112.22309,33.55683],[-112.29783,33.55558],[-112.29789,33.55998],[-112.30913,33.58443],[-112.30652,33.59459],[-112.30321,33.60762],[-112.3015,33.61424],[-112.30209,33.63093],[-112.30169,33.63817],[-112.30116,33.64788],[-112.30063,33.65755],[-112.30009,33.66723],[-112.29964,33.67466],[-112.29401,33.68965],[-112.28858,33.69861],[-112.28534,33.70403],[-112.28535,33.70654],[-112.2882,33.70632],[-112.30614,33.70598],[-112.31551,33.7062],[-112.32218,33.7066]]}},{"type":"Feature","properties":{"id":"308036","type":"AC; OVERHEAD","status":"IN SERVICE","owner":null,"voltage":115,"voltClass":"100-161"},"geometry":{"type":"LineString","coordinates":[[-110.96421,33.39453],[-110.96391,33.39403],[-110.96243,33.39227],[-110.95784,33.38689],[-110.9571,33.38579],[-110.95346,33.3802],[-110.95532,33.37982],[-110.95553,33.37998]]}},{"type":"Feature","properties":{"id":"308099","type":"AC; OVERHEAD","status":"IN SERVICE","owner":null,"voltage":115,"voltClass":"100-161"},"geometry":{"type":"LineString","coordinates":[[-111.29614,32.55651],[-111.29935,32.55603],[-111.29967,32.55603],[-111.29957,32.55773],[-111.29957,32.56199],[-111.28782,32.56676],[-111.28064,32.56967],[-111.27329,32.57268],[-111.26599,32.57566],[-111.26101,32.57767],[-111.25135,32.58163],[-111.24392,32.58464],[-111.23911,32.58659],[-111.2342,32.58859],[-111.22672,32.59162],[-111.21941,32.59459],[-111.21451,32.59657],[-111.20956,32.59861],[-111.205,32.59859],[-111.19725,32.59859],[-111.18929,32.59859],[-111.17638,32.59858],[-111.17079,32.59858],[-111.16508,32.59858],[-111.1575,32.59857],[-111.14705,32.59856],[-111.13912,32.59857],[-111.12857,32.59857],[-111.1255,32.60003],[-111.11844,32.59855],[-111.10943,32.59856],[-111.10064,32.59854],[-111.09447,32.59858],[-111.08766,32.59857],[-111.08188,32.59857],[-111.07457,32.59857],[-111.06945,32.59858],[-111.06413,32.59859],[-111.05828,32.5986],[-111.0507,32.5986],[-111.04301,32.59861],[-111.03449,32.59863],[-111.02788,32.59861],[-111.02256,32.5997],[-111.01617,32.60094],[-111.01092,32.6009],[-110.99874,32.60088],[-110.98949,32.60078],[-110.98711,32.6017],[-110.9788,32.60496],[-110.97515,32.60277],[-110.97008,32.60355],[-110.96759,32.60393],[-110.96191,32.6048],[-110.95314,32.60603],[-110.94696,32.60703],[-110.94317,32.60758],[-110.93819,32.60836],[-110.93128,32.60942],[-110.92606,32.61019],[-110.91956,32.61117],[-110.91453,32.61194],[-110.91167,32.61237],[-110.90621,32.6132],[-110.90075,32.61402],[-110.89531,32.61485],[-110.88714,32.61607],[-110.88167,32.6169],[-110.87733,32.61756],[-110.87327,32.61813],[-110.87133,32.61908],[-110.8693,32.62004],[-110.86705,32.62108],[-110.8626,32.62315],[-110.85777,32.6254],[-110.84825,32.62983],[-110.83883,32.63423],[-110.82277,32.64171],[-110.81563,32.64505],[-110.81252,32.64645],[-110.8101,32.64647],[-110.80465,32.64646],[-110.79725,32.64643],[-110.79002,32.64641],[-110.78503,32.6464],[-110.77374,32.64639],[-110.76769,32.64638],[-110.76185,32.64638],[-110.7585,32.64637],[-110.75146,32.64635],[-110.74723,32.64635],[-110.73915,32.64632],[-110.73627,32.64639],[-110.73412,32.64629],[-110.72872,32.6463],[-110.72366,32.64628],[-110.71804,32.64623],[-110.70829,32.64622],[-110.70198,32.64621],[-110.6982,32.64621],[-110.69737,32.64581],[-110.68578,32.64098],[-110.68112,32.63904],[-110.67486,32.63637],[-110.66358,32.63161],[-110.65622,32.62855],[-110.64883,32.62547],[-110.64638,32.62444],[-110.64147,32.62239],[-110.63953,32.6216],[-110.63668,32.62109],[-110.63359,32.62052],[-110.62723,32.6192],[-110.62596,32.6186]]}},{"type":"Feature","properties":{"id":"308222","type":"AC; OVERHEAD","status":"IN SERVICE","owner":"TUCSON ELECTRIC POWER COMPANY","voltage":138,"voltClass":"100-161"},"geometry":{"type":"LineString","coordinates":[[-110.81314,32.06998],[-110.81558,32.07113],[-110.81655,32.07117],[-110.81925,32.0725],[-110.81923,32.07519],[-110.82239,32.07533],[-110.82556,32.0754],[-110.8316,32.07543],[-110.84012,32.0754],[-110.84897,32.07536],[-110.8582,32.07547],[-110.85811,32.07697],[-110.85819,32.1],[-110.85878,32.10015]]}},{"type":"Feature","properties":{"id":"308243","type":"AC; OVERHEAD","status":"IN SERVICE","owner":"ARIZONA PUBLIC SERVICE COMPANY","voltage":500,"voltClass":"500"},"geometry":{"type":"LineString","coordinates":[[-112.26259,33.81694],[-112.25828,33.81484],[-112.27239,33.7989],[-112.27925,33.79066],[-112.27836,33.78693],[-112.21485,33.78676],[-112.19535,33.78674],[-112.19234,33.78616],[-112.1867,33.78424],[-112.1837,33.78362],[-112.1808,33.7835],[-112.14292,33.78377],[-112.14323,33.76829],[-112.13315,33.76795],[-112.13075,33.7665],[-112.12781,33.75826],[-112.12767,33.75424],[-112.125,33.74574],[-112.1221,33.73027],[-112.12184,33.70965],[-112.08571,33.70979],[-112.06552,33.70958],[-112.04547,33.71009],[-112.01705,33.71008],[-111.97183,33.71006],[-111.95972,33.71006],[-111.94578,33.70358],[-111.94303,33.70359],[-111.94305,33.70551],[-111.93929,33.70551],[-111.93727,33.70245]]}},{"type":"Feature","properties":{"id":"308248","type":"AC; OVERHEAD","status":"IN SERVICE","owner":"ARIZONA PUBLIC SERVICE COMPANY","voltage":230,"voltClass":"220-287"},"geometry":{"type":"LineString","coordinates":[[-111.93727,33.70245],[-111.93445,33.70165],[-111.91308,33.67712],[-111.87664,33.63505],[-111.87165,33.62924],[-111.86787,33.6249],[-111.85677,33.61223],[-111.85204,33.6068],[-111.83073,33.5823],[-111.88478,33.58234],[-111.88516,33.58349]]}},{"type":"Feature","properties":{"id":"308275","type":"AC; OVERHEAD","status":"IN SERVICE","owner":null,"voltage":345,"voltClass":"345"},"geometry":{"type":"LineString","coordinates":[[-110.81314,32.06998],[-110.81184,32.06915],[-110.81638,32.06477],[-110.81639,32.05708],[-110.81643,32.04283],[-110.81642,32.04046],[-110.81641,32.02854],[-110.82288,32.02857],[-110.83254,32.02862],[-110.85192,32.0287],[-110.86143,32.02874],[-110.87976,32.02883],[-110.88592,32.02885],[-110.89817,32.0289],[-110.90775,32.02895],[-110.91071,32.02896],[-110.91372,32.02896],[-110.91691,32.02905],[-110.92468,32.02839],[-110.92458,32.02042],[-110.9245,32.0161],[-110.92457,32.01338],[-110.92464,32.00787],[-110.92473,32.00265],[-110.92476,32.00034],[-110.92472,31.9985],[-110.93432,31.99847],[-110.93719,31.99849],[-110.94361,31.99849],[-110.94655,31.99848],[-110.95222,31.99847],[-110.95538,31.99847],[-110.9612,31.99847],[-110.96119,31.99475],[-110.96125,31.99206],[-110.96128,31.98979],[-110.96125,31.9874],[-110.96119,31.98256],[-110.96121,31.97805],[-110.96119,31.9756],[-110.96119,31.97299],[-110.9612,31.97059],[-110.96119,31.96842],[-110.96123,31.96591],[-110.96122,31.96343],[-110.96126,31.96113],[-110.97038,31.96124],[-110.97038,31.95855],[-110.97035,31.95653],[-110.97033,31.9542],[-110.97031,31.95189],[-110.9703,31.94997],[-110.97027,31.9474],[-110.97041,31.94528],[-110.97309,31.94495],[-110.97575,31.9446],[-110.97872,31.9442],[-110.97931,31.94272],[-110.98235,31.9427],[-110.98573,31.94268],[-110.98792,31.94266],[-110.99042,31.94391],[-110.99281,31.94387],[-110.99499,31.94387],[-111.00143,31.94381],[-111.00392,31.94381],[-111.00563,31.94154],[-111.0073,31.93927],[-111.01067,31.93476],[-111.01235,31.93249],[-111.01867,31.93252],[-111.02182,31.93252],[-111.02492,31.93255],[-111.0281,31.9326],[-111.03086,31.93181],[-111.03907,31.92954],[-111.04182,31.92876],[-111.04459,31.92805],[-111.04717,31.92688],[-111.05522,31.92338],[-111.05796,31.92216],[-111.06002,31.92262],[-111.06049,31.92212]]}},{"type":"Feature","properties":{"id":"308306","type":"AC; OVERHEAD","status":"IN SERVICE","owner":null,"voltage":345,"voltClass":"345"},"geometry":{"type":"LineString","coordinates":[[-112.50028,33.41223],[-112.51038,33.41224],[-112.52784,33.42161],[-112.53109,33.42328],[-112.54325,33.42979],[-112.57033,33.44424],[-112.58134,33.44972],[-112.65986,33.53133],[-112.71325,33.5894],[-112.74229,33.6214],[-112.82046,33.70744],[-112.85691,33.74744],[-112.86527,33.76152],[-112.87652,33.78501],[-112.90045,33.83502],[-112.93396,33.90496],[-112.97027,33.98057],[-112.98897,34.01688],[-113.00928,34.05504],[-113.02908,34.09839],[-113.04397,34.13284],[-113.07715,34.20755],[-113.09071,34.23822],[-113.09378,34.24449],[-113.11268,34.27529],[-113.16124,34.35412],[-113.17793,34.38169],[-113.19257,34.3907],[-113.22583,34.41113],[-113.23426,34.42041],[-113.24201,34.42697],[-113.27454,34.45204],[-113.28022,34.45592],[-113.35185,34.49088],[-113.40353,34.51612],[-113.40969,34.51921],[-113.43469,34.53133],[-113.4475,34.54125],[-113.45186,34.54527],[-113.47681,34.56568],[-113.481,34.5672],[-113.48247,34.5698],[-113.48315,34.57321],[-113.51168,34.61597],[-113.56011,34.6888],[-113.58074,34.72115],[-113.62354,34.75462],[-113.62539,34.76203],[-113.63564,34.79997],[-113.64552,34.83987],[-113.66489,34.91454],[-113.67414,34.96606],[-113.67661,34.98108],[-113.67758,34.98708],[-113.67785,34.9925],[-113.69845,35.11705],[-113.70469,35.15909],[-113.70878,35.19314],[-113.71527,35.24878],[-113.71541,35.25076],[-113.71659,35.25125],[-113.71792,35.25082]]}},{"type":"Feature","properties":{"id":"308311","type":"AC; OVERHEAD","status":"IN SERVICE","owner":"ARIZONA PUBLIC SERVICE COMPANY","voltage":500,"voltClass":"500"},"geometry":{"type":"LineString","coordinates":[[-112.85208,33.34585],[-112.85872,33.34291],[-112.85869,33.32239],[-112.86721,33.31734],[-112.9117,33.29885],[-112.93844,33.28705],[-112.97419,33.2704],[-113.00808,33.2359],[-113.02865,33.21482],[-113.06724,33.17351],[-113.08226,33.15749],[-113.08797,33.15195],[-113.13305,33.11133],[-113.14224,33.10305],[-113.18987,33.09196],[-113.25157,33.06495],[-113.29505,33.0458],[-113.33808,33.02693],[-113.35316,33.02038],[-113.39619,32.99891],[-113.41768,32.98822],[-113.42313,32.98094],[-113.48662,32.95217],[-113.48876,32.95408]]}},{"type":"Feature","properties":{"id":"308354","type":"AC; OVERHEAD","status":"IN SERVICE","owner":"SALT RIVER PROJECT","voltage":230,"voltClass":"220-287"},"geometry":{"type":"LineString","coordinates":[[-112.18771,33.42011],[-112.18797,33.41901],[-112.18803,33.40821],[-112.18634,33.40791],[-112.18554,33.39558],[-112.18504,33.37734],[-112.16519,33.37739],[-112.16321,33.37741],[-112.15009,33.37747],[-112.14798,33.37778],[-112.135,33.3778],[-112.13286,33.3775],[-112.10507,33.3776],[-112.08516,33.37757],[-112.08487,33.37692]]}},{"type":"Feature","properties":{"id":"308397","type":"AC; OVERHEAD","status":"IN SERVICE","owner":"TUCSON ELECTRIC POWER COMPANY","voltage":138,"voltClass":"100-161"},"geometry":{"type":"LineString","coordinates":[[-110.91655,32.26981],[-110.91696,32.27126],[-110.91473,32.27131],[-110.90939,32.27202],[-110.90751,32.27231],[-110.90617,32.27274],[-110.90191,32.27421],[-110.89563,32.27423],[-110.89046,32.27227],[-110.8871,32.27095],[-110.88361,32.26962],[-110.88189,32.26896],[-110.87707,32.26887],[-110.87534,32.26827],[-110.87535,32.27038],[-110.87534,32.27132],[-110.87535,32.27304],[-110.87544,32.27446],[-110.87562,32.27603],[-110.87569,32.27799],[-110.87571,32.27965],[-110.87573,32.28146],[-110.87573,32.28337],[-110.87575,32.28501],[-110.87573,32.28712],[-110.87575,32.28886],[-110.87579,32.29097],[-110.87583,32.29271],[-110.87586,32.29408],[-110.87584,32.29546],[-110.87575,32.29755],[-110.87568,32.29869],[-110.87559,32.30039],[-110.87549,32.30223],[-110.87542,32.30365],[-110.87533,32.30546],[-110.87533,32.30679],[-110.87529,32.30817],[-110.87466,32.30897],[-110.87298,32.30867],[-110.87189,32.30825],[-110.87023,32.30721],[-110.86852,32.30641],[-110.86739,32.30615],[-110.86566,32.30615],[-110.86477,32.30629],[-110.86331,32.30688],[-110.86225,32.30762],[-110.86118,32.3083],[-110.85978,32.30884],[-110.85838,32.30894],[-110.85639,32.30895],[-110.85398,32.30896],[-110.8524,32.30898],[-110.85095,32.30899],[-110.84766,32.30902],[-110.84576,32.30904],[-110.84382,32.30905],[-110.84238,32.30904],[-110.84092,32.30905],[-110.84091,32.30764],[-110.83963,32.30698],[-110.8386,32.30645],[-110.83754,32.30573],[-110.83618,32.30511],[-110.83554,32.30367],[-110.83582,32.30269],[-110.83607,32.30181],[-110.83629,32.30107],[-110.83659,32.30003],[-110.83686,32.29906],[-110.83686,32.2985],[-110.83686,32.29766],[-110.83685,32.29689],[-110.83673,32.29616],[-110.8364,32.29609]]}},{"type":"Feature","properties":{"id":"309033","type":"AC; OVERHEAD","status":"IN SERVICE","owner":null,"voltage":115,"voltClass":"100-161"},"geometry":{"type":"LineString","coordinates":[[-111.28565,32.09452],[-111.28548,32.09549],[-111.28134,32.09562],[-111.27747,32.09575],[-111.27752,32.09696],[-111.27757,32.10042],[-111.27759,32.10209],[-111.27565,32.10218],[-111.26578,32.10254],[-111.26131,32.10272],[-111.25423,32.10301],[-111.24853,32.10324],[-111.2465,32.10378],[-111.24159,32.10382],[-111.23528,32.10387],[-111.23059,32.10392],[-111.22654,32.10395],[-111.22445,32.10397],[-111.2203,32.10401],[-111.21727,32.10403],[-111.2161,32.10405],[-111.21142,32.1041],[-111.2045,32.10416],[-111.20207,32.10417],[-111.19736,32.10422],[-111.19492,32.10423],[-111.19254,32.10422],[-111.19012,32.10427],[-111.18785,32.10427],[-111.18308,32.10434],[-111.17825,32.10435],[-111.17111,32.1044],[-111.16216,32.10445],[-111.15749,32.10446],[-111.15028,32.10447],[-111.14311,32.1045],[-111.14073,32.1045],[-111.13826,32.10451],[-111.13189,32.10453],[-111.13189,32.10806],[-111.13189,32.11318],[-111.13189,32.1192],[-111.13189,32.12086],[-111.13189,32.12276],[-111.13191,32.13204],[-111.13273,32.13204],[-111.13271,32.1326]]}},{"type":"Feature","properties":{"id":"309087","type":"AC; OVERHEAD","status":"IN SERVICE","owner":null,"voltage":230,"voltClass":"220-287"},"geometry":{"type":"LineString","coordinates":[[-111.9124,33.43917],[-111.9129,33.43693],[-111.91501,33.4369],[-111.91632,33.43557],[-111.93054,33.43523],[-111.9359,33.43463],[-111.93613,33.4366],[-111.93977,33.44585],[-111.94003,33.4499],[-111.94266,33.45497],[-111.94154,33.45646],[-111.94153,33.45893],[-111.94117,33.46123],[-111.94045,33.4626],[-111.93927,33.46379],[-111.93822,33.46685],[-111.93844,33.47232],[-111.93874,33.47347],[-111.93993,33.47724],[-111.94045,33.47825],[-111.94281,33.48055],[-111.94294,33.48223],[-111.94143,33.48373]]}},{"type":"Feature","properties":{"id":"309075","type":"AC; OVERHEAD","status":"IN SERVICE","owner":null,"voltage":230,"voltClass":"220-287"},"geometry":{"type":"LineString","coordinates":[[-111.99679,33.24927],[-111.99731,33.24814],[-112.04789,33.24808],[-112.13933,33.29189],[-112.15895,33.3013],[-112.16514,33.31912],[-112.16522,33.32159],[-112.16501,33.36314],[-112.1649,33.37829],[-112.161,33.38166],[-112.16087,33.39791],[-112.1607,33.40116],[-112.16074,33.4156],[-112.18826,33.41521],[-112.21113,33.41572],[-112.23864,33.41576],[-112.25563,33.41376],[-112.31972,33.41332],[-112.34839,33.40885],[-112.3508,33.40853],[-112.35594,33.40183],[-112.36145,33.40192],[-112.36925,33.40114],[-112.41037,33.39694],[-112.42498,33.39496],[-112.45477,33.39668],[-112.48466,33.41024],[-112.50028,33.41223]]}},{"type":"Feature","properties":{"id":"309071","type":"AC; OVERHEAD","status":"IN SERVICE","owner":null,"voltage":115,"voltClass":"100-161"},"geometry":{"type":"LineString","coordinates":[[-110.85808,32.05328],[-110.85856,32.05198],[-110.85856,32.04488],[-110.85856,32.04236],[-110.85855,32.0348],[-110.85853,32.03215],[-110.85855,32.02842],[-110.85851,32.02652],[-110.85853,32.02403],[-110.8585,32.01894],[-110.85851,32.01646],[-110.85849,32.00675],[-110.85848,32.00431],[-110.85848,32.00191],[-110.85842,31.99949],[-110.8584,31.99459],[-110.85847,31.99219],[-110.85846,31.99084],[-110.85847,31.98483],[-110.85846,31.98002],[-110.85843,31.97255],[-110.85843,31.97009],[-110.85843,31.96526],[-110.85841,31.9604],[-110.85841,31.95806],[-110.85841,31.95324],[-110.85837,31.94835],[-110.85837,31.93599],[-110.85835,31.9236],[-110.85833,31.91389],[-110.85996,31.91188],[-110.86976,31.89992],[-110.8797,31.8878],[-110.88624,31.87979],[-110.89275,31.87184],[-110.89613,31.86771],[-110.89773,31.86576],[-110.90429,31.85775],[-110.9076,31.85368],[-110.90943,31.85167],[-110.91109,31.84964],[-110.91918,31.83973],[-110.9224,31.83578],[-110.93034,31.82606],[-110.93369,31.82196],[-110.94028,31.81386],[-110.94359,31.80982],[-110.9469,31.80576],[-110.95193,31.79959],[-110.95359,31.79755],[-110.95708,31.79327],[-110.96199,31.78721],[-110.9641,31.78466],[-110.96641,31.78181],[-110.97064,31.77663],[-110.97386,31.77267],[-110.98028,31.76477],[-110.99011,31.75271],[-110.99341,31.74864],[-110.99507,31.74661],[-111.0013,31.73894],[-111.0079,31.73081],[-111.01265,31.72495],[-111.01426,31.72288],[-111.01774,31.71861],[-111.01994,31.71592],[-111.02372,31.71127],[-111.0257,31.70886],[-111.02785,31.70619],[-111.03183,31.70129],[-111.03474,31.69773],[-111.03548,31.6977]]}},{"type":"Feature","properties":{"id":"309144","type":"AC; OVERHEAD","status":"IN SERVICE","owner":"SALT RIVER PROJECT","voltage":230,"voltClass":"220-287"},"geometry":{"type":"LineString","coordinates":[[-111.94234,33.35217],[-111.94364,33.35333],[-111.94346,33.35627],[-111.94345,33.39187],[-111.94333,33.39321],[-111.94362,33.42937],[-111.94323,33.4317],[-111.943,33.43508],[-111.93607,33.43443],[-111.93052,33.43507],[-111.9162,33.43537],[-111.91487,33.43671],[-111.91267,33.43675],[-111.9124,33.43917]]}},{"type":"Feature","properties":{"id":"309228","type":"AC; OVERHEAD","status":"IN SERVICE","owner":"ARIZONA PUBLIC SERVICE COMPANY","voltage":230,"voltClass":"220-287"},"geometry":{"type":"LineString","coordinates":[[-112.32218,33.7066],[-112.31555,33.7063],[-112.30615,33.70613],[-112.28379,33.70673],[-112.26351,33.70667],[-112.26058,33.70733],[-112.22022,33.70737],[-112.20634,33.70736],[-112.17842,33.70889],[-112.13472,33.70937],[-112.10913,33.70957],[-112.1002,33.70947],[-112.0857,33.70966],[-112.0655,33.70937],[-112.04539,33.70991],[-112.01701,33.70988],[-111.97177,33.70984],[-111.95975,33.70992],[-111.94287,33.70201],[-111.94055,33.70292]]}},{"type":"Feature","properties":{"id":"309249","type":"AC; OVERHEAD","status":"IN SERVICE","owner":null,"voltage":500,"voltClass":"500"},"geometry":{"type":"LineString","coordinates":[[-111.94234,33.35217],[-111.9446,33.3518],[-111.95602,33.3176],[-111.96332,33.29493],[-111.96352,33.29097],[-112.03563,33.29073],[-112.13306,33.29057],[-112.16015,33.31667],[-112.16504,33.3217],[-112.23372,33.3879],[-112.23649,33.39128],[-112.233,33.39237],[-112.23297,33.39857],[-112.25415,33.3987],[-112.25749,33.39932],[-112.26097,33.39969],[-112.2889,33.39964],[-112.32065,33.39954],[-112.32497,33.40136],[-112.35135,33.40146],[-112.35678,33.40072],[-112.36139,33.40075],[-112.37067,33.3997],[-112.40907,33.3958],[-112.4107,33.39454],[-112.41069,33.38666],[-112.41089,33.38302],[-112.41313,33.38003],[-112.41174,33.37314],[-112.42189,33.35062],[-112.42313,33.3476],[-112.43203,33.33364],[-112.44457,33.31579],[-112.4514,33.31252],[-112.47668,33.3035],[-112.51296,33.29062],[-112.54903,33.27211],[-112.55619,33.26711],[-112.59704,33.22912],[-112.61881,33.22884],[-112.62041,33.23053]]}},{"type":"Feature","properties":{"id":"309311","type":"AC; OVERHEAD","status":"IN SERVICE","owner":null,"voltage":230,"voltClass":"220-287"},"geometry":{"type":"LineString","coordinates":[[-109.76146,32.34115],[-109.76155,32.34247],[-109.75692,32.34485],[-109.75429,32.34656],[-109.74123,32.35495],[-109.72147,32.36763],[-109.70497,32.38176],[-109.68801,32.39769],[-109.68024,32.40499],[-109.6758,32.41099],[-109.6727,32.41512],[-109.67129,32.41701],[-109.6712,32.42744],[-109.67104,32.44148],[-109.67104,32.44418],[-109.67094,32.45136],[-109.67085,32.46277],[-109.67071,32.46877],[-109.67084,32.4717],[-109.67106,32.47751],[-109.67114,32.47995],[-109.67128,32.48268],[-109.67145,32.48746],[-109.67187,32.49804],[-109.67208,32.50315],[-109.67226,32.50827],[-109.67245,32.5123],[-109.67258,32.51446],[-109.67301,32.52639],[-109.67315,32.52934],[-109.67325,32.53188],[-109.67535,32.54515],[-109.67744,32.55854],[-109.68017,32.57605],[-109.68303,32.59428],[-109.68595,32.61287],[-109.68844,32.62894],[-109.68129,32.64476],[-109.67513,32.65835],[-109.66844,32.67311],[-109.66374,32.68353],[-109.66139,32.68871],[-109.65784,32.69655],[-109.65656,32.69925],[-109.65536,32.70196],[-109.65314,32.70704],[-109.64833,32.71789],[-109.64605,32.72305],[-109.64453,32.72549],[-109.64005,32.73261],[-109.6386,32.7349],[-109.6341,32.74213],[-109.62946,32.74946],[-109.62342,32.75904],[-109.62336,32.76476],[-109.62339,32.77057],[-109.62341,32.77343],[-109.62348,32.77423]]}},{"type":"Feature","properties":{"id":"309334","type":"AC; OVERHEAD","status":"IN SERVICE","owner":null,"voltage":161,"voltClass":"100-161"},"geometry":{"type":"LineString","coordinates":[[-114.1417,34.29105],[-114.14057,34.29138],[-114.14144,34.29405],[-114.14356,34.29467],[-114.14471,34.29457],[-114.14659,34.29328],[-114.14952,34.29072],[-114.15199,34.28683],[-114.16661,34.27529],[-114.17125,34.26395],[-114.17323,34.25894],[-114.17183,34.25089],[-114.17118,34.24724],[-114.17504,34.24074],[-114.18118,34.23564],[-114.18809,34.22799],[-114.19081,34.22498],[-114.20935,34.21062],[-114.21798,34.20465],[-114.21901,34.20329],[-114.22177,34.1969],[-114.22282,34.1945],[-114.22366,34.18546],[-114.22345,34.18418],[-114.22454,34.18302],[-114.25775,34.16881],[-114.2749,34.16188],[-114.27637,34.16169],[-114.27768,34.16136]]}},{"type":"Feature","properties":{"id":"309426","type":"AC; OVERHEAD","status":"IN SERVICE","owner":"ARIZONA PUBLIC SERVICE COMPANY","voltage":230,"voltClass":"220-287"},"geometry":{"type":"LineString","coordinates":[[-112.50028,33.41223],[-112.51048,33.41182],[-112.52456,33.41948],[-112.53584,33.41954],[-112.59247,33.43679]]}},{"type":"Feature","properties":{"id":"309451","type":"AC; OVERHEAD","status":"IN SERVICE","owner":"TUCSON ELECTRIC POWER COMPANY","voltage":138,"voltClass":"100-161"},"geometry":{"type":"LineString","coordinates":[[-110.77178,32.18871],[-110.77253,32.18826],[-110.77252,32.18603],[-110.77253,32.18347],[-110.77253,32.18138],[-110.77253,32.17941],[-110.77253,32.1753],[-110.77253,32.17292],[-110.77252,32.16782],[-110.7725,32.16547],[-110.77252,32.16279],[-110.77198,32.16236],[-110.77034,32.16236],[-110.76841,32.16097],[-110.76681,32.1599],[-110.76514,32.15872],[-110.76449,32.15494],[-110.75915,32.15304],[-110.75742,32.15243],[-110.75568,32.15176],[-110.75573,32.14939],[-110.75588,32.14726],[-110.75589,32.14528],[-110.75593,32.13848],[-110.75598,32.13166],[-110.75602,32.12558],[-110.75607,32.11861],[-110.7559,32.11622],[-110.75581,32.11409],[-110.75588,32.10762],[-110.75598,32.0974],[-110.75605,32.08674],[-110.75612,32.07743],[-110.75722,32.07577],[-110.7572,32.06835],[-110.75889,32.06696],[-110.76371,32.06328],[-110.76868,32.05939],[-110.77045,32.05799],[-110.77248,32.05641],[-110.76809,32.05357],[-110.76101,32.04901],[-110.7535,32.04416],[-110.74591,32.03922],[-110.73864,32.03456],[-110.73104,32.02965],[-110.726,32.03475],[-110.72191,32.03473],[-110.7219,32.03512]]}},{"type":"Feature","properties":{"id":"309454","type":"AC; OVERHEAD","status":"IN SERVICE","owner":null,"voltage":500,"voltClass":"500"},"geometry":{"type":"LineString","coordinates":[[-113.74342,33.51747],[-113.58958,33.53317],[-113.55216,33.53657],[-113.44484,33.54355],[-113.42246,33.55869],[-113.3891,33.58138],[-113.26112,33.58143],[-113.16227,33.5815],[-113.11621,33.56733],[-113.09913,33.56515],[-113.08989,33.56394],[-113.07692,33.56555],[-113.05736,33.56247],[-113.03128,33.51573],[-113.03146,33.49339],[-113.03137,33.47449],[-113.01253,33.45689],[-112.98348,33.41407],[-112.97665,33.40379],[-112.93247,33.36369],[-112.90512,33.36368],[-112.88213,33.36368],[-112.87359,33.37293],[-112.85894,33.38127],[-112.85905,33.38473]]}},{"type":"Feature","properties":{"id":"309506","type":"AC; OVERHEAD","status":"IN SERVICE","owner":null,"voltage":230,"voltClass":"220-287"},"geometry":{"type":"LineString","coordinates":[[-112.32218,33.7066],[-112.31638,33.70481],[-112.30722,33.7046],[-112.29061,33.70495],[-112.29069,33.69928],[-112.29439,33.69302],[-112.29999,33.68381],[-112.30032,33.6774],[-112.30078,33.66943],[-112.3073,33.65997],[-112.30731,33.64887],[-112.30717,33.63401],[-112.30777,33.61246],[-112.30753,33.59353],[-112.30994,33.5844],[-112.29875,33.55989],[-112.29889,33.52951],[-112.31994,33.50066],[-112.31982,33.46901],[-112.32542,33.46406],[-112.33237,33.46411],[-112.33242,33.44821],[-112.33233,33.43371],[-112.33614,33.42702],[-112.35257,33.40842],[-112.3621,33.40674],[-112.39274,33.40674],[-112.42904,33.41735],[-112.45844,33.4175],[-112.49628,33.41754],[-112.49634,33.41291],[-112.50028,33.41223]]}},{"type":"Feature","properties":{"id":"309518","type":"AC; OVERHEAD","status":"IN SERVICE","owner":"ARIZONA PUBLIC SERVICE COMPANY","voltage":230,"voltClass":"220-287"},"geometry":{"type":"LineString","coordinates":[[-112.27263,33.63883],[-112.27271,33.63819],[-112.27385,33.63821],[-112.27774,33.63824],[-112.28097,33.63826],[-112.28426,33.63823],[-112.28769,33.6382],[-112.29017,33.63819],[-112.29353,33.63814],[-112.29523,33.63814],[-112.29689,33.63812],[-112.29867,33.63813],[-112.29996,33.63834],[-112.30133,33.63855],[-112.30239,33.63787],[-112.30244,33.63653],[-112.30251,33.63537],[-112.30252,33.6351],[-112.30678,33.63513],[-112.30693,33.63856],[-112.32703,33.63859],[-112.32994,33.63841],[-112.33494,33.63841],[-112.33807,33.63856],[-112.34235,33.63854],[-112.34241,33.63618],[-112.34353,33.63556]]}},{"type":"Feature","properties":{"id":"309528","type":"AC; OVERHEAD","status":"IN SERVICE","owner":null,"voltage":230,"voltClass":"220-287"},"geometry":{"type":"LineString","coordinates":[[-112.50028,33.41223],[-112.4846,33.41041],[-112.45467,33.39683],[-112.42553,33.3952],[-112.41037,33.39708],[-112.3693,33.40127],[-112.36152,33.40207],[-112.35018,33.40198],[-112.32499,33.4018],[-112.31884,33.40749],[-112.31716,33.40989]]}},{"type":"Feature","properties":{"id":"309558","type":"AC; OVERHEAD","status":"IN SERVICE","owner":null,"voltage":115,"voltClass":"100-161"},"geometry":{"type":"LineString","coordinates":[[-110.97573,33.14679],[-110.97449,33.14427],[-110.97131,33.13217],[-110.97377,33.1195],[-110.97144,33.11781],[-110.96197,33.11372],[-110.93765,33.09532],[-110.92452,33.0772],[-110.89953,33.05411],[-110.8996,33.05357]]}},{"type":"Feature","properties":{"id":"309566","type":"AC; OVERHEAD","status":"IN SERVICE","owner":null,"voltage":230,"voltClass":"220-287"},"geometry":{"type":"LineString","coordinates":[[-114.74302,36.01836],[-114.75417,36.01525],[-114.76138,36.01261],[-114.77114,36.00967],[-114.78041,36.00684],[-114.78521,36.00514],[-114.78703,36.00376],[-114.78902,35.99766],[-114.80003,35.97018],[-114.81445,35.94325],[-114.81991,35.93201],[-114.8274,35.92979],[-114.83474,35.92781]]}},{"type":"Feature","properties":{"id":"312734","type":"AC; OVERHEAD","status":"IN SERVICE","owner":"ARIZONA PUBLIC SERVICE COMPANY","voltage":230,"voltClass":"220-287"},"geometry":{"type":"LineString","coordinates":[[-111.77501,32.88556],[-111.77644,32.88592],[-111.77851,32.88644],[-111.78385,32.88791],[-111.78757,32.88884],[-111.7876,32.89098],[-111.7876,32.8931],[-111.78761,32.89485],[-111.78954,32.89601],[-111.79142,32.8972],[-111.79145,32.90042],[-111.79144,32.90364],[-111.79091,32.90385]]}},{"type":"Feature","properties":{"id":"312739","type":"AC; OVERHEAD","status":"IN SERVICE","owner":null,"voltage":115,"voltClass":"100-161"},"geometry":{"type":"LineString","coordinates":[[-110.86739,33.39968],[-110.86668,33.39909],[-110.86548,33.39595],[-110.8641,33.39432],[-110.86319,33.39342],[-110.85995,33.39461],[-110.85591,33.39607],[-110.85458,33.39656],[-110.84886,33.39864],[-110.84463,33.40001],[-110.84171,33.40095],[-110.83912,33.4018],[-110.83562,33.40292],[-110.83342,33.40362],[-110.83043,33.40405],[-110.82822,33.40411],[-110.82495,33.40413],[-110.8226,33.40432],[-110.82178,33.40375]]}},{"type":"Feature","properties":{"id":"312820","type":"AC; OVERHEAD","status":"IN SERVICE","owner":"TUCSON ELECTRIC POWER COMPANY","voltage":138,"voltClass":"100-161"},"geometry":{"type":"LineString","coordinates":[[-110.83842,32.22933],[-110.83785,32.22878],[-110.83783,32.22842],[-110.83692,32.22841],[-110.83612,32.22842],[-110.83529,32.22841],[-110.833,32.22841],[-110.83148,32.2284],[-110.82876,32.22839],[-110.82744,32.22839],[-110.82422,32.22836],[-110.82366,32.22837],[-110.82365,32.22724],[-110.82365,32.22606],[-110.82366,32.22489],[-110.82366,32.22373],[-110.82366,32.22131],[-110.82366,32.22011],[-110.82366,32.2189],[-110.82367,32.21777],[-110.82367,32.21663],[-110.82367,32.21306],[-110.82367,32.21192],[-110.82367,32.2108],[-110.82367,32.20944],[-110.82368,32.20813],[-110.82367,32.20676],[-110.82369,32.20554],[-110.82369,32.20337],[-110.82368,32.20131],[-110.82369,32.19924],[-110.82368,32.19797],[-110.82371,32.19691],[-110.82367,32.19555],[-110.82367,32.19456],[-110.82369,32.19355],[-110.8237,32.19251],[-110.8237,32.1912],[-110.82369,32.18993],[-110.82371,32.18938],[-110.82298,32.18933]]}},{"type":"Feature","properties":{"id":"312872","type":"AC; OVERHEAD","status":"IN SERVICE","owner":null,"voltage":230,"voltClass":"220-287"},"geometry":{"type":"LineString","coordinates":[[-109.60459,32.87502],[-109.60341,32.87502],[-109.59902,32.89174],[-109.57729,32.86572],[-109.57658,32.86558],[-109.56712,32.85244],[-109.4705,32.85283],[-109.45676,32.85707],[-109.44413,32.86709],[-109.40545,32.87867],[-109.40539,32.88907],[-109.39054,32.89946],[-109.36452,32.94048],[-109.28684,32.93891],[-109.27786,32.96048],[-109.27403,32.98614],[-109.27514,32.98854]]}},{"type":"Feature","properties":{"id":"312890","type":"AC; OVERHEAD","status":"IN SERVICE","owner":null,"voltage":230,"voltClass":"220-287"},"geometry":{"type":"LineString","coordinates":[[-111.46998,33.14928],[-111.47566,33.14738],[-111.49779,33.13292],[-111.49734,33.13013],[-111.471,33.10311],[-111.4703,33.10089],[-111.45929,33.08922],[-111.43833,33.06656],[-111.43635,33.06272],[-111.43719,33.06036],[-111.43709,33.05672],[-111.4379,33.05482],[-111.43768,33.03931],[-111.43891,33.02891],[-111.43828,33.01456],[-111.43835,32.98822],[-111.43797,32.97346],[-111.43897,32.97113],[-111.43893,32.96878],[-111.44192,32.96632],[-111.44461,32.95995],[-111.44789,32.95405],[-111.45038,32.95067],[-111.45068,32.94696],[-111.45215,32.94491],[-111.50978,32.94469],[-111.50985,32.92744],[-111.51102,32.92547],[-111.51112,32.92347],[-111.50995,32.92176],[-111.51002,32.91636],[-111.50871,32.91623]]}},{"type":"Feature","properties":{"id":"312911","type":"AC; OVERHEAD","status":"IN SERVICE","owner":"ARIZONA PUBLIC SERVICE COMPANY","voltage":230,"voltClass":"220-287"},"geometry":{"type":"LineString","coordinates":[[-111.94055,33.70292],[-111.94234,33.71067],[-111.99588,33.77186],[-111.99631,33.77184]]}},{"type":"Feature","properties":{"id":"312917","type":"AC; OVERHEAD","status":"IN SERVICE","owner":"IMPERIAL IRRIGATION DISTRICT","voltage":161,"voltClass":"100-161"},"geometry":{"type":"LineString","coordinates":[[-115.21779,32.70607],[-115.21788,32.70469],[-115.21786,32.69434],[-115.0867,32.69437],[-115.08668,32.70472],[-115.06781,32.70453],[-114.9498,32.70453],[-114.92828,32.70593],[-114.91502,32.71642],[-114.90737,32.72823],[-114.90352,32.73089],[-114.88241,32.73887],[-114.87499,32.74635],[-114.86672,32.74769],[-114.86539,32.74945],[-114.80717,32.74394],[-114.75502,32.74358],[-114.73717,32.74216],[-114.72596,32.74129],[-114.72599,32.73983],[-114.72215,32.73888],[-114.71908,32.73832],[-114.71816,32.74001],[-114.71533,32.73725],[-114.71274,32.73647]]}},{"type":"Feature","properties":{"id":"312922","type":"AC; OVERHEAD","status":"IN SERVICE","owner":"SALT RIVER PROJECT","voltage":230,"voltClass":"220-287"},"geometry":{"type":"LineString","coordinates":[[-111.74851,33.32997],[-111.7474,33.33593],[-111.74752,33.35893],[-111.74824,33.37475],[-111.74561,33.37936],[-111.74541,33.39159],[-111.74535,33.40636],[-111.74945,33.41298],[-111.75247,33.41725],[-111.75869,33.42597],[-111.68636,33.42618],[-111.67629,33.42645],[-111.67479,33.42689]]}},{"type":"Feature","properties":{"id":"313011","type":"AC; OVERHEAD","status":"IN SERVICE","owner":null,"voltage":230,"voltClass":"220-287"},"geometry":{"type":"LineString","coordinates":[[-111.59035,32.92987],[-111.59326,32.93088],[-111.59324,32.94804],[-111.59673,32.95294],[-111.59663,32.97982],[-111.59065,32.98501],[-111.6089,32.98541],[-111.61882,32.98537],[-111.61884,32.98212],[-111.64441,32.98206],[-111.66669,32.9783],[-111.67633,32.98811],[-111.68426,32.99807],[-111.72448,32.99673],[-111.73514,32.99746],[-111.74173,32.99674],[-111.76125,32.99662],[-111.79674,33.03091],[-111.84268,33.03195],[-111.89019,33.02953],[-111.91263,33.02912],[-111.92753,33.02843],[-111.99633,33.02846],[-111.99632,33.04509],[-112.01328,33.07193],[-112.01328,33.13714],[-111.99608,33.14682],[-111.99608,33.24508],[-111.99679,33.24927]]}},{"type":"Feature","properties":{"id":"313020","type":"AC; OVERHEAD","status":"IN SERVICE","owner":"TUCSON ELECTRIC POWER COMPANY","voltage":345,"voltClass":"345"},"geometry":{"type":"LineString","coordinates":[[-110.81314,32.06998],[-110.8152,32.07007],[-110.81725,32.07],[-110.81733,32.06391],[-110.8173,32.06089],[-110.81731,32.05766],[-110.81732,32.05153],[-110.81731,32.0454],[-110.81733,32.04237],[-110.81734,32.03729],[-110.81736,32.03229],[-110.81734,32.02997],[-110.82716,32.02994],[-110.83426,32.0299],[-110.84152,32.02994],[-110.84849,32.02998],[-110.85187,32.02994],[-110.86065,32.02998],[-110.86423,32.02993],[-110.8679,32.02998],[-110.87143,32.02991],[-110.87862,32.02994],[-110.88542,32.02991],[-110.8889,32.02998],[-110.89246,32.02996],[-110.89962,32.03005],[-110.9031,32.03008],[-110.91008,32.03016],[-110.91353,32.03019],[-110.91704,32.03018],[-110.92023,32.03019],[-110.92614,32.03023],[-110.92606,32.02526],[-110.92599,32.01882],[-110.92596,32.01582],[-110.92601,32.01284],[-110.92609,32.00696],[-110.9261,31.99929],[-110.93366,31.99929],[-110.94036,31.99931],[-110.94688,31.99931],[-110.95027,31.99927],[-110.95849,31.99921],[-110.96197,31.99915],[-110.96495,31.99919],[-110.96543,31.99873],[-110.96729,31.99775]]}},{"type":"Feature","properties":{"id":"313021","type":"AC; OVERHEAD","status":"IN SERVICE","owner":null,"voltage":500,"voltClass":"500"},"geometry":{"type":"LineString","coordinates":[[-111.03738,33.33916],[-111.03358,33.34136],[-111.02781,33.351],[-111.01181,33.36234],[-111.00116,33.39441],[-111.00078,33.40959],[-111.00027,33.43364],[-111.00859,33.44372],[-111.00312,33.45347],[-110.99772,33.45608],[-110.99166,33.45706],[-110.97307,33.46014],[-110.95522,33.46843],[-110.93229,33.49306],[-110.92987,33.51174],[-110.93965,33.52694],[-110.9418,33.55519],[-110.93861,33.59647],[-110.9265,33.6168],[-110.92356,33.62528],[-110.92182,33.6316],[-110.91102,33.64907],[-110.89264,33.66855],[-110.88312,33.67951],[-110.8459,33.68528],[-110.82468,33.70541],[-110.80694,33.73],[-110.80352,33.77129],[-110.79992,33.82075],[-110.80492,33.84295],[-110.81404,33.87648],[-110.81823,33.92687],[-110.78458,34.00651],[-110.78586,34.09389],[-110.78621,34.10561],[-110.78763,34.12946],[-110.81525,34.16513],[-110.8287,34.23158],[-110.84864,34.25636],[-110.83874,34.27417],[-110.83204,34.31263],[-110.83609,34.33229],[-110.82256,34.38108],[-110.8097,34.38955],[-110.75301,34.43877],[-110.74291,34.46475],[-110.70139,34.55328],[-110.70092,34.59345],[-110.68779,34.59948],[-110.65063,34.59968],[-110.61728,34.58808],[-110.57424,34.58877],[-110.5685,34.59639],[-110.50637,34.59642],[-110.47932,34.59472],[-110.32878,34.59521],[-110.2328,34.63593],[-110.10715,34.63352],[-110.0507,34.63243],[-109.93812,34.61374],[-109.88658,34.60543],[-109.84676,34.60257],[-109.74542,34.5801],[-109.67017,34.56264],[-109.60101,34.54652],[-109.4464,34.554],[-109.36189,34.57684],[-109.28592,34.57653],[-109.27746,34.57714]]}},{"type":"Feature","properties":{"id":"313070","type":"AC; OVERHEAD","status":"IN SERVICE","owner":null,"voltage":230,"voltClass":"220-287"},"geometry":{"type":"LineString","coordinates":[[-112.21872,33.55703],[-112.2183,33.55957],[-112.21175,33.55976],[-112.21175,33.56718],[-112.20309,33.5673],[-112.20289,33.59636],[-112.19946,33.59633],[-112.1753,33.59646],[-112.17136,33.59652],[-112.16839,33.59555],[-112.16687,33.59491],[-112.16626,33.59311],[-112.16349,33.58981],[-112.16133,33.58887],[-112.15973,33.58804],[-112.15844,33.587],[-112.15752,33.58572],[-112.15646,33.58447],[-112.15327,33.58305],[-112.15172,33.58235],[-112.13816,33.57368],[-112.12904,33.5705],[-112.12688,33.57035],[-112.12254,33.57042],[-112.11659,33.57145],[-112.10897,33.57154]]}},{"type":"Feature","properties":{"id":"313097","type":"AC; OVERHEAD","status":"IN SERVICE","owner":"NEVADA POWER COMPANY","voltage":230,"voltClass":"220-287"},"geometry":{"type":"LineString","coordinates":[[-114.91838,36.02206],[-114.91583,36.01959],[-114.91315,36.02002],[-114.8942,36.01896],[-114.88024,36.01748],[-114.86128,36.0131],[-114.85486,36.01578],[-114.81743,36.01766],[-114.81337,36.02241],[-114.8092,36.02808],[-114.8095,36.03529],[-114.81652,36.04265],[-114.82397,36.04848],[-114.82591,36.04999],[-114.82641,36.05184],[-114.82707,36.05412],[-114.82954,36.05695],[-114.82983,36.06066],[-114.83008,36.06397],[-114.83128,36.06445]]}},{"type":"Feature","properties":{"id":"313113","type":"AC; OVERHEAD","status":"IN SERVICE","owner":null,"voltage":138,"voltClass":"100-161"},"geometry":{"type":"LineString","coordinates":[[-111.12633,32.40106],[-111.12532,32.40123],[-111.12277,32.40271],[-111.12283,32.40663],[-111.12283,32.41265],[-111.12286,32.41841],[-111.12291,32.42417],[-111.1229,32.43005],[-111.13052,32.43528],[-111.13734,32.44],[-111.14276,32.44372],[-111.14647,32.44628],[-111.15302,32.45077],[-111.15961,32.45533],[-111.16326,32.45783],[-111.16718,32.46053],[-111.17098,32.46312],[-111.17947,32.46898],[-111.18498,32.47277],[-111.19195,32.47756],[-111.19979,32.48298],[-111.20535,32.48681],[-111.21046,32.49031],[-111.21772,32.49527],[-111.22117,32.49766],[-111.22604,32.50097],[-111.22761,32.50203],[-111.23227,32.50592],[-111.23572,32.50881],[-111.24056,32.51282],[-111.2437,32.5155],[-111.24969,32.51856],[-111.25948,32.52354],[-111.26322,32.52539],[-111.27208,32.53101],[-111.27575,32.53332],[-111.2832,32.53797],[-111.28519,32.53941],[-111.28524,32.54262],[-111.28518,32.54346]]}},{"type":"Feature","properties":{"id":"313207","type":"AC; OVERHEAD","status":"IN SERVICE","owner":"IMPERIAL IRRIGATION DISTRICT","voltage":161,"voltClass":"100-161"},"geometry":{"type":"LineString","coordinates":[[-114.74864,32.76036],[-114.74889,32.75903],[-114.73582,32.75575],[-114.7141,32.75015],[-114.71372,32.74669],[-114.71108,32.73701],[-114.71274,32.73647]]}},{"type":"Feature","properties":{"id":"313237","type":"AC; OVERHEAD","status":"IN SERVICE","owner":"TUCSON ELECTRIC POWER COMPANY","voltage":138,"voltClass":"100-161"},"geometry":{"type":"LineString","coordinates":[[-110.90668,32.15995],[-110.90796,32.16335],[-110.90796,32.16457],[-110.90807,32.16904],[-110.90812,32.1719],[-110.90821,32.17515],[-110.90828,32.17847],[-110.9083,32.18044],[-110.90835,32.18256],[-110.90838,32.18366],[-110.90839,32.18489],[-110.90856,32.18734],[-110.90878,32.18978],[-110.9089,32.19108],[-110.90909,32.19371],[-110.9092,32.19498],[-110.90929,32.19621],[-110.90929,32.19763],[-110.90931,32.19834],[-110.90933,32.19915],[-110.90935,32.19994],[-110.90934,32.20074],[-110.90936,32.20156],[-110.9094,32.20252],[-110.90942,32.20344],[-110.90943,32.20437],[-110.90943,32.20512],[-110.90945,32.20594],[-110.90945,32.20684],[-110.90946,32.20726],[-110.90785,32.20721],[-110.90542,32.2072],[-110.9042,32.20719],[-110.90325,32.20719],[-110.90212,32.2072],[-110.90109,32.2072],[-110.90102,32.20807],[-110.90101,32.20877],[-110.89992,32.20887],[-110.89885,32.20896],[-110.89872,32.20875]]}},{"type":"Feature","properties":{"id":"313268","type":"AC; OVERHEAD","status":"IN SERVICE","owner":null,"voltage":230,"voltClass":"220-287"},"geometry":{"type":"LineString","coordinates":[[-112.50028,33.41223],[-112.4962,33.41282],[-112.49616,33.4174],[-112.45843,33.41739],[-112.42914,33.41723],[-112.39271,33.40663],[-112.36204,33.40665],[-112.35083,33.40865],[-112.31976,33.41346],[-112.27727,33.41375],[-112.25563,33.4139],[-112.23869,33.41596],[-112.20771,33.41577],[-112.19091,33.41539],[-112.18078,33.41544],[-112.16074,33.41573],[-112.16068,33.43168],[-112.1606,33.44021],[-112.15346,33.44025],[-112.15341,33.44124]]}},{"type":"Feature","properties":{"id":"313883","type":"AC; OVERHEAD","status":null,"owner":"ARIZONA PUBLIC SERVICE COMPANY","voltage":238,"voltClass":"220-287"},"geometry":{"type":"LineString","coordinates":[[-112.67632,33.1448],[-112.67649,33.14442],[-112.67477,33.13678],[-112.67265,33.13074],[-112.66686,33.11276],[-112.66591,33.04384],[-112.66626,33.04326]]}},{"type":"Feature","properties":{"id":"311511","type":"AC; OVERHEAD","status":"IN SERVICE","owner":"TUCSON ELECTRIC POWER COMPANY","voltage":138,"voltClass":"100-161"},"geometry":{"type":"LineString","coordinates":[[-110.91655,32.26981],[-110.9169,32.27121],[-110.91473,32.27126],[-110.91117,32.27172],[-110.9075,32.27223],[-110.90187,32.27415],[-110.89564,32.27417],[-110.89047,32.2722],[-110.88191,32.26889],[-110.87708,32.2688],[-110.87535,32.26821],[-110.87305,32.26748],[-110.87143,32.26694],[-110.86846,32.26313],[-110.86549,32.25932],[-110.86453,32.25804],[-110.8565,32.25309],[-110.85412,32.25156],[-110.84919,32.24939],[-110.84753,32.24862],[-110.84636,32.24731],[-110.84406,32.24464],[-110.84291,32.2433],[-110.84177,32.24204],[-110.84112,32.2412],[-110.83856,32.23818],[-110.8349,32.23399],[-110.83267,32.23138],[-110.83257,32.22899],[-110.83578,32.22898],[-110.83733,32.229],[-110.83842,32.22933]]}},{"type":"Feature","properties":{"id":"311515","type":"AC; OVERHEAD","status":"IN SERVICE","owner":null,"voltage":161,"voltClass":"100-161"},"geometry":{"type":"LineString","coordinates":[[-114.46948,32.68428],[-114.46992,32.68784],[-114.47017,32.70694],[-114.47018,32.73042],[-114.48861,32.74368],[-114.48834,32.74685],[-114.49194,32.74929],[-114.49548,32.7487],[-114.50631,32.75655],[-114.54683,32.76407],[-114.61399,32.76022],[-114.63946,32.76032],[-114.72054,32.76065],[-114.74849,32.76072],[-114.74864,32.76036]]}},{"type":"Feature","properties":{"id":"311580","type":"AC; OVERHEAD","status":"IN SERVICE","owner":"TRICO ELECTRIC COOPERATIVE","voltage":115,"voltClass":"100-161"},"geometry":{"type":"LineString","coordinates":[[-111.30368,32.44594],[-111.30454,32.44594],[-111.30454,32.44227],[-111.30453,32.44011],[-111.30453,32.43816],[-111.30452,32.43288],[-111.30452,32.42891],[-111.30452,32.42285],[-111.30449,32.41877],[-111.30446,32.41267],[-111.30445,32.40751],[-111.30444,32.40138],[-111.30444,32.39731],[-111.30444,32.3936],[-111.30443,32.39093],[-111.30441,32.38746],[-111.30443,32.38365],[-111.30443,32.37985],[-111.30442,32.37795],[-111.30443,32.37411],[-111.30444,32.37027],[-111.30434,32.3683],[-111.30426,32.36633],[-111.30422,32.36423],[-111.30421,32.36065],[-111.30422,32.35884],[-111.3042,32.35693],[-111.30424,32.35518],[-111.30422,32.35334],[-111.30419,32.35149],[-111.30422,32.34985],[-111.30411,32.3478],[-111.30402,32.34578],[-111.30392,32.34371],[-111.30392,32.33806],[-111.3039,32.33615],[-111.3039,32.33428],[-111.30392,32.32849],[-111.30391,32.32653],[-111.30391,32.32474],[-111.30394,32.32239],[-111.30402,32.32061],[-111.30409,32.31979],[-111.30314,32.31974]]}},{"type":"Feature","properties":{"id":"311549","type":"AC; OVERHEAD","status":"IN SERVICE","owner":null,"voltage":115,"voltClass":"100-161"},"geometry":{"type":"LineString","coordinates":[[-111.42222,33.00774],[-111.42237,33.00694],[-111.4085,33.00705],[-111.40172,32.99818],[-111.38324,32.97413],[-111.37802,32.96729],[-111.37084,32.95789],[-111.35884,32.95275],[-111.34682,32.94756],[-111.31372,32.93324],[-111.30539,32.9297],[-111.29378,32.91751],[-111.2849,32.90822],[-111.27853,32.90159],[-111.26939,32.89204],[-111.25919,32.88138],[-111.25401,32.87599],[-111.24316,32.86464],[-111.23293,32.85392],[-111.22658,32.84728],[-111.21816,32.83848],[-111.21181,32.83184],[-111.20573,32.82549],[-111.20043,32.81995],[-111.19287,32.81202],[-111.18671,32.80557],[-111.17886,32.79735],[-111.1764,32.79479],[-111.17247,32.79065],[-111.16693,32.78487],[-111.16242,32.78016],[-111.15842,32.77626],[-111.15485,32.77277],[-111.15226,32.77025],[-111.14854,32.76661],[-111.14203,32.76026],[-111.13106,32.74957],[-111.12858,32.74713],[-111.12516,32.74321],[-111.11948,32.73665],[-111.10917,32.72487],[-111.10029,32.71474],[-111.09388,32.70749],[-111.08774,32.70053],[-111.08226,32.69434],[-111.07757,32.68923],[-111.07369,32.685],[-111.07014,32.68112],[-111.06644,32.67709],[-111.06417,32.67461],[-111.06042,32.67049],[-111.04883,32.66023],[-111.04609,32.65779],[-111.03869,32.65127],[-111.03455,32.64759],[-111.02736,32.64123],[-111.02622,32.64024],[-111.02412,32.63835],[-111.02297,32.63736],[-111.02096,32.63556],[-111.01884,32.6337],[-111.01698,32.63204],[-111.0157,32.63089],[-111.01408,32.62949],[-111.01097,32.6267],[-111.00951,32.62543],[-111.00779,32.62391],[-111.00482,32.62128],[-111.00327,32.6199],[-111.00038,32.61733],[-110.99879,32.61591],[-110.99724,32.61456],[-110.99498,32.61256],[-110.99227,32.61015],[-110.9907,32.60877],[-110.98891,32.60718],[-110.98712,32.60562],[-110.98545,32.60412],[-110.98394,32.60277],[-110.98233,32.60134],[-110.98258,32.60115]]}},{"type":"Feature","properties":{"id":"311608","type":"AC; OVERHEAD","status":"IN SERVICE","owner":"ARIZONA PUBLIC SERVICE COMPANY","voltage":500,"voltClass":"500"},"geometry":{"type":"LineString","coordinates":[[-112.32631,33.70565],[-112.32597,33.70448],[-112.32597,33.70406],[-112.32594,33.70352],[-112.32592,33.70058],[-112.35871,33.70022],[-112.38919,33.6929],[-112.39276,33.69143],[-112.40495,33.68604],[-112.4118,33.68344],[-112.4241,33.67977],[-112.43519,33.67699],[-112.44413,33.67416],[-112.56515,33.6742],[-112.64025,33.6744],[-112.67832,33.6326],[-112.6783,33.57177],[-112.67848,33.53002],[-112.67827,33.50766],[-112.70303,33.48508],[-112.72776,33.46255],[-112.74006,33.45131],[-112.75365,33.43891],[-112.7697,33.42422],[-112.7856,33.40972],[-112.78884,33.40677],[-112.80727,33.39448],[-112.82539,33.38244],[-112.84855,33.38243],[-112.85253,33.38243],[-112.85642,33.38423],[-112.85905,33.38473]]}},{"type":"Feature","properties":{"id":"311635","type":"AC; OVERHEAD","status":"IN SERVICE","owner":"GRAHAM COUNTY ELECTRIC COOPERATIVE INCORPORATED","voltage":230,"voltClass":"220-287"},"geometry":{"type":"LineString","coordinates":[[-109.62348,32.77423],[-109.60508,32.80235],[-109.60538,32.82942],[-109.60891,32.83405],[-109.6083,32.84122],[-109.60505,32.84668],[-109.60503,32.86742],[-109.60389,32.87317],[-109.60459,32.87502]]}},{"type":"Feature","properties":{"id":"311643","type":"AC; OVERHEAD","status":"IN SERVICE","owner":"ARIZONA PUBLIC SERVICE COMPANY","voltage":230,"voltClass":"220-287"},"geometry":{"type":"LineString","coordinates":[[-111.93727,33.70245],[-111.94282,33.70155],[-111.95989,33.70952],[-111.99642,33.70943],[-111.99642,33.70835],[-111.99633,33.68676],[-111.99622,33.66987],[-111.99372,33.66912]]}},{"type":"Feature","properties":{"id":"311695","type":"AC; OVERHEAD","status":"IN SERVICE","owner":null,"voltage":230,"voltClass":"220-287"},"geometry":{"type":"LineString","coordinates":[[-114.56594,35.1947],[-114.56564,35.194],[-114.56505,35.19357],[-114.56261,35.1918],[-114.55911,35.19086],[-114.53049,35.18996],[-114.4692,35.18818],[-114.44492,35.18749],[-114.44215,35.18405],[-114.40981,35.17966],[-114.38212,35.17623],[-114.34918,35.17256],[-114.32374,35.16972],[-114.28694,35.1656],[-114.264,35.16286],[-114.22447,35.15855],[-114.16298,35.15166],[-114.12326,35.14716],[-114.10068,35.14109],[-114.08923,35.13801],[-114.08625,35.13834]]}},{"type":"Feature","properties":{"id":"311743","type":"AC; OVERHEAD","status":"IN SERVICE","owner":"ARIZONA PUBLIC SERVICE COMPANY","voltage":500,"voltClass":"500"},"geometry":{"type":"LineString","coordinates":[[-112.85208,33.34585],[-112.85649,33.3453],[-112.85798,33.3492],[-112.85731,33.35105],[-112.85014,33.37054],[-112.85017,33.37863],[-112.85431,33.38089],[-112.85777,33.38273],[-112.85905,33.38473]]}},{"type":"Feature","properties":{"id":"311759","type":"AC; OVERHEAD","status":"IN SERVICE","owner":null,"voltage":230,"voltClass":"220-287"},"geometry":{"type":"LineString","coordinates":[[-114.74302,36.01836],[-114.75006,36.01487],[-114.75233,36.01315],[-114.78005,36.003],[-114.78272,36.00196],[-114.78517,35.99928],[-114.78644,35.99484],[-114.78799,35.99067],[-114.79166,35.98304],[-114.79947,35.96732],[-114.81361,35.93899],[-114.82155,35.92294],[-114.83474,35.92781]]}},{"type":"Feature","properties":{"id":"311766","type":"AC; OVERHEAD","status":"IN SERVICE","owner":null,"voltage":230,"voltClass":"220-287"},"geometry":{"type":"LineString","coordinates":[[-111.94143,33.48373],[-111.94301,33.48222],[-111.94288,33.48052],[-111.94052,33.47823],[-111.93999,33.47718],[-111.93853,33.47235],[-111.93826,33.46687],[-111.93936,33.4638],[-111.94053,33.46264],[-111.94125,33.46125],[-111.94163,33.45893],[-111.94161,33.45649],[-111.94276,33.45497],[-111.9401,33.44993],[-111.93984,33.44583],[-111.93617,33.4365],[-111.93595,33.43457],[-111.93054,33.43517],[-111.91631,33.43551],[-111.91497,33.43684],[-111.91289,33.43688],[-111.9104,33.43716],[-111.90165,33.43728],[-111.89394,33.43887],[-111.88687,33.44231],[-111.87314,33.44855],[-111.85331,33.45734],[-111.84584,33.46168],[-111.83383,33.47201],[-111.82582,33.48061],[-111.81437,33.4878],[-111.81154,33.49022],[-111.80202,33.49681],[-111.80088,33.49925],[-111.80085,33.50965],[-111.80085,33.54782],[-111.83043,33.58182],[-111.85686,33.61216],[-111.86045,33.61626],[-111.87174,33.62913],[-111.87423,33.63198],[-111.87678,33.63496],[-111.88179,33.64066],[-111.9318,33.69823],[-111.93925,33.69817],[-111.94074,33.7002]]}},{"type":"Feature","properties":{"id":"312239","type":"AC; OVERHEAD","status":"IN SERVICE","owner":"ARIZONA PUBLIC SERVICE COMPANY","voltage":230,"voltClass":"220-287"},"geometry":{"type":"LineString","coordinates":[[-111.94074,33.7002],[-111.93906,33.70109],[-111.93727,33.70245]]}},{"type":"Feature","properties":{"id":"311799","type":"AC; OVERHEAD","status":"IN SERVICE","owner":null,"voltage":500,"voltClass":"500"},"geometry":{"type":"LineString","coordinates":[[-110.13454,34.63614],[-110.13204,34.63435],[-110.05066,34.63275],[-109.92713,34.61235],[-109.88655,34.60583],[-109.8467,34.60293],[-109.74533,34.58044],[-109.66979,34.56324],[-109.60081,34.54705],[-109.44647,34.55434],[-109.36181,34.57739],[-109.27746,34.57714]]}},{"type":"Feature","properties":{"id":"311916","type":"AC; OVERHEAD","status":"IN SERVICE","owner":"SALT RIVER PROJECT","voltage":230,"voltClass":"220-287"},"geometry":{"type":"LineString","coordinates":[[-112.18771,33.42011],[-112.18803,33.41903],[-112.18808,33.40817],[-112.1864,33.40789],[-112.18561,33.39561],[-112.18512,33.37725],[-112.16101,33.37735],[-112.15009,33.37738],[-112.14795,33.37766],[-112.13504,33.37773],[-112.13291,33.37744],[-112.1032,33.37752],[-112.08525,33.37745],[-112.08487,33.37692]]}},{"type":"Feature","properties":{"id":"311950","type":"AC; OVERHEAD","status":"IN SERVICE","owner":"TUCSON ELECTRIC POWER COMPANY","voltage":138,"voltClass":"100-161"},"geometry":{"type":"LineString","coordinates":[[-110.83842,32.22933],[-110.8378,32.22885],[-110.8373,32.2286],[-110.83579,32.22861],[-110.83426,32.22864],[-110.83241,32.22857],[-110.83209,32.23031],[-110.83256,32.23242],[-110.83256,32.23539],[-110.82955,32.23538],[-110.82657,32.23537],[-110.82349,32.23537],[-110.82199,32.23535],[-110.82033,32.23533],[-110.81871,32.23534],[-110.81699,32.23532],[-110.81545,32.23533],[-110.81379,32.23529],[-110.81213,32.2353],[-110.81059,32.23525],[-110.80892,32.23525],[-110.80727,32.23523],[-110.80613,32.23525],[-110.80487,32.23525],[-110.80324,32.23525],[-110.80152,32.23526],[-110.79983,32.2353],[-110.79812,32.23533],[-110.7966,32.23532],[-110.79491,32.23533],[-110.79344,32.23534],[-110.79183,32.23531],[-110.79022,32.23528],[-110.78859,32.23528],[-110.78706,32.23529],[-110.78536,32.2353],[-110.78355,32.2353],[-110.78207,32.23529],[-110.78031,32.2353],[-110.77845,32.23532],[-110.77694,32.23529],[-110.77561,32.23528],[-110.77394,32.23527],[-110.77258,32.23531],[-110.76819,32.23532],[-110.7639,32.23533],[-110.75976,32.23531],[-110.75552,32.2353],[-110.75557,32.23912],[-110.75557,32.24035],[-110.75555,32.24152],[-110.75573,32.24271],[-110.75573,32.24392],[-110.75576,32.24531],[-110.75577,32.24642],[-110.75573,32.24884],[-110.75574,32.25111],[-110.75151,32.25119],[-110.75152,32.25319],[-110.75159,32.25404]]}},{"type":"Feature","properties":{"id":"311952","type":"AC; OVERHEAD","status":"IN SERVICE","owner":null,"voltage":138,"voltClass":"100-161"},"geometry":{"type":"LineString","coordinates":[[-111.12633,32.40106],[-111.12531,32.40116],[-111.12273,32.40269],[-111.1228,32.40661],[-111.1228,32.41059],[-111.1228,32.4143],[-111.12283,32.42047],[-111.12286,32.42585],[-111.12287,32.43007],[-111.12854,32.434],[-111.13367,32.43753],[-111.13897,32.44118],[-111.14466,32.4451],[-111.14986,32.44868],[-111.15428,32.45173],[-111.15785,32.4542],[-111.16152,32.45671],[-111.16508,32.45917],[-111.16895,32.46182],[-111.17241,32.46418],[-111.17716,32.46747],[-111.18319,32.47162],[-111.18843,32.47522],[-111.1919,32.47759],[-111.19568,32.48022],[-111.19976,32.48302],[-111.20532,32.48686],[-111.21039,32.49036],[-111.21575,32.49402],[-111.21956,32.49664],[-111.22427,32.49985],[-111.22755,32.50206],[-111.23224,32.50597],[-111.23567,32.50884],[-111.24049,32.51284],[-111.24369,32.51555],[-111.2497,32.51864],[-111.25354,32.52059],[-111.25945,32.5236],[-111.26318,32.52545],[-111.27023,32.52989],[-111.27571,32.53334],[-111.28317,32.538],[-111.28515,32.53941],[-111.28505,32.54084],[-111.28516,32.54262],[-111.28518,32.54346]]}},{"type":"Feature","properties":{"id":"312022","type":"AC; OVERHEAD","status":"IN SERVICE","owner":null,"voltage":345,"voltClass":"345"},"geometry":{"type":"LineString","coordinates":[[-110.30422,34.93862],[-110.30214,34.93613],[-110.30839,34.929],[-110.32841,34.91416],[-110.36923,34.88417],[-110.42526,34.84299],[-110.55849,34.74579],[-110.63422,34.69033],[-110.7008,34.63815],[-110.729,34.61602],[-110.76578,34.58721],[-110.80375,34.55745],[-110.81522,34.55549],[-110.89804,34.49176],[-110.95905,34.44507],[-111.0202,34.41043],[-111.06859,34.383],[-111.10304,34.34418],[-111.14186,34.30091],[-111.15023,34.29265],[-111.18191,34.26198]]}},{"type":"Feature","properties":{"id":"312023","type":"AC; OVERHEAD","status":"IN SERVICE","owner":null,"voltage":230,"voltClass":"220-287"},"geometry":{"type":"LineString","coordinates":[[-111.29614,32.55651],[-111.3005,32.55073],[-111.30048,32.55013],[-111.30119,32.54941],[-111.3029,32.54842],[-111.30783,32.54702],[-111.32411,32.5507],[-111.34412,32.55515],[-111.36271,32.55931],[-111.37664,32.55934],[-111.38425,32.5593],[-111.39789,32.55923],[-111.40988,32.55928],[-111.42046,32.55928],[-111.42833,32.55927],[-111.4381,32.55928],[-111.44809,32.55926],[-111.45584,32.55928],[-111.46442,32.55928],[-111.47468,32.55926],[-111.4764,32.55974],[-111.48408,32.56189],[-111.49018,32.56355],[-111.49217,32.5641],[-111.49379,32.56445],[-111.50592,32.56711],[-111.5099,32.56797],[-111.51792,32.56973],[-111.52773,32.57188],[-111.53641,32.57379],[-111.53762,32.57485],[-111.54333,32.57989],[-111.55101,32.58672],[-111.55493,32.59019],[-111.56109,32.59564],[-111.56906,32.60279],[-111.5698,32.6039]]}},{"type":"Feature","properties":{"id":"312035","type":"AC; OVERHEAD","status":"IN SERVICE","owner":"AZUSA LIGHT & POWER","voltage":161,"voltClass":"100-161"},"geometry":{"type":"LineString","coordinates":[[-114.5998,33.60624],[-114.68088,33.61212],[-114.69655,33.61031],[-114.69651,33.60221],[-114.70277,33.59551],[-114.74502,33.59558],[-114.75469,33.60786],[-114.77815,33.60753],[-114.78145,33.6131],[-114.90788,33.61295],[-114.92873,33.60658],[-114.97833,33.60664],[-114.97829,33.60536],[-114.9899,33.60536],[-114.99121,33.60665],[-115.11066,33.6071],[-115.1354,33.62144],[-115.16637,33.63924],[-115.19936,33.65832],[-115.21174,33.66549],[-115.22,33.67026],[-115.23355,33.69132],[-115.33824,33.73781],[-115.42413,33.81611],[-115.43606,33.81969],[-115.44412,33.81367],[-115.44811,33.81067],[-115.45097,33.8096]]}},{"type":"Feature","properties":{"id":"312072","type":"AC; OVERHEAD","status":"IN SERVICE","owner":"SALT RIVER PROJECT","voltage":230,"voltClass":"220-287"},"geometry":{"type":"LineString","coordinates":[[-111.67479,33.42689],[-111.6686,33.4274],[-111.59606,33.43843],[-111.52867,33.44892],[-111.51366,33.45117],[-111.51103,33.45182],[-111.50953,33.45275]]}},{"type":"Feature","properties":{"id":"312143","type":"AC; OVERHEAD","status":"IN SERVICE","owner":"SALT RIVER PROJECT","voltage":230,"voltClass":"220-287"},"geometry":{"type":"LineString","coordinates":[[-111.74851,33.32997],[-111.7475,33.32681],[-111.72315,33.31157],[-111.72173,33.31038],[-111.69678,33.29473],[-111.70449,33.28753],[-111.70589,33.28593],[-111.71051,33.27911],[-111.71453,33.27712],[-111.71738,33.27244],[-111.72252,33.26844],[-111.72608,33.26344],[-111.78149,33.26316],[-111.78231,33.26167],[-111.78667,33.25701],[-111.78748,33.25546],[-111.7872,33.24816],[-111.79644,33.24804],[-111.79839,33.24847],[-111.82916,33.24794],[-111.83177,33.24547],[-111.83362,33.24533]]}},{"type":"Feature","properties":{"id":"312153","type":"AC; OVERHEAD","status":"IN SERVICE","owner":"SALT RIVER PROJECT","voltage":115,"voltClass":"100-161"},"geometry":{"type":"LineString","coordinates":[[-111.49242,33.38662],[-111.49759,33.38867],[-111.50079,33.39545],[-111.50802,33.45229],[-111.50953,33.45275]]}},{"type":"Feature","properties":{"id":"312164","type":"AC; OVERHEAD","status":"IN SERVICE","owner":"ARIZONA PUBLIC SERVICE COMPANY","voltage":230,"voltClass":"220-287"},"geometry":{"type":"LineString","coordinates":[[-113.53803,33.94259],[-113.58445,33.96859],[-113.59079,33.97096],[-113.6988,34.00776],[-113.73013,34.01832],[-113.7972,34.04085],[-113.85145,34.06132],[-113.89535,34.0789],[-113.90679,34.08349],[-113.91084,34.08513],[-113.91424,34.08671],[-113.93509,34.09651],[-113.98179,34.11847],[-114.02447,34.13856],[-114.04185,34.14667],[-114.05173,34.16781],[-114.06371,34.19338],[-114.08707,34.2154],[-114.09994,34.22771],[-114.10175,34.24248],[-114.10317,34.24495],[-114.1062,34.25022],[-114.11919,34.25869],[-114.12662,34.27126],[-114.12947,34.27606],[-114.1302,34.27763],[-114.13388,34.28532],[-114.13611,34.28976],[-114.1417,34.29105]]}},{"type":"Feature","properties":{"id":"312178","type":"AC; OVERHEAD","status":"IN SERVICE","owner":"ARIZONA PUBLIC SERVICE COMPANY","voltage":230,"voltClass":"220-287"},"geometry":{"type":"LineString","coordinates":[[-111.93727,33.70245],[-111.94286,33.7017],[-111.95987,33.7096],[-111.99581,33.70952],[-112.02058,33.70941],[-112.0325,33.69919],[-112.04335,33.69161],[-112.04864,33.69169],[-112.04863,33.68801],[-112.05696,33.68214],[-112.05683,33.65649],[-112.05583,33.65584]]}},{"type":"Feature","properties":{"id":"312185","type":"AC; OVERHEAD","status":null,"owner":"TUCSON ELECTRIC POWER COMPANY","voltage":138,"voltClass":"100-161"},"geometry":{"type":"LineString","coordinates":[[-110.99215,32.25227],[-110.99344,32.25404]]}},{"type":"Feature","properties":{"id":"312191","type":"AC; OVERHEAD","status":"IN SERVICE","owner":null,"voltage":230,"voltClass":"220-287"},"geometry":{"type":"LineString","coordinates":[[-111.79984,33.42498],[-111.80078,33.42629],[-111.80096,33.42981],[-111.80062,33.45173],[-111.80059,33.45526],[-111.80018,33.45863],[-111.80015,33.5027],[-111.80014,33.50966],[-111.79999,33.54803],[-111.8298,33.58213],[-111.86124,33.61824],[-111.86728,33.62518],[-111.87109,33.62953],[-111.87611,33.63529],[-111.92234,33.6883],[-111.93406,33.70175],[-111.94055,33.70292]]}},{"type":"Feature","properties":{"id":"312198","type":"AC; OVERHEAD","status":"IN SERVICE","owner":"TUCSON ELECTRIC POWER COMPANY","voltage":138,"voltClass":"100-161"},"geometry":{"type":"LineString","coordinates":[[-110.94491,32.14933],[-110.94502,32.14968],[-110.94,32.14967],[-110.93441,32.14968],[-110.93059,32.15269],[-110.9268,32.15571],[-110.92485,32.1598],[-110.92225,32.15984],[-110.91681,32.15986],[-110.91247,32.15987],[-110.90976,32.1599],[-110.90774,32.15999],[-110.90668,32.15995]]}},{"type":"Feature","properties":{"id":"312302","type":"AC; OVERHEAD","status":"IN SERVICE","owner":"ARIZONA PUBLIC SERVICE COMPANY","voltage":230,"voltClass":"220-287"},"geometry":{"type":"LineString","coordinates":[[-111.56675,32.73293],[-111.56693,32.73173],[-111.5673,32.73176],[-111.56728,32.73397],[-111.5711,32.73398],[-111.57952,32.73396],[-111.58383,32.73395],[-111.58804,32.73394],[-111.59448,32.7339],[-111.59871,32.73389],[-111.60299,32.73386],[-111.60715,32.7339],[-111.6199,32.73399],[-111.6244,32.73393],[-111.6266,32.73392],[-111.63118,32.73384],[-111.6356,32.7338],[-111.63983,32.73378],[-111.64404,32.73375],[-111.65262,32.73376],[-111.65662,32.73373],[-111.66084,32.73372],[-111.66406,32.73368],[-111.68143,32.73359],[-111.6861,32.73355],[-111.69762,32.7336],[-111.70446,32.73361],[-111.70785,32.73359],[-111.71355,32.73355],[-111.71735,32.73646],[-111.72082,32.73912],[-111.72963,32.74589],[-111.7331,32.7485],[-111.73738,32.75768],[-111.73915,32.7614],[-111.7427,32.76896],[-111.74447,32.77276],[-111.74719,32.7785],[-111.74897,32.78229],[-111.75073,32.78608],[-111.75519,32.79556],[-111.75699,32.79936],[-111.76312,32.8124],[-111.76901,32.82485],[-111.77399,32.83553],[-111.77418,32.8369],[-111.77421,32.84664],[-111.77419,32.85945],[-111.77417,32.86653],[-111.77416,32.87197],[-111.77417,32.87744],[-111.77417,32.88135],[-111.77418,32.88351],[-111.77406,32.88561],[-111.77501,32.88556]]}},{"type":"Feature","properties":{"id":"312323","type":"AC; OVERHEAD","status":"IN SERVICE","owner":null,"voltage":500,"voltClass":"500"},"geometry":{"type":"LineString","coordinates":[[-112.21408,35.41209],[-112.21167,35.41275],[-112.20638,35.41759],[-112.1935,35.42957],[-112.18606,35.43652],[-112.17412,35.44561],[-112.12389,35.48316],[-112.02586,35.55688],[-111.98834,35.58464],[-111.94927,35.5967],[-111.88272,35.61922],[-111.74906,35.66427],[-111.68887,35.69374],[-111.61351,35.72917],[-111.50374,35.78067],[-111.45614,35.82826],[-111.45094,35.83247],[-111.4467,35.83268]]}},{"type":"Feature","properties":{"id":"312392","type":"AC; OVERHEAD","status":"IN SERVICE","owner":null,"voltage":138,"voltClass":"100-161"},"geometry":{"type":"LineString","coordinates":[[-114.83474,35.92781],[-114.83026,35.92997],[-114.83025,35.93505],[-114.835,35.9407],[-114.83908,35.94529],[-114.8409,35.94708],[-114.845,35.94711],[-114.84564,35.94733],[-114.84548,35.96861],[-114.84545,35.97272],[-114.84614,35.97395],[-114.84846,35.97644],[-114.84597,35.97851],[-114.83922,35.98508],[-114.83588,35.98815],[-114.8372,35.98978],[-114.8355,35.99169],[-114.82061,36.00351],[-114.81492,36.00907],[-114.8104,36.01023],[-114.80877,36.01065],[-114.80799,36.01142],[-114.80862,36.01784],[-114.809,36.02845],[-114.80925,36.03535],[-114.81631,36.04287],[-114.82566,36.05008],[-114.82695,36.05428],[-114.8294,36.05701],[-114.82996,36.06417],[-114.83128,36.06445]]}},{"type":"Feature","properties":{"id":"312421","type":"AC; OVERHEAD","status":"IN SERVICE","owner":null,"voltage":115,"voltClass":"100-161"},"geometry":{"type":"LineString","coordinates":[[-111.13066,32.16201],[-111.12946,32.16152],[-111.12917,32.16199],[-111.12646,32.16201],[-111.10737,32.162],[-111.10602,32.16205],[-111.10343,32.16205],[-111.10242,32.16206],[-111.10149,32.16219],[-111.10043,32.16244],[-111.09702,32.16432],[-111.09701,32.17182],[-111.09465,32.17189]]}},{"type":"Feature","properties":{"id":"312422","type":"AC; OVERHEAD","status":"IN SERVICE","owner":"NEVADA POWER COMPANY","voltage":500,"voltClass":"500"},"geometry":{"type":"LineString","coordinates":[[-114.5985,35.1483],[-114.59532,35.14747]]}},{"type":"Feature","properties":{"id":"312433","type":"AC; OVERHEAD","status":"IN SERVICE","owner":null,"voltage":230,"voltClass":"220-287"},"geometry":{"type":"LineString","coordinates":[[-114.74302,36.01836],[-114.75418,36.01461],[-114.75552,36.0135],[-114.76282,36.01101],[-114.7796,36.00562],[-114.78511,36.00393],[-114.78586,36.00315],[-114.78905,35.99491],[-114.79961,35.9701],[-114.81083,35.94851],[-114.81776,35.93463],[-114.82212,35.92476],[-114.828,35.92672],[-114.83474,35.92781]]}},{"type":"Feature","properties":{"id":"312466","type":"AC; OVERHEAD","status":"IN SERVICE","owner":null,"voltage":115,"voltClass":"100-161"},"geometry":{"type":"LineString","coordinates":[[-109.98224,31.73839],[-109.98227,31.7381],[-109.9779,31.73206],[-109.97393,31.72651],[-109.96808,31.71843],[-109.96622,31.71584],[-109.9593,31.70623],[-109.95648,31.7023],[-109.95387,31.6987],[-109.95314,31.69764],[-109.94905,31.69199],[-109.94751,31.68984],[-109.93727,31.67562],[-109.93388,31.67091],[-109.92851,31.66343],[-109.92458,31.65796],[-109.91924,31.65054],[-109.91558,31.64545],[-109.91016,31.63792],[-109.90078,31.62484],[-109.89527,31.6172],[-109.89163,31.61211],[-109.88549,31.60356],[-109.879,31.59452],[-109.87605,31.59041],[-109.8696,31.58143],[-109.86566,31.57592],[-109.8605,31.56874],[-109.85628,31.56286],[-109.85076,31.55518],[-109.84713,31.5501],[-109.84117,31.54182],[-109.83894,31.53868],[-109.83214,31.52919],[-109.8308,31.52727],[-109.82527,31.5196],[-109.82441,31.5184],[-109.8243,31.51359],[-109.82409,31.50366],[-109.82404,31.50166],[-109.82381,31.49195],[-109.8237,31.48748],[-109.82352,31.47932],[-109.8234,31.47343],[-109.8232,31.46493],[-109.82315,31.4629],[-109.82305,31.459],[-109.82289,31.45263],[-109.82283,31.4498],[-109.82446,31.44873],[-109.8259,31.4478],[-109.82762,31.44667],[-109.82974,31.44527],[-109.83142,31.44415],[-109.83256,31.44343],[-109.83598,31.44128],[-109.84028,31.43837],[-109.84281,31.43681],[-109.84452,31.43559],[-109.84561,31.43486],[-109.8482,31.43317],[-109.85079,31.43283],[-109.85339,31.43249],[-109.85534,31.43224],[-109.85694,31.43249],[-109.85862,31.43271],[-109.85996,31.43228],[-109.86226,31.43136],[-109.8653,31.43103],[-109.86647,31.43088],[-109.87054,31.43039],[-109.87425,31.42993],[-109.87536,31.4298],[-109.87591,31.42951]]}},{"type":"Feature","properties":{"id":"312472","type":"AC; OVERHEAD","status":"IN SERVICE","owner":null,"voltage":230,"voltClass":"220-287"},"geometry":{"type":"LineString","coordinates":[[-111.94055,33.70292],[-111.93411,33.7017],[-111.92243,33.6882],[-111.87621,33.63527],[-111.87119,33.62952],[-111.86738,33.62513],[-111.85871,33.61512],[-111.85403,33.60979],[-111.82987,33.58207],[-111.80009,33.54798],[-111.80018,33.50966],[-111.80021,33.5027],[-111.80021,33.45862],[-111.80065,33.4553],[-111.80068,33.45171],[-111.80101,33.4298],[-111.80081,33.42626],[-111.79984,33.42498]]}},{"type":"Feature","properties":{"id":"312621","type":"AC; OVERHEAD","status":"IN SERVICE","owner":"ARIZONA PUBLIC SERVICE COMPANY","voltage":230,"voltClass":"220-287"},"geometry":{"type":"LineString","coordinates":[[-112.50028,33.41223],[-112.4966,33.41331],[-112.4966,33.4174],[-112.51901,33.41764],[-112.53024,33.41749],[-112.54176,33.42098],[-112.59125,33.4362],[-112.59247,33.43679]]}},{"type":"Feature","properties":{"id":"312624","type":"AC; OVERHEAD","status":"IN SERVICE","owner":"ARIZONA PUBLIC SERVICE COMPANY","voltage":230,"voltClass":"220-287"},"geometry":{"type":"LineString","coordinates":[[-112.27347,33.80239],[-112.27333,33.80115],[-112.27253,33.80013],[-112.27906,33.79234],[-112.28733,33.78272],[-112.29514,33.76715],[-112.30906,33.73936],[-112.32003,33.71686],[-112.32233,33.71223],[-112.32218,33.7066]]}},{"type":"Feature","properties":{"id":"312654","type":"AC; OVERHEAD","status":"IN SERVICE","owner":"SALT RIVER PROJECT","voltage":230,"voltClass":"220-287"},"geometry":{"type":"LineString","coordinates":[[-111.59763,33.35567],[-111.59521,33.35722],[-111.58638,33.35732],[-111.58367,33.3577],[-111.55028,33.35769],[-111.53973,33.34223],[-111.52989,33.3266],[-111.5258,33.31277],[-111.52406,33.3034],[-111.51485,33.28451],[-111.51378,33.27727],[-111.51567,33.27683]]}},{"type":"Feature","properties":{"id":"312688","type":"AC; OVERHEAD","status":"IN SERVICE","owner":"SALT RIVER PROJECT","voltage":230,"voltClass":"220-287"},"geometry":{"type":"LineString","coordinates":[[-111.67479,33.42689],[-111.66861,33.42725],[-111.52906,33.44849],[-111.51752,33.45022],[-111.51117,33.45143],[-111.50953,33.45275]]}},{"type":"Feature","properties":{"id":"310853","type":"AC; OVERHEAD","status":"IN SERVICE","owner":"ARIZONA PUBLIC SERVICE COMPANY","voltage":115,"voltClass":"100-161"},"geometry":{"type":"LineString","coordinates":[[-111.42222,33.00774],[-111.42266,33.00695],[-111.42702,33.00689],[-111.43106,33.00689],[-111.4353,33.00685],[-111.43937,33.00682],[-111.44157,33.00685],[-111.44558,33.00682],[-111.44758,33.0068],[-111.45164,33.00677],[-111.45543,33.00674],[-111.4592,33.00672],[-111.46292,33.0067],[-111.46763,33.00666],[-111.46979,33.00667],[-111.4731,33.00663],[-111.47676,33.0066],[-111.4807,33.0066],[-111.48671,33.00654],[-111.49021,33.00653],[-111.49417,33.00649],[-111.49815,33.00649],[-111.50219,33.00645],[-111.50641,33.00643],[-111.50963,33.00641],[-111.51347,33.00636],[-111.51545,33.00636],[-111.51951,33.00633],[-111.52041,33.00619],[-111.52133,33.00606],[-111.52536,33.00602],[-111.52619,33.00804]]}},{"type":"Feature","properties":{"id":"311000","type":"AC; OVERHEAD","status":"IN SERVICE","owner":null,"voltage":161,"voltClass":"100-161"},"geometry":{"type":"LineString","coordinates":[[-114.46948,32.68428],[-114.46612,32.68545],[-114.44917,32.69429],[-114.41798,32.72961],[-114.40842,32.75621],[-114.39685,32.76851]]}},{"type":"Feature","properties":{"id":"310945","type":"AC; OVERHEAD","status":"IN SERVICE","owner":null,"voltage":230,"voltClass":"220-287"},"geometry":{"type":"LineString","coordinates":[[-114.1417,34.29105],[-114.14231,34.29023],[-114.14377,34.28978],[-114.14499,34.29097],[-114.14471,34.29457],[-114.14506,34.29936],[-114.14453,34.30183],[-114.13925,34.31006],[-114.13764,34.31219],[-114.13678,34.33063],[-114.14031,34.3346],[-114.15513,34.35119],[-114.15981,34.36362],[-114.16379,34.36771],[-114.21086,34.41581],[-114.21135,34.41712]]}},{"type":"Feature","properties":{"id":"310946","type":"AC; OVERHEAD","status":"IN SERVICE","owner":"SULPHUR SPRINGS VALLEY ELECTRIC COOPERATIVE","voltage":230,"voltClass":"220-287"},"geometry":{"type":"LineString","coordinates":[[-110.13057,32.00096],[-110.13079,32.00072],[-110.13148,32.00075],[-110.13231,32.00045],[-110.13572,32.00035],[-110.13964,32.00019],[-110.14179,32.00008],[-110.14464,31.99999],[-110.14926,31.99981],[-110.15181,31.99969],[-110.15564,31.99958],[-110.15792,31.99984],[-110.15988,32.00004],[-110.16362,32],[-110.16831,32.00003],[-110.17298,32.00002],[-110.17507,32.00003],[-110.17914,32.00006],[-110.18373,32.00005],[-110.1883,32.00008],[-110.19282,32.00008],[-110.19465,32.00009],[-110.20144,32.0001],[-110.20657,32.00012],[-110.20937,32.00013],[-110.21146,32.00121],[-110.2143,32.00272],[-110.21747,32.00439],[-110.22331,32.00747],[-110.22872,32.01033],[-110.23361,32.01289],[-110.2372,32.01482],[-110.23944,32.01599],[-110.24239,32.0175],[-110.24533,32.0191],[-110.24795,32.02048],[-110.24957,32.02133],[-110.2535,32.02134],[-110.25533,32.02132],[-110.26023,32.02135],[-110.26435,32.02139],[-110.26879,32.02141],[-110.27336,32.02141],[-110.2772,32.02151],[-110.28408,32.02161],[-110.28933,32.02174],[-110.2953,32.02184],[-110.2991,32.0219],[-110.30327,32.02193],[-110.30594,32.02188],[-110.31016,32.02186],[-110.3137,32.02185],[-110.31596,32.02181],[-110.32064,32.02179],[-110.32491,32.02177],[-110.33097,32.02173],[-110.33266,32.02172],[-110.33453,32.02172],[-110.33776,32.02175],[-110.34222,32.02176],[-110.34629,32.02179],[-110.35078,32.02179],[-110.35475,32.0218],[-110.35772,32.02182],[-110.36405,32.02184],[-110.36951,32.02188],[-110.37219,32.02194],[-110.37563,32.02192],[-110.37868,32.02195],[-110.38195,32.02195],[-110.38257,32.01849],[-110.38354,32.01325],[-110.38353,32.01172],[-110.3837,32.0099],[-110.38371,32.00745],[-110.38373,32.00478],[-110.38373,32.00236],[-110.38372,31.99994],[-110.38374,31.99799],[-110.38776,31.99773],[-110.39108,31.99756],[-110.39396,31.99715],[-110.39639,31.99656],[-110.39882,31.99584],[-110.40155,31.99507],[-110.40451,31.9942],[-110.40717,31.99345],[-110.40911,31.99286],[-110.41129,31.99285],[-110.41405,31.99283],[-110.41579,31.99281],[-110.41867,31.99277],[-110.42021,31.99273],[-110.42232,31.99287],[-110.42552,31.99312],[-110.42754,31.99276],[-110.42961,31.99242],[-110.4332,31.99179],[-110.4347,31.99156],[-110.43591,31.99122],[-110.4375,31.99078],[-110.44013,31.99006],[-110.44251,31.98938],[-110.44452,31.98885],[-110.44998,31.99055],[-110.45214,31.99039],[-110.45396,31.9903],[-110.45634,31.99004],[-110.45784,31.98941],[-110.46015,31.98846],[-110.46316,31.9872],[-110.46442,31.98662],[-110.46694,31.98603],[-110.46909,31.98544],[-110.46907,31.98142],[-110.46905,31.9782],[-110.469,31.97342],[-110.46897,31.96977],[-110.46891,31.96484],[-110.46926,31.96373],[-110.47404,31.96335],[-110.47562,31.96319],[-110.47732,31.96311],[-110.48139,31.96319],[-110.48386,31.96318],[-110.48827,31.96318],[-110.4906,31.96318],[-110.49414,31.96318],[-110.4993,31.9632],[-110.50641,31.9632],[-110.51041,31.9632],[-110.51315,31.9632],[-110.51582,31.96321],[-110.51895,31.96321],[-110.5267,31.96322],[-110.52836,31.9632],[-110.53083,31.96321],[-110.5338,31.96321],[-110.53738,31.96321],[-110.53986,31.96318],[-110.54253,31.9635],[-110.54673,31.96396],[-110.54865,31.96416],[-110.55104,31.96441],[-110.55284,31.96469],[-110.55497,31.965],[-110.55794,31.96544],[-110.55999,31.96574],[-110.56423,31.96638],[-110.56968,31.9672],[-110.57075,31.96734],[-110.5711,31.96593],[-110.57104,31.96455],[-110.57044,31.96463]]}},{"type":"Feature","properties":{"id":"310956","type":"AC; OVERHEAD","status":"IN SERVICE","owner":null,"voltage":230,"voltClass":"220-287"},"geometry":{"type":"LineString","coordinates":[[-111.52619,33.00804],[-111.52684,33.00627],[-111.54204,33.00604],[-111.54197,33.00235],[-111.56736,33.00182],[-111.56733,32.98329],[-111.57622,32.98306],[-111.5778,32.98487],[-111.59045,32.98502],[-111.59644,32.97972],[-111.59648,32.95297],[-111.593,32.9481],[-111.59296,32.93092],[-111.59035,32.92987]]}},{"type":"Feature","properties":{"id":"311136","type":"AC; OVERHEAD","status":"IN SERVICE","owner":"ARIZONA PUBLIC SERVICE COMPANY","voltage":500,"voltClass":"500"},"geometry":{"type":"LineString","coordinates":[[-112.62041,33.23053],[-112.62069,33.22143],[-112.63313,33.18791],[-112.63075,33.18235],[-112.63551,33.14619],[-112.63569,33.02922],[-112.66607,32.97192],[-112.67967,32.97191],[-112.69185,32.978],[-112.69289,32.97587]]}},{"type":"Feature","properties":{"id":"311051","type":"AC; OVERHEAD","status":"IN SERVICE","owner":"TUCSON ELECTRIC POWER COMPANY","voltage":115,"voltClass":"100-161"},"geometry":{"type":"LineString","coordinates":[[-111.09465,32.17189],[-111.08903,32.16511],[-111.08902,32.14884],[-111.08848,32.14775],[-111.08855,32.13347],[-111.06315,32.13368],[-111.06201,32.13321],[-111.05216,32.13244],[-111.04459,32.13351],[-111.04322,32.13355],[-111.01196,32.13377],[-110.99442,32.13365],[-110.99379,32.1336],[-110.99336,32.13398],[-110.99169,32.13401],[-110.98838,32.13428],[-110.9884,32.1354]]}},{"type":"Feature","properties":{"id":"311114","type":"AC; OVERHEAD","status":"IN SERVICE","owner":null,"voltage":230,"voltClass":"220-287"},"geometry":{"type":"LineString","coordinates":[[-111.65397,35.17558],[-111.65276,35.17564],[-111.64905,35.17412],[-111.64575,35.17558],[-111.64279,35.17707],[-111.63355,35.18162],[-111.56647,35.18252],[-111.5603,35.19598],[-111.56171,35.22149],[-111.56018,35.22389],[-111.55153,35.22851],[-111.53606,35.23117],[-111.42324,35.25069],[-111.38087,35.25803],[-111.28701,35.29695],[-111.25861,35.30867],[-111.09821,35.30288],[-111.09488,35.30288]]}},{"type":"Feature","properties":{"id":"311198","type":"AC; OVERHEAD","status":"IN SERVICE","owner":"SALT RIVER PROJECT","voltage":230,"voltClass":"220-287"},"geometry":{"type":"LineString","coordinates":[[-112.31716,33.40989],[-112.31557,33.40629],[-112.28753,33.40644],[-112.25488,33.40666],[-112.23772,33.40851],[-112.20827,33.40846],[-112.1881,33.40818],[-112.1881,33.41901],[-112.18771,33.42011]]}},{"type":"Feature","properties":{"id":"311281","type":"AC; OVERHEAD","status":"IN SERVICE","owner":"SALT RIVER PROJECT","voltage":230,"voltClass":"220-287"},"geometry":{"type":"LineString","coordinates":[[-111.9124,33.43917],[-111.91017,33.43691],[-111.90932,33.4237],[-111.91107,33.42337]]}},{"type":"Feature","properties":{"id":"311303","type":"AC; OVERHEAD","status":"IN SERVICE","owner":null,"voltage":230,"voltClass":"220-287"},"geometry":{"type":"LineString","coordinates":[[-111.50871,32.91623],[-111.51003,32.91616],[-111.51014,32.90275],[-111.51023,32.8726],[-111.5475,32.87253],[-111.56041,32.87213],[-111.5618,32.87018]]}},{"type":"Feature","properties":{"id":"311331","type":"AC; OVERHEAD","status":null,"owner":"AZUSA LIGHT & POWER","voltage":230,"voltClass":"220-287"},"geometry":{"type":"LineString","coordinates":[[-114.6865,33.6157],[-114.68463,33.6161]]}},{"type":"Feature","properties":{"id":"311338","type":"AC; OVERHEAD","status":"IN SERVICE","owner":"NEVADA POWER COMPANY","voltage":500,"voltClass":"500"},"geometry":{"type":"LineString","coordinates":[[-115.00854,35.79732],[-115.00896,35.7918],[-115.00901,35.78873],[-115.00975,35.78465],[-115.0109,35.78179],[-115.01141,35.78041],[-115.01821,35.7692],[-115.03126,35.74602],[-115.04537,35.72097],[-115.04849,35.71583],[-115.01628,35.67368],[-114.97934,35.61052],[-114.93998,35.54201],[-114.93445,35.53228],[-114.93273,35.52995],[-114.93572,35.50831],[-114.94026,35.46873],[-114.94296,35.42468],[-114.89597,35.39679],[-114.86155,35.32329],[-114.81461,35.22281],[-114.79429,35.17922],[-114.65762,35.17951],[-114.65499,35.17968],[-114.65192,35.17602],[-114.63721,35.15626],[-114.62879,35.15373],[-114.60141,35.14907],[-114.5985,35.1483]]}},{"type":"Feature","properties":{"id":"311361","type":"AC; OVERHEAD","status":"IN SERVICE","owner":null,"voltage":345,"voltClass":"345"},"geometry":{"type":"LineString","coordinates":[[-110.96729,31.99775],[-110.97103,31.99521],[-110.9843,31.9951],[-110.98819,31.99188],[-110.98826,31.97343],[-111.03032,31.97308],[-111.03031,31.95914],[-111.02885,31.95719],[-111.02864,31.94251],[-111.04141,31.94238],[-111.0845,31.9422],[-111.11793,31.94214],[-111.13218,31.95232],[-111.1629,31.9742],[-111.19915,32],[-111.21717,31.99983],[-111.21726,32.00866],[-111.21703,32.01151],[-111.26353,32.04098],[-111.2634,32.08756],[-111.27787,32.08717],[-111.27814,32.10331],[-111.30241,32.1027],[-111.30279,32.13012],[-111.37037,32.12827],[-111.39643,32.15238],[-111.47668,32.19945],[-111.48715,32.21041],[-111.5723,32.29864],[-111.584,32.31535],[-111.60523,32.34568],[-111.6334,32.38573],[-111.69649,32.47562],[-111.73336,32.52802],[-111.73337,32.54201],[-111.77101,32.59391],[-111.79665,32.62584],[-111.80244,32.63536],[-111.81599,32.65345],[-111.84229,32.6773],[-111.87926,32.71059],[-111.91056,32.73877],[-111.94314,32.75598],[-111.97205,32.77136],[-111.99509,32.78351],[-111.99834,32.78521],[-112.02931,32.7986],[-112.06004,32.81184],[-112.10124,32.82961],[-112.10125,32.83729],[-112.13358,32.85456],[-112.15235,32.85454],[-112.15928,32.87194],[-112.15229,32.89132],[-112.15226,32.8986],[-112.16512,32.91141],[-112.16512,32.92071],[-112.18448,32.9513],[-112.1967,32.97053],[-112.19689,32.97856],[-112.19711,32.98781],[-112.19879,32.99237],[-112.19878,32.99473],[-112.19675,32.99473],[-112.19645,32.99732]]}},{"type":"Feature","properties":{"id":"311422","type":"AC; OVERHEAD","status":"IN SERVICE","owner":null,"voltage":115,"voltClass":"100-161"},"geometry":{"type":"LineString","coordinates":[[-111.19773,32.38679],[-111.19801,32.38705],[-111.1995,32.38766],[-111.20118,32.38801],[-111.20516,32.38881],[-111.20705,32.3892],[-111.21586,32.39099],[-111.22029,32.39189],[-111.22253,32.39232],[-111.22778,32.39619],[-111.23303,32.40003],[-111.23656,32.40263],[-111.2382,32.40382],[-111.24335,32.4076],[-111.24854,32.41142],[-111.25555,32.41654],[-111.26067,32.4203],[-111.26593,32.42416],[-111.27108,32.42794],[-111.27449,32.43043],[-111.27793,32.43296],[-111.28156,32.43527],[-111.28713,32.43881],[-111.29085,32.44117],[-111.29455,32.44353],[-111.29992,32.44693],[-111.30176,32.44811],[-111.30341,32.44916]]}},{"type":"Feature","properties":{"id":"311453","type":"AC; OVERHEAD","status":"IN SERVICE","owner":null,"voltage":230,"voltClass":"220-287"},"geometry":{"type":"LineString","coordinates":[[-112.31716,33.40989],[-112.31664,33.41362],[-112.25569,33.41409],[-112.23867,33.41609],[-112.21112,33.416],[-112.20435,33.41588],[-112.19091,33.41556],[-112.18101,33.41554],[-112.16085,33.41584],[-112.16077,33.43164],[-112.16084,33.43962],[-112.16244,33.43961],[-112.1625,33.44265],[-112.16119,33.44241]]}},{"type":"Feature","properties":{"id":"311454","type":"AC; OVERHEAD","status":"IN SERVICE","owner":null,"voltage":230,"voltClass":"220-287"},"geometry":{"type":"LineString","coordinates":[[-112.06661,33.47529],[-112.06489,33.47549],[-112.06479,33.50147],[-112.05804,33.50149]]}},{"type":"Feature","properties":{"id":"310255","type":"AC; OVERHEAD","status":"IN SERVICE","owner":null,"voltage":230,"voltClass":"220-287"},"geometry":{"type":"LineString","coordinates":[[-111.77501,32.88556],[-111.77554,32.88636],[-111.77773,32.88645],[-111.78185,32.88758],[-111.7916,32.89018],[-111.79927,32.89018],[-111.80448,32.89023],[-111.81234,32.89025],[-111.81752,32.89027],[-111.82597,32.89031],[-111.82886,32.89034],[-111.83149,32.89034],[-111.83674,32.89043],[-111.83951,32.89043],[-111.84238,32.89046],[-111.84514,32.89046],[-111.85048,32.89045],[-111.85309,32.89049],[-111.85558,32.8905],[-111.86252,32.89698],[-111.86967,32.90365],[-111.87859,32.91196],[-111.88561,32.91847],[-111.89269,32.92509],[-111.89449,32.92678],[-111.90348,32.93512],[-111.90528,32.93679],[-111.90808,32.93953],[-111.911,32.94243],[-111.9174,32.94875],[-111.91911,32.95045],[-111.92417,32.95544],[-111.92706,32.95818],[-111.92873,32.95981],[-111.93736,32.95981],[-111.94276,32.95982],[-111.95082,32.95981],[-111.95351,32.9598],[-111.95606,32.95989],[-111.96136,32.95989],[-111.96408,32.95988],[-111.96941,32.95989],[-111.97474,32.95991],[-111.98005,32.95988],[-111.98255,32.95987],[-111.98553,32.95988],[-111.98817,32.95987],[-111.99091,32.95988],[-111.99359,32.95988],[-111.99386,32.96044]]}},{"type":"Feature","properties":{"id":"310418","type":"AC; OVERHEAD","status":"IN SERVICE","owner":null,"voltage":115,"voltClass":"100-161"},"geometry":{"type":"LineString","coordinates":[[-111.30341,32.44916],[-111.30521,32.4503],[-111.309,32.4527],[-111.3144,32.45615],[-111.31622,32.45729],[-111.31984,32.45961],[-111.32163,32.46075],[-111.32357,32.46187],[-111.32549,32.46301],[-111.3272,32.464],[-111.32913,32.46514],[-111.33283,32.46732],[-111.33469,32.46844],[-111.33833,32.47059],[-111.34017,32.47166],[-111.34799,32.47619],[-111.3489,32.47771],[-111.35081,32.4807],[-111.35274,32.48373],[-111.3551,32.48894],[-111.35673,32.49252],[-111.36002,32.49974],[-111.36079,32.50145],[-111.36241,32.50502],[-111.36409,32.50867],[-111.3674,32.51597],[-111.36825,32.51784],[-111.37147,32.52497],[-111.37306,32.52852],[-111.37176,32.529],[-111.36833,32.52988],[-111.36304,32.53136],[-111.35785,32.53281],[-111.35598,32.5333],[-111.35045,32.53486],[-111.34306,32.53696],[-111.33553,32.53901],[-111.32817,32.54108],[-111.31707,32.54418],[-111.30597,32.54728],[-111.30268,32.54816],[-111.29979,32.54981],[-111.29977,32.55071],[-111.29614,32.55651]]}},{"type":"Feature","properties":{"id":"310436","type":"AC; OVERHEAD","status":"IN SERVICE","owner":null,"voltage":345,"voltClass":"345"},"geometry":{"type":"LineString","coordinates":[[-109.17241,32.96689],[-109.17587,32.96512],[-109.17519,32.96277],[-109.17431,32.96013],[-109.17136,32.95134],[-109.16817,32.94181],[-109.16814,32.93034],[-109.16842,32.92674],[-109.1681,32.92135],[-109.17252,32.90267],[-109.18762,32.89486],[-109.20314,32.88681],[-109.21669,32.87379],[-109.2152,32.85392],[-109.21745,32.83762],[-109.21862,32.82991],[-109.21872,32.8131],[-109.21879,32.80336],[-109.2166,32.7874],[-109.21887,32.77272],[-109.21902,32.75792],[-109.21915,32.73715],[-109.24419,32.72584],[-109.26981,32.71449],[-109.29724,32.70275],[-109.3216,32.68631],[-109.34128,32.67282],[-109.36148,32.65908],[-109.39261,32.63767],[-109.40862,32.62673],[-109.43376,32.60828],[-109.45464,32.59644],[-109.48636,32.57816],[-109.5332,32.55185],[-109.58821,32.52063],[-109.67197,32.47292],[-109.68717,32.46432],[-109.71073,32.44611],[-109.76488,32.41342],[-109.77167,32.40877],[-109.78416,32.39861],[-109.80453,32.38564],[-109.81436,32.37933],[-109.83889,32.36725],[-109.85703,32.35831],[-109.91444,32.35828],[-109.92455,32.35827],[-109.94687,32.35739],[-109.95713,32.3533],[-109.98569,32.34902],[-110.00196,32.31937],[-110.01074,32.31063],[-110.0535,32.28134],[-110.05691,32.27929],[-110.05998,32.27824],[-110.06605,32.27769],[-110.09777,32.26094],[-110.1131,32.25283],[-110.16386,32.22223],[-110.18974,32.20656],[-110.20284,32.19725],[-110.20392,32.19043]]}},{"type":"Feature","properties":{"id":"310448","type":"AC; OVERHEAD","status":"IN SERVICE","owner":"SALT RIVER PROJECT","voltage":115,"voltClass":"100-161"},"geometry":{"type":"LineString","coordinates":[[-111.34388,33.59071],[-111.35355,33.58417],[-111.35703,33.57169],[-111.35305,33.56047],[-111.35418,33.55474],[-111.35061,33.54327],[-111.35126,33.5387],[-111.37454,33.53488],[-111.40078,33.52883],[-111.39127,33.5322],[-111.4012,33.53447],[-111.40555,33.53349],[-111.40773,33.53212],[-111.44046,33.53865],[-111.44629,33.54057],[-111.44472,33.54636],[-111.44595,33.55146],[-111.44477,33.55343]]}},{"type":"Feature","properties":{"id":"310451","type":"AC; OVERHEAD","status":"IN SERVICE","owner":null,"voltage":115,"voltClass":"100-161"},"geometry":{"type":"LineString","coordinates":[[-111.12297,33.29398],[-111.12151,33.2936],[-111.10175,33.24848],[-111.09698,33.23825],[-111.09486,33.23589],[-111.08998,33.23113],[-111.08711,33.22859],[-111.0839,33.227],[-111.07895,33.22363],[-111.07087,33.21924],[-111.06677,33.21414],[-111.06482,33.21056],[-111.06077,33.20644],[-111.05728,33.20259],[-111.05652,33.20169],[-111.05551,33.19904],[-111.0481,33.18933],[-111.03866,33.18056],[-111.03222,33.17692],[-111.0169,33.17539],[-111.01629,33.1747],[-111.011,33.17198],[-111.00865,33.16948],[-111.00416,33.16587],[-111.00038,33.16454],[-110.99921,33.16487]]}},{"type":"Feature","properties":{"id":"310476","type":"AC; OVERHEAD","status":"IN SERVICE","owner":"TUCSON ELECTRIC POWER COMPANY","voltage":115,"voltClass":"100-161"},"geometry":{"type":"LineString","coordinates":[[-110.9759,32.22975],[-110.98709,32.15123],[-110.98709,32.13681],[-110.9884,32.1354]]}},{"type":"Feature","properties":{"id":"310537","type":"AC; OVERHEAD","status":"IN SERVICE","owner":null,"voltage":230,"voltClass":"220-287"},"geometry":{"type":"LineString","coordinates":[[-112.10897,33.57154],[-112.11046,33.57142],[-112.1166,33.57136],[-112.11651,33.57866],[-112.11613,33.58175],[-112.11648,33.58527],[-112.1164,33.59309],[-112.11606,33.59664],[-112.11634,33.59961],[-112.11625,33.60741],[-112.11574,33.6086],[-112.11457,33.61],[-112.11473,33.61167],[-112.1157,33.61279],[-112.11618,33.61444],[-112.11613,33.622],[-112.11577,33.62508],[-112.1158,33.62594],[-112.11602,33.62858],[-112.11543,33.63653],[-112.11493,33.63774],[-112.11352,33.63915],[-112.11349,33.64071],[-112.11447,33.64192],[-112.11486,33.64312],[-112.11425,33.65155],[-112.11371,33.65445],[-112.13421,33.65449],[-112.13435,33.66292],[-112.13345,33.66312]]}},{"type":"Feature","properties":{"id":"310576","type":"AC; OVERHEAD","status":"IN SERVICE","owner":null,"voltage":500,"voltClass":"500"},"geometry":{"type":"LineString","coordinates":[[-112.85905,33.38473],[-112.85664,33.3839],[-112.85264,33.38207],[-112.84854,33.38207],[-112.82522,33.3821],[-112.807,33.39421],[-112.78869,33.40639],[-112.78528,33.40946],[-112.76937,33.424],[-112.75345,33.43856],[-112.73967,33.45112],[-112.73433,33.45599],[-112.71567,33.45182],[-112.67259,33.4421],[-112.65389,33.43696],[-112.64502,33.43568],[-112.63638,33.43371],[-112.63396,33.43137],[-112.63049,33.43081],[-112.62801,33.43063],[-112.61723,33.43062],[-112.61095,33.43115],[-112.60779,33.43139],[-112.60388,33.43364],[-112.59984,33.43367],[-112.5998,33.42475],[-112.5988,33.42475],[-112.59879,33.42113],[-112.59396,33.42116],[-112.59397,33.4204],[-112.58166,33.42058],[-112.57307,33.42144],[-112.56102,33.42268],[-112.55778,33.4229],[-112.55668,33.42059],[-112.54178,33.42068],[-112.53294,33.41818],[-112.5302,33.41715],[-112.5277,33.41742],[-112.52142,33.41739],[-112.51055,33.41159],[-112.50709,33.41161],[-112.5045,33.41007],[-112.48469,33.40997],[-112.47044,33.40353],[-112.45482,33.39639],[-112.42536,33.39466],[-112.41039,33.39652],[-112.36961,33.40074],[-112.36973,33.40152],[-112.3615,33.40237],[-112.35675,33.40236],[-112.35293,33.40234],[-112.32514,33.40211],[-112.31716,33.40989]]}},{"type":"Feature","properties":{"id":"310594","type":"AC; OVERHEAD","status":"IN SERVICE","owner":"UNS ELECTRIC INCORPORATED","voltage":230,"voltClass":"220-287"},"geometry":{"type":"LineString","coordinates":[[-114.08625,35.13834],[-114.08788,35.13803],[-114.08928,35.1377],[-114.09625,35.13958],[-114.09952,35.13544],[-114.10682,35.12649],[-114.10821,35.12444],[-114.10957,35.12159],[-114.1109,35.11879],[-114.11171,35.1164],[-114.11516,35.10587],[-114.11792,35.10516],[-114.12841,35.10025],[-114.13974,35.09494],[-114.13975,35.08047],[-114.13978,35.0562],[-114.13728,35.0559],[-114.13497,35.05594],[-114.13371,35.05549]]}},{"type":"Feature","properties":{"id":"310605","type":"AC; OVERHEAD","status":"IN SERVICE","owner":"SALT RIVER PROJECT","voltage":115,"voltClass":"100-161"},"geometry":{"type":"LineString","coordinates":[[-111.45298,33.35368],[-111.48419,33.37448],[-111.49479,33.38493],[-111.49242,33.38662]]}},{"type":"Feature","properties":{"id":"310673","type":"AC; OVERHEAD","status":"IN SERVICE","owner":null,"voltage":230,"voltClass":"220-287"},"geometry":{"type":"LineString","coordinates":[[-112.10604,33.47352],[-112.10602,33.47312],[-112.10767,33.47342],[-112.11729,33.4734],[-112.11868,33.47329],[-112.12561,33.47328],[-112.12556,33.48609],[-112.12577,33.4875],[-112.17037,33.52527],[-112.18211,33.53505],[-112.18512,33.5351],[-112.18509,33.53581],[-112.18536,33.53603]]}},{"type":"Feature","properties":{"id":"310725","type":"AC; OVERHEAD","status":"IN SERVICE","owner":"SALT RIVER PROJECT","voltage":230,"voltClass":"220-287"},"geometry":{"type":"LineString","coordinates":[[-111.51567,33.27683],[-111.51371,33.27615],[-111.51268,33.27026],[-111.50724,33.27018],[-111.50041,33.26024],[-111.50381,33.24798],[-111.50621,33.24784],[-111.50643,33.24289],[-111.507,33.23109],[-111.50164,33.21957],[-111.48797,33.18996],[-111.47561,33.17762],[-111.47492,33.17517],[-111.47443,33.15076],[-111.47537,33.14895],[-111.47231,33.14945],[-111.46998,33.14928]]}},{"type":"Feature","properties":{"id":"310708","type":"AC; OVERHEAD","status":"IN SERVICE","owner":null,"voltage":345,"voltClass":"345"},"geometry":{"type":"LineString","coordinates":[[-112.32218,33.7066],[-112.31633,33.7049],[-112.30718,33.70468],[-112.29052,33.70506],[-112.29059,33.69931],[-112.29426,33.69306],[-112.29989,33.68377],[-112.30021,33.67741],[-112.30065,33.66939],[-112.30717,33.65997],[-112.30721,33.64887],[-112.30707,33.63395],[-112.30766,33.61245],[-112.3073,33.59352],[-112.30967,33.58435],[-112.29845,33.55988],[-112.29857,33.52946],[-112.31935,33.50052],[-112.31932,33.49793],[-112.31932,33.46786],[-112.32503,33.46326],[-112.33139,33.46331],[-112.33165,33.43359],[-112.33554,33.42675],[-112.35431,33.40519],[-112.35774,33.4012],[-112.36142,33.4012],[-112.37062,33.40025],[-112.40983,33.39619],[-112.40986,33.39304],[-112.40989,33.38356],[-112.41209,33.37972],[-112.41086,33.37305],[-112.42197,33.34922],[-112.40984,33.29422],[-112.37581,33.2621],[-112.31922,33.26213],[-112.27019,33.20292],[-112.26297,33.1458],[-112.23128,33.11072],[-112.20243,33.08854],[-112.20248,33.06915],[-112.2014,33.06563],[-112.20141,33.0264],[-112.19875,33.00064],[-112.19645,32.99732]]}},{"type":"Feature","properties":{"id":"310719","type":"AC; OVERHEAD","status":"IN SERVICE","owner":null,"voltage":230,"voltClass":"220-287"},"geometry":{"type":"LineString","coordinates":[[-111.99548,32.96042],[-111.99635,32.96163],[-111.99631,32.97278],[-111.99609,33.01243],[-111.99608,33.05773],[-111.99602,33.07376],[-111.99548,33.14557],[-111.99547,33.25154],[-112.00412,33.25153],[-112.00417,33.27257],[-112.00003,33.27259],[-111.99544,33.27633],[-111.99551,33.29114],[-111.96369,33.29111],[-111.96368,33.29175],[-111.96466,33.29198]]}},{"type":"Feature","properties":{"id":"310731","type":"AC; OVERHEAD","status":"IN SERVICE","owner":"ARIZONA PUBLIC SERVICE COMPANY","voltage":500,"voltClass":"500"},"geometry":{"type":"LineString","coordinates":[[-112.26259,33.81694],[-112.25719,33.81794],[-112.22578,33.85632],[-112.2158,33.86786],[-112.20844,33.87654],[-112.20239,33.88397],[-112.20075,33.88786],[-112.19402,33.90973],[-112.18273,33.94572],[-112.15955,33.97628],[-112.14447,33.9972],[-112.11233,34.03994],[-112.11153,34.0905],[-112.11039,34.11289],[-112.10641,34.149],[-112.09681,34.15683],[-112.0718,34.17826],[-112.06108,34.236],[-112.06161,34.23795],[-112.07164,34.2708],[-112.08428,34.31328],[-112.08391,34.34616],[-112.09075,34.36239],[-112.10762,34.40212],[-112.10819,34.40336],[-112.10823,34.40601]]}},{"type":"Feature","properties":{"id":"310736","type":"AC; OVERHEAD","status":"IN SERVICE","owner":null,"voltage":115,"voltClass":"100-161"},"geometry":{"type":"LineString","coordinates":[[-110.95553,33.37998],[-110.95541,33.37968],[-110.95337,33.3801],[-110.94933,33.37349],[-110.94518,33.36677],[-110.9493,33.36584],[-110.95209,33.36505],[-110.954,33.36456],[-110.96139,33.36266],[-110.96684,33.36123],[-110.96938,33.36059],[-110.97134,33.35973],[-110.97923,33.35639],[-110.99073,33.35128],[-110.99753,33.34868],[-111.00175,33.34691],[-111.00598,33.34513],[-111.01711,33.34275],[-111.0245,33.33966],[-111.02762,33.33931],[-111.03505,33.33863],[-111.03738,33.33916]]}},{"type":"Feature","properties":{"id":"310831","type":"AC; OVERHEAD","status":"IN SERVICE","owner":null,"voltage":161,"voltClass":"100-161"},"geometry":{"type":"LineString","coordinates":[[-114.27768,34.16136],[-114.27909,34.1613],[-114.28239,34.1609],[-114.29322,34.15946],[-114.3006,34.15631],[-114.30628,34.15991],[-114.31759,34.15292],[-114.33643,34.14108],[-114.42953,34.11539],[-114.48231,34.04645],[-114.48786,34.03082],[-114.48483,34.00565],[-114.49104,33.99621],[-114.49858,33.986],[-114.5129,33.97774],[-114.53932,33.94629],[-114.5427,33.92831],[-114.53598,33.92209],[-114.53626,33.9038],[-114.53888,33.83477],[-114.52032,33.76156],[-114.51802,33.7526],[-114.53076,33.71673],[-114.5579,33.71025],[-114.62319,33.68156],[-114.62713,33.67982],[-114.62789,33.6709],[-114.62809,33.66867],[-114.63581,33.66682],[-114.65281,33.64852],[-114.66396,33.63655],[-114.68285,33.61657],[-114.68025,33.61485],[-114.68014,33.61313],[-114.68034,33.61138]]}},{"type":"Feature","properties":{"id":"313889","type":"AC; OVERHEAD","status":null,"owner":null,"voltage":230,"voltClass":"220-287"},"geometry":{"type":"LineString","coordinates":[[-112.95959,32.9405],[-112.96029,32.94073],[-112.9767,32.94042],[-112.97693,32.95633],[-112.9773,32.95706],[-112.9777,32.95758],[-112.97789,32.95804],[-112.99094,32.98278],[-112.99476,32.99061],[-112.99499,33.01129],[-113.00044,33.01976],[-113.02111,33.0289],[-113.03863,33.02511]]}},{"type":"Feature","properties":{"id":"315082","type":"AC; OVERHEAD","status":"IN SERVICE","owner":null,"voltage":230,"voltClass":"220-287"},"geometry":{"type":"LineString","coordinates":[[-111.99586,33.22352],[-111.99586,33.24511],[-111.99679,33.24927]]}}]}