{"type":"FeatureCollection","features":[{"type":"Feature","properties":{"id":"141876","type":"AC; OVERHEAD","status":"IN SERVICE","owner":"PECO ENERGY CO","voltage":230,"voltClass":"220-287"},"geometry":{"type":"LineString","coordinates":[[-75.39953,39.82205],[-75.39872,39.82216],[-75.39671,39.82412],[-75.39459,39.82601],[-75.39307,39.82819],[-75.39133,39.82913],[-75.38899,39.82979],[-75.38803,39.82935]]}},{"type":"Feature","properties":{"id":"143317","type":"AC; OVERHEAD","status":"IN SERVICE","owner":"PECO ENERGY CO","voltage":230,"voltClass":"220-287"},"geometry":{"type":"LineString","coordinates":[[-75.43267,39.81584],[-75.42633,39.81866],[-75.42016,39.82146],[-75.41632,39.82321],[-75.41351,39.82444],[-75.40946,39.82632],[-75.40893,39.82684],[-75.40883,39.82885],[-75.40875,39.83029],[-75.41452,39.83233],[-75.41655,39.83104],[-75.41748,39.82928]]}},{"type":"Feature","properties":{"id":"140966","type":"AC; OVERHEAD","status":"IN SERVICE","owner":"DELMARVA POWER","voltage":138,"voltClass":"100-161"},"geometry":{"type":"LineString","coordinates":[[-75.57107,39.20425],[-75.57141,39.20441],[-75.57243,39.20386],[-75.57428,39.20593],[-75.57659,39.20847],[-75.57904,39.21119],[-75.58202,39.21451],[-75.58499,39.21783],[-75.58696,39.21999],[-75.59068,39.22414],[-75.59397,39.22778],[-75.59755,39.23177],[-75.59829,39.23272],[-75.59894,39.2337],[-75.59961,39.23486],[-75.60133,39.23776],[-75.60335,39.24122],[-75.60547,39.24474],[-75.60884,39.25044],[-75.61093,39.25402],[-75.61306,39.25762],[-75.61323,39.2579]]}},{"type":"Feature","properties":{"id":"142403","type":"AC; OVERHEAD","status":"IN SERVICE","owner":"PECO ENERGY CO","voltage":230,"voltClass":"220-287"},"geometry":{"type":"LineString","coordinates":[[-75.41748,39.82928],[-75.4166,39.83112],[-75.41454,39.83243],[-75.40864,39.83035],[-75.40881,39.8268],[-75.40852,39.82626],[-75.4094,39.82621],[-75.41345,39.82434],[-75.41851,39.82209],[-75.42559,39.81887],[-75.43229,39.81589],[-75.4328,39.81565]]}},{"type":"Feature","properties":{"id":"143223","type":"AC; OVERHEAD","status":"IN SERVICE","owner":"DELMARVA POWER","voltage":138,"voltClass":"100-161"},"geometry":{"type":"LineString","coordinates":[[-75.76161,39.44524],[-75.76128,39.44501],[-75.76112,39.44491],[-75.7605,39.44455],[-75.75979,39.44413],[-75.75843,39.44392],[-75.75707,39.4437],[-75.75571,39.44348],[-75.75435,39.44327],[-75.75337,39.44258],[-75.75238,39.44191],[-75.75138,39.44124],[-75.75039,39.44056],[-75.74922,39.43975],[-75.748,39.43964],[-75.74761,39.43917],[-75.7471,39.43858],[-75.74659,39.43798],[-75.74608,39.43738],[-75.74557,39.43678],[-75.74451,39.4367],[-75.74352,39.43663],[-75.74239,39.43656],[-75.74107,39.43647],[-75.73993,39.43639],[-75.73871,39.4363],[-75.73744,39.43621],[-75.73648,39.43614],[-75.73549,39.43608],[-75.73451,39.436],[-75.73352,39.43594],[-75.73253,39.43587],[-75.73155,39.4358],[-75.73056,39.43573],[-75.72957,39.43565],[-75.7285,39.43567],[-75.72764,39.43559],[-75.72674,39.43552],[-75.72631,39.43565],[-75.72583,39.43563],[-75.72548,39.43564]]}},{"type":"Feature","properties":{"id":"144302","type":"AC; OVERHEAD","status":"IN SERVICE","owner":"PECO ENERGY CO","voltage":230,"voltClass":"220-287"},"geometry":{"type":"MultiLineString","coordinates":[[[-75.47084,39.86636],[-75.46973,39.86617],[-75.46621,39.86405],[-75.46344,39.86241],[-75.46077,39.86026],[-75.4587,39.85857],[-75.4555,39.85743],[-75.4476,39.85477],[-75.44579,39.85276],[-75.444,39.85069],[-75.44229,39.84873],[-75.44085,39.84719],[-75.43923,39.84542],[-75.43778,39.84385]],[[-75.43706,39.84308],[-75.43778,39.84385],[-75.4351,39.84096],[-75.4333,39.83893],[-75.43173,39.8386],[-75.43156,39.83856],[-75.43143,39.83853],[-75.43135,39.83852],[-75.43036,39.8383],[-75.42693,39.83749],[-75.42419,39.83687],[-75.42203,39.83578],[-75.42011,39.83478],[-75.41837,39.83326],[-75.41819,39.83126],[-75.41872,39.82999],[-75.41748,39.82928]]]}},{"type":"Feature","properties":{"id":"146527","type":"AC; OVERHEAD","status":"IN SERVICE","owner":"DELMARVA POWER","voltage":230,"voltClass":"220-287"},"geometry":{"type":"LineString","coordinates":[[-75.73093,39.63341],[-75.73254,39.63375],[-75.73288,39.63359],[-75.73306,39.6335],[-75.73335,39.63416],[-75.73233,39.63468],[-75.7313,39.6352],[-75.73013,39.63582],[-75.72916,39.63629],[-75.72901,39.63637],[-75.7296,39.63748],[-75.73019,39.63864],[-75.73077,39.63979],[-75.73137,39.64093],[-75.73196,39.64209],[-75.73255,39.64323],[-75.73314,39.64437],[-75.73373,39.64552],[-75.73431,39.64664],[-75.7348,39.64768],[-75.73522,39.64873],[-75.73555,39.6498],[-75.73584,39.65093],[-75.73615,39.65214],[-75.73644,39.65329],[-75.73674,39.65443],[-75.73705,39.65565],[-75.73736,39.65686],[-75.73767,39.65807],[-75.73798,39.65928],[-75.73829,39.66049],[-75.73861,39.66171],[-75.73891,39.66292],[-75.73922,39.66414],[-75.73954,39.66534],[-75.73985,39.66656],[-75.74015,39.66777],[-75.74047,39.66898],[-75.74078,39.67019],[-75.741,39.67128],[-75.74126,39.67232],[-75.74038,39.67243],[-75.73944,39.67249],[-75.7398,39.67312],[-75.7401,39.67377],[-75.73938,39.67439],[-75.73849,39.67467],[-75.7376,39.67494],[-75.73671,39.67522],[-75.73582,39.67549],[-75.73492,39.67577],[-75.73403,39.67604],[-75.73314,39.67632],[-75.73225,39.67659],[-75.73136,39.67687],[-75.73047,39.67714],[-75.72958,39.67742],[-75.72873,39.67768],[-75.72779,39.67797],[-75.72685,39.67826],[-75.7259,39.67855],[-75.72496,39.67884],[-75.72403,39.67914],[-75.72309,39.67943],[-75.72213,39.67971],[-75.7212,39.68],[-75.72026,39.68029],[-75.71931,39.68058],[-75.71838,39.68087],[-75.71743,39.68116],[-75.71649,39.68145],[-75.71556,39.68174],[-75.71461,39.68203],[-75.71369,39.68232],[-75.71274,39.68261],[-75.71179,39.6829],[-75.71087,39.68318],[-75.70998,39.68346],[-75.70909,39.68373],[-75.70821,39.68401],[-75.70732,39.68428],[-75.70642,39.68455],[-75.70553,39.68483],[-75.70462,39.68511],[-75.70371,39.68539],[-75.70274,39.68569],[-75.70179,39.68598],[-75.70085,39.68627],[-75.69991,39.68656],[-75.69898,39.68683],[-75.69803,39.68712],[-75.69708,39.68741],[-75.69608,39.68781],[-75.6965,39.68835],[-75.69623,39.68936],[-75.696,39.69035],[-75.69579,39.69135],[-75.69556,39.69236],[-75.69539,39.69337],[-75.69479,39.69364],[-75.69456,39.69334],[-75.69361,39.69312]]}},{"type":"Feature","properties":{"id":"146721","type":"AC; OVERHEAD","status":"IN SERVICE","owner":"ATLANTIC CITY ELECTRIC CO","voltage":500,"voltClass":"500"},"geometry":{"type":"LineString","coordinates":[[-75.24728,39.58601],[-75.24832,39.5885],[-75.2456,39.5903],[-75.24243,39.59238],[-75.2384,39.59236],[-75.23378,39.59234],[-75.22899,39.59233],[-75.22439,39.59231],[-75.21978,39.59229],[-75.21548,39.59227],[-75.21119,39.59226],[-75.2066,39.59224],[-75.20325,39.59471],[-75.20017,39.59699],[-75.19662,39.59962],[-75.19329,39.60208],[-75.19012,39.60442],[-75.18672,39.60693],[-75.18411,39.60886],[-75.17887,39.60922],[-75.17497,39.60948],[-75.1705,39.60978],[-75.16612,39.61008],[-75.16219,39.61034],[-75.15768,39.61064],[-75.15281,39.61097],[-75.14831,39.61128],[-75.14389,39.61157],[-75.13949,39.61187],[-75.13534,39.61363],[-75.13217,39.61499],[-75.12792,39.61679],[-75.11986,39.62022],[-75.11543,39.6221],[-75.11252,39.62334],[-75.10834,39.62512],[-75.10472,39.62553],[-75.10092,39.62595],[-75.097,39.62644],[-75.09397,39.62686],[-75.09077,39.62722],[-75.08653,39.62744],[-75.08303,39.62796],[-75.07897,39.62907],[-75.07608,39.62986],[-75.07343,39.63059],[-75.06294,39.62697],[-75.06001,39.62953],[-75.05752,39.6317],[-75.05414,39.63092],[-75.05034,39.63004],[-75.04663,39.62919],[-75.04277,39.62829],[-75.03821,39.62841],[-75.03434,39.62852],[-75.0312,39.6286],[-75.0305,39.62862],[-75.02565,39.62875],[-75.02127,39.62887],[-75.01661,39.629],[-75.01247,39.62911],[-75.00795,39.62979],[-75.0041,39.63037],[-74.99991,39.631],[-74.99547,39.63167],[-74.99134,39.63229],[-74.9868,39.63297],[-74.98337,39.63573],[-74.9795,39.63885],[-74.97594,39.64171],[-74.97296,39.64411],[-74.97089,39.64578],[-74.96824,39.6476],[-74.96279,39.65167],[-74.95969,39.65398],[-74.95671,39.65622],[-74.954,39.65824],[-74.951,39.66048],[-74.948,39.66273],[-74.94501,39.66496],[-74.94164,39.66748],[-74.94005,39.67331],[-74.93923,39.67634],[-74.93882,39.67909],[-74.93836,39.68235],[-74.938,39.68481],[-74.93485,39.68661],[-74.93437,39.69823],[-74.93625,39.70105],[-74.93812,39.70387],[-74.93981,39.70642],[-74.94128,39.70862],[-74.9428,39.71091],[-74.94432,39.71327],[-74.9459,39.7157],[-74.94746,39.71809],[-74.94886,39.72025],[-74.95127,39.72395],[-74.9525,39.72585],[-74.95594,39.72857],[-74.95923,39.73119],[-74.95952,39.73375],[-74.95985,39.73628],[-74.96096,39.73897],[-74.96179,39.74022],[-74.96276,39.741]]}},{"type":"Feature","properties":{"id":"144791","type":"AC; OVERHEAD","status":"IN SERVICE","owner":"ATLANTIC CITY ELECTRIC CO","voltage":230,"voltClass":"220-287"},"geometry":{"type":"LineString","coordinates":[[-75.24921,39.81186],[-75.24923,39.81074],[-75.25021,39.80986],[-75.2551,39.80658],[-75.25493,39.80343],[-75.25689,39.80066],[-75.25887,39.79789],[-75.26085,39.79511],[-75.25871,39.7921],[-75.25668,39.78914],[-75.25483,39.78645],[-75.25276,39.78345],[-75.24989,39.78178],[-75.24684,39.78002],[-75.24366,39.77816],[-75.24082,39.77653],[-75.23769,39.77471],[-75.23441,39.77279],[-75.23113,39.77091],[-75.23139,39.76764],[-75.23159,39.76434],[-75.23182,39.76141],[-75.23207,39.75827],[-75.23232,39.75501],[-75.22941,39.7524],[-75.22682,39.75008],[-75.22393,39.7475],[-75.22121,39.74506],[-75.2189,39.74301],[-75.21659,39.74094],[-75.2138,39.73844],[-75.21025,39.73739],[-75.20673,39.73631],[-75.20326,39.73524],[-75.1997,39.73414],[-75.19785,39.73147],[-75.19601,39.72881],[-75.19407,39.726],[-75.19214,39.72322],[-75.18836,39.71776],[-75.18645,39.71499],[-75.18468,39.71245],[-75.18286,39.70982],[-75.18112,39.70731],[-75.17937,39.70478],[-75.17624,39.70321],[-75.17313,39.70164],[-75.16999,39.70007],[-75.1669,39.69852],[-75.16378,39.69695],[-75.16068,39.69539],[-75.15775,39.69392],[-75.15437,39.69222],[-75.15127,39.69066],[-75.1478,39.69187],[-75.14453,39.69301],[-75.14044,39.69213],[-75.13578,39.69114],[-75.13229,39.6904],[-75.12828,39.68954],[-75.1241,39.68865],[-75.11695,39.68718],[-75.10901,39.68675],[-75.10558,39.68779],[-75.1019,39.68891],[-75.09929,39.6897],[-75.09553,39.69064],[-75.09174,39.69159],[-75.088,39.69253],[-75.08447,39.69115],[-75.08095,39.68977],[-75.07709,39.68827],[-75.07332,39.6868],[-75.06951,39.68531],[-75.06568,39.68381],[-75.06186,39.68232],[-75.05747,39.6819],[-75.05358,39.68153],[-75.04934,39.68112],[-75.04519,39.68071],[-75.04116,39.68033],[-75.03675,39.6799],[-75.03238,39.67948],[-75.03183,39.67579],[-75.02723,39.67581],[-75.02561,39.67596],[-75.02478,39.67653]]}},{"type":"Feature","properties":{"id":"145377","type":"AC; OVERHEAD","status":"IN SERVICE","owner":"PECO ENERGY CO","voltage":230,"voltClass":"220-287"},"geometry":{"type":"LineString","coordinates":[[-75.41748,39.82928],[-75.41835,39.83011],[-75.41773,39.8313],[-75.41809,39.8335],[-75.41987,39.83499],[-75.42416,39.83718],[-75.42834,39.83816],[-75.42906,39.83969],[-75.42621,39.84065],[-75.42118,39.8421],[-75.41457,39.84397],[-75.41025,39.84515],[-75.40858,39.8455],[-75.40684,39.84579],[-75.40507,39.84601],[-75.40329,39.84621],[-75.3928,39.84722],[-75.38941,39.84741],[-75.38767,39.84767],[-75.38593,39.84806],[-75.38427,39.84855],[-75.38258,39.8491],[-75.37941,39.85022],[-75.37437,39.85206],[-75.37273,39.85257],[-75.37122,39.8533],[-75.36803,39.8546],[-75.36165,39.8571],[-75.35719,39.85887],[-75.35586,39.8594],[-75.3545,39.86011],[-75.35313,39.86093],[-75.35165,39.86202],[-75.35042,39.86309],[-75.34936,39.86402],[-75.34819,39.86514],[-75.34694,39.86632],[-75.3457,39.86744],[-75.34366,39.8663],[-75.3351,39.86125],[-75.33359,39.86037],[-75.32968,39.85965],[-75.32883,39.85949],[-75.32805,39.85961],[-75.32603,39.86029]]}},{"type":"Feature","properties":{"id":"148868","type":"AC; OVERHEAD","status":"IN SERVICE","owner":"DELMARVA POWER","voltage":230,"voltClass":"220-287"},"geometry":{"type":"LineString","coordinates":[[-75.81624,38.89206],[-75.81642,38.89331],[-75.81567,38.8944],[-75.81439,38.89588],[-75.81311,38.89736],[-75.81182,38.89887],[-75.81052,38.90038],[-75.8092,38.90191],[-75.80794,38.90336],[-75.80732,38.90568],[-75.80668,38.90801],[-75.80608,38.91032],[-75.80545,38.91266],[-75.80482,38.91497],[-75.80411,38.91759],[-75.8035,38.91985],[-75.8028,38.92245],[-75.8021,38.92503],[-75.8014,38.92762],[-75.8007,38.93022],[-75.79999,38.93282],[-75.79929,38.93542],[-75.79861,38.93795],[-75.79791,38.9405],[-75.79722,38.94304],[-75.79657,38.94549],[-75.7959,38.94794],[-75.79523,38.9504],[-75.79458,38.95283],[-75.79391,38.95529],[-75.79326,38.95773],[-75.7926,38.96017],[-75.79194,38.96262],[-75.79129,38.96505],[-75.7906,38.96759],[-75.78991,38.97016],[-75.78922,38.97271],[-75.78855,38.97515],[-75.78789,38.97759],[-75.78723,38.98003],[-75.78653,38.98266],[-75.78599,38.98463],[-75.78546,38.98659],[-75.78602,38.989],[-75.78652,38.99115],[-75.78702,38.99329],[-75.78751,38.99542],[-75.78807,38.99782],[-75.78798,38.99965],[-75.78791,39.00147],[-75.78658,39.00323],[-75.78526,39.00495],[-75.78394,39.00668],[-75.78292,39.00881],[-75.78191,39.01093],[-75.78099,39.01286],[-75.78006,39.0148],[-75.77915,39.01673],[-75.77883,39.01859],[-75.7785,39.02047],[-75.77818,39.02236],[-75.77706,39.02428],[-75.77593,39.02621],[-75.7748,39.02813],[-75.77343,39.03047],[-75.77385,39.03205],[-75.77433,39.03382],[-75.77488,39.03585],[-75.77334,39.03835],[-75.77182,39.0408],[-75.77163,39.0431],[-75.77144,39.0454],[-75.77125,39.0477],[-75.77106,39.05001],[-75.77086,39.0523],[-75.77264,39.05448],[-75.77442,39.05669],[-75.77616,39.05884],[-75.77804,39.06115],[-75.77986,39.06344],[-75.78172,39.06573],[-75.78355,39.068],[-75.78372,39.07048],[-75.78391,39.07296],[-75.78409,39.07544],[-75.78428,39.0779],[-75.78445,39.08038],[-75.78464,39.08286],[-75.78483,39.08537],[-75.78502,39.08788],[-75.7852,39.09039],[-75.78539,39.0929],[-75.78558,39.09547],[-75.78715,39.09764],[-75.78872,39.09982],[-75.79029,39.10199],[-75.79188,39.10418],[-75.79344,39.10635],[-75.79501,39.10853],[-75.79661,39.11074],[-75.79821,39.11295],[-75.7998,39.11515],[-75.8014,39.11736],[-75.80297,39.11953],[-75.80303,39.12212],[-75.80305,39.1241],[-75.80306,39.12465],[-75.80309,39.1273],[-75.80311,39.12997],[-75.80314,39.13263],[-75.80316,39.13529],[-75.80319,39.13793],[-75.80322,39.14054],[-75.80326,39.14321],[-75.80328,39.14584],[-75.8033,39.14829],[-75.80333,39.15074],[-75.80335,39.1532],[-75.80338,39.15566],[-75.80489,39.15806],[-75.8064,39.16046],[-75.80785,39.16278],[-75.80933,39.16515],[-75.81082,39.16752],[-75.81234,39.16995],[-75.81387,39.17238],[-75.8154,39.17481],[-75.81692,39.17724],[-75.81844,39.17966],[-75.81996,39.18209],[-75.82149,39.18452],[-75.82301,39.18694],[-75.82453,39.18936],[-75.82604,39.19178],[-75.82755,39.19418],[-75.82907,39.1966],[-75.83059,39.19901],[-75.8321,39.20141],[-75.83362,39.20383],[-75.83514,39.20623],[-75.8364,39.20827],[-75.83749,39.21001],[-75.83832,39.21246],[-75.83917,39.21492],[-75.84002,39.21739],[-75.84087,39.21987],[-75.84172,39.22233],[-75.84259,39.22487],[-75.84342,39.22726],[-75.84425,39.22967],[-75.84508,39.23208],[-75.84591,39.2345],[-75.84679,39.23704],[-75.84768,39.2396],[-75.84651,39.24134],[-75.84625,39.24172],[-75.845,39.2436],[-75.84494,39.24368],[-75.84485,39.24382],[-75.84344,39.24592],[-75.84203,39.24802],[-75.84063,39.25013],[-75.83822,39.25136],[-75.83535,39.25284],[-75.83424,39.25341],[-75.83249,39.2543],[-75.82961,39.25577],[-75.8279,39.25781],[-75.82618,39.25985],[-75.82444,39.26189],[-75.82271,39.26393],[-75.82099,39.26598],[-75.81925,39.26803],[-75.81694,39.26942],[-75.81617,39.27177],[-75.81539,39.27413],[-75.81456,39.27667],[-75.81372,39.2792],[-75.81287,39.28173],[-75.81204,39.28427],[-75.81121,39.28681],[-75.81037,39.28936],[-75.80957,39.29179],[-75.80876,39.29423],[-75.80796,39.29667],[-75.80718,39.2991],[-75.80637,39.30155],[-75.80557,39.30399],[-75.80476,39.30643],[-75.80392,39.309],[-75.8018,39.31066],[-75.79948,39.31249],[-75.79716,39.31431],[-75.79511,39.31636],[-75.79531,39.319],[-75.79552,39.32166],[-75.79572,39.3243],[-75.79592,39.32695],[-75.79613,39.32961],[-75.79632,39.33227],[-75.79547,39.3349],[-75.79463,39.33749],[-75.79377,39.3401],[-75.79291,39.34271],[-75.79206,39.3453],[-75.7912,39.34791],[-75.79034,39.35053],[-75.78759,39.35189],[-75.7849,39.35321],[-75.7822,39.35453],[-75.77951,39.35585],[-75.77804,39.35822],[-75.7766,39.36054],[-75.77512,39.3629],[-75.77362,39.36532],[-75.77211,39.36774],[-75.7706,39.37017],[-75.76909,39.3726],[-75.76801,39.37496],[-75.76693,39.37732],[-75.76585,39.37969],[-75.76599,39.38149],[-75.76643,39.38679],[-75.76429,39.38801],[-75.75714,39.392],[-75.76069,39.39639],[-75.76451,39.40102],[-75.76734,39.40447],[-75.76698,39.4086],[-75.76649,39.41409],[-75.76599,39.41941],[-75.76513,39.42875],[-75.76463,39.4341],[-75.76438,39.43682],[-75.76379,39.44296],[-75.7609,39.44538],[-75.76217,39.44935],[-75.76952,39.45479],[-75.77138,39.45958],[-75.77206,39.467],[-75.7728,39.47512],[-75.7733,39.48122],[-75.77329,39.48372],[-75.77332,39.48859],[-75.77346,39.49102],[-75.77418,39.50127],[-75.77477,39.50921],[-75.77563,39.51868],[-75.77659,39.52895],[-75.77553,39.53297],[-75.77427,39.53737],[-75.77307,39.54173],[-75.7743,39.54748],[-75.77856,39.5524],[-75.77966,39.56509],[-75.78023,39.57238],[-75.78094,39.57435],[-75.78144,39.58093],[-75.78198,39.58747],[-75.78166,39.59001],[-75.78189,39.59243],[-75.78346,39.59936],[-75.78383,39.60113],[-75.78395,39.60286],[-75.78335,39.6046],[-75.78433,39.60756],[-75.78459,39.6107],[-75.77724,39.61226],[-75.77264,39.6126],[-75.76756,39.61289],[-75.76524,39.6131],[-75.76308,39.61326],[-75.76322,39.61486],[-75.76368,39.62021],[-75.75933,39.62058],[-75.75273,39.62112],[-75.75063,39.62131],[-75.74575,39.62089],[-75.74361,39.62068],[-75.74321,39.62178],[-75.74215,39.62515],[-75.73706,39.62791],[-75.73583,39.62857],[-75.73282,39.63044],[-75.73183,39.6311],[-75.73205,39.63163],[-75.73227,39.63215],[-75.73272,39.63322],[-75.73288,39.63359],[-75.73311,39.63414],[-75.73245,39.63455],[-75.73229,39.6344],[-75.73219,39.63431],[-75.73093,39.63341]]}},{"type":"Feature","properties":{"id":"149725","type":"AC; OVERHEAD","status":"IN SERVICE","owner":"PECO ENERGY CO","voltage":230,"voltClass":"220-287"},"geometry":{"type":"LineString","coordinates":[[-75.43315,39.81803],[-75.43354,39.81827],[-75.43396,39.81807],[-75.43432,39.81778],[-75.4328,39.81565]]}},{"type":"Feature","properties":{"id":"148222","type":"AC; OVERHEAD","status":"IN SERVICE","owner":"DELMARVA POWER","voltage":138,"voltClass":"100-161"},"geometry":{"type":"LineString","coordinates":[[-75.77151,39.6128],[-75.77176,39.61253],[-75.77218,39.61246],[-75.77234,39.61243],[-75.77357,39.61229],[-75.77481,39.61221],[-75.77604,39.61211],[-75.77726,39.61202],[-75.77847,39.61176],[-75.77966,39.6115],[-75.78085,39.61124],[-75.78205,39.61098],[-75.78325,39.61072],[-75.78447,39.61045],[-75.785,39.61034],[-75.78499,39.6102],[-75.78488,39.60913],[-75.78474,39.6075],[-75.78431,39.60617],[-75.78377,39.60459],[-75.78438,39.60293],[-75.78424,39.60108],[-75.78384,39.59933],[-75.78345,39.59759],[-75.78306,39.59585],[-75.78269,39.5941],[-75.7823,39.59236],[-75.78214,39.59039],[-75.78205,39.58954],[-75.78232,39.58761],[-75.78215,39.5857],[-75.782,39.58381],[-75.78184,39.58191],[-75.78168,39.58001],[-75.78153,39.57812],[-75.78137,39.57622],[-75.78123,39.57433],[-75.78068,39.57276],[-75.78051,39.57064],[-75.78034,39.56857],[-75.78017,39.56647],[-75.78,39.5644],[-75.77984,39.56232],[-75.77967,39.56026],[-75.77949,39.55818],[-75.77932,39.55611],[-75.77916,39.55405],[-75.77902,39.55226],[-75.77774,39.55083],[-75.77646,39.54939],[-75.77519,39.54795],[-75.77471,39.54742],[-75.77435,39.54567],[-75.77397,39.54391],[-75.7736,39.54216],[-75.77506,39.54183],[-75.7764,39.53922],[-75.7765,39.53731],[-75.77675,39.53333],[-75.77689,39.531],[-75.77702,39.5289],[-75.77683,39.52685],[-75.77665,39.52479],[-75.77645,39.52274],[-75.77627,39.52068],[-75.77609,39.51874],[-75.77592,39.5168],[-75.77574,39.51485],[-75.77557,39.51291],[-75.7754,39.51097],[-75.77521,39.50903],[-75.77504,39.50708],[-75.7749,39.50504],[-75.77476,39.50301],[-75.77462,39.50098],[-75.77449,39.49894],[-75.77435,39.49691],[-75.77421,39.49487],[-75.77407,39.49283],[-75.77394,39.4908],[-75.7738,39.48876],[-75.77377,39.48836],[-75.77324,39.48833],[-75.77295,39.48832],[-75.77108,39.48825],[-75.76919,39.48819],[-75.76732,39.48812],[-75.76544,39.48804],[-75.76443,39.4887],[-75.76271,39.48869],[-75.76099,39.48869],[-75.75928,39.48869],[-75.75755,39.48869],[-75.75583,39.48871],[-75.7542,39.4878],[-75.75256,39.48689],[-75.75079,39.48742],[-75.74904,39.48793],[-75.74727,39.48845],[-75.74551,39.48896],[-75.74375,39.48946],[-75.74349,39.48953],[-75.74266,39.48965]]}},{"type":"Feature","properties":{"id":"148345","type":"AC; OVERHEAD","status":"IN SERVICE","owner":"DELMARVA POWER","voltage":138,"voltClass":"100-161"},"geometry":{"type":"LineString","coordinates":[[-75.50974,39.74081],[-75.51046,39.74139],[-75.51153,39.74121],[-75.51344,39.74024],[-75.51523,39.73919],[-75.5169,39.73804],[-75.51839,39.73689],[-75.51886,39.73513],[-75.52025,39.73376],[-75.52241,39.73304],[-75.52673,39.73005],[-75.53134,39.72647],[-75.53362,39.72472],[-75.53525,39.72356],[-75.53677,39.72237],[-75.53721,39.72289],[-75.53745,39.72405],[-75.53769,39.72529],[-75.5383,39.72802],[-75.53819,39.72898],[-75.53813,39.72948],[-75.538,39.7301],[-75.53786,39.73079],[-75.53769,39.7315],[-75.53787,39.73187],[-75.53813,39.7318],[-75.53829,39.73163]]}},{"type":"Feature","properties":{"id":"147293","type":"AC; OVERHEAD","status":"IN SERVICE","owner":"DELMARVA POWER","voltage":230,"voltClass":"220-287"},"geometry":{"type":"LineString","coordinates":[[-75.24352,38.58561],[-75.24346,38.58509],[-75.24315,38.58457],[-75.24312,38.58451],[-75.24299,38.5843],[-75.24252,38.58352],[-75.24131,38.58366],[-75.24118,38.58367],[-75.24112,38.58367],[-75.24095,38.58369],[-75.2406,38.58377]]}},{"type":"Feature","properties":{"id":"150257","type":"AC; OVERHEAD","status":"IN SERVICE","owner":"PECO ENERGY CO","voltage":230,"voltClass":"220-287"},"geometry":{"type":"LineString","coordinates":[[-75.42124,39.80743],[-75.42336,39.81017],[-75.42359,39.81108],[-75.42645,39.81472],[-75.42949,39.8133],[-75.43157,39.81585],[-75.43253,39.81655],[-75.43315,39.81803]]}},{"type":"Feature","properties":{"id":"151153","type":"AC; OVERHEAD","status":null,"owner":"DELMARVA POWER","voltage":138,"voltClass":"100-161"},"geometry":{"type":"LineString","coordinates":[[-75.63324,39.59339],[-75.63097,39.59366]]}},{"type":"Feature","properties":{"id":"150665","type":"AC; OVERHEAD","status":"IN SERVICE","owner":"DELMARVA POWER","voltage":138,"voltClass":"100-161"},"geometry":{"type":"LineString","coordinates":[[-75.61763,38.66586],[-75.61811,38.66601],[-75.61874,38.66602],[-75.6195,38.66602],[-75.62028,38.66601],[-75.62105,38.666],[-75.62192,38.666],[-75.62201,38.66648],[-75.62193,38.66709],[-75.62185,38.66769],[-75.62177,38.6683],[-75.62167,38.66891],[-75.62156,38.66951],[-75.62143,38.67011],[-75.6213,38.67078],[-75.62116,38.67144],[-75.62102,38.6721],[-75.62088,38.67277],[-75.62074,38.67343],[-75.6206,38.67409],[-75.62046,38.67476],[-75.62032,38.67542],[-75.62018,38.67609],[-75.62004,38.67675],[-75.6199,38.67741],[-75.61977,38.67806],[-75.61962,38.67872],[-75.61949,38.67937],[-75.61935,38.68002],[-75.61921,38.68067],[-75.61908,38.68132],[-75.61894,38.68197],[-75.6188,38.68262],[-75.61867,38.68327],[-75.61853,38.68392],[-75.61839,38.68457],[-75.61798,38.68519],[-75.61524,38.69831],[-75.61514,38.69924],[-75.61501,38.69988],[-75.61495,38.70027],[-75.61502,38.70057],[-75.61489,38.70122],[-75.61476,38.70187],[-75.61462,38.70252],[-75.61448,38.70317],[-75.61434,38.70382],[-75.61421,38.70447],[-75.61407,38.70512],[-75.61393,38.70577],[-75.61378,38.70642],[-75.61365,38.70707],[-75.61351,38.70773],[-75.61337,38.70839],[-75.61324,38.70904],[-75.6131,38.70969],[-75.61296,38.71034],[-75.61281,38.711],[-75.61268,38.71165],[-75.61255,38.7123],[-75.61242,38.71295],[-75.61228,38.7136],[-75.61213,38.71426],[-75.612,38.71491],[-75.61187,38.71556],[-75.61173,38.71621],[-75.61158,38.71687],[-75.61146,38.71752],[-75.61131,38.71818],[-75.61118,38.71882],[-75.61102,38.71948],[-75.61089,38.72013],[-75.61076,38.72078],[-75.61062,38.72144],[-75.61048,38.72209],[-75.61035,38.72275],[-75.61021,38.7234],[-75.61008,38.72405],[-75.60994,38.7247],[-75.6098,38.72535],[-75.60966,38.72601],[-75.60952,38.72666],[-75.60937,38.72731],[-75.60925,38.72795],[-75.60912,38.7286],[-75.60898,38.72926],[-75.60885,38.7299],[-75.60873,38.73045],[-75.6086,38.73104],[-75.60848,38.73163],[-75.60836,38.73222],[-75.60824,38.73281],[-75.60811,38.73341],[-75.60799,38.73398],[-75.60787,38.73458],[-75.60773,38.73516],[-75.60758,38.73577],[-75.60746,38.73632],[-75.60734,38.73694],[-75.60721,38.73755],[-75.60708,38.73817],[-75.60695,38.73879],[-75.6068,38.73942],[-75.60668,38.74003],[-75.60655,38.74064],[-75.60642,38.74126],[-75.6063,38.74183],[-75.60621,38.74236],[-75.60608,38.74298],[-75.60594,38.74361],[-75.60581,38.74425],[-75.60567,38.74487],[-75.60554,38.7455],[-75.60541,38.74613],[-75.60528,38.74677],[-75.60514,38.7474],[-75.60501,38.74803],[-75.60487,38.74867],[-75.60474,38.7493],[-75.6046,38.74993],[-75.60447,38.75057],[-75.60434,38.75119],[-75.6042,38.75181],[-75.60408,38.75245],[-75.60394,38.75309],[-75.6038,38.75373],[-75.60367,38.75435],[-75.60352,38.75501],[-75.6034,38.75562],[-75.60327,38.75625],[-75.60313,38.75689],[-75.603,38.75751],[-75.60287,38.75815],[-75.60274,38.75877],[-75.60261,38.75941],[-75.60247,38.76003],[-75.60234,38.76066],[-75.60219,38.76135],[-75.60207,38.76194],[-75.60194,38.76259],[-75.6018,38.76323],[-75.60166,38.76388],[-75.60153,38.76452],[-75.60138,38.76518],[-75.60124,38.76583],[-75.60111,38.76647],[-75.60098,38.76712],[-75.60084,38.76777],[-75.60071,38.76842],[-75.60057,38.76906],[-75.60043,38.76971],[-75.6003,38.77035],[-75.60016,38.771],[-75.60002,38.77166],[-75.59989,38.7723],[-75.59975,38.77295],[-75.59962,38.77359],[-75.59947,38.77425],[-75.59934,38.77489],[-75.5992,38.77554],[-75.59906,38.77619],[-75.59893,38.77683],[-75.5988,38.77748],[-75.59866,38.77812],[-75.59853,38.77877],[-75.59839,38.77943],[-75.59825,38.78008],[-75.59811,38.78074],[-75.59798,38.78138],[-75.59784,38.78203],[-75.5977,38.78268],[-75.59756,38.78334],[-75.59743,38.78398],[-75.59729,38.78463],[-75.59716,38.78528],[-75.59701,38.78593],[-75.59688,38.78658],[-75.59674,38.78723],[-75.59661,38.78788],[-75.59647,38.78852],[-75.59633,38.78917],[-75.5962,38.7898],[-75.59606,38.79045],[-75.59591,38.7911],[-75.5958,38.79172],[-75.59566,38.79236],[-75.59552,38.793],[-75.59539,38.79365],[-75.59525,38.79429],[-75.59512,38.79492],[-75.59499,38.79556],[-75.59485,38.79621],[-75.59471,38.79685],[-75.59457,38.79751],[-75.59444,38.79813],[-75.59431,38.79877],[-75.59417,38.79941],[-75.59404,38.80006],[-75.5939,38.8007],[-75.59376,38.80134],[-75.59363,38.80198],[-75.5935,38.80262],[-75.59336,38.80326],[-75.59323,38.80391],[-75.59309,38.80455],[-75.59295,38.80518],[-75.59283,38.80583],[-75.5927,38.80647],[-75.59257,38.80707],[-75.59243,38.8077],[-75.5923,38.80833],[-75.59218,38.80897],[-75.59204,38.80962],[-75.59189,38.81027],[-75.59175,38.81092],[-75.59161,38.81157],[-75.59148,38.81221],[-75.59135,38.81285],[-75.59121,38.8135],[-75.59108,38.81415],[-75.59094,38.81479],[-75.5908,38.81544],[-75.59067,38.81609],[-75.59053,38.81672],[-75.59039,38.81737],[-75.59025,38.81802],[-75.59012,38.81866],[-75.58998,38.81931],[-75.58985,38.81996],[-75.58972,38.82061],[-75.58957,38.82126],[-75.58943,38.82191],[-75.5893,38.82256],[-75.58916,38.82321],[-75.58902,38.82386],[-75.58889,38.82451],[-75.58874,38.82517],[-75.5886,38.82582],[-75.58847,38.82647],[-75.58834,38.82711],[-75.5882,38.82777],[-75.58806,38.82842],[-75.58793,38.82906],[-75.58778,38.82972],[-75.58766,38.83037],[-75.58753,38.83101],[-75.58739,38.83166],[-75.58724,38.83231],[-75.5871,38.83296],[-75.58695,38.83362],[-75.58683,38.83426],[-75.58669,38.83492],[-75.58655,38.83557],[-75.58642,38.83621],[-75.58629,38.83686],[-75.58616,38.83751],[-75.58602,38.83817],[-75.58587,38.83881],[-75.58573,38.83947],[-75.58559,38.84011],[-75.58546,38.84077],[-75.58532,38.84141],[-75.58519,38.84206],[-75.58505,38.84272],[-75.58491,38.84336],[-75.58478,38.84402],[-75.58464,38.84467],[-75.58451,38.84531],[-75.58436,38.84597],[-75.58422,38.84662],[-75.58409,38.84726],[-75.58395,38.84791],[-75.58382,38.84855],[-75.58368,38.84922],[-75.58354,38.84984],[-75.5834,38.8505],[-75.58327,38.85114],[-75.58313,38.85181],[-75.58299,38.85244],[-75.58285,38.85309],[-75.58272,38.85374],[-75.58259,38.85438],[-75.58245,38.85503],[-75.58231,38.85568],[-75.58218,38.85633],[-75.58202,38.85698],[-75.5819,38.85762],[-75.58177,38.85826],[-75.58163,38.8589],[-75.58148,38.85955],[-75.58134,38.86018],[-75.5812,38.86083],[-75.58106,38.86148],[-75.58095,38.8621],[-75.58082,38.86275],[-75.58068,38.86339],[-75.58055,38.86404],[-75.58041,38.86468],[-75.58027,38.86532],[-75.58014,38.86596],[-75.58002,38.8666],[-75.57988,38.86727],[-75.57974,38.8679],[-75.5796,38.86854],[-75.57946,38.86919],[-75.57933,38.86982],[-75.5792,38.87045],[-75.57906,38.87108],[-75.57893,38.87171],[-75.57879,38.87235],[-75.57866,38.87298],[-75.57852,38.87361],[-75.57839,38.87423],[-75.57825,38.87487],[-75.57811,38.8755],[-75.57798,38.87613],[-75.57784,38.87676],[-75.57772,38.87739],[-75.57758,38.87804],[-75.57744,38.87866],[-75.5773,38.8793],[-75.57717,38.87992],[-75.57705,38.88054],[-75.57692,38.88119],[-75.5768,38.88183],[-75.57669,38.88247],[-75.5766,38.88311],[-75.57652,38.88376],[-75.57644,38.88441],[-75.57638,38.88506],[-75.57633,38.88571],[-75.5763,38.88638],[-75.57627,38.88704],[-75.57627,38.88769],[-75.57627,38.88834],[-75.57629,38.88899],[-75.57631,38.88964],[-75.57633,38.89025],[-75.57635,38.89084],[-75.57637,38.89146],[-75.57645,38.89228],[-75.57652,38.89271],[-75.57658,38.89311],[-75.57735,38.89356],[-75.57895,38.89371],[-75.5792,38.89396]]}},{"type":"Feature","properties":{"id":"150681","type":"AC; OVERHEAD","status":"IN SERVICE","owner":"ATLANTIC CITY ELECTRIC CO","voltage":500,"voltClass":"500"},"geometry":{"type":"LineString","coordinates":[[-75.53262,39.46341],[-75.53045,39.4633],[-75.52779,39.46612],[-75.52484,39.46903],[-75.52222,39.47161],[-75.52012,39.47368],[-75.51577,39.47586],[-75.51105,39.47823],[-75.50697,39.48028],[-75.49918,39.48271],[-75.49434,39.48462],[-75.48966,39.48708],[-75.48458,39.48933],[-75.47939,39.49163],[-75.47471,39.4937],[-75.46983,39.49586],[-75.46571,39.49597],[-75.46075,39.49609],[-75.4556,39.49623],[-75.44998,39.49637],[-75.44432,39.49652],[-75.44014,39.49663],[-75.43597,39.49673],[-75.43118,39.49686],[-75.4264,39.49699],[-75.42145,39.49711],[-75.41641,39.49724],[-75.41184,39.49736],[-75.40698,39.49748],[-75.40199,39.49761],[-75.39701,39.49774],[-75.39226,39.49786],[-75.38733,39.49799],[-75.38275,39.4981],[-75.37774,39.49823],[-75.37276,39.49836],[-75.36892,39.50129],[-75.36539,39.504],[-75.36224,39.50641],[-75.35928,39.50867],[-75.3551,39.51187],[-75.35117,39.51488],[-75.3516,39.51904],[-75.35203,39.5231],[-75.35013,39.52617],[-75.34842,39.52895],[-75.34657,39.53194],[-75.34442,39.53542],[-75.34237,39.53874],[-75.34085,39.54121],[-75.33759,39.54345],[-75.33405,39.54588],[-75.33073,39.54816],[-75.32778,39.55018],[-75.32407,39.55273],[-75.32077,39.555],[-75.31751,39.55724],[-75.30759,39.56405],[-75.30659,39.56474],[-75.30483,39.56595],[-75.30068,39.56879],[-75.29808,39.57116],[-75.29577,39.57325],[-75.29306,39.5757],[-75.28998,39.5785],[-75.28515,39.57924],[-75.28044,39.57997],[-75.27664,39.58055],[-75.27226,39.58123],[-75.26802,39.58189],[-75.26362,39.58256],[-75.26014,39.5831],[-75.25543,39.58383],[-75.25235,39.58585],[-75.24912,39.58798],[-75.24847,39.58746],[-75.24728,39.58601]]}},{"type":"Feature","properties":{"id":"150913","type":"AC; OVERHEAD","status":"IN SERVICE","owner":"DELMARVA POWER","voltage":230,"voltClass":"220-287"},"geometry":{"type":"LineString","coordinates":[[-75.62912,39.60837],[-75.62861,39.60763],[-75.62783,39.60706],[-75.62924,39.6063],[-75.63069,39.6063],[-75.63319,39.60625],[-75.63557,39.60621],[-75.63795,39.60546],[-75.64036,39.60476],[-75.64244,39.60412],[-75.64467,39.60341],[-75.64716,39.60365],[-75.64947,39.60391],[-75.65177,39.60414],[-75.65308,39.60487],[-75.65478,39.60583],[-75.65498,39.60765],[-75.65509,39.60907],[-75.65525,39.61069],[-75.65543,39.61259],[-75.65554,39.61431],[-75.65804,39.61449],[-75.66041,39.61465],[-75.6629,39.6148],[-75.66544,39.61495],[-75.66736,39.61481],[-75.66904,39.61466],[-75.67086,39.61448],[-75.67113,39.61623],[-75.67149,39.6181],[-75.67186,39.61999],[-75.67232,39.62201],[-75.67262,39.62382],[-75.67304,39.62579],[-75.67447,39.62711],[-75.67604,39.62855],[-75.67732,39.62975],[-75.67858,39.6309],[-75.67997,39.63218],[-75.68152,39.63357],[-75.68311,39.63498],[-75.68504,39.63547],[-75.68695,39.63595],[-75.68913,39.6365],[-75.69095,39.63692],[-75.69244,39.63574],[-75.69417,39.6344],[-75.69585,39.63309],[-75.69758,39.63177],[-75.70199,39.6311],[-75.70402,39.63081],[-75.70613,39.63068],[-75.70802,39.63067],[-75.71047,39.63067],[-75.71297,39.63067],[-75.71537,39.63067],[-75.71548,39.63155],[-75.71555,39.63238],[-75.71574,39.63408],[-75.71598,39.63607],[-75.71625,39.638],[-75.71709,39.63924],[-75.71756,39.63987],[-75.71923,39.63889],[-75.7209,39.63782],[-75.72254,39.6368],[-75.72418,39.63573],[-75.72503,39.6352],[-75.72526,39.63505],[-75.72582,39.63525],[-75.72657,39.63552],[-75.72799,39.63602],[-75.72901,39.63585],[-75.72915,39.63583],[-75.73072,39.63485],[-75.73119,39.63456],[-75.73093,39.63341]]}},{"type":"Feature","properties":{"id":"157249","type":"AC; OVERHEAD","status":"IN SERVICE","owner":"PUBLIC SERVICE ELEC & GAS CO","voltage":230,"voltClass":"220-287"},"geometry":{"type":"LineString","coordinates":[[-75.13694,39.85901],[-75.13729,39.85834],[-75.13768,39.85856],[-75.13801,39.85839],[-75.14026,39.85551],[-75.14092,39.85455],[-75.14149,39.85338],[-75.14204,39.85226],[-75.14257,39.85115],[-75.14414,39.84784],[-75.14633,39.84299],[-75.14717,39.8419],[-75.14906,39.84167],[-75.15276,39.84283],[-75.15603,39.84271],[-75.16057,39.84516],[-75.16378,39.8461],[-75.1694,39.84626],[-75.17287,39.8463],[-75.17527,39.8438],[-75.17741,39.84126],[-75.18085,39.84039],[-75.18448,39.83923],[-75.18813,39.83809],[-75.18886,39.83735],[-75.18921,39.8371]]}},{"type":"Feature","properties":{"id":"157354","type":"AC; OVERHEAD","status":"IN SERVICE","owner":"ATLANTIC CITY ELECTRIC CO","voltage":138,"voltClass":"100-161"},"geometry":{"type":"LineString","coordinates":[[-75.05804,39.44979],[-75.05703,39.44947],[-75.03357,39.4349],[-75.0214,39.43465],[-75.01869,39.43458],[-75.01572,39.43356],[-75.00978,39.43139],[-75.00672,39.4303],[-75.0032,39.42905],[-75.0006,39.42812],[-74.99832,39.42667],[-74.9961,39.42529],[-74.99374,39.42383],[-74.99246,39.42299],[-74.99081,39.4219],[-74.983,39.41716],[-74.98031,39.41549],[-74.97714,39.41352],[-74.97406,39.41162],[-74.97074,39.40956],[-74.96812,39.40794],[-74.96534,39.40621],[-74.9625,39.40444],[-74.95973,39.40271],[-74.95697,39.40102],[-74.95464,39.39955],[-74.95213,39.39801],[-74.95005,39.39676],[-74.9498,39.39648],[-74.95167,39.39535],[-74.95347,39.39423],[-74.95471,39.39233],[-74.95633,39.38973],[-74.95792,39.38701],[-74.95884,39.38528],[-74.95978,39.38319],[-74.96097,39.38075],[-74.96334,39.38142],[-74.96557,39.37664],[-74.96639,39.37611]]}},{"type":"Feature","properties":{"id":"157353","type":"OVERHEAD","status":null,"owner":null,"voltage":138,"voltClass":"100-161"},"geometry":{"type":"LineString","coordinates":[[-75.05804,39.44979],[-75.05786,39.45026],[-75.05786,39.45091]]}},{"type":"Feature","properties":{"id":"158335","type":"AC; OVERHEAD","status":"IN SERVICE","owner":null,"voltage":230,"voltClass":"220-287"},"geometry":{"type":"LineString","coordinates":[[-75.22104,39.83992],[-75.22102,39.8394],[-75.2218,39.83796],[-75.22509,39.837],[-75.22903,39.83579],[-75.22765,39.833],[-75.22601,39.83001],[-75.22504,39.82809],[-75.22192,39.82289],[-75.22011,39.81913],[-75.22665,39.81498],[-75.22955,39.81316],[-75.23859,39.81168],[-75.24155,39.81118],[-75.24446,39.81251],[-75.24772,39.81221],[-75.24843,39.8118],[-75.24921,39.81186]]}},{"type":"Feature","properties":{"id":"127362","type":"AC; OVERHEAD","status":"IN SERVICE","owner":"DELMARVA POWER","voltage":138,"voltClass":"100-161"},"geometry":{"type":"LineString","coordinates":[[-75.68877,39.78988],[-75.68886,39.78966],[-75.68878,39.7895],[-75.69,39.7889],[-75.69278,39.78791],[-75.6934,39.78772],[-75.69429,39.78765],[-75.69492,39.78759],[-75.69558,39.78754],[-75.69629,39.78748],[-75.69719,39.78734],[-75.69823,39.78704],[-75.69893,39.78682],[-75.69962,39.78659],[-75.70032,39.78637],[-75.70098,39.78616],[-75.70167,39.78594],[-75.70236,39.78571],[-75.70305,39.78548],[-75.70362,39.78536],[-75.7044,39.78522],[-75.7049,39.78513],[-75.70524,39.78474],[-75.70561,39.78428],[-75.70589,39.78392],[-75.70629,39.78342],[-75.70666,39.78298],[-75.70701,39.78255],[-75.70732,39.78216],[-75.70771,39.78169],[-75.70812,39.78124],[-75.70856,39.78078],[-75.70895,39.78038],[-75.70929,39.78006],[-75.70977,39.77962],[-75.71018,39.77924],[-75.71056,39.77888],[-75.71096,39.77852],[-75.71145,39.77805],[-75.71194,39.77758],[-75.71231,39.77724],[-75.71278,39.77681],[-75.71323,39.77639],[-75.71353,39.7761],[-75.71398,39.77569],[-75.71379,39.77555],[-75.71342,39.7753],[-75.71335,39.77514]]}},{"type":"Feature","properties":{"id":"136814","type":"AC; OVERHEAD","status":"IN SERVICE","owner":"DELMARVA POWER","voltage":138,"voltClass":"100-161"},"geometry":{"type":"LineString","coordinates":[[-75.50479,39.74863],[-75.50463,39.74853],[-75.5047,39.74807],[-75.50479,39.74796],[-75.50476,39.74777]]}},{"type":"Feature","properties":{"id":"123478","type":"AC; OVERHEAD","status":"IN SERVICE","owner":"DELMARVA POWER","voltage":138,"voltClass":"100-161"},"geometry":{"type":"LineString","coordinates":[[-75.50476,39.74777],[-75.50495,39.74775],[-75.50519,39.74759],[-75.50569,39.7473],[-75.50582,39.74746]]}},{"type":"Feature","properties":{"id":"124526","type":"AC; OVERHEAD","status":"IN SERVICE","owner":"DELMARVA POWER","voltage":138,"voltClass":"100-161"},"geometry":{"type":"LineString","coordinates":[[-75.50479,39.74863],[-75.50582,39.74746]]}},{"type":"Feature","properties":{"id":"157155","type":"AC; OVERHEAD","status":"IN SERVICE","owner":"DELMARVA POWER","voltage":138,"voltClass":"100-161"},"geometry":{"type":"LineString","coordinates":[[-75.24175,38.586],[-75.24102,38.58559],[-75.23982,38.58559],[-75.23942,38.58575]]}},{"type":"Feature","properties":{"id":"157154","type":"AC; OVERHEAD","status":"IN SERVICE","owner":"DELMARVA POWER","voltage":138,"voltClass":"100-161"},"geometry":{"type":"LineString","coordinates":[[-75.23189,38.42322],[-75.23182,38.42363],[-75.23162,38.42409],[-75.23367,38.42942],[-75.23693,38.43831],[-75.23974,38.44605],[-75.24167,38.45132],[-75.24595,38.46318],[-75.24348,38.47069],[-75.23854,38.49478],[-75.23808,38.49676],[-75.24247,38.50653],[-75.24706,38.5149],[-75.24802,38.51645],[-75.24726,38.52185],[-75.24616,38.5239],[-75.24555,38.52417],[-75.24047,38.52643],[-75.24352,38.53413],[-75.24636,38.54113],[-75.25098,38.55252],[-75.2536,38.55934],[-75.25469,38.56075],[-75.26015,38.56489],[-75.2574,38.56812],[-75.2525,38.57348],[-75.24561,38.58127]]}},{"type":"Feature","properties":{"id":"135965","type":"AC; OVERHEAD","status":"IN SERVICE","owner":"ATLANTIC CITY ELECTRIC CO","voltage":138,"voltClass":"100-161"},"geometry":{"type":"LineString","coordinates":[[-75.50731,39.68289],[-75.50706,39.6824],[-75.50633,39.68205],[-75.5038,39.68064],[-75.50115,39.67916],[-75.50041,39.67876],[-75.49917,39.67806],[-75.49651,39.67658],[-75.49391,39.67514],[-75.49046,39.67433],[-75.4871,39.67354],[-75.48381,39.67276],[-75.48057,39.672],[-75.47758,39.6713],[-75.47442,39.67055],[-75.47149,39.66986],[-75.46816,39.66946],[-75.46527,39.66911],[-75.46242,39.66876],[-75.45969,39.66842],[-75.45698,39.6681],[-75.45408,39.66741],[-75.45095,39.66667],[-75.44799,39.66597],[-75.44469,39.66519],[-75.44089,39.66429],[-75.43791,39.66358],[-75.43464,39.66281],[-75.43171,39.66211],[-75.42855,39.66137],[-75.42579,39.66071],[-75.42285,39.66006],[-75.42024,39.65948],[-75.41755,39.65888],[-75.41459,39.65823],[-75.41185,39.65762],[-75.40815,39.65679],[-75.40513,39.65612],[-75.40219,39.65547],[-75.39839,39.65463],[-75.39565,39.65402],[-75.39201,39.65321],[-75.38886,39.65252],[-75.38587,39.65187],[-75.38316,39.65127],[-75.37995,39.65057],[-75.37721,39.64997],[-75.37282,39.64901],[-75.36975,39.64833],[-75.36685,39.6477],[-75.36374,39.64702],[-75.3607,39.64635],[-75.35774,39.64571],[-75.35495,39.64509],[-75.352,39.64445],[-75.3478,39.64377],[-75.3441,39.64323],[-75.34105,39.64199],[-75.33776,39.6413],[-75.33436,39.64052],[-75.33201,39.63999],[-75.32926,39.63921],[-75.32708,39.63863],[-75.32401,39.6378],[-75.32151,39.63613],[-75.31738,39.63342],[-75.31507,39.6319],[-75.31236,39.63011],[-75.31015,39.62864],[-75.30737,39.6268],[-75.30487,39.62515],[-75.30436,39.62481],[-75.3015,39.62292],[-75.29926,39.62144],[-75.29683,39.61983],[-75.29444,39.61825],[-75.292,39.61664],[-75.28922,39.6148],[-75.28619,39.6128],[-75.28337,39.61093],[-75.28106,39.6094],[-75.27865,39.60781],[-75.27602,39.60607],[-75.27329,39.60426],[-75.27069,39.60254],[-75.25281,39.59071],[-75.25025,39.58902],[-75.24928,39.58838],[-75.2486,39.58805],[-75.24725,39.58842],[-75.24657,39.58658],[-75.24286,39.58413],[-75.24021,39.58237],[-75.23756,39.58062],[-75.2352,39.57906],[-75.23278,39.57746],[-75.23036,39.57585],[-75.22785,39.57419],[-75.22554,39.57266],[-75.22275,39.5708],[-75.18716,39.56328],[-75.18404,39.56262],[-75.18085,39.56193],[-75.17814,39.56135],[-75.17492,39.56067],[-75.17192,39.56002],[-75.16885,39.55937],[-75.16598,39.55875],[-75.16286,39.55809],[-75.1593,39.55733],[-75.15624,39.55667],[-75.15307,39.556],[-75.14947,39.55523],[-75.14671,39.55464],[-75.14353,39.55396],[-75.14038,39.55328],[-75.13399,39.55192],[-75.1275,39.55053],[-75.07981,39.54034],[-75.05304,39.5346],[-75.05158,39.53417],[-75.05112,39.53391]]}},{"type":"Feature","properties":{"id":"114553","type":"AC; OVERHEAD","status":"IN SERVICE","owner":"ATLANTIC CITY ELECTRIC CO","voltage":230,"voltClass":"220-287"},"geometry":{"type":"LineString","coordinates":[[-75.4243,39.76763],[-75.42459,39.76738],[-75.42488,39.76727],[-75.42569,39.76613],[-75.42529,39.76205],[-75.42251,39.76173],[-75.42094,39.76022],[-75.42117,39.75858],[-75.42164,39.75513],[-75.42261,39.75276],[-75.42353,39.75054],[-75.42436,39.74851],[-75.42497,39.74703],[-75.42566,39.74535],[-75.42643,39.74349],[-75.42713,39.74235],[-75.42839,39.74029],[-75.42965,39.73822],[-75.43056,39.73654],[-75.43145,39.7349],[-75.43331,39.73307],[-75.43523,39.73116],[-75.43714,39.72907],[-75.43804,39.72736],[-75.43919,39.72511],[-75.44023,39.72307],[-75.44137,39.72152],[-75.43933,39.72009],[-75.43755,39.71881],[-75.43616,39.71741],[-75.43489,39.71606],[-75.43722,39.71465],[-75.43919,39.71348],[-75.4416,39.71204],[-75.44295,39.71121],[-75.44476,39.71052],[-75.44618,39.70994],[-75.44913,39.70841],[-75.45064,39.70682],[-75.45282,39.70568],[-75.45406,39.70386],[-75.45642,39.70253],[-75.45807,39.70159],[-75.45974,39.70057],[-75.45956,39.69867],[-75.4581,39.6974],[-75.46013,39.69609],[-75.46211,39.69489],[-75.46522,39.69512],[-75.46708,39.69322],[-75.46899,39.6943],[-75.47061,39.69285],[-75.47212,39.69158],[-75.4734,39.69052],[-75.47583,39.69201],[-75.47827,39.69347],[-75.48066,39.69499],[-75.4822,39.69491],[-75.48391,39.69473],[-75.48471,39.69421]]}},{"type":"Feature","properties":{"id":"127706","type":"AC; OVERHEAD","status":"IN SERVICE","owner":"ATLANTIC CITY ELECTRIC CO","voltage":230,"voltClass":"220-287"},"geometry":{"type":"LineString","coordinates":[[-75.50153,39.6747],[-75.50286,39.67489],[-75.50223,39.67601],[-75.5019,39.67888],[-75.50042,39.67874],[-75.49998,39.67916],[-75.49808,39.68016],[-75.49657,39.68065],[-75.49526,39.68266],[-75.4942,39.68425],[-75.49339,39.68548],[-75.49231,39.68608],[-75.49007,39.68729],[-75.49013,39.68898],[-75.48805,39.6906],[-75.4862,39.69229],[-75.48559,39.69268],[-75.4841,39.69301],[-75.48348,39.69362],[-75.48296,39.69414],[-75.48387,39.6946],[-75.48471,39.69421]]}},{"type":"Feature","properties":{"id":"133078","type":"AC; OVERHEAD","status":"IN SERVICE","owner":null,"voltage":230,"voltClass":"220-287"},"geometry":{"type":"LineString","coordinates":[[-75.24921,39.81186],[-75.24953,39.81099],[-75.25198,39.80951],[-75.26382,39.80646],[-75.28319,39.80395],[-75.28911,39.80747],[-75.29047,39.80921],[-75.29941,39.80864],[-75.31197,39.8154],[-75.32177,39.81274],[-75.33163,39.81011],[-75.33492,39.80923],[-75.34297,39.80712],[-75.35297,39.80846],[-75.356,39.80887],[-75.35897,39.80928],[-75.36217,39.80941],[-75.36564,39.80955],[-75.36923,39.80969],[-75.37195,39.81196],[-75.37735,39.81644],[-75.38803,39.82935]]}},{"type":"Feature","properties":{"id":"124146","type":"AC; OVERHEAD","status":"IN SERVICE","owner":"ATLANTIC CITY ELECTRIC CO","voltage":230,"voltClass":"220-287"},"geometry":{"type":"LineString","coordinates":[[-75.24921,39.81186],[-75.24941,39.81091],[-75.24975,39.81044],[-75.25189,39.80936],[-75.25486,39.80859],[-75.25782,39.80783],[-75.26077,39.80707],[-75.26373,39.8063],[-75.26726,39.80585],[-75.27057,39.80541],[-75.27464,39.80491],[-75.27751,39.80452],[-75.27994,39.80421],[-75.2832,39.80379],[-75.28591,39.80536],[-75.2892,39.80737],[-75.29051,39.80907],[-75.2933,39.8089],[-75.29617,39.80868],[-75.2995,39.80849],[-75.30246,39.81005],[-75.30453,39.81121],[-75.30597,39.81196],[-75.30919,39.81369],[-75.31198,39.81523],[-75.31516,39.81432],[-75.31789,39.81361],[-75.3217,39.81259],[-75.32495,39.81178],[-75.32828,39.81082],[-75.33152,39.80997],[-75.3348,39.8091],[-75.33835,39.8082],[-75.34041,39.80765],[-75.34291,39.80695],[-75.3447,39.8072],[-75.3471,39.80753],[-75.35005,39.80791],[-75.35305,39.80831],[-75.35601,39.8087],[-75.35898,39.80913],[-75.36158,39.80922],[-75.36423,39.80935],[-75.36764,39.80948],[-75.37019,39.80908],[-75.37292,39.80904],[-75.37796,39.80488],[-75.37992,39.80372],[-75.38152,39.80235],[-75.38315,39.80097],[-75.38458,39.80015],[-75.38602,39.79936],[-75.38731,39.7985],[-75.38862,39.79764],[-75.39175,39.79709],[-75.39418,39.7965],[-75.3971,39.7958],[-75.39875,39.79544],[-75.39981,39.79524],[-75.40339,39.79306],[-75.4042,39.79244],[-75.40472,39.79306],[-75.40522,39.79315]]}},{"type":"Feature","properties":{"id":"149648","type":"AC; OVERHEAD","status":"IN SERVICE","owner":"ATLANTIC CITY ELECTRIC CO","voltage":230,"voltClass":"220-287"},"geometry":{"type":"LineString","coordinates":[[-75.40522,39.79315],[-75.40509,39.7928],[-75.40435,39.79205],[-75.40327,39.79286],[-75.40199,39.79147],[-75.40067,39.79001],[-75.3994,39.78865],[-75.39914,39.78662],[-75.40107,39.78564],[-75.40308,39.78475],[-75.40478,39.78421],[-75.4066,39.78366],[-75.40819,39.78323],[-75.41021,39.78133],[-75.41387,39.77799],[-75.4159,39.77623],[-75.41773,39.77594],[-75.41924,39.77455],[-75.42063,39.77335],[-75.42235,39.77294],[-75.42398,39.77083],[-75.42548,39.76868],[-75.42504,39.76763],[-75.4243,39.76763]]}},{"type":"Feature","properties":{"id":"119976","type":"AC; OVERHEAD","status":"IN SERVICE","owner":"DELMARVA POWER","voltage":138,"voltClass":"100-161"},"geometry":{"type":"LineString","coordinates":[[-75.84857,39.24288],[-75.84896,39.2427],[-75.84881,39.24227],[-75.84829,39.24075],[-75.84759,39.23874],[-75.8469,39.23672],[-75.84621,39.23471],[-75.84557,39.23285],[-75.84491,39.23095],[-75.84424,39.229],[-75.84358,39.22708],[-75.84288,39.22504],[-75.84218,39.223],[-75.84147,39.22097],[-75.84077,39.21893],[-75.84008,39.21691],[-75.83945,39.21508],[-75.83876,39.21307],[-75.83807,39.21106],[-75.83755,39.20946],[-75.83667,39.20813],[-75.83557,39.20636],[-75.83442,39.20452],[-75.83325,39.20265],[-75.83207,39.20077],[-75.83088,39.19889],[-75.8297,39.19701],[-75.82852,39.19513],[-75.82733,39.19324],[-75.82613,39.19133],[-75.82492,39.1894],[-75.82371,39.18747],[-75.8225,39.18554],[-75.82129,39.18362],[-75.82006,39.18164],[-75.81902,39.17999],[-75.81784,39.17811],[-75.81669,39.17628],[-75.81549,39.17437],[-75.81433,39.17252],[-75.81312,39.1706],[-75.81192,39.1687],[-75.81071,39.16676],[-75.80953,39.16488],[-75.80834,39.16297],[-75.80715,39.16106],[-75.80596,39.15916],[-75.80478,39.15728],[-75.80371,39.15563],[-75.80357,39.15325],[-75.80355,39.15112],[-75.80352,39.149],[-75.80351,39.14689],[-75.80348,39.1447],[-75.80346,39.14253],[-75.80344,39.1404],[-75.80342,39.13817],[-75.8034,39.13603],[-75.80337,39.13395],[-75.80335,39.1319],[-75.80333,39.12984],[-75.80331,39.12778],[-75.80328,39.12572],[-75.80327,39.12394],[-75.80327,39.12366],[-75.80324,39.12161],[-75.80325,39.11954],[-75.80185,39.11766],[-75.80049,39.11577],[-75.79912,39.11388],[-75.79775,39.11199],[-75.79639,39.1101],[-75.79502,39.10821],[-75.79366,39.10632],[-75.7923,39.10442],[-75.79103,39.10267],[-75.7898,39.10096],[-75.78857,39.09926],[-75.78733,39.09755],[-75.78606,39.09584],[-75.78593,39.09369],[-75.78581,39.092],[-75.78568,39.0903],[-75.78555,39.0886],[-75.78543,39.08691],[-75.78529,39.08504],[-75.78513,39.0829],[-75.78497,39.08074],[-75.78481,39.07858],[-75.78465,39.07643],[-75.7845,39.07436],[-75.78434,39.0722],[-75.78419,39.07009],[-75.78405,39.06787],[-75.78256,39.06608],[-75.7811,39.06427],[-75.77964,39.06246],[-75.77819,39.06065],[-75.77673,39.05884],[-75.77527,39.05704],[-75.77405,39.05553],[-75.77258,39.05372],[-75.77108,39.05191],[-75.77127,39.05006],[-75.77142,39.04822],[-75.77158,39.04638],[-75.77173,39.04452],[-75.77189,39.04269],[-75.77201,39.04084],[-75.77305,39.03918],[-75.77423,39.03728],[-75.77513,39.03587],[-75.77465,39.03408],[-75.7742,39.03231],[-75.7737,39.03042],[-75.77466,39.02883],[-75.77559,39.02724],[-75.77653,39.02566],[-75.77746,39.02407],[-75.77841,39.02249],[-75.77871,39.02057],[-75.77903,39.01866],[-75.77935,39.01675],[-75.78031,39.01477],[-75.78125,39.0128],[-75.78218,39.01084],[-75.78317,39.00878],[-75.78412,39.00673],[-75.78546,39.005],[-75.78679,39.00326],[-75.78814,39.00152],[-75.7882,38.99966],[-75.78831,38.99781],[-75.78797,38.99645],[-75.78751,38.99445],[-75.78705,38.99247],[-75.78658,38.99047],[-75.78612,38.98849],[-75.78565,38.98659],[-75.78619,38.98469],[-75.78672,38.98277],[-75.78728,38.98066],[-75.78781,38.97872],[-75.78836,38.97671],[-75.7889,38.97468],[-75.78945,38.97266],[-75.79,38.97063],[-75.79055,38.96861],[-75.79109,38.96659],[-75.79163,38.96457],[-75.79218,38.96255],[-75.79272,38.96052],[-75.79327,38.9585],[-75.79381,38.95648],[-75.79436,38.95445],[-75.79482,38.95274],[-75.79527,38.95109],[-75.79581,38.94911],[-75.79634,38.94714],[-75.79687,38.94518],[-75.79741,38.94321],[-75.79794,38.94124],[-75.79847,38.93928],[-75.799,38.93731],[-75.79953,38.93534],[-75.80007,38.93336],[-75.8006,38.93139],[-75.80116,38.92934],[-75.80171,38.92729],[-75.80226,38.92524],[-75.8028,38.92325],[-75.80334,38.92126],[-75.80385,38.91938],[-75.80436,38.91749],[-75.80493,38.91536],[-75.80549,38.91329],[-75.80605,38.91123],[-75.80661,38.90914],[-75.80712,38.90722],[-75.80766,38.90521],[-75.80812,38.90342],[-75.80963,38.90171],[-75.81112,38.89997],[-75.81146,38.89958],[-75.81176,38.89923]]}},{"type":"Feature","properties":{"id":"142019","type":"AC; OVERHEAD","status":"IN SERVICE","owner":"DELMARVA POWER","voltage":138,"voltClass":"100-161"},"geometry":{"type":"LineString","coordinates":[[-75.72652,39.63391],[-75.72576,39.63378],[-75.72708,39.63295],[-75.72693,39.63265],[-75.72629,39.63135],[-75.72576,39.63039],[-75.72495,39.62926],[-75.72335,39.62613],[-75.72267,39.62488],[-75.72236,39.62427],[-75.72204,39.62363],[-75.72035,39.62039],[-75.72005,39.61975],[-75.71924,39.61846],[-75.71771,39.61678],[-75.71713,39.61628],[-75.71456,39.61461],[-75.71579,39.61365],[-75.71886,39.61325],[-75.72132,39.61293],[-75.72612,39.61337],[-75.72729,39.61345],[-75.72766,39.61348],[-75.72799,39.61325]]}},{"type":"Feature","properties":{"id":"125962","type":"AC; OVERHEAD","status":"IN SERVICE","owner":"DELMARVA POWER","voltage":138,"voltClass":"100-161"},"geometry":{"type":"LineString","coordinates":[[-75.55855,39.67646],[-75.55835,39.67749],[-75.56,39.67685],[-75.56186,39.67782],[-75.56405,39.68071],[-75.56745,39.68506],[-75.5755,39.68543],[-75.57744,39.68564],[-75.57935,39.68664],[-75.58532,39.69089],[-75.58685,39.692],[-75.58931,39.69479],[-75.59052,39.69617],[-75.59439,39.69814],[-75.60194,39.69654],[-75.60328,39.69656]]}},{"type":"Feature","properties":{"id":"166664","type":"AC; OVERHEAD","status":"IN SERVICE","owner":"DELMARVA POWER","voltage":138,"voltClass":"100-161"},"geometry":{"type":"LineString","coordinates":[[-75.60328,39.69656],[-75.60478,39.69647],[-75.60675,39.69631],[-75.60874,39.69618],[-75.61079,39.69605],[-75.61219,39.69742],[-75.61367,39.69875],[-75.61516,39.69992],[-75.61652,39.70096],[-75.61886,39.70111],[-75.62114,39.70125],[-75.62342,39.7014],[-75.62568,39.70153],[-75.62797,39.70165],[-75.62901,39.70293],[-75.63008,39.70421],[-75.63116,39.7055],[-75.63223,39.70678],[-75.63337,39.70816],[-75.63308,39.70973],[-75.63292,39.71114],[-75.63277,39.71255],[-75.6326,39.71397],[-75.63243,39.71542],[-75.6319,39.71707],[-75.63142,39.71857],[-75.63097,39.72007],[-75.63049,39.72157],[-75.63031,39.72313],[-75.63016,39.72469],[-75.63102,39.72491],[-75.63131,39.72546],[-75.63007,39.72574]]}},{"type":"Feature","properties":{"id":"166663","type":"AC; OVERHEAD","status":"IN SERVICE","owner":"DELMARVA POWER","voltage":138,"voltClass":"100-161"},"geometry":{"type":"LineString","coordinates":[[-75.66586,39.65942],[-75.66526,39.65928],[-75.66485,39.65928],[-75.66297,39.66026],[-75.66204,39.66082],[-75.66009,39.6619],[-75.65719,39.66352],[-75.65678,39.66535],[-75.65381,39.66775],[-75.65233,39.66902],[-75.65127,39.66974],[-75.64851,39.66848],[-75.64605,39.66949],[-75.64498,39.66994],[-75.64409,39.67109],[-75.64429,39.67377],[-75.64036,39.67474],[-75.63804,39.67525],[-75.63612,39.67572],[-75.63439,39.67718],[-75.62963,39.68127],[-75.62839,39.6823],[-75.62512,39.68557],[-75.62366,39.68715],[-75.62374,39.6877],[-75.62158,39.68963],[-75.62006,39.69086],[-75.61896,39.69362],[-75.61833,39.69522],[-75.61618,39.69554],[-75.61511,39.69572],[-75.61029,39.69502],[-75.60402,39.69588],[-75.60328,39.69656]]}},{"type":"Feature","properties":{"id":"121953","type":"AC; OVERHEAD","status":"IN SERVICE","owner":"DELMARVA POWER","voltage":138,"voltClass":"100-161"},"geometry":{"type":"LineString","coordinates":[[-75.55855,39.67646],[-75.55733,39.67679],[-75.55714,39.67678],[-75.55594,39.67809],[-75.55381,39.68045],[-75.54773,39.68731],[-75.53993,39.696],[-75.53524,39.70134],[-75.5343,39.70275],[-75.53356,39.70428],[-75.53301,39.70579],[-75.53259,39.70746],[-75.53246,39.70921],[-75.53258,39.71093],[-75.53292,39.71249],[-75.53436,39.71579],[-75.53506,39.71713],[-75.53586,39.71868],[-75.53667,39.72036],[-75.5374,39.72158],[-75.53656,39.72231],[-75.53505,39.72343],[-75.53346,39.72459],[-75.5311,39.72643],[-75.5297,39.7276],[-75.52807,39.72886],[-75.52658,39.73002],[-75.52515,39.73103],[-75.52378,39.73192],[-75.52232,39.73297],[-75.5202,39.73372],[-75.51872,39.7351],[-75.51826,39.73684],[-75.51679,39.73798],[-75.5151,39.73914],[-75.51338,39.74016],[-75.51148,39.74116],[-75.51049,39.74131],[-75.50974,39.74081]]}},{"type":"Feature","properties":{"id":"148354","type":"AC; OVERHEAD","status":"IN SERVICE","owner":"DELMARVA POWER","voltage":138,"voltClass":"100-161"},"geometry":{"type":"LineString","coordinates":[[-75.50582,39.74746],[-75.50664,39.7465],[-75.50953,39.74434],[-75.51126,39.74314],[-75.50951,39.74252],[-75.50974,39.74081]]}},{"type":"Feature","properties":{"id":"137696","type":"AC; OVERHEAD","status":"IN SERVICE","owner":"DELMARVA POWER","voltage":138,"voltClass":"100-161"},"geometry":{"type":"LineString","coordinates":[[-75.50781,39.78129],[-75.50798,39.78083],[-75.50778,39.78057],[-75.508,39.77981],[-75.50891,39.77831],[-75.50979,39.77687],[-75.51064,39.77538],[-75.51148,39.77386],[-75.51238,39.77224],[-75.51231,39.77089],[-75.51236,39.7696],[-75.51223,39.76824],[-75.51432,39.76644],[-75.51596,39.76439],[-75.51515,39.76361],[-75.51313,39.76301],[-75.51216,39.76186],[-75.51068,39.76148],[-75.49986,39.75497],[-75.50084,39.75373],[-75.50108,39.75237],[-75.50255,39.75103],[-75.50379,39.7499],[-75.50486,39.74865],[-75.50588,39.74748],[-75.50671,39.74654],[-75.50727,39.7461],[-75.50962,39.7444],[-75.51137,39.74314],[-75.51022,39.74253],[-75.50969,39.74224],[-75.50974,39.74081]]}},{"type":"Feature","properties":{"id":"128626","type":"AC; OVERHEAD","status":"IN SERVICE","owner":"DELMARVA POWER","voltage":230,"voltClass":"220-287"},"geometry":{"type":"LineString","coordinates":[[-75.69361,39.69312],[-75.69422,39.69264],[-75.69467,39.69238],[-75.69538,39.69182],[-75.69613,39.68847],[-75.69574,39.68789],[-75.69506,39.68778],[-75.69321,39.68836],[-75.69037,39.68917],[-75.68279,39.69139],[-75.67808,39.69277],[-75.67155,39.69494],[-75.66358,39.69757],[-75.66101,39.69835],[-75.65877,39.69522],[-75.65819,39.6947],[-75.65712,39.69467],[-75.65875,39.69325],[-75.66147,39.691],[-75.66191,39.68908],[-75.66249,39.68665],[-75.66358,39.68187],[-75.66729,39.68003],[-75.66853,39.67929],[-75.67186,39.67734],[-75.6736,39.67593],[-75.67732,39.67495],[-75.67896,39.67387],[-75.67967,39.6713],[-75.68089,39.67064],[-75.68334,39.66926],[-75.68574,39.66788],[-75.68692,39.66708],[-75.68935,39.66549],[-75.69167,39.66399],[-75.69351,39.66243],[-75.696,39.66045],[-75.6975,39.66024],[-75.70862,39.65879],[-75.7134,39.65814],[-75.71624,39.65756],[-75.72051,39.65668],[-75.72195,39.65639],[-75.72119,39.65416],[-75.71985,39.65057],[-75.7194,39.64941],[-75.71814,39.64593],[-75.71771,39.64481],[-75.71783,39.64134],[-75.71786,39.64057],[-75.72001,39.63917],[-75.72461,39.63631],[-75.72566,39.6356],[-75.72686,39.63586],[-75.72743,39.63603],[-75.72803,39.6362],[-75.72908,39.63605],[-75.7292,39.63603],[-75.73055,39.63528],[-75.73197,39.63461],[-75.73187,39.63451],[-75.73093,39.63341]]}},{"type":"Feature","properties":{"id":"125330","type":"AC; OVERHEAD","status":"IN SERVICE","owner":"PUBLIC SERVICE ELEC & GAS CO","voltage":500,"voltClass":"500"},"geometry":{"type":"LineString","coordinates":[[-75.62609,39.60812],[-75.62554,39.60885],[-75.62357,39.6099],[-75.62013,39.61059],[-75.61783,39.61105],[-75.61492,39.61117],[-75.61261,39.61127],[-75.56705,39.61264],[-75.56553,39.61271],[-75.56315,39.61351],[-75.55995,39.61503],[-75.55797,39.61597],[-75.55658,39.61663],[-75.55133,39.61913],[-75.54614,39.62159],[-75.54169,39.6237],[-75.53662,39.6209],[-75.53222,39.61857],[-75.52798,39.61504],[-75.52354,39.61135],[-75.51893,39.6091],[-75.51362,39.60644],[-75.50923,39.60426],[-75.50535,39.59602],[-75.50343,39.59179],[-75.50141,39.58739],[-75.49938,39.58293],[-75.49765,39.57917],[-75.50024,39.57533],[-75.50288,39.57126],[-75.50407,39.56571],[-75.50496,39.56165],[-75.5059,39.5574],[-75.50626,39.54155],[-75.50105,39.53779],[-75.50309,39.53457],[-75.50689,39.52822],[-75.50948,39.52002],[-75.51091,39.51551],[-75.51236,39.51091],[-75.51678,39.498],[-75.5181,39.48886],[-75.51886,39.48414],[-75.51963,39.47937],[-75.52037,39.47481],[-75.52309,39.47207],[-75.52566,39.46948],[-75.52795,39.46724],[-75.53178,39.46805],[-75.53329,39.46781],[-75.53392,39.46745]]}},{"type":"Feature","properties":{"id":"132794","type":"AC; OVERHEAD","status":"IN SERVICE","owner":"DELMARVA POWER","voltage":230,"voltClass":"220-287"},"geometry":{"type":"LineString","coordinates":[[-75.50974,39.74081],[-75.50994,39.73962],[-75.51011,39.73963],[-75.51279,39.73995],[-75.51414,39.73983],[-75.51483,39.73977],[-75.51558,39.74012],[-75.51602,39.74032],[-75.51625,39.74043],[-75.51789,39.7412],[-75.52009,39.74088],[-75.52209,39.74059],[-75.52404,39.74031],[-75.52503,39.74139],[-75.52599,39.74246],[-75.52618,39.74351],[-75.52646,39.74512],[-75.52641,39.74525],[-75.52716,39.74498],[-75.52809,39.74469],[-75.52894,39.74424],[-75.53053,39.74335],[-75.53217,39.74247],[-75.53452,39.74116],[-75.53575,39.7405],[-75.53745,39.73958],[-75.54026,39.73806],[-75.54086,39.73769],[-75.54152,39.73741],[-75.54231,39.73712],[-75.54399,39.73655],[-75.54479,39.73641],[-75.54555,39.73625],[-75.54637,39.73618],[-75.54695,39.73615],[-75.54837,39.73624],[-75.54916,39.73642],[-75.5501,39.73666],[-75.55256,39.73772],[-75.55404,39.73828],[-75.55494,39.73862],[-75.55592,39.73891],[-75.55713,39.73923],[-75.55823,39.73926],[-75.55912,39.73922],[-75.56003,39.73904],[-75.56059,39.73884],[-75.5615,39.73847],[-75.56219,39.73796],[-75.56337,39.73684],[-75.56455,39.73561],[-75.56515,39.735],[-75.56648,39.7336],[-75.56762,39.73239],[-75.56875,39.73124],[-75.57244,39.72746],[-75.57584,39.72398],[-75.57645,39.7234],[-75.57711,39.72283],[-75.57849,39.72183],[-75.57999,39.72087],[-75.58153,39.72006],[-75.5831,39.71935],[-75.58481,39.71871],[-75.58655,39.71809],[-75.59151,39.71636],[-75.59388,39.71553],[-75.59906,39.71375],[-75.59996,39.7135],[-75.60086,39.71327],[-75.60272,39.71289],[-75.60647,39.71244],[-75.60877,39.71214],[-75.61041,39.71195],[-75.61238,39.71171],[-75.61426,39.71145],[-75.61618,39.71109],[-75.61813,39.71074],[-75.62189,39.71005],[-75.62465,39.70954],[-75.62932,39.70866],[-75.63574,39.70747],[-75.64462,39.70588],[-75.6463,39.70555],[-75.64719,39.70529],[-75.64913,39.70468],[-75.65089,39.70392],[-75.65358,39.70253],[-75.65541,39.70152],[-75.65944,39.69947],[-75.66024,39.69913],[-75.66369,39.69783],[-75.66987,39.69575],[-75.67538,39.69384],[-75.68286,39.69156],[-75.68664,39.69046],[-75.69138,39.68914],[-75.69515,39.68798],[-75.69565,39.68796],[-75.69597,39.6885],[-75.69526,39.69176],[-75.69384,39.69241],[-75.69361,39.69312]]}},{"type":"Feature","properties":{"id":"117960","type":"AC; OVERHEAD","status":"IN SERVICE","owner":"DELMARVA POWER","voltage":500,"voltClass":"500"},"geometry":{"type":"LineString","coordinates":[[-75.62609,39.60812],[-75.62712,39.60801],[-75.62927,39.60664],[-75.63185,39.60663],[-75.63562,39.60658],[-75.63887,39.60558],[-75.64167,39.60472],[-75.64467,39.60383],[-75.64798,39.60414],[-75.6515,39.60446],[-75.65436,39.60609],[-75.65459,39.60839],[-75.65477,39.61031],[-75.65497,39.61273],[-75.6551,39.61469],[-75.65862,39.61491],[-75.66197,39.61513],[-75.66535,39.61534],[-75.66764,39.61515],[-75.6704,39.6149],[-75.67081,39.61708],[-75.67123,39.61926],[-75.67164,39.62142],[-75.67205,39.62355],[-75.67259,39.62596],[-75.67439,39.62764],[-75.67665,39.62975],[-75.67849,39.63142],[-75.68048,39.63321],[-75.68278,39.63533],[-75.68852,39.63669],[-75.6911,39.6373],[-75.69311,39.63573],[-75.69536,39.63397],[-75.69766,39.63217],[-75.70112,39.63162],[-75.70371,39.63121],[-75.70615,39.63105],[-75.70941,39.63104],[-75.71222,39.63104],[-75.71486,39.63104],[-75.71573,39.6382],[-75.71734,39.64037],[-75.71951,39.63904],[-75.72204,39.63745],[-75.72442,39.63596],[-75.72523,39.63555],[-75.72582,39.63525],[-75.72651,39.63491],[-75.72681,39.63477],[-75.72715,39.63461],[-75.72898,39.63373],[-75.72947,39.6334],[-75.73093,39.63341]]}},{"type":"Feature","properties":{"id":"146952","type":"AC; OVERHEAD","status":"IN SERVICE","owner":"DELMARVA POWER","voltage":138,"voltClass":"100-161"},"geometry":{"type":"LineString","coordinates":[[-75.75991,39.66446],[-75.75996,39.66473],[-75.75997,39.66492],[-75.7594,39.66585],[-75.75815,39.66761],[-75.75613,39.66825],[-75.75283,39.66989],[-75.7457,39.67209],[-75.74088,39.67053],[-75.74052,39.66897],[-75.74019,39.66777],[-75.73988,39.66656],[-75.73894,39.66291],[-75.73832,39.66047],[-75.7377,39.65806],[-75.73709,39.65564],[-75.73647,39.65328],[-75.73588,39.65093],[-75.73559,39.6498],[-75.73526,39.64872],[-75.73485,39.64766],[-75.73314,39.64437],[-75.73259,39.64321],[-75.73141,39.64092],[-75.73022,39.63863],[-75.72963,39.63747],[-75.72917,39.63637],[-75.72894,39.63573],[-75.72864,39.63485],[-75.72789,39.63482],[-75.72682,39.6348],[-75.72645,39.63449],[-75.72652,39.63391]]}},{"type":"Feature","properties":{"id":"166667","type":"AC; OVERHEAD","status":"IN SERVICE","owner":"DELMARVA POWER","voltage":138,"voltClass":"100-161"},"geometry":{"type":"LineString","coordinates":[[-75.53898,39.75],[-75.53888,39.75022],[-75.53925,39.75041],[-75.53958,39.75033]]}},{"type":"Feature","properties":{"id":"166666","type":"AC; OVERHEAD","status":"IN SERVICE","owner":"DELMARVA POWER","voltage":138,"voltClass":"100-161"},"geometry":{"type":"LineString","coordinates":[[-75.50974,39.74081],[-75.50988,39.74209],[-75.51149,39.74301],[-75.5113,39.74468],[-75.51119,39.74609],[-75.51355,39.74781],[-75.51459,39.7485],[-75.51663,39.74905],[-75.51855,39.74954],[-75.52082,39.74863],[-75.52965,39.74393],[-75.53257,39.7451],[-75.53611,39.7472],[-75.53703,39.74635],[-75.53818,39.74678],[-75.53886,39.74733],[-75.53909,39.74819],[-75.53905,39.74886],[-75.53793,39.74995],[-75.53844,39.75028],[-75.53898,39.75]]}},{"type":"Feature","properties":{"id":"156184","type":"AC; OVERHEAD","status":"IN SERVICE","owner":"DELMARVA POWER","voltage":138,"voltClass":"100-161"},"geometry":{"type":"LineString","coordinates":[[-75.50781,39.78129],[-75.50884,39.78125],[-75.50919,39.78106],[-75.50877,39.78055],[-75.50833,39.78005],[-75.5092,39.7797],[-75.51015,39.77931],[-75.51113,39.77898],[-75.51299,39.77845],[-75.51816,39.77716],[-75.52126,39.7764],[-75.52334,39.7758],[-75.52446,39.77538],[-75.52645,39.77456],[-75.52727,39.77411],[-75.52892,39.77316],[-75.5316,39.77113],[-75.53382,39.76931],[-75.5353,39.76828],[-75.53609,39.76779],[-75.53781,39.7668],[-75.54052,39.76558],[-75.54238,39.76487],[-75.54325,39.76459],[-75.54643,39.76368],[-75.55093,39.76241],[-75.55301,39.76178],[-75.5548,39.76128],[-75.55565,39.7611],[-75.55748,39.76059],[-75.56022,39.75969],[-75.5614,39.75926],[-75.56316,39.7582],[-75.56487,39.75734],[-75.56677,39.75673],[-75.56766,39.7564],[-75.56852,39.75604],[-75.571,39.75469],[-75.57503,39.7527],[-75.57731,39.7515]]}},{"type":"Feature","properties":{"id":"166671","type":"AC; UNDERGROUND","status":null,"owner":"DELMARVA POWER","voltage":138,"voltClass":"100-161"},"geometry":{"type":"LineString","coordinates":[[-75.55521,39.7607],[-75.53958,39.75033]]}},{"type":"Feature","properties":{"id":"166672","type":"AC; OVERHEAD","status":"IN SERVICE","owner":"DELMARVA POWER","voltage":138,"voltClass":"100-161"},"geometry":{"type":"LineString","coordinates":[[-75.55521,39.7607],[-75.55553,39.76107],[-75.55469,39.76125],[-75.55091,39.76236],[-75.54331,39.76453],[-75.54234,39.76485],[-75.54136,39.7652],[-75.54052,39.76553],[-75.53858,39.76641],[-75.53778,39.76676],[-75.53607,39.76773],[-75.53523,39.76826],[-75.53378,39.76927],[-75.53231,39.77047],[-75.53161,39.77106],[-75.52883,39.77317],[-75.52636,39.77455],[-75.5244,39.77535],[-75.52326,39.77577],[-75.52121,39.77635],[-75.51801,39.77713],[-75.51199,39.77866],[-75.5101,39.77924],[-75.50825,39.78003],[-75.50901,39.78098],[-75.50879,39.78112],[-75.50781,39.78129]]}},{"type":"Feature","properties":{"id":"141671","type":"AC; OVERHEAD","status":"IN SERVICE","owner":"DELMARVA POWER","voltage":138,"voltClass":"100-161"},"geometry":{"type":"LineString","coordinates":[[-75.49883,39.79704],[-75.49918,39.7968],[-75.49963,39.79639],[-75.49727,39.79244],[-75.49548,39.78915],[-75.49572,39.78819],[-75.49996,39.78473],[-75.50211,39.78307],[-75.50441,39.78154],[-75.50556,39.78076],[-75.50792,39.77975],[-75.5097,39.77684],[-75.51138,39.77386],[-75.51228,39.77223],[-75.51217,39.76958],[-75.51211,39.7682],[-75.51421,39.76641],[-75.51585,39.76442],[-75.5151,39.76368],[-75.51307,39.76309],[-75.51209,39.76193],[-75.51065,39.76157],[-75.50621,39.75891],[-75.50343,39.75721],[-75.49966,39.75496],[-75.50074,39.75369],[-75.50098,39.75236],[-75.50249,39.75099],[-75.5037,39.74987],[-75.50479,39.74863]]}},{"type":"Feature","properties":{"id":"137256","type":"AC; OVERHEAD","status":"IN SERVICE","owner":"DELMARVA POWER","voltage":138,"voltClass":"100-161"},"geometry":{"type":"LineString","coordinates":[[-75.69361,39.69312],[-75.69336,39.69323],[-75.69351,39.69343],[-75.694,39.69408],[-75.69283,39.69492],[-75.69148,39.69551],[-75.68609,39.69797],[-75.68207,39.6998],[-75.6741,39.7034],[-75.67018,39.70521],[-75.66895,39.70589],[-75.66778,39.70664],[-75.66341,39.71005],[-75.65356,39.71774],[-75.6524,39.71867],[-75.65126,39.71954],[-75.65003,39.72024],[-75.64866,39.7208],[-75.64725,39.72128],[-75.64578,39.72178],[-75.64431,39.72227],[-75.64285,39.72276],[-75.64138,39.72326],[-75.63992,39.72376],[-75.63845,39.72425],[-75.63714,39.7247],[-75.63582,39.72514],[-75.63447,39.7256],[-75.63332,39.72599],[-75.63218,39.72638],[-75.63113,39.72673],[-75.6307,39.72608],[-75.63007,39.72574]]}},{"type":"Feature","properties":{"id":"157263","type":"AC; OVERHEAD","status":"IN SERVICE","owner":"DELMARVA POWER","voltage":138,"voltClass":"100-161"},"geometry":{"type":"LineString","coordinates":[[-75.57731,39.7515],[-75.57896,39.75063],[-75.58074,39.74969],[-75.58173,39.74908],[-75.58246,39.74836],[-75.58353,39.74661],[-75.58509,39.74402],[-75.58665,39.7414],[-75.58721,39.74046],[-75.58808,39.74086],[-75.58888,39.74136],[-75.58958,39.742],[-75.58996,39.7425],[-75.59045,39.74329],[-75.59093,39.74406],[-75.59151,39.74482],[-75.59222,39.7455],[-75.59377,39.74673],[-75.59458,39.7473],[-75.59517,39.74799],[-75.59556,39.74867],[-75.59599,39.74951],[-75.5962,39.75016],[-75.59618,39.75062],[-75.59602,39.75106],[-75.59568,39.75154],[-75.59512,39.752],[-75.59533,39.75214],[-75.59541,39.7524],[-75.59483,39.75244]]}},{"type":"Feature","properties":{"id":"157264","type":"AC; OVERHEAD","status":"IN SERVICE","owner":"DELMARVA POWER","voltage":138,"voltClass":"100-161"},"geometry":{"type":"LineString","coordinates":[[-75.57731,39.7515],[-75.57788,39.75173]]}},{"type":"Feature","properties":{"id":"113950","type":"AC; OVERHEAD","status":"IN SERVICE","owner":"DELMARVA POWER","voltage":138,"voltClass":"100-161"},"geometry":{"type":"LineString","coordinates":[[-75.6961,39.74372],[-75.69525,39.7433],[-75.6937,39.74248],[-75.68984,39.74017],[-75.68667,39.73841],[-75.68553,39.73764],[-75.68463,39.73679],[-75.68354,39.73555],[-75.68263,39.73443],[-75.68208,39.73393],[-75.68144,39.73355],[-75.68067,39.73323],[-75.67998,39.73308],[-75.67946,39.73304],[-75.67875,39.73338],[-75.67798,39.73336],[-75.67646,39.73356],[-75.67407,39.73393],[-75.67289,39.73381],[-75.67043,39.73306],[-75.66811,39.73227],[-75.66879,39.73069],[-75.66899,39.73048]]}},{"type":"Feature","properties":{"id":"110653","type":"AC; OVERHEAD","status":"IN SERVICE","owner":"DELMARVA POWER","voltage":138,"voltClass":"100-161"},"geometry":{"type":"LineString","coordinates":[[-75.71335,39.77514],[-75.71315,39.77489],[-75.71299,39.77478],[-75.71284,39.77429],[-75.71325,39.77402],[-75.71382,39.77361],[-75.71406,39.77341],[-75.71361,39.77306],[-75.71316,39.7727],[-75.71273,39.77236],[-75.71225,39.77197],[-75.71184,39.77165],[-75.71115,39.77109],[-75.71078,39.77082],[-75.71045,39.77053],[-75.71015,39.77024],[-75.7098,39.7699],[-75.70945,39.76958],[-75.70914,39.76928],[-75.70882,39.76891],[-75.7085,39.76853],[-75.70818,39.76814],[-75.70787,39.76774],[-75.70757,39.76737],[-75.70729,39.76701],[-75.70707,39.76672],[-75.70678,39.76631],[-75.70649,39.76592],[-75.70618,39.76547],[-75.70592,39.76504],[-75.70571,39.76466],[-75.7055,39.76428],[-75.70526,39.76376],[-75.70501,39.76324],[-75.70479,39.76277],[-75.70459,39.76236],[-75.70445,39.76203],[-75.7043,39.76158],[-75.70422,39.76109],[-75.70416,39.76063],[-75.70411,39.76023],[-75.70407,39.75991],[-75.70401,39.75948],[-75.70397,39.75917],[-75.70389,39.7587],[-75.70383,39.75824],[-75.70375,39.7577],[-75.70369,39.75722],[-75.70358,39.75649],[-75.70354,39.75594],[-75.70347,39.75531],[-75.70341,39.75475],[-75.70338,39.75435],[-75.70333,39.75392],[-75.7033,39.75351],[-75.70305,39.75327],[-75.70278,39.75301],[-75.70266,39.75237],[-75.70254,39.75175],[-75.70245,39.75129],[-75.70234,39.75074],[-75.70214,39.75027],[-75.70135,39.74902],[-75.70019,39.74711],[-75.70024,39.74648],[-75.69996,39.74611],[-75.69919,39.74544],[-75.6982,39.74481],[-75.69667,39.744],[-75.6961,39.74372]]}},{"type":"Feature","properties":{"id":"144949","type":"AC; OVERHEAD","status":"IN SERVICE","owner":"DELMARVA POWER","voltage":138,"voltClass":"100-161"},"geometry":{"type":"LineString","coordinates":[[-75.6961,39.74372],[-75.69649,39.74349],[-75.69702,39.74319],[-75.69707,39.743],[-75.69739,39.74264],[-75.69731,39.74246],[-75.69697,39.74209]]}},{"type":"Feature","properties":{"id":"158378","type":"AC; OVERHEAD","status":"IN SERVICE","owner":"PUBLIC SERVICE ELEC & GAS CO","voltage":230,"voltClass":"220-287"},"geometry":{"type":"LineString","coordinates":[[-75.13694,39.85901],[-75.1373,39.85841],[-75.13768,39.85862],[-75.13804,39.85843],[-75.1403,39.85554],[-75.14096,39.85458],[-75.14154,39.85341],[-75.14208,39.85228],[-75.14261,39.85118],[-75.14418,39.84786],[-75.14638,39.84302],[-75.1472,39.84195],[-75.14906,39.84172],[-75.15275,39.84288],[-75.15602,39.84276],[-75.16055,39.8452],[-75.16377,39.84615],[-75.1694,39.84631],[-75.1729,39.84635],[-75.17531,39.84383],[-75.17744,39.8413],[-75.18086,39.84044],[-75.1845,39.83928],[-75.18816,39.83813],[-75.18913,39.83741],[-75.18921,39.8371]]}},{"type":"Feature","properties":{"id":"158461","type":"AC; OVERHEAD","status":"IN SERVICE","owner":null,"voltage":230,"voltClass":"220-287"},"geometry":{"type":"LineString","coordinates":[[-75.18921,39.8371],[-75.18958,39.83707],[-75.19344,39.83421],[-75.19632,39.83247],[-75.19929,39.83077],[-75.20223,39.82903],[-75.20385,39.82657],[-75.20543,39.82411],[-75.20757,39.82195],[-75.20971,39.81975],[-75.21156,39.81787],[-75.21442,39.8183],[-75.21739,39.81873],[-75.22016,39.81886],[-75.22373,39.81675],[-75.22661,39.81491],[-75.2295,39.81305],[-75.23253,39.81256],[-75.23556,39.81205],[-75.23859,39.81156],[-75.24161,39.81105],[-75.24448,39.81237],[-75.24766,39.81209],[-75.24835,39.81142],[-75.24921,39.81186]]}},{"type":"Feature","properties":{"id":"158475","type":"AC; OVERHEAD","status":"IN SERVICE","owner":"DELMARVA POWER","voltage":138,"voltClass":"100-161"},"geometry":{"type":"LineString","coordinates":[[-75.24616,38.52433],[-75.24628,38.5239],[-75.24741,38.52199],[-75.24807,38.51644],[-75.2471,38.51487],[-75.24252,38.50651],[-75.23813,38.49676],[-75.23859,38.49479],[-75.24353,38.47071],[-75.24601,38.46318],[-75.24172,38.4513],[-75.23979,38.44603],[-75.23698,38.43829],[-75.23371,38.4294],[-75.2318,38.42424],[-75.23187,38.42363],[-75.23189,38.42322]]}},{"type":"Feature","properties":{"id":"158050","type":"AC; OVERHEAD","status":"IN SERVICE","owner":"ATLANTIC CITY ELECTRIC CO","voltage":230,"voltClass":"220-287"},"geometry":{"type":"LineString","coordinates":[[-75.50153,39.6747],[-75.50057,39.67316],[-75.49991,39.67135],[-75.49895,39.66869],[-75.49808,39.6663],[-75.49497,39.6649],[-75.492,39.66355],[-75.48894,39.66217],[-75.48622,39.66094],[-75.48331,39.65953],[-75.48033,39.65811],[-75.47704,39.65704],[-75.47376,39.65598],[-75.47049,39.65492],[-75.4678,39.65404],[-75.46027,39.6516],[-75.45338,39.64936],[-75.45036,39.64804],[-75.44739,39.64675],[-75.44432,39.64541],[-75.44148,39.64418],[-75.43557,39.6416],[-75.43247,39.64028],[-75.42941,39.63893],[-75.42671,39.63677],[-75.42427,39.63473],[-75.42176,39.63271],[-75.41923,39.63068],[-75.41677,39.62863],[-75.41446,39.62669],[-75.41212,39.62484],[-75.4098,39.62295],[-75.40734,39.62097],[-75.4049,39.61897],[-75.40245,39.61697],[-75.40013,39.61507],[-75.39794,39.61327],[-75.39576,39.61148],[-75.39359,39.60972],[-75.39121,39.60776],[-75.38874,39.60574],[-75.38555,39.60426],[-75.38238,39.60278],[-75.37933,39.60136],[-75.37625,39.59993],[-75.37339,39.59859],[-75.37004,39.59703],[-75.36671,39.59548],[-75.36337,39.59392],[-75.36018,39.59243],[-75.35699,39.59095],[-75.35372,39.58942],[-75.35077,39.58788],[-75.34782,39.58634],[-75.34492,39.58482],[-75.34198,39.58327],[-75.33903,39.58173],[-75.3358,39.58004],[-75.33273,39.57843],[-75.32952,39.57675],[-75.32672,39.57528],[-75.32363,39.57366],[-75.32055,39.57205],[-75.31745,39.57043],[-75.31439,39.56882],[-75.3113,39.56721],[-75.30825,39.56561],[-75.3071,39.565],[-75.30659,39.56474],[-75.30611,39.56449],[-75.30206,39.56237],[-75.29896,39.56074],[-75.29588,39.55913],[-75.29282,39.55752],[-75.28981,39.55594],[-75.28201,39.55539],[-75.27797,39.55511],[-75.27753,39.55514],[-75.27451,39.55537],[-75.27112,39.55562],[-75.26764,39.55584],[-75.2642,39.55606],[-75.26077,39.55629],[-75.25723,39.55653],[-75.25606,39.5591],[-75.25491,39.56162],[-75.25108,39.56176],[-75.24719,39.5619],[-75.24331,39.56204],[-75.2394,39.56219],[-75.23547,39.56233],[-75.23221,39.56123],[-75.22903,39.56016],[-75.22577,39.55906],[-75.22251,39.55796],[-75.21925,39.55687],[-75.21278,39.55469],[-75.20954,39.55359],[-75.20609,39.55243],[-75.20269,39.55128],[-75.19917,39.5501],[-75.19591,39.54516],[-75.19432,39.5427],[-75.19277,39.5403],[-75.19162,39.53851],[-75.19108,39.53768],[-75.18781,39.5372],[-75.15781,39.53291],[-75.15448,39.5324],[-75.12829,39.51711],[-75.12666,39.5146],[-75.12502,39.51207],[-75.12335,39.50951],[-75.12168,39.50692],[-75.12013,39.50453],[-75.11856,39.50211],[-75.11679,39.49912],[-75.11455,39.49701],[-75.11221,39.49482],[-75.11012,39.49285],[-75.10774,39.49061],[-75.10537,39.48838],[-75.10302,39.48617],[-75.0983,39.48173],[-75.09593,39.47951],[-75.09352,39.47724],[-75.09049,39.47581],[-75.08733,39.47431],[-75.08493,39.47318],[-75.08244,39.472],[-75.07932,39.47052],[-75.07797,39.46825],[-75.07662,39.46597],[-75.07523,39.46363],[-75.07387,39.46132],[-75.07248,39.45898],[-75.0714,39.45759],[-75.06937,39.457],[-75.06696,39.45551],[-75.06441,39.45395],[-75.06192,39.45242],[-75.05941,39.45088],[-75.05865,39.45149],[-75.0566,39.4514],[-75.05624,39.44896],[-75.05623,39.44895],[-75.05499,39.44807],[-75.03358,39.43484],[-75.0214,39.43459],[-75.0187,39.43453],[-75.01574,39.4335],[-75.0098,39.43134],[-75.00674,39.43025],[-75.00322,39.429],[-75.00062,39.42807],[-74.99835,39.42663],[-74.99613,39.42524],[-74.99377,39.42378],[-74.99249,39.42295],[-74.99084,39.42185],[-74.98303,39.41711],[-74.98034,39.41544],[-74.97717,39.41347],[-74.97409,39.41157],[-74.97077,39.40951],[-74.96815,39.40789],[-74.96537,39.40616],[-74.96253,39.4044],[-74.95976,39.40267],[-74.957,39.40097],[-74.95467,39.39951],[-74.95231,39.39804],[-74.95016,39.39669],[-74.95192,39.39558],[-74.95381,39.39445],[-74.95504,39.39244],[-74.95661,39.38983],[-74.95826,39.38713],[-74.95918,39.38537],[-74.96015,39.38332],[-74.96122,39.38116],[-74.96355,39.38186],[-74.96434,39.38013],[-74.96516,39.37847],[-74.96669,39.37667],[-74.96639,39.37611]]}},{"type":"Feature","properties":{"id":"158130","type":"AC; OVERHEAD","status":"IN SERVICE","owner":null,"voltage":230,"voltClass":"220-287"},"geometry":{"type":"LineString","coordinates":[[-75.18921,39.8371],[-75.19058,39.83627],[-75.19341,39.83417],[-75.19629,39.83242],[-75.19927,39.83072],[-75.2022,39.82899],[-75.20381,39.82654],[-75.20539,39.82408],[-75.20754,39.82191],[-75.20968,39.81971],[-75.21155,39.81782],[-75.21442,39.81825],[-75.21739,39.81868],[-75.22015,39.81881],[-75.22371,39.81671],[-75.22659,39.81486],[-75.22948,39.81301],[-75.23253,39.81251],[-75.23555,39.81201],[-75.23858,39.81151],[-75.24162,39.811],[-75.24449,39.81232],[-75.24765,39.81204],[-75.24835,39.81163],[-75.24921,39.81186]]}},{"type":"Feature","properties":{"id":"116072","type":"AC; OVERHEAD","status":"IN SERVICE","owner":null,"voltage":230,"voltClass":"220-287"},"geometry":{"type":"LineString","coordinates":[[-74.96276,39.741],[-74.96406,39.74177],[-74.96468,39.74223],[-74.96686,39.74339],[-74.96733,39.74601],[-74.96778,39.74855],[-74.96825,39.75121],[-74.97042,39.75257],[-74.97265,39.75396],[-74.97484,39.75533],[-74.97708,39.75673],[-74.9782,39.75929],[-74.97912,39.76138],[-74.98015,39.76373],[-74.98112,39.76594],[-74.98014,39.76807],[-74.97961,39.77007],[-74.98226,39.77057],[-74.98559,39.77105],[-74.98904,39.77161],[-74.99209,39.77353],[-74.99558,39.77541],[-74.99867,39.77708],[-75.00072,39.77841],[-75.00334,39.77996],[-75.00601,39.78153],[-75.01037,39.7839],[-75.01637,39.7871],[-75.01926,39.78864],[-75.02168,39.78998],[-75.02349,39.79098],[-75.0263,39.79143],[-75.02911,39.79188],[-75.03238,39.7924],[-75.03684,39.80079],[-75.03832,39.80383],[-75.03929,39.80551],[-75.04211,39.81052],[-75.04575,39.81017],[-75.04984,39.80977],[-75.05312,39.80946],[-75.05664,39.80913],[-75.05972,39.80776],[-75.06162,39.80691],[-75.06472,39.80534],[-75.06683,39.80623],[-75.0688,39.80706],[-75.07086,39.80663],[-75.07112,39.80768],[-75.07097,39.80887],[-75.07065,39.8115],[-75.07047,39.81292],[-75.07038,39.8144],[-75.0704,39.81584],[-75.07059,39.81723],[-75.07093,39.81877],[-75.07123,39.82022],[-75.07123,39.82162],[-75.07008,39.82585],[-75.06968,39.82714],[-75.06957,39.82766],[-75.06942,39.82839],[-75.06971,39.82985],[-75.07001,39.83132],[-75.07023,39.83264],[-75.07027,39.83419],[-75.07028,39.8357],[-75.0703,39.83721],[-75.07033,39.83842],[-75.07039,39.83962],[-75.07042,39.84103],[-75.07064,39.84212],[-75.07129,39.84338],[-75.07188,39.84451],[-75.07265,39.84603],[-75.07329,39.84727],[-75.0738,39.84827],[-75.07445,39.84943],[-75.07512,39.85077],[-75.07575,39.85201],[-75.07642,39.85328],[-75.07716,39.85469],[-75.07914,39.85841],[-75.07963,39.85945],[-75.08038,39.86092],[-75.07986,39.86125]]}},{"type":"Feature","properties":{"id":"175166","type":"AC; OVERHEAD","status":"IN SERVICE","owner":"DELMARVA POWER","voltage":138,"voltClass":"100-161"},"geometry":{"type":"LineString","coordinates":[[-75.17435,38.53641],[-75.17424,38.53528]]}},{"type":"Feature","properties":{"id":"175167","type":"AC; OVERHEAD","status":"IN SERVICE","owner":"DELMARVA POWER","voltage":138,"voltClass":"100-161"},"geometry":{"type":"LineString","coordinates":[[-75.23942,38.58575],[-75.23936,38.585],[-75.24107,38.58501],[-75.2411,38.58461],[-75.24114,38.58404],[-75.24116,38.58385],[-75.24118,38.58367],[-75.2412,38.5834],[-75.24125,38.58291],[-75.24143,38.58081],[-75.24161,38.5787],[-75.24179,38.5766],[-75.24197,38.57451],[-75.24214,38.57241],[-75.24227,38.57094],[-75.24244,38.56898],[-75.24264,38.56698],[-75.24129,38.56527],[-75.23998,38.56356],[-75.23867,38.56184],[-75.23735,38.56012],[-75.23606,38.55842],[-75.23502,38.55707],[-75.23377,38.55542],[-75.2325,38.55377],[-75.23108,38.55191],[-75.22988,38.55032],[-75.22907,38.54925],[-75.2265,38.54866],[-75.22395,38.54806],[-75.22139,38.54746],[-75.21884,38.54687],[-75.21628,38.54627],[-75.21373,38.54567],[-75.21115,38.54506],[-75.20862,38.54447],[-75.20605,38.54386],[-75.2035,38.54327],[-75.20096,38.54267],[-75.19839,38.54207],[-75.19583,38.54146],[-75.1933,38.54087],[-75.19073,38.54027],[-75.18817,38.53966],[-75.18563,38.53906],[-75.18328,38.53852],[-75.18081,38.53794],[-75.17833,38.53735],[-75.17585,38.53676],[-75.17435,38.53641]]}},{"type":"Feature","properties":{"id":"100913","type":"AC; OVERHEAD","status":"IN SERVICE","owner":"DELMARVA POWER","voltage":230,"voltClass":"220-287"},"geometry":{"type":"LineString","coordinates":[[-75.81624,38.89206],[-75.81632,38.89328],[-75.81559,38.89434],[-75.81432,38.89581],[-75.81303,38.8973],[-75.81174,38.8988],[-75.81045,38.90031],[-75.80912,38.90185],[-75.80785,38.90331],[-75.80722,38.90565],[-75.80659,38.90798],[-75.80598,38.91029],[-75.80535,38.91264],[-75.80472,38.91495],[-75.80402,38.91757],[-75.80341,38.91983],[-75.80271,38.92242],[-75.802,38.92501],[-75.80131,38.92759],[-75.8006,38.93019],[-75.7999,38.93279],[-75.79919,38.93539],[-75.79851,38.93793],[-75.79782,38.94047],[-75.79713,38.94301],[-75.79647,38.94547],[-75.7958,38.94792],[-75.79514,38.95037],[-75.79448,38.95281],[-75.79381,38.95526],[-75.79316,38.9577],[-75.7925,38.96015],[-75.79185,38.9626],[-75.79119,38.96503],[-75.79051,38.96756],[-75.78982,38.97013],[-75.78912,38.97268],[-75.78845,38.97512],[-75.7878,38.97756],[-75.78714,38.98],[-75.78643,38.98263],[-75.7859,38.9846],[-75.78536,38.98659],[-75.78592,38.98903],[-75.78642,38.99118],[-75.78692,38.99331],[-75.78741,38.99545],[-75.78797,38.99783],[-75.78788,38.99964],[-75.78782,39.00144],[-75.7865,39.00317],[-75.78518,39.00489],[-75.78385,39.00663],[-75.78283,39.00876],[-75.78182,39.01088],[-75.7809,39.01282],[-75.77997,39.01475],[-75.77905,39.0167],[-75.77873,39.01857],[-75.7784,39.02045],[-75.77808,39.02232],[-75.77697,39.02423],[-75.77584,39.02616],[-75.77471,39.02808],[-75.77333,39.03045],[-75.77376,39.03208],[-75.77424,39.03385],[-75.77477,39.03584],[-75.77326,39.03829],[-75.77172,39.04077],[-75.77153,39.04309],[-75.77134,39.0454],[-75.77115,39.0477],[-75.77096,39.05],[-75.77076,39.05233],[-75.77256,39.05454],[-75.77434,39.05675],[-75.77608,39.0589],[-75.77796,39.06121],[-75.77979,39.0635],[-75.78164,39.06579],[-75.78345,39.06804],[-75.78362,39.07049],[-75.78381,39.07297],[-75.78399,39.07544],[-75.78418,39.07791],[-75.78435,39.08039],[-75.78454,39.08287],[-75.78473,39.08538],[-75.78492,39.08789],[-75.7851,39.0904],[-75.78529,39.09291],[-75.78548,39.0955],[-75.78707,39.09769],[-75.78864,39.09988],[-75.79021,39.10205],[-75.79179,39.10424],[-75.79336,39.10641],[-75.79493,39.10859],[-75.79653,39.1108],[-75.79813,39.11301],[-75.79972,39.11521],[-75.80132,39.11742],[-75.80287,39.11956],[-75.80293,39.12212],[-75.80295,39.1241],[-75.80296,39.12465],[-75.80299,39.12731],[-75.80301,39.12997],[-75.80304,39.13263],[-75.80306,39.13529],[-75.80309,39.13793],[-75.80312,39.14054],[-75.80316,39.14321],[-75.80318,39.14584],[-75.8032,39.14829],[-75.80323,39.15074],[-75.80325,39.1532],[-75.80328,39.15569],[-75.8048,39.15811],[-75.80632,39.16051],[-75.80777,39.16283],[-75.80925,39.1652],[-75.81073,39.16758],[-75.81226,39.17],[-75.81379,39.17243],[-75.81532,39.17486],[-75.81683,39.17729],[-75.81836,39.17972],[-75.81988,39.18215],[-75.8214,39.18457],[-75.82292,39.18699],[-75.82445,39.18942],[-75.82595,39.19183],[-75.82747,39.19424],[-75.82899,39.19665],[-75.8305,39.19906],[-75.83201,39.20147],[-75.83354,39.20388],[-75.83505,39.20629],[-75.83632,39.20833],[-75.83739,39.21005],[-75.83823,39.21249],[-75.83907,39.21496],[-75.83993,39.21743],[-75.84077,39.2199],[-75.84163,39.22237],[-75.84249,39.2249],[-75.84333,39.2273],[-75.84415,39.2297],[-75.84498,39.23212],[-75.84582,39.23453],[-75.8467,39.23708],[-75.84757,39.23959],[-75.84643,39.24129],[-75.84617,39.24167],[-75.84492,39.24354],[-75.84486,39.24363],[-75.84477,39.24377],[-75.84336,39.24587],[-75.84195,39.24796],[-75.84057,39.25005],[-75.83817,39.25127],[-75.83531,39.25275],[-75.83419,39.25332],[-75.83244,39.25422],[-75.82955,39.25569],[-75.82782,39.25774],[-75.8261,39.25978],[-75.82437,39.26182],[-75.82263,39.26387],[-75.82091,39.26592],[-75.81918,39.26796],[-75.81686,39.26935],[-75.81608,39.27174],[-75.8153,39.2741],[-75.81446,39.27664],[-75.81362,39.27916],[-75.81278,39.2817],[-75.81194,39.28424],[-75.81111,39.28678],[-75.81027,39.28932],[-75.80947,39.29175],[-75.80867,39.2942],[-75.80786,39.29664],[-75.80708,39.29907],[-75.80627,39.30152],[-75.80547,39.30396],[-75.80466,39.3064],[-75.80383,39.30894],[-75.80174,39.31058],[-75.79942,39.31241],[-75.79709,39.31423],[-75.79501,39.31632],[-75.79521,39.31901],[-75.79542,39.32167],[-75.79562,39.32431],[-75.79582,39.32695],[-75.79603,39.32962],[-75.79622,39.33226],[-75.79538,39.33486],[-75.79453,39.33746],[-75.79367,39.34007],[-75.79282,39.34268],[-75.79197,39.34527],[-75.79111,39.34788],[-75.79026,39.35046],[-75.78755,39.3518],[-75.78485,39.35312],[-75.78215,39.35444],[-75.77944,39.35578],[-75.77796,39.35817],[-75.77652,39.36049],[-75.77504,39.36285],[-75.77353,39.36527],[-75.77202,39.36769],[-75.77051,39.37012],[-75.769,39.37255],[-75.76792,39.37492],[-75.76684,39.37727],[-75.76571,39.37965],[-75.76624,39.38675],[-75.75985,39.39034],[-75.75692,39.39198],[-75.76058,39.39648],[-75.76572,39.40277],[-75.76716,39.40447],[-75.76653,39.41136],[-75.7656,39.4216],[-75.76441,39.43407],[-75.76362,39.44295],[-75.76068,39.44537],[-75.76203,39.44938],[-75.76942,39.45486],[-75.77125,39.45964],[-75.77217,39.46999],[-75.77316,39.4812],[-75.77313,39.48861],[-75.77348,39.49367],[-75.77389,39.49893],[-75.77442,39.50718],[-75.77521,39.51593],[-75.77619,39.52669],[-75.77631,39.52888],[-75.77525,39.53291],[-75.77278,39.54173],[-75.7741,39.54759],[-75.77837,39.55245],[-75.77923,39.56279],[-75.7798,39.57003],[-75.78002,39.57244],[-75.78071,39.57438],[-75.78104,39.57873],[-75.7816,39.58534],[-75.78174,39.58748],[-75.78146,39.59],[-75.78167,39.59242],[-75.78209,39.59423],[-75.78358,39.60115],[-75.7837,39.60289],[-75.78311,39.60458],[-75.78367,39.60615],[-75.78409,39.60756],[-75.78427,39.60911],[-75.78444,39.6106],[-75.78211,39.6111],[-75.77975,39.61162],[-75.77725,39.61215],[-75.77267,39.61252],[-75.7698,39.61264],[-75.76754,39.6128],[-75.76517,39.61297],[-75.76286,39.61315],[-75.76302,39.61431],[-75.76314,39.61547],[-75.76336,39.61784],[-75.76354,39.62012],[-75.75918,39.62049],[-75.75063,39.6212],[-75.74495,39.62068],[-75.74348,39.62054],[-75.74313,39.62175],[-75.74274,39.62296],[-75.74239,39.62411],[-75.74206,39.62509],[-75.74087,39.62575],[-75.73959,39.62644],[-75.73827,39.62717],[-75.73698,39.62787],[-75.73578,39.62852],[-75.73467,39.62919],[-75.73367,39.62981],[-75.73272,39.63041],[-75.73158,39.63105],[-75.73194,39.6319],[-75.73207,39.63222],[-75.7325,39.63335],[-75.73209,39.6336],[-75.73093,39.63341]]}},{"type":"Feature","properties":{"id":"166659","type":"AC; OVERHEAD","status":"IN SERVICE","owner":"DELMARVA POWER","voltage":138,"voltClass":"100-161"},"geometry":{"type":"LineString","coordinates":[[-75.75347,39.39516],[-75.75406,39.39512],[-75.75787,39.39252],[-75.75965,39.39472],[-75.76353,39.39946],[-75.76629,39.4028],[-75.76762,39.40444],[-75.76723,39.40847],[-75.76635,39.41807],[-75.76584,39.42368],[-75.76546,39.42782],[-75.76511,39.43168],[-75.76455,39.43771],[-75.76409,39.443],[-75.76275,39.44402],[-75.76197,39.44495],[-75.76161,39.44524]]}},{"type":"Feature","properties":{"id":"166658","type":"AC; OVERHEAD","status":"IN SERVICE","owner":"DELMARVA POWER","voltage":138,"voltClass":"100-161"},"geometry":{"type":"LineString","coordinates":[[-75.72799,39.61325],[-75.72742,39.61296],[-75.72137,39.61245],[-75.71775,39.61292],[-75.71552,39.61322],[-75.71435,39.61447],[-75.71391,39.61419],[-75.71043,39.61684],[-75.70584,39.62043],[-75.70368,39.62208],[-75.70096,39.62383],[-75.69735,39.62622],[-75.69502,39.6272],[-75.69067,39.629],[-75.68932,39.63123],[-75.68683,39.63542],[-75.68626,39.63639],[-75.68378,39.6358],[-75.68301,39.6371],[-75.68232,39.63758],[-75.68172,39.63798],[-75.68142,39.63865],[-75.67946,39.63929],[-75.67833,39.64023],[-75.67882,39.64118],[-75.67993,39.64785],[-75.68056,39.65198],[-75.67683,39.65423],[-75.67092,39.65758],[-75.66895,39.65871],[-75.66633,39.65911],[-75.66586,39.65942]]}},{"type":"Feature","properties":{"id":"166665","type":"AC; OVERHEAD","status":"IN SERVICE","owner":"DELMARVA POWER","voltage":138,"voltClass":"100-161"},"geometry":{"type":"LineString","coordinates":[[-75.53829,39.73163],[-75.53795,39.73122],[-75.53787,39.73107],[-75.53852,39.72806],[-75.53784,39.72454],[-75.53751,39.72288],[-75.53718,39.72149],[-75.53663,39.72037],[-75.53349,39.71419],[-75.53287,39.7125],[-75.53255,39.71093],[-75.53241,39.70922],[-75.53255,39.70748],[-75.53292,39.70577],[-75.53347,39.70428],[-75.53426,39.70273],[-75.53519,39.70131],[-75.53763,39.6985],[-75.53993,39.69593],[-75.54124,39.69449],[-75.5451,39.69015],[-75.55029,39.68436],[-75.55263,39.68172],[-75.5572,39.67657],[-75.55855,39.67646]]}},{"type":"Feature","properties":{"id":"166668","type":"AC; OVERHEAD","status":"IN SERVICE","owner":"DELMARVA POWER","voltage":138,"voltClass":"100-161"},"geometry":{"type":"LineString","coordinates":[[-75.53958,39.75033],[-75.53959,39.7501],[-75.53923,39.74985],[-75.53898,39.75]]}},{"type":"Feature","properties":{"id":"100421","type":"AC; OVERHEAD","status":"IN SERVICE","owner":"DELMARVA POWER","voltage":138,"voltClass":"100-161"},"geometry":{"type":"LineString","coordinates":[[-75.24068,38.58549],[-75.23978,38.58549],[-75.23942,38.58575]]}},{"type":"Feature","properties":{"id":"100655","type":"AC; OVERHEAD","status":null,"owner":"DELMARVA POWER","voltage":138,"voltClass":"100-161"},"geometry":{"type":"LineString","coordinates":[[-75.24342,38.58409],[-75.24068,38.58549]]}},{"type":"Feature","properties":{"id":"165946","type":"AC; OVERHEAD","status":"IN SERVICE","owner":"PECO ENERGY CO","voltage":138,"voltClass":"100-161"},"geometry":{"type":"LineString","coordinates":[[-75.41748,39.82928],[-75.41725,39.831],[-75.41679,39.83126],[-75.41458,39.83271],[-75.40823,39.83047],[-75.40845,39.82721],[-75.40793,39.82705],[-75.40709,39.82721],[-75.40265,39.82924],[-75.39659,39.832],[-75.39484,39.8328],[-75.38981,39.83509],[-75.38439,39.83752],[-75.3821,39.8386],[-75.37885,39.84035],[-75.37563,39.84205]]}},{"type":"Feature","properties":{"id":"102694","type":"AC; OVERHEAD","status":"IN SERVICE","owner":"PECO ENERGY CO","voltage":230,"voltClass":"220-287"},"geometry":{"type":"LineString","coordinates":[[-75.38803,39.82935],[-75.38721,39.82884],[-75.38699,39.82826],[-75.38651,39.82693],[-75.38665,39.82596],[-75.38872,39.82449],[-75.39022,39.82523],[-75.38972,39.82525]]}},{"type":"Feature","properties":{"id":"104879","type":"AC; OVERHEAD","status":null,"owner":"DELMARVA POWER","voltage":230,"voltClass":"220-287"},"geometry":{"type":"LineString","coordinates":[[-75.50647,39.74382],[-75.50543,39.74454]]}},{"type":"Feature","properties":{"id":"105223","type":"AC; OVERHEAD","status":null,"owner":"ATLANTIC CITY ELECTRIC CO","voltage":500,"voltClass":"500"},"geometry":{"type":"LineString","coordinates":[[-75.53557,39.46305],[-75.53262,39.46341]]}},{"type":"Feature","properties":{"id":"104496","type":"AC; OVERHEAD","status":"IN SERVICE","owner":"DELMARVA POWER","voltage":230,"voltClass":"220-287"},"geometry":{"type":"LineString","coordinates":[[-75.24352,38.58561],[-75.24269,38.58578],[-75.24247,38.58598],[-75.24182,38.58533],[-75.24163,38.58514],[-75.24159,38.5851],[-75.24151,38.58501],[-75.2415,38.58501],[-75.2411,38.58461],[-75.24094,38.58445],[-75.24051,38.58406],[-75.2406,38.58377]]}},{"type":"Feature","properties":{"id":"104105","type":"AC; OVERHEAD","status":"IN SERVICE","owner":"DELMARVA POWER","voltage":230,"voltClass":"220-287"},"geometry":{"type":"LineString","coordinates":[[-75.81624,38.89206],[-75.81584,38.8934],[-75.81428,38.89386],[-75.81245,38.89441],[-75.81062,38.89496],[-75.80879,38.89551],[-75.80696,38.89608],[-75.8048,38.89557],[-75.80264,38.89507],[-75.80048,38.89457],[-75.79833,38.89407],[-75.79652,38.89366],[-75.79442,38.89318],[-75.79233,38.89269],[-75.79023,38.89221],[-75.78813,38.89172],[-75.78603,38.89124],[-75.78394,38.89075],[-75.78185,38.89027],[-75.77974,38.88979],[-75.77764,38.88932],[-75.77582,38.88828],[-75.77399,38.88726],[-75.77216,38.88625],[-75.77034,38.88523],[-75.76852,38.88422],[-75.7667,38.8832],[-75.76488,38.88219],[-75.76307,38.88117],[-75.76125,38.88016],[-75.75943,38.87914],[-75.75762,38.87813],[-75.7558,38.87711],[-75.75398,38.87611],[-75.75217,38.87507],[-75.74998,38.87532],[-75.74781,38.87556],[-75.74563,38.8758],[-75.74345,38.87604],[-75.74128,38.87627],[-75.73911,38.87651],[-75.73694,38.87674],[-75.73476,38.87698],[-75.73258,38.87722],[-75.7304,38.87745],[-75.72822,38.8777],[-75.72661,38.87787],[-75.72631,38.8779],[-75.72439,38.8781],[-75.72248,38.87832],[-75.72025,38.87856],[-75.71802,38.87881],[-75.71579,38.87905],[-75.71355,38.87929],[-75.71134,38.87953],[-75.70912,38.87977],[-75.70688,38.88001],[-75.70495,38.88022],[-75.7028,38.88044],[-75.70066,38.88068],[-75.6985,38.88092],[-75.69637,38.88113],[-75.69421,38.88139],[-75.69217,38.88161],[-75.69014,38.88182],[-75.68809,38.88205],[-75.68606,38.88226],[-75.68403,38.8825],[-75.68222,38.88239],[-75.67994,38.88227],[-75.67766,38.88214],[-75.67539,38.88203],[-75.67312,38.88191],[-75.67084,38.88178],[-75.66856,38.88167],[-75.66629,38.88155],[-75.664,38.88142],[-75.66174,38.8813],[-75.65947,38.88119],[-75.65719,38.88106],[-75.65493,38.88094],[-75.65266,38.88082],[-75.6504,38.88071],[-75.64813,38.88058],[-75.64586,38.88046],[-75.6436,38.88034],[-75.64133,38.88023],[-75.63906,38.88011],[-75.63679,38.87998],[-75.63452,38.87986],[-75.63226,38.87975],[-75.62998,38.8796],[-75.62821,38.88011],[-75.62604,38.88071],[-75.62385,38.88132],[-75.62167,38.88192],[-75.61947,38.88251],[-75.61733,38.88308],[-75.61534,38.88366],[-75.61327,38.88423],[-75.61121,38.88479],[-75.60914,38.88536],[-75.60707,38.88594],[-75.605,38.8865],[-75.60314,38.88702],[-75.60112,38.88757],[-75.59909,38.88813],[-75.59706,38.88869],[-75.59503,38.88925],[-75.59299,38.88981],[-75.59095,38.89037],[-75.58893,38.89093],[-75.5869,38.89149],[-75.58487,38.89205],[-75.58284,38.8926],[-75.58081,38.89316],[-75.58032,38.89311],[-75.57874,38.89294],[-75.57668,38.89273],[-75.57652,38.89271],[-75.57457,38.89251],[-75.57237,38.89228],[-75.5701,38.89205],[-75.56779,38.89181],[-75.56556,38.89157],[-75.56351,38.89136],[-75.56131,38.89113],[-75.5591,38.8909],[-75.55688,38.89067],[-75.55467,38.89044],[-75.55245,38.8902],[-75.55023,38.88997],[-75.54801,38.88974],[-75.5458,38.88951],[-75.54359,38.88928],[-75.54162,38.88906],[-75.53963,38.88887],[-75.53765,38.88866],[-75.53559,38.88844],[-75.53368,38.88824],[-75.53169,38.88804],[-75.52971,38.88785],[-75.52821,38.88694],[-75.52669,38.88604],[-75.52517,38.88515],[-75.52363,38.88425],[-75.52212,38.88336],[-75.52062,38.88243],[-75.5185,38.88204],[-75.51654,38.88233],[-75.51458,38.88259],[-75.51263,38.88285],[-75.51068,38.8831],[-75.50871,38.88337],[-75.50649,38.88367],[-75.50426,38.88396],[-75.50204,38.88426],[-75.49982,38.88456],[-75.49758,38.88486],[-75.49538,38.88515],[-75.49368,38.88536],[-75.49196,38.88651],[-75.49024,38.88764],[-75.4885,38.88877],[-75.4868,38.88993],[-75.485,38.88978],[-75.48318,38.88965],[-75.48136,38.88952],[-75.47953,38.88939],[-75.47771,38.88927],[-75.4759,38.88915],[-75.47342,38.88899],[-75.47153,38.8884],[-75.46963,38.88783],[-75.46773,38.88725],[-75.46583,38.88668],[-75.46393,38.88611],[-75.46205,38.88553],[-75.46023,38.88499],[-75.45842,38.88444],[-75.45661,38.88389],[-75.45479,38.88334],[-75.45297,38.8828],[-75.45117,38.88227],[-75.44911,38.8821],[-75.44699,38.88195],[-75.44506,38.88181],[-75.44304,38.88166],[-75.441,38.88151],[-75.43995,38.88144],[-75.43898,38.88137],[-75.43688,38.88121],[-75.43459,38.88104],[-75.43244,38.88089],[-75.43028,38.88073],[-75.42851,38.88061],[-75.42638,38.88065],[-75.42429,38.88071],[-75.42218,38.88076],[-75.42008,38.88082],[-75.41798,38.88088],[-75.41587,38.88093],[-75.41375,38.88098],[-75.41165,38.88104],[-75.40954,38.8811],[-75.40743,38.88115],[-75.40532,38.88122],[-75.4032,38.88124],[-75.40142,38.88131],[-75.40074,38.88132],[-75.4005,38.88133],[-75.39991,38.88096]]}},{"type":"Feature","properties":{"id":"106389","type":"AC; OVERHEAD","status":"IN SERVICE","owner":"DELMARVA POWER","voltage":230,"voltClass":"220-287"},"geometry":{"type":"LineString","coordinates":[[-75.39991,38.88096],[-75.40062,38.88116],[-75.40086,38.8812],[-75.40074,38.88132],[-75.40051,38.88155],[-75.4004,38.88166],[-75.39997,38.88218],[-75.39932,38.88166],[-75.39864,38.88113],[-75.39841,38.88115],[-75.39802,38.8812],[-75.39686,38.88134],[-75.39064,38.8821],[-75.37958,38.88333],[-75.37529,38.88696],[-75.37439,38.8909],[-75.37377,38.89336],[-75.37011,38.89779],[-75.36799,38.90029],[-75.3699,38.90377],[-75.37342,38.90571],[-75.37476,38.91552],[-75.37538,38.92006],[-75.37622,38.92614],[-75.37694,38.93154],[-75.37705,38.93241],[-75.37798,38.93297],[-75.37896,38.93357],[-75.37994,38.93419],[-75.38086,38.93479],[-75.38304,38.93622],[-75.38505,38.9402],[-75.38811,38.94621],[-75.38981,38.9496],[-75.39331,38.95632],[-75.39495,38.95968],[-75.40523,38.96614],[-75.40697,38.96724],[-75.41219,38.97056],[-75.41237,38.97198],[-75.41356,38.98279],[-75.41394,38.98843],[-75.414,38.99008],[-75.41441,38.99746],[-75.41446,38.9983],[-75.41404,39.00125],[-75.4136,39.0044],[-75.41908,39.01006],[-75.42442,39.01558],[-75.42499,39.01845],[-75.42654,39.02569],[-75.42726,39.02902],[-75.4276,39.03433],[-75.42799,39.0425],[-75.43301,39.04654],[-75.43268,39.04852],[-75.43198,39.05287],[-75.43543,39.05556],[-75.44008,39.05778],[-75.4436,39.06019],[-75.44447,39.06436],[-75.44376,39.06875],[-75.44252,39.07659],[-75.4423,39.0784],[-75.42971,39.0865],[-75.42613,39.0919],[-75.42525,39.09324],[-75.42515,39.09546],[-75.42598,39.09732],[-75.42806,39.10186],[-75.4266,39.10664],[-75.42495,39.11224],[-75.42374,39.11618],[-75.4275,39.12689],[-75.4355,39.13088],[-75.44118,39.13372],[-75.44044,39.14276],[-75.4402,39.1545],[-75.43984,39.1653],[-75.44171,39.16968],[-75.44408,39.17541],[-75.4458,39.17953],[-75.44568,39.1839],[-75.45004,39.18894],[-75.45419,39.19296],[-75.45467,39.19348],[-75.45949,39.19662],[-75.46112,39.19767],[-75.46425,39.20213],[-75.46866,39.20334],[-75.46878,39.20265],[-75.46933,39.20221]]}},{"type":"Feature","properties":{"id":"107468","type":"AC; OVERHEAD","status":"IN SERVICE","owner":"DELMARVA POWER","voltage":138,"voltClass":"100-161"},"geometry":{"type":"LineString","coordinates":[[-75.82286,38.48737],[-75.82332,38.48722],[-75.82347,38.48702],[-75.82221,38.48512],[-75.81883,38.48314],[-75.81637,38.48163],[-75.81477,38.48072],[-75.81272,38.47962],[-75.81064,38.47853],[-75.80856,38.47742],[-75.80647,38.47632],[-75.80439,38.4752],[-75.8023,38.47409],[-75.8002,38.47295],[-75.79777,38.47238],[-75.79537,38.4718],[-75.79296,38.47122],[-75.79056,38.47065],[-75.78813,38.47008],[-75.78572,38.4695],[-75.7833,38.46894],[-75.78214,38.46722],[-75.78098,38.46552],[-75.77981,38.46382],[-75.77861,38.46213],[-75.77828,38.46064],[-75.77781,38.45869],[-75.77735,38.45674],[-75.77689,38.45479],[-75.77644,38.45284],[-75.77539,38.45134],[-75.77436,38.4498],[-75.7719,38.44912],[-75.7705,38.44755],[-75.76913,38.44605],[-75.76777,38.44455],[-75.7664,38.44304],[-75.76501,38.44155],[-75.76406,38.43974],[-75.76309,38.43798],[-75.76212,38.43618],[-75.76115,38.4344],[-75.76017,38.4326],[-75.7592,38.43082],[-75.75822,38.42904],[-75.75725,38.42725],[-75.75628,38.42546],[-75.75531,38.42367],[-75.75436,38.42187],[-75.75236,38.42106],[-75.75038,38.42026],[-75.74842,38.41948],[-75.74643,38.41866],[-75.74442,38.41785],[-75.74242,38.41704],[-75.74028,38.41618],[-75.73823,38.41535],[-75.73617,38.41452],[-75.73411,38.41367],[-75.73209,38.41285],[-75.73006,38.41205],[-75.72889,38.41044],[-75.72771,38.40884],[-75.7265,38.40719],[-75.72528,38.40555],[-75.72407,38.40391],[-75.72285,38.40227],[-75.72165,38.40063],[-75.72043,38.39898],[-75.71922,38.39732],[-75.71801,38.39565],[-75.71684,38.39413],[-75.71566,38.39253],[-75.71448,38.39094],[-75.7133,38.38935],[-75.71212,38.38772],[-75.71095,38.3861],[-75.70976,38.38456],[-75.70856,38.38298],[-75.709,38.38099],[-75.7094,38.379],[-75.70982,38.37701],[-75.71021,38.37505],[-75.71062,38.37308],[-75.71103,38.37108],[-75.71143,38.36911],[-75.71184,38.36714],[-75.71224,38.36516],[-75.71264,38.36317],[-75.71305,38.36119],[-75.71345,38.35922],[-75.71385,38.35724],[-75.71426,38.35525],[-75.71457,38.35371],[-75.71496,38.35172],[-75.71568,38.35024],[-75.71638,38.34874],[-75.7171,38.34726],[-75.7168,38.34589],[-75.71655,38.34451],[-75.71518,38.34317],[-75.71398,38.34195],[-75.71264,38.34062],[-75.71154,38.33953],[-75.71026,38.33824],[-75.70898,38.33696],[-75.7077,38.33567],[-75.7064,38.33441],[-75.70564,38.33263],[-75.70487,38.33086],[-75.7041,38.32909],[-75.70335,38.32731],[-75.70161,38.32597],[-75.69991,38.3246],[-75.69829,38.32331],[-75.69666,38.32202],[-75.69505,38.32073],[-75.69343,38.31943],[-75.69181,38.31814],[-75.69019,38.31685],[-75.68856,38.31556],[-75.68674,38.31411],[-75.68492,38.31266],[-75.68311,38.31121],[-75.68129,38.30976],[-75.67946,38.30831],[-75.67765,38.30686],[-75.67583,38.30541],[-75.67398,38.30396],[-75.6738,38.30225],[-75.6736,38.30054],[-75.67339,38.29883],[-75.67319,38.29712],[-75.67298,38.29527],[-75.67286,38.29428],[-75.67276,38.29343],[-75.67253,38.29147],[-75.67229,38.28952],[-75.67206,38.28757],[-75.67184,38.28564],[-75.67161,38.2837],[-75.67138,38.28177],[-75.67115,38.27983],[-75.671,38.27832],[-75.66999,38.2765],[-75.66902,38.27466],[-75.66804,38.27283],[-75.66705,38.271],[-75.66607,38.26915],[-75.6651,38.26733],[-75.66412,38.26548],[-75.6632,38.26375],[-75.66224,38.26196],[-75.6618,38.26185]]}},{"type":"Feature","properties":{"id":"107524","type":"AC; OVERHEAD","status":null,"owner":"DELMARVA POWER","voltage":230,"voltClass":"220-287"},"geometry":{"type":"LineString","coordinates":[[-75.50366,39.73838],[-75.50452,39.73905]]}},{"type":"Feature","properties":{"id":"106879","type":"AC; OVERHEAD","status":"IN SERVICE","owner":"DELMARVA POWER","voltage":138,"voltClass":"100-161"},"geometry":{"type":"LineString","coordinates":[[-75.19159,38.71353],[-75.19199,38.71375],[-75.19278,38.71383],[-75.1935,38.7139],[-75.19407,38.71396],[-75.1946,38.71401],[-75.19521,38.71407],[-75.1958,38.71413],[-75.19662,38.71422],[-75.19739,38.71429],[-75.19823,38.71438],[-75.19926,38.71449],[-75.20039,38.71462],[-75.20152,38.71475],[-75.20305,38.71493],[-75.20408,38.71505],[-75.20479,38.71513],[-75.20545,38.71521],[-75.20636,38.71527],[-75.20652,38.71457],[-75.20681,38.71373],[-75.20737,38.71302],[-75.20792,38.7123],[-75.20847,38.71159],[-75.20902,38.71088],[-75.20959,38.71016],[-75.21009,38.70952],[-75.21058,38.7089],[-75.21107,38.70827],[-75.21171,38.70746],[-75.21225,38.70678],[-75.21294,38.70586],[-75.21342,38.70501],[-75.21364,38.70448],[-75.21383,38.70398],[-75.21401,38.70359],[-75.21442,38.70306],[-75.2147,38.7023],[-75.215,38.70154],[-75.21523,38.70072],[-75.21513,38.70014],[-75.21526,38.69973],[-75.21541,38.6991],[-75.21555,38.69848],[-75.21575,38.69765],[-75.21588,38.69673],[-75.21588,38.69634],[-75.21586,38.69558],[-75.21584,38.69506],[-75.21582,38.69441],[-75.21571,38.69347],[-75.2158,38.69268],[-75.21589,38.69183],[-75.21695,38.69194],[-75.21802,38.69203],[-75.21927,38.69216],[-75.22016,38.69214],[-75.22143,38.69223],[-75.22241,38.69232],[-75.22362,38.69233],[-75.22458,38.69219],[-75.22542,38.69205],[-75.22645,38.69189],[-75.22765,38.6917],[-75.22863,38.69164],[-75.22961,38.69159],[-75.23068,38.69156],[-75.23176,38.69152],[-75.23274,38.69149],[-75.23361,38.6916],[-75.23452,38.69177],[-75.23543,38.69195],[-75.23583,38.69098],[-75.23624,38.69001],[-75.23665,38.68904],[-75.23705,38.6881],[-75.23745,38.68717],[-75.23801,38.68582],[-75.23853,38.68454],[-75.23896,38.68376],[-75.23939,38.68301],[-75.23878,38.68214],[-75.23827,38.68139],[-75.23761,38.68045],[-75.23701,38.67961],[-75.23756,38.67867],[-75.23807,38.67774],[-75.2386,38.6768],[-75.23912,38.67587],[-75.23965,38.67495],[-75.24018,38.67404],[-75.23983,38.67313],[-75.2395,38.67222],[-75.23914,38.67122],[-75.23873,38.67009],[-75.23832,38.66895],[-75.23792,38.66781],[-75.23754,38.66666],[-75.23658,38.66599],[-75.23564,38.66532],[-75.2347,38.66463],[-75.23377,38.66395],[-75.23392,38.66281],[-75.23408,38.66159],[-75.23425,38.66039],[-75.23441,38.65918],[-75.23456,38.65798],[-75.2347,38.65696],[-75.23485,38.65581],[-75.23499,38.65473],[-75.23512,38.65359],[-75.23567,38.65237],[-75.23621,38.65117],[-75.23674,38.64998],[-75.23731,38.64877],[-75.23667,38.64774],[-75.23613,38.64686],[-75.23559,38.64595],[-75.23461,38.64528],[-75.23362,38.64461],[-75.23376,38.64364],[-75.23388,38.64269],[-75.23402,38.64159],[-75.23417,38.64044],[-75.23431,38.63929],[-75.23446,38.63814],[-75.2346,38.637],[-75.23472,38.63584],[-75.23599,38.63521],[-75.23726,38.63459],[-75.23736,38.63357],[-75.2375,38.63256],[-75.23765,38.63141],[-75.2378,38.63027],[-75.23795,38.62911],[-75.2381,38.62797],[-75.23825,38.62682],[-75.2384,38.62567],[-75.23852,38.62472],[-75.23865,38.62376],[-75.23882,38.62261],[-75.2381,38.6215],[-75.23746,38.62046],[-75.23682,38.61941],[-75.23617,38.61837],[-75.23552,38.61733],[-75.23488,38.61628],[-75.23424,38.61524],[-75.23359,38.6142],[-75.23295,38.61316],[-75.23231,38.61212],[-75.23164,38.61108],[-75.23175,38.60993],[-75.23183,38.60884],[-75.23192,38.60767],[-75.23201,38.60653],[-75.2321,38.6054],[-75.23219,38.60426],[-75.23226,38.60302],[-75.2332,38.60202],[-75.23403,38.60109],[-75.23486,38.60019],[-75.2357,38.59926],[-75.23654,38.59834],[-75.23737,38.59742],[-75.23822,38.59651],[-75.23905,38.59559],[-75.24029,38.59423],[-75.24092,38.59232],[-75.24095,38.5922],[-75.24159,38.59016],[-75.24223,38.58812],[-75.24274,38.58656],[-75.24204,38.58589],[-75.24143,38.58557],[-75.24104,38.58537],[-75.241,38.58537],[-75.23971,38.58537],[-75.23942,38.58575]]}},{"type":"Feature","properties":{"id":"167524","type":"AC; OVERHEAD","status":"IN SERVICE","owner":null,"voltage":230,"voltClass":"220-287"},"geometry":{"type":"LineString","coordinates":[[-75.48399,39.76766],[-75.48352,39.76788],[-75.4835,39.7686],[-75.48342,39.76925],[-75.48263,39.77074],[-75.48219,39.77148],[-75.48169,39.77214],[-75.48132,39.77292],[-75.48016,39.77423],[-75.4778,39.77687],[-75.47338,39.78189],[-75.47059,39.78493],[-75.46935,39.78614],[-75.46739,39.78778],[-75.46417,39.78987],[-75.45915,39.79295],[-75.45422,39.79598],[-75.45213,39.79744],[-75.45094,39.79859],[-75.44885,39.80084],[-75.44667,39.8032],[-75.44119,39.80915],[-75.4394,39.81105],[-75.43817,39.81218],[-75.43684,39.81319],[-75.43632,39.81388],[-75.43481,39.81482],[-75.43316,39.81562],[-75.43267,39.81584]]}},{"type":"Feature","properties":{"id":"112311","type":"AC; OVERHEAD","status":"IN SERVICE","owner":"DELMARVA POWER","voltage":230,"voltClass":"220-287"},"geometry":{"type":"LineString","coordinates":[[-75.24352,38.58561],[-75.24296,38.58622],[-75.24321,38.58649],[-75.24268,38.58814],[-75.24199,38.5902],[-75.24133,38.59224],[-75.24127,38.5924],[-75.24063,38.59434],[-75.23982,38.59524],[-75.23901,38.59614],[-75.23823,38.59699],[-75.2374,38.5979],[-75.2366,38.59878],[-75.2358,38.59965],[-75.235,38.60053],[-75.2342,38.60141],[-75.23342,38.60228],[-75.23258,38.60312],[-75.23256,38.6041],[-75.23249,38.60508],[-75.23241,38.60607],[-75.23233,38.60708],[-75.23225,38.60808],[-75.23218,38.60907],[-75.23211,38.61004],[-75.23197,38.61103],[-75.23252,38.61182],[-75.23303,38.61263],[-75.23353,38.61346],[-75.23405,38.61428],[-75.23455,38.6151],[-75.23507,38.61593],[-75.23558,38.61675],[-75.23608,38.61758],[-75.23661,38.61842],[-75.23711,38.61923],[-75.23761,38.62006],[-75.23813,38.62088],[-75.23865,38.62172],[-75.23918,38.62256],[-75.23904,38.62359],[-75.2389,38.62462],[-75.23877,38.62562],[-75.23864,38.62663],[-75.23851,38.62763],[-75.23838,38.62864],[-75.23825,38.62964],[-75.23812,38.63065],[-75.23798,38.63166],[-75.23785,38.63266],[-75.23772,38.6337],[-75.23756,38.63474],[-75.23676,38.63517],[-75.23592,38.63559],[-75.23504,38.63599],[-75.23498,38.63685],[-75.23487,38.63767],[-75.23477,38.63853],[-75.23466,38.6394],[-75.23455,38.64026],[-75.23445,38.64112],[-75.23433,38.64201],[-75.23423,38.64283],[-75.23412,38.64366],[-75.23399,38.6445],[-75.23495,38.64514],[-75.2359,38.64581],[-75.23633,38.64653],[-75.23677,38.64725],[-75.23722,38.64801],[-75.23765,38.64876],[-75.23731,38.6496],[-75.23694,38.65043],[-75.23659,38.65121],[-75.23621,38.65204],[-75.23585,38.65283],[-75.23545,38.65362],[-75.23541,38.65434],[-75.23531,38.65506],[-75.23519,38.65594],[-75.23508,38.65683],[-75.23496,38.65772],[-75.23485,38.6586],[-75.23472,38.65949],[-75.23461,38.66038],[-75.23449,38.66126],[-75.23438,38.66214],[-75.23426,38.66299],[-75.23412,38.66385],[-75.23504,38.66449],[-75.23594,38.66513],[-75.23689,38.66582],[-75.23784,38.66651],[-75.23818,38.66747],[-75.23852,38.66842],[-75.23886,38.66935],[-75.23919,38.67028],[-75.23952,38.67121],[-75.23985,38.67215],[-75.24022,38.6731],[-75.24054,38.67405],[-75.24001,38.67501],[-75.23949,38.67596],[-75.23896,38.67689],[-75.23844,38.67781],[-75.23795,38.6787],[-75.23742,38.67959],[-75.23802,38.68044],[-75.23857,38.68132],[-75.23984,38.68159],[-75.24106,38.68189],[-75.24236,38.68221],[-75.24365,38.68253],[-75.24426,38.68347],[-75.24486,38.68441],[-75.24545,38.68532],[-75.24603,38.68623],[-75.24662,38.68713],[-75.24721,38.68805],[-75.24779,38.68896],[-75.24839,38.68988],[-75.24897,38.69078],[-75.24955,38.69171],[-75.25015,38.69258],[-75.25073,38.69352],[-75.25126,38.69434],[-75.25191,38.69535],[-75.25251,38.69627],[-75.2531,38.69719],[-75.2531,38.69815],[-75.2531,38.69913],[-75.2531,38.70005],[-75.25304,38.70098],[-75.25374,38.70171],[-75.25435,38.70246],[-75.25392,38.70337],[-75.25346,38.70431],[-75.25303,38.70518],[-75.25255,38.70604],[-75.25308,38.70672],[-75.25353,38.7074],[-75.25402,38.70813],[-75.2545,38.70885],[-75.25499,38.70956],[-75.25547,38.71028],[-75.25596,38.711],[-75.25644,38.71173],[-75.25671,38.71263],[-75.25698,38.71353],[-75.25724,38.71442],[-75.2575,38.71532],[-75.25776,38.71621],[-75.25802,38.7171],[-75.25828,38.71799],[-75.25854,38.71888],[-75.25882,38.71983],[-75.25909,38.72077],[-75.25936,38.72168],[-75.25958,38.72262],[-75.26047,38.7234],[-75.26133,38.72419],[-75.2622,38.72501],[-75.26307,38.72583],[-75.2634,38.72678],[-75.26372,38.72772],[-75.26399,38.7285],[-75.26426,38.72928],[-75.26456,38.73014],[-75.26485,38.73099],[-75.26516,38.73188],[-75.26546,38.73276],[-75.26571,38.73347],[-75.26602,38.73446],[-75.26713,38.73488],[-75.26835,38.73536],[-75.26954,38.73583],[-75.27086,38.73631],[-75.27275,38.73703],[-75.27494,38.73789],[-75.27701,38.7387],[-75.2791,38.73952],[-75.28053,38.7406],[-75.28198,38.74172],[-75.28165,38.74283],[-75.28134,38.74387],[-75.28104,38.74487],[-75.28075,38.74588],[-75.28045,38.74688],[-75.28016,38.74789],[-75.27986,38.74889],[-75.27956,38.7499],[-75.27928,38.75084],[-75.27896,38.75191],[-75.2786,38.7529],[-75.27823,38.75389],[-75.27795,38.75468],[-75.27761,38.75546],[-75.27744,38.75647],[-75.27722,38.75749],[-75.27699,38.7585],[-75.27677,38.7595],[-75.27655,38.76051],[-75.27633,38.76151],[-75.2761,38.76254],[-75.27588,38.76354],[-75.27571,38.76433],[-75.27553,38.76513],[-75.27531,38.76612],[-75.2751,38.76712],[-75.27488,38.76812],[-75.27465,38.76912],[-75.27443,38.77012],[-75.27421,38.77112],[-75.27399,38.77213],[-75.27376,38.77312],[-75.27355,38.77413],[-75.27333,38.77513],[-75.27311,38.77612],[-75.27284,38.77711],[-75.27295,38.77785],[-75.27301,38.7786],[-75.2731,38.77958],[-75.27318,38.78056],[-75.27325,38.78154],[-75.27334,38.78252],[-75.27342,38.78351],[-75.2735,38.78448],[-75.27359,38.78544],[-75.27361,38.78643],[-75.27428,38.78711],[-75.2749,38.78781],[-75.27554,38.78854],[-75.27641,38.78952],[-75.27722,38.79042],[-75.27798,38.79128],[-75.27879,38.79226],[-75.27991,38.79225],[-75.28097,38.79225],[-75.28203,38.79227],[-75.28279,38.79307],[-75.28356,38.79385],[-75.28431,38.7946],[-75.28505,38.79535],[-75.28558,38.7959],[-75.28613,38.79643],[-75.28687,38.79719],[-75.28762,38.79794],[-75.28837,38.79869],[-75.28911,38.79945],[-75.28986,38.8002],[-75.2906,38.80095],[-75.29132,38.80167],[-75.29201,38.80243],[-75.29309,38.80255],[-75.29414,38.80268],[-75.29522,38.80283],[-75.2963,38.80298],[-75.29739,38.80312],[-75.29848,38.80326],[-75.29957,38.80341],[-75.30065,38.80355],[-75.30178,38.8037],[-75.30292,38.80384],[-75.30354,38.80461],[-75.30419,38.80537],[-75.30479,38.80609],[-75.30543,38.80683],[-75.30606,38.80756],[-75.30668,38.80828],[-75.3073,38.80901],[-75.30792,38.80973],[-75.30854,38.81046],[-75.30916,38.81119],[-75.30977,38.8119],[-75.31035,38.81265],[-75.31144,38.81322],[-75.3125,38.81382],[-75.31355,38.81443],[-75.31462,38.81503],[-75.3157,38.81563],[-75.31676,38.81625],[-75.31782,38.81686],[-75.31888,38.81746],[-75.31997,38.81808],[-75.32105,38.8187],[-75.32157,38.81927],[-75.32218,38.81995],[-75.32282,38.82066],[-75.3234,38.82131],[-75.32418,38.82216],[-75.32494,38.82302],[-75.32572,38.82387],[-75.32648,38.82473],[-75.32725,38.82558],[-75.32803,38.82644],[-75.3288,38.8273],[-75.32958,38.82816],[-75.33037,38.82903],[-75.33068,38.82997],[-75.33101,38.83092],[-75.33133,38.83185],[-75.33164,38.83279],[-75.33196,38.83372],[-75.33228,38.83465],[-75.3326,38.83558],[-75.33292,38.83653],[-75.33323,38.83742],[-75.33352,38.83834],[-75.33548,38.83932],[-75.33762,38.84041],[-75.33887,38.84021],[-75.34012,38.84005],[-75.34139,38.83987],[-75.34268,38.83969],[-75.34396,38.83951],[-75.34524,38.83934],[-75.34652,38.83916],[-75.3478,38.83898],[-75.34907,38.8388],[-75.35035,38.83863],[-75.35148,38.83847],[-75.35262,38.83832],[-75.35375,38.83816],[-75.35489,38.83801],[-75.35603,38.83784],[-75.35719,38.83768],[-75.3583,38.8379],[-75.35943,38.83812],[-75.36054,38.83834],[-75.36165,38.83856],[-75.36277,38.83878],[-75.36389,38.839],[-75.36497,38.83955],[-75.36604,38.8401],[-75.36711,38.84064],[-75.36816,38.84118],[-75.36923,38.84172],[-75.37028,38.84225],[-75.37136,38.84279],[-75.37242,38.84333],[-75.37349,38.84387],[-75.37454,38.84441],[-75.37561,38.84496],[-75.37667,38.8455],[-75.37772,38.84604],[-75.37869,38.84654],[-75.37987,38.84714],[-75.38096,38.84769],[-75.38204,38.84824],[-75.38313,38.84879],[-75.38421,38.84934],[-75.38504,38.84976],[-75.38592,38.85022],[-75.38681,38.85067],[-75.38773,38.85113],[-75.38895,38.85175],[-75.38979,38.85218],[-75.39071,38.85264],[-75.39179,38.8532],[-75.39289,38.85375],[-75.39397,38.85432],[-75.39472,38.855],[-75.39547,38.85568],[-75.3962,38.85636],[-75.39693,38.85703],[-75.39767,38.8577],[-75.39835,38.85834],[-75.39927,38.85919],[-75.4003,38.86013],[-75.40129,38.86103],[-75.40175,38.86146],[-75.40244,38.8621],[-75.40304,38.86265],[-75.40364,38.8632],[-75.4035,38.8642],[-75.40337,38.86505],[-75.40321,38.86614],[-75.40306,38.86709],[-75.40291,38.86805],[-75.40276,38.869],[-75.40261,38.87],[-75.40246,38.87101],[-75.40231,38.87201],[-75.40215,38.87302],[-75.40199,38.87402],[-75.40184,38.87502],[-75.40168,38.87601],[-75.40153,38.87701],[-75.40141,38.87777],[-75.40125,38.87883],[-75.4011,38.87977],[-75.40093,38.88074],[-75.40029,38.88101],[-75.39991,38.88096]]}},{"type":"Feature","properties":{"id":"111071","type":"AC; OVERHEAD","status":"IN SERVICE","owner":"DELMARVA POWER","voltage":138,"voltClass":"100-161"},"geometry":{"type":"LineString","coordinates":[[-75.57487,39.01538],[-75.57507,39.01558],[-75.57544,39.0156],[-75.57527,39.01697],[-75.57497,39.01938],[-75.57478,39.021],[-75.5744,39.02418],[-75.57364,39.03062],[-75.57324,39.0338],[-75.57279,39.03763],[-75.57231,39.04145],[-75.57204,39.04383],[-75.57151,39.04804],[-75.57112,39.05139],[-75.5707,39.05475],[-75.5703,39.05813],[-75.5697,39.06315],[-75.56906,39.06818],[-75.56857,39.07239],[-75.56816,39.07579],[-75.56775,39.07922],[-75.56734,39.08267],[-75.5667,39.08782],[-75.56617,39.09208],[-75.56567,39.09627],[-75.56527,39.09964],[-75.56453,39.1057],[-75.56412,39.10921],[-75.56391,39.11097],[-75.56366,39.11221],[-75.56322,39.11339],[-75.5626,39.11456],[-75.56137,39.11615],[-75.56078,39.11678],[-75.55793,39.11983],[-75.55552,39.12238],[-75.55428,39.12367],[-75.55237,39.12568],[-75.54856,39.12974],[-75.54535,39.13316],[-75.54278,39.13589],[-75.54026,39.1386],[-75.53921,39.13993],[-75.53797,39.14127],[-75.53463,39.1448],[-75.53215,39.14746],[-75.53143,39.14852],[-75.53069,39.15026],[-75.53056,39.15148],[-75.5306,39.15268],[-75.53075,39.1533],[-75.53113,39.15445],[-75.53168,39.15579],[-75.53295,39.15869],[-75.53326,39.15942],[-75.53361,39.1601],[-75.534,39.1608],[-75.53452,39.16143],[-75.53511,39.16205],[-75.53677,39.16396],[-75.53795,39.16525],[-75.53978,39.16732],[-75.54234,39.17016],[-75.54297,39.17084],[-75.54472,39.17289],[-75.5451,39.17349],[-75.54629,39.1748],[-75.5469,39.17547],[-75.5487,39.17747],[-75.54991,39.17881],[-75.55172,39.18084],[-75.55354,39.18285],[-75.55675,39.18645],[-75.55878,39.18871],[-75.55862,39.18943],[-75.55935,39.18989],[-75.55943,39.1894],[-75.56051,39.19061],[-75.56238,39.19267],[-75.56548,39.19608],[-75.56858,39.19953],[-75.57145,39.2028],[-75.57175,39.20324],[-75.57203,39.2037],[-75.57123,39.20413],[-75.57107,39.20425]]}},{"type":"Feature","properties":{"id":"112570","type":"AC; OVERHEAD","status":"IN SERVICE","owner":"DELMARVA POWER","voltage":138,"voltClass":"100-161"},"geometry":{"type":"LineString","coordinates":[[-75.24352,38.58561],[-75.24317,38.5853],[-75.24276,38.58473],[-75.24275,38.58471],[-75.24259,38.58449],[-75.24257,38.58446],[-75.2415,38.58501],[-75.24126,38.58513],[-75.24065,38.58513],[-75.23982,38.58513],[-75.2394,38.58512],[-75.23942,38.58575]]}},{"type":"Feature","properties":{"id":"112585","type":"AC; OVERHEAD","status":"IN SERVICE","owner":"DELMARVA POWER","voltage":138,"voltClass":"100-161"},"geometry":{"type":"LineString","coordinates":[[-75.61323,39.2579],[-75.61293,39.25798],[-75.6126,39.25803]]}},{"type":"Feature","properties":{"id":"113470","type":"AC; OVERHEAD","status":"IN SERVICE","owner":"DELMARVA POWER","voltage":138,"voltClass":"100-161"},"geometry":{"type":"LineString","coordinates":[[-75.62503,39.27848],[-75.6247,39.27863],[-75.62455,39.27874]]}},{"type":"Feature","properties":{"id":"114672","type":"AC; OVERHEAD","status":"IN SERVICE","owner":"DELMARVA POWER","voltage":138,"voltClass":"100-161"},"geometry":{"type":"LineString","coordinates":[[-75.6309,39.28646],[-75.63034,39.2868],[-75.62976,39.28592],[-75.62762,39.28221],[-75.62576,39.27917],[-75.62526,39.27837],[-75.62503,39.27848]]}},{"type":"Feature","properties":{"id":"114711","type":"AC; OVERHEAD","status":"IN SERVICE","owner":"DELMARVA POWER","voltage":230,"voltClass":"220-287"},"geometry":{"type":"LineString","coordinates":[[-75.50186,38.29481],[-75.50109,38.29521],[-75.50073,38.29556],[-75.5002,38.29609],[-75.49833,38.29766],[-75.49644,38.29924],[-75.49455,38.30078],[-75.49329,38.30254],[-75.49202,38.30428],[-75.49075,38.30601],[-75.48948,38.30774],[-75.4882,38.30948],[-75.48719,38.31088],[-75.48592,38.31262],[-75.48464,38.31436],[-75.48337,38.31609],[-75.48209,38.31783],[-75.48082,38.31957],[-75.47955,38.3213],[-75.47828,38.32303],[-75.477,38.32477],[-75.47574,38.3265],[-75.47445,38.32825],[-75.47314,38.33004],[-75.47184,38.33182],[-75.47053,38.33361],[-75.46922,38.33539],[-75.4679,38.33718],[-75.46659,38.33897],[-75.46527,38.34076],[-75.46418,38.34226],[-75.46291,38.34398],[-75.46164,38.34573],[-75.46036,38.34746],[-75.45909,38.34919],[-75.45781,38.35093],[-75.45654,38.35267],[-75.45527,38.3544],[-75.454,38.35613],[-75.45272,38.35787],[-75.45144,38.3596],[-75.45017,38.36133],[-75.44889,38.36308],[-75.44763,38.3648],[-75.44635,38.36654],[-75.44529,38.36799],[-75.44402,38.36973],[-75.44275,38.37146],[-75.44148,38.37319],[-75.44019,38.37493],[-75.43893,38.37667],[-75.43765,38.3784],[-75.43637,38.38014],[-75.4351,38.38187],[-75.43382,38.38361],[-75.43265,38.3852],[-75.43124,38.38708],[-75.4311,38.38924],[-75.43093,38.39139],[-75.43079,38.39316],[-75.43066,38.39495],[-75.4305,38.39702],[-75.43034,38.39909],[-75.43017,38.40116],[-75.43002,38.40323],[-75.42986,38.4053],[-75.4297,38.40736],[-75.42953,38.40944],[-75.42938,38.4115],[-75.42922,38.41357],[-75.42905,38.41565],[-75.42889,38.41771],[-75.42874,38.41978],[-75.42858,38.42185],[-75.42845,38.42392],[-75.4273,38.42576],[-75.42619,38.4276],[-75.42518,38.42927],[-75.42408,38.4311],[-75.42298,38.43292],[-75.42186,38.43476],[-75.42075,38.4366],[-75.41965,38.43841],[-75.41856,38.44022],[-75.41745,38.44203],[-75.41637,38.44384],[-75.41527,38.44565],[-75.41418,38.44747],[-75.41309,38.44927],[-75.412,38.45108],[-75.41126,38.45229],[-75.41099,38.45273],[-75.40999,38.45438],[-75.40887,38.45623],[-75.40776,38.45808],[-75.40664,38.45993],[-75.40552,38.46178],[-75.40441,38.46365],[-75.40327,38.46548],[-75.40216,38.46734],[-75.40104,38.46918],[-75.40022,38.47053],[-75.39909,38.47238],[-75.39798,38.47424],[-75.39686,38.47609],[-75.39573,38.47794],[-75.39461,38.47979],[-75.3935,38.48164],[-75.39238,38.48349],[-75.39126,38.48535],[-75.39013,38.4872],[-75.389,38.48905],[-75.3879,38.49091],[-75.38676,38.49276],[-75.38565,38.49461],[-75.38453,38.49647],[-75.38339,38.49831],[-75.3823,38.50017],[-75.38072,38.50169],[-75.37919,38.50323],[-75.37765,38.50477],[-75.3761,38.50629],[-75.37457,38.50783],[-75.37302,38.50935],[-75.37143,38.51096],[-75.36982,38.51254],[-75.36821,38.51414],[-75.36661,38.51574],[-75.36502,38.51735],[-75.36339,38.51893],[-75.36181,38.52054],[-75.35946,38.52119],[-75.35711,38.52185],[-75.35531,38.52236],[-75.35311,38.52298],[-75.35091,38.5236],[-75.34871,38.52422],[-75.34652,38.52483],[-75.34432,38.52545],[-75.34213,38.52607],[-75.33991,38.52669],[-75.33748,38.52739],[-75.33502,38.52807],[-75.33258,38.52876],[-75.33013,38.52945],[-75.32767,38.53014],[-75.32523,38.53084],[-75.32277,38.53153],[-75.32032,38.53222],[-75.31788,38.53291],[-75.31541,38.53361],[-75.31297,38.53429],[-75.31051,38.53499],[-75.30807,38.53567],[-75.30598,38.53627],[-75.30352,38.53696],[-75.30107,38.53765],[-75.29862,38.53834],[-75.29617,38.53902],[-75.29372,38.53971],[-75.29127,38.54041],[-75.28882,38.5411],[-75.28636,38.54179],[-75.28426,38.54238],[-75.28182,38.54307],[-75.27935,38.54374],[-75.27792,38.54538],[-75.27649,38.54699],[-75.27505,38.5486],[-75.27362,38.55021],[-75.27219,38.5518],[-75.27075,38.55342],[-75.26932,38.55502],[-75.26781,38.55672],[-75.26631,38.55839],[-75.26484,38.56005],[-75.26337,38.56169],[-75.2619,38.56332],[-75.26043,38.56498],[-75.25899,38.5666],[-75.25753,38.56824],[-75.25606,38.56988],[-75.25459,38.57153],[-75.25316,38.57313],[-75.25171,38.57474],[-75.25028,38.57635],[-75.24892,38.57797],[-75.2474,38.57957],[-75.24596,38.58118],[-75.24467,38.58232],[-75.24283,38.5836],[-75.24317,38.58421],[-75.24328,38.58441],[-75.24333,38.5845],[-75.2436,38.58497],[-75.24407,38.5853],[-75.24352,38.58561]]}},{"type":"Feature","properties":{"id":"116184","type":"AC; OVERHEAD","status":null,"owner":"DELMARVA POWER","voltage":138,"voltClass":"100-161"},"geometry":{"type":"LineString","coordinates":[[-75.62455,39.27874],[-75.62393,39.27918]]}},{"type":"Feature","properties":{"id":"116252","type":"AC; OVERHEAD","status":"IN SERVICE","owner":"DELMARVA POWER","voltage":138,"voltClass":"100-161"},"geometry":{"type":"LineString","coordinates":[[-75.75347,39.39516],[-75.75381,39.3946],[-75.75444,39.39422],[-75.75525,39.39369],[-75.75608,39.39317],[-75.75691,39.39266],[-75.75737,39.39236],[-75.7578,39.39209],[-75.75952,39.39113],[-75.76141,39.39007],[-75.76332,39.389],[-75.76521,39.38794],[-75.76693,39.38697],[-75.7668,39.38533],[-75.76665,39.38357],[-75.76651,39.38181],[-75.76642,39.38071],[-75.76632,39.37972],[-75.76676,39.37876],[-75.76713,39.37797],[-75.76793,39.37623],[-75.76873,39.37448],[-75.76952,39.37274],[-75.77058,39.37106],[-75.77163,39.36937],[-75.77279,39.3675],[-75.77395,39.36563],[-75.77512,39.36376],[-75.77629,39.36189],[-75.77745,39.36002],[-75.77861,39.35815],[-75.77987,39.35609],[-75.78206,39.35503],[-75.78424,39.35396],[-75.78642,39.35289],[-75.7886,39.35182],[-75.79078,39.35076],[-75.79138,39.34889],[-75.79208,39.34679],[-75.79267,39.34499],[-75.7933,39.34304],[-75.7939,39.34124],[-75.79454,39.33929],[-75.79511,39.33754],[-75.79568,39.3358],[-75.79625,39.33406],[-75.79683,39.33232],[-75.79667,39.33029],[-75.79654,39.32858],[-75.7964,39.32685],[-75.79627,39.32513],[-75.79614,39.32335],[-75.796,39.32169],[-75.79588,39.31997],[-75.79574,39.31821],[-75.79557,39.31645],[-75.79753,39.31455],[-75.79923,39.3132],[-75.80095,39.31185],[-75.80266,39.31051],[-75.80439,39.30918],[-75.80481,39.30782],[-75.80526,39.30647],[-75.80594,39.30443],[-75.8066,39.30243],[-75.80727,39.30041],[-75.80792,39.29838],[-75.80859,39.29635],[-75.80925,39.29434],[-75.80992,39.29229],[-75.81058,39.29029],[-75.81119,39.28843],[-75.8118,39.28658],[-75.81246,39.28458],[-75.81311,39.28259],[-75.81372,39.28071],[-75.81434,39.27884],[-75.81486,39.27724],[-75.81545,39.27545],[-75.81598,39.27385],[-75.81663,39.27177],[-75.81822,39.26992],[-75.81966,39.26822],[-75.82114,39.26648],[-75.8226,39.26474],[-75.82407,39.26299],[-75.82556,39.26124],[-75.82704,39.25948],[-75.82853,39.25773],[-75.82995,39.25603],[-75.8321,39.25495],[-75.83424,39.25385],[-75.83466,39.25364],[-75.83649,39.25269],[-75.83874,39.25153],[-75.84101,39.25038],[-75.84223,39.24854],[-75.84345,39.24671],[-75.84465,39.24486],[-75.84651,39.24339],[-75.84671,39.24333],[-75.84681,39.24331],[-75.84711,39.24324],[-75.84804,39.24301],[-75.84857,39.24288]]}},{"type":"Feature","properties":{"id":"116559","type":"AC; OVERHEAD","status":"IN SERVICE","owner":"DELMARVA POWER","voltage":138,"voltClass":"100-161"},"geometry":{"type":"LineString","coordinates":[[-75.66247,39.68919],[-75.66216,39.68904],[-75.66166,39.68896],[-75.66194,39.68783],[-75.66221,39.68662],[-75.66249,39.6854],[-75.66277,39.68418],[-75.66305,39.68297],[-75.66334,39.68174],[-75.66466,39.68106],[-75.6659,39.68045],[-75.66714,39.67983],[-75.66835,39.67911],[-75.66941,39.67848],[-75.67052,39.67783],[-75.67163,39.67716],[-75.6725,39.67648],[-75.67341,39.67574],[-75.6753,39.67523],[-75.67717,39.6747],[-75.67864,39.67373],[-75.67898,39.67248],[-75.67934,39.67117],[-75.68046,39.67054],[-75.68168,39.66986],[-75.6829,39.66918],[-75.68414,39.66848],[-75.6854,39.66779],[-75.68665,39.66697],[-75.68803,39.66609],[-75.68911,39.66538],[-75.69034,39.66457],[-75.69153,39.66382],[-75.69243,39.66304],[-75.69337,39.66226],[-75.69461,39.66128],[-75.69593,39.66023],[-75.6975,39.66002],[-75.6991,39.65981],[-75.70067,39.6596],[-75.70225,39.65938],[-75.70382,39.65917],[-75.70542,39.65897],[-75.70699,39.65875],[-75.70859,39.65854],[-75.71017,39.65833],[-75.71171,39.65811],[-75.71329,39.6579],[-75.7147,39.65761],[-75.71611,39.65732],[-75.71753,39.65704],[-75.71894,39.65675],[-75.72035,39.65647],[-75.72154,39.65622],[-75.7212,39.6553],[-75.72084,39.65423],[-75.72042,39.65314],[-75.71999,39.65204],[-75.71947,39.65061],[-75.71905,39.64946],[-75.71863,39.64828],[-75.7182,39.64714],[-75.71777,39.64598],[-75.71735,39.6448],[-75.71739,39.64345],[-75.71744,39.64221],[-75.71747,39.64131],[-75.71749,39.64065],[-75.71882,39.63982],[-75.71993,39.63911],[-75.72455,39.63623],[-75.72532,39.63571],[-75.72523,39.63555],[-75.72503,39.6352],[-75.72477,39.63473],[-75.72535,39.63437],[-75.72563,39.63419],[-75.72652,39.63391]]}},{"type":"Feature","properties":{"id":"117988","type":"AC; OVERHEAD","status":"IN SERVICE","owner":"DELMARVA POWER","voltage":230,"voltClass":"220-287"},"geometry":{"type":"LineString","coordinates":[[-75.69361,39.69312],[-75.69371,39.69342],[-75.69418,39.69402],[-75.69549,39.69343],[-75.6956,39.69275],[-75.69689,39.69216],[-75.69818,39.69158],[-75.69979,39.69141],[-75.70109,39.69078],[-75.70241,39.69017],[-75.70372,39.68956],[-75.70525,39.68898],[-75.70614,39.6886],[-75.70742,39.68821],[-75.7084,39.68806],[-75.70981,39.68806],[-75.71146,39.68794],[-75.71311,39.68782],[-75.71476,39.6877],[-75.7164,39.68758],[-75.71805,39.68747],[-75.71797,39.68691],[-75.7186,39.68719],[-75.72038,39.68719],[-75.72188,39.68719],[-75.72335,39.68705],[-75.72484,39.68694],[-75.72632,39.68683],[-75.7278,39.68668],[-75.72975,39.68653],[-75.731,39.68643],[-75.73243,39.6863],[-75.73357,39.68621],[-75.73517,39.68609],[-75.73679,39.68594],[-75.73824,39.68596],[-75.73964,39.68598],[-75.74183,39.68623],[-75.74326,39.68645],[-75.74474,39.68654],[-75.74623,39.68639],[-75.74734,39.68724],[-75.74909,39.68751],[-75.74955,39.688],[-75.74849,39.68816],[-75.74857,39.68821],[-75.74945,39.68825]]}},{"type":"Feature","properties":{"id":"118185","type":"AC; OVERHEAD","status":"IN SERVICE","owner":"DELMARVA POWER","voltage":138,"voltClass":"100-161"},"geometry":{"type":"LineString","coordinates":[[-75.19159,38.71353],[-75.1916,38.71385],[-75.19184,38.71447],[-75.19144,38.715],[-75.19004,38.717],[-75.18931,38.7175],[-75.18845,38.71756],[-75.18763,38.71761],[-75.1867,38.71779],[-75.18582,38.71784],[-75.18559,38.71844],[-75.18533,38.71884],[-75.18444,38.7203],[-75.18414,38.72082],[-75.18088,38.72042],[-75.17321,38.71945],[-75.17102,38.71961],[-75.17022,38.71959],[-75.16919,38.71927],[-75.16837,38.7192],[-75.16677,38.72034],[-75.16498,38.72179],[-75.16153,38.72468],[-75.15852,38.72701],[-75.1563,38.7287],[-75.15494,38.7298],[-75.15399,38.73196],[-75.15371,38.73321],[-75.15191,38.73433],[-75.14957,38.73582],[-75.14859,38.73628],[-75.14683,38.73738],[-75.14632,38.73769],[-75.14481,38.73862],[-75.14452,38.73864],[-75.14291,38.73759],[-75.13901,38.73503],[-75.13469,38.73213],[-75.13328,38.73102],[-75.13157,38.72971],[-75.12846,38.72726],[-75.1234,38.72329],[-75.12268,38.72332],[-75.1213,38.72225],[-75.12006,38.72149],[-75.11678,38.71988],[-75.11221,38.71759],[-75.11181,38.71737],[-75.11163,38.71677],[-75.10741,38.71471],[-75.10386,38.71306],[-75.09917,38.7111],[-75.0973,38.71034],[-75.0968,38.71008],[-75.09733,38.70871],[-75.09715,38.70861],[-75.09676,38.70868]]}},{"type":"Feature","properties":{"id":"118442","type":"AC; OVERHEAD","status":"IN SERVICE","owner":"DELMARVA POWER","voltage":138,"voltClass":"100-161"},"geometry":{"type":"LineString","coordinates":[[-75.58309,38.4655],[-75.58229,38.46568],[-75.58215,38.46581],[-75.58173,38.46644],[-75.58052,38.46798],[-75.57928,38.46954],[-75.57804,38.47109],[-75.5768,38.47264],[-75.57667,38.47416],[-75.57655,38.47568],[-75.5753,38.47654],[-75.57267,38.47645],[-75.57006,38.47636],[-75.56762,38.47628],[-75.56519,38.4762],[-75.56276,38.47613],[-75.56013,38.47605],[-75.55747,38.47597],[-75.55487,38.47588],[-75.55235,38.4758],[-75.54981,38.47572],[-75.54729,38.47564],[-75.54477,38.47556],[-75.54229,38.47548],[-75.5398,38.47539],[-75.53732,38.47533],[-75.53483,38.47524],[-75.53234,38.47517],[-75.52985,38.47508],[-75.52738,38.475],[-75.52494,38.47493],[-75.52221,38.47483],[-75.51982,38.47476],[-75.51747,38.47469],[-75.51502,38.4746],[-75.51263,38.47453],[-75.51023,38.47445],[-75.50773,38.47438],[-75.5056,38.4743],[-75.50336,38.47424],[-75.50111,38.47414],[-75.49941,38.47508],[-75.4977,38.47601],[-75.49545,38.47722],[-75.4932,38.47845],[-75.49096,38.47964],[-75.48884,38.48077],[-75.48671,38.48192],[-75.48458,38.48307],[-75.48246,38.48422],[-75.48032,38.48536],[-75.47851,38.48633],[-75.47627,38.48754],[-75.47404,38.48874],[-75.47183,38.48994],[-75.4702,38.49079],[-75.46808,38.49195],[-75.46595,38.4931],[-75.4638,38.49425],[-75.46159,38.49545],[-75.45937,38.49664],[-75.45714,38.49783],[-75.45488,38.49906],[-75.45261,38.50028],[-75.45033,38.50151],[-75.44805,38.50273],[-75.44578,38.50395],[-75.4435,38.50517],[-75.44122,38.5064],[-75.43895,38.50762],[-75.43671,38.50883],[-75.43446,38.51003],[-75.4322,38.51124],[-75.42996,38.51246],[-75.42772,38.51366],[-75.42553,38.51484],[-75.42335,38.51602],[-75.42116,38.51718],[-75.41898,38.51836],[-75.4168,38.51953],[-75.41462,38.52071],[-75.41241,38.52189],[-75.41024,38.52309],[-75.40806,38.52366],[-75.40588,38.52424],[-75.40333,38.52492],[-75.40072,38.52564],[-75.39816,38.52633],[-75.39561,38.52703],[-75.39303,38.52772],[-75.39043,38.52842],[-75.38787,38.52911],[-75.38554,38.52975],[-75.38318,38.53039],[-75.38086,38.53101],[-75.37839,38.53167],[-75.37592,38.53234],[-75.37345,38.53301],[-75.371,38.53368],[-75.36851,38.53436],[-75.36604,38.53502],[-75.36356,38.5357],[-75.36124,38.53632],[-75.35894,38.53694],[-75.35649,38.53761],[-75.35406,38.53827],[-75.3516,38.53893],[-75.34917,38.53958],[-75.34673,38.54024],[-75.34444,38.54085],[-75.34216,38.54147],[-75.33991,38.54209],[-75.33761,38.54273],[-75.33497,38.54304],[-75.33231,38.54337],[-75.32966,38.54371],[-75.327,38.54404],[-75.32434,38.54438],[-75.32167,38.54472],[-75.31903,38.54504],[-75.31636,38.54538],[-75.3137,38.54571],[-75.31119,38.54603],[-75.3087,38.54635],[-75.3062,38.54667],[-75.3037,38.54698],[-75.3012,38.5473],[-75.29869,38.54762],[-75.2962,38.5479],[-75.29394,38.54897],[-75.29158,38.55006],[-75.2892,38.55116],[-75.28682,38.55225],[-75.28445,38.55335],[-75.28208,38.55445],[-75.27971,38.55554],[-75.27734,38.55663],[-75.27497,38.55772],[-75.2726,38.55881],[-75.27036,38.55986],[-75.26856,38.56065],[-75.26774,38.56219],[-75.26684,38.56383],[-75.2661,38.56522],[-75.26423,38.56676],[-75.26297,38.56782],[-75.26114,38.56935],[-75.2593,38.57087],[-75.25749,38.57238],[-75.25564,38.57393],[-75.25381,38.57545],[-75.25195,38.57699],[-75.25011,38.57853],[-75.24827,38.58005],[-75.24642,38.5816],[-75.24462,38.58314],[-75.24342,38.58409]]}},{"type":"Feature","properties":{"id":"118550","type":"AC; OVERHEAD","status":"IN SERVICE","owner":"DELMARVA POWER","voltage":138,"voltClass":"100-161"},"geometry":{"type":"LineString","coordinates":[[-75.82286,38.48737],[-75.82292,38.48692],[-75.82306,38.48674],[-75.82216,38.48517],[-75.81878,38.48319],[-75.81624,38.48179],[-75.81463,38.48089],[-75.81257,38.47981],[-75.81049,38.47869],[-75.80841,38.47758],[-75.80633,38.47648],[-75.80424,38.47537],[-75.80215,38.47426],[-75.80009,38.47313],[-75.79762,38.47257],[-75.79517,38.47196],[-75.79272,38.47138],[-75.79027,38.47079],[-75.78798,38.47026],[-75.78554,38.46967],[-75.78308,38.46908],[-75.77818,38.46789],[-75.77573,38.4673],[-75.77327,38.4667],[-75.77082,38.46611],[-75.76835,38.4655],[-75.76802,38.46561],[-75.76599,38.46635],[-75.76364,38.46717],[-75.76189,38.46779],[-75.75965,38.46857],[-75.7575,38.46933],[-75.75534,38.47008],[-75.7532,38.47084],[-75.75114,38.47051],[-75.74903,38.47018],[-75.74656,38.46982],[-75.74404,38.46944],[-75.74152,38.46905],[-75.739,38.46866],[-75.73648,38.46828],[-75.73396,38.46789],[-75.73145,38.46751],[-75.72892,38.46712],[-75.72649,38.46673],[-75.72393,38.46689],[-75.72137,38.46702],[-75.71946,38.46713],[-75.71691,38.46727],[-75.71434,38.46742],[-75.71172,38.46708],[-75.70911,38.46676],[-75.7065,38.46646],[-75.70437,38.46583],[-75.70184,38.46579],[-75.69932,38.46573],[-75.69696,38.46568],[-75.69469,38.46563],[-75.69235,38.46558],[-75.68981,38.46552],[-75.68728,38.46548],[-75.68508,38.46424],[-75.68287,38.46302],[-75.6808,38.46189],[-75.67859,38.46067],[-75.6764,38.45943],[-75.67365,38.4596],[-75.67096,38.45974],[-75.66825,38.45988],[-75.66556,38.46003],[-75.66387,38.46013],[-75.6615,38.45973],[-75.65933,38.46038],[-75.65804,38.46042],[-75.65533,38.46056],[-75.65261,38.4607],[-75.64988,38.46084],[-75.64719,38.46098],[-75.64447,38.46112],[-75.64176,38.46126],[-75.63939,38.46138],[-75.63706,38.4615],[-75.63471,38.46162],[-75.63236,38.46174],[-75.63003,38.46186],[-75.62744,38.46197],[-75.62506,38.46236],[-75.62267,38.46273],[-75.62029,38.4631],[-75.61792,38.46347],[-75.61555,38.46385],[-75.61294,38.46397],[-75.61027,38.46412],[-75.60759,38.46427],[-75.60496,38.46441],[-75.60236,38.46455],[-75.59973,38.4647],[-75.59765,38.46482],[-75.59494,38.46498],[-75.59224,38.46512],[-75.58954,38.46526],[-75.58682,38.46542],[-75.58408,38.46556],[-75.58309,38.4655]]}},{"type":"Feature","properties":{"id":"118554","type":"AC; OVERHEAD","status":"IN SERVICE","owner":"DELMARVA POWER","voltage":138,"voltClass":"100-161"},"geometry":{"type":"LineString","coordinates":[[-75.24616,38.52433],[-75.24555,38.52427],[-75.24053,38.52646],[-75.24356,38.53411],[-75.24641,38.54111],[-75.25102,38.5525],[-75.25364,38.55932],[-75.25472,38.56071],[-75.26022,38.56489],[-75.25744,38.56816],[-75.25253,38.57351],[-75.24574,38.5812],[-75.2459,38.58189],[-75.24346,38.58393],[-75.24327,38.58407]]}},{"type":"Feature","properties":{"id":"116723","type":"AC; OVERHEAD","status":"IN SERVICE","owner":"ATLANTIC CITY ELECTRIC CO","voltage":500,"voltClass":"500"},"geometry":{"type":"LineString","coordinates":[[-74.96276,39.741],[-74.96159,39.74046],[-74.96053,39.73926],[-74.95932,39.73632],[-74.95902,39.73387],[-74.95871,39.73139],[-74.95558,39.72883],[-74.95223,39.72608],[-74.95106,39.72433],[-74.95031,39.7232],[-74.9485,39.72046],[-74.94695,39.71812],[-74.94539,39.71577],[-74.94386,39.71346],[-74.94233,39.71115],[-74.94076,39.70879],[-74.93933,39.70663],[-74.93785,39.70439],[-74.93579,39.70128],[-74.93377,39.69825],[-74.93069,39.69671],[-74.92772,39.69522],[-74.92471,39.69372],[-74.92174,39.69224],[-74.9187,39.69072],[-74.91572,39.68924],[-74.91283,39.68779],[-74.90983,39.68629],[-74.90741,39.68412],[-74.90508,39.68203],[-74.90276,39.67994],[-74.90042,39.67783],[-74.89808,39.67573],[-74.89532,39.67324],[-74.8924,39.67062],[-74.88948,39.668],[-74.88643,39.66472],[-74.88439,39.66258],[-74.88216,39.66025],[-74.87996,39.65794],[-74.87991,39.65517],[-74.87986,39.65215],[-74.87981,39.64918],[-74.87976,39.64598],[-74.8797,39.64264],[-74.87964,39.63934],[-74.87953,39.63266],[-74.87947,39.62888],[-74.87941,39.62519],[-74.88109,39.62185],[-74.88278,39.61849],[-74.88442,39.61522],[-74.8861,39.61188],[-74.88773,39.60864],[-74.89228,39.60816],[-74.89661,39.60769],[-74.90075,39.60725],[-74.90457,39.60685],[-74.90851,39.60643],[-74.91249,39.606],[-74.91673,39.60635],[-74.9209,39.6067],[-74.92519,39.60705],[-74.92948,39.60741],[-74.9338,39.60753],[-74.93824,39.60765],[-74.94267,39.60777],[-74.9471,39.60789],[-74.95163,39.60801],[-74.95643,39.60814],[-74.96069,39.60826],[-74.96549,39.60839],[-74.97013,39.60851],[-74.97476,39.60864],[-74.97902,39.60875],[-74.98336,39.60887],[-74.98783,39.60899],[-74.99214,39.60911],[-74.99666,39.60923],[-75.00061,39.60934],[-75.00507,39.60917],[-75.00933,39.609],[-75.01371,39.60883],[-75.01785,39.60867],[-75.02224,39.6085],[-75.02681,39.60832],[-75.03039,39.60656],[-75.03116,39.60618],[-75.03291,39.60532],[-75.03701,39.6033],[-75.04021,39.60173],[-75.04401,39.59986],[-75.04775,39.59802],[-75.05149,39.59618],[-75.05511,39.5944],[-75.05887,39.59255],[-75.06551,39.5883],[-75.06893,39.58607],[-75.07207,39.58402],[-75.08035,39.57862],[-75.0848,39.58015],[-75.08923,39.58168],[-75.09247,39.58166],[-75.09619,39.58165],[-75.09973,39.57941],[-75.1036,39.57986],[-75.10843,39.58042],[-75.11308,39.58096],[-75.11776,39.58151],[-75.12251,39.58206],[-75.12742,39.58263],[-75.13202,39.58316],[-75.13675,39.58371],[-75.14174,39.58429],[-75.14607,39.58353],[-75.15076,39.5827],[-75.15536,39.58189],[-75.15916,39.58122],[-75.16063,39.57886],[-75.16211,39.57649],[-75.16396,39.57352],[-75.16556,39.57095],[-75.16926,39.57093],[-75.17342,39.57091],[-75.17778,39.57089],[-75.18658,39.57085],[-75.19135,39.57083],[-75.19594,39.57021],[-75.20064,39.56957],[-75.20556,39.56894],[-75.21026,39.56835],[-75.21073,39.56829],[-75.21432,39.56783],[-75.21882,39.5672],[-75.22318,39.56658],[-75.2279,39.56591],[-75.23182,39.56536],[-75.23579,39.56479],[-75.24017,39.56496],[-75.24444,39.56513],[-75.24867,39.56529],[-75.25305,39.56546],[-75.25754,39.56563],[-75.2621,39.56581],[-75.26692,39.566],[-75.27175,39.56618],[-75.2733,39.56321],[-75.27476,39.56043],[-75.27651,39.5571],[-75.27753,39.55514],[-75.27779,39.55465],[-75.27939,39.55159],[-75.28127,39.54802],[-75.28485,39.54118],[-75.28649,39.53805],[-75.28814,39.5349],[-75.28967,39.53199],[-75.2912,39.52907],[-75.29289,39.52585],[-75.2949,39.522],[-75.29674,39.51849],[-75.29865,39.51484],[-75.30118,39.51236],[-75.3037,39.50988],[-75.30636,39.50727],[-75.30873,39.50495],[-75.31176,39.50342],[-75.31474,39.50192],[-75.3185,39.50002],[-75.32596,39.49626],[-75.32983,39.49431],[-75.33351,39.49245],[-75.33763,39.49209],[-75.34172,39.49172],[-75.35072,39.4885],[-75.37005,39.48159],[-75.38939,39.4837],[-75.39909,39.48476],[-75.40315,39.4852],[-75.40744,39.48547],[-75.41156,39.48572],[-75.41591,39.48597],[-75.42071,39.48626],[-75.42482,39.4865],[-75.42925,39.48676],[-75.43305,39.48386],[-75.43622,39.48144],[-75.43948,39.47895],[-75.4427,39.47649],[-75.4477,39.47486],[-75.45311,39.47311],[-75.45875,39.47127],[-75.46421,39.46949],[-75.46915,39.46789],[-75.47415,39.46626],[-75.47972,39.46445],[-75.48557,39.46254],[-75.49115,39.46073],[-75.49629,39.45906],[-75.50107,39.45963],[-75.50609,39.46022],[-75.51117,39.46083],[-75.51627,39.46143],[-75.52122,39.46202],[-75.52674,39.46264],[-75.53042,39.46271],[-75.53209,39.46292],[-75.53262,39.46341]]}},{"type":"Feature","properties":{"id":"117042","type":"AC; OVERHEAD","status":"IN SERVICE","owner":"PECO ENERGY CO","voltage":230,"voltClass":"220-287"},"geometry":{"type":"LineString","coordinates":[[-75.41748,39.82928],[-75.41714,39.83094],[-75.41455,39.83265],[-75.4115,39.8316],[-75.4083,39.83044],[-75.40844,39.82886],[-75.40852,39.82723],[-75.40839,39.82622],[-75.40974,39.82445],[-75.41018,39.82302],[-75.40904,39.8218],[-75.40917,39.81931],[-75.40781,39.81863],[-75.40505,39.81997],[-75.39979,39.82247],[-75.39953,39.82205]]}},{"type":"Feature","properties":{"id":"120908","type":"AC; OVERHEAD","status":"IN SERVICE","owner":"DELMARVA POWER","voltage":138,"voltClass":"100-161"},"geometry":{"type":"LineString","coordinates":[[-75.59483,39.75244],[-75.59545,39.75242],[-75.59541,39.75214],[-75.59528,39.75194],[-75.59574,39.75157],[-75.5961,39.75107],[-75.59625,39.75059],[-75.59625,39.75011],[-75.59605,39.74947],[-75.59524,39.74794],[-75.59463,39.74724],[-75.59305,39.74605],[-75.59227,39.74546],[-75.59157,39.74478],[-75.59099,39.74403],[-75.5905,39.74325],[-75.59002,39.74247],[-75.58965,39.74197],[-75.58894,39.74132],[-75.58811,39.74081],[-75.58725,39.74043],[-75.58764,39.73961],[-75.58855,39.7382],[-75.58906,39.73741],[-75.58957,39.73667],[-75.59058,39.73541],[-75.59125,39.73484],[-75.59203,39.73436],[-75.59292,39.7341],[-75.59337,39.73432],[-75.59447,39.73417],[-75.59651,39.73394],[-75.59857,39.73368],[-75.60056,39.73349],[-75.60167,39.73344],[-75.60622,39.73316],[-75.61081,39.73289],[-75.61186,39.73269],[-75.61301,39.73237],[-75.61529,39.73167],[-75.61642,39.73129],[-75.61814,39.73101],[-75.61983,39.7308],[-75.62095,39.73056],[-75.6221,39.73029],[-75.62312,39.7298],[-75.62419,39.72927],[-75.6253,39.72885],[-75.62643,39.72847],[-75.62758,39.72808],[-75.62857,39.72777],[-75.62884,39.7275],[-75.6294,39.72712],[-75.63019,39.72659],[-75.63007,39.72574]]}},{"type":"Feature","properties":{"id":"121045","type":"AC; OVERHEAD","status":"IN SERVICE","owner":"PECO ENERGY CO","voltage":230,"voltClass":"220-287"},"geometry":{"type":"LineString","coordinates":[[-75.42124,39.80743],[-75.4233,39.81019],[-75.42354,39.81111],[-75.42643,39.8148],[-75.42948,39.81337],[-75.43152,39.8159],[-75.43248,39.81659],[-75.43315,39.81803]]}},{"type":"Feature","properties":{"id":"121096","type":"AC; OVERHEAD","status":"IN SERVICE","owner":"PECO ENERGY CO","voltage":230,"voltClass":"220-287"},"geometry":{"type":"LineString","coordinates":[[-75.44711,39.8012],[-75.44801,39.80108],[-75.44837,39.80128],[-75.44881,39.80081],[-75.4509,39.79856],[-75.4521,39.79741],[-75.45419,39.79594],[-75.45913,39.79291],[-75.46414,39.78983],[-75.46736,39.78774],[-75.46932,39.7861],[-75.47055,39.7849],[-75.47334,39.78185],[-75.47776,39.77684],[-75.48013,39.77419],[-75.48128,39.7729],[-75.48165,39.77212],[-75.48214,39.77146],[-75.48258,39.77072],[-75.48337,39.76924],[-75.48345,39.7686],[-75.48347,39.76787],[-75.48383,39.7672],[-75.48467,39.76642],[-75.48537,39.76557],[-75.48623,39.76392],[-75.48757,39.76127],[-75.48829,39.75996],[-75.48873,39.75911],[-75.4892,39.75844],[-75.4897,39.7578],[-75.49033,39.7572],[-75.491,39.75662],[-75.49171,39.75607],[-75.49328,39.75513],[-75.49406,39.75471],[-75.49589,39.75407],[-75.49774,39.75357],[-75.49974,39.75316],[-75.50064,39.75296],[-75.5018,39.7528],[-75.50301,39.75264],[-75.50664,39.75162],[-75.50747,39.75135],[-75.50962,39.75151],[-75.51035,39.75157],[-75.5114,39.75138],[-75.51328,39.75091],[-75.51511,39.75038],[-75.51635,39.74995],[-75.52102,39.74804],[-75.52247,39.74734],[-75.52418,39.7464],[-75.52634,39.74516],[-75.52178,39.74192],[-75.51758,39.74166],[-75.51431,39.74007],[-75.5123,39.74112],[-75.5101,39.73981],[-75.50974,39.74081]]}},{"type":"Feature","properties":{"id":"122873","type":"AC; OVERHEAD","status":"IN SERVICE","owner":"DELMARVA POWER","voltage":138,"voltClass":"100-161"},"geometry":{"type":"LineString","coordinates":[[-75.6309,39.28646],[-75.63093,39.28682],[-75.6312,39.28727],[-75.6307,39.28744],[-75.63171,39.28915],[-75.63322,39.29168],[-75.63392,39.29319],[-75.63538,39.29568],[-75.63703,39.29844],[-75.6385,39.30088],[-75.63946,39.30254],[-75.64032,39.30365],[-75.6417,39.30599],[-75.6441,39.31004],[-75.64546,39.31233],[-75.64097,39.31318],[-75.63728,39.31387],[-75.63637,39.31519],[-75.63469,39.31763],[-75.63125,39.3213],[-75.62896,39.3238],[-75.63024,39.32709],[-75.62593,39.32793],[-75.62451,39.32834],[-75.6202,39.32963],[-75.61243,39.3335],[-75.61399,39.33662],[-75.61876,39.34604],[-75.61679,39.35093],[-75.61607,39.35262],[-75.61163,39.35412],[-75.60514,39.35467],[-75.60134,39.35595],[-75.59746,39.35729],[-75.59214,39.36106],[-75.58709,39.36471],[-75.58165,39.36873],[-75.57559,39.37307],[-75.57099,39.3731],[-75.56427,39.3732],[-75.56337,39.3731],[-75.56305,39.37317],[-75.56289,39.37409]]}},{"type":"Feature","properties":{"id":"122050","type":"AC; OVERHEAD","status":"IN SERVICE","owner":"DELMARVA POWER","voltage":230,"voltClass":"220-287"},"geometry":{"type":"LineString","coordinates":[[-75.62609,39.60812],[-75.62597,39.6071],[-75.62863,39.60796],[-75.62912,39.60837]]}},{"type":"Feature","properties":{"id":"123971","type":"AC; OVERHEAD","status":"IN SERVICE","owner":"DELMARVA POWER","voltage":230,"voltClass":"220-287"},"geometry":{"type":"LineString","coordinates":[[-75.56289,39.37409],[-75.56393,39.3748],[-75.5642,39.37494],[-75.56491,39.37642],[-75.56633,39.37939],[-75.56857,39.38001],[-75.57476,39.38176],[-75.59323,39.387],[-75.6034,39.38987],[-75.60815,39.39012],[-75.61254,39.39037],[-75.61637,39.38957],[-75.61937,39.39154],[-75.62426,39.39667],[-75.62824,39.40083],[-75.62945,39.40213],[-75.63622,39.40242],[-75.63598,39.41061],[-75.63578,39.41719],[-75.63565,39.42234],[-75.63559,39.42395],[-75.63194,39.42688],[-75.63215,39.42772],[-75.6342,39.43163],[-75.6358,39.43326],[-75.63034,39.43623],[-75.62844,39.43724],[-75.62894,39.44034],[-75.62945,39.44353],[-75.62965,39.4451],[-75.63388,39.45165],[-75.63615,39.45519],[-75.62531,39.45972],[-75.62387,39.46144],[-75.62366,39.46311],[-75.62301,39.46802],[-75.62259,39.47118],[-75.62254,39.47302],[-75.62212,39.48035],[-75.61959,39.4839],[-75.62063,39.49266],[-75.62076,39.49432],[-75.62172,39.49733],[-75.6221,39.50209],[-75.62234,39.50528],[-75.6236,39.50951],[-75.62453,39.51255],[-75.62339,39.51573],[-75.62286,39.51732],[-75.62134,39.52018],[-75.6184,39.52599],[-75.61744,39.53366],[-75.61901,39.53692],[-75.61645,39.53931],[-75.61556,39.54013],[-75.61719,39.54239],[-75.61806,39.54351],[-75.61954,39.54551],[-75.6224,39.54947],[-75.62277,39.55085],[-75.62231,39.55474],[-75.62185,39.55895],[-75.62488,39.56201],[-75.63327,39.56175],[-75.63993,39.56322],[-75.639,39.5652],[-75.63714,39.56889],[-75.63561,39.5713],[-75.63319,39.57467],[-75.62991,39.5792],[-75.62925,39.58011],[-75.62907,39.58089],[-75.62932,39.58355],[-75.62971,39.58883],[-75.63016,39.5944],[-75.63027,39.59572],[-75.63014,39.59882],[-75.63005,39.60093],[-75.62922,39.60586],[-75.62742,39.6068],[-75.6257,39.60697],[-75.62609,39.60812]]}},{"type":"Feature","properties":{"id":"124173","type":"AC; OVERHEAD","status":null,"owner":"DELMARVA POWER","voltage":230,"voltClass":"220-287"},"geometry":{"type":"LineString","coordinates":[[-75.50647,39.74382],[-75.50722,39.7431]]}},{"type":"Feature","properties":{"id":"124801","type":"AC; OVERHEAD","status":"IN SERVICE","owner":"DELMARVA POWER","voltage":230,"voltClass":"220-287"},"geometry":{"type":"LineString","coordinates":[[-75.26452,38.73382],[-75.26586,38.73456],[-75.26826,38.73549],[-75.27064,38.73643],[-75.27262,38.73721],[-75.27481,38.73806],[-75.27688,38.73887],[-75.27898,38.73968],[-75.28035,38.74077],[-75.28177,38.74182],[-75.28115,38.74383],[-75.28056,38.74585],[-75.27997,38.74786],[-75.27937,38.74987],[-75.27878,38.75188],[-75.27805,38.75385],[-75.27747,38.75544],[-75.27703,38.75745],[-75.27658,38.75948],[-75.27614,38.76149],[-75.2757,38.76351],[-75.27535,38.76509],[-75.27491,38.76709],[-75.27446,38.76909],[-75.27402,38.7711],[-75.27358,38.7731],[-75.27314,38.77511],[-75.27267,38.7771],[-75.27283,38.77861],[-75.27299,38.78057],[-75.27314,38.78254],[-75.27331,38.78448],[-75.27345,38.78646],[-75.27474,38.7879],[-75.27602,38.78935],[-75.27698,38.79042],[-75.27869,38.7924],[-75.28018,38.7924],[-75.28194,38.79241],[-75.28339,38.79394],[-75.28489,38.79545],[-75.28597,38.79653],[-75.28747,38.79803],[-75.28897,38.79954],[-75.29045,38.80104],[-75.29193,38.80255],[-75.29412,38.80282],[-75.29629,38.80311],[-75.29845,38.80341],[-75.30062,38.8037],[-75.30282,38.80397],[-75.30404,38.80545],[-75.30528,38.80691],[-75.30651,38.80837],[-75.30776,38.80982],[-75.30902,38.81128],[-75.31023,38.81275],[-75.31239,38.81395],[-75.31452,38.81516],[-75.31664,38.81637],[-75.31878,38.81759],[-75.32091,38.81878],[-75.32248,38.82054],[-75.32401,38.82225],[-75.32556,38.82395],[-75.32709,38.82567],[-75.32864,38.82737],[-75.33022,38.82908],[-75.33082,38.83095],[-75.33146,38.83283],[-75.33209,38.83468],[-75.33273,38.83656],[-75.33337,38.83845],[-75.33549,38.83949],[-75.33759,38.84056],[-75.34016,38.84019],[-75.34272,38.83983],[-75.34527,38.83948],[-75.34783,38.83912],[-75.3504,38.83877],[-75.35266,38.83845],[-75.35493,38.83814],[-75.35718,38.8378],[-75.35939,38.83826],[-75.3616,38.83871],[-75.36383,38.83912],[-75.36594,38.84023],[-75.36807,38.84131],[-75.37018,38.84238],[-75.37231,38.84347],[-75.37444,38.84454],[-75.37656,38.84563],[-75.37869,38.84671],[-75.38086,38.84781],[-75.38302,38.84892],[-75.38519,38.85002],[-75.38737,38.85113],[-75.38952,38.85223],[-75.39169,38.85333],[-75.39387,38.85441],[-75.39532,38.85578],[-75.39679,38.85713],[-75.39825,38.85847],[-75.39972,38.85982],[-75.40118,38.86117],[-75.40232,38.86222],[-75.40347,38.86324],[-75.40316,38.86517],[-75.40287,38.86707],[-75.40257,38.86897],[-75.40227,38.87098],[-75.40196,38.87299],[-75.40165,38.875],[-75.40134,38.87699],[-75.40102,38.87899],[-75.40078,38.88056],[-75.39991,38.88096]]}},{"type":"Feature","properties":{"id":"124950","type":"AC; OVERHEAD","status":"IN SERVICE","owner":"DELMARVA POWER","voltage":138,"voltClass":"100-161"},"geometry":{"type":"LineString","coordinates":[[-75.19159,38.71353],[-75.19104,38.7136],[-75.19093,38.71353],[-75.19164,38.71302],[-75.19232,38.71327],[-75.19258,38.71257],[-75.19242,38.71187],[-75.19194,38.7112],[-75.19144,38.71054],[-75.19099,38.70995],[-75.19048,38.70927],[-75.18997,38.7086],[-75.18942,38.70788],[-75.18887,38.70716],[-75.18832,38.70644],[-75.18779,38.70574],[-75.18729,38.70509],[-75.1868,38.70443],[-75.18626,38.70367],[-75.18559,38.70311],[-75.18507,38.70269],[-75.18453,38.70227],[-75.1839,38.7018],[-75.18319,38.7013],[-75.18249,38.7008],[-75.18179,38.7003],[-75.18109,38.69979],[-75.18033,38.69925],[-75.17977,38.69876],[-75.17941,38.69834],[-75.17912,38.6979],[-75.17887,38.69744],[-75.17863,38.69697],[-75.17837,38.69621],[-75.17811,38.69546],[-75.17793,38.69481],[-75.17778,38.69403],[-75.1777,38.69335],[-75.17754,38.6925],[-75.17755,38.69168],[-75.17793,38.69111],[-75.17846,38.69045],[-75.17903,38.68999],[-75.17959,38.68953],[-75.18024,38.689],[-75.18089,38.68848],[-75.18154,38.68794],[-75.18219,38.68741],[-75.18292,38.687],[-75.18312,38.68642],[-75.18263,38.68592],[-75.18207,38.68533],[-75.18152,38.68475],[-75.18115,38.68403],[-75.18081,38.6833],[-75.18044,38.68257],[-75.18061,38.68191],[-75.18098,38.68121],[-75.18135,38.68051],[-75.18172,38.67981],[-75.1821,38.67911],[-75.18246,38.67843],[-75.18225,38.67799],[-75.18159,38.67755],[-75.18105,38.67683],[-75.18049,38.6761],[-75.17973,38.67565],[-75.17877,38.67541],[-75.17799,38.67545],[-75.17714,38.67551],[-75.1763,38.67557],[-75.17546,38.67562],[-75.17453,38.67568],[-75.17366,38.67573],[-75.17278,38.67579],[-75.17185,38.67577],[-75.1709,38.67574],[-75.16996,38.67572],[-75.16902,38.67569],[-75.16813,38.67565],[-75.16719,38.67559],[-75.16723,38.67587],[-75.16712,38.67607]]}},{"type":"Feature","properties":{"id":"124986","type":"AC; OVERHEAD","status":"IN SERVICE","owner":"DELMARVA POWER","voltage":230,"voltClass":"220-287"},"geometry":{"type":"LineString","coordinates":[[-75.46933,39.20221],[-75.46905,39.20268],[-75.46887,39.20339],[-75.47112,39.20402],[-75.47355,39.20812],[-75.48051,39.20779],[-75.48285,39.20751],[-75.49131,39.21101],[-75.49665,39.21315],[-75.50044,39.21688],[-75.50745,39.2237],[-75.51253,39.22238],[-75.51633,39.22258],[-75.52393,39.22287],[-75.52863,39.22574],[-75.52865,39.22905],[-75.52868,39.23063],[-75.5283,39.23204],[-75.52652,39.23439],[-75.52813,39.23574],[-75.53402,39.24067],[-75.53889,39.24478],[-75.53748,39.24647],[-75.53618,39.24801],[-75.5359,39.25042],[-75.53561,39.25223],[-75.53585,39.25294],[-75.5372,39.2568],[-75.53876,39.26134],[-75.54074,39.26735],[-75.53895,39.27018],[-75.53717,39.27296],[-75.53083,39.27889],[-75.52876,39.28085],[-75.52956,39.28415],[-75.53144,39.29182],[-75.53253,39.2963],[-75.53188,39.29778],[-75.52516,39.30215],[-75.52187,39.3043],[-75.52158,39.30579],[-75.52353,39.30839],[-75.5238,39.31202],[-75.52437,39.31748],[-75.52935,39.3213],[-75.53105,39.32255],[-75.53214,39.3258],[-75.53504,39.33374],[-75.5472,39.33899],[-75.55821,39.34375],[-75.56973,39.34868],[-75.57211,39.34971],[-75.56979,39.35304],[-75.56459,39.36067],[-75.56178,39.36465],[-75.56079,39.36744],[-75.56401,39.37415],[-75.56507,39.37634],[-75.56649,39.37925],[-75.5686,39.37985],[-75.57696,39.38222],[-75.58715,39.3851],[-75.59637,39.3877],[-75.60349,39.38973],[-75.61242,39.3902],[-75.61639,39.3894],[-75.6195,39.39141],[-75.62578,39.39799],[-75.62956,39.40198],[-75.63638,39.40227],[-75.63628,39.40649],[-75.63601,39.41554],[-75.63588,39.41971],[-75.63582,39.42318],[-75.6358,39.42404],[-75.63215,39.42691],[-75.63266,39.42819],[-75.63436,39.43156],[-75.63607,39.43332],[-75.63223,39.43538],[-75.62869,39.43729],[-75.62966,39.44352],[-75.62985,39.44503],[-75.63561,39.45402],[-75.63644,39.45526],[-75.62547,39.45985],[-75.62408,39.46147],[-75.62312,39.46884],[-75.62267,39.47395],[-75.62246,39.47852],[-75.62237,39.48037],[-75.61988,39.48394],[-75.62099,39.49429],[-75.62193,39.49733],[-75.62238,39.50301],[-75.62293,39.50646],[-75.62384,39.50943],[-75.62475,39.51256],[-75.62304,39.51737],[-75.62084,39.52173],[-75.6186,39.52602],[-75.6184,39.52749],[-75.61766,39.53364],[-75.61927,39.53696],[-75.61588,39.5401],[-75.61742,39.54243],[-75.61844,39.54344],[-75.6198,39.54538],[-75.62261,39.54929],[-75.62313,39.55081],[-75.62219,39.55889],[-75.62494,39.56187],[-75.63331,39.56162],[-75.64015,39.56312],[-75.63727,39.56894],[-75.63573,39.57136],[-75.63264,39.57563],[-75.62934,39.58015],[-75.62917,39.58088],[-75.62927,39.58178],[-75.62959,39.5856],[-75.62984,39.58884],[-75.63019,39.59309],[-75.63039,39.59568],[-75.63028,39.59882],[-75.63016,39.60092],[-75.62986,39.60275],[-75.62931,39.60591],[-75.62946,39.60595],[-75.62979,39.60707],[-75.62957,39.60785],[-75.62912,39.60837]]}},{"type":"Feature","properties":{"id":"160470","type":"AC; OVERHEAD","status":"IN SERVICE","owner":"DELMARVA POWER","voltage":138,"voltClass":"100-161"},"geometry":{"type":"LineString","coordinates":[[-75.76161,39.44524],[-75.76132,39.44549],[-75.76173,39.44734],[-75.76229,39.44915],[-75.76613,39.45198],[-75.76972,39.45471],[-75.77102,39.45817],[-75.77155,39.4596],[-75.77189,39.46338],[-75.77212,39.46529],[-75.77222,39.46682],[-75.77313,39.47592],[-75.77353,39.48071],[-75.77346,39.48669],[-75.77374,39.48813],[-75.76539,39.48785],[-75.76439,39.48852],[-75.75925,39.48852],[-75.75588,39.48852],[-75.75262,39.48667],[-75.74536,39.48879],[-75.74427,39.48912],[-75.74315,39.48925],[-75.74266,39.48965]]}},{"type":"Feature","properties":{"id":"126863","type":"OVERHEAD","status":null,"owner":"PECO ENERGY CO","voltage":230,"voltClass":"220-287"},"geometry":{"type":"LineString","coordinates":[[-75.38972,39.82525],[-75.38843,39.82646]]}},{"type":"Feature","properties":{"id":"127315","type":"AC; OVERHEAD","status":null,"owner":"ATLANTIC CITY ELECTRIC CO","voltage":500,"voltClass":"500"},"geometry":{"type":"LineString","coordinates":[[-75.53737,39.46661],[-75.53392,39.46745]]}},{"type":"Feature","properties":{"id":"125620","type":"AC; OVERHEAD","status":"IN SERVICE","owner":"DELMARVA POWER","voltage":138,"voltClass":"100-161"},"geometry":{"type":"LineString","coordinates":[[-75.5792,38.89396],[-75.57881,38.89432],[-75.57793,38.89423],[-75.57697,38.89411],[-75.57629,38.89467],[-75.57634,38.89545],[-75.57636,38.89623],[-75.57638,38.89701],[-75.57641,38.89785],[-75.57644,38.89869],[-75.57646,38.89953],[-75.5765,38.90037],[-75.57653,38.90121],[-75.57656,38.90204],[-75.57659,38.90289],[-75.57661,38.90372],[-75.57664,38.90457],[-75.57667,38.90541],[-75.5767,38.90625],[-75.57672,38.90709],[-75.57675,38.90794],[-75.57678,38.90878],[-75.5768,38.90962],[-75.57684,38.91047],[-75.57686,38.91131],[-75.57689,38.91215],[-75.57693,38.91298],[-75.57695,38.91383],[-75.57697,38.9146],[-75.577,38.91538],[-75.57703,38.91615],[-75.57703,38.91692],[-75.57698,38.91768],[-75.57692,38.91849],[-75.57692,38.91925],[-75.57696,38.92003],[-75.57696,38.92081],[-75.57702,38.92161],[-75.57708,38.92237],[-75.57712,38.92309],[-75.57716,38.9239],[-75.57721,38.92447],[-75.57727,38.92525],[-75.57734,38.92601],[-75.57737,38.92682],[-75.5774,38.92763],[-75.57742,38.92846],[-75.57744,38.9292],[-75.57746,38.92999],[-75.57749,38.93076],[-75.57751,38.9316],[-75.57754,38.93243],[-75.57755,38.93299],[-75.57756,38.93378],[-75.57758,38.93458],[-75.5776,38.93537],[-75.57763,38.93617],[-75.57765,38.93697],[-75.57767,38.93771],[-75.57771,38.93854],[-75.57773,38.93934],[-75.57776,38.94017],[-75.57778,38.94099],[-75.57781,38.94181],[-75.57784,38.94262],[-75.57786,38.94344],[-75.57789,38.94425],[-75.57792,38.94504],[-75.57794,38.94583],[-75.57797,38.94662],[-75.57799,38.9474],[-75.57801,38.9482],[-75.57805,38.94899],[-75.57806,38.94978],[-75.57809,38.95059],[-75.57812,38.95139],[-75.57814,38.95219],[-75.57817,38.95298],[-75.57819,38.95378],[-75.57823,38.95459],[-75.57825,38.95539],[-75.57828,38.95619],[-75.57831,38.95699],[-75.57833,38.9578],[-75.57836,38.95859],[-75.57838,38.9594],[-75.57841,38.9602],[-75.57843,38.961],[-75.57845,38.96181],[-75.57848,38.9626],[-75.5785,38.96341],[-75.57853,38.9642],[-75.57856,38.965],[-75.57858,38.9658],[-75.57861,38.9666],[-75.57863,38.96739],[-75.57866,38.96819],[-75.57868,38.96898],[-75.57871,38.96977],[-75.57873,38.97057],[-75.57877,38.97136],[-75.57879,38.97215],[-75.57881,38.97291],[-75.57884,38.97366],[-75.57886,38.9744],[-75.57888,38.97516],[-75.57891,38.97592],[-75.57893,38.97669],[-75.57897,38.97746],[-75.579,38.97824],[-75.57902,38.97902],[-75.57904,38.97979],[-75.57906,38.98057],[-75.57909,38.98134],[-75.57911,38.98213],[-75.57912,38.98287],[-75.57912,38.98362],[-75.57908,38.98436],[-75.57903,38.9851],[-75.57895,38.98583],[-75.57884,38.98671],[-75.57873,38.98761],[-75.57863,38.98848],[-75.57852,38.98937],[-75.57843,38.99014],[-75.57833,38.99092],[-75.57825,38.99169],[-75.57815,38.99247],[-75.57805,38.99325],[-75.57795,38.99403],[-75.57785,38.99481],[-75.57777,38.99559],[-75.57768,38.99637],[-75.57758,38.99713],[-75.57749,38.99792],[-75.57739,38.9987],[-75.5773,38.99948],[-75.5772,39.00026],[-75.57711,39.00104],[-75.57701,39.00182],[-75.57692,39.0026],[-75.57684,39.00337],[-75.57679,39.00413],[-75.57671,39.0049],[-75.57663,39.00565],[-75.57654,39.00641],[-75.57644,39.00717],[-75.57635,39.00793],[-75.57626,39.00869],[-75.57618,39.00935],[-75.57611,39.01002],[-75.57602,39.01068],[-75.57593,39.01143],[-75.57584,39.01219],[-75.57574,39.01298],[-75.57565,39.01378],[-75.57548,39.01508],[-75.57513,39.01505],[-75.57487,39.01538]]}},{"type":"Feature","properties":{"id":"159290","type":"AC; OVERHEAD","status":"IN SERVICE","owner":"DELMARVA POWER","voltage":138,"voltClass":"100-161"},"geometry":{"type":"LineString","coordinates":[[-75.63007,39.72574],[-75.63005,39.72653],[-75.62932,39.72705],[-75.62881,39.72733],[-75.62884,39.7275],[-75.62887,39.7277],[-75.62887,39.72773],[-75.62893,39.7281],[-75.62897,39.72826],[-75.629,39.72847],[-75.62906,39.72882],[-75.62912,39.72917],[-75.62944,39.7293],[-75.6299,39.7295],[-75.63034,39.72969],[-75.63076,39.72987],[-75.6314,39.73003],[-75.63168,39.73046],[-75.63122,39.73061],[-75.63077,39.73076],[-75.63031,39.73091],[-75.63056,39.73141],[-75.63073,39.73171],[-75.63043,39.73182],[-75.6301,39.73195],[-75.62968,39.73222],[-75.62929,39.73249],[-75.6289,39.73275],[-75.62852,39.733],[-75.62816,39.73324],[-75.6279,39.7334],[-75.62773,39.73354],[-75.62804,39.73382],[-75.62845,39.73418],[-75.62872,39.73442],[-75.62905,39.73471],[-75.62941,39.73503],[-75.62977,39.73539],[-75.62998,39.7356],[-75.63025,39.73589],[-75.63076,39.73636],[-75.63124,39.73679],[-75.63166,39.73717],[-75.63209,39.73755],[-75.63249,39.73792],[-75.63305,39.73841],[-75.6337,39.73886],[-75.63442,39.73912],[-75.63509,39.7393],[-75.63562,39.73947],[-75.63608,39.73962],[-75.6365,39.73975],[-75.63698,39.73997],[-75.63736,39.74016],[-75.6381,39.74057],[-75.63894,39.74105],[-75.63981,39.74152],[-75.64055,39.74193],[-75.64086,39.74209],[-75.6413,39.74236],[-75.64164,39.74259],[-75.64194,39.74289],[-75.64217,39.74315],[-75.64254,39.74348],[-75.64323,39.74416],[-75.64352,39.74446],[-75.64412,39.74509],[-75.6444,39.7454],[-75.64474,39.74577],[-75.64502,39.74604],[-75.6456,39.74656],[-75.64625,39.74723],[-75.64688,39.74786],[-75.64745,39.74843],[-75.64812,39.74911],[-75.64868,39.74967],[-75.64932,39.75031],[-75.64999,39.75099],[-75.65078,39.75161],[-75.65152,39.7522],[-75.65232,39.75298],[-75.65268,39.75334],[-75.6532,39.7538],[-75.65381,39.75447],[-75.65441,39.75511],[-75.65488,39.75563],[-75.65533,39.75611],[-75.65604,39.75685],[-75.65662,39.75749],[-75.65729,39.75815],[-75.65798,39.75878],[-75.65866,39.75939],[-75.65939,39.76004],[-75.66005,39.76069],[-75.66071,39.76134],[-75.66102,39.76163],[-75.66127,39.76192],[-75.66165,39.76232],[-75.66198,39.76269],[-75.66229,39.76298],[-75.66268,39.76336],[-75.66314,39.76381],[-75.66372,39.76438],[-75.6645,39.76499],[-75.66505,39.76552],[-75.6657,39.76614],[-75.66637,39.7668],[-75.667,39.76741],[-75.6676,39.76802],[-75.66817,39.76869],[-75.66872,39.76938],[-75.66934,39.77014],[-75.66961,39.77046],[-75.6699,39.77084],[-75.67049,39.77169],[-75.67087,39.7722],[-75.67122,39.77283],[-75.67098,39.77315],[-75.67071,39.77353],[-75.67151,39.77379],[-75.67218,39.77405],[-75.67261,39.77427],[-75.67301,39.77452],[-75.67343,39.77478],[-75.67384,39.77504],[-75.67434,39.7753],[-75.67479,39.77559],[-75.67519,39.77591],[-75.67559,39.77623],[-75.67598,39.77654],[-75.6764,39.77687],[-75.67665,39.77714],[-75.67708,39.77761],[-75.6775,39.77804],[-75.67792,39.77847],[-75.67821,39.77878],[-75.67857,39.77915],[-75.67889,39.77948],[-75.67925,39.77983],[-75.67954,39.78022],[-75.67987,39.78054],[-75.68024,39.78089],[-75.68096,39.78163],[-75.68141,39.78204],[-75.68178,39.78244],[-75.68206,39.78276],[-75.68251,39.78324],[-75.68282,39.78355],[-75.68324,39.78399],[-75.68361,39.78432],[-75.68408,39.78471],[-75.68441,39.78501],[-75.68493,39.78535],[-75.68528,39.78556],[-75.68579,39.78577],[-75.6863,39.78598],[-75.68684,39.78619],[-75.68745,39.78638],[-75.68795,39.78652],[-75.68853,39.78669],[-75.68908,39.78685],[-75.68963,39.78702],[-75.69072,39.78733],[-75.69131,39.7875],[-75.69193,39.78768],[-75.69271,39.78789],[-75.68991,39.78886],[-75.68824,39.78969],[-75.68835,39.78985],[-75.68877,39.78988]]}},{"type":"Feature","properties":{"id":"125899","type":"AC; OVERHEAD","status":"IN SERVICE","owner":"ATLANTIC CITY ELECTRIC CO","voltage":500,"voltClass":"500"},"geometry":{"type":"LineString","coordinates":[[-74.96276,39.741],[-74.96154,39.73909],[-74.96037,39.73629],[-74.96006,39.73376],[-74.95972,39.73097],[-74.95637,39.72826],[-74.95294,39.72547],[-74.94938,39.7201],[-74.94784,39.71776],[-74.94631,39.71545],[-74.94475,39.71309],[-74.9432,39.71075],[-74.94166,39.70841],[-74.94024,39.70626],[-74.93877,39.70403],[-74.9367,39.70091],[-74.93666,39.70084],[-74.93493,39.69822],[-74.93503,39.69515],[-74.93512,39.69239],[-74.93522,39.68959],[-74.93531,39.68678],[-74.9384,39.68497],[-74.93887,39.68194],[-74.93928,39.67915],[-74.93972,39.67645],[-74.94056,39.67336],[-74.94212,39.66758],[-74.94529,39.66517],[-74.94824,39.66294],[-74.95128,39.66068],[-74.9543,39.65845],[-74.95701,39.65644],[-74.96002,39.65422],[-74.96314,39.65191],[-74.9686,39.64787],[-74.9713,39.64609],[-74.97361,39.64421],[-74.97665,39.6418],[-74.98025,39.63876],[-74.98367,39.636],[-74.98702,39.63327],[-74.99144,39.63262],[-74.99559,39.632],[-75.00001,39.63135],[-75.0042,39.63072],[-75.00806,39.63015],[-75.01253,39.62949],[-75.01663,39.62938],[-75.02132,39.62926],[-75.02568,39.62915],[-75.0305,39.62903],[-75.03117,39.62901],[-75.03438,39.62893],[-75.03824,39.62883],[-75.04274,39.62872],[-75.04646,39.62957],[-75.05017,39.63041],[-75.05399,39.63128],[-75.05763,39.63211],[-75.06036,39.62978],[-75.06309,39.62746],[-75.0734,39.63104],[-75.07625,39.63027],[-75.07915,39.62948],[-75.08326,39.62836],[-75.08659,39.62787],[-75.09082,39.62763],[-75.094,39.62727],[-75.09706,39.62686],[-75.10102,39.62634],[-75.10478,39.62591],[-75.10862,39.62547],[-75.11246,39.62384],[-75.11602,39.62233],[-75.12005,39.62062],[-75.12813,39.61719],[-75.1321,39.61551],[-75.13553,39.61405],[-75.13963,39.61231],[-75.14414,39.61201],[-75.14838,39.61171],[-75.15295,39.61138],[-75.15718,39.61108],[-75.16165,39.61081],[-75.16595,39.61055],[-75.1706,39.61021],[-75.17505,39.60987],[-75.17926,39.6096],[-75.18424,39.60928],[-75.18723,39.60709],[-75.19045,39.60473],[-75.19364,39.60239],[-75.19698,39.59994],[-75.20056,39.59731],[-75.20368,39.59502],[-75.20688,39.59268],[-75.21121,39.5927],[-75.2155,39.59272],[-75.2198,39.59273],[-75.22434,39.59276],[-75.22901,39.59278],[-75.23373,39.5928],[-75.2384,39.59282],[-75.24261,39.59284],[-75.24595,39.5906],[-75.2493,39.58835],[-75.24974,39.58805],[-75.25262,39.58612],[-75.2556,39.58412],[-75.25972,39.58349],[-75.26369,39.58287],[-75.2681,39.58219],[-75.27235,39.58154],[-75.27698,39.58082],[-75.28147,39.58013],[-75.2852,39.57955],[-75.2902,39.57878],[-75.29339,39.57593],[-75.29601,39.57359],[-75.29843,39.57143],[-75.30131,39.56886],[-75.30524,39.5663],[-75.3071,39.565],[-75.30797,39.5644],[-75.31161,39.56188],[-75.31454,39.55984],[-75.31785,39.55756],[-75.32113,39.5553],[-75.3244,39.55304],[-75.3281,39.55049],[-75.33107,39.54844],[-75.33435,39.54619],[-75.33787,39.54375],[-75.34127,39.54141],[-75.34299,39.53855],[-75.34483,39.53557],[-75.34684,39.53234],[-75.34886,39.52908],[-75.35056,39.52633],[-75.35256,39.52312],[-75.35215,39.51908],[-75.35173,39.51499],[-75.35543,39.51217],[-75.35966,39.50893],[-75.36263,39.50667],[-75.36578,39.50426],[-75.36931,39.50157],[-75.37295,39.49878],[-75.37777,39.49866],[-75.38275,39.49852],[-75.38733,39.4984],[-75.39224,39.49827],[-75.39699,39.49815],[-75.40203,39.49801],[-75.40703,39.49788],[-75.41183,39.49775],[-75.41645,39.49762],[-75.42145,39.4975],[-75.42642,39.49737],[-75.43125,39.49725],[-75.43596,39.49712],[-75.44028,39.49701],[-75.44438,39.49691],[-75.45004,39.49676],[-75.45547,39.49662],[-75.46077,39.49648],[-75.46528,39.49636],[-75.47004,39.49624],[-75.47467,39.49417],[-75.47972,39.4919],[-75.48478,39.48965],[-75.4899,39.48737],[-75.49477,39.48521],[-75.49947,39.48311],[-75.50727,39.48071],[-75.51136,39.47863],[-75.5161,39.47623],[-75.52044,39.47403],[-75.52265,39.47187],[-75.52534,39.46925],[-75.52796,39.46658],[-75.53167,39.46752],[-75.53392,39.46745]]}},{"type":"Feature","properties":{"id":"126187","type":"AC; OVERHEAD","status":null,"owner":"ATLANTIC CITY ELECTRIC CO","voltage":230,"voltClass":"220-287"},"geometry":{"type":"LineString","coordinates":[[-75.4238,39.7668],[-75.4243,39.76763]]}},{"type":"Feature","properties":{"id":"125099","type":"AC; OVERHEAD","status":"IN SERVICE","owner":"DELMARVA POWER","voltage":230,"voltClass":"220-287"},"geometry":{"type":"LineString","coordinates":[[-75.56289,39.37409],[-75.56356,39.3737],[-75.56305,39.37266],[-75.56054,39.36745],[-75.5616,39.36458],[-75.56267,39.36304],[-75.56724,39.3564],[-75.57067,39.35142],[-75.57181,39.34975],[-75.56971,39.34884],[-75.55908,39.34428],[-75.55128,39.34093],[-75.54105,39.33652],[-75.53487,39.33388],[-75.53316,39.32904],[-75.53087,39.32264],[-75.52924,39.3214],[-75.52415,39.31753],[-75.52379,39.31388],[-75.5233,39.30842],[-75.52133,39.30577],[-75.52163,39.30423],[-75.52664,39.30096],[-75.5317,39.29764],[-75.5323,39.29631],[-75.53086,39.29032],[-75.52964,39.28556],[-75.52847,39.28082],[-75.53137,39.27814],[-75.53418,39.27553],[-75.53706,39.2729],[-75.54055,39.26733],[-75.53753,39.25836],[-75.53541,39.25227],[-75.5358,39.24942],[-75.53601,39.24795],[-75.53863,39.24481],[-75.53229,39.23956],[-75.52626,39.23443],[-75.52819,39.232],[-75.52846,39.23065],[-75.52847,39.22585],[-75.5238,39.22299],[-75.51827,39.2228],[-75.51256,39.22255],[-75.50736,39.22395],[-75.5017,39.21841],[-75.49649,39.21331],[-75.48646,39.20921],[-75.48279,39.20771],[-75.48058,39.20794],[-75.47338,39.20835],[-75.47104,39.20413],[-75.46411,39.20229],[-75.46096,39.19781],[-75.4593,39.19677],[-75.45452,39.19362],[-75.45341,39.19253],[-75.4487,39.18793],[-75.44542,39.18393],[-75.44557,39.1795],[-75.43961,39.16528],[-75.43983,39.16104],[-75.43996,39.15177],[-75.44025,39.14274],[-75.44098,39.13383],[-75.42731,39.12699],[-75.4242,39.11801],[-75.42348,39.11622],[-75.4278,39.10186],[-75.42495,39.09547],[-75.42505,39.09321],[-75.42597,39.09185],[-75.42955,39.08639],[-75.43675,39.08171],[-75.44207,39.0783],[-75.44288,39.07309],[-75.44424,39.06436],[-75.44341,39.06026],[-75.43998,39.0579],[-75.43528,39.05571],[-75.43174,39.0529],[-75.4327,39.04665],[-75.42777,39.04256],[-75.42746,39.03585],[-75.42716,39.02981],[-75.42613,39.02478],[-75.42421,39.01565],[-75.41647,39.00763],[-75.41335,39.00441],[-75.41382,39.00123],[-75.41421,38.99828],[-75.41404,38.99336],[-75.41262,38.97636],[-75.41192,38.97061],[-75.40342,38.9652],[-75.39477,38.95975],[-75.39311,38.95638],[-75.39225,38.9547],[-75.39139,38.95301],[-75.39051,38.95134],[-75.38968,38.94963],[-75.38881,38.94798],[-75.38791,38.94624],[-75.38702,38.94452],[-75.38615,38.9428],[-75.38533,38.94107],[-75.38444,38.93943],[-75.38357,38.9378],[-75.38273,38.93616],[-75.38183,38.93557],[-75.38086,38.93495],[-75.38008,38.93445],[-75.37899,38.93377],[-75.37791,38.9331],[-75.37688,38.93244],[-75.37668,38.9308],[-75.3765,38.92931],[-75.37624,38.92771],[-75.37601,38.92617],[-75.37577,38.92458],[-75.37566,38.92309],[-75.37543,38.92158],[-75.3752,38.92007],[-75.37499,38.91856],[-75.37478,38.91704],[-75.37457,38.91552],[-75.37439,38.914],[-75.37412,38.91251],[-75.37323,38.90584],[-75.36972,38.90392],[-75.3678,38.90024],[-75.37357,38.89326],[-75.37437,38.89009],[-75.37517,38.88692],[-75.37683,38.88559],[-75.37956,38.88324],[-75.38128,38.88308],[-75.3885,38.88223],[-75.39057,38.88198],[-75.39265,38.88171],[-75.39473,38.88149],[-75.39683,38.88118],[-75.39829,38.88101],[-75.39843,38.881],[-75.39889,38.88094],[-75.39909,38.88092],[-75.39991,38.88096]]}},{"type":"Feature","properties":{"id":"125268","type":"AC; OVERHEAD","status":"IN SERVICE","owner":"ATLANTIC CITY ELECTRIC CO","voltage":230,"voltClass":"220-287"},"geometry":{"type":"LineString","coordinates":[[-75.24921,39.81186],[-75.24849,39.81074],[-75.25016,39.80977],[-75.25504,39.80655],[-75.25487,39.80341],[-75.25684,39.80063],[-75.25882,39.79786],[-75.26078,39.79511],[-75.25866,39.79213],[-75.25663,39.78918],[-75.25478,39.78648],[-75.25272,39.7835],[-75.24986,39.78183],[-75.24681,39.78007],[-75.24363,39.77822],[-75.24079,39.77658],[-75.23766,39.77476],[-75.23438,39.77285],[-75.23107,39.77094],[-75.23133,39.76764],[-75.23153,39.76433],[-75.23176,39.7614],[-75.23201,39.75826],[-75.23226,39.75503],[-75.22937,39.75244],[-75.22678,39.75013],[-75.22389,39.74754],[-75.22117,39.74511],[-75.21886,39.74305],[-75.21655,39.74098],[-75.21377,39.7385],[-75.21024,39.73745],[-75.20671,39.73636],[-75.20324,39.73529],[-75.19966,39.73419],[-75.1978,39.7315],[-75.19596,39.72884],[-75.19402,39.72604],[-75.19209,39.72325],[-75.18831,39.71779],[-75.1864,39.71503],[-75.18463,39.71248],[-75.18281,39.70985],[-75.18107,39.70734],[-75.17933,39.70482],[-75.17621,39.70326],[-75.1731,39.7017],[-75.16997,39.70012],[-75.16688,39.69857],[-75.16376,39.697],[-75.16065,39.69544],[-75.15772,39.69397],[-75.15434,39.69227],[-75.15127,39.69073],[-75.14782,39.69192],[-75.14453,39.69307],[-75.14042,39.69219],[-75.13576,39.6912],[-75.13228,39.69045],[-75.12827,39.6896],[-75.12409,39.68871],[-75.11694,39.68723],[-75.10901,39.68681],[-75.10559,39.68785],[-75.10192,39.68896],[-75.09931,39.68976],[-75.09554,39.6907],[-75.09175,39.69165],[-75.088,39.69259],[-75.08445,39.69121],[-75.08093,39.68983],[-75.07707,39.68832],[-75.0733,39.68685],[-75.06949,39.68536],[-75.06566,39.68387],[-75.06185,39.68238],[-75.05746,39.68196],[-75.05358,39.68159],[-75.04934,39.68118],[-75.04518,39.68077],[-75.04116,39.68039],[-75.03674,39.67996],[-75.03232,39.67953],[-75.03178,39.67585],[-75.02724,39.67587],[-75.0256,39.67613],[-75.02478,39.67653]]}},{"type":"Feature","properties":{"id":"125426","type":"AC; OVERHEAD","status":"IN SERVICE","owner":"DELMARVA POWER","voltage":138,"voltClass":"100-161"},"geometry":{"type":"LineString","coordinates":[[-75.63007,39.72574],[-75.63045,39.72606],[-75.6306,39.72621],[-75.63112,39.72683],[-75.636,39.72519],[-75.63864,39.72429],[-75.64309,39.72282],[-75.64753,39.72134],[-75.64874,39.72086],[-75.65012,39.7203],[-75.65138,39.71959],[-75.6525,39.71871],[-75.65335,39.71842],[-75.65372,39.71889],[-75.65405,39.71929],[-75.65466,39.72004],[-75.65482,39.72023],[-75.65519,39.72063],[-75.65571,39.72116],[-75.65609,39.72152],[-75.65644,39.72185],[-75.65684,39.72222],[-75.65722,39.72256],[-75.65758,39.72291],[-75.65805,39.72338],[-75.6587,39.72394],[-75.65945,39.72453],[-75.6599,39.72481],[-75.66044,39.72515],[-75.66091,39.72542],[-75.66117,39.72557],[-75.66164,39.72588],[-75.66191,39.72604],[-75.66248,39.72645],[-75.66302,39.72682],[-75.66334,39.7271],[-75.66372,39.72739],[-75.66411,39.72769],[-75.6645,39.72799],[-75.66507,39.72843],[-75.66542,39.72876],[-75.66572,39.72908],[-75.66601,39.72946],[-75.66628,39.72983],[-75.66655,39.73025],[-75.66717,39.73026],[-75.66761,39.73028],[-75.66802,39.73031],[-75.66855,39.73032],[-75.66899,39.73048]]}},{"type":"Feature","properties":{"id":"129954","type":"AC; OVERHEAD","status":"IN SERVICE","owner":"DELMARVA POWER","voltage":230,"voltClass":"220-287"},"geometry":{"type":"LineString","coordinates":[[-75.62912,39.60837],[-75.62864,39.60825],[-75.62816,39.60837],[-75.62609,39.60812]]}},{"type":"Feature","properties":{"id":"130791","type":"AC; OVERHEAD","status":"IN SERVICE","owner":"DELMARVA POWER","voltage":230,"voltClass":"220-287"},"geometry":{"type":"LineString","coordinates":[[-75.24352,38.58561],[-75.24291,38.58594],[-75.24265,38.58615],[-75.24301,38.58652],[-75.2425,38.58809],[-75.24179,38.5902],[-75.24113,38.59223],[-75.24109,38.59236],[-75.24047,38.59429],[-75.23885,38.59605],[-75.23725,38.59781],[-75.23565,38.59956],[-75.23405,38.60133],[-75.23243,38.60306],[-75.23229,38.60507],[-75.23215,38.60706],[-75.23199,38.60906],[-75.23181,38.61105],[-75.23284,38.6127],[-75.23388,38.61435],[-75.23489,38.61599],[-75.23592,38.61764],[-75.23694,38.61929],[-75.23796,38.62094],[-75.23901,38.62259],[-75.23872,38.6246],[-75.23846,38.62662],[-75.23819,38.62863],[-75.23793,38.63064],[-75.23767,38.63265],[-75.23743,38.63467],[-75.23616,38.6353],[-75.23488,38.63591],[-75.23469,38.63765],[-75.23448,38.63938],[-75.23426,38.6411],[-75.23404,38.64282],[-75.23379,38.64456],[-75.23575,38.64586],[-75.2366,38.64732],[-75.2375,38.64876],[-75.23676,38.65038],[-75.23605,38.65199],[-75.23529,38.6536],[-75.23512,38.65504],[-75.23489,38.65681],[-75.23466,38.65858],[-75.23442,38.66036],[-75.23419,38.66213],[-75.23392,38.6639],[-75.2358,38.66525],[-75.2377,38.66659],[-75.23833,38.66846],[-75.239,38.67032],[-75.23967,38.67219],[-75.24037,38.67404],[-75.23931,38.6759],[-75.23827,38.67775],[-75.2372,38.6796],[-75.23846,38.68143],[-75.241,38.68204],[-75.24354,38.68263],[-75.24468,38.68447],[-75.24586,38.6863],[-75.24703,38.68812],[-75.2482,38.68994],[-75.24937,38.69177],[-75.25055,38.69356],[-75.25173,38.69542],[-75.25293,38.69723],[-75.25291,38.69912],[-75.25287,38.70103],[-75.2542,38.70245],[-75.25329,38.70425],[-75.25237,38.70604],[-75.25336,38.70748],[-75.25432,38.70891],[-75.2553,38.71035],[-75.25629,38.71177],[-75.25679,38.71356],[-75.25731,38.71535],[-75.25783,38.71713],[-75.25835,38.71892],[-75.2589,38.72079],[-75.25943,38.72269],[-75.26116,38.72429],[-75.26293,38.72589],[-75.26353,38.72776],[-75.26407,38.72931],[-75.26466,38.73103],[-75.26527,38.7328],[-75.26497,38.73352],[-75.26452,38.73382]]}},{"type":"Feature","properties":{"id":"130972","type":"AC; OVERHEAD","status":"IN SERVICE","owner":"DELMARVA POWER","voltage":138,"voltClass":"100-161"},"geometry":{"type":"LineString","coordinates":[[-75.61323,39.2579],[-75.61411,39.2594],[-75.6166,39.2636],[-75.6198,39.26899],[-75.62194,39.27258],[-75.62405,39.27616],[-75.62622,39.27978],[-75.62843,39.28341],[-75.62988,39.28589],[-75.63029,39.28575],[-75.63062,39.28623],[-75.6309,39.28646]]}},{"type":"Feature","properties":{"id":"132450","type":"AC; OVERHEAD","status":"IN SERVICE","owner":"DELMARVA POWER","voltage":138,"voltClass":"100-161"},"geometry":{"type":"LineString","coordinates":[[-75.72323,39.57101],[-75.72313,39.57134],[-75.72311,39.57157],[-75.72282,39.57249],[-75.72201,39.57553],[-75.72124,39.57841],[-75.72058,39.58136],[-75.72017,39.58332],[-75.72006,39.58591],[-75.71875,39.58751],[-75.71654,39.59021],[-75.71674,39.5909],[-75.71717,39.59341],[-75.71729,39.5944],[-75.71754,39.59631],[-75.71819,39.60184],[-75.71845,39.60417],[-75.71859,39.60536],[-75.71872,39.60653],[-75.71886,39.60764],[-75.71891,39.60809],[-75.71896,39.60856],[-75.71904,39.60941],[-75.71908,39.61031],[-75.71858,39.6108],[-75.71795,39.61126],[-75.7174,39.61172],[-75.71695,39.61181],[-75.71486,39.61339],[-75.71397,39.61409],[-75.71118,39.61233],[-75.70862,39.61073],[-75.70559,39.60883],[-75.70266,39.60699],[-75.69928,39.60488],[-75.6942,39.60172],[-75.69197,39.60032],[-75.69086,39.59944],[-75.68969,39.59871],[-75.68493,39.59574],[-75.68326,39.59469],[-75.681,39.59336],[-75.6795,39.59266],[-75.6779,39.59205],[-75.67628,39.59155],[-75.67285,39.59074],[-75.67197,39.59056],[-75.66934,39.59015],[-75.66766,39.58997],[-75.66597,39.58984],[-75.66425,39.58976],[-75.66186,39.58975],[-75.6607,39.58975],[-75.65821,39.58981],[-75.65735,39.58998],[-75.65471,39.59014],[-75.64901,39.59067],[-75.64598,39.59097],[-75.64291,39.59129],[-75.63824,39.59176],[-75.63215,39.5924],[-75.63161,39.5925],[-75.63149,39.59333],[-75.63143,39.59384],[-75.63097,39.59366]]}},{"type":"Feature","properties":{"id":"132614","type":"AC; OVERHEAD","status":null,"owner":"ATLANTIC CITY ELECTRIC CO","voltage":230,"voltClass":"220-287"},"geometry":{"type":"LineString","coordinates":[[-75.40674,39.79236],[-75.40522,39.79315]]}},{"type":"Feature","properties":{"id":"131755","type":"OVERHEAD","status":null,"owner":"ATLANTIC CITY ELECTRIC CO","voltage":138,"voltClass":"100-161"},"geometry":{"type":"LineString","coordinates":[[-75.50866,39.68333],[-75.50731,39.68289]]}},{"type":"Feature","properties":{"id":"131946","type":"AC; OVERHEAD","status":"IN SERVICE","owner":"DELMARVA POWER","voltage":138,"voltClass":"100-161"},"geometry":{"type":"LineString","coordinates":[[-75.2406,38.58377],[-75.23981,38.58421],[-75.2399,38.5846],[-75.23945,38.58462],[-75.23887,38.58469],[-75.23942,38.58575]]}},{"type":"Feature","properties":{"id":"135239","type":"AC; OVERHEAD","status":null,"owner":"DELMARVA POWER","voltage":138,"voltClass":"100-161"},"geometry":{"type":"LineString","coordinates":[[-75.24327,38.58407],[-75.24068,38.58525]]}},{"type":"Feature","properties":{"id":"136445","type":"AC; OVERHEAD","status":"IN SERVICE","owner":"DELMARVA POWER","voltage":138,"voltClass":"100-161"},"geometry":{"type":"LineString","coordinates":[[-75.24068,38.58525],[-75.23945,38.58524],[-75.23942,38.58575]]}},{"type":"Feature","properties":{"id":"134636","type":"AC; OVERHEAD","status":"IN SERVICE","owner":"DELMARVA POWER","voltage":138,"voltClass":"100-161"},"geometry":{"type":"LineString","coordinates":[[-75.61763,38.66586],[-75.6169,38.66625],[-75.6165,38.66716],[-75.61566,38.66903],[-75.61481,38.6709],[-75.61398,38.67278],[-75.61315,38.67464],[-75.61245,38.67624],[-75.61012,38.67705],[-75.60765,38.67657],[-75.60517,38.67611],[-75.60271,38.67565],[-75.60022,38.67518],[-75.59777,38.67472],[-75.5953,38.67426],[-75.59337,38.67389],[-75.59145,38.67353],[-75.58902,38.67305],[-75.58651,38.67261],[-75.58404,38.67217],[-75.58231,38.67146],[-75.58029,38.6706],[-75.57823,38.66975],[-75.57617,38.6689],[-75.57493,38.67047],[-75.57369,38.67204],[-75.57245,38.67361],[-75.57123,38.6752],[-75.56948,38.67536],[-75.56779,38.67479],[-75.56607,38.67425],[-75.56471,38.67264],[-75.56332,38.67105],[-75.56195,38.66944],[-75.55925,38.66945],[-75.55674,38.66944],[-75.55422,38.66943],[-75.55171,38.66942],[-75.54919,38.66941],[-75.54668,38.6694],[-75.54416,38.66939],[-75.54165,38.66938],[-75.53914,38.66937],[-75.53662,38.66936],[-75.53434,38.66936],[-75.53186,38.66935],[-75.52937,38.66934],[-75.52688,38.66932],[-75.52437,38.66934],[-75.52293,38.66788],[-75.5217,38.66666],[-75.52023,38.66523],[-75.51877,38.66379],[-75.51732,38.66236],[-75.51563,38.66069],[-75.51404,38.65913],[-75.51244,38.65755],[-75.51083,38.65598],[-75.50924,38.6544],[-75.50764,38.65283],[-75.50606,38.65126],[-75.50446,38.64968],[-75.50286,38.64812],[-75.50127,38.64654],[-75.49967,38.64497],[-75.49809,38.64342],[-75.49648,38.64183],[-75.49485,38.64026],[-75.49455,38.6382],[-75.49425,38.63613],[-75.49242,38.63477],[-75.49063,38.63338],[-75.48884,38.63199],[-75.48706,38.63061],[-75.48526,38.62923],[-75.48347,38.62784],[-75.48169,38.62644],[-75.47987,38.62504],[-75.47803,38.62364],[-75.47646,38.62206],[-75.47484,38.62046],[-75.47319,38.61885],[-75.47209,38.61722],[-75.47097,38.61559],[-75.46986,38.61398],[-75.46875,38.61236],[-75.46763,38.61074],[-75.46652,38.60912],[-75.46541,38.60749],[-75.4643,38.60588],[-75.4632,38.60424],[-75.46148,38.60348],[-75.45931,38.60249],[-75.45713,38.60149],[-75.45496,38.6005],[-75.45279,38.59951],[-75.45061,38.59852],[-75.44842,38.59752],[-75.44625,38.59652],[-75.44407,38.59553],[-75.44189,38.59454],[-75.43975,38.59356],[-75.43763,38.59259],[-75.4355,38.59161],[-75.43336,38.59063],[-75.43122,38.58966],[-75.42909,38.58869],[-75.42695,38.58772],[-75.42482,38.58674],[-75.42268,38.58576],[-75.42055,38.58479],[-75.41841,38.58381],[-75.41628,38.58284],[-75.41414,38.58186],[-75.41201,38.58089],[-75.40988,38.57991],[-75.40775,38.57894],[-75.40561,38.57796],[-75.40346,38.57697],[-75.40133,38.57601],[-75.39921,38.57504],[-75.39707,38.57406],[-75.39493,38.57308],[-75.39281,38.57211],[-75.39068,38.57113],[-75.38854,38.57016],[-75.38641,38.56918],[-75.38427,38.56821],[-75.38215,38.56724],[-75.38002,38.56623],[-75.3791,38.56649],[-75.37859,38.56649]]}},{"type":"Feature","properties":{"id":"160861","type":"AC; OVERHEAD","status":"IN SERVICE","owner":"DELMARVA POWER","voltage":138,"voltClass":"100-161"},"geometry":{"type":"LineString","coordinates":[[-75.62503,39.27848],[-75.62533,39.27882],[-75.62555,39.27916],[-75.62586,39.27955],[-75.62546,39.27971],[-75.62455,39.28003]]}},{"type":"Feature","properties":{"id":"160862","type":"AC; OVERHEAD","status":"IN SERVICE","owner":"DELMARVA POWER","voltage":138,"voltClass":"100-161"},"geometry":{"type":"LineString","coordinates":[[-75.62455,39.27874],[-75.62492,39.27867],[-75.62524,39.279],[-75.62557,39.27941],[-75.62525,39.27961],[-75.62455,39.28003]]}},{"type":"Feature","properties":{"id":"139343","type":"AC; OVERHEAD","status":"IN SERVICE","owner":"ATLANTIC CITY ELECTRIC CO","voltage":500,"voltClass":"500"},"geometry":{"type":"LineString","coordinates":[[-75.53392,39.46745],[-75.5305,39.46632],[-75.53057,39.46394],[-75.53262,39.46341]]}},{"type":"Feature","properties":{"id":"139406","type":"AC; OVERHEAD","status":"IN SERVICE","owner":"DELMARVA POWER","voltage":138,"voltClass":"100-161"},"geometry":{"type":"LineString","coordinates":[[-75.73093,39.63341],[-75.7308,39.63442],[-75.73022,39.63478],[-75.72866,39.63473],[-75.72724,39.63468],[-75.72715,39.63461],[-75.72675,39.63427],[-75.7267,39.63422],[-75.72652,39.63391]]}},{"type":"Feature","properties":{"id":"136840","type":"AC; OVERHEAD","status":"IN SERVICE","owner":"DELMARVA POWER","voltage":138,"voltClass":"100-161"},"geometry":{"type":"LineString","coordinates":[[-75.77151,39.6128],[-75.77107,39.61257],[-75.77051,39.61266],[-75.77033,39.61264],[-75.7698,39.61259],[-75.76841,39.61269],[-75.76701,39.61279],[-75.76562,39.61289],[-75.76422,39.61299],[-75.76277,39.61306],[-75.76292,39.61431],[-75.76303,39.61551],[-75.76313,39.61664],[-75.76322,39.61787],[-75.76331,39.61894],[-75.7634,39.62],[-75.76203,39.62017],[-75.7606,39.62028],[-75.75914,39.6204],[-75.7577,39.62051],[-75.75626,39.62062],[-75.75482,39.62074],[-75.75334,39.62087],[-75.75192,39.62098],[-75.7506,39.62109],[-75.74925,39.62098],[-75.74776,39.62085],[-75.74635,39.62074],[-75.74492,39.62057],[-75.7434,39.62045],[-75.74304,39.62175],[-75.74265,39.62293],[-75.74228,39.62409],[-75.74195,39.62505],[-75.74081,39.62568],[-75.7394,39.62645],[-75.73792,39.62726],[-75.7366,39.62798],[-75.73575,39.62845],[-75.73469,39.62911],[-75.73367,39.62974],[-75.73271,39.63034],[-75.73141,39.63097],[-75.72987,39.63122],[-75.729,39.63177],[-75.72816,39.63231],[-75.72714,39.63325],[-75.7269,39.63339],[-75.72652,39.63391]]}},{"type":"Feature","properties":{"id":"139022","type":"AC; OVERHEAD","status":"IN SERVICE","owner":"DELMARVA POWER","voltage":138,"voltClass":"100-161"},"geometry":{"type":"LineString","coordinates":[[-75.74266,39.48965],[-75.74236,39.48964],[-75.74195,39.48976],[-75.74216,39.49024],[-75.74293,39.49004],[-75.7437,39.48984],[-75.74444,39.48948],[-75.7456,39.48914],[-75.74735,39.48863],[-75.74912,39.48811],[-75.75087,39.48759],[-75.75252,39.48711],[-75.75405,39.48796],[-75.75575,39.48891],[-75.75756,39.4889],[-75.75927,39.48889],[-75.76099,39.48889],[-75.76271,39.48889],[-75.76441,39.48889],[-75.76611,39.48888],[-75.76781,39.48888],[-75.76951,39.48887],[-75.77121,39.48887],[-75.7729,39.48887],[-75.77326,39.48887],[-75.77357,39.48886],[-75.77363,39.48973],[-75.77371,39.49079],[-75.77384,39.49282],[-75.77398,39.49488],[-75.77412,39.49691],[-75.77426,39.49895],[-75.77441,39.50112],[-75.77455,39.50329],[-75.7747,39.50541],[-75.77481,39.50709],[-75.77498,39.50892],[-75.77516,39.51097],[-75.77535,39.51292],[-75.77552,39.51486],[-75.7757,39.51681],[-75.77587,39.51875],[-75.77605,39.52069],[-75.77624,39.52275],[-75.77642,39.5248],[-75.7766,39.52685],[-75.7768,39.5289],[-75.77654,39.53028],[-75.77629,39.53166],[-75.77605,39.53305],[-75.77529,39.53321],[-75.77492,39.53329],[-75.77377,39.53351],[-75.77264,39.53378],[-75.7715,39.53402],[-75.77037,39.53427],[-75.76924,39.53451],[-75.76816,39.5347],[-75.76714,39.53488],[-75.76587,39.53524],[-75.7646,39.53559],[-75.76333,39.53593],[-75.76204,39.53627],[-75.76081,39.53674],[-75.75957,39.53719],[-75.75833,39.53765],[-75.75706,39.53791],[-75.75579,39.53817],[-75.75452,39.53844],[-75.75315,39.53857],[-75.75264,39.53804],[-75.75239,39.53735],[-75.75215,39.53666],[-75.75279,39.53854],[-75.75414,39.54234],[-75.75488,39.54421],[-75.75507,39.54541],[-75.7563,39.54867],[-75.74969,39.557],[-75.7466,39.56091],[-75.74606,39.56123],[-75.73683,39.56204],[-75.73433,39.56225],[-75.73103,39.56476],[-75.72333,39.57064],[-75.72323,39.57101]]}},{"type":"Feature","properties":{"id":"138108","type":"AC; OVERHEAD","status":"IN SERVICE","owner":"PECO ENERGY CO","voltage":500,"voltClass":"500"},"geometry":{"type":"LineString","coordinates":[[-75.73093,39.63341],[-75.73172,39.63238],[-75.73194,39.6319],[-75.73205,39.63163],[-75.73223,39.63124],[-75.73417,39.63003],[-75.7361,39.62882],[-75.73823,39.62764],[-75.74004,39.62665],[-75.74251,39.62532],[-75.74304,39.62363],[-75.74388,39.62101],[-75.74723,39.62129],[-75.75062,39.62158],[-75.75379,39.62132],[-75.7572,39.62104],[-75.76059,39.62077],[-75.76411,39.62048],[-75.76393,39.61844],[-75.76375,39.61623],[-75.76357,39.61386],[-75.7671,39.61357],[-75.77049,39.61331],[-75.77064,39.6133],[-75.77405,39.61303],[-75.77714,39.61278],[-75.77965,39.61224],[-75.78233,39.61166],[-75.78533,39.611],[-75.78555,39.61159],[-75.78607,39.61297],[-75.78707,39.61589],[-75.78807,39.61882],[-75.78914,39.62133],[-75.79002,39.62348],[-75.79277,39.6238],[-75.79583,39.62413],[-75.80046,39.62572],[-75.8043,39.62703],[-75.80862,39.62849],[-75.80939,39.63038],[-75.81072,39.63364],[-75.8122,39.63724],[-75.81591,39.63835],[-75.82006,39.63959],[-75.82404,39.64078],[-75.8282,39.64204],[-75.83228,39.64279],[-75.83662,39.64358],[-75.84108,39.64442],[-75.84569,39.64526],[-75.85106,39.64615],[-75.85498,39.64597],[-75.85954,39.64576],[-75.86379,39.64556],[-75.86781,39.64489],[-75.87197,39.64421],[-75.87577,39.64359],[-75.88063,39.64586],[-75.88478,39.64779],[-75.88872,39.64962],[-75.89279,39.65087],[-75.8974,39.65228],[-75.90204,39.65369],[-75.90584,39.65484],[-75.90978,39.65605],[-75.9138,39.65716],[-75.91749,39.65818],[-75.92258,39.65858],[-75.92715,39.65894],[-75.93305,39.65911],[-75.93586,39.66004],[-75.94042,39.66154],[-75.94434,39.66283],[-75.94859,39.66424],[-75.95239,39.66549],[-75.95756,39.66606],[-75.96144,39.6665],[-75.96511,39.66691],[-75.96952,39.6674],[-75.97392,39.6679],[-75.9783,39.66842],[-75.98322,39.66902],[-75.98778,39.66957],[-75.99198,39.67007],[-75.99707,39.67068],[-76.00209,39.67128],[-76.00545,39.67096],[-76.01,39.67052],[-76.01574,39.67008],[-76.0203,39.66973],[-76.0258,39.66931],[-76.03018,39.66896],[-76.0358,39.66852],[-76.04037,39.66953],[-76.04599,39.67077],[-76.05037,39.67174],[-76.05368,39.67312],[-76.0578,39.67487],[-76.06185,39.67657],[-76.06646,39.6785],[-76.07071,39.68027],[-76.07545,39.68023],[-76.07981,39.6802],[-76.08257,39.68016],[-76.08806,39.68007],[-76.09205,39.68],[-76.0949,39.67995],[-76.09559,39.6799],[-76.09837,39.67968],[-76.10227,39.67962],[-76.10719,39.68091],[-76.11241,39.68228],[-76.11662,39.68339],[-76.12065,39.68445],[-76.1263,39.68593],[-76.12758,39.68638],[-76.12818,39.68658],[-76.12866,39.68675],[-76.13303,39.68825],[-76.1371,39.68965],[-76.13919,39.69035],[-76.1419,39.69435],[-76.14469,39.69841],[-76.1473,39.70224],[-76.14938,39.70446],[-76.15124,39.70647],[-76.15404,39.7095],[-76.15652,39.71217],[-76.15975,39.7133],[-76.16184,39.71404],[-76.16379,39.7147],[-76.16286,39.71614],[-76.16203,39.71709],[-76.16153,39.71772]]}},{"type":"Feature","properties":{"id":"138246","type":"AC; OVERHEAD","status":"IN SERVICE","owner":"DELMARVA POWER","voltage":138,"voltClass":"100-161"},"geometry":{"type":"LineString","coordinates":[[-75.50722,39.7431],[-75.50906,39.74113],[-75.50974,39.74081]]}},{"type":"Feature","properties":{"id":"138311","type":"AC; OVERHEAD","status":"IN SERVICE","owner":"PECO ENERGY CO","voltage":230,"voltClass":"220-287"},"geometry":{"type":"LineString","coordinates":[[-75.44711,39.8012],[-75.44745,39.80179],[-75.44774,39.80194],[-75.44539,39.80449],[-75.44171,39.80847],[-75.4405,39.80977],[-75.43934,39.81101],[-75.43811,39.81214],[-75.43676,39.81316],[-75.43623,39.81378],[-75.43474,39.81474],[-75.4328,39.81565]]}},{"type":"Feature","properties":{"id":"140287","type":"AC; OVERHEAD","status":"IN SERVICE","owner":null,"voltage":138,"voltClass":"100-161"},"geometry":{"type":"LineString","coordinates":[[-75.01827,39.42595],[-75.01899,39.42554],[-75.0254,39.42959],[-75.03224,39.43384],[-75.04313,39.44057],[-75.052,39.44609],[-75.05427,39.4474],[-75.05672,39.44761],[-75.05668,39.44983],[-75.05852,39.45071],[-75.05879,39.45053],[-75.05845,39.45033],[-75.05804,39.44979]]}},{"type":"Feature","properties":{"id":"167661","type":"AC; OVERHEAD","status":"IN SERVICE","owner":"DELMARVA POWER","voltage":138,"voltClass":"100-161"},"geometry":{"type":"LineString","coordinates":[[-75.12639,38.52792],[-75.12657,38.52764],[-75.12628,38.52764],[-75.12558,38.52764],[-75.12326,38.52761],[-75.12092,38.52758],[-75.11859,38.52756],[-75.11705,38.52757],[-75.1155,38.52758],[-75.11611,38.52639],[-75.11657,38.52549],[-75.11539,38.52521],[-75.11421,38.52495],[-75.11312,38.52469],[-75.112,38.52443],[-75.11099,38.52415],[-75.10983,38.52382],[-75.10874,38.5235],[-75.10778,38.52323],[-75.10678,38.52294],[-75.10569,38.52277],[-75.1044,38.52257],[-75.10357,38.52243],[-75.10279,38.52231],[-75.10199,38.52216],[-75.10099,38.52243],[-75.10008,38.52307],[-75.0993,38.5236],[-75.09842,38.52419],[-75.09781,38.52395],[-75.09552,38.52396],[-75.09294,38.52395],[-75.09036,38.52394],[-75.08776,38.52393],[-75.0857,38.52392],[-75.08309,38.52391],[-75.08047,38.5239],[-75.07785,38.5239],[-75.07523,38.52389],[-75.0726,38.5239],[-75.07033,38.52388],[-75.06893,38.52387],[-75.06741,38.52387],[-75.06589,38.52386],[-75.06512,38.52385],[-75.06464,38.52403]]}},{"type":"Feature","properties":{"id":"173049","type":"AC; OVERHEAD","status":"IN SERVICE","owner":"DELMARVA POWER","voltage":138,"voltClass":"100-161"},"geometry":{"type":"LineString","coordinates":[[-75.61385,39.65368],[-75.6137,39.65361],[-75.61348,39.65322],[-75.60847,39.65478],[-75.60295,39.65644],[-75.60152,39.65677],[-75.60047,39.65702],[-75.59833,39.65739],[-75.59607,39.65768],[-75.59244,39.65798],[-75.58998,39.65817],[-75.58386,39.65867],[-75.58263,39.65889],[-75.58147,39.659]]}},{"type":"Feature","properties":{"id":"173050","type":"AC; OVERHEAD","status":"IN SERVICE","owner":"DELMARVA POWER","voltage":138,"voltClass":"100-161"},"geometry":{"type":"LineString","coordinates":[[-75.58147,39.659],[-75.58136,39.65884],[-75.58122,39.65862],[-75.58117,39.65838]]}},{"type":"Feature","properties":{"id":"173051","type":"AC; OVERHEAD","status":"IN SERVICE","owner":"DELMARVA POWER","voltage":138,"voltClass":"100-161"},"geometry":{"type":"LineString","coordinates":[[-75.58147,39.659],[-75.57823,39.65927],[-75.5762,39.65933],[-75.57518,39.65934],[-75.57256,39.6604],[-75.57113,39.66156],[-75.56969,39.66272],[-75.56779,39.66486],[-75.56639,39.66639],[-75.56296,39.67022],[-75.55861,39.67508],[-75.55774,39.67605],[-75.55855,39.67646]]}},{"type":"Feature","properties":{"id":"173057","type":"AC; OVERHEAD","status":"IN SERVICE","owner":"DELMARVA POWER","voltage":138,"voltClass":"100-161"},"geometry":{"type":"LineString","coordinates":[[-75.50974,39.74081],[-75.50998,39.74203],[-75.51169,39.74291],[-75.5147,39.74113],[-75.51749,39.73937],[-75.52269,39.73784],[-75.52502,39.73412],[-75.52763,39.73286],[-75.53178,39.73126],[-75.53541,39.72984],[-75.5363,39.72956],[-75.53739,39.73008],[-75.53852,39.72995],[-75.53913,39.72988],[-75.54028,39.73032],[-75.54131,39.7288],[-75.54183,39.72832],[-75.54247,39.72739],[-75.54708,39.7293],[-75.55247,39.73149],[-75.55351,39.72695],[-75.55355,39.72646],[-75.55528,39.72701],[-75.55622,39.72731],[-75.55612,39.72453],[-75.56119,39.7238],[-75.56325,39.72351],[-75.57167,39.72424],[-75.57665,39.72597],[-75.57739,39.72638],[-75.57782,39.72686],[-75.57811,39.72762],[-75.57797,39.7287],[-75.57777,39.73009],[-75.5778,39.73073],[-75.57834,39.7328],[-75.57905,39.73553],[-75.57935,39.7361],[-75.58001,39.73647],[-75.5807,39.73669],[-75.5815,39.73679],[-75.58165,39.73682],[-75.58302,39.73652],[-75.58619,39.7358],[-75.58699,39.7354],[-75.58937,39.73467],[-75.591,39.73422],[-75.59187,39.73401],[-75.59315,39.73453],[-75.59965,39.73375],[-75.60755,39.73325],[-75.61061,39.7331],[-75.6115,39.73304],[-75.61233,39.73279],[-75.61445,39.73212],[-75.61467,39.73028],[-75.61766,39.72989],[-75.61641,39.72782],[-75.614,39.72758]]}},{"type":"Feature","properties":{"id":"173058","type":"AC; OVERHEAD","status":"IN SERVICE","owner":"DELMARVA POWER","voltage":138,"voltClass":"100-161"},"geometry":{"type":"LineString","coordinates":[[-75.614,39.72758],[-75.61434,39.72753],[-75.6164,39.72769],[-75.61796,39.73023],[-75.61888,39.73123],[-75.62334,39.73011],[-75.6239,39.73008],[-75.62671,39.72923],[-75.62814,39.72919],[-75.6285,39.72851]]}},{"type":"Feature","properties":{"id":"109503","type":"AC; OVERHEAD","status":"IN SERVICE","owner":"DELMARVA POWER","voltage":230,"voltClass":"220-287"},"geometry":{"type":"LineString","coordinates":[[-75.62912,39.60837],[-75.62915,39.60747],[-75.62893,39.60665],[-75.62923,39.60644],[-75.63317,39.60636],[-75.63559,39.60632],[-75.64038,39.60487],[-75.64466,39.60356],[-75.64942,39.60407],[-75.65157,39.60425],[-75.65454,39.60593],[-75.65505,39.61077],[-75.65538,39.61446],[-75.6579,39.61461],[-75.66534,39.61506],[-75.67066,39.61462],[-75.67139,39.61816],[-75.67218,39.62203],[-75.67291,39.62588],[-75.68306,39.63517],[-75.69112,39.63704],[-75.69759,39.63189],[-75.70391,39.63094],[-75.70603,39.63084],[-75.71517,39.6308],[-75.71556,39.63417],[-75.71602,39.63802],[-75.71765,39.64033],[-75.7177,39.64132],[-75.71767,39.64223],[-75.71755,39.64478],[-75.718,39.64594],[-75.71926,39.64942],[-75.72181,39.6563],[-75.719,39.65688],[-75.71339,39.65803],[-75.70861,39.65869],[-75.69746,39.66015],[-75.69594,39.66037],[-75.69341,39.66235],[-75.69156,39.66393],[-75.68924,39.66541],[-75.68564,39.66781],[-75.68321,39.6692],[-75.67956,39.67125],[-75.67885,39.67382],[-75.67725,39.67486],[-75.67352,39.67585],[-75.67179,39.67725],[-75.66723,39.67994],[-75.66346,39.68182],[-75.66291,39.68421],[-75.6621,39.68786],[-75.66137,39.69097],[-75.65958,39.69238],[-75.65776,39.69394],[-75.65679,39.69488],[-75.65574,39.69576],[-75.65464,39.69664],[-75.65233,39.69663],[-75.64956,39.69671],[-75.64671,39.6968],[-75.64385,39.69699],[-75.64138,39.69723],[-75.63927,39.69744],[-75.63715,39.69764],[-75.63461,39.69789],[-75.63202,39.69814],[-75.62942,39.69838],[-75.62683,39.69863],[-75.62459,39.69885],[-75.62281,39.69902],[-75.62096,39.69816],[-75.61896,39.69713],[-75.61648,39.69608],[-75.61449,39.69577],[-75.61247,39.69547],[-75.61032,39.69515],[-75.60858,39.69544],[-75.60697,39.69574],[-75.60482,39.69613],[-75.60502,39.6969],[-75.60185,39.69733],[-75.60013,39.69764],[-75.59549,39.69846],[-75.59329,39.69883],[-75.5857,39.69908],[-75.58338,39.69923],[-75.58207,39.69983],[-75.5803,39.70193],[-75.57982,39.70529],[-75.57851,39.71267],[-75.57768,39.71766],[-75.57576,39.72093],[-75.57202,39.72175],[-75.5699,39.72206],[-75.55712,39.72398],[-75.5527,39.72465],[-75.55253,39.72509],[-75.54994,39.72547],[-75.54517,39.72618],[-75.54159,39.72672],[-75.53866,39.72818],[-75.53831,39.72965],[-75.5367,39.72996],[-75.53614,39.72914],[-75.5347,39.72901],[-75.53244,39.72989],[-75.53013,39.73099],[-75.52826,39.73184],[-75.52668,39.73164],[-75.52504,39.7327],[-75.52376,39.73233],[-75.52253,39.73324],[-75.52044,39.73396],[-75.51912,39.73523],[-75.51869,39.73693],[-75.51816,39.73817],[-75.51695,39.739],[-75.51568,39.73979],[-75.5143,39.74069],[-75.51194,39.74176],[-75.51033,39.74152],[-75.50974,39.74081]]}},{"type":"Feature","properties":{"id":"173052","type":"AC; OVERHEAD","status":"IN SERVICE","owner":"DELMARVA POWER","voltage":138,"voltClass":"100-161"},"geometry":{"type":"LineString","coordinates":[[-75.61385,39.65368],[-75.61389,39.65352],[-75.61368,39.65309],[-75.60968,39.65432],[-75.60705,39.65515],[-75.60293,39.65638],[-75.60148,39.65674],[-75.59969,39.65431],[-75.59884,39.65416],[-75.59607,39.65366],[-75.59485,39.65345],[-75.592,39.65139],[-75.59262,39.65083],[-75.59574,39.64818],[-75.59746,39.64663],[-75.60141,39.64335],[-75.60693,39.63884],[-75.61054,39.63585],[-75.61233,39.63459],[-75.61479,39.63249],[-75.61641,39.63086],[-75.61978,39.62787],[-75.62082,39.62687],[-75.62242,39.62539],[-75.62456,39.6233],[-75.63212,39.61574],[-75.63165,39.61298],[-75.63096,39.60973],[-75.63089,39.60938],[-75.62982,39.60936],[-75.62912,39.60837]]}},{"type":"Feature","properties":{"id":"173053","type":"AC; OVERHEAD","status":"IN SERVICE","owner":"DELMARVA POWER","voltage":138,"voltClass":"100-161"},"geometry":{"type":"LineString","coordinates":[[-75.62655,39.61229],[-75.62667,39.6124],[-75.62771,39.61284],[-75.63068,39.61251],[-75.63024,39.61047],[-75.62938,39.61023],[-75.62938,39.60897],[-75.62912,39.60837]]}},{"type":"Feature","properties":{"id":"173054","type":"AC; OVERHEAD","status":"IN SERVICE","owner":"DELMARVA POWER","voltage":138,"voltClass":"100-161"},"geometry":{"type":"LineString","coordinates":[[-75.62912,39.60837],[-75.62983,39.60916],[-75.63083,39.60918],[-75.63038,39.60706],[-75.63051,39.60433],[-75.63069,39.60047],[-75.63078,39.59776],[-75.63084,39.59465],[-75.63097,39.59366]]}},{"type":"Feature","properties":{"id":"173068","type":"AC; OVERHEAD","status":"IN SERVICE","owner":"DELMARVA POWER","voltage":230,"voltClass":"220-287"},"geometry":{"type":"LineString","coordinates":[[-75.46933,39.20221],[-75.46882,39.20154],[-75.47004,39.20169],[-75.47234,39.20505],[-75.47832,39.19808],[-75.47963,39.19654],[-75.48395,39.19132],[-75.48431,39.19151],[-75.48688,39.18888],[-75.49107,39.19147],[-75.49439,39.18813],[-75.49608,39.18651],[-75.49783,39.18764],[-75.49816,39.18733]]}},{"type":"Feature","properties":{"id":"173096","type":"AC; OVERHEAD","status":"IN SERVICE","owner":"DELMARVA POWER","voltage":138,"voltClass":"100-161"},"geometry":{"type":"LineString","coordinates":[[-75.44248,38.88209],[-75.44188,38.88192],[-75.43987,38.88179],[-75.43981,38.88631],[-75.43979,38.89325],[-75.43983,38.89745],[-75.43983,38.90023],[-75.43984,38.90111],[-75.44,38.90257],[-75.4403,38.9034],[-75.44137,38.90577],[-75.44387,38.91145],[-75.44396,38.91181],[-75.44342,38.91193],[-75.44346,38.91292],[-75.44333,38.91382],[-75.44319,38.91426],[-75.44277,38.91508],[-75.44181,38.9163],[-75.44375,38.91735],[-75.44416,38.91678],[-75.44763,38.91866],[-75.44794,38.91886],[-75.44664,38.92043],[-75.44607,38.92128],[-75.44655,38.92153],[-75.44701,38.92153]]}},{"type":"Feature","properties":{"id":"167574","type":"AC; OVERHEAD","status":"IN SERVICE","owner":"DELMARVA POWER","voltage":138,"voltClass":"100-161"},"geometry":{"type":"LineString","coordinates":[[-75.5792,38.89396],[-75.57862,38.89395],[-75.57725,38.89382],[-75.57592,38.89325],[-75.5746,38.89267],[-75.57346,38.89258],[-75.57234,38.89246],[-75.57121,38.89234],[-75.57007,38.89222],[-75.56894,38.89211],[-75.56782,38.89199],[-75.5667,38.89187],[-75.56557,38.89175],[-75.56445,38.89164],[-75.56332,38.89152],[-75.5622,38.8914],[-75.56108,38.89129],[-75.55995,38.89117],[-75.55882,38.89105],[-75.55771,38.89093],[-75.55658,38.89081],[-75.55546,38.8907],[-75.55433,38.89058],[-75.5532,38.89046],[-75.55208,38.89035],[-75.55095,38.89022],[-75.54983,38.89011],[-75.5487,38.88999],[-75.54758,38.88988],[-75.54646,38.88975],[-75.54533,38.88964],[-75.5442,38.88952],[-75.54309,38.88941],[-75.54196,38.88928],[-75.54085,38.88916],[-75.53973,38.88905],[-75.53859,38.88893],[-75.53748,38.88882],[-75.53635,38.88871],[-75.53524,38.88859],[-75.53411,38.88846],[-75.533,38.88835],[-75.53187,38.88824],[-75.53075,38.88811],[-75.52961,38.88802],[-75.52871,38.88746],[-75.5278,38.88693],[-75.52689,38.88638],[-75.52597,38.88585],[-75.52505,38.88531],[-75.52414,38.88477],[-75.52323,38.88423],[-75.52231,38.8837],[-75.5214,38.88316],[-75.52051,38.8826],[-75.5195,38.88243],[-75.51848,38.88224],[-75.51738,38.8824],[-75.51629,38.88254],[-75.51518,38.88269],[-75.51409,38.88283],[-75.51299,38.88298],[-75.51188,38.88313],[-75.51078,38.88327],[-75.50967,38.88342],[-75.50856,38.88357],[-75.50743,38.88372],[-75.50629,38.88387],[-75.50517,38.88402],[-75.50402,38.88417],[-75.50289,38.88432],[-75.50175,38.88448],[-75.50062,38.88463],[-75.49947,38.88478],[-75.49834,38.88493],[-75.49721,38.88508],[-75.49607,38.88524],[-75.49494,38.88539],[-75.49378,38.88552],[-75.49293,38.88611],[-75.49207,38.88667],[-75.4912,38.88724],[-75.49033,38.88781],[-75.48947,38.88838],[-75.4886,38.88895],[-75.48774,38.88952],[-75.48688,38.89011],[-75.48573,38.89001],[-75.4846,38.88993],[-75.48346,38.88985],[-75.48232,38.88977],[-75.48119,38.88969],[-75.48005,38.88961],[-75.47894,38.88953],[-75.47784,38.88945],[-75.47673,38.88937],[-75.47563,38.8893],[-75.47451,38.88922],[-75.47337,38.88916],[-75.47231,38.88883],[-75.47125,38.8885],[-75.47018,38.88819],[-75.46913,38.88786],[-75.46806,38.88755],[-75.467,38.88723],[-75.46594,38.88691],[-75.46488,38.88658],[-75.46382,38.88627],[-75.46274,38.88595],[-75.46174,38.88564],[-75.46068,38.88532],[-75.45962,38.885],[-75.45856,38.88468],[-75.45749,38.88435],[-75.45643,38.88403],[-75.45536,38.88371],[-75.4543,38.88338],[-75.45323,38.88306],[-75.45216,38.88274],[-75.45112,38.88243],[-75.45005,38.88234],[-75.44899,38.88225],[-75.44795,38.8822],[-75.44694,38.88212],[-75.44581,38.88204],[-75.44467,38.88196],[-75.44354,38.88188],[-75.443,38.88184],[-75.44248,38.88209]]}},{"type":"Feature","properties":{"id":"134154","type":"AC; OVERHEAD","status":"IN SERVICE","owner":"ATLANTIC CITY ELECTRIC CO","voltage":138,"voltClass":"100-161"},"geometry":{"type":"LineString","coordinates":[[-75.50731,39.68289],[-75.50708,39.68234],[-75.50637,39.682],[-75.50383,39.68059],[-75.50117,39.67911],[-75.50043,39.67871],[-75.49919,39.67801],[-75.49654,39.67653],[-75.49393,39.67509],[-75.49047,39.67427],[-75.48711,39.67348],[-75.48383,39.67271],[-75.48058,39.67195],[-75.47759,39.67124],[-75.47443,39.6705],[-75.4715,39.66981],[-75.46817,39.6694],[-75.46528,39.66905],[-75.46242,39.6687],[-75.45969,39.66837],[-75.45699,39.66804],[-75.45409,39.66735],[-75.45097,39.66661],[-75.44801,39.66591],[-75.4447,39.66513],[-75.4409,39.66423],[-75.43793,39.66353],[-75.43465,39.66275],[-75.43173,39.66206],[-75.42857,39.66131],[-75.4258,39.66066],[-75.42286,39.66],[-75.42025,39.65942],[-75.41757,39.65883],[-75.41461,39.65817],[-75.41187,39.65756],[-75.40816,39.65674],[-75.40514,39.65607],[-75.4022,39.65542],[-75.3984,39.65457],[-75.39566,39.65396],[-75.39203,39.65316],[-75.38887,39.65247],[-75.38589,39.65181],[-75.38317,39.65122],[-75.37996,39.65051],[-75.37722,39.64991],[-75.37283,39.64895],[-75.36976,39.64828],[-75.36686,39.64765],[-75.36375,39.64696],[-75.36071,39.6463],[-75.35776,39.64565],[-75.35496,39.64504],[-75.35201,39.64439],[-75.34781,39.64371],[-75.34412,39.64317],[-75.34107,39.64194],[-75.33777,39.64125],[-75.33437,39.64046],[-75.33203,39.63993],[-75.32928,39.63916],[-75.3271,39.63857],[-75.32404,39.63775],[-75.32154,39.63609],[-75.31741,39.63338],[-75.3151,39.63185],[-75.31239,39.63006],[-75.31018,39.6286],[-75.3074,39.62676],[-75.3049,39.6251],[-75.30439,39.62476],[-75.30153,39.62287],[-75.29929,39.62139],[-75.29686,39.61979],[-75.29447,39.61821],[-75.29203,39.61659],[-75.28925,39.61475],[-75.28622,39.61275],[-75.2834,39.61088],[-75.28109,39.60935],[-75.27868,39.60776],[-75.27605,39.60602],[-75.27332,39.60422],[-75.27072,39.6025],[-75.25284,39.59067],[-75.25028,39.58897],[-75.24931,39.58833],[-75.2486,39.58799],[-75.24729,39.58836],[-75.24662,39.58655],[-75.24289,39.58408],[-75.24024,39.58233],[-75.23759,39.58058],[-75.23523,39.57901],[-75.23281,39.57741],[-75.23039,39.57581],[-75.22788,39.57415],[-75.22563,39.57266],[-75.22599,39.57237],[-75.22557,39.57195]]}},{"type":"Feature","properties":{"id":"173095","type":"AC; OVERHEAD","status":"IN SERVICE","owner":"DELMARVA POWER","voltage":138,"voltClass":"100-161"},"geometry":{"type":"LineString","coordinates":[[-75.44248,38.88209],[-75.44253,38.8818],[-75.44126,38.88171],[-75.44013,38.88163],[-75.43917,38.88155],[-75.43803,38.88147],[-75.43688,38.88139],[-75.43573,38.8813],[-75.43458,38.88122],[-75.4336,38.88115],[-75.43259,38.88107],[-75.4316,38.881],[-75.43061,38.88095],[-75.42962,38.88087],[-75.42849,38.88077],[-75.42739,38.88081],[-75.42628,38.88084],[-75.42518,38.88086],[-75.42408,38.88089],[-75.42297,38.88092],[-75.42186,38.88095],[-75.42076,38.88098],[-75.41965,38.88101],[-75.41862,38.88103],[-75.4175,38.88107],[-75.41639,38.8811],[-75.41528,38.88113],[-75.41416,38.88115],[-75.41305,38.88118],[-75.41192,38.88121],[-75.41081,38.88124],[-75.40969,38.88128],[-75.40857,38.88129],[-75.40746,38.88133],[-75.40634,38.88135],[-75.40523,38.88139],[-75.4041,38.88141],[-75.40299,38.88144],[-75.40187,38.88147],[-75.40082,38.88148],[-75.40051,38.88155],[-75.39982,38.8817],[-75.39913,38.88114],[-75.39889,38.88094],[-75.39864,38.88074],[-75.39926,38.88067],[-75.39991,38.88096]]}},{"type":"Feature","properties":{"id":"175168","type":"AC; OVERHEAD","status":"IN SERVICE","owner":"DELMARVA POWER","voltage":138,"voltClass":"100-161"},"geometry":{"type":"LineString","coordinates":[[-75.17435,38.53641],[-75.1709,38.5356],[-75.16842,38.53502],[-75.16595,38.53444],[-75.16346,38.53386],[-75.16099,38.53327],[-75.15851,38.53269],[-75.15603,38.53211],[-75.15356,38.53153],[-75.15108,38.53094],[-75.1489,38.53042],[-75.14658,38.52987],[-75.14423,38.52933],[-75.14189,38.52877],[-75.13992,38.52832],[-75.13758,38.52774],[-75.13518,38.52774],[-75.13278,38.52771],[-75.13038,38.52769],[-75.12798,38.52766],[-75.1269,38.52764],[-75.12672,38.52764],[-75.12639,38.52792]]}},{"type":"Feature","properties":{"id":"175172","type":"AC; OVERHEAD","status":"IN SERVICE","owner":"DELMARVA POWER","voltage":230,"voltClass":"220-287"},"geometry":{"type":"LineString","coordinates":[[-75.50974,39.74081],[-75.51006,39.73975],[-75.5123,39.74106],[-75.51431,39.74001],[-75.51759,39.74161],[-75.52179,39.74187],[-75.52643,39.74517],[-75.52421,39.74645],[-75.52249,39.74738],[-75.52104,39.74809],[-75.51637,39.75],[-75.51513,39.75043],[-75.51329,39.75096],[-75.51141,39.75143],[-75.51035,39.75162],[-75.50962,39.75156],[-75.50748,39.7514],[-75.50665,39.75166],[-75.50302,39.75269],[-75.50151,39.75302],[-75.49975,39.75321],[-75.49775,39.75361],[-75.4959,39.75411],[-75.49408,39.75476],[-75.4933,39.75517],[-75.49174,39.75611],[-75.49103,39.75665],[-75.49036,39.75724],[-75.48974,39.75784],[-75.48924,39.75847],[-75.48877,39.75913],[-75.48833,39.75999],[-75.48762,39.76129],[-75.48628,39.76395],[-75.48541,39.76559],[-75.4847,39.76646],[-75.48387,39.76723],[-75.48399,39.76766]]}},{"type":"Feature","properties":{"id":"120520","type":"AC; OVERHEAD","status":"IN SERVICE","owner":"DELMARVA POWER","voltage":138,"voltClass":"100-161"},"geometry":{"type":"LineString","coordinates":[[-75.37859,38.56649],[-75.37891,38.56626],[-75.37884,38.56611],[-75.3777,38.566],[-75.37539,38.56574],[-75.37308,38.56549],[-75.37067,38.56521],[-75.36824,38.56495],[-75.36631,38.56473],[-75.36389,38.56446],[-75.36146,38.56419],[-75.35905,38.56393],[-75.35663,38.56366],[-75.35419,38.56338],[-75.35177,38.56311],[-75.34935,38.56284],[-75.34679,38.56255],[-75.34424,38.56227],[-75.3417,38.56199],[-75.33979,38.56178],[-75.33732,38.5615],[-75.33485,38.56123],[-75.33239,38.56095],[-75.32992,38.56067],[-75.32746,38.5604],[-75.325,38.56013],[-75.32309,38.55991],[-75.32062,38.55964],[-75.31813,38.55936],[-75.31565,38.55909],[-75.31317,38.55881],[-75.31069,38.55853],[-75.30822,38.55826],[-75.30575,38.55798],[-75.30326,38.5577],[-75.30078,38.55742],[-75.29831,38.55715],[-75.29584,38.55685],[-75.29334,38.5566],[-75.29087,38.55631],[-75.28839,38.55604],[-75.28591,38.55576],[-75.28345,38.55547],[-75.28094,38.55518],[-75.27892,38.55614],[-75.27688,38.55708],[-75.27486,38.55801],[-75.27284,38.55894],[-75.27082,38.55987],[-75.26876,38.5608],[-75.26809,38.56207],[-75.26712,38.56384],[-75.26617,38.56562],[-75.26485,38.56669],[-75.2639,38.56748],[-75.26381,38.56755],[-75.26211,38.56896],[-75.26043,38.57038],[-75.25872,38.5718],[-75.25702,38.57322],[-75.25532,38.57464],[-75.25362,38.57605],[-75.25192,38.57746],[-75.25022,38.57889],[-75.24851,38.58031],[-75.24681,38.58172],[-75.24511,38.58313],[-75.24362,38.58437],[-75.24357,38.58467],[-75.24254,38.58554],[-75.24208,38.5858],[-75.24092,38.58594],[-75.23982,38.58596],[-75.23942,38.58575]]}},{"type":"Feature","properties":{"id":"137613","type":"AC; OVERHEAD","status":"IN SERVICE","owner":"PECO ENERGY CO","voltage":230,"voltClass":"220-287"},"geometry":{"type":"LineString","coordinates":[[-75.43267,39.81584],[-75.43363,39.81716],[-75.43352,39.81747],[-75.43316,39.81765],[-75.43315,39.81803]]}},{"type":"Feature","properties":{"id":"145328","type":"OVERHEAD","status":null,"owner":"DELMARVA POWER","voltage":138,"voltClass":"100-161"},"geometry":{"type":"LineString","coordinates":[[-75.53704,39.73061],[-75.53829,39.73163]]}},{"type":"Feature","properties":{"id":"123873","type":"OVERHEAD","status":null,"owner":"PECO ENERGY CO","voltage":230,"voltClass":"220-287"},"geometry":{"type":"LineString","coordinates":[[-75.42181,39.80694],[-75.42124,39.80743]]}},{"type":"Feature","properties":{"id":"132178","type":"OVERHEAD","status":null,"owner":"ATLANTIC CITY ELECTRIC CO","voltage":230,"voltClass":"220-287"},"geometry":{"type":"LineString","coordinates":[[-75.24884,39.81288],[-75.24921,39.81186]]}}]}