{"type":"FeatureCollection","features":[{"type":"Feature","properties":{"id":"141616","type":"OVERHEAD","status":null,"owner":"LINCOLN ELECTRIC SYSTEM","voltage":115,"voltClass":"100-161"},"geometry":{"type":"LineString","coordinates":[[-96.6119,40.90954],[-96.61309,40.90965]]}},{"type":"Feature","properties":{"id":"140813","type":"AC; OVERHEAD","status":"IN SERVICE","owner":"MIDAMERICAN ENERGY CO","voltage":161,"voltClass":"100-161"},"geometry":{"type":"LineString","coordinates":[[-90.56609,41.61256],[-90.56468,41.61353],[-90.5639,41.61457],[-90.56166,41.6146],[-90.55874,41.61457],[-90.55875,41.61726],[-90.55872,41.61829],[-90.55454,41.61826],[-90.55452,41.61719],[-90.54942,41.61721],[-90.54941,41.61932],[-90.54941,41.62291],[-90.54939,41.62608],[-90.5494,41.62804],[-90.54936,41.63267],[-90.54935,41.63611],[-90.54934,41.63934],[-90.54933,41.64012],[-90.54491,41.64017],[-90.53943,41.64025],[-90.53176,41.6403],[-90.53063,41.64031],[-90.52945,41.64042],[-90.52954,41.64202],[-90.52954,41.64285],[-90.52954,41.64365],[-90.52954,41.64452]]}},{"type":"Feature","properties":{"id":"140817","type":"AC; OVERHEAD","status":"IN SERVICE","owner":"MIDAMERICAN ENERGY CO","voltage":161,"voltClass":"100-161"},"geometry":{"type":"LineString","coordinates":[[-90.53585,41.81095],[-90.53537,41.81128],[-90.53346,41.81135],[-90.53151,41.81142],[-90.52955,41.81148],[-90.52478,41.81151],[-90.51743,41.81154],[-90.51031,41.81157],[-90.49803,41.81163],[-90.49559,41.81165],[-90.48805,41.8117],[-90.48115,41.81176],[-90.47376,41.81179],[-90.46581,41.81184],[-90.45826,41.81187],[-90.44966,41.8118],[-90.43949,41.81126],[-90.43234,41.81054],[-90.42739,41.80826],[-90.42285,41.80832],[-90.41329,41.8084],[-90.4084,41.80822],[-90.4063,41.80883],[-90.40378,41.8085],[-90.40122,41.80852],[-90.39056,41.80855],[-90.38896,41.80895],[-90.38717,41.80849],[-90.38203,41.80851],[-90.37189,41.80838],[-90.36468,41.80836],[-90.35704,41.80833],[-90.34034,41.80839],[-90.33055,41.80837],[-90.32567,41.80838],[-90.3257,41.80481],[-90.32572,41.80093],[-90.32571,41.79892],[-90.31345,41.79754],[-90.30403,41.79646],[-90.29905,41.79587],[-90.29598,41.79451],[-90.2959,41.79219],[-90.29597,41.79141],[-90.2954,41.791]]}},{"type":"Feature","properties":{"id":"143363","type":"AC; OVERHEAD","status":"IN SERVICE","owner":null,"voltage":161,"voltClass":"100-161"},"geometry":{"type":"LineString","coordinates":[[-93.26667,42.51116],[-93.26628,42.51088],[-93.26629,42.51006],[-93.26583,42.51006],[-93.26583,42.51186],[-93.26483,42.51207],[-93.26349,42.51226],[-93.2622,42.51228],[-93.26236,42.51435],[-93.26228,42.51528],[-93.2608,42.51565],[-93.25972,42.51609],[-93.25865,42.51662],[-93.25736,42.51746],[-93.25892,42.51745],[-93.25783,42.5192],[-93.25529,42.51911],[-93.25378,42.51922],[-93.25339,42.52026],[-93.25205,42.5211],[-93.25208,42.52217],[-93.25221,42.52635],[-93.25225,42.52874],[-93.25227,42.53121],[-93.2523,42.53533],[-93.25236,42.5385],[-93.25237,42.5402],[-93.25235,42.54353],[-93.25234,42.54503],[-93.25233,42.5486],[-93.25233,42.55034],[-93.25517,42.55035],[-93.25799,42.55037],[-93.26241,42.5504],[-93.26241,42.55157],[-93.2624,42.55514],[-93.2624,42.55694],[-93.26188,42.55731],[-93.26094,42.55731],[-93.26095,42.55769],[-93.26112,42.55786]]}},{"type":"Feature","properties":{"id":"143341","type":"AC; OVERHEAD","status":"IN SERVICE","owner":"MIDAMERICAN ENERGY CO","voltage":161,"voltClass":"100-161"},"geometry":{"type":"LineString","coordinates":[[-91.9019,42.58591],[-91.90355,42.58545],[-91.90374,42.58543],[-91.90494,42.58531],[-91.90815,42.58492],[-91.90962,42.58351],[-91.91262,42.58064],[-91.91737,42.57603],[-91.92232,42.57335],[-91.92827,42.57009],[-91.93265,42.56733],[-91.93435,42.56612],[-91.93908,42.56269],[-91.94407,42.56263],[-91.95381,42.5624],[-91.9616,42.56226],[-91.97658,42.56211],[-91.98619,42.56205],[-91.9937,42.56197],[-91.99369,42.56016],[-91.99373,42.55467],[-91.99369,42.54742],[-91.99365,42.53697],[-91.99368,42.53117],[-91.99377,42.52287],[-91.99359,42.51153],[-91.99451,42.50976],[-91.99735,42.50449],[-92.00052,42.49857],[-92.00328,42.49342],[-92.00304,42.48806],[-92.00289,42.48057],[-92.00276,42.47384],[-92.00264,42.46992],[-92.00262,42.46807],[-92.00224,42.46265],[-92.00221,42.45891],[-92.00205,42.45169],[-92.00186,42.44466],[-92.00166,42.44271],[-92.00179,42.44094],[-92.00174,42.43726],[-92.00177,42.43537],[-92.0194,42.43533],[-92.03069,42.43526],[-92.04563,42.43532],[-92.05274,42.4353],[-92.06865,42.43523],[-92.08573,42.43519],[-92.09749,42.43513],[-92.11081,42.43503],[-92.12512,42.43503],[-92.14004,42.43513],[-92.15747,42.43522],[-92.17806,42.4353],[-92.1867,42.4353],[-92.19206,42.43536],[-92.20717,42.43537],[-92.21983,42.43544],[-92.22914,42.43544],[-92.23449,42.43539],[-92.24134,42.43539],[-92.24594,42.4328],[-92.25617,42.43224],[-92.26379,42.42924],[-92.26881,42.42726],[-92.27948,42.42738],[-92.27987,42.4274],[-92.2803,42.42761]]}},{"type":"Feature","properties":{"id":"143348","type":"AC; OVERHEAD","status":"IN SERVICE","owner":"OMAHA PUBLIC POWER DISTRICT","voltage":345,"voltClass":"345"},"geometry":{"type":"LineString","coordinates":[[-96.1986,41.16831],[-96.19929,41.16843],[-96.1999,41.16944],[-96.19991,41.17038],[-96.19986,41.172],[-96.19987,41.17421],[-96.1999,41.1767],[-96.19991,41.17866],[-96.1999,41.18108],[-96.20182,41.18273],[-96.20415,41.18474],[-96.20622,41.1865],[-96.20821,41.18821],[-96.21061,41.19029],[-96.21051,41.19282],[-96.21049,41.19504],[-96.21049,41.19718],[-96.2105,41.19925],[-96.21048,41.2013],[-96.21048,41.20317],[-96.21044,41.20517],[-96.21044,41.20557],[-96.21033,41.20806],[-96.21041,41.21018],[-96.2104,41.21234],[-96.21039,41.21407],[-96.21038,41.21583],[-96.21036,41.21873],[-96.21035,41.22074],[-96.21035,41.22277],[-96.21036,41.22516],[-96.21034,41.22692],[-96.21239,41.22689],[-96.21595,41.22689],[-96.21961,41.22688],[-96.2226,41.22687],[-96.22534,41.22686],[-96.22793,41.22685],[-96.23023,41.22683],[-96.23024,41.22871],[-96.23025,41.23073],[-96.23024,41.23306],[-96.23026,41.23493],[-96.23027,41.23671],[-96.23029,41.23934],[-96.23029,41.24189],[-96.2303,41.2443],[-96.23029,41.24669],[-96.23032,41.24859],[-96.23032,41.2487],[-96.23035,41.25106],[-96.23036,41.25336],[-96.23035,41.25587],[-96.22812,41.25589],[-96.22449,41.25591],[-96.22193,41.25593],[-96.21937,41.25592],[-96.21645,41.25594],[-96.21408,41.25596],[-96.21142,41.25598],[-96.20901,41.25599],[-96.20633,41.25598],[-96.20635,41.25795],[-96.2064,41.26047],[-96.20639,41.2625],[-96.20638,41.26437],[-96.20641,41.26687],[-96.20646,41.26924],[-96.20644,41.27107],[-96.20645,41.27315],[-96.20651,41.2751],[-96.20653,41.27727],[-96.20655,41.27957],[-96.20658,41.28205],[-96.20658,41.28385],[-96.20661,41.28565],[-96.20662,41.28795],[-96.20661,41.29029],[-96.20665,41.29263],[-96.20663,41.29437],[-96.20659,41.29596],[-96.20657,41.29777],[-96.20654,41.29933],[-96.20653,41.29945],[-96.20649,41.30197],[-96.20642,41.30401],[-96.20644,41.30679],[-96.20646,41.30941],[-96.20649,41.31186],[-96.20653,41.31396],[-96.20404,41.31398],[-96.20138,41.31397],[-96.19864,41.31397],[-96.19527,41.31399],[-96.19262,41.314],[-96.18983,41.31401],[-96.18582,41.31404],[-96.18365,41.31403],[-96.18162,41.31405],[-96.17825,41.31407],[-96.17447,41.31409],[-96.17423,41.31409],[-96.1714,41.31409],[-96.16801,41.3141],[-96.1645,41.31409],[-96.1612,41.31409],[-96.15721,41.3141],[-96.15428,41.3141],[-96.152,41.31411],[-96.15173,41.31411],[-96.14895,41.31415],[-96.14696,41.31632],[-96.14512,41.3184],[-96.14383,41.31987],[-96.142,41.3219],[-96.14058,41.32345],[-96.13915,41.32511],[-96.13783,41.32658],[-96.13586,41.32881],[-96.13484,41.33005],[-96.1333,41.33176],[-96.13301,41.33205],[-96.13193,41.33319],[-96.1319,41.33342],[-96.13164,41.33587],[-96.13195,41.33834],[-96.13231,41.3414],[-96.13236,41.34457],[-96.13235,41.34785],[-96.13233,41.35137],[-96.13236,41.35393],[-96.13235,41.35662],[-96.13237,41.3594],[-96.13245,41.36241],[-96.13241,41.36506],[-96.13245,41.36776],[-96.13246,41.37107],[-96.13244,41.37423],[-96.13246,41.37694],[-96.13246,41.37965],[-96.13242,41.38232],[-96.13244,41.38466],[-96.13243,41.38746],[-96.13246,41.39034],[-96.13243,41.39353],[-96.13242,41.39694],[-96.13246,41.39956],[-96.13244,41.40283],[-96.13244,41.40559],[-96.13246,41.4082],[-96.13244,41.41111],[-96.13247,41.41409],[-96.13246,41.41659],[-96.13245,41.4197],[-96.13243,41.42276],[-96.13248,41.42605],[-96.1325,41.4284],[-96.13248,41.43111],[-96.13248,41.43384],[-96.1325,41.43642],[-96.13248,41.43869],[-96.13245,41.44129],[-96.13246,41.44404],[-96.13095,41.44656],[-96.12915,41.44949],[-96.12733,41.4524],[-96.12572,41.45501],[-96.1245,41.45699],[-96.12268,41.45991],[-96.12157,41.46168],[-96.12022,41.46382],[-96.11895,41.46581],[-96.11765,41.46761],[-96.11641,41.46917],[-96.11399,41.47249],[-96.11215,41.47494],[-96.11068,41.47694],[-96.1092,41.47891],[-96.10771,41.48092],[-96.10607,41.48326],[-96.1047,41.48571],[-96.10341,41.48798],[-96.10191,41.49076],[-96.1002,41.49393],[-96.09766,41.49698],[-96.09548,41.49961],[-96.09343,41.5022],[-96.09181,41.5041],[-96.08949,41.50691],[-96.08783,41.509],[-96.08619,41.51101],[-96.0844,41.51317],[-96.0831,41.5152],[-96.08156,41.51796],[-96.08136,41.51829],[-96.08104,41.51873]]}},{"type":"Feature","properties":{"id":"143437","type":"AC; OVERHEAD","status":"IN SERVICE","owner":"UNION ELECTRIC CO - (MO)","voltage":161,"voltClass":"100-161"},"geometry":{"type":"LineString","coordinates":[[-91.43923,40.61394],[-91.43956,40.61411],[-91.44001,40.61411],[-91.44226,40.6134],[-91.44478,40.61264],[-91.44645,40.61211],[-91.44715,40.61054],[-91.44837,40.6079],[-91.44941,40.60564],[-91.45045,40.60343],[-91.45147,40.60118],[-91.45265,40.59862],[-91.45369,40.59639],[-91.45491,40.59373],[-91.45601,40.59132],[-91.45721,40.58874],[-91.45906,40.58649],[-91.46096,40.58418],[-91.46282,40.58193],[-91.46475,40.57959],[-91.46674,40.57717],[-91.46865,40.57485],[-91.47063,40.57239],[-91.47255,40.57012],[-91.47386,40.56855],[-91.4753,40.56684],[-91.47628,40.56552],[-91.47767,40.56417],[-91.47882,40.56308],[-91.48083,40.56115],[-91.48334,40.55866],[-91.48471,40.55737],[-91.48596,40.55621],[-91.48728,40.55492],[-91.48914,40.55311],[-91.49259,40.5498],[-91.49439,40.54805],[-91.49618,40.54622],[-91.49847,40.54394],[-91.50089,40.54158],[-91.50561,40.53703],[-91.50784,40.53488],[-91.50938,40.53339],[-91.51142,40.53143],[-91.51317,40.52971],[-91.51517,40.52779],[-91.51743,40.52559],[-91.51896,40.52411],[-91.52131,40.52184],[-91.5228,40.52041],[-91.52441,40.51885],[-91.52668,40.51663],[-91.52897,40.51442],[-91.53091,40.51255],[-91.53335,40.51018],[-91.53557,40.508],[-91.5375,40.50615],[-91.53968,40.50402],[-91.54196,40.50181],[-91.54357,40.50025],[-91.54528,40.49899],[-91.54687,40.49782],[-91.54858,40.49531],[-91.55027,40.4928],[-91.55189,40.49038],[-91.55356,40.48791],[-91.55509,40.48563],[-91.55654,40.48348],[-91.55797,40.48133],[-91.56005,40.47966],[-91.56209,40.47805],[-91.5641,40.47644],[-91.56696,40.47417],[-91.56867,40.47279],[-91.57041,40.47139],[-91.57254,40.46963],[-91.57456,40.46787],[-91.57667,40.46624],[-91.57768,40.46543],[-91.58009,40.45517],[-91.58165,40.44851],[-91.58239,40.44538],[-91.58316,40.44208],[-91.58416,40.4381],[-91.58501,40.43471],[-91.58529,40.43361],[-91.58671,40.42741]]}},{"type":"Feature","properties":{"id":"143508","type":"AC; OVERHEAD","status":"IN SERVICE","owner":"MIDAMERICAN ENERGY CO","voltage":345,"voltClass":"345"},"geometry":{"type":"LineString","coordinates":[[-90.52765,41.68115],[-90.52838,41.68084],[-90.52999,41.68082],[-90.53475,41.68127],[-90.54878,41.68111],[-90.5632,41.68098],[-90.57302,41.68086],[-90.58059,41.6797],[-90.60235,41.67972],[-90.62471,41.6798],[-90.6353,41.66957],[-90.64572,41.6594],[-90.66423,41.642],[-90.69104,41.61585],[-90.69324,41.6136],[-90.69347,41.60322],[-90.6937,41.5835],[-90.6939,41.58023],[-90.69215,41.57716],[-90.69166,41.57641],[-90.69019,41.57463]]}},{"type":"Feature","properties":{"id":"143660","type":"AC; OVERHEAD","status":"IN SERVICE","owner":"MIDAMERICAN ENERGY CO","voltage":161,"voltClass":"100-161"},"geometry":{"type":"LineString","coordinates":[[-96.17473,42.61188],[-96.18663,42.61209],[-96.19391,42.61222],[-96.2013,42.61218],[-96.20409,42.61216],[-96.21155,42.61213],[-96.23385,42.61202],[-96.23768,42.61201],[-96.24353,42.61209],[-96.24607,42.61211],[-96.24842,42.6121],[-96.25141,42.6121],[-96.25355,42.61209],[-96.25622,42.61209],[-96.25937,42.61206],[-96.26309,42.61205],[-96.26582,42.61204],[-96.26876,42.61204],[-96.27093,42.61201],[-96.27493,42.61199],[-96.27532,42.61199],[-96.27773,42.61198],[-96.2801,42.61196],[-96.2832,42.61195],[-96.28579,42.61193],[-96.2878,42.61193],[-96.28987,42.61196],[-96.2925,42.612],[-96.29527,42.61201],[-96.29697,42.61202],[-96.29986,42.61202],[-96.30196,42.61205],[-96.32013,42.61212],[-96.32666,42.61216],[-96.3269,42.60511],[-96.3269,42.59945],[-96.32693,42.59495],[-96.32769,42.59498],[-96.32879,42.59499],[-96.32943,42.59488]]}},{"type":"Feature","properties":{"id":"144168","type":"AC; OVERHEAD","status":"IN SERVICE","owner":"CEDAR FALLS UTILITIES","voltage":161,"voltClass":"100-161"},"geometry":{"type":"LineString","coordinates":[[-92.92122,42.37557],[-92.92126,42.37506]]}},{"type":"Feature","properties":{"id":"140872","type":"AC; OVERHEAD","status":"IN SERVICE","owner":"WAPA-- WESTERN AREA POWER ADMINISTRATION","voltage":161,"voltClass":"100-161"},"geometry":{"type":"LineString","coordinates":[[-94.66159,41.46501],[-94.66133,41.46436],[-94.65107,41.46424],[-94.63646,41.46429],[-94.62221,41.46434],[-94.60863,41.46436],[-94.60659,41.46433],[-94.60669,41.4649],[-94.60633,41.46528]]}},{"type":"Feature","properties":{"id":"141102","type":"AC; OVERHEAD","status":"IN SERVICE","owner":"MIDAMERICAN ENERGY CO","voltage":161,"voltClass":"100-161"},"geometry":{"type":"LineString","coordinates":[[-90.3941,41.535],[-90.39411,41.53512],[-90.39389,41.53573],[-90.39667,41.53604],[-90.40035,41.53614],[-90.40296,41.53621],[-90.40612,41.53631],[-90.40609,41.53485],[-90.4061,41.53412],[-90.40612,41.53344],[-90.40614,41.53277],[-90.40616,41.53211],[-90.40618,41.53143],[-90.40619,41.53078],[-90.40621,41.53011],[-90.40623,41.52943],[-90.40626,41.52876],[-90.4063,41.52808],[-90.40628,41.5274],[-90.40631,41.52673],[-90.40633,41.52604],[-90.40635,41.52535],[-90.40637,41.52468],[-90.4064,41.524],[-90.40641,41.52332],[-90.40642,41.52264],[-90.40646,41.52194],[-90.40646,41.52159],[-90.40729,41.52152],[-90.40814,41.52145],[-90.40903,41.52138],[-90.40988,41.52132],[-90.41072,41.52124],[-90.41162,41.52117],[-90.41241,41.5211],[-90.4133,41.52102],[-90.41399,41.52084],[-90.41391,41.52016],[-90.41384,41.51949],[-90.41374,41.51886],[-90.41365,41.51822],[-90.41356,41.51761],[-90.41433,41.51754],[-90.41508,41.5175],[-90.41595,41.51742],[-90.41682,41.51738],[-90.4177,41.51728],[-90.41857,41.5172],[-90.42066,41.51655]]}},{"type":"Feature","properties":{"id":"142102","type":"AC; OVERHEAD","status":"IN SERVICE","owner":null,"voltage":345,"voltClass":"345"},"geometry":{"type":"LineString","coordinates":[[-92.65211,43.47299],[-92.65168,43.4735],[-92.65288,43.47532],[-92.65291,43.4777],[-92.64994,43.47871],[-92.64698,43.47974],[-92.64318,43.47975],[-92.63972,43.47976],[-92.63626,43.47978],[-92.6328,43.4798],[-92.62857,43.47981],[-92.6244,43.47982],[-92.62005,43.47984],[-92.61682,43.47984],[-92.61361,43.47985],[-92.61362,43.48162],[-92.61299,43.48167],[-92.61213,43.48155]]}},{"type":"Feature","properties":{"id":"142283","type":"AC; OVERHEAD","status":"IN SERVICE","owner":null,"voltage":138,"voltClass":"100-161"},"geometry":{"type":"LineString","coordinates":[[-91.34781,39.96659],[-91.34816,39.9671],[-91.34821,39.97736],[-91.34856,39.98554],[-91.35732,39.9938],[-91.35734,40.04061],[-91.35691,40.08802],[-91.35641,40.11416],[-91.35632,40.12072],[-91.35637,40.13311],[-91.3562,40.14732],[-91.35602,40.1656],[-91.35746,40.17925],[-91.35451,40.1986],[-91.35408,40.20174],[-91.35382,40.20787],[-91.35345,40.22921],[-91.35372,40.24061],[-91.35409,40.24987],[-91.35304,40.26655],[-91.35251,40.28244],[-91.35226,40.32822],[-91.35221,40.3313],[-91.35213,40.33913],[-91.35194,40.34572],[-91.36157,40.34974],[-91.36147,40.37193],[-91.36588,40.38161],[-91.36367,40.392],[-91.36322,40.39357],[-91.36219,40.39347],[-91.35674,40.396],[-91.35436,40.39717],[-91.35439,40.39761]]}},{"type":"Feature","properties":{"id":"142322","type":"AC; OVERHEAD","status":"IN SERVICE","owner":"MIDAMERICAN ENERGY CO","voltage":161,"voltClass":"100-161"},"geometry":{"type":"LineString","coordinates":[[-93.61421,41.6035],[-93.61329,41.60332],[-93.61305,41.60458],[-93.61294,41.60602],[-93.61307,41.60742],[-93.61384,41.60865],[-93.61496,41.60978],[-93.61634,41.6107],[-93.61765,41.61154],[-93.61952,41.61219],[-93.61877,41.61379],[-93.61896,41.61792],[-93.62463,41.62098],[-93.62895,41.62466],[-93.63429,41.6247],[-93.63707,41.62468],[-93.64137,41.62462],[-93.64568,41.62459],[-93.64937,41.6253],[-93.64994,41.62624],[-93.65048,41.6271],[-93.65084,41.62995],[-93.65158,41.63515],[-93.65182,41.63692],[-93.65198,41.63793],[-93.65187,41.63875],[-93.65219,41.64014],[-93.65233,41.64089],[-93.65268,41.64255],[-93.65523,41.64322],[-93.65627,41.64349],[-93.65831,41.64402],[-93.66454,41.64555],[-93.66595,41.6459],[-93.66813,41.64955],[-93.66881,41.65034],[-93.67008,41.65254],[-93.67069,41.65354],[-93.67111,41.65407],[-93.67115,41.65844],[-93.67114,41.66001],[-93.67117,41.66176],[-93.67123,41.66308],[-93.67141,41.66456],[-93.67156,41.66592],[-93.67132,41.66809],[-93.67106,41.67029],[-93.67605,41.67028],[-93.67642,41.67027],[-93.6776,41.67025],[-93.67728,41.67163]]}},{"type":"Feature","properties":{"id":"142565","type":"AC; OVERHEAD","status":"IN SERVICE","owner":"MIDAMERICAN ENERGY CO","voltage":345,"voltClass":"345"},"geometry":{"type":"LineString","coordinates":[[-91.6824,41.70713],[-91.68293,41.70642],[-91.68221,41.70448],[-91.68156,41.70261],[-91.67969,41.69997],[-91.67787,41.69747],[-91.67591,41.69473],[-91.67422,41.69235],[-91.67197,41.68924],[-91.67026,41.68689],[-91.66774,41.6848],[-91.66483,41.68233],[-91.66204,41.67996],[-91.65902,41.67738],[-91.65637,41.67516],[-91.65449,41.67357],[-91.65167,41.6712],[-91.64922,41.66912],[-91.64739,41.66757],[-91.64463,41.66523],[-91.6421,41.66308],[-91.64003,41.66128],[-91.63833,41.65886],[-91.63708,41.65705],[-91.63556,41.65493],[-91.63364,41.65231],[-91.63145,41.64913],[-91.62968,41.64652],[-91.62743,41.64333],[-91.6256,41.64071],[-91.62369,41.63799],[-91.62156,41.63494],[-91.6198,41.63243],[-91.61752,41.62916],[-91.61575,41.62667],[-91.61397,41.62413],[-91.61196,41.62123],[-91.61018,41.61874],[-91.60799,41.61635],[-91.60529,41.61339],[-91.60283,41.61116],[-91.60001,41.60862],[-91.59728,41.60617],[-91.59439,41.60352],[-91.59177,41.60113],[-91.58883,41.59851],[-91.58623,41.59615],[-91.58357,41.59367],[-91.58058,41.59103],[-91.57816,41.58883],[-91.57541,41.58632],[-91.57272,41.58388],[-91.56987,41.58127],[-91.56734,41.57899],[-91.56491,41.57675],[-91.56215,41.57422],[-91.55932,41.57167],[-91.55654,41.57168],[-91.55309,41.57173],[-91.54965,41.57177],[-91.54619,41.5718],[-91.54211,41.5718],[-91.53794,41.57186],[-91.53642,41.57173],[-91.536,41.57063]]}},{"type":"Feature","properties":{"id":"142676","type":"AC; OVERHEAD","status":"IN SERVICE","owner":"MIDAMERICAN ENERGY CO","voltage":161,"voltClass":"100-161"},"geometry":{"type":"LineString","coordinates":[[-91.66721,41.98675],[-91.6676,41.98635],[-91.66773,41.98648],[-91.6688,41.98587],[-91.67015,41.98577],[-91.67622,41.98536],[-91.68407,41.98529],[-91.68689,41.98526],[-91.68774,41.98538],[-91.68868,41.98539],[-91.68998,41.98537],[-91.69284,41.98538],[-91.69565,41.98537],[-91.6971,41.98537],[-91.69708,41.98362],[-91.69708,41.98276],[-91.69706,41.98191],[-91.69669,41.9818],[-91.69669,41.98005],[-91.69667,41.979],[-91.69664,41.9767],[-91.69657,41.97377],[-91.69655,41.97145],[-91.69651,41.97064],[-91.69611,41.96986],[-91.69614,41.96804],[-91.6962,41.96719],[-91.69667,41.9672],[-91.6967,41.96511],[-91.69668,41.96435],[-91.69677,41.96227],[-91.6968,41.96075],[-91.6968,41.95996],[-91.69679,41.95623],[-91.69368,41.95622],[-91.6939,41.95548],[-91.69439,41.95373],[-91.69471,41.95211],[-91.69447,41.95213],[-91.69371,41.95213]]}},{"type":"Feature","properties":{"id":"142680","type":"AC; OVERHEAD","status":"IN SERVICE","owner":"MIDAMERICAN ENERGY CO","voltage":161,"voltClass":"100-161"},"geometry":{"type":"LineString","coordinates":[[-91.04108,41.58432],[-91.04125,41.58412],[-91.04089,41.58356],[-91.04776,41.5823],[-91.04799,41.57757],[-91.048,41.56635],[-91.04807,41.5584],[-91.04812,41.54743],[-91.04804,41.54483],[-91.04804,41.54464],[-91.05032,41.54467],[-91.05294,41.54469],[-91.05541,41.5447],[-91.05784,41.54472],[-91.05977,41.54473],[-91.06189,41.54474],[-91.06463,41.54475],[-91.06747,41.54478],[-91.06998,41.54479],[-91.07249,41.54481],[-91.0743,41.54483],[-91.07601,41.54485],[-91.07872,41.54485],[-91.08152,41.54486],[-91.08428,41.54491],[-91.08694,41.54494],[-91.08905,41.54497],[-91.09119,41.54499],[-91.0933,41.545],[-91.09544,41.54525],[-91.09748,41.5455],[-91.09961,41.54573],[-91.10189,41.54597],[-91.10371,41.54618],[-91.10733,41.54659],[-91.10906,41.54682],[-91.11121,41.54654],[-91.11345,41.54635],[-91.11585,41.54611],[-91.11825,41.5459],[-91.1207,41.54568],[-91.12234,41.54552],[-91.12465,41.54531],[-91.12729,41.54536],[-91.12992,41.5454],[-91.13268,41.54543],[-91.13594,41.54548],[-91.13787,41.54552],[-91.14015,41.54556],[-91.1426,41.5456],[-91.14508,41.54565],[-91.14801,41.5457],[-91.14997,41.54573],[-91.15263,41.54579],[-91.15636,41.54587],[-91.15904,41.54592],[-91.16158,41.54597],[-91.16452,41.54602],[-91.16699,41.54595],[-91.16935,41.54589],[-91.17154,41.54588],[-91.17387,41.54587],[-91.17663,41.54587],[-91.17878,41.54587],[-91.18129,41.54588],[-91.18355,41.54588],[-91.18603,41.54588],[-91.18826,41.54588],[-91.19049,41.54589],[-91.19291,41.5459],[-91.19525,41.54592],[-91.1977,41.54593],[-91.20021,41.54596],[-91.20258,41.54598],[-91.20494,41.54602],[-91.20773,41.54607],[-91.20991,41.54609],[-91.21222,41.54606],[-91.21477,41.54602],[-91.21716,41.54603],[-91.21968,41.54604],[-91.22208,41.54606],[-91.22458,41.54608],[-91.22691,41.54608],[-91.22701,41.54608],[-91.22925,41.54609],[-91.23168,41.54609],[-91.23418,41.54611],[-91.23667,41.54616],[-91.23923,41.5462],[-91.24146,41.54623],[-91.24433,41.54629],[-91.24662,41.54632],[-91.24925,41.54635],[-91.25147,41.54638],[-91.25406,41.54671],[-91.25688,41.54708],[-91.25928,41.54741],[-91.26161,41.54706],[-91.26371,41.5467],[-91.26623,41.5463],[-91.26868,41.54627],[-91.27349,41.54627],[-91.27568,41.54626],[-91.27819,41.54623],[-91.28074,41.54623],[-91.28322,41.54623],[-91.28564,41.54623],[-91.28804,41.54622],[-91.29071,41.54622],[-91.293,41.54621],[-91.29531,41.5462],[-91.29728,41.54621],[-91.30002,41.54622],[-91.30209,41.54621],[-91.30485,41.54621],[-91.30689,41.54622],[-91.30948,41.54623],[-91.31193,41.54626],[-91.3143,41.54628],[-91.31672,41.54631],[-91.31891,41.54633],[-91.32154,41.54638],[-91.32404,41.5464],[-91.32639,41.54643],[-91.32896,41.54647],[-91.33107,41.54649],[-91.33357,41.54652],[-91.33572,41.54654],[-91.33835,41.54655],[-91.34033,41.54658],[-91.34243,41.54661],[-91.34499,41.54665],[-91.34768,41.54666],[-91.34983,41.54663],[-91.35269,41.54664],[-91.35511,41.54664],[-91.35753,41.54663],[-91.35975,41.54663],[-91.36204,41.54663],[-91.36422,41.54664],[-91.36685,41.54663],[-91.36946,41.54664],[-91.37179,41.54668],[-91.37388,41.54673],[-91.37558,41.54677],[-91.38142,41.54691],[-91.38363,41.54694],[-91.38611,41.54697],[-91.38816,41.54698],[-91.39086,41.54701],[-91.3938,41.54703],[-91.39593,41.54704],[-91.3983,41.54705],[-91.40088,41.54706],[-91.4031,41.54709],[-91.40556,41.54711],[-91.40806,41.54712],[-91.41062,41.54716],[-91.41309,41.5472],[-91.4155,41.54724],[-91.4179,41.54726],[-91.42038,41.54728],[-91.42279,41.5473],[-91.42511,41.54733],[-91.42765,41.54734],[-91.43023,41.54735],[-91.43269,41.54735],[-91.43502,41.54738],[-91.43748,41.54732],[-91.43993,41.54731],[-91.44226,41.54731],[-91.44462,41.54729],[-91.44569,41.54802],[-91.44751,41.54921],[-91.44966,41.5505],[-91.45206,41.55179],[-91.45458,41.55312],[-91.45711,41.55448],[-91.45958,41.55565],[-91.46177,41.5567],[-91.46423,41.55789],[-91.46641,41.55881],[-91.46856,41.55973],[-91.47069,41.56064],[-91.4722,41.5612],[-91.47402,41.56188],[-91.47579,41.56255],[-91.47771,41.56327],[-91.47954,41.56396],[-91.48196,41.56488],[-91.48443,41.56583],[-91.48664,41.56668],[-91.48854,41.56742],[-91.49029,41.5681],[-91.49228,41.56889],[-91.49467,41.569],[-91.4971,41.56914],[-91.49938,41.56916],[-91.50156,41.5692],[-91.50393,41.56924],[-91.50619,41.56928],[-91.50814,41.56932],[-91.51061,41.56935],[-91.51298,41.56938],[-91.51534,41.56938],[-91.51815,41.56938],[-91.52109,41.56938],[-91.52359,41.56937],[-91.52628,41.56935],[-91.52814,41.56935],[-91.53039,41.56932],[-91.53292,41.5693],[-91.53414,41.5693],[-91.53449,41.56929],[-91.53575,41.56931],[-91.536,41.57063]]}},{"type":"Feature","properties":{"id":"142878","type":"AC; OVERHEAD","status":"IN SERVICE","owner":"MIDAMERICAN ENERGY CO","voltage":161,"voltClass":"100-161"},"geometry":{"type":"LineString","coordinates":[[-95.62524,42.64804],[-95.62506,42.64769],[-95.62348,42.64673],[-95.62345,42.64179],[-95.61807,42.63487],[-95.61438,42.63002],[-95.61428,42.62764],[-95.61411,42.62268],[-95.61394,42.61617],[-95.61399,42.61231],[-95.62089,42.61235],[-95.62322,42.61236],[-95.6258,42.61227],[-95.64227,42.61189],[-95.64474,42.61188],[-95.651,42.61187],[-95.66333,42.61184],[-95.66668,42.61179],[-95.66959,42.61179],[-95.67198,42.61172],[-95.67716,42.61165],[-95.68472,42.6115],[-95.69777,42.61113],[-95.72236,42.61157],[-95.72729,42.6116],[-95.72999,42.61163],[-95.73635,42.6117],[-95.74411,42.61178],[-95.74908,42.61184],[-95.75113,42.61189],[-95.76072,42.61182],[-95.76894,42.61171],[-95.78052,42.61169],[-95.79064,42.61159],[-95.80024,42.61155],[-95.80743,42.61151],[-95.81995,42.61145],[-95.83052,42.61141],[-95.8377,42.61138],[-95.83827,42.61138],[-95.83962,42.61138],[-95.85991,42.61146],[-95.87143,42.61156],[-95.87883,42.61161],[-95.89621,42.61169],[-95.90129,42.61168],[-95.91418,42.61158],[-95.91797,42.61157],[-95.93057,42.61152],[-95.93789,42.61149],[-95.94506,42.61153],[-95.95733,42.61162],[-95.96254,42.61181],[-95.97001,42.6119],[-95.97815,42.61201],[-95.97989,42.61207],[-95.98524,42.61199],[-95.98744,42.61198],[-95.98781,42.61198],[-96.00029,42.61182],[-96.00589,42.61172],[-96.00922,42.61166],[-96.02486,42.61146],[-96.029,42.61144],[-96.03643,42.61154],[-96.04735,42.61152],[-96.06625,42.61171],[-96.07604,42.61178],[-96.0835,42.612],[-96.09357,42.61232],[-96.09616,42.61242],[-96.09907,42.61229],[-96.10654,42.61206],[-96.11162,42.61194],[-96.11661,42.61185],[-96.12644,42.61155],[-96.13131,42.61155],[-96.13837,42.6117],[-96.14632,42.61168],[-96.1551,42.61164],[-96.17442,42.61192],[-96.17473,42.61188]]}},{"type":"Feature","properties":{"id":"143182","type":"AC; OVERHEAD","status":"IN SERVICE","owner":null,"voltage":161,"voltClass":"100-161"},"geometry":{"type":"LineString","coordinates":[[-91.18141,41.14561],[-91.18114,41.14516],[-91.18158,41.14434],[-91.18224,41.14318],[-91.18278,41.14225],[-91.19198,41.12637],[-91.19261,41.12488],[-91.19375,41.1231],[-91.19483,41.12115],[-91.20008,41.11222],[-91.20489,41.10388],[-91.20822,41.09816],[-91.2179,41.0815],[-91.21852,41.08042],[-91.21988,41.07804],[-91.22204,41.07427],[-91.22234,41.07373],[-91.22334,41.072],[-91.22781,41.06449],[-91.22954,41.06126],[-91.23476,41.05232],[-91.23582,41.05048],[-91.24063,41.04235],[-91.24564,41.03362],[-91.24806,41.02941],[-91.25386,41.01861],[-91.26183,41.00473],[-91.26452,41.00003],[-91.26978,40.99004],[-91.27138,40.9871],[-91.28699,40.95844],[-91.2888,40.95512],[-91.29165,40.95002],[-91.29564,40.9425],[-91.2982,40.93776],[-91.30258,40.93002],[-91.30384,40.9276],[-91.30496,40.92557],[-91.30628,40.92199],[-91.30836,40.91634],[-91.30898,40.91458],[-91.30929,40.9137],[-91.31158,40.90724],[-91.31389,40.90096],[-91.31468,40.89879],[-91.32168,40.87868],[-91.32222,40.87712],[-91.32293,40.87514],[-91.32361,40.87315],[-91.3243,40.87116],[-91.32497,40.86918],[-91.32567,40.86719],[-91.32631,40.86531],[-91.32698,40.86348],[-91.32762,40.8617],[-91.32886,40.86169],[-91.3289,40.85976],[-91.32888,40.85801],[-91.32969,40.85565],[-91.33038,40.85357],[-91.33103,40.85171],[-91.33164,40.84995],[-91.3322,40.84836],[-91.33277,40.84676],[-91.33332,40.84524],[-91.33404,40.84324],[-91.33473,40.84127],[-91.33532,40.83956],[-91.33593,40.8378],[-91.33654,40.83605],[-91.33721,40.83427],[-91.33781,40.83243],[-91.33825,40.8306],[-91.33894,40.82863],[-91.33962,40.82666],[-91.34024,40.82461],[-91.34085,40.82257],[-91.34139,40.82064],[-91.34211,40.81823],[-91.34272,40.81619],[-91.34333,40.81415],[-91.34388,40.8124],[-91.34429,40.81107],[-91.34479,40.80925],[-91.34543,40.80711],[-91.34608,40.80499],[-91.34672,40.8029],[-91.34736,40.8008],[-91.348,40.79871],[-91.34863,40.79663],[-91.34888,40.79565],[-91.34949,40.7937],[-91.34972,40.79292],[-91.3501,40.79165],[-91.3507,40.78964],[-91.3514,40.7876],[-91.35194,40.78556],[-91.35248,40.784],[-91.35207,40.78382]]}},{"type":"Feature","properties":{"id":"145904","type":"AC; OVERHEAD","status":"IN SERVICE","owner":null,"voltage":138,"voltClass":"100-161"},"geometry":{"type":"LineString","coordinates":[[-90.03032,40.5356],[-90.03062,40.53549],[-90.03332,40.53551],[-90.05439,40.52532],[-90.06653,40.51951],[-90.07379,40.51599],[-90.09131,40.50012],[-90.09729,40.49415],[-90.11516,40.49014],[-90.11697,40.48925],[-90.12226,40.48699],[-90.12362,40.48239],[-90.12793,40.48046],[-90.12955,40.47495],[-90.14038,40.46645],[-90.15325,40.45631],[-90.17327,40.44236],[-90.19522,40.42926],[-90.20975,40.4208],[-90.22578,40.41113],[-90.23945,40.40047],[-90.25132,40.39165],[-90.26332,40.38281],[-90.27444,40.37451],[-90.28756,40.36492],[-90.29761,40.35753],[-90.30569,40.35161],[-90.3146,40.34464],[-90.32637,40.34426],[-90.32869,40.34376],[-90.33136,40.34406],[-90.33107,40.34449]]}},{"type":"Feature","properties":{"id":"145919","type":"AC; OVERHEAD","status":"IN SERVICE","owner":"MIDAMERICAN ENERGY CO","voltage":161,"voltClass":"100-161"},"geometry":{"type":"LineString","coordinates":[[-90.51047,41.58937],[-90.51089,41.5896],[-90.51123,41.58965],[-90.51204,41.58941],[-90.51323,41.58937],[-90.51529,41.58934],[-90.52035,41.58933],[-90.52366,41.58932],[-90.52727,41.5893],[-90.53186,41.58923],[-90.53414,41.58928],[-90.53834,41.58924],[-90.54085,41.58918],[-90.54402,41.58909],[-90.54684,41.58883],[-90.54894,41.58864],[-90.55039,41.58851]]}},{"type":"Feature","properties":{"id":"146050","type":"AC; OVERHEAD","status":"IN SERVICE","owner":"MIDAMERICAN ENERGY CO","voltage":345,"voltClass":"345"},"geometry":{"type":"LineString","coordinates":[[-90.69019,41.57463],[-90.69218,41.57541],[-90.69213,41.57497],[-90.69214,41.57478],[-90.69216,41.57423],[-90.69223,41.57417],[-90.69443,41.57243],[-90.69673,41.57061],[-90.69714,41.57062],[-90.70202,41.57063],[-90.70652,41.57064],[-90.71083,41.57065],[-90.71565,41.57066],[-90.72053,41.57067],[-90.72453,41.57068],[-90.72871,41.57069],[-90.7335,41.5707],[-90.73772,41.57071],[-90.74209,41.57072],[-90.74649,41.57073],[-90.75102,41.57074],[-90.75554,41.57075],[-90.76013,41.57076],[-90.76472,41.57077],[-90.76945,41.57078],[-90.7736,41.57023],[-90.77773,41.56969],[-90.78194,41.56913],[-90.78595,41.5686],[-90.79004,41.56806],[-90.7942,41.56751],[-90.79883,41.5669],[-90.80344,41.56629],[-90.80707,41.56581],[-90.81077,41.56533],[-90.81127,41.56528],[-90.81175,41.56511]]}},{"type":"Feature","properties":{"id":"146340","type":"AC; OVERHEAD","status":"IN SERVICE","owner":"MIDAMERICAN ENERGY CO","voltage":345,"voltClass":"345"},"geometry":{"type":"LineString","coordinates":[[-93.81187,41.66003],[-93.81028,41.66079],[-93.8103,41.66162],[-93.8093,41.66178],[-93.79384,41.66186],[-93.77065,41.66188],[-93.74451,41.66175],[-93.7153,41.66156],[-93.70559,41.65876],[-93.68488,41.65893],[-93.68284,41.66345],[-93.67948,41.67227],[-93.67867,41.67228],[-93.67728,41.67163]]}},{"type":"Feature","properties":{"id":"143973","type":"AC; OVERHEAD","status":"IN SERVICE","owner":"MIDAMERICAN ENERGY CO","voltage":115,"voltClass":"100-161"},"geometry":{"type":"LineString","coordinates":[[-91.65282,42.04019],[-91.65246,42.04033],[-91.65246,42.04057],[-91.6471,42.04052],[-91.64177,42.04047],[-91.63623,42.04042],[-91.6285,42.04037],[-91.62571,42.04032],[-91.62127,42.04027],[-91.61931,42.04024],[-91.61764,42.03901],[-91.61236,42.03518],[-91.61094,42.03399],[-91.61077,42.03096],[-91.61009,42.02863],[-91.60685,42.02536],[-91.60438,42.02376],[-91.60438,42.02311],[-91.60468,42.02321]]}},{"type":"Feature","properties":{"id":"144082","type":"AC; OVERHEAD","status":"IN SERVICE","owner":"OMAHA PUBLIC POWER DISTRICT","voltage":345,"voltClass":"345"},"geometry":{"type":"LineString","coordinates":[[-95.96649,40.94896],[-95.96705,40.94897],[-95.96827,40.94895],[-95.96873,40.95138],[-95.97263,40.95137],[-95.97583,40.95136],[-95.97806,40.95135],[-95.98185,40.95134],[-95.98483,40.95132],[-95.98728,40.95132],[-95.99104,40.95133],[-95.99451,40.95131],[-95.99726,40.95132],[-96.00028,40.95131],[-96.0042,40.95128],[-96.0072,40.95124],[-96.00987,40.95124],[-96.01252,40.95122],[-96.01512,40.95121],[-96.01885,40.95121],[-96.02245,40.95118],[-96.026,40.95116],[-96.02959,40.95118],[-96.03291,40.9512],[-96.03669,40.95122],[-96.03979,40.95123],[-96.03974,40.96303],[-96.03974,40.96569],[-96.03975,40.96766],[-96.03973,40.96958],[-96.03974,40.97131],[-96.03973,40.97358],[-96.0397,40.97568],[-96.03972,40.97768],[-96.03969,40.97969],[-96.03969,40.98165],[-96.0397,40.98387],[-96.03969,40.9863],[-96.03967,40.98886],[-96.03967,40.9911],[-96.03966,40.99358],[-96.03966,40.99554],[-96.03966,40.99788],[-96.03966,41.00018],[-96.03962,41.00217],[-96.03963,41.00465],[-96.03962,41.00672],[-96.03963,41.00955],[-96.03963,41.01165],[-96.03963,41.01433],[-96.03962,41.01628],[-96.0396,41.01891],[-96.03961,41.0212],[-96.03959,41.02375],[-96.03957,41.02593],[-96.03958,41.02843],[-96.03956,41.03076],[-96.04142,41.03197],[-96.04356,41.0334],[-96.04589,41.03489],[-96.04865,41.03675],[-96.05076,41.0381],[-96.0534,41.0398],[-96.05548,41.04118],[-96.05791,41.04278],[-96.06028,41.04437],[-96.06281,41.04605],[-96.06534,41.04772],[-96.06766,41.04923],[-96.07024,41.05093],[-96.07343,41.05301],[-96.07602,41.05469],[-96.08206,41.05869],[-96.0852,41.0608],[-96.08522,41.06297],[-96.08522,41.06488],[-96.08523,41.06714],[-96.08523,41.06942],[-96.08523,41.07156],[-96.08524,41.07383],[-96.08524,41.07599],[-96.08524,41.07838],[-96.08521,41.0809],[-96.08588,41.08278],[-96.08674,41.08525],[-96.0873,41.08685],[-96.0881,41.08903],[-96.08809,41.09106],[-96.08809,41.09273],[-96.0881,41.09477],[-96.08811,41.0974],[-96.08813,41.09974],[-96.08814,41.10169],[-96.08815,41.10356],[-96.08817,41.10594],[-96.08818,41.10776],[-96.08819,41.10988],[-96.08819,41.11179],[-96.0882,41.11385],[-96.08821,41.11576],[-96.08823,41.11813],[-96.08825,41.12041],[-96.08825,41.12262],[-96.08828,41.12533],[-96.08829,41.12545],[-96.0883,41.12724],[-96.0883,41.13017],[-96.08833,41.13236],[-96.08835,41.1343],[-96.08837,41.13623],[-96.0884,41.13886],[-96.08842,41.14072],[-96.08844,41.14293],[-96.08846,41.14569],[-96.08849,41.14784],[-96.08852,41.14975],[-96.08853,41.15209],[-96.08857,41.15445],[-96.0886,41.15704],[-96.08862,41.15923],[-96.08868,41.16165],[-96.08841,41.16373],[-96.08821,41.16557],[-96.088,41.16695],[-96.08818,41.16814],[-96.0882,41.16826],[-96.08802,41.16915]]}},{"type":"Feature","properties":{"id":"144138","type":"AC; OVERHEAD","status":"IN SERVICE","owner":"MIDAMERICAN ENERGY CO","voltage":345,"voltClass":"345"},"geometry":{"type":"LineString","coordinates":[[-94.1165,42.37139],[-94.1156,42.37103],[-94.11444,42.37106],[-94.11409,42.37107],[-94.11275,42.37111],[-94.11154,42.37403],[-94.11156,42.37721],[-94.1116,42.38028],[-94.11163,42.38353],[-94.11168,42.38723],[-94.11169,42.39091],[-94.11173,42.39461],[-94.11108,42.39816],[-94.11118,42.40179],[-94.1067,42.40663],[-94.1066,42.40949],[-94.10659,42.4127],[-94.10665,42.41574],[-94.10676,42.41883],[-94.10683,42.42198],[-94.10677,42.42538],[-94.10696,42.42816],[-94.10727,42.43211],[-94.10189,42.43235],[-94.09682,42.4331],[-94.09676,42.43742],[-94.0967,42.44078],[-94.09663,42.44374],[-94.09672,42.44745],[-94.09678,42.45035],[-94.09827,42.4531],[-94.09975,42.45595],[-94.09964,42.45842],[-94.09948,42.46031],[-94.09939,42.46634],[-94.09944,42.48658],[-94.09947,42.4964],[-94.09945,42.51125],[-94.0995,42.5252],[-94.09931,42.53933],[-94.09932,42.55219],[-94.09325,42.55538],[-94.09012,42.55703],[-94.09016,42.56586],[-94.09133,42.56592],[-94.0922,42.56611]]}},{"type":"Feature","properties":{"id":"144141","type":"AC; OVERHEAD","status":"IN SERVICE","owner":"MIDAMERICAN ENERGY CO","voltage":345,"voltClass":"345"},"geometry":{"type":"LineString","coordinates":[[-91.78114,42.10002],[-91.78047,42.10143],[-91.78048,42.10165],[-91.78263,42.10162],[-91.78467,42.1016],[-91.78465,42.10002],[-91.78462,42.09845],[-91.78458,42.0969],[-91.78717,42.0969],[-91.78969,42.09692],[-91.79224,42.09694],[-91.7948,42.09695],[-91.79715,42.09785],[-91.79948,42.09873],[-91.80276,42.09874],[-91.80514,42.09875],[-91.80825,42.09873],[-91.81114,42.09874],[-91.81409,42.09874],[-91.81727,42.09873],[-91.82059,42.09872],[-91.82392,42.09872],[-91.82599,42.09871],[-91.82831,42.09871],[-91.82952,42.10121],[-91.83085,42.10398],[-91.83196,42.10631],[-91.83243,42.10954],[-91.83276,42.11197],[-91.8332,42.11514],[-91.83367,42.11862],[-91.83403,42.1212],[-91.83445,42.12433],[-91.8349,42.12759],[-91.8353,42.13048],[-91.83572,42.13356],[-91.83608,42.1362],[-91.83641,42.13864],[-91.83635,42.14113],[-91.83628,42.14401],[-91.8362,42.14773],[-91.83613,42.15051],[-91.83608,42.15254],[-91.83602,42.15497],[-91.83595,42.15791],[-91.83588,42.16088],[-91.8358,42.16429],[-91.83573,42.16712],[-91.83568,42.16919],[-91.83561,42.17226],[-91.83554,42.17525],[-91.83546,42.17851],[-91.83539,42.18136],[-91.83532,42.18428],[-91.83526,42.18692],[-91.8352,42.18948],[-91.83668,42.19264],[-91.83665,42.1953],[-91.83662,42.19775],[-91.83659,42.20119],[-91.83656,42.20415],[-91.83654,42.20631],[-91.83651,42.20922],[-91.83648,42.21201],[-91.83601,42.21396],[-91.8353,42.21688],[-91.83474,42.21922],[-91.83408,42.22194],[-91.83338,42.22484],[-91.83257,42.22819],[-91.8319,42.231],[-91.83185,42.23378],[-91.8318,42.23635],[-91.83174,42.23973],[-91.83169,42.24291],[-91.83163,42.24629],[-91.83157,42.24952],[-91.83152,42.25285],[-91.83146,42.25603],[-91.8314,42.25938],[-91.83135,42.26246],[-91.8323,42.26482],[-91.83358,42.26796],[-91.83488,42.27116],[-91.83585,42.27354],[-91.83676,42.27578],[-91.83586,42.29928],[-91.83599,42.30503],[-91.83636,42.31381],[-91.83623,42.33193],[-91.83621,42.34461],[-91.8362,42.3566],[-91.8361,42.35951],[-91.83604,42.36231],[-91.83587,42.3655],[-91.8358,42.36887],[-91.83573,42.37197],[-91.83566,42.37543],[-91.8356,42.37853],[-91.83553,42.38177],[-91.83547,42.38503],[-91.8354,42.38836],[-91.83534,42.39139],[-91.83528,42.39448],[-91.83521,42.39764],[-91.83515,42.40051],[-91.83508,42.40385],[-91.83502,42.40698],[-91.83495,42.41037],[-91.83489,42.41358],[-91.83482,42.41686],[-91.83478,42.41887],[-91.83486,42.42195],[-91.83495,42.42547],[-91.83502,42.42848],[-91.8351,42.43157],[-91.83519,42.435],[-91.83526,42.43782],[-91.83533,42.44047],[-91.83541,42.4435],[-91.83549,42.44671],[-91.83523,42.44974],[-91.83494,42.4531],[-91.83467,42.45617],[-91.83437,42.45965],[-91.8341,42.46282],[-91.83386,42.46561],[-91.83357,42.46897],[-91.83329,42.47217],[-91.8336,42.47507],[-91.83395,42.47838],[-91.83425,42.48119],[-91.83461,42.48454],[-91.83494,42.48769],[-91.83526,42.49064],[-91.83529,42.49348],[-91.83532,42.49641],[-91.83535,42.49931],[-91.83538,42.50232],[-91.83541,42.50553],[-91.83545,42.50887],[-91.83548,42.51196],[-91.83552,42.51543],[-91.83555,42.51852],[-91.83558,42.52172],[-91.8382,42.52352],[-91.84167,42.52604],[-91.84412,42.52782],[-91.84735,42.53016],[-91.85039,42.53238],[-91.85284,42.53415],[-91.85609,42.53652],[-91.85908,42.53869],[-91.86207,42.54085],[-91.86491,42.54292],[-91.86784,42.54504],[-91.87067,42.5471],[-91.87388,42.54943],[-91.87704,42.55173],[-91.88007,42.55393],[-91.88335,42.5563],[-91.88631,42.55846],[-91.88794,42.5614],[-91.88946,42.56413],[-91.89098,42.56686],[-91.89274,42.57003],[-91.89391,42.57215],[-91.89555,42.5751],[-91.89711,42.57791],[-91.89871,42.58079],[-91.9003,42.58365],[-91.90059,42.58454],[-91.90073,42.58494],[-91.90091,42.58549],[-91.9019,42.58591]]}},{"type":"Feature","properties":{"id":"144296","type":"OVERHEAD","status":null,"owner":"LINCOLN ELECTRIC SYSTEM","voltage":115,"voltClass":"100-161"},"geometry":{"type":"LineString","coordinates":[[-96.62367,40.90695],[-96.62336,40.90409]]}},{"type":"Feature","properties":{"id":"144384","type":"AC; OVERHEAD","status":"IN SERVICE","owner":"MIDAMERICAN ENERGY CO","voltage":345,"voltClass":"345"},"geometry":{"type":"LineString","coordinates":[[-93.67728,41.67163],[-93.676,41.67227],[-93.67309,41.67144],[-93.64582,41.67143],[-93.62107,41.67141],[-93.61509,41.67141],[-93.61181,41.67277],[-93.60102,41.67277],[-93.59753,41.6731],[-93.59499,41.67337],[-93.58607,41.67343],[-93.58016,41.67537],[-93.5768,41.67541],[-93.56558,41.67542],[-93.54903,41.67591],[-93.52271,41.67679],[-93.50279,41.67751],[-93.49771,41.67567],[-93.49776,41.67497]]}},{"type":"Feature","properties":{"id":"144434","type":"AC; OVERHEAD","status":"IN SERVICE","owner":null,"voltage":161,"voltClass":"100-161"},"geometry":{"type":"LineString","coordinates":[[-91.56941,42.29579],[-91.56912,42.29606],[-91.5683,42.29615],[-91.5683,42.29624],[-91.56831,42.2991],[-91.56832,42.30418],[-91.56833,42.31088],[-91.56838,42.31652],[-91.56856,42.32021],[-91.56864,42.32384],[-91.56879,42.33283],[-91.56897,42.34185],[-91.56911,42.35042],[-91.56921,42.35871],[-91.56934,42.3677],[-91.56945,42.37711],[-91.5695,42.38605],[-91.56941,42.39502],[-91.56938,42.40397],[-91.5693,42.41306],[-91.56925,42.42199],[-91.56926,42.43051],[-91.56926,42.43956],[-91.56926,42.4482],[-91.56926,42.45313],[-91.56926,42.46237],[-91.56928,42.46588],[-91.57133,42.46875],[-91.57128,42.47083],[-91.57119,42.47466],[-91.57123,42.47642],[-91.57226,42.47794],[-91.57315,42.47926],[-91.57408,42.48059],[-91.57756,42.48344],[-91.57866,42.4843],[-91.57862,42.48571],[-91.57849,42.49035],[-91.57852,42.49441],[-91.57846,42.49709],[-91.57849,42.5041],[-91.57869,42.51043],[-91.57871,42.51591],[-91.57871,42.5209],[-91.5787,42.52611],[-91.5787,42.53136],[-91.57877,42.5365],[-91.57867,42.54196],[-91.57878,42.54754],[-91.57902,42.55252],[-91.57905,42.55391],[-91.57907,42.55583],[-91.5792,42.55599]]}},{"type":"Feature","properties":{"id":"166457","type":"AC; OVERHEAD","status":"IN SERVICE","owner":null,"voltage":161,"voltClass":"100-161"},"geometry":{"type":"LineString","coordinates":[[-90.73981,42.51826],[-90.74036,42.51845],[-90.74033,42.51865],[-90.74038,42.52022],[-90.73996,42.52058],[-90.74182,42.52159],[-90.74378,42.52254],[-90.75061,42.52244],[-90.75515,42.52242],[-90.76229,42.52226],[-90.76664,42.52222],[-90.77627,42.52208],[-90.77936,42.52203],[-90.7795,42.53021],[-90.77951,42.53166],[-90.77904,42.53165]]}},{"type":"Feature","properties":{"id":"144457","type":"AC; OVERHEAD","status":"IN SERVICE","owner":"MIDAMERICAN ENERGY CO","voltage":161,"voltClass":"100-161"},"geometry":{"type":"LineString","coordinates":[[-92.6641,43.03763],[-92.66398,43.03745],[-92.66402,43.03711],[-92.664,43.03494],[-92.66397,43.03093],[-92.66642,43.03084],[-92.6694,43.03083],[-92.67909,43.03082],[-92.68741,43.03085],[-92.69743,43.03086],[-92.70766,43.03088],[-92.71996,43.0309],[-92.72951,43.03096],[-92.73857,43.03101],[-92.74288,43.03099],[-92.74381,43.03283],[-92.7464,43.0381],[-92.75244,43.03829],[-92.76873,43.03821],[-92.78708,43.03823],[-92.80281,43.03826],[-92.81803,43.03824],[-92.82794,43.03818],[-92.83006,43.03816],[-92.83004,43.03978],[-92.83006,43.04349],[-92.83013,43.05087],[-92.83003,43.05852],[-92.83003,43.06003],[-92.8401,43.05982],[-92.85026,43.05968],[-92.85717,43.0598],[-92.86502,43.05985],[-92.86496,43.06162],[-92.86486,43.0665],[-92.86453,43.07437],[-92.87224,43.07447],[-92.88681,43.0745],[-92.88929,43.07453],[-92.89184,43.07438],[-92.90268,43.07379],[-92.90549,43.07369],[-92.90876,43.07373],[-92.91781,43.0739],[-92.92558,43.07401],[-92.93813,43.07401],[-92.94513,43.07397],[-92.9525,43.0741],[-92.96161,43.07418],[-92.9781,43.07425],[-92.98982,43.07427],[-92.99272,43.07299],[-92.9953,43.07303],[-93.00021,43.07449],[-93.00318,43.07446],[-93.00947,43.07432],[-93.01539,43.07418],[-93.02355,43.074],[-93.03171,43.07413],[-93.04336,43.0743],[-93.06051,43.07442],[-93.0756,43.07432],[-93.08035,43.07428],[-93.0833,43.07428],[-93.09286,43.0744],[-93.10627,43.0746],[-93.1195,43.07456],[-93.13448,43.07459],[-93.13739,43.07461],[-93.14504,43.0766],[-93.15131,43.08262],[-93.15428,43.08551],[-93.15703,43.08812],[-93.15875,43.08985],[-93.16661,43.08998],[-93.17841,43.09004],[-93.18154,43.09026],[-93.18489,43.09017],[-93.18823,43.09009],[-93.19403,43.0901],[-93.20393,43.09014],[-93.20654,43.09012],[-93.21374,43.09014],[-93.22142,43.09021],[-93.23113,43.09025],[-93.23852,43.0903],[-93.24802,43.09028],[-93.25844,43.09025],[-93.27316,43.09032],[-93.28801,43.09028],[-93.28807,43.09209],[-93.28803,43.0939],[-93.28802,43.09588],[-93.28926,43.0959],[-93.29048,43.0959],[-93.29146,43.0959],[-93.29245,43.09589],[-93.29272,43.0959],[-93.29313,43.09588]]}},{"type":"Feature","properties":{"id":"146496","type":"AC; OVERHEAD","status":"IN SERVICE","owner":"MIDAMERICAN ENERGY CO","voltage":161,"voltClass":"100-161"},"geometry":{"type":"LineString","coordinates":[[-94.15862,43.16995],[-94.15907,43.16962],[-94.1591,43.16936],[-94.15667,43.16934],[-94.15124,43.16933],[-94.14814,43.16933],[-94.14815,43.1686],[-94.14825,43.16558],[-94.14836,43.16253],[-94.14545,43.16133],[-94.13885,43.15852],[-94.13859,43.15617],[-94.1386,43.15484],[-94.13862,43.15106],[-94.13866,43.14389],[-94.13869,43.13954],[-94.13869,43.13585],[-94.13867,43.13506],[-94.13867,43.13361],[-94.13871,43.13192],[-94.13864,43.12785],[-94.13852,43.12286],[-94.13847,43.11926],[-94.13844,43.11176],[-94.13845,43.11007],[-94.13845,43.10098],[-94.13841,43.09732],[-94.13639,43.09731],[-94.13046,43.09733],[-94.12847,43.09732],[-94.12847,43.09568],[-94.12849,43.09196],[-94.1285,43.08661],[-94.12851,43.07781],[-94.12856,43.06891],[-94.12857,43.06337],[-94.12867,43.05617],[-94.12878,43.05076],[-94.12894,43.04344],[-94.12907,43.0365],[-94.12919,43.02908],[-94.1292,43.02371],[-94.12923,43.01809],[-94.12905,43.01284],[-94.12912,43.00932],[-94.12917,43.0075],[-94.12914,42.99648],[-94.12906,42.98411],[-94.12905,42.97507],[-94.12894,42.96779],[-94.12903,42.95867],[-94.12912,42.95166],[-94.12917,42.94101],[-94.12924,42.93361],[-94.12928,42.92459],[-94.12939,42.91378],[-94.12947,42.90307],[-94.12968,42.89078],[-94.12965,42.87959],[-94.12957,42.87237],[-94.12962,42.86157],[-94.12949,42.85438],[-94.12949,42.84367],[-94.12951,42.83619],[-94.12934,42.8308],[-94.12935,42.81968],[-94.12946,42.81303],[-94.12959,42.80565],[-94.12959,42.80421],[-94.12953,42.79894],[-94.12943,42.79708],[-94.13085,42.79601],[-94.13223,42.79495],[-94.13243,42.79318],[-94.13263,42.7915],[-94.13345,42.78381],[-94.1335,42.78204],[-94.13419,42.7803],[-94.13484,42.77851],[-94.1355,42.77673],[-94.13607,42.77508],[-94.13646,42.773],[-94.13709,42.76953],[-94.13737,42.7678],[-94.13793,42.76652],[-94.13911,42.76326],[-94.14035,42.76013],[-94.14216,42.75678],[-94.14307,42.75513],[-94.14367,42.75326],[-94.14482,42.7496],[-94.14595,42.74604],[-94.14753,42.74456],[-94.14901,42.74311],[-94.14904,42.74164],[-94.14902,42.73995],[-94.14897,42.73532],[-94.14891,42.73187],[-94.1489,42.7284],[-94.14888,42.72457],[-94.14889,42.72088],[-94.14886,42.71721],[-94.14896,42.71373],[-94.14913,42.70992],[-94.14913,42.70812],[-94.14916,42.70098],[-94.14919,42.69363],[-94.14903,42.68672],[-94.14903,42.67924],[-94.14894,42.67373],[-94.15396,42.67372],[-94.16144,42.67373],[-94.1713,42.67372],[-94.17887,42.67378],[-94.18296,42.67388],[-94.18481,42.67398],[-94.18851,42.67413],[-94.18857,42.67431],[-94.18877,42.67456]]}},{"type":"Feature","properties":{"id":"146911","type":"AC; OVERHEAD","status":"IN SERVICE","owner":null,"voltage":161,"voltClass":"100-161"},"geometry":{"type":"LineString","coordinates":[[-95.40735,41.96614],[-95.40904,41.96667],[-95.40899,41.96785],[-95.41506,41.97103],[-95.41869,41.97313],[-95.42092,41.97445],[-95.42164,41.97487],[-95.42207,41.97511],[-95.42418,41.97627],[-95.42879,41.97891],[-95.43495,41.98457],[-95.43515,41.98477],[-95.43533,41.98494],[-95.44025,41.98942],[-95.443,41.99165],[-95.4447,41.99277],[-95.44754,41.99472],[-95.45365,41.99885],[-95.461,42.00382],[-95.46721,42.00807],[-95.4691,42.00935],[-95.47461,42.01305],[-95.47805,42.01542],[-95.47903,42.01605],[-95.48224,42.01818],[-95.48654,42.02133],[-95.48884,42.02343],[-95.49758,42.03265],[-95.50175,42.03697],[-95.50459,42.03998],[-95.50596,42.04126],[-95.50757,42.04274],[-95.5105,42.04511],[-95.51953,42.05255],[-95.52864,42.05939],[-95.53289,42.06267],[-95.53511,42.06415],[-95.53551,42.06443],[-95.53769,42.06618],[-95.53937,42.06752],[-95.53994,42.06797],[-95.54041,42.06833],[-95.54128,42.06901],[-95.54936,42.07494],[-95.55197,42.07694],[-95.5546,42.07891],[-95.55871,42.08199],[-95.57164,42.09171],[-95.57346,42.09308],[-95.5792,42.09738],[-95.59459,42.10888],[-95.5959,42.10986],[-95.60614,42.11758],[-95.61163,42.12154],[-95.61354,42.12311],[-95.61531,42.12442],[-95.61598,42.12494],[-95.6191,42.12731],[-95.62594,42.13253],[-95.63277,42.13698],[-95.63543,42.13876],[-95.63856,42.14078],[-95.64742,42.14656],[-95.65357,42.15131],[-95.65579,42.15342],[-95.65922,42.15649],[-95.67138,42.16762],[-95.67589,42.17171],[-95.68381,42.17918],[-95.68964,42.18419],[-95.70242,42.19683],[-95.70725,42.20161],[-95.72331,42.21142],[-95.72891,42.21481],[-95.73548,42.21881],[-95.73695,42.21972],[-95.74209,42.22288],[-95.74545,42.22489],[-95.74732,42.22604],[-95.753,42.22952],[-95.76735,42.23826],[-95.78495,42.24897],[-95.79562,42.25541],[-95.8042,42.2603],[-95.80995,42.26362],[-95.82049,42.2696],[-95.82534,42.27257],[-95.82661,42.27349],[-95.83179,42.27716],[-95.83808,42.28162],[-95.83926,42.28251],[-95.84102,42.28375],[-95.84284,42.28503],[-95.84467,42.28632],[-95.85462,42.29343],[-95.86086,42.29786],[-95.86444,42.30037],[-95.86957,42.30415],[-95.87435,42.30874],[-95.89885,42.33276],[-95.90642,42.34032],[-95.92137,42.35508],[-95.93175,42.36135],[-95.93796,42.36519],[-95.94714,42.37082],[-95.9558,42.3761],[-95.96477,42.3816],[-95.96998,42.38484],[-95.97237,42.38623],[-95.98119,42.39169],[-95.98993,42.39703],[-95.9948,42.40007],[-96.00055,42.40357],[-96.00555,42.40659],[-96.0065,42.40726],[-96.00907,42.40915],[-96.01716,42.41478],[-96.01918,42.41593],[-96.02691,42.41976],[-96.03503,42.42362],[-96.03704,42.42457],[-96.03853,42.42543],[-96.04308,42.42808],[-96.05283,42.43484],[-96.05582,42.4369],[-96.05868,42.4389],[-96.06293,42.44184],[-96.065,42.44332],[-96.06631,42.44421],[-96.07755,42.45205],[-96.08319,42.45603],[-96.08647,42.45828],[-96.09267,42.46249],[-96.09391,42.46334],[-96.09736,42.46576],[-96.11723,42.47943],[-96.11853,42.48046],[-96.12687,42.48624],[-96.1317,42.48956],[-96.13482,42.49177],[-96.13804,42.49394],[-96.13896,42.49453],[-96.14006,42.4959],[-96.14144,42.49748],[-96.14146,42.4975],[-96.14248,42.49871],[-96.1439,42.50038],[-96.14518,42.50186],[-96.14656,42.50348],[-96.14729,42.50435],[-96.14852,42.50577],[-96.14982,42.50728],[-96.15091,42.50854],[-96.15218,42.51001],[-96.15359,42.51162],[-96.15451,42.5128],[-96.15581,42.51425],[-96.15704,42.51546],[-96.1584,42.51693],[-96.15972,42.51833],[-96.16115,42.51988],[-96.1627,42.52149],[-96.16385,42.52265],[-96.16535,42.52424],[-96.1664,42.52536],[-96.16749,42.52654],[-96.1689,42.52799],[-96.16987,42.52903],[-96.17088,42.53008],[-96.17237,42.53169],[-96.17385,42.53326],[-96.17586,42.53434],[-96.17788,42.53549],[-96.18002,42.53668],[-96.18196,42.53775],[-96.18401,42.53887],[-96.18561,42.53978],[-96.18677,42.54045],[-96.18881,42.54157],[-96.19058,42.5426],[-96.19262,42.54376],[-96.19382,42.5444],[-96.19592,42.54555],[-96.19798,42.54672],[-96.20003,42.54789],[-96.20221,42.54894],[-96.20401,42.54992],[-96.20619,42.55088],[-96.2082,42.5518],[-96.21029,42.55277],[-96.21234,42.55371],[-96.21419,42.55457],[-96.21628,42.55552],[-96.21839,42.55649],[-96.22051,42.55744],[-96.22275,42.55852],[-96.22489,42.55946],[-96.22709,42.56046],[-96.22891,42.56129],[-96.23021,42.56189],[-96.23241,42.56292],[-96.23387,42.56357],[-96.23604,42.56455],[-96.23782,42.56534],[-96.23932,42.56613],[-96.24075,42.56682],[-96.24275,42.56797],[-96.24469,42.56926],[-96.24641,42.57036],[-96.24819,42.57152],[-96.25013,42.57279],[-96.25186,42.57391],[-96.25381,42.57515],[-96.25538,42.57615],[-96.25716,42.57733],[-96.25877,42.57838],[-96.25997,42.57916],[-96.26195,42.58044],[-96.26307,42.58117],[-96.26456,42.58212],[-96.26628,42.58323],[-96.26825,42.58453],[-96.27014,42.58576],[-96.27187,42.58692],[-96.27365,42.58791],[-96.2754,42.58894],[-96.27769,42.59008],[-96.27986,42.59098],[-96.28216,42.59193],[-96.28417,42.59274],[-96.28627,42.5936],[-96.28807,42.59432],[-96.29014,42.59517],[-96.29213,42.59598],[-96.29227,42.59604],[-96.29467,42.59697],[-96.29663,42.5978],[-96.29879,42.5988],[-96.30083,42.5998],[-96.30417,42.60012],[-96.30519,42.60029]]}},{"type":"Feature","properties":{"id":"146982","type":"AC; OVERHEAD","status":"IN SERVICE","owner":"MIDAMERICAN ENERGY CO","voltage":230,"voltClass":"220-287"},"geometry":{"type":"LineString","coordinates":[[-96.76951,42.77446],[-96.76989,42.7736],[-96.76696,42.77246],[-96.76362,42.77123],[-96.7603,42.76998],[-96.75698,42.76874],[-96.75366,42.7675],[-96.75033,42.76626],[-96.74701,42.765],[-96.7435,42.76371],[-96.74035,42.76252],[-96.73672,42.76117],[-96.73305,42.75979],[-96.72956,42.75849],[-96.72613,42.75721],[-96.72264,42.75591],[-96.71917,42.75461],[-96.71584,42.75335],[-96.71249,42.7521],[-96.70906,42.7508],[-96.70555,42.7495],[-96.70209,42.7482],[-96.69857,42.74686],[-96.6951,42.74557],[-96.69163,42.74427],[-96.68817,42.74299],[-96.68472,42.74167],[-96.68122,42.74037],[-96.67774,42.73907],[-96.67423,42.73776],[-96.67077,42.73646],[-96.66727,42.73515],[-96.66378,42.73384],[-96.66071,42.73206],[-96.65765,42.73029],[-96.65458,42.72848],[-96.65151,42.72668],[-96.64843,42.7249],[-96.64526,42.72304],[-96.64221,42.72125],[-96.63915,42.71946],[-96.6361,42.71767],[-96.63213,42.71611],[-96.62825,42.71454],[-96.62518,42.71331],[-96.62475,42.71318],[-96.62404,42.7129],[-96.62024,42.71215],[-96.6163,42.71138],[-96.61237,42.71058],[-96.60858,42.70983],[-96.6041,42.70893],[-96.59997,42.70812],[-96.596,42.70733],[-96.59244,42.70661],[-96.58965,42.70606],[-96.58644,42.70486],[-96.584,42.70393],[-96.58132,42.70293],[-96.57883,42.70199],[-96.57592,42.7009],[-96.57342,42.69995],[-96.57042,42.69899],[-96.56723,42.69762],[-96.56531,42.69691],[-96.56294,42.69601],[-96.55961,42.69476],[-96.55647,42.69357],[-96.55328,42.69238],[-96.54999,42.69117],[-96.54713,42.69008],[-96.54348,42.68868],[-96.54156,42.68795],[-96.53868,42.68686],[-96.53625,42.68595],[-96.53395,42.68508],[-96.53064,42.68384],[-96.52668,42.68234],[-96.52379,42.68126],[-96.52164,42.68043],[-96.51829,42.67918],[-96.51584,42.67826],[-96.51219,42.67689],[-96.50969,42.67595],[-96.50639,42.6747],[-96.50298,42.67329],[-96.499,42.67179],[-96.49489,42.67115],[-96.49181,42.67059],[-96.48824,42.66993],[-96.48402,42.66914],[-96.48054,42.66849],[-96.47744,42.66793],[-96.47384,42.66726],[-96.47061,42.66667],[-96.46828,42.66621],[-96.46561,42.66563],[-96.46278,42.66503],[-96.45926,42.66427],[-96.45563,42.66348],[-96.45319,42.66294],[-96.4493,42.66211],[-96.44537,42.66125],[-96.44181,42.66047],[-96.4379,42.65962],[-96.43399,42.65876],[-96.43006,42.65791],[-96.42666,42.65624],[-96.42325,42.65458],[-96.41986,42.6529],[-96.41678,42.65138],[-96.41304,42.64953],[-96.40971,42.6479],[-96.40671,42.64642],[-96.40361,42.64489],[-96.40052,42.64336],[-96.39728,42.64176],[-96.39403,42.64017],[-96.39058,42.63839],[-96.3874,42.63691],[-96.38422,42.63534],[-96.38156,42.63403],[-96.37802,42.63206],[-96.37584,42.63071],[-96.37276,42.62856],[-96.37019,42.62708],[-96.3668,42.62495],[-96.36308,42.62267],[-96.35996,42.62074],[-96.35645,42.61872],[-96.35449,42.61774],[-96.35079,42.61617],[-96.34711,42.61474],[-96.34359,42.61354],[-96.3396,42.61216],[-96.33714,42.61144],[-96.33501,42.61073],[-96.33313,42.60998],[-96.33108,42.60907],[-96.32851,42.6078],[-96.32527,42.6062],[-96.32272,42.60495],[-96.31932,42.60326],[-96.31597,42.60159],[-96.31223,42.60068],[-96.30798,42.60027],[-96.30645,42.60022],[-96.30519,42.60029]]}},{"type":"Feature","properties":{"id":"147142","type":"AC; OVERHEAD","status":"IN SERVICE","owner":"MIDAMERICAN ENERGY CO","voltage":161,"voltClass":"100-161"},"geometry":{"type":"LineString","coordinates":[[-90.46927,41.53478],[-90.46843,41.53597],[-90.46414,41.53873],[-90.4628,41.53958],[-90.46125,41.54034],[-90.45943,41.54091],[-90.45769,41.54137],[-90.45311,41.54344],[-90.45167,41.54261],[-90.45076,41.54209],[-90.45009,41.54197],[-90.44992,41.54195],[-90.44946,41.54583],[-90.44935,41.54662],[-90.45294,41.55],[-90.455,41.55198],[-90.45627,41.55317],[-90.45873,41.55612],[-90.46092,41.55874],[-90.46258,41.56073],[-90.46314,41.56136],[-90.46721,41.56349],[-90.46817,41.56401],[-90.47042,41.56521],[-90.47225,41.56636],[-90.47359,41.56721],[-90.47685,41.56949],[-90.47825,41.57063],[-90.47986,41.57193],[-90.48212,41.57226]]}},{"type":"Feature","properties":{"id":"144742","type":"AC; OVERHEAD","status":"IN SERVICE","owner":"MIDAMERICAN ENERGY CO","voltage":161,"voltClass":"100-161"},"geometry":{"type":"LineString","coordinates":[[-93.59009,41.71318],[-93.59046,41.71293],[-93.59051,41.71221],[-93.5916,41.71212],[-93.59239,41.71185],[-93.59166,41.7109],[-93.59117,41.71014],[-93.58615,41.71014],[-93.58615,41.7038],[-93.58593,41.70318],[-93.58601,41.70232],[-93.58604,41.69858],[-93.58604,41.69556],[-93.58891,41.69556],[-93.58896,41.69483],[-93.58921,41.6941],[-93.58945,41.69338],[-93.58946,41.69235],[-93.59036,41.69134],[-93.59041,41.68825],[-93.59076,41.68741],[-93.59075,41.68285],[-93.59073,41.67738],[-93.59071,41.67351],[-93.59191,41.67344],[-93.59491,41.67343],[-93.59758,41.67315],[-93.60106,41.67281],[-93.6059,41.67282],[-93.61186,41.67281],[-93.61518,41.67147],[-93.62151,41.67146],[-93.62414,41.67145],[-93.63241,41.67147],[-93.64287,41.67149],[-93.65326,41.67148],[-93.66414,41.67149],[-93.67298,41.67149],[-93.6737,41.67178],[-93.67483,41.6714],[-93.67702,41.6714],[-93.67728,41.67163]]}},{"type":"Feature","properties":{"id":"144750","type":"AC; OVERHEAD","status":"IN SERVICE","owner":null,"voltage":161,"voltClass":"100-161"},"geometry":{"type":"LineString","coordinates":[[-95.83961,41.17872],[-95.83927,41.17847],[-95.8379,41.17601],[-95.83743,41.17602]]}},{"type":"Feature","properties":{"id":"144806","type":"AC; OVERHEAD","status":"IN SERVICE","owner":"WAPA-- WESTERN AREA POWER ADMINISTRATION","voltage":161,"voltClass":"100-161"},"geometry":{"type":"LineString","coordinates":[[-95.26263,43.16072],[-95.26276,43.16019],[-95.26272,43.15943],[-95.26267,43.15746],[-95.2626,43.15563],[-95.26251,43.1539],[-95.26242,43.15214],[-95.26343,43.15082],[-95.26443,43.14939],[-95.26684,43.14852],[-95.26905,43.14778],[-95.27106,43.14697],[-95.27277,43.14638],[-95.27448,43.14579],[-95.27664,43.14499],[-95.27869,43.14418],[-95.28088,43.14347],[-95.28272,43.14281],[-95.28456,43.14219],[-95.28642,43.14157],[-95.28805,43.14099],[-95.29014,43.14025],[-95.29251,43.1394],[-95.29475,43.13858],[-95.29678,43.13787],[-95.299,43.13706],[-95.3012,43.13625],[-95.30301,43.13559],[-95.30516,43.13483],[-95.30733,43.13405],[-95.30935,43.13333],[-95.31133,43.13265],[-95.31326,43.13194],[-95.31528,43.13121],[-95.31752,43.13044],[-95.31985,43.12959],[-95.32198,43.12883],[-95.32363,43.12823],[-95.32527,43.12764],[-95.32692,43.12708],[-95.32894,43.12635],[-95.3313,43.1255],[-95.33366,43.12466],[-95.336,43.12382],[-95.33827,43.12301],[-95.34052,43.1222],[-95.34269,43.12143],[-95.34453,43.12077],[-95.34679,43.11996],[-95.34863,43.11932],[-95.35083,43.11852],[-95.35303,43.11775],[-95.35504,43.11702],[-95.35709,43.1163],[-95.35903,43.1156],[-95.36115,43.11483],[-95.36338,43.11403],[-95.36557,43.11324],[-95.36741,43.11261],[-95.36961,43.11187],[-95.37178,43.1111],[-95.37394,43.11032],[-95.37608,43.10956],[-95.3781,43.10884],[-95.38015,43.10811],[-95.38214,43.10739],[-95.3843,43.10662],[-95.38654,43.10588],[-95.38843,43.10521],[-95.39046,43.10435],[-95.39264,43.10354],[-95.3943,43.10276],[-95.39606,43.10199],[-95.39782,43.10122],[-95.39944,43.1005],[-95.40135,43.09964],[-95.40306,43.09889],[-95.40501,43.09802],[-95.40706,43.09711],[-95.40903,43.09623],[-95.41122,43.09525],[-95.41326,43.09435],[-95.41537,43.0934],[-95.41765,43.09239],[-95.41965,43.09152],[-95.42147,43.09068],[-95.42337,43.08985],[-95.42522,43.08903],[-95.42711,43.08822],[-95.42904,43.08732],[-95.43102,43.08644],[-95.43297,43.08557],[-95.43525,43.08458],[-95.43729,43.08367],[-95.43929,43.08277],[-95.44136,43.08184],[-95.44346,43.08092],[-95.44567,43.07993],[-95.44794,43.07892],[-95.45023,43.07793],[-95.452,43.07712],[-95.45417,43.07616],[-95.45565,43.07549],[-95.45773,43.07455],[-95.46012,43.07354],[-95.46181,43.07279],[-95.4635,43.07198],[-95.46557,43.07106],[-95.46751,43.07006],[-95.46913,43.06922],[-95.47049,43.06842],[-95.47238,43.06736],[-95.47416,43.06609],[-95.47597,43.06489],[-95.47754,43.06384],[-95.47937,43.06262],[-95.48106,43.0615],[-95.48291,43.06022],[-95.48477,43.05896],[-95.48653,43.05776],[-95.48784,43.05692],[-95.48975,43.05561],[-95.49117,43.05465],[-95.49287,43.05351],[-95.49468,43.05228],[-95.49659,43.051],[-95.49692,43.05078],[-95.49772,43.05024],[-95.49938,43.04916],[-95.50099,43.04791],[-95.50233,43.04699],[-95.50328,43.04614],[-95.50451,43.04508],[-95.50582,43.04394],[-95.50742,43.0426],[-95.50865,43.04155],[-95.51024,43.04019],[-95.5119,43.03875],[-95.51329,43.0376],[-95.51489,43.03625],[-95.5162,43.03512],[-95.51788,43.03366],[-95.51954,43.0323],[-95.52111,43.03095],[-95.52275,43.02956],[-95.52433,43.02819],[-95.52561,43.02711],[-95.52733,43.02568],[-95.52868,43.02451],[-95.53036,43.02308],[-95.53182,43.02183],[-95.5334,43.02051],[-95.53486,43.01925],[-95.53644,43.01792],[-95.53805,43.01651],[-95.53951,43.01525],[-95.54101,43.01399],[-95.54253,43.01269],[-95.54516,43.01078],[-95.54741,43.00977],[-95.54943,43.00879],[-95.55166,43.00775],[-95.55357,43.00688],[-95.55534,43.00603],[-95.55715,43.00516],[-95.55908,43.00425],[-95.56115,43.00327],[-95.56306,43.00236],[-95.56484,43.00154],[-95.56661,43.00072],[-95.56834,42.99989],[-95.57016,42.99902],[-95.57203,42.99812],[-95.574,42.99719],[-95.57605,42.99624],[-95.57805,42.99532],[-95.58013,42.99433],[-95.58201,42.99344],[-95.58416,42.99242],[-95.58615,42.99151],[-95.58811,42.99057],[-95.5901,42.98963],[-95.59206,42.9887],[-95.59394,42.98783],[-95.59561,42.98701],[-95.59736,42.9862],[-95.59903,42.98541],[-95.60075,42.98456],[-95.60244,42.9838],[-95.60403,42.98307],[-95.60549,42.98219],[-95.60723,42.98118],[-95.60885,42.98019],[-95.61058,42.97918],[-95.61233,42.9782],[-95.61428,42.97704],[-95.61613,42.97599],[-95.61808,42.97485],[-95.62007,42.97369],[-95.62189,42.97264],[-95.62379,42.97152],[-95.62532,42.97062],[-95.6274,42.96941],[-95.6294,42.96826],[-95.63144,42.96708],[-95.63341,42.96594],[-95.63517,42.96484],[-95.63704,42.96371],[-95.6389,42.96263],[-95.64081,42.96151],[-95.64246,42.96053],[-95.64441,42.95941],[-95.64616,42.95838],[-95.64781,42.9574],[-95.64978,42.95625],[-95.65147,42.95529],[-95.65323,42.95417],[-95.6544,42.95338],[-95.65562,42.95249],[-95.65719,42.95133],[-95.6589,42.94993],[-95.66037,42.94872],[-95.662,42.94742],[-95.66348,42.94617],[-95.66498,42.94492],[-95.66644,42.94376],[-95.66814,42.94238],[-95.66975,42.94109],[-95.6714,42.93972],[-95.67274,42.93862],[-95.67432,42.93732],[-95.67576,42.93614],[-95.67743,42.93482],[-95.67915,42.93343],[-95.68048,42.93227],[-95.68198,42.93121],[-95.68345,42.93018],[-95.68507,42.92901],[-95.68685,42.92774],[-95.68834,42.92667],[-95.68988,42.92559],[-95.69163,42.92431],[-95.69321,42.92317],[-95.69467,42.92214],[-95.69649,42.92085],[-95.69842,42.91945],[-95.70029,42.91808],[-95.70209,42.9168],[-95.70379,42.91557],[-95.70524,42.91454],[-95.707,42.91333],[-95.70884,42.91201],[-95.71037,42.91086],[-95.71227,42.90961],[-95.72164,42.90391],[-95.72759,42.90038],[-95.73395,42.89661],[-95.73576,42.89554],[-95.73787,42.89429],[-95.74086,42.89249],[-95.7502,42.88696],[-95.76025,42.88098],[-95.76045,42.88085],[-95.76591,42.87765],[-95.7705,42.87492],[-95.78019,42.86906],[-95.78455,42.86643],[-95.78915,42.86366],[-95.79323,42.86133],[-95.80011,42.85644],[-95.8037,42.85376],[-95.81238,42.84726],[-95.81952,42.842],[-95.82429,42.83846],[-95.83279,42.83214],[-95.83766,42.82855],[-95.84434,42.82351],[-95.84593,42.82232],[-95.85423,42.81609],[-95.85872,42.81324],[-95.86474,42.80982],[-95.87072,42.8064],[-95.87874,42.80171],[-95.88983,42.79532],[-95.89337,42.79328],[-95.89351,42.7932],[-95.89894,42.79007],[-95.90659,42.78566],[-95.91657,42.77991],[-95.91694,42.77969],[-95.9195,42.77805],[-95.92348,42.77507],[-95.93178,42.76899],[-95.93856,42.76401],[-95.95615,42.7519],[-95.95787,42.75074],[-95.95954,42.74957],[-95.96647,42.74483],[-95.97686,42.73784],[-95.97857,42.73669],[-95.98175,42.73483],[-95.99034,42.73047],[-95.9971,42.727],[-95.9987,42.72622],[-96.00763,42.72164],[-96.01794,42.71634],[-96.03145,42.71194],[-96.03746,42.70998],[-96.04832,42.70643],[-96.05829,42.70315],[-96.07782,42.69678],[-96.08878,42.69317],[-96.0954,42.69098],[-96.10206,42.68881],[-96.11657,42.68392],[-96.13044,42.67923],[-96.13627,42.6772],[-96.14575,42.67403],[-96.14814,42.67321],[-96.15217,42.67181],[-96.15395,42.67123],[-96.15482,42.67093],[-96.15577,42.6706],[-96.17473,42.66423],[-96.17713,42.66342],[-96.18375,42.66115],[-96.19346,42.65795],[-96.19752,42.65665],[-96.20143,42.65523],[-96.20986,42.65217],[-96.21349,42.65087],[-96.21945,42.64869],[-96.22167,42.64792],[-96.23079,42.64181],[-96.24134,42.6349],[-96.2426,42.63404],[-96.24706,42.63117],[-96.24894,42.62993],[-96.25311,42.62714],[-96.25569,42.62547],[-96.25742,42.62425],[-96.25922,42.623],[-96.26092,42.62182],[-96.26273,42.62057],[-96.26416,42.61955],[-96.26576,42.61841],[-96.26766,42.61709],[-96.26961,42.61573],[-96.27139,42.61446],[-96.2733,42.61319],[-96.27492,42.612],[-96.27508,42.61188],[-96.27646,42.61086],[-96.27846,42.60999],[-96.28073,42.60899],[-96.2823,42.60829],[-96.2844,42.60734],[-96.28673,42.60628],[-96.28891,42.6053],[-96.29104,42.60432],[-96.29308,42.60345],[-96.295,42.60255],[-96.29712,42.60164],[-96.29861,42.60096],[-96.29905,42.60076],[-96.30082,42.59992],[-96.30285,42.60016],[-96.30519,42.60029]]}},{"type":"Feature","properties":{"id":"144879","type":"AC; OVERHEAD","status":null,"owner":"MIDAMERICAN ENERGY CO","voltage":345,"voltClass":"345"},"geometry":{"type":"LineString","coordinates":[[-90.31028,41.72611],[-90.30627,41.72652]]}},{"type":"Feature","properties":{"id":"145139","type":"OVERHEAD","status":null,"owner":"CITY OF AMES - (IA)","voltage":161,"voltClass":"100-161"},"geometry":{"type":"LineString","coordinates":[[-93.60863,42.02529],[-93.60392,42.02603]]}},{"type":"Feature","properties":{"id":"145352","type":"AC; OVERHEAD","status":"IN SERVICE","owner":"LINCOLN ELECTRIC SYSTEM","voltage":345,"voltClass":"345"},"geometry":{"type":"LineString","coordinates":[[-96.54722,40.84003],[-96.54656,40.83934],[-96.54655,40.83873],[-96.54736,40.83748],[-96.54816,40.83625],[-96.54899,40.83495],[-96.55007,40.83336],[-96.55003,40.83142],[-96.55002,40.82987],[-96.55001,40.82778],[-96.55001,40.82529],[-96.55,40.82282],[-96.55,40.82046],[-96.55001,40.81796],[-96.54999,40.8159],[-96.54999,40.81341],[-96.54997,40.81144],[-96.54997,40.80917],[-96.54996,40.80692],[-96.54996,40.80445],[-96.54996,40.80223],[-96.54995,40.79986],[-96.54994,40.79801],[-96.54993,40.79563],[-96.54993,40.79363],[-96.54993,40.79143],[-96.54991,40.78891],[-96.54991,40.78692],[-96.54991,40.78502],[-96.54991,40.7826],[-96.5499,40.78],[-96.54988,40.77739],[-96.54989,40.77506],[-96.54988,40.77315],[-96.54988,40.77068],[-96.54988,40.76889],[-96.54988,40.76632],[-96.54985,40.7644],[-96.54987,40.76266],[-96.54987,40.76048],[-96.54984,40.75785],[-96.54985,40.75558],[-96.54985,40.7537],[-96.54985,40.75169],[-96.54983,40.74961],[-96.54974,40.74697],[-96.54975,40.74498],[-96.54976,40.74276],[-96.54975,40.74082],[-96.54976,40.73882],[-96.54975,40.73701],[-96.55192,40.73544],[-96.5536,40.73425],[-96.55566,40.73276],[-96.55743,40.73148],[-96.55954,40.72996],[-96.562,40.72821],[-96.56443,40.72647],[-96.56667,40.72485],[-96.56878,40.72332],[-96.57121,40.72159],[-96.57301,40.72029],[-96.57541,40.71857],[-96.57735,40.71715],[-96.57892,40.71602],[-96.58048,40.71489],[-96.5828,40.71457],[-96.58293,40.71328]]}},{"type":"Feature","properties":{"id":"145700","type":"AC; OVERHEAD","status":"IN SERVICE","owner":"MIDAMERICAN ENERGY CO","voltage":161,"voltClass":"100-161"},"geometry":{"type":"LineString","coordinates":[[-93.80971,42.08611],[-93.81023,42.08614],[-93.81021,42.08542],[-93.81015,42.08338],[-93.81002,42.07636],[-93.80977,42.07074],[-93.80987,42.06918],[-93.81015,42.06356],[-93.81014,42.05827],[-93.81024,42.05176],[-93.81025,42.04766],[-93.81028,42.04226],[-93.81032,42.03656],[-93.80347,42.03264],[-93.7992,42.03017],[-93.79697,42.02876],[-93.79512,42.02758],[-93.79287,42.02637],[-93.78831,42.02393],[-93.77654,42.01711],[-93.76819,42.01228],[-93.7604,42.00778],[-93.75155,42.00262],[-93.74515,41.99893],[-93.73756,41.99454],[-93.73568,41.99389],[-93.73413,41.99297],[-93.7215,41.98566],[-93.71569,41.9826],[-93.71363,41.98164],[-93.71208,41.98056],[-93.70903,41.97843],[-93.70204,41.97437],[-93.69368,41.96954],[-93.68941,41.96707],[-93.68555,41.96473],[-93.6816,41.96253],[-93.67408,41.95824],[-93.66495,41.95381],[-93.65164,41.9474],[-93.63723,41.94065],[-93.63006,41.93728],[-93.62747,41.93608],[-93.62514,41.93511],[-93.62024,41.9332],[-93.61786,41.93228],[-93.61566,41.93141],[-93.61009,41.92927],[-93.60945,41.92549],[-93.60927,41.9245],[-93.60946,41.92367],[-93.60949,41.923],[-93.60985,41.92063],[-93.61056,41.91637],[-93.61063,41.91562],[-93.6107,41.912],[-93.61061,41.90684],[-93.61045,41.90204],[-93.61045,41.89902],[-93.61034,41.89245],[-93.61029,41.89111],[-93.61024,41.88939],[-93.60989,41.88938],[-93.60933,41.88911]]}},{"type":"Feature","properties":{"id":"145799","type":"AC; OVERHEAD","status":"IN SERVICE","owner":null,"voltage":161,"voltClass":"100-161"},"geometry":{"type":"LineString","coordinates":[[-91.16783,43.33565],[-91.16771,43.33529],[-91.16768,43.33515],[-91.16686,43.33384],[-91.16718,43.33353],[-91.17251,43.33347],[-91.1769,43.33364],[-91.17848,43.33368],[-91.1834,43.33377],[-91.18566,43.33382],[-91.18942,43.33389],[-91.19172,43.33394],[-91.19359,43.33398],[-91.19604,43.33402],[-91.19825,43.33406],[-91.20208,43.33413],[-91.20444,43.33418],[-91.20661,43.33424],[-91.20882,43.33427],[-91.22129,43.33604],[-91.22657,43.34008],[-91.22819,43.34096],[-91.23115,43.34259],[-91.23373,43.34352],[-91.23654,43.34458],[-91.23919,43.3456],[-91.2422,43.34671],[-91.24596,43.34814],[-91.24834,43.34904],[-91.25283,43.35074],[-91.2554,43.35169],[-91.2608,43.35372],[-91.26243,43.35433],[-91.26464,43.35539],[-91.26572,43.35592],[-91.27263,43.35924],[-91.27581,43.36079],[-91.27837,43.36095],[-91.28139,43.36115],[-91.28866,43.36486],[-91.29136,43.36623],[-91.29293,43.36627],[-91.2999,43.36633],[-91.30226,43.36635],[-91.30611,43.3664],[-91.31043,43.36646],[-91.31469,43.36653],[-91.3173,43.36655],[-91.32231,43.36661],[-91.32241,43.36661],[-91.32653,43.36666],[-91.32892,43.36667],[-91.32977,43.36763],[-91.332,43.37014],[-91.33561,43.37422],[-91.33665,43.37536],[-91.3395,43.37856],[-91.34186,43.37899],[-91.34494,43.37957],[-91.3484,43.37957],[-91.35025,43.37958],[-91.35419,43.37958],[-91.35583,43.37958],[-91.35882,43.37959],[-91.36371,43.3796],[-91.36634,43.37962],[-91.36921,43.37958],[-91.37209,43.37958],[-91.37722,43.38291],[-91.37911,43.38409],[-91.38241,43.38509],[-91.38521,43.38591],[-91.38929,43.38714],[-91.39164,43.38781],[-91.39368,43.3884],[-91.39732,43.38946],[-91.39887,43.38991],[-91.39993,43.39021],[-91.40561,43.3919],[-91.40961,43.39306],[-91.41316,43.3941],[-91.41488,43.39461],[-91.41823,43.39559],[-91.42169,43.39661],[-91.42656,43.39802],[-91.42867,43.39865],[-91.43135,43.39943],[-91.43358,43.4002],[-91.43789,43.40166],[-91.43947,43.40222],[-91.4438,43.40369],[-91.44568,43.40436],[-91.44757,43.40501],[-91.45061,43.40603],[-91.45159,43.40636],[-91.45441,43.40734],[-91.46007,43.40926],[-91.46197,43.40996],[-91.46473,43.41094],[-91.46565,43.41125],[-91.46725,43.41179],[-91.47194,43.4134],[-91.47534,43.41457],[-91.47774,43.41539],[-91.47969,43.41571],[-91.48613,43.41652],[-91.48783,43.4176],[-91.48897,43.41831],[-91.49578,43.42041],[-91.49743,43.42092],[-91.50239,43.42244],[-91.50346,43.42277],[-91.5099,43.42536],[-91.51162,43.42605],[-91.51395,43.42698],[-91.51613,43.42787],[-91.51848,43.42876],[-91.52052,43.42958],[-91.52392,43.43029],[-91.528,43.43115],[-91.52913,43.4315],[-91.53199,43.43242],[-91.53741,43.43412],[-91.5391,43.43465],[-91.54366,43.43606],[-91.54514,43.43654],[-91.54922,43.43782],[-91.55082,43.43832],[-91.55437,43.43944],[-91.55758,43.44045],[-91.55886,43.44085],[-91.56645,43.44324],[-91.56831,43.44383],[-91.57072,43.44458],[-91.57203,43.445],[-91.57871,43.44711],[-91.58094,43.44782],[-91.58357,43.44865],[-91.58602,43.44943],[-91.58987,43.45065],[-91.59251,43.45146],[-91.59698,43.45348],[-91.60192,43.45571],[-91.60361,43.45624],[-91.60548,43.45685],[-91.60741,43.45748],[-91.61065,43.45853],[-91.61375,43.45955],[-91.61576,43.4602],[-91.61736,43.46072],[-91.62041,43.46172],[-91.62286,43.46252],[-91.62558,43.4634],[-91.62865,43.46443],[-91.63185,43.46546],[-91.63444,43.46631],[-91.63661,43.46701],[-91.63818,43.46753],[-91.64343,43.46926],[-91.64532,43.46988],[-91.64916,43.47116],[-91.65069,43.47166],[-91.65192,43.47208],[-91.65405,43.47278],[-91.65796,43.47407],[-91.6613,43.47519],[-91.66258,43.47559],[-91.66552,43.47657],[-91.67067,43.47828],[-91.67237,43.47884],[-91.67361,43.47926],[-91.67654,43.48023],[-91.68032,43.48149],[-91.6844,43.48285],[-91.68681,43.48364],[-91.68954,43.48455],[-91.69155,43.48522],[-91.69556,43.48655],[-91.69833,43.48748],[-91.70089,43.48832],[-91.70406,43.48937],[-91.70756,43.49053],[-91.71143,43.49182],[-91.71386,43.49264],[-91.71648,43.49352],[-91.7208,43.4935],[-91.72377,43.4935],[-91.72761,43.49349],[-91.73098,43.49347],[-91.73401,43.49349],[-91.73623,43.4935],[-91.74129,43.4935],[-91.74373,43.49349],[-91.74632,43.49349],[-91.7488,43.4935],[-91.75141,43.49351],[-91.7543,43.49351],[-91.75636,43.49352],[-91.75839,43.49352],[-91.76292,43.49353],[-91.76462,43.49353],[-91.76871,43.49353],[-91.77115,43.49355],[-91.77345,43.49298],[-91.77442,43.49273],[-91.77789,43.49363],[-91.78314,43.49364],[-91.78662,43.49366],[-91.78889,43.49367],[-91.79112,43.49368],[-91.79525,43.49368],[-91.79918,43.49368],[-91.80152,43.49482],[-91.80625,43.4971],[-91.80781,43.49783],[-91.81138,43.49955],[-91.81591,43.50169],[-91.81759,43.50249],[-91.82008,43.50369],[-91.82273,43.50496],[-91.82678,43.50585],[-91.83033,43.50663],[-91.83183,43.50726],[-91.83614,43.509],[-91.83846,43.50995],[-91.84016,43.51015],[-91.84256,43.51046],[-91.84502,43.51078],[-91.84773,43.51113],[-91.85015,43.51144],[-91.85233,43.51171],[-91.85394,43.51313],[-91.85606,43.51497],[-91.85777,43.51644],[-91.8604,43.51873],[-91.86237,43.5191],[-91.86481,43.51956],[-91.86784,43.52014],[-91.87134,43.5208],[-91.87379,43.52127],[-91.87651,43.5218],[-91.87978,43.52244],[-91.88355,43.52245],[-91.88613,43.52246],[-91.88986,43.52248],[-91.89155,43.5225],[-91.89481,43.52252],[-91.89758,43.52253],[-91.90065,43.52255],[-91.90342,43.52258],[-91.9063,43.52261],[-91.909,43.52265],[-91.91056,43.52265],[-91.9127,43.52262],[-91.91623,43.52259],[-91.91973,43.52255],[-91.92422,43.52253],[-91.92722,43.5222],[-91.92956,43.52198],[-91.93155,43.52244],[-91.93431,43.52241],[-91.93827,43.52239],[-91.9416,43.52236],[-91.94472,43.52234],[-91.94776,43.52232],[-91.9517,43.52231],[-91.95374,43.52231],[-91.95696,43.5223],[-91.95965,43.5223],[-91.96437,43.52229],[-91.96687,43.52229],[-91.97002,43.52232],[-91.97318,43.52233],[-91.9813,43.52241],[-91.98448,43.52246],[-91.98742,43.52248],[-91.98958,43.5225],[-91.98961,43.5225],[-91.99001,43.5225],[-91.99013,43.5243],[-91.99023,43.52612],[-91.99024,43.52786],[-91.99022,43.52958],[-91.99026,43.53133],[-91.99028,43.53293],[-91.99032,43.53499],[-91.99035,43.53677],[-91.99039,43.53875],[-91.9904,43.54048],[-91.99043,43.54225],[-91.99044,43.54402],[-91.99043,43.54583],[-91.99042,43.54761],[-91.99042,43.54937],[-91.99041,43.55115],[-91.9904,43.55313],[-91.99042,43.55382],[-91.99051,43.55415]]}},{"type":"Feature","properties":{"id":"148527","type":"AC; OVERHEAD","status":"IN SERVICE","owner":"MIDAMERICAN ENERGY CO","voltage":161,"voltClass":"100-161"},"geometry":{"type":"LineString","coordinates":[[-93.60591,43.07466],[-93.60632,43.07489],[-93.6093,43.0749],[-93.61175,43.07491],[-93.61419,43.0749],[-93.61648,43.07491],[-93.61891,43.0749],[-93.62122,43.07488],[-93.62386,43.07487],[-93.62613,43.07486],[-93.62877,43.07484],[-93.63102,43.07483],[-93.6334,43.07482],[-93.63582,43.07482],[-93.63827,43.07482],[-93.64092,43.07481],[-93.64336,43.07481],[-93.64585,43.07483],[-93.64607,43.08642],[-93.6461,43.09772],[-93.64876,43.09773],[-93.65125,43.09774],[-93.65337,43.09772],[-93.65597,43.09775],[-93.65843,43.09775],[-93.66081,43.09777],[-93.66344,43.09779],[-93.66569,43.09781],[-93.66814,43.09784],[-93.67057,43.09786],[-93.67343,43.09788],[-93.67583,43.0979],[-93.6783,43.09788],[-93.68065,43.09788],[-93.68304,43.09787],[-93.68562,43.09787],[-93.68811,43.09787],[-93.69049,43.09786],[-93.69274,43.09786],[-93.69519,43.09785],[-93.69786,43.0978],[-93.70016,43.09778],[-93.70288,43.09777],[-93.70545,43.09775],[-93.7077,43.09773],[-93.7104,43.09772],[-93.71261,43.09773],[-93.71469,43.09772],[-93.71723,43.09771],[-93.7189,43.09769],[-93.72184,43.09768],[-93.72479,43.0977],[-93.72755,43.0977],[-93.72997,43.09769],[-93.73203,43.09767],[-93.73407,43.09767],[-93.73655,43.09767],[-93.739,43.09768],[-93.74096,43.0977],[-93.74384,43.09772],[-93.74385,43.09952],[-93.74385,43.10133],[-93.74386,43.10276],[-93.74394,43.10421],[-93.74397,43.10502],[-93.74404,43.10617],[-93.74401,43.10821],[-93.744,43.11015],[-93.74399,43.11215],[-93.74398,43.11417],[-93.74398,43.11613],[-93.744,43.11812],[-93.74398,43.11949],[-93.74609,43.1195],[-93.74871,43.1195],[-93.75124,43.1195],[-93.75363,43.1195],[-93.75632,43.1195],[-93.75866,43.11949],[-93.76117,43.11949],[-93.76367,43.11948],[-93.76585,43.11947],[-93.7686,43.11946],[-93.77118,43.11947],[-93.7737,43.11946],[-93.77628,43.11946],[-93.77825,43.11946],[-93.78086,43.11948],[-93.78349,43.11948],[-93.78585,43.1195],[-93.78839,43.11951],[-93.79087,43.11952],[-93.79338,43.11952],[-93.79572,43.11954],[-93.79804,43.1196],[-93.80041,43.11957],[-93.80267,43.11959],[-93.80525,43.11958],[-93.80776,43.11958],[-93.8103,43.11951],[-93.81283,43.11949],[-93.81544,43.11945],[-93.81772,43.11941],[-93.82047,43.11937],[-93.82271,43.11932],[-93.82442,43.1193],[-93.82734,43.11929],[-93.82979,43.11927],[-93.83259,43.11927],[-93.83503,43.11927],[-93.83747,43.11927],[-93.83991,43.11926],[-93.8423,43.11925],[-93.8447,43.11924],[-93.84704,43.11923],[-93.84939,43.1192],[-93.85171,43.11917],[-93.85424,43.11914],[-93.85674,43.11911],[-93.85925,43.11909],[-93.86174,43.11909],[-93.86416,43.11909],[-93.86656,43.1191],[-93.86875,43.11911],[-93.87109,43.11911],[-93.87339,43.11912],[-93.87543,43.11912],[-93.87725,43.11913],[-93.87927,43.11913],[-93.88128,43.11913],[-93.8838,43.11913],[-93.88635,43.11912],[-93.88899,43.11912],[-93.8912,43.11911],[-93.89381,43.1191],[-93.89627,43.11909],[-93.89875,43.11908],[-93.90119,43.11907],[-93.90342,43.11905],[-93.90565,43.11904],[-93.90841,43.11902],[-93.91099,43.11901],[-93.91355,43.119],[-93.91622,43.119],[-93.91901,43.11899],[-93.92171,43.11897],[-93.92418,43.11896],[-93.92649,43.11898],[-93.92879,43.119],[-93.93111,43.11901],[-93.93364,43.11898],[-93.93605,43.11894],[-93.93847,43.11891],[-93.9408,43.11887],[-93.94333,43.11883],[-93.94581,43.1188],[-93.9483,43.11876],[-93.95074,43.11873],[-93.95302,43.11873],[-93.95545,43.11873],[-93.95802,43.11874],[-93.96038,43.11874],[-93.9628,43.11874],[-93.96534,43.11874],[-93.96779,43.11874],[-93.97026,43.11873],[-93.98017,43.11877],[-93.99997,43.11884],[-94.01255,43.11888],[-94.02483,43.11899],[-94.03702,43.11905],[-94.04679,43.119],[-94.0491,43.11899],[-94.05153,43.11905],[-94.05908,43.11923],[-94.06671,43.11942],[-94.06915,43.11948],[-94.07884,43.11924],[-94.0865,43.11905],[-94.08903,43.11899],[-94.09099,43.11902],[-94.09196,43.12269],[-94.0924,43.12423],[-94.0968,43.12608],[-94.10163,43.12808],[-94.10406,43.12826],[-94.10689,43.12849],[-94.10871,43.12839],[-94.11328,43.12809],[-94.11989,43.12977],[-94.12871,43.13204],[-94.13527,43.13375],[-94.13706,43.13447],[-94.13857,43.13504],[-94.13858,43.13585],[-94.13855,43.13881],[-94.13856,43.14104],[-94.13854,43.14318],[-94.13851,43.14808],[-94.1385,43.1548],[-94.1385,43.15618],[-94.13877,43.15857],[-94.14291,43.16033],[-94.14827,43.16262],[-94.14824,43.16408],[-94.14807,43.16859],[-94.1481,43.16939],[-94.15136,43.16942],[-94.15679,43.16943],[-94.15875,43.16941],[-94.15876,43.16961],[-94.15862,43.16995]]}},{"type":"Feature","properties":{"id":"148537","type":"AC; OVERHEAD","status":"IN SERVICE","owner":null,"voltage":230,"voltClass":"220-287"},"geometry":{"type":"LineString","coordinates":[[-96.5036,42.41685],[-96.50474,42.41749],[-96.50451,42.4183],[-96.50289,42.4183],[-96.50293,42.42075],[-96.50297,42.42271],[-96.50298,42.42449],[-96.50299,42.42633],[-96.50301,42.42816],[-96.50303,42.42998],[-96.50304,42.43179],[-96.50308,42.4337],[-96.50309,42.43579],[-96.50314,42.43788],[-96.50312,42.43946],[-96.50319,42.44101],[-96.50277,42.44311],[-96.50244,42.44484],[-96.50249,42.44682],[-96.50254,42.44881],[-96.50264,42.45022],[-96.50271,42.45256],[-96.50279,42.45437],[-96.50286,42.45636],[-96.50295,42.45871],[-96.50301,42.46081],[-96.50477,42.46265],[-96.50622,42.46418],[-96.50771,42.46577],[-96.50919,42.46733],[-96.51089,42.46914],[-96.51363,42.46928],[-96.5164,42.46941],[-96.51938,42.46957],[-96.52224,42.46969],[-96.52228,42.47149],[-96.52233,42.47343],[-96.52231,42.47534],[-96.52234,42.47741],[-96.52239,42.47979],[-96.52241,42.48202],[-96.52242,42.48413],[-96.52091,42.48552],[-96.51932,42.48698],[-96.51772,42.48842],[-96.51901,42.49008],[-96.52028,42.49174],[-96.52156,42.4934],[-96.52282,42.49504],[-96.5241,42.4967],[-96.52536,42.49836],[-96.52663,42.50002],[-96.52797,42.50177],[-96.52932,42.50351],[-96.5307,42.50531],[-96.53197,42.50701],[-96.53369,42.50791],[-96.53561,42.50894],[-96.53754,42.50998],[-96.5394,42.511],[-96.54183,42.51144],[-96.54422,42.51191],[-96.54392,42.51333],[-96.54329,42.51605],[-96.54253,42.51936],[-96.54174,42.52282],[-96.54109,42.52551],[-96.54068,42.52742],[-96.54022,42.52924],[-96.53992,42.53129],[-96.53952,42.53361],[-96.53919,42.53597],[-96.53877,42.53828],[-96.53843,42.54046],[-96.5381,42.5428],[-96.53771,42.54515],[-96.53739,42.54748],[-96.53692,42.5494],[-96.53637,42.55178],[-96.53606,42.55321],[-96.53566,42.55535],[-96.53338,42.55648],[-96.53112,42.55762],[-96.52882,42.55876],[-96.52658,42.55993],[-96.52429,42.56109],[-96.52182,42.56232],[-96.51948,42.56354],[-96.51688,42.56479],[-96.51443,42.56606],[-96.51193,42.56727],[-96.50941,42.56853],[-96.50703,42.56974],[-96.50464,42.57093],[-96.50207,42.57219],[-96.49958,42.57347],[-96.49708,42.5747],[-96.49465,42.57594],[-96.49243,42.57705],[-96.49193,42.57727],[-96.4905,42.57792],[-96.48853,42.57877],[-96.48617,42.57981],[-96.48319,42.58114],[-96.48159,42.58184],[-96.47873,42.5831],[-96.47721,42.58378],[-96.47518,42.58469],[-96.47288,42.58565],[-96.46993,42.58697],[-96.46823,42.58775],[-96.46473,42.58933],[-96.46243,42.59032],[-96.45964,42.59159],[-96.45763,42.59248],[-96.45555,42.59343],[-96.45338,42.59435],[-96.45104,42.59538],[-96.44731,42.59705],[-96.44466,42.59825],[-96.44159,42.59827],[-96.43861,42.5983],[-96.43601,42.59836],[-96.43368,42.59838],[-96.4307,42.59844],[-96.42857,42.59843],[-96.42584,42.59843],[-96.42212,42.59844],[-96.4195,42.59842],[-96.41676,42.59851],[-96.41339,42.5986],[-96.40985,42.59869],[-96.40614,42.59836],[-96.40353,42.59835],[-96.401,42.59834],[-96.39843,42.59834],[-96.39576,42.59832],[-96.3933,42.59832],[-96.3905,42.59833],[-96.38882,42.59779],[-96.38689,42.59712],[-96.38406,42.59728],[-96.3809,42.59743],[-96.37799,42.59755],[-96.37486,42.59769],[-96.37253,42.59783],[-96.37082,42.59779],[-96.36762,42.59778],[-96.36502,42.59777],[-96.3622,42.59776],[-96.35976,42.59776],[-96.35723,42.59776],[-96.35404,42.59776],[-96.35123,42.59773],[-96.34869,42.59773],[-96.34566,42.59769],[-96.34343,42.59782],[-96.34119,42.59795],[-96.339,42.59791],[-96.3364,42.59791],[-96.33404,42.5979],[-96.33155,42.59789],[-96.32856,42.59785],[-96.32676,42.59784],[-96.3248,42.59782],[-96.32279,42.5978],[-96.32072,42.59778],[-96.31851,42.59773],[-96.31641,42.59814],[-96.31469,42.59847],[-96.31138,42.59907],[-96.308,42.5997],[-96.30657,42.59958],[-96.30519,42.60029]]}},{"type":"Feature","properties":{"id":"148749","type":"AC; OVERHEAD","status":"IN SERVICE","owner":null,"voltage":161,"voltClass":"100-161"},"geometry":{"type":"LineString","coordinates":[[-90.98455,42.70907],[-90.98467,42.70944],[-90.98192,42.71296],[-90.98135,42.71432],[-90.98496,42.71926],[-90.98754,42.72279],[-90.98753,42.72941],[-90.9938,42.72783],[-91.00245,42.72596],[-91.00665,42.7231],[-91.00717,42.72296]]}},{"type":"Feature","properties":{"id":"148748","type":"AC; OVERHEAD","status":"IN SERVICE","owner":null,"voltage":161,"voltClass":"100-161"},"geometry":{"type":"LineString","coordinates":[[-92.3526,42.50445],[-92.35278,42.50494],[-92.35616,42.50554],[-92.35889,42.506],[-92.36021,42.50621],[-92.36208,42.50726],[-92.36583,42.50934],[-92.36686,42.50966],[-92.36762,42.50927],[-92.36821,42.50863],[-92.36837,42.50874],[-92.36831,42.50906]]}},{"type":"Feature","properties":{"id":"149003","type":"AC; OVERHEAD","status":"IN SERVICE","owner":"MIDAMERICAN ENERGY CO","voltage":345,"voltClass":"345"},"geometry":{"type":"LineString","coordinates":[[-93.52725,41.54169],[-93.52698,41.54118],[-93.52926,41.54018],[-93.52926,41.53207],[-93.52925,41.53003],[-93.5392,41.52536],[-93.56043,41.51564],[-93.56974,41.51136],[-93.58633,41.5048],[-93.59692,41.50382],[-93.61041,41.49754],[-93.62544,41.48964],[-93.63255,41.4866],[-93.65355,41.47695],[-93.6555,41.47608],[-93.67406,41.46374],[-93.67797,41.46107],[-93.67934,41.46039],[-93.67965,41.45848],[-93.68051,41.45882]]}},{"type":"Feature","properties":{"id":"149051","type":"AC; OVERHEAD","status":"IN SERVICE","owner":"LINCOLN ELECTRIC SYSTEM","voltage":115,"voltClass":"100-161"},"geometry":{"type":"LineString","coordinates":[[-96.60479,40.87345],[-96.60524,40.87345],[-96.60591,40.87535],[-96.60674,40.87775],[-96.60758,40.88014],[-96.60829,40.88218],[-96.60901,40.88423],[-96.60982,40.88651],[-96.60996,40.8885],[-96.61012,40.8905],[-96.61027,40.8925],[-96.6103,40.89418],[-96.61032,40.89587],[-96.61036,40.89755],[-96.60962,40.89934],[-96.60881,40.90135],[-96.608,40.90335],[-96.60718,40.90536],[-96.60646,40.90715],[-96.60652,40.9092],[-96.60767,40.90919]]}},{"type":"Feature","properties":{"id":"149144","type":"AC; OVERHEAD","status":"IN SERVICE","owner":"OMAHA PUBLIC POWER DISTRICT","voltage":345,"voltClass":"345"},"geometry":{"type":"LineString","coordinates":[[-95.77608,40.6204],[-95.77963,40.61962],[-95.78069,40.61817]]}},{"type":"Feature","properties":{"id":"149301","type":"AC; OVERHEAD","status":"IN SERVICE","owner":null,"voltage":161,"voltClass":"100-161"},"geometry":{"type":"LineString","coordinates":[[-95.26131,43.16057],[-95.26135,43.16024],[-95.26131,43.15925],[-95.26046,43.15773],[-95.25936,43.15586],[-95.25944,43.15358],[-95.25952,43.15132],[-95.25958,43.14962],[-95.25943,43.14775],[-95.25942,43.14569],[-95.25941,43.1438],[-95.25939,43.14179],[-95.25952,43.1399],[-95.25964,43.138],[-95.25975,43.13615],[-95.25984,43.13426],[-95.25996,43.13229],[-95.26003,43.13034],[-95.26018,43.1285],[-95.26027,43.12674],[-95.26041,43.12305],[-95.26044,43.12144],[-95.26046,43.11988],[-95.26047,43.11809],[-95.26046,43.11657],[-95.26045,43.11484],[-95.26046,43.11293],[-95.26032,43.11102],[-95.26028,43.10909],[-95.26025,43.10723],[-95.26021,43.1053],[-95.26021,43.1035],[-95.2602,43.10155],[-95.26014,43.09973],[-95.26009,43.09813],[-95.26009,43.09657],[-95.26009,43.09497],[-95.26012,43.09309],[-95.26013,43.09143],[-95.26013,43.08964],[-95.26018,43.08781],[-95.26018,43.08583],[-95.26019,43.08392],[-95.26014,43.08201],[-95.26015,43.08035],[-95.26017,43.07843],[-95.26017,43.07652],[-95.26026,43.07473],[-95.26023,43.0718],[-95.26025,43.07021],[-95.26025,43.0685],[-95.26027,43.06705],[-95.26033,43.06528],[-95.26038,43.06337],[-95.26041,43.0614],[-95.26047,43.0595],[-95.26063,43.05425],[-95.26055,43.05074],[-95.26052,43.04885],[-95.26048,43.04685],[-95.26041,43.04496],[-95.26031,43.04319],[-95.26022,43.04126],[-95.2602,43.03948],[-95.26024,43.03768],[-95.26031,43.03234],[-95.26036,43.03056],[-95.26048,43.02688],[-95.26046,43.02501],[-95.26049,43.02322],[-95.26057,43.01964],[-95.26066,43.01254],[-95.26066,43.01065],[-95.26046,43.00708],[-95.26025,43.00348],[-95.26014,43.0015],[-95.26002,42.99978],[-95.25996,42.99794],[-95.25981,42.99615],[-95.25984,42.99425],[-95.25986,42.99234],[-95.25987,42.99055],[-95.25987,42.98862],[-95.25997,42.98665],[-95.25997,42.98454],[-95.25995,42.98258],[-95.25998,42.98068],[-95.26002,42.97875],[-95.26007,42.97681],[-95.26011,42.97454],[-95.26012,42.97232],[-95.2602,42.97016],[-95.26028,42.96802],[-95.26034,42.96603],[-95.26044,42.96427],[-95.2605,42.96235],[-95.26049,42.9607],[-95.26059,42.95903],[-95.26065,42.95704],[-95.26072,42.95532],[-95.26074,42.95358],[-95.26057,42.94999],[-95.2605,42.94812],[-95.26041,42.9462],[-95.26035,42.94422],[-95.26028,42.94255],[-95.26022,42.9407],[-95.26017,42.93904],[-95.26009,42.93718],[-95.26004,42.93498],[-95.25999,42.93276],[-95.25995,42.93114],[-95.25992,42.92963],[-95.25987,42.92754],[-95.25966,42.91719],[-95.25969,42.91498],[-95.25965,42.9133],[-95.25954,42.91102],[-95.25952,42.90988],[-95.25939,42.90773],[-95.25925,42.9057],[-95.25912,42.90356],[-95.259,42.90132],[-95.25885,42.89926],[-95.25872,42.89678],[-95.25855,42.89456],[-95.25855,42.89285],[-95.25853,42.89106],[-95.25854,42.88996],[-95.25856,42.88756],[-95.25857,42.8852],[-95.25861,42.88323],[-95.25862,42.88157],[-95.25865,42.87963],[-95.25864,42.87881],[-95.2587,42.87498],[-95.25889,42.86616],[-95.25893,42.86413],[-95.25893,42.8595],[-95.25923,42.85056],[-95.25925,42.84887],[-95.25928,42.84702],[-95.25945,42.83584],[-95.25939,42.82697],[-95.25933,42.82219],[-95.25935,42.81407],[-95.25943,42.80695],[-95.2594,42.80246],[-95.25934,42.79242],[-95.25934,42.79061],[-95.25932,42.77792],[-95.25936,42.76337],[-95.25932,42.75259],[-95.25902,42.75076],[-95.25875,42.749],[-95.25841,42.74694],[-95.25873,42.74516],[-95.2591,42.74331],[-95.25941,42.74151],[-95.25946,42.73772],[-95.25949,42.73438],[-95.25948,42.73063],[-95.25954,42.72016],[-95.25956,42.70797],[-95.2596,42.70537],[-95.25959,42.70091],[-95.25953,42.69845],[-95.25963,42.69102],[-95.25963,42.6893],[-95.25965,42.68741],[-95.25966,42.68722],[-95.25991,42.68678]]}},{"type":"Feature","properties":{"id":"149758","type":"AC; OVERHEAD","status":"IN SERVICE","owner":"UNION ELECTRIC CO - (MO)","voltage":161,"voltClass":"100-161"},"geometry":{"type":"LineString","coordinates":[[-91.58671,40.42741],[-91.58792,40.42236],[-91.58895,40.41834],[-91.5897,40.41504],[-91.59081,40.41047],[-91.59285,40.40208],[-91.59316,40.39737],[-91.5936,40.39226],[-91.59362,40.39193]]}},{"type":"Feature","properties":{"id":"148315","type":"AC; OVERHEAD","status":"IN SERVICE","owner":"OMAHA PUBLIC POWER DISTRICT","voltage":345,"voltClass":"345"},"geometry":{"type":"LineString","coordinates":[[-96.08802,41.16915],[-96.08677,41.16901],[-96.08513,41.16929],[-96.08286,41.16926],[-96.08057,41.16925],[-96.07712,41.16925],[-96.07353,41.16926],[-96.07073,41.16927],[-96.06764,41.16927],[-96.06496,41.16928],[-96.06297,41.16928],[-96.05989,41.16928],[-96.05698,41.16927],[-96.05481,41.16927],[-96.05146,41.16926],[-96.04925,41.16927],[-96.04707,41.16926],[-96.04413,41.16924],[-96.04072,41.16919],[-96.03724,41.16926],[-96.0338,41.16924],[-96.0302,41.16922],[-96.02739,41.16923],[-96.02402,41.16924],[-96.02061,41.16925],[-96.01744,41.16924],[-96.01456,41.1692],[-96.01213,41.16919],[-96.00957,41.1692],[-96.0066,41.16918],[-96.00394,41.16918],[-96.00118,41.16915],[-95.9985,41.16921],[-95.99706,41.16893],[-95.99585,41.1687],[-95.99343,41.16871],[-95.99011,41.16874],[-95.98691,41.16876],[-95.98386,41.16877],[-95.98094,41.16879],[-95.97788,41.1688],[-95.97731,41.16881],[-95.9762,41.16882],[-95.97557,41.16881],[-95.97387,41.1688],[-95.97076,41.16928],[-95.9698,41.16964]]}},{"type":"Feature","properties":{"id":"148373","type":"AC; OVERHEAD","status":"IN SERVICE","owner":null,"voltage":161,"voltClass":"100-161"},"geometry":{"type":"LineString","coordinates":[[-92.45215,42.46994],[-92.45205,42.46967],[-92.45054,42.46967],[-92.44911,42.46969],[-92.4464,42.46967],[-92.44558,42.46966],[-92.44148,42.46964],[-92.44154,42.46871],[-92.44159,42.46796],[-92.43741,42.46497],[-92.43662,42.46484],[-92.43559,42.46475],[-92.4343,42.46461],[-92.43171,42.46435],[-92.43077,42.46434],[-92.42972,42.46431],[-92.42787,42.46428],[-92.4276,42.46445]]}},{"type":"Feature","properties":{"id":"147197","type":"AC; OVERHEAD","status":"IN SERVICE","owner":"MIDAMERICAN ENERGY CO","voltage":161,"voltClass":"100-161"},"geometry":{"type":"LineString","coordinates":[[-95.32734,42.55342],[-95.32761,42.55387],[-95.32761,42.5542],[-95.33565,42.55419],[-95.34567,42.55424],[-95.35797,42.55432],[-95.36285,42.55449],[-95.36754,42.55456],[-95.36995,42.5546],[-95.37754,42.56028],[-95.38906,42.56045],[-95.39192,42.56048],[-95.40053,42.56059],[-95.40659,42.56069],[-95.40763,42.56009],[-95.40941,42.55907],[-95.41298,42.55692],[-95.42774,42.55696],[-95.4423,42.55699],[-95.44235,42.56194],[-95.44325,42.5678],[-95.44338,42.56888],[-95.44629,42.57236],[-95.44933,42.57615],[-95.45255,42.58004],[-95.45539,42.58358],[-95.4616,42.59104],[-95.46378,42.59462],[-95.46582,42.59805],[-95.46835,42.60118],[-95.47185,42.60568],[-95.47325,42.60748],[-95.47456,42.60969],[-95.47645,42.6125],[-95.48614,42.61272],[-95.50097,42.6126],[-95.50595,42.61257],[-95.52569,42.61255],[-95.53639,42.61241],[-95.54546,42.61225],[-95.54929,42.61227],[-95.5567,42.61225],[-95.56506,42.61174],[-95.56757,42.61189],[-95.57608,42.61236],[-95.58488,42.6124],[-95.58786,42.61237],[-95.6044,42.61229],[-95.61383,42.61236],[-95.61374,42.61346],[-95.61383,42.62025],[-95.61395,42.62413],[-95.61415,42.63004],[-95.61788,42.63487],[-95.62329,42.64181],[-95.62333,42.64678],[-95.62482,42.64784],[-95.62524,42.64804]]}},{"type":"Feature","properties":{"id":"147187","type":"AC; OVERHEAD","status":"IN SERVICE","owner":null,"voltage":345,"voltClass":"345"},"geometry":{"type":"LineString","coordinates":[[-93.92074,41.50848],[-93.92136,41.50761],[-93.92137,41.50637],[-93.92137,41.50385],[-93.92136,41.50194],[-93.92135,41.49944],[-93.92136,41.49744],[-93.92134,41.49533],[-93.9213,41.49374],[-93.92326,41.49311],[-93.92535,41.49243],[-93.9273,41.49175],[-93.92913,41.49116],[-93.9313,41.49043],[-93.93308,41.48985],[-93.93635,41.48878],[-93.938,41.48737],[-93.93953,41.48613],[-93.9414,41.48463],[-93.94384,41.48264],[-93.94525,41.48155],[-93.9473,41.47877],[-93.94803,41.4778],[-93.94878,41.47679],[-93.94973,41.47548],[-93.95091,41.47448],[-93.95234,41.47319],[-93.95382,41.47189],[-93.95612,41.46982],[-93.95775,41.46834],[-93.95895,41.46726],[-93.96131,41.46511],[-93.96295,41.46364],[-93.96492,41.46188],[-93.96694,41.46006],[-93.96856,41.45839],[-93.97013,41.45674],[-93.97182,41.45503],[-93.97458,41.45208],[-93.97627,41.45035],[-93.97744,41.44912],[-93.97906,41.44741],[-93.9809,41.44548],[-93.98218,41.44416],[-93.98372,41.44249],[-93.98516,41.44138],[-93.98805,41.43906],[-93.9895,41.43794],[-93.99169,41.43618],[-93.99426,41.43414],[-93.99613,41.43266],[-93.99714,41.43184],[-93.99977,41.42974],[-94.00176,41.42814],[-94.00291,41.42723],[-94.00533,41.42532],[-94.00666,41.42422],[-94.00899,41.42279],[-94.01148,41.42122],[-94.01377,41.41977],[-94.01553,41.41866],[-94.01806,41.41707],[-94.02025,41.41568],[-94.02238,41.41434],[-94.02673,41.41163],[-94.02839,41.4106],[-94.03119,41.40886],[-94.03327,41.40758],[-94.03507,41.40645],[-94.03817,41.40453],[-94.03993,41.40344],[-94.04194,41.40219],[-94.04337,41.40131],[-94.04611,41.39961],[-94.04779,41.39858],[-94.04955,41.39743],[-94.05242,41.39561],[-94.05436,41.39446],[-94.05744,41.39257],[-94.05939,41.39136],[-94.06181,41.38986],[-94.06321,41.38899],[-94.06734,41.38641],[-94.06879,41.38553],[-94.07084,41.38425],[-94.07286,41.383],[-94.07492,41.38171],[-94.07725,41.38028],[-94.07979,41.37869],[-94.08127,41.37778],[-94.0844,41.37584],[-94.0858,41.37497],[-94.08831,41.37341],[-94.09048,41.37207],[-94.09258,41.37077],[-94.0954,41.36902],[-94.09651,41.36829],[-94.09807,41.36747],[-94.10038,41.36628],[-94.10324,41.36479],[-94.10499,41.36389],[-94.10676,41.36298],[-94.10914,41.36175],[-94.11148,41.36055],[-94.11339,41.35955],[-94.11527,41.35859],[-94.11717,41.35762],[-94.11923,41.35657],[-94.1208,41.35556],[-94.12456,41.35314],[-94.12735,41.35139],[-94.12915,41.35025],[-94.13223,41.34833],[-94.13379,41.34729],[-94.1367,41.34609],[-94.1391,41.34505],[-94.14205,41.34382],[-94.14441,41.34279],[-94.1465,41.34192],[-94.14902,41.34083],[-94.15103,41.33995],[-94.15327,41.33899],[-94.15538,41.33809],[-94.15776,41.33707],[-94.16038,41.33594],[-94.16245,41.33505],[-94.16482,41.33402],[-94.16653,41.33329],[-94.16907,41.33219],[-94.17119,41.33127],[-94.17444,41.3299],[-94.17551,41.32916],[-94.17854,41.32709],[-94.18011,41.32603],[-94.18131,41.32522],[-94.18371,41.32353],[-94.18569,41.3222],[-94.18746,41.32097],[-94.18878,41.32007],[-94.19074,41.31877],[-94.19298,41.31718],[-94.19436,41.31628],[-94.19635,41.315],[-94.19887,41.3133],[-94.20078,41.31199],[-94.20287,41.31056],[-94.20461,41.30942],[-94.20684,41.30787],[-94.20876,41.30661],[-94.21165,41.30457],[-94.21339,41.30337],[-94.21515,41.3022],[-94.21715,41.30107],[-94.21949,41.29969],[-94.2217,41.29842],[-94.22357,41.29735],[-94.22549,41.29627],[-94.22807,41.29485],[-94.22966,41.29395],[-94.23236,41.29227],[-94.23362,41.29159],[-94.23669,41.28981],[-94.23871,41.28865],[-94.24054,41.28763],[-94.24197,41.2868],[-94.24346,41.28593],[-94.24491,41.28508],[-94.24725,41.28373],[-94.25047,41.28193],[-94.25202,41.281],[-94.25432,41.27964],[-94.25589,41.27873],[-94.25806,41.27749],[-94.26021,41.27622],[-94.26199,41.27521],[-94.26402,41.27404],[-94.26546,41.27321],[-94.26744,41.27206],[-94.2688,41.27125],[-94.2715,41.26972],[-94.2737,41.26846],[-94.27619,41.26704],[-94.27786,41.26609],[-94.27964,41.26506],[-94.28095,41.26432],[-94.28411,41.26247],[-94.28588,41.26143],[-94.2891,41.25958],[-94.29087,41.25853],[-94.29319,41.25723],[-94.29541,41.25599],[-94.29718,41.25492],[-94.30026,41.25318],[-94.30211,41.25216],[-94.30437,41.25091],[-94.307,41.2494],[-94.3085,41.24851],[-94.3111,41.24693],[-94.31313,41.24576],[-94.31649,41.24385],[-94.31984,41.24191],[-94.32125,41.24109],[-94.32335,41.2399],[-94.32472,41.23882],[-94.3275,41.23686],[-94.32932,41.23554],[-94.33089,41.23442],[-94.33293,41.23291],[-94.33455,41.23178],[-94.3368,41.23017],[-94.33799,41.22931],[-94.33951,41.22822],[-94.3423,41.22622],[-94.34478,41.22445],[-94.34661,41.22311],[-94.34928,41.22119],[-94.35049,41.2203],[-94.35221,41.21902],[-94.35402,41.2177],[-94.35541,41.21664],[-94.35804,41.21483],[-94.35963,41.21363],[-94.36143,41.21233],[-94.36285,41.21133],[-94.36483,41.20993],[-94.36714,41.20823],[-94.37,41.20613],[-94.37125,41.20532],[-94.37323,41.20388],[-94.37603,41.20195],[-94.37811,41.20041],[-94.38024,41.19876],[-94.38244,41.1972],[-94.38375,41.19618],[-94.38502,41.19523],[-94.38623,41.19437],[-94.38833,41.19283],[-94.38972,41.19185],[-94.39082,41.19105],[-94.39279,41.18969],[-94.39437,41.18859],[-94.39595,41.1875],[-94.39749,41.1864],[-94.3997,41.18483],[-94.4011,41.18378],[-94.40301,41.18241],[-94.405,41.18095],[-94.40724,41.17942],[-94.40729,41.17939],[-94.4095,41.17778],[-94.41168,41.17626],[-94.41353,41.17493],[-94.41501,41.1739],[-94.41681,41.17259],[-94.41788,41.17187],[-94.42036,41.17003],[-94.42236,41.16864],[-94.42342,41.16788],[-94.42396,41.1675],[-94.4255,41.16641],[-94.42657,41.16565],[-94.4289,41.16396],[-94.43034,41.16292],[-94.43154,41.16206],[-94.43305,41.16089],[-94.43474,41.15992],[-94.43674,41.15879],[-94.43938,41.15732],[-94.4413,41.15617],[-94.4432,41.155],[-94.44495,41.154],[-94.44676,41.15294],[-94.4491,41.15156],[-94.45128,41.1503],[-94.45325,41.14904],[-94.45532,41.14781],[-94.45738,41.14659],[-94.45956,41.14533],[-94.46161,41.14406],[-94.46377,41.14284],[-94.46581,41.14163],[-94.46787,41.1404],[-94.46967,41.13941],[-94.47151,41.13829],[-94.47409,41.13679],[-94.4768,41.13514],[-94.47874,41.13398],[-94.48173,41.13225],[-94.48347,41.1312],[-94.48539,41.13008],[-94.4877,41.12874],[-94.49044,41.12715],[-94.49204,41.12625],[-94.49522,41.12435],[-94.49658,41.12355],[-94.49852,41.12241],[-94.50038,41.1213],[-94.50174,41.12047],[-94.5035,41.11946],[-94.50579,41.11805],[-94.50815,41.11663],[-94.51036,41.1153],[-94.51293,41.11378],[-94.51475,41.11266],[-94.51679,41.11148],[-94.51901,41.11016],[-94.52054,41.10928],[-94.5229,41.10782],[-94.52549,41.10632],[-94.52744,41.10518],[-94.53013,41.10358],[-94.53216,41.10237],[-94.53391,41.10135],[-94.53667,41.0997],[-94.53899,41.09836],[-94.54127,41.09703],[-94.54403,41.09537],[-94.54619,41.09408],[-94.54897,41.09243],[-94.55102,41.09118],[-94.55317,41.0899],[-94.55511,41.08875],[-94.55748,41.08735],[-94.55934,41.08615],[-94.56167,41.08476],[-94.56313,41.08393],[-94.56519,41.08269],[-94.56699,41.08161],[-94.56875,41.08058],[-94.57064,41.07942],[-94.57324,41.07782],[-94.57546,41.07633],[-94.5775,41.07502],[-94.57883,41.07418],[-94.581,41.07282],[-94.58271,41.07182],[-94.58459,41.07052],[-94.58759,41.06865],[-94.58953,41.06744],[-94.59236,41.06578],[-94.59438,41.06454],[-94.59567,41.06371],[-94.59703,41.06286],[-94.59831,41.06204],[-94.59974,41.06118],[-94.60108,41.06031],[-94.60263,41.05931],[-94.60479,41.05796],[-94.60656,41.05688],[-94.60915,41.05526],[-94.61101,41.05406],[-94.61266,41.05285],[-94.6144,41.05155],[-94.61622,41.05023],[-94.61867,41.04842],[-94.62073,41.04685],[-94.62231,41.04565],[-94.62542,41.04334],[-94.62691,41.04229],[-94.62837,41.04112],[-94.6298,41.04003],[-94.63248,41.03795],[-94.63414,41.03674],[-94.63567,41.03561],[-94.63853,41.03343],[-94.6401,41.0323],[-94.64216,41.03077],[-94.64343,41.02994],[-94.64565,41.02815],[-94.64719,41.02701],[-94.64916,41.02555],[-94.65028,41.02468],[-94.65146,41.02383],[-94.65305,41.02263],[-94.6548,41.02137],[-94.65606,41.02045],[-94.65822,41.01884],[-94.66018,41.01738],[-94.66197,41.01607],[-94.664,41.01452],[-94.66613,41.01294],[-94.66791,41.01161],[-94.6698,41.01022],[-94.67114,41.00921],[-94.67197,41.00858],[-94.67362,41.00731],[-94.67544,41.00596],[-94.67715,41.00468],[-94.67904,41.00319],[-94.68077,41.00183],[-94.68228,41.00065],[-94.68398,40.99935],[-94.68653,40.99736],[-94.68772,40.99642],[-94.68884,40.99559],[-94.69028,40.99445],[-94.69299,40.99231],[-94.69404,40.99151],[-94.69594,40.99001],[-94.6978,40.98855],[-94.69959,40.98714],[-94.70099,40.98607],[-94.7033,40.98426],[-94.70489,40.98302],[-94.70625,40.98197],[-94.7077,40.98085],[-94.70896,40.97985],[-94.71031,40.97879],[-94.7123,40.97722],[-94.7145,40.9755],[-94.71639,40.97428],[-94.71942,40.97232],[-94.72115,40.97122],[-94.72241,40.97038],[-94.7238,40.96949],[-94.72553,40.96836],[-94.72846,40.96646],[-94.72996,40.96549],[-94.73242,40.96389],[-94.73469,40.96241],[-94.73664,40.96116],[-94.73793,40.96032],[-94.741,40.95854],[-94.74374,40.95694],[-94.74692,40.95507],[-94.74859,40.95409],[-94.75035,40.95303],[-94.75284,40.95155],[-94.7547,40.95037],[-94.75686,40.94909],[-94.75954,40.94748],[-94.76142,40.94644],[-94.76354,40.94518],[-94.76568,40.94392],[-94.76773,40.94272],[-94.77044,40.94113],[-94.77245,40.93997],[-94.77414,40.93899],[-94.77624,40.93777],[-94.77817,40.93658],[-94.78015,40.93541],[-94.78279,40.93386],[-94.78472,40.93273],[-94.78713,40.9313],[-94.78963,40.92982],[-94.79184,40.92853],[-94.79364,40.92745],[-94.7966,40.92571],[-94.79827,40.9247],[-94.80012,40.92361],[-94.80197,40.92252],[-94.80372,40.92146],[-94.80582,40.92022],[-94.80763,40.91916],[-94.80944,40.9181],[-94.81151,40.91686],[-94.81321,40.91588],[-94.81522,40.91474],[-94.81765,40.91316],[-94.82003,40.91171],[-94.82195,40.91056],[-94.82368,40.90952],[-94.8258,40.90828],[-94.82798,40.90696],[-94.82968,40.90596],[-94.8329,40.90405],[-94.8345,40.90311],[-94.83593,40.90225],[-94.83736,40.90142],[-94.83967,40.90005],[-94.84134,40.89905],[-94.84298,40.89806],[-94.84528,40.89669],[-94.84675,40.89582],[-94.84868,40.89466],[-94.85105,40.89318],[-94.85295,40.89203],[-94.8542,40.89128],[-94.85674,40.88975],[-94.85794,40.88905],[-94.85952,40.88808],[-94.86176,40.88663],[-94.86342,40.88556],[-94.86457,40.88482],[-94.86676,40.88339],[-94.86924,40.88178],[-94.87168,40.88019],[-94.87712,40.87661],[-94.87832,40.87586],[-94.87999,40.87481],[-94.88249,40.87315],[-94.8855,40.87119],[-94.8871,40.87012],[-94.88901,40.86883],[-94.89107,40.86752],[-94.89316,40.86613],[-94.89441,40.86535],[-94.89706,40.8637],[-94.8985,40.86272],[-94.90073,40.86123],[-94.90243,40.86008],[-94.90466,40.85866],[-94.90605,40.85775],[-94.90764,40.8567],[-94.90933,40.85562],[-94.91164,40.8541],[-94.91379,40.85268],[-94.91574,40.85142],[-94.9177,40.85012],[-94.91993,40.84866],[-94.922,40.84731],[-94.92386,40.84605],[-94.92574,40.84487],[-94.9273,40.84388],[-94.92933,40.84258],[-94.93176,40.8409],[-94.93354,40.83972],[-94.9365,40.83776],[-94.93871,40.83643],[-94.93983,40.83583],[-94.94246,40.8342],[-94.9443,40.83308],[-94.94567,40.83226],[-94.94785,40.83095],[-94.95046,40.82939],[-94.95202,40.82841],[-94.95445,40.82702],[-94.95684,40.8256],[-94.95979,40.82382],[-94.96149,40.82282],[-94.96313,40.82188],[-94.96481,40.82084],[-94.96712,40.8195],[-94.96987,40.81783],[-94.97248,40.81628],[-94.97485,40.81499],[-94.97715,40.81367],[-94.97844,40.81285],[-94.98052,40.81165],[-94.98256,40.81047],[-94.98504,40.8091],[-94.98627,40.80842],[-94.98861,40.80699],[-94.99098,40.80565],[-94.99357,40.8041],[-94.99622,40.8025],[-94.9978,40.80157],[-94.99955,40.80056],[-95.00159,40.79937],[-95.00332,40.79836],[-95.00516,40.79729],[-95.00716,40.7961],[-95.00949,40.79473],[-95.01184,40.79335],[-95.01336,40.79247],[-95.01587,40.79099],[-95.01832,40.78954],[-95.02048,40.7883],[-95.02257,40.78705],[-95.02505,40.78561],[-95.02625,40.78494],[-95.02803,40.78356],[-95.02951,40.78246],[-95.03086,40.78143],[-95.0323,40.78035],[-95.03448,40.77871],[-95.03584,40.7777],[-95.03698,40.77684],[-95.0388,40.77545],[-95.04,40.77468],[-95.04051,40.77434],[-95.04233,40.77311],[-95.04401,40.77197],[-95.04598,40.77077],[-95.04705,40.7701],[-95.04847,40.76922],[-95.05059,40.7679],[-95.05313,40.76633],[-95.05615,40.76447],[-95.05867,40.76288],[-95.06088,40.76155],[-95.06318,40.7601],[-95.06618,40.75813],[-95.06753,40.75722],[-95.06937,40.75597],[-95.0727,40.7537],[-95.07491,40.75218],[-95.07668,40.75101],[-95.07961,40.74901],[-95.08078,40.74821],[-95.08289,40.74678],[-95.08567,40.74488],[-95.08727,40.7438],[-95.08995,40.74196],[-95.09143,40.74097],[-95.09372,40.7394],[-95.09555,40.73816],[-95.0976,40.73676],[-95.09982,40.73526],[-95.10121,40.73431],[-95.10256,40.73339],[-95.10439,40.73213],[-95.10714,40.73027],[-95.10904,40.72898],[-95.11094,40.72768],[-95.11363,40.72585],[-95.11544,40.72461],[-95.11784,40.72299],[-95.12,40.7215],[-95.1218,40.72028],[-95.12302,40.71945],[-95.12488,40.71816],[-95.12712,40.7166],[-95.12878,40.71545],[-95.13081,40.71403],[-95.13229,40.71298],[-95.13363,40.71205],[-95.13539,40.71086],[-95.13701,40.70973],[-95.13903,40.70836],[-95.14077,40.70715],[-95.14285,40.70572],[-95.14433,40.7047],[-95.14631,40.70335],[-95.14846,40.70186],[-95.15019,40.70066],[-95.15267,40.69895],[-95.15452,40.69767],[-95.15581,40.69679],[-95.15787,40.69536],[-95.15929,40.6944],[-95.16143,40.69293],[-95.16382,40.69127],[-95.16599,40.68977],[-95.16731,40.68887],[-95.17052,40.68666],[-95.17184,40.68573],[-95.17396,40.68428],[-95.17524,40.68341],[-95.17736,40.68194],[-95.17855,40.68112],[-95.18038,40.67986],[-95.18173,40.67894],[-95.18413,40.67729],[-95.18518,40.67656],[-95.1882,40.67448],[-95.18903,40.67376],[-95.19076,40.6723],[-95.19292,40.6705],[-95.19395,40.66962],[-95.19645,40.66756],[-95.19763,40.66659],[-95.19956,40.66505],[-95.20113,40.66365],[-95.20246,40.66256],[-95.20384,40.6614],[-95.2066,40.65913],[-95.20781,40.65813],[-95.21081,40.65566],[-95.21241,40.65432],[-95.21445,40.65264],[-95.21575,40.65155],[-95.21854,40.64926],[-95.22,40.64805],[-95.22187,40.64652],[-95.22361,40.64509],[-95.22544,40.64355],[-95.22658,40.64261],[-95.22854,40.64097],[-95.22979,40.63994],[-95.231,40.63894],[-95.23289,40.63738],[-95.23517,40.63551],[-95.23704,40.63395],[-95.23823,40.63297],[-95.23981,40.63166],[-95.24237,40.62955],[-95.24406,40.62817],[-95.24516,40.62725],[-95.24706,40.62568],[-95.24938,40.62377],[-95.25025,40.62304],[-95.25178,40.62178],[-95.25434,40.61966],[-95.25585,40.61837],[-95.25758,40.61697],[-95.26,40.61498],[-95.26168,40.6136],[-95.26326,40.61226],[-95.26539,40.6105],[-95.26715,40.60905],[-95.26841,40.60799],[-95.2707,40.60609],[-95.27195,40.60508],[-95.27339,40.60388],[-95.27492,40.60257],[-95.27765,40.60036],[-95.27885,40.59933],[-95.28042,40.59803],[-95.28295,40.59593],[-95.28442,40.59473],[-95.28623,40.59322],[-95.28771,40.59198],[-95.28978,40.59027],[-95.29168,40.5887],[-95.29396,40.58677],[-95.29582,40.58526],[-95.29767,40.58373],[-95.29888,40.58271],[-95.30058,40.58131],[-95.30225,40.57992],[-95.30621,40.57664],[-95.308,40.57515],[-95.31027,40.57327],[-95.31266,40.57129],[-95.31368,40.57043],[-95.31584,40.56864],[-95.31746,40.56731],[-95.31922,40.5658],[-95.3219,40.56438],[-95.32429,40.56309],[-95.3254,40.56246],[-95.3275,40.56127],[-95.33018,40.55976],[-95.33328,40.55802],[-95.33516,40.55694],[-95.33722,40.55578],[-95.33915,40.55469],[-95.34203,40.55307],[-95.34408,40.55189],[-95.34681,40.55036],[-95.34803,40.54966],[-95.34965,40.54874],[-95.35206,40.54741],[-95.35389,40.54637],[-95.35737,40.54438],[-95.35966,40.5431],[-95.36226,40.54163],[-95.36453,40.54033],[-95.36633,40.53934],[-95.3682,40.53825],[-95.36997,40.53725],[-95.37218,40.536],[-95.37463,40.53461],[-95.3764,40.53361],[-95.37786,40.53278],[-95.37907,40.53211],[-95.38218,40.53034],[-95.38479,40.52892],[-95.38701,40.52764],[-95.38897,40.5265],[-95.39125,40.52522],[-95.39323,40.52409],[-95.39449,40.52336],[-95.39446,40.52504],[-95.39447,40.5256]]}},{"type":"Feature","properties":{"id":"147283","type":"AC; OVERHEAD","status":"IN SERVICE","owner":"MIDAMERICAN ENERGY CO","voltage":161,"voltClass":"100-161"},"geometry":{"type":"LineString","coordinates":[[-93.5616,41.75409],[-93.56134,41.75425],[-93.56088,41.75421],[-93.56085,41.75485],[-93.56081,41.75766],[-93.56078,41.76295],[-93.56076,41.7686],[-93.56076,41.77161],[-93.56075,41.77173],[-93.5591,41.77176],[-93.5559,41.77177],[-93.55251,41.77177],[-93.54934,41.77176],[-93.54616,41.77174],[-93.54314,41.77173],[-93.54073,41.77172],[-93.53748,41.77172],[-93.53451,41.77172],[-93.53165,41.77174],[-93.5287,41.77175],[-93.52604,41.77175],[-93.5227,41.77174],[-93.51982,41.77172],[-93.51726,41.77167],[-93.51475,41.77225],[-93.51155,41.77298],[-93.50879,41.7736],[-93.50581,41.77428],[-93.5028,41.775],[-93.50033,41.77498],[-93.49471,41.77498],[-93.48551,41.77502],[-93.47839,41.77663],[-93.47076,41.77712],[-93.46785,41.77729],[-93.46489,41.77753],[-93.45954,41.77651],[-93.45205,41.77652],[-93.44724,41.77652],[-93.44005,41.77653],[-93.43761,41.77653],[-93.43501,41.77653],[-93.43024,41.77655],[-93.42022,41.77655],[-93.41084,41.77654],[-93.40045,41.77656],[-93.39177,41.77651],[-93.38797,41.77331],[-93.38609,41.77173],[-93.38014,41.77172],[-93.37445,41.7717],[-93.37101,41.7717],[-93.36177,41.77168],[-93.35589,41.77167],[-93.35377,41.77166],[-93.34534,41.77165],[-93.34053,41.77167],[-93.33811,41.77167],[-93.32891,41.7717],[-93.32577,41.7717],[-93.32089,41.77173],[-93.31858,41.77172],[-93.31626,41.77174],[-93.31225,41.77176],[-93.30931,41.77177],[-93.302,41.77177],[-93.2971,41.77176],[-93.29228,41.77175],[-93.2876,41.77173],[-93.28287,41.77172],[-93.27379,41.77169],[-93.27072,41.77171],[-93.26775,41.7715],[-93.2644,41.77129],[-93.2578,41.77088],[-93.25463,41.7707],[-93.25139,41.77051],[-93.24829,41.77028],[-93.24608,41.77015],[-93.24372,41.77],[-93.2408,41.76982],[-93.23772,41.76964],[-93.23521,41.76946],[-93.23176,41.76927],[-93.22852,41.76906],[-93.22559,41.76889],[-93.22289,41.76871],[-93.22003,41.76854],[-93.21568,41.76827],[-93.21304,41.76811],[-93.2103,41.76792],[-93.20825,41.76779],[-93.20566,41.76761],[-93.20319,41.76747],[-93.20082,41.7673],[-93.19826,41.76715],[-93.19576,41.76698],[-93.19227,41.76677],[-93.1898,41.76664],[-93.18579,41.76637],[-93.18259,41.76617],[-93.17933,41.76596],[-93.17504,41.76571],[-93.17298,41.76558],[-93.17029,41.76541],[-93.16787,41.76526],[-93.16477,41.76506],[-93.16242,41.76491],[-93.16001,41.76476],[-93.15724,41.7646],[-93.1546,41.76445],[-93.1514,41.76437],[-93.14677,41.76438],[-93.14503,41.76436],[-93.14041,41.76434],[-93.1374,41.76438],[-93.13198,41.76441],[-93.12936,41.76443],[-93.12603,41.76446],[-93.12201,41.7645],[-93.11987,41.7645],[-93.11321,41.76453],[-93.10985,41.76453],[-93.1073,41.76455],[-93.10303,41.76438],[-93.10099,41.76438],[-93.09729,41.76432],[-93.09406,41.76429],[-93.09077,41.76422],[-93.08716,41.7642],[-93.08481,41.76416],[-93.08078,41.76408],[-93.07759,41.76402],[-93.07549,41.76405],[-93.07314,41.76405],[-93.06863,41.76411],[-93.06676,41.76412],[-93.0626,41.7641],[-93.05833,41.76413],[-93.05487,41.76396],[-93.05209,41.76384],[-93.04894,41.76371],[-93.04643,41.76388],[-93.04355,41.76413],[-93.04088,41.76403],[-93.03816,41.76402],[-93.03571,41.76385],[-93.03348,41.76374],[-93.03137,41.76361],[-93.02907,41.76345],[-93.02669,41.76326],[-93.02511,41.76179],[-93.02333,41.7601],[-93.02319,41.75971]]}},{"type":"Feature","properties":{"id":"147431","type":"AC; OVERHEAD","status":"IN SERVICE","owner":"MIDAMERICAN ENERGY CO","voltage":161,"voltClass":"100-161"},"geometry":{"type":"LineString","coordinates":[[-93.52381,41.55373],[-93.52349,41.55431],[-93.52173,41.55723],[-93.51998,41.56042],[-93.51882,41.56227],[-93.51704,41.56538],[-93.51059,41.56782],[-93.51033,41.56857],[-93.51037,41.57152],[-93.51035,41.57476],[-93.50568,41.57483],[-93.50317,41.5749],[-93.48895,41.57435],[-93.4817,41.57409],[-93.47798,41.573],[-93.475,41.57334],[-93.4719,41.5737],[-93.46961,41.57362],[-93.45996,41.57325],[-93.44536,41.57297],[-93.43958,41.57509],[-93.42793,41.57489],[-93.41382,41.57462],[-93.41119,41.57457],[-93.40643,41.57285],[-93.39822,41.57271],[-93.38497,41.57263],[-93.37527,41.57264],[-93.37308,41.5726],[-93.36464,41.57274],[-93.35794,41.57274],[-93.35148,41.57279],[-93.34367,41.57296],[-93.33865,41.57308],[-93.32994,41.5732],[-93.32741,41.57325],[-93.32508,41.57325],[-93.32289,41.57324],[-93.32065,41.57324],[-93.31832,41.57325],[-93.31615,41.57324],[-93.31285,41.57324],[-93.30981,41.57322],[-93.30673,41.5732],[-93.30374,41.57317],[-93.30148,41.57313],[-93.29885,41.57313],[-93.29527,41.57314],[-93.29183,41.57314],[-93.28941,41.57317],[-93.28701,41.57317],[-93.28456,41.57318],[-93.28219,41.5732],[-93.27912,41.57321],[-93.27565,41.5733],[-93.2723,41.57333],[-93.27046,41.57333],[-93.26757,41.57334],[-93.26515,41.57333],[-93.26287,41.57334],[-93.25993,41.57333],[-93.25806,41.5733],[-93.25579,41.57332],[-93.25338,41.57333],[-93.25101,41.57332],[-93.2463,41.57335],[-93.24405,41.57336],[-93.24119,41.57336],[-93.23883,41.57337],[-93.2362,41.57338],[-93.23419,41.57339],[-93.23158,41.57337],[-93.22918,41.57335],[-93.22672,41.57335],[-93.22439,41.57334],[-93.22186,41.57332],[-93.21723,41.57329],[-93.21483,41.57329],[-93.21236,41.57332],[-93.2101,41.57333],[-93.20768,41.57335],[-93.20537,41.57337],[-93.20292,41.57339],[-93.20057,41.57341],[-93.1982,41.57342],[-93.19559,41.57341],[-93.19331,41.57341],[-93.19076,41.57342],[-93.18848,41.5734],[-93.18613,41.57339],[-93.18371,41.57339],[-93.18129,41.57337],[-93.17871,41.57339],[-93.17552,41.5734],[-93.17249,41.5734],[-93.16688,41.57342],[-93.16432,41.57342],[-93.16162,41.57344],[-93.15938,41.57324],[-93.15636,41.57347],[-93.15399,41.57347],[-93.15182,41.57347],[-93.14952,41.57346],[-93.14719,41.57347],[-93.14499,41.5735],[-93.14258,41.5735],[-93.14024,41.5735],[-93.13796,41.5735],[-93.13599,41.5735],[-93.13289,41.5735],[-93.1306,41.5735],[-93.128,41.5735],[-93.12562,41.57351],[-93.12317,41.57351],[-93.12065,41.5735],[-93.11813,41.57352],[-93.11602,41.57353],[-93.11349,41.57353],[-93.11172,41.57352],[-93.10954,41.57353],[-93.10721,41.57354],[-93.10489,41.57355],[-93.10225,41.57355],[-93.09948,41.57356],[-93.09682,41.57259],[-93.09595,41.57227]]}},{"type":"Feature","properties":{"id":"147455","type":"AC; OVERHEAD","status":"IN SERVICE","owner":"MIDAMERICAN ENERGY CO","voltage":161,"voltClass":"100-161"},"geometry":{"type":"LineString","coordinates":[[-93.8637,42.5614],[-93.86343,42.56116],[-93.86121,42.56115],[-93.85873,42.56113],[-93.85567,42.56111],[-93.85336,42.5611],[-93.85048,42.56109],[-93.84763,42.5611],[-93.8453,42.56109],[-93.8429,42.56109],[-93.84034,42.56109],[-93.8379,42.56108],[-93.83552,42.56108],[-93.83307,42.56108],[-93.83057,42.5614],[-93.82807,42.56173],[-93.82537,42.56208],[-93.82287,42.56241],[-93.82027,42.56275],[-93.81774,42.56308],[-93.81546,42.56337],[-93.81323,42.56366],[-93.80993,42.56409],[-93.80671,42.56451],[-93.80353,42.56493],[-93.80024,42.5649],[-93.79693,42.5649],[-93.79358,42.5649],[-93.79039,42.56491],[-93.78717,42.5649],[-93.78371,42.5649],[-93.78062,42.56491],[-93.77776,42.56491],[-93.77509,42.56492],[-93.77232,42.56493],[-93.76954,42.56494],[-93.76689,42.56494],[-93.76436,42.56495],[-93.76195,42.56495],[-93.75949,42.56495],[-93.74525,42.56498],[-93.74233,42.56498],[-93.7398,42.56499],[-93.73738,42.56499],[-93.73475,42.56498],[-93.73247,42.56498],[-93.73001,42.56499],[-93.72755,42.56499],[-93.72508,42.56499],[-93.72263,42.56499],[-93.72016,42.56499],[-93.71772,42.56499],[-93.7151,42.56499],[-93.71243,42.565],[-93.70987,42.56499],[-93.70717,42.565],[-93.7044,42.565],[-93.70169,42.56501],[-93.69879,42.56501],[-93.69601,42.56504],[-93.69343,42.56504],[-93.69097,42.56505],[-93.68852,42.56506],[-93.68607,42.56505],[-93.68296,42.56506],[-93.6797,42.56508],[-93.67646,42.56509],[-93.67373,42.56509],[-93.67128,42.56508],[-93.66885,42.56509],[-93.66639,42.5651],[-93.66393,42.56508],[-93.66145,42.56507],[-93.65901,42.56505],[-93.65671,42.56504],[-93.65411,42.56504],[-93.65166,42.56504],[-93.64923,42.56505],[-93.64678,42.56505],[-93.64428,42.56504],[-93.64185,42.56505],[-93.63937,42.56504],[-93.6366,42.56505],[-93.63582,42.56503],[-93.63596,42.56458],[-93.63593,42.56422]]}},{"type":"Feature","properties":{"id":"147622","type":"AC; OVERHEAD","status":"IN SERVICE","owner":null,"voltage":230,"voltClass":"220-287"},"geometry":{"type":"LineString","coordinates":[[-96.44996,43.37602],[-96.4495,43.3757],[-96.44831,43.37471],[-96.4454,43.37236],[-96.44249,43.36998],[-96.43955,43.36761],[-96.43645,43.36542],[-96.43335,43.36324],[-96.43024,43.36102],[-96.42711,43.35881],[-96.42397,43.3566],[-96.42079,43.35434],[-96.41771,43.35217],[-96.41459,43.34995],[-96.41146,43.34773],[-96.40833,43.34551],[-96.40655,43.34304],[-96.40477,43.34053],[-96.40293,43.33797],[-96.40117,43.3355],[-96.39934,43.33296],[-96.39945,43.33006],[-96.39954,43.32709],[-96.39964,43.32409],[-96.39972,43.32121],[-96.39981,43.31832],[-96.3999,43.31537],[-96.40001,43.31217],[-96.40009,43.30895],[-96.4002,43.30585],[-96.40029,43.30264],[-96.4004,43.29941],[-96.4005,43.29626],[-96.4006,43.29311],[-96.40066,43.29009],[-96.40079,43.28694],[-96.40099,43.28362],[-96.4012,43.28031],[-96.40139,43.27699],[-96.4016,43.27368],[-96.40178,43.27067],[-96.40196,43.26765],[-96.40214,43.26464],[-96.40232,43.26163],[-96.40251,43.25868],[-96.4027,43.25543],[-96.4029,43.2522],[-96.40309,43.24903],[-96.40307,43.24585],[-96.40302,43.2427],[-96.403,43.23952],[-96.40298,43.23634],[-96.40295,43.23316],[-96.40293,43.22998],[-96.40291,43.22683],[-96.40286,43.22364],[-96.40285,43.22047],[-96.40281,43.21729],[-96.40272,43.21365],[-96.40267,43.21024],[-96.40261,43.20718],[-96.40254,43.20394],[-96.40247,43.20073],[-96.40241,43.19758],[-96.40234,43.19434],[-96.40227,43.19115],[-96.40221,43.18794],[-96.40216,43.18474],[-96.40228,43.18134],[-96.40238,43.17791],[-96.40251,43.17449],[-96.40262,43.17111],[-96.40264,43.16794],[-96.40266,43.16475],[-96.40269,43.16156],[-96.4027,43.15838],[-96.40272,43.15549],[-96.40273,43.15222],[-96.40276,43.14922],[-96.40279,43.14581],[-96.40281,43.14259],[-96.40298,43.13946],[-96.40316,43.13637],[-96.40333,43.13326],[-96.40346,43.13107],[-96.40285,43.12743],[-96.40231,43.12426],[-96.40215,43.12096],[-96.40199,43.11812],[-96.40185,43.11506],[-96.40168,43.11199],[-96.40154,43.10893],[-96.40136,43.10587],[-96.4012,43.10271],[-96.40126,43.09969],[-96.40132,43.09684],[-96.40137,43.09406],[-96.40141,43.09121],[-96.40147,43.08839],[-96.40151,43.08556],[-96.40157,43.0823],[-96.40163,43.07898],[-96.40168,43.07567],[-96.40175,43.07241],[-96.40181,43.06917],[-96.40179,43.06859],[-96.40135,43.06788]]}},{"type":"Feature","properties":{"id":"147678","type":"AC; OVERHEAD","status":"IN SERVICE","owner":"DAIRYLAND POWER COOPERATIVE","voltage":161,"voltClass":"100-161"},"geometry":{"type":"LineString","coordinates":[[-91.00656,43.28778],[-91.00625,43.28784],[-91.00626,43.28963],[-91.00908,43.29339],[-91.01489,43.30131],[-91.01969,43.30769],[-91.02835,43.31913],[-91.03432,43.32715],[-91.04097,43.33595],[-91.0543,43.35305],[-91.06182,43.36248],[-91.07008,43.37264],[-91.08,43.38539],[-91.09124,43.39903],[-91.09779,43.40706],[-91.10756,43.41912],[-91.11224,43.42484],[-91.11742,43.43107],[-91.12346,43.43796],[-91.12706,43.44271],[-91.13635,43.45414],[-91.14466,43.46416],[-91.14889,43.46945],[-91.15257,43.47468],[-91.15795,43.48073],[-91.16826,43.49219],[-91.17736,43.50302],[-91.18382,43.51092],[-91.1884,43.51639],[-91.19398,43.52313],[-91.19816,43.52804],[-91.2068,43.5383],[-91.21142,43.54386],[-91.21835,43.55203],[-91.22587,43.56075],[-91.23017,43.5614],[-91.23042,43.5614]]}},{"type":"Feature","properties":{"id":"147762","type":"AC; OVERHEAD","status":"IN SERVICE","owner":null,"voltage":345,"voltClass":"345"},"geometry":{"type":"LineString","coordinates":[[-91.22371,41.55489],[-91.22396,41.55506],[-91.22396,41.55564],[-91.22882,41.55571],[-91.23324,41.55581],[-91.23761,41.55586],[-91.24199,41.55596],[-91.24644,41.55605],[-91.25073,41.55614],[-91.25482,41.55558],[-91.2594,41.55483],[-91.26395,41.55408],[-91.26862,41.55332],[-91.27357,41.55329],[-91.27801,41.55326],[-91.28181,41.55324],[-91.2863,41.55414],[-91.29061,41.55502],[-91.29474,41.55585],[-91.29954,41.55682],[-91.30383,41.55687],[-91.3084,41.55692],[-91.31288,41.55696],[-91.31745,41.55701],[-91.32185,41.55706],[-91.32646,41.55711],[-91.33048,41.55716],[-91.33466,41.5572],[-91.33906,41.55725],[-91.3437,41.5573],[-91.3479,41.55735],[-91.35234,41.5574],[-91.35672,41.55744],[-91.36112,41.55749],[-91.36565,41.55754],[-91.37022,41.55759],[-91.37417,41.55763],[-91.3788,41.55769],[-91.38328,41.55773],[-91.38706,41.55778],[-91.39146,41.55782],[-91.39573,41.55787],[-91.40026,41.55792],[-91.40277,41.55795],[-91.40582,41.55798],[-91.40925,41.55802],[-91.41371,41.55807],[-91.41817,41.55812],[-91.42281,41.55817],[-91.42715,41.55902],[-91.43128,41.55983],[-91.43522,41.56059],[-91.4393,41.56139],[-91.44362,41.56224],[-91.44786,41.56307],[-91.45186,41.56395],[-91.45612,41.56478],[-91.45995,41.56553],[-91.46394,41.56631],[-91.46848,41.5672],[-91.47268,41.56802],[-91.47702,41.56889],[-91.48125,41.56972],[-91.48522,41.57047],[-91.48923,41.57125],[-91.49351,41.57135],[-91.49794,41.57135],[-91.5023,41.57139],[-91.50665,41.57143],[-91.51136,41.57148],[-91.51591,41.57153],[-91.52052,41.57157],[-91.52484,41.57161],[-91.52916,41.57166],[-91.52952,41.57166],[-91.53289,41.57171],[-91.53528,41.57172],[-91.536,41.57063]]}},{"type":"Feature","properties":{"id":"149991","type":"AC; OVERHEAD","status":"IN SERVICE","owner":"MIDAMERICAN ENERGY CO","voltage":161,"voltClass":"100-161"},"geometry":{"type":"LineString","coordinates":[[-90.60136,41.58926],[-90.60174,41.58909],[-90.60259,41.589],[-90.60825,41.58903],[-90.61193,41.58762],[-90.61757,41.58542],[-90.61949,41.58538],[-90.62256,41.58538],[-90.62478,41.58538],[-90.62688,41.58538],[-90.62948,41.58538],[-90.63221,41.58538],[-90.63413,41.58537],[-90.6366,41.58538],[-90.63895,41.58539],[-90.64137,41.58539],[-90.64372,41.58538],[-90.64568,41.58539],[-90.64682,41.58539],[-90.64766,41.58539],[-90.64934,41.58418],[-90.65115,41.58303],[-90.65299,41.58186],[-90.65501,41.5805],[-90.6569,41.57924],[-90.65827,41.57814],[-90.6605,41.5765],[-90.66211,41.57534],[-90.66322,41.57451],[-90.66548,41.57453],[-90.66725,41.57455],[-90.66915,41.57455],[-90.67152,41.57454],[-90.67363,41.57455],[-90.67641,41.57456],[-90.67916,41.5746],[-90.68058,41.5746],[-90.68257,41.57461],[-90.68463,41.5746],[-90.6862,41.57457],[-90.68865,41.57457],[-90.68967,41.57501],[-90.69019,41.57463]]}},{"type":"Feature","properties":{"id":"150104","type":"AC; OVERHEAD","status":"IN SERVICE","owner":"MIDAMERICAN ENERGY CO","voltage":345,"voltClass":"345"},"geometry":{"type":"LineString","coordinates":[[-91.536,41.57063],[-91.53653,41.57107],[-91.53776,41.57107],[-91.54184,41.57103],[-91.54618,41.57099],[-91.5464,41.56993],[-91.54656,41.56905],[-91.5466,41.56879],[-91.54707,41.56643],[-91.54747,41.56421],[-91.54786,41.56211],[-91.54831,41.55971],[-91.54878,41.55729],[-91.54922,41.55497],[-91.54964,41.55275],[-91.54965,41.55085],[-91.54968,41.54889],[-91.54975,41.54529],[-91.54979,41.54366],[-91.54984,41.54141],[-91.54989,41.53895],[-91.54991,41.53711],[-91.54999,41.53334],[-91.55003,41.53154],[-91.55009,41.52834],[-91.55015,41.52553],[-91.55019,41.52337],[-91.55026,41.51999],[-91.55027,41.51828],[-91.55031,41.51571],[-91.55036,41.51343],[-91.5504,41.51115],[-91.55044,41.50897],[-91.55049,41.50684],[-91.55054,41.50494],[-91.55061,41.50209],[-91.55062,41.50028],[-91.55069,41.4981],[-91.55069,41.49739],[-91.5523,41.49675],[-91.55229,41.49564],[-91.55232,41.49369],[-91.55241,41.49183],[-91.55224,41.48981],[-91.55218,41.48818],[-91.55207,41.4861],[-91.55193,41.48368],[-91.55189,41.48217],[-91.55181,41.48064],[-91.55193,41.47918],[-91.55217,41.47661],[-91.55244,41.47425],[-91.55273,41.47136],[-91.55297,41.46888],[-91.55309,41.46755],[-91.55335,41.46507],[-91.55364,41.46241],[-91.55384,41.46092],[-91.55372,41.45901],[-91.55367,41.45734],[-91.55361,41.4555],[-91.5535,41.45283],[-91.55344,41.45084],[-91.55337,41.44814],[-91.55325,41.44543],[-91.55319,41.44346],[-91.55315,41.44183],[-91.55306,41.44004],[-91.55298,41.43738],[-91.55292,41.43538],[-91.55283,41.43245],[-91.55271,41.42948],[-91.55264,41.42679],[-91.5525,41.42338],[-91.55245,41.4214],[-91.5524,41.41939],[-91.55229,41.41655],[-91.55224,41.41503],[-91.55217,41.41356],[-91.5523,41.41142],[-91.55236,41.40914],[-91.55243,41.40725],[-91.5525,41.40523],[-91.5526,41.40257],[-91.55271,41.39985],[-91.55279,41.39716],[-91.55289,41.39475],[-91.55298,41.39225],[-91.55304,41.39046],[-91.55309,41.38899],[-91.55319,41.38667],[-91.55326,41.38431],[-91.5534,41.38051],[-91.55345,41.37903],[-91.55353,41.37729],[-91.55366,41.37375],[-91.55373,41.37163],[-91.5538,41.36952],[-91.55389,41.36726],[-91.554,41.36465],[-91.55411,41.3616],[-91.55418,41.3594],[-91.55429,41.35694],[-91.55433,41.3553],[-91.55443,41.35318],[-91.55454,41.35036],[-91.5546,41.34889],[-91.55463,41.34721],[-91.55476,41.34343],[-91.55481,41.34213],[-91.55491,41.33972],[-91.55499,41.33772],[-91.55501,41.33648],[-91.55504,41.33532],[-91.55512,41.33476]]}},{"type":"Feature","properties":{"id":"150691","type":"AC; OVERHEAD","status":"IN SERVICE","owner":"OMAHA PUBLIC POWER DISTRICT","voltage":161,"voltClass":"100-161"},"geometry":{"type":"LineString","coordinates":[[-96.20389,41.54475],[-96.20391,41.55258],[-96.2039,41.56287],[-96.20388,41.5782],[-96.21619,41.60282],[-96.22059,41.61222],[-96.22696,41.62638],[-96.23112,41.63679],[-96.23327,41.6398],[-96.25092,41.66143],[-96.26139,41.67445],[-96.26139,41.67551],[-96.26141,41.68167],[-96.26141,41.6833],[-96.26146,41.7033],[-96.26147,41.70871],[-96.26605,41.71837],[-96.27011,41.72697],[-96.27315,41.73353],[-96.275,41.73746],[-96.27557,41.74354],[-96.27611,41.74932],[-96.27655,41.75406],[-96.27817,41.77075],[-96.27843,41.77304],[-96.27892,41.77804],[-96.27965,41.78518],[-96.27962,41.79593],[-96.27962,41.80038],[-96.27958,41.82149],[-96.282,41.82516],[-96.28332,41.82708],[-96.28462,41.82902],[-96.28679,41.8323],[-96.28749,41.83385],[-96.28829,41.83394]]}},{"type":"Feature","properties":{"id":"150808","type":"AC; OVERHEAD","status":"IN SERVICE","owner":"MIDAMERICAN ENERGY CO","voltage":161,"voltClass":"100-161"},"geometry":{"type":"LineString","coordinates":[[-90.27497,41.71416],[-90.274,41.71393],[-90.27151,41.71397],[-90.26893,41.71401],[-90.26642,41.71406],[-90.26644,41.71189],[-90.26645,41.70972],[-90.26647,41.70756],[-90.26647,41.7055],[-90.26648,41.70344],[-90.26651,41.70138],[-90.26652,41.69936],[-90.26653,41.6973],[-90.26655,41.69524],[-90.26658,41.69318],[-90.26662,41.69104],[-90.26662,41.6889],[-90.26666,41.68675],[-90.26668,41.6846],[-90.26668,41.68246],[-90.26765,41.68061],[-90.26859,41.67876],[-90.26955,41.67691],[-90.27045,41.67517],[-90.27146,41.67322],[-90.27152,41.67102],[-90.27157,41.66881],[-90.27162,41.66662],[-90.27168,41.66442],[-90.27179,41.66246],[-90.2718,41.66049],[-90.27185,41.65834],[-90.2719,41.65618],[-90.27194,41.65402],[-90.272,41.65251],[-90.27203,41.65046],[-90.27206,41.64861],[-90.27211,41.64704],[-90.27215,41.64513],[-90.27219,41.64294],[-90.27223,41.64073],[-90.27223,41.63918],[-90.27223,41.63755],[-90.27225,41.63554],[-90.27223,41.63368],[-90.27224,41.63206],[-90.27224,41.63023],[-90.27223,41.62816],[-90.27223,41.62609],[-90.2722,41.62401],[-90.27221,41.62219],[-90.27222,41.62039],[-90.27227,41.61853],[-90.27233,41.61682],[-90.2724,41.61511],[-90.27248,41.6134],[-90.27234,41.61132],[-90.27233,41.60936],[-90.27233,41.60744],[-90.27234,41.60581],[-90.27234,41.60384],[-90.27236,41.60179],[-90.27237,41.5998],[-90.27239,41.59832],[-90.27241,41.59651],[-90.27244,41.59475],[-90.27246,41.59299],[-90.27248,41.59123],[-90.27249,41.58904],[-90.27251,41.58767],[-90.27254,41.58593],[-90.27255,41.58419],[-90.27252,41.58217],[-90.27247,41.58014],[-90.27245,41.57811],[-90.27241,41.57608],[-90.27239,41.57436],[-90.27235,41.57297],[-90.27075,41.57212],[-90.26915,41.57126],[-90.26907,41.5698],[-90.26903,41.56624],[-90.26946,41.56624],[-90.26959,41.5662]]}},{"type":"Feature","properties":{"id":"155901","type":"AC; OVERHEAD","status":"IN SERVICE","owner":"COMMONWEALTH EDISON CO","voltage":345,"voltClass":"345"},"geometry":{"type":"LineString","coordinates":[[-90.27894,41.71517],[-90.27868,41.71492],[-90.27878,41.71432],[-90.27978,41.71389]]}},{"type":"Feature","properties":{"id":"156049","type":"AC; OVERHEAD","status":"IN SERVICE","owner":"MIDAMERICAN ENERGY CO","voltage":161,"voltClass":"100-161"},"geometry":{"type":"LineString","coordinates":[[-96.36958,42.3355],[-96.36887,42.3353],[-96.36885,42.33493],[-96.36881,42.33314],[-96.36862,42.33084],[-96.36762,42.3293],[-96.36546,42.32936]]}},{"type":"Feature","properties":{"id":"157186","type":"AC; OVERHEAD","status":"IN SERVICE","owner":null,"voltage":161,"voltClass":"100-161"},"geometry":{"type":"LineString","coordinates":[[-90.67438,42.31011],[-90.6751,42.3108],[-90.67506,42.31726],[-90.67502,42.32755],[-90.67499,42.33821],[-90.67488,42.35122],[-90.6749,42.36397],[-90.67032,42.36768],[-90.66507,42.37219],[-90.66498,42.38477],[-90.66492,42.39622],[-90.66492,42.40187],[-90.66408,42.40211]]}},{"type":"Feature","properties":{"id":"157188","type":"AC; OVERHEAD","status":"IN SERVICE","owner":"MIDAMERICAN ENERGY CO","voltage":345,"voltClass":"345"},"geometry":{"type":"LineString","coordinates":[[-91.9019,42.58591],[-91.90141,42.58676],[-91.9035,42.58658],[-91.90509,42.58613],[-91.90973,42.58508],[-91.91431,42.58105],[-91.91701,42.58102],[-91.92206,42.58099],[-91.95206,42.58079],[-91.98155,42.58037],[-92.00084,42.58026],[-92.01276,42.58016],[-92.0182,42.58356],[-92.02071,42.58362],[-92.0304,42.58368],[-92.04014,42.58372],[-92.04998,42.58376],[-92.06249,42.58391],[-92.07456,42.58393],[-92.0818,42.58399],[-92.09165,42.58414],[-92.09691,42.58423],[-92.10428,42.58429],[-92.11286,42.58431],[-92.11559,42.58431],[-92.11903,42.58434],[-92.12149,42.58257],[-92.12898,42.58257],[-92.13878,42.58264],[-92.15097,42.58271],[-92.16052,42.58274],[-92.16583,42.58438],[-92.17654,42.5846],[-92.17889,42.58461],[-92.18072,42.58499],[-92.18397,42.58469],[-92.18832,42.58479],[-92.1971,42.58487],[-92.20448,42.5889],[-92.21062,42.5923],[-92.21878,42.5923],[-92.22889,42.59235],[-92.24122,42.59238],[-92.2508,42.5924],[-92.25597,42.59239],[-92.25824,42.59183],[-92.25984,42.59241],[-92.27076,42.59238],[-92.29291,42.59234],[-92.3051,42.59229],[-92.31512,42.5923],[-92.32767,42.59236],[-92.33507,42.59239],[-92.33773,42.59256],[-92.34008,42.59256],[-92.34746,42.59264],[-92.3501,42.59272],[-92.35279,42.59278],[-92.35279,42.59355],[-92.35343,42.59359],[-92.35455,42.59341]]}},{"type":"Feature","properties":{"id":"157193","type":"AC; OVERHEAD","status":"IN SERVICE","owner":null,"voltage":161,"voltClass":"100-161"},"geometry":{"type":"LineString","coordinates":[[-93.2908,43.35623],[-93.29028,43.35602],[-93.29029,43.35518],[-93.29026,43.35329],[-93.29012,43.3465],[-93.28997,43.34],[-93.29005,43.33605],[-93.29006,43.33303],[-93.2901,43.32726],[-93.29009,43.32037],[-93.29017,43.31346],[-93.2901,43.30653],[-93.29003,43.2998],[-93.29005,43.29298],[-93.29008,43.28614],[-93.29007,43.27923],[-93.29009,43.2723],[-93.29014,43.26544],[-93.29013,43.25843],[-93.29014,43.25431],[-93.29014,43.2537],[-93.29171,43.25419]]}},{"type":"Feature","properties":{"id":"157194","type":"AC; OVERHEAD","status":"IN SERVICE","owner":"MIDAMERICAN ENERGY CO","voltage":161,"voltClass":"100-161"},"geometry":{"type":"LineString","coordinates":[[-90.58585,41.39771],[-90.58632,41.39822],[-90.58693,41.39829],[-90.58808,41.39999],[-90.58916,41.40167],[-90.59048,41.40368],[-90.59178,41.40563],[-90.593,41.40749],[-90.59376,41.40869],[-90.59497,41.4105],[-90.59599,41.41206],[-90.59677,41.41326],[-90.59806,41.41516],[-90.5991,41.41705],[-90.60023,41.41907],[-90.60137,41.4211],[-90.60251,41.42312],[-90.60353,41.42494],[-90.60468,41.42698],[-90.6058,41.42896],[-90.60687,41.43084],[-90.60788,41.43266],[-90.60896,41.43457],[-90.60997,41.43637],[-90.61096,41.43813],[-90.61162,41.43927],[-90.61159,41.4406],[-90.61156,41.44186],[-90.61191,41.44237]]}},{"type":"Feature","properties":{"id":"157192","type":"AC; OVERHEAD","status":"IN SERVICE","owner":null,"voltage":161,"voltClass":"100-161"},"geometry":{"type":"LineString","coordinates":[[-93.29171,43.25419],[-93.29013,43.25343],[-93.29011,43.25158],[-93.29005,43.24949],[-93.29005,43.24449],[-93.29003,43.23758],[-93.28997,43.23068],[-93.28997,43.22762],[-93.29453,43.2276],[-93.29932,43.22756],[-93.29933,43.22485],[-93.29941,43.22329],[-93.29962,43.22089],[-93.29341,43.21743],[-93.28989,43.2142],[-93.29002,43.21052],[-93.2902,43.20366],[-93.29032,43.20091],[-93.29031,43.19676],[-93.29024,43.18983],[-93.2902,43.18277],[-93.29019,43.17591],[-93.29022,43.16884],[-93.29022,43.16177],[-93.29025,43.15466],[-93.29005,43.148],[-93.28988,43.14308],[-93.29012,43.14115],[-93.29024,43.13438],[-93.29026,43.12729],[-93.29022,43.12051],[-93.29022,43.11346],[-93.29026,43.11],[-93.29026,43.10643],[-93.2903,43.10251],[-93.29038,43.09984],[-93.2913,43.09763],[-93.29403,43.09765],[-93.29418,43.09706],[-93.29417,43.09635],[-93.29352,43.09632],[-93.29313,43.09588]]}},{"type":"Feature","properties":{"id":"157828","type":"AC; OVERHEAD","status":"IN SERVICE","owner":"MIDAMERICAN ENERGY CO","voltage":161,"voltClass":"100-161"},"geometry":{"type":"LineString","coordinates":[[-91.9019,42.58591],[-91.90314,42.58601],[-91.90329,42.58605],[-91.90508,42.58603],[-91.90968,42.58498],[-91.91427,42.58095],[-91.91701,42.58092],[-91.92206,42.58089],[-91.95206,42.58069],[-91.98155,42.58027],[-92.00084,42.58016],[-92.01279,42.58006],[-92.01823,42.58346],[-92.02071,42.58352],[-92.0304,42.58358],[-92.04014,42.58362],[-92.04998,42.58366],[-92.06249,42.58381],[-92.07456,42.58383],[-92.0818,42.58389],[-92.09165,42.58404],[-92.09691,42.58413],[-92.10428,42.58419],[-92.11286,42.58421],[-92.11559,42.58421],[-92.119,42.58424],[-92.12146,42.58247],[-92.12898,42.58247],[-92.13878,42.58254],[-92.15097,42.58261],[-92.16054,42.58264],[-92.16584,42.58428],[-92.17654,42.5845],[-92.1789,42.58451],[-92.18073,42.58489],[-92.18397,42.58459],[-92.18832,42.58469],[-92.19713,42.58477],[-92.20453,42.58882],[-92.21065,42.5922],[-92.21878,42.5922],[-92.22889,42.59225],[-92.24122,42.59228],[-92.2508,42.5923],[-92.25596,42.59229],[-92.25824,42.59172],[-92.25986,42.59231],[-92.27076,42.59228],[-92.2929,42.59224],[-92.3051,42.59219],[-92.31512,42.5922],[-92.32767,42.59226],[-92.33507,42.59229],[-92.33773,42.59246],[-92.34008,42.59246],[-92.34747,42.59254],[-92.3501,42.59262],[-92.35279,42.59268],[-92.35502,42.59274],[-92.35555,42.59275],[-92.35563,42.59312],[-92.35455,42.59341]]}},{"type":"Feature","properties":{"id":"158097","type":"AC; OVERHEAD","status":"IN SERVICE","owner":null,"voltage":161,"voltClass":"100-161"},"geometry":{"type":"LineString","coordinates":[[-93.29328,43.09985],[-93.29426,43.09934],[-93.29428,43.09623],[-93.2936,43.09621],[-93.29313,43.09588]]}},{"type":"Feature","properties":{"id":"158099","type":"AC; OVERHEAD","status":"IN SERVICE","owner":"MIDAMERICAN ENERGY CO","voltage":161,"voltClass":"100-161"},"geometry":{"type":"LineString","coordinates":[[-90.55039,41.58851],[-90.55061,41.5886],[-90.55168,41.58858],[-90.55976,41.58911],[-90.56385,41.58935],[-90.56446,41.59015],[-90.56465,41.59115],[-90.56456,41.59248],[-90.56317,41.59449],[-90.56266,41.59552],[-90.56253,41.59655],[-90.56277,41.59764],[-90.56308,41.5987],[-90.5634,41.59972],[-90.56371,41.60077],[-90.56399,41.60181],[-90.5643,41.60286],[-90.5646,41.60389],[-90.56491,41.60494],[-90.56556,41.60703],[-90.56582,41.60799],[-90.56609,41.60903],[-90.56664,41.61084],[-90.56668,41.61132],[-90.56668,41.61152],[-90.56671,41.61221],[-90.567,41.61333],[-90.56723,41.61382],[-90.56754,41.61472],[-90.568,41.61661],[-90.56868,41.61745],[-90.56967,41.61807],[-90.57315,41.61806],[-90.57334,41.61733]]}},{"type":"Feature","properties":{"id":"125707","type":"AC; OVERHEAD","status":"IN SERVICE","owner":"BURT COUNTY PUBLIC POWER DIST","voltage":115,"voltClass":"100-161"},"geometry":{"type":"LineString","coordinates":[[-96.49268,41.84292],[-96.49232,41.84306],[-96.49232,41.84322],[-96.49232,41.84359],[-96.49298,41.84515],[-96.49399,41.84752],[-96.49485,41.84954],[-96.4957,41.85157],[-96.49657,41.85362],[-96.49727,41.85527],[-96.49789,41.85674],[-96.49845,41.85808],[-96.49915,41.85973],[-96.49987,41.86144],[-96.50073,41.86345],[-96.50166,41.86563],[-96.5025,41.86765],[-96.50332,41.86959],[-96.50414,41.87152],[-96.50504,41.87364],[-96.50593,41.87573],[-96.50683,41.87787],[-96.50764,41.87978],[-96.50857,41.88199],[-96.50925,41.88361],[-96.51014,41.88568],[-96.51091,41.8875],[-96.51177,41.88953],[-96.51267,41.89163],[-96.51347,41.89357],[-96.51406,41.89496],[-96.51504,41.89727],[-96.51564,41.89866],[-96.51691,41.90164],[-96.51821,41.90471],[-96.51871,41.90589],[-96.51925,41.90715],[-96.51996,41.9088],[-96.52085,41.91091],[-96.52145,41.91233],[-96.52216,41.914],[-96.52306,41.91614],[-96.52401,41.91839],[-96.52489,41.92049],[-96.52579,41.92261],[-96.52651,41.92432],[-96.5274,41.92641],[-96.52806,41.92798],[-96.52889,41.92995],[-96.52963,41.93169],[-96.53021,41.93308],[-96.53096,41.93484],[-96.53175,41.9367],[-96.53238,41.93817],[-96.53335,41.94042],[-96.53416,41.94235],[-96.53505,41.94444],[-96.53589,41.94642],[-96.53683,41.94864],[-96.53763,41.95054],[-96.53828,41.95205],[-96.53894,41.95358],[-96.53969,41.95538],[-96.54069,41.95773],[-96.54141,41.95941],[-96.54287,41.96281],[-96.54354,41.96443],[-96.54406,41.96565],[-96.54509,41.96806],[-96.54589,41.96995],[-96.54675,41.97201],[-96.54766,41.97413],[-96.54857,41.97626],[-96.54942,41.97824],[-96.55021,41.98013],[-96.55084,41.98161],[-96.55153,41.9832],[-96.55238,41.98523],[-96.55363,41.98818],[-96.55439,41.98995],[-96.55501,41.99145],[-96.55541,41.99239],[-96.55607,41.99397],[-96.55673,41.99555],[-96.55743,41.99785],[-96.55803,41.9999],[-96.55866,42.00202],[-96.55931,42.0042],[-96.55965,42.00532],[-96.5597,42.0055],[-96.55975,42.00567]]}},{"type":"Feature","properties":{"id":"144694","type":"AC; OVERHEAD","status":"IN SERVICE","owner":null,"voltage":161,"voltClass":"100-161"},"geometry":{"type":"LineString","coordinates":[[-95.40735,41.96614],[-95.40639,41.96574],[-95.40632,41.96483],[-95.40595,41.9635],[-95.40491,41.9596],[-95.40342,41.95408],[-95.40277,41.9519],[-95.39875,41.94751],[-95.38925,41.93713],[-95.38346,41.93076],[-95.37593,41.92317],[-95.37055,41.91859],[-95.36258,41.91178],[-95.35529,41.90561],[-95.34887,41.90014],[-95.34098,41.89344],[-95.33434,41.88764],[-95.32968,41.88377],[-95.32405,41.87949],[-95.31722,41.8743],[-95.30763,41.8672],[-95.29998,41.86151],[-95.29255,41.856],[-95.28372,41.84935],[-95.27686,41.84388],[-95.26936,41.83784],[-95.26762,41.83641],[-95.26662,41.83554],[-95.26237,41.8317],[-95.25884,41.82853],[-95.25437,41.82417],[-95.24819,41.8172],[-95.2419,41.81026],[-95.23565,41.8035],[-95.23078,41.79816],[-95.22645,41.79331],[-95.21942,41.78586],[-95.21357,41.7803],[-95.20578,41.77308],[-95.1991,41.76677],[-95.19247,41.76041],[-95.18623,41.75455],[-95.18367,41.75184],[-95.18126,41.74752],[-95.17468,41.7361],[-95.17195,41.73143],[-95.16856,41.72562],[-95.16471,41.71906],[-95.16339,41.71661],[-95.15834,41.71256],[-95.15217,41.70747],[-95.15103,41.70655],[-95.14326,41.70014],[-95.13716,41.69522],[-95.1303,41.68937],[-95.12812,41.68748],[-95.12057,41.68183],[-95.11214,41.67567],[-95.10212,41.66828],[-95.09252,41.66129],[-95.08786,41.65803],[-95.08122,41.65367],[-95.07832,41.65168],[-95.07172,41.64593],[-95.06669,41.64136],[-95.05978,41.63501],[-95.05198,41.62804],[-95.043,41.6198],[-95.03876,41.61597],[-95.03559,41.613],[-95.02995,41.60792],[-95.02739,41.606],[-95.02342,41.60349],[-95.0096,41.59423],[-95.00541,41.59142],[-95.00033,41.58774],[-94.99656,41.58399],[-94.98574,41.57354],[-94.97786,41.56584],[-94.97575,41.56393],[-94.97039,41.55936],[-94.9644,41.5544],[-94.95613,41.54746],[-94.94906,41.54226],[-94.93152,41.5309],[-94.92937,41.52947],[-94.9262,41.52735],[-94.92457,41.52628],[-94.92329,41.52542],[-94.92226,41.5245],[-94.92171,41.52403],[-94.91856,41.52104],[-94.91562,41.51826],[-94.91377,41.51644],[-94.91246,41.51533],[-94.91578,41.51532],[-94.91968,41.51534],[-94.92004,41.51532],[-94.91984,41.5149]]}},{"type":"Feature","properties":{"id":"102304","type":"AC; OVERHEAD","status":"IN SERVICE","owner":"MIDAMERICAN ENERGY CO","voltage":161,"voltClass":"100-161"},"geometry":{"type":"LineString","coordinates":[[-93.61969,41.59096],[-93.61962,41.59164],[-93.61953,41.59207],[-93.61892,41.59485],[-93.61717,41.59788],[-93.61476,41.60061],[-93.61482,41.60262]]}},{"type":"Feature","properties":{"id":"139195","type":"AC; OVERHEAD","status":"IN SERVICE","owner":"CITY OF MILFORD - (IA)","voltage":161,"voltClass":"100-161"},"geometry":{"type":"LineString","coordinates":[[-95.23408,43.40153],[-95.23491,43.40173],[-95.24007,43.40191],[-95.23975,43.39928],[-95.23896,43.39317],[-95.23803,43.38658],[-95.2401,43.38379],[-95.24011,43.37264],[-95.24001,43.36827],[-95.23952,43.35365],[-95.23936,43.3498],[-95.23934,43.34798],[-95.23933,43.34777],[-95.24034,43.34777],[-95.24035,43.34719],[-95.2418,43.34709]]}},{"type":"Feature","properties":{"id":"125213","type":"AC; OVERHEAD","status":"IN SERVICE","owner":null,"voltage":161,"voltClass":"100-161"},"geometry":{"type":"LineString","coordinates":[[-90.66408,42.40211],[-90.66481,42.40281],[-90.66476,42.40359],[-90.66459,42.40382],[-90.66173,42.40538],[-90.658,42.40733],[-90.65762,42.40875],[-90.65954,42.41345],[-90.66118,42.41734],[-90.66199,42.42032],[-90.66644,42.42372],[-90.66653,42.42765],[-90.6667,42.43244],[-90.66273,42.43386],[-90.66292,42.43705],[-90.66324,42.44053],[-90.66473,42.44131],[-90.66486,42.45029],[-90.66485,42.4555],[-90.66752,42.45896],[-90.66692,42.4622],[-90.66661,42.46387],[-90.66851,42.46316],[-90.67169,42.46199],[-90.6791,42.46213],[-90.68019,42.46273],[-90.68953,42.46237],[-90.69621,42.46278],[-90.69924,42.4625],[-90.70521,42.46191],[-90.71226,42.46196],[-90.71369,42.46208],[-90.71364,42.4648],[-90.71354,42.46931],[-90.71357,42.47161],[-90.71552,42.47143],[-90.71735,42.47134],[-90.7245,42.47131],[-90.73317,42.4713],[-90.73558,42.47125],[-90.73922,42.47114],[-90.74054,42.47099],[-90.74042,42.47391],[-90.74031,42.47796],[-90.74023,42.48005],[-90.7401,42.48608]]}},{"type":"Feature","properties":{"id":"133360","type":"AC; OVERHEAD","status":"IN SERVICE","owner":null,"voltage":161,"voltClass":"100-161"},"geometry":{"type":"LineString","coordinates":[[-90.7401,42.48608],[-90.74047,42.48605],[-90.74046,42.48628],[-90.74037,42.48644]]}},{"type":"Feature","properties":{"id":"160475","type":"AC; OVERHEAD","status":"IN SERVICE","owner":"WAVERLY MUNICIPAL ELEC UTILITY","voltage":161,"voltClass":"100-161"},"geometry":{"type":"LineString","coordinates":[[-91.08719,41.30849],[-91.08742,41.30848],[-91.08766,41.30849],[-91.08961,41.30703],[-91.09153,41.30558],[-91.09341,41.30418],[-91.09523,41.30283],[-91.0967,41.30173],[-91.09844,41.30045],[-91.09992,41.29925],[-91.10002,41.29918]]}},{"type":"Feature","properties":{"id":"131976","type":"AC; OVERHEAD","status":"IN SERVICE","owner":"CEDAR FALLS UTILITIES","voltage":161,"voltClass":"100-161"},"geometry":{"type":"LineString","coordinates":[[-92.92122,42.37557],[-92.92379,42.37557],[-92.92641,42.37557],[-92.9289,42.37558],[-92.93194,42.37559],[-92.93433,42.3756],[-92.93684,42.37561],[-92.93955,42.37562],[-92.94168,42.37563],[-92.94431,42.37563],[-92.94639,42.37563],[-92.94842,42.3756],[-92.95051,42.37557],[-92.95314,42.37553],[-92.9559,42.3755],[-92.95815,42.37547],[-92.96091,42.37543],[-92.96357,42.37541],[-92.96595,42.37539],[-92.96847,42.3754],[-92.97089,42.3754],[-92.97343,42.37541],[-92.97573,42.37541],[-92.97821,42.37542],[-92.98113,42.37543],[-92.98324,42.37543],[-92.98326,42.37696],[-92.98329,42.37872],[-92.98332,42.38061],[-92.98334,42.38254],[-92.98336,42.38357],[-92.98339,42.38567],[-92.98341,42.38749],[-92.98343,42.38886],[-92.98569,42.38886],[-92.9878,42.38886],[-92.99093,42.38889],[-92.99317,42.3896],[-92.99537,42.39032],[-92.99762,42.39032],[-93,42.39032],[-93.00257,42.39031],[-93.0054,42.39047],[-93.00836,42.39062],[-93.01056,42.39061],[-93.01317,42.39059],[-93.01558,42.39058],[-93.01803,42.39057],[-93.02023,42.39056],[-93.02211,42.39056],[-93.02702,42.39122],[-93.03137,42.39053],[-93.03783,42.39048],[-93.0512,42.39044],[-93.05593,42.39418],[-93.06086,42.39416],[-93.06825,42.39406],[-93.07086,42.39407],[-93.07321,42.39395],[-93.07836,42.39394],[-93.08506,42.39397],[-93.09583,42.39727],[-93.10306,42.39726],[-93.1036,42.39725],[-93.10384,42.39722],[-93.10408,42.39724],[-93.10538,42.39724],[-93.10991,42.39722],[-93.1164,42.39738],[-93.11882,42.39735],[-93.1269,42.39738],[-93.13682,42.39742],[-93.13846,42.39954],[-93.13916,42.4003],[-93.14,42.40085],[-93.14086,42.40134],[-93.14676,42.4035],[-93.15346,42.4059],[-93.15789,42.40753],[-93.16552,42.41031],[-93.17459,42.41361],[-93.17947,42.41538],[-93.18344,42.41726],[-93.18642,42.41933],[-93.18969,42.42178],[-93.19299,42.42423],[-93.19684,42.42708],[-93.19897,42.42866],[-93.20243,42.43122],[-93.20322,42.43179],[-93.20604,42.43391],[-93.21104,42.43765],[-93.21646,42.44165],[-93.21781,42.44273],[-93.22247,42.44603],[-93.22375,42.44672],[-93.22746,42.44885],[-93.23422,42.45241],[-93.23989,42.45545],[-93.24285,42.45818],[-93.24361,42.45984],[-93.24434,42.46194],[-93.24542,42.46535],[-93.24766,42.47229],[-93.24883,42.476],[-93.24944,42.47787],[-93.25109,42.48279],[-93.25275,42.48814],[-93.25299,42.48987],[-93.25254,42.49146],[-93.25206,42.49315],[-93.2518,42.49404],[-93.25063,42.4957],[-93.248,42.49927],[-93.24655,42.50071],[-93.24658,42.50254],[-93.24652,42.50541],[-93.24641,42.50631],[-93.24639,42.50709],[-93.24763,42.50713],[-93.25272,42.50709],[-93.25645,42.50704],[-93.26012,42.50699],[-93.26134,42.50698],[-93.26506,42.50698],[-93.26889,42.50701],[-93.26889,42.50956],[-93.26694,42.50953],[-93.26691,42.51077],[-93.26667,42.51116]]}},{"type":"Feature","properties":{"id":"100806","type":"AC; OVERHEAD","status":"IN SERVICE","owner":null,"voltage":345,"voltClass":"345"},"geometry":{"type":"LineString","coordinates":[[-90.49581,42.25663],[-90.49592,42.25673]]}},{"type":"Feature","properties":{"id":"116650","type":"AC; OVERHEAD","status":"IN SERVICE","owner":"MIDAMERICAN ENERGY CO","voltage":161,"voltClass":"100-161"},"geometry":{"type":"LineString","coordinates":[[-91.55792,41.68517],[-91.55323,41.68515],[-91.54715,41.68518],[-91.54549,41.68531],[-91.53976,41.68522],[-91.5382,41.68519],[-91.53647,41.68586],[-91.5338,41.68585],[-91.52739,41.68581],[-91.52078,41.68574],[-91.51412,41.68574],[-91.50738,41.68573],[-91.50293,41.68571],[-91.50215,41.68571],[-91.50165,41.68556],[-91.50026,41.68506],[-91.49927,41.68474],[-91.49864,41.6852],[-91.49783,41.68549],[-91.49687,41.68556],[-91.49613,41.68563],[-91.49529,41.68564],[-91.49337,41.68562],[-91.4925,41.68562],[-91.49251,41.68492],[-91.49192,41.68493],[-91.49191,41.68518]]}},{"type":"Feature","properties":{"id":"148100","type":"AC; OVERHEAD","status":"IN SERVICE","owner":"MIDAMERICAN ENERGY CO","voltage":161,"voltClass":"100-161"},"geometry":{"type":"LineString","coordinates":[[-93.61421,41.6035],[-93.61331,41.60328],[-93.61373,41.60205],[-93.61471,41.60065],[-93.61715,41.59787],[-93.61891,41.59481],[-93.6196,41.59164],[-93.61969,41.59098],[-93.61969,41.59096]]}},{"type":"Feature","properties":{"id":"160596","type":"AC; OVERHEAD","status":"IN SERVICE","owner":"MIDAMERICAN ENERGY CO","voltage":161,"voltClass":"100-161"},"geometry":{"type":"LineString","coordinates":[[-91.56452,41.67263],[-91.56517,41.67296],[-91.56567,41.67092],[-91.56787,41.67102],[-91.56903,41.67135],[-91.57024,41.67132],[-91.57285,41.66983],[-91.57567,41.67109],[-91.57938,41.67279],[-91.58543,41.67594],[-91.59296,41.67983],[-91.5984,41.68258],[-91.59864,41.68216]]}},{"type":"Feature","properties":{"id":"126501","type":"AC; OVERHEAD","status":"IN SERVICE","owner":"MIDAMERICAN ENERGY CO","voltage":161,"voltClass":"100-161"},"geometry":{"type":"LineString","coordinates":[[-93.52725,41.54169],[-93.52777,41.54231],[-93.52771,41.54288],[-93.52331,41.54277],[-93.52345,41.54716],[-93.52346,41.5531],[-93.52346,41.55353],[-93.52381,41.55373]]}},{"type":"Feature","properties":{"id":"160597","type":"AC; OVERHEAD","status":"IN SERVICE","owner":"MIDAMERICAN ENERGY CO","voltage":161,"voltClass":"100-161"},"geometry":{"type":"LineString","coordinates":[[-91.59864,41.68216],[-91.59879,41.68169],[-91.59911,41.68178],[-91.59867,41.68273],[-91.60565,41.68641],[-91.61069,41.68901],[-91.61727,41.69236],[-91.62593,41.69687],[-91.63056,41.69926],[-91.63478,41.7014],[-91.63548,41.70174],[-91.63728,41.70245],[-91.63832,41.70278],[-91.6394,41.70308],[-91.64157,41.70353],[-91.64276,41.70367],[-91.6449,41.70386],[-91.6474,41.70383],[-91.65486,41.70363],[-91.66016,41.70352],[-91.66461,41.70341],[-91.66892,41.7033],[-91.67542,41.70312],[-91.68123,41.70294],[-91.6818,41.70686],[-91.6824,41.70713]]}},{"type":"Feature","properties":{"id":"121243","type":"AC; OVERHEAD","status":"IN SERVICE","owner":"MIDAMERICAN ENERGY CO","voltage":161,"voltClass":"100-161"},"geometry":{"type":"LineString","coordinates":[[-92.06444,41.56435],[-92.06359,41.56468],[-92.06234,41.56469],[-92.05967,41.56471],[-92.05695,41.56473],[-92.05452,41.56474],[-92.05241,41.56475],[-92.05032,41.56477],[-92.04786,41.56478],[-92.04503,41.5648],[-92.0425,41.56482],[-92.04012,41.56483],[-92.03711,41.56486],[-92.03478,41.56487],[-92.03304,41.56489],[-92.03104,41.56491],[-92.02789,41.56493],[-92.02604,41.56495],[-92.02312,41.56512],[-92.01756,41.56497],[-92.01568,41.56497],[-92.01236,41.56498],[-92.00924,41.56498],[-92.00689,41.56499],[-92.00481,41.565],[-92.00291,41.565],[-92.00075,41.56501],[-91.99893,41.56502],[-91.99719,41.56504],[-91.99152,41.56506],[-91.98914,41.56507],[-91.98652,41.56509],[-91.98417,41.5651],[-91.98097,41.56511],[-91.97866,41.56512],[-91.97591,41.56513],[-91.9727,41.56511],[-91.97037,41.56512],[-91.96738,41.56511],[-91.96234,41.5651],[-91.95948,41.56519],[-91.95653,41.56519],[-91.95422,41.5652],[-91.9516,41.5652],[-91.94888,41.56519],[-91.94611,41.56522],[-91.9439,41.56522],[-91.94141,41.56525],[-91.93948,41.56529],[-91.93696,41.56531],[-91.93452,41.56534],[-91.93217,41.56536],[-91.92911,41.56539],[-91.92686,41.56543],[-91.92455,41.56546],[-91.92125,41.56552],[-91.91939,41.56554],[-91.91657,41.56559],[-91.91463,41.56562],[-91.91218,41.56565],[-91.90961,41.56571],[-91.90626,41.56576],[-91.90399,41.56569],[-91.90133,41.56581],[-91.89874,41.56584],[-91.89605,41.56585],[-91.89421,41.56587],[-91.89255,41.56586],[-91.8899,41.56584],[-91.88801,41.56586],[-91.88535,41.56562],[-91.88312,41.56579],[-91.88082,41.5658],[-91.87841,41.5658],[-91.87635,41.56579],[-91.87351,41.56579],[-91.87109,41.56578],[-91.86883,41.56578],[-91.86654,41.56578],[-91.86432,41.5658],[-91.86162,41.56582],[-91.85969,41.56583],[-91.8577,41.56584],[-91.85525,41.56587],[-91.8526,41.56587],[-91.85013,41.5659],[-91.84712,41.56594],[-91.84466,41.56613],[-91.84234,41.56631],[-91.83982,41.56592],[-91.83789,41.56591],[-91.8353,41.56591],[-91.83262,41.5659],[-91.83041,41.56591],[-91.82813,41.56592],[-91.82579,41.56593],[-91.82326,41.56591],[-91.82144,41.5659],[-91.81862,41.56589],[-91.81672,41.56583],[-91.81367,41.56571],[-91.81111,41.56563],[-91.80871,41.56556],[-91.80653,41.56569],[-91.80408,41.56581],[-91.80149,41.56596],[-91.80005,41.56602],[-91.79724,41.56615],[-91.79448,41.56626],[-91.79231,41.56637],[-91.79021,41.56648],[-91.78847,41.56657],[-91.78517,41.56641],[-91.78336,41.56635],[-91.78039,41.5663],[-91.77884,41.56626],[-91.77578,41.56617],[-91.77351,41.56612],[-91.77167,41.56609],[-91.76981,41.56605],[-91.76698,41.56609],[-91.76388,41.56611],[-91.7614,41.56612],[-91.75897,41.56613],[-91.75675,41.56613],[-91.75406,41.56612],[-91.75183,41.56613],[-91.74967,41.56612],[-91.74707,41.56613],[-91.74442,41.56615],[-91.74206,41.56616],[-91.73956,41.56617],[-91.73717,41.56618],[-91.73478,41.56618],[-91.73246,41.56616],[-91.72991,41.5661],[-91.72748,41.56604],[-91.7256,41.56601],[-91.72311,41.56594],[-91.71966,41.56587],[-91.71753,41.56582],[-91.71513,41.56574],[-91.71242,41.56568],[-91.71021,41.56566],[-91.70692,41.56563],[-91.70522,41.56561],[-91.7024,41.56559],[-91.69998,41.56558],[-91.69732,41.56554],[-91.69445,41.56552],[-91.69256,41.56551],[-91.69031,41.56549],[-91.68841,41.56549],[-91.68552,41.56547],[-91.68295,41.56545],[-91.68034,41.56543],[-91.67773,41.56542],[-91.6753,41.56546],[-91.67223,41.56547],[-91.67038,41.56545],[-91.66796,41.56544],[-91.6653,41.56544],[-91.66305,41.56543],[-91.66102,41.56541],[-91.65854,41.5654],[-91.65681,41.56543],[-91.65356,41.56543],[-91.65148,41.5654],[-91.64838,41.56537],[-91.64564,41.56534],[-91.64363,41.56532],[-91.64159,41.56531],[-91.63978,41.56529],[-91.63707,41.56529],[-91.63428,41.56542],[-91.63244,41.56549],[-91.63127,41.56622],[-91.62955,41.56733],[-91.628,41.56833],[-91.62706,41.5689],[-91.62554,41.5689],[-91.62318,41.56891],[-91.62153,41.56891],[-91.61892,41.56891],[-91.61635,41.56888],[-91.61363,41.56887],[-91.61084,41.56882],[-91.6088,41.5688],[-91.60611,41.56877],[-91.60292,41.56873],[-91.60035,41.5687],[-91.59734,41.5687],[-91.59442,41.56873],[-91.59164,41.56875],[-91.58662,41.5688],[-91.5847,41.56882],[-91.58182,41.56889],[-91.57968,41.56897],[-91.57658,41.56897],[-91.57453,41.56891],[-91.57202,41.56892],[-91.5704,41.56891],[-91.56782,41.56893],[-91.56515,41.56895],[-91.5625,41.569],[-91.56034,41.56903],[-91.55797,41.569],[-91.55529,41.56901],[-91.55275,41.569],[-91.55015,41.56903],[-91.54754,41.56905],[-91.54656,41.56905],[-91.54453,41.56906],[-91.5417,41.56906],[-91.5402,41.56907],[-91.53869,41.56908],[-91.53716,41.56908],[-91.53666,41.56909],[-91.536,41.57063]]}},{"type":"Feature","properties":{"id":"104913","type":"AC; OVERHEAD","status":"IN SERVICE","owner":"MIDAMERICAN ENERGY CO","voltage":161,"voltClass":"100-161"},"geometry":{"type":"LineString","coordinates":[[-91.56076,41.60027],[-91.56116,41.60027]]}},{"type":"Feature","properties":{"id":"115291","type":"AC; OVERHEAD","status":"IN SERVICE","owner":"MIDAMERICAN ENERGY CO","voltage":161,"voltClass":"100-161"},"geometry":{"type":"LineString","coordinates":[[-91.57358,41.64734],[-91.57427,41.64736],[-91.57424,41.64933],[-91.574,41.64974],[-91.57397,41.65244],[-91.57391,41.65415],[-91.57382,41.65555],[-91.57381,41.65607],[-91.5738,41.65726],[-91.57376,41.65869],[-91.57373,41.66023],[-91.57367,41.66278],[-91.57371,41.66445],[-91.57424,41.66526],[-91.57412,41.66686],[-91.57405,41.66849],[-91.57315,41.66849],[-91.57153,41.66854],[-91.57027,41.66894],[-91.56746,41.66752],[-91.56468,41.66579],[-91.5631,41.66478],[-91.56154,41.66383],[-91.56013,41.66297],[-91.55845,41.66186],[-91.55817,41.66182]]}},{"type":"Feature","properties":{"id":"119010","type":"AC; OVERHEAD","status":"IN SERVICE","owner":"MIDAMERICAN ENERGY CO","voltage":161,"voltClass":"100-161"},"geometry":{"type":"LineString","coordinates":[[-91.55817,41.66182],[-91.5601,41.66299],[-91.56312,41.66485],[-91.56471,41.66584],[-91.56607,41.66669],[-91.56744,41.66755],[-91.56926,41.66847],[-91.57021,41.66894],[-91.569,41.66932],[-91.56658,41.67011],[-91.56645,41.67015],[-91.56567,41.67039],[-91.56438,41.67084],[-91.56431,41.67141],[-91.56452,41.67263]]}},{"type":"Feature","properties":{"id":"121052","type":"AC; OVERHEAD","status":"IN SERVICE","owner":"MIDAMERICAN ENERGY CO","voltage":161,"voltClass":"100-161"},"geometry":{"type":"LineString","coordinates":[[-91.57358,41.64734],[-91.57426,41.64724],[-91.57427,41.64534],[-91.57441,41.64178],[-91.57442,41.64104],[-91.57454,41.63746],[-91.5746,41.6359],[-91.57467,41.63417],[-91.57479,41.63192],[-91.57483,41.63051],[-91.57488,41.62967],[-91.57479,41.62844],[-91.57482,41.62431],[-91.57008,41.62427],[-91.57025,41.62062],[-91.57026,41.61983],[-91.57031,41.61621],[-91.57036,41.61473],[-91.57036,41.61409],[-91.57037,41.61334],[-91.57035,41.61246],[-91.57034,41.61158],[-91.57043,41.60692],[-91.57046,41.60616],[-91.57052,41.60269],[-91.57052,41.60251],[-91.56586,41.6025],[-91.56066,41.60247],[-91.56074,41.60093],[-91.56076,41.60027]]}},{"type":"Feature","properties":{"id":"123166","type":"AC; OVERHEAD","status":"IN SERVICE","owner":"MIDAMERICAN ENERGY CO","voltage":161,"voltClass":"100-161"},"geometry":{"type":"LineString","coordinates":[[-91.48387,41.63689],[-91.48414,41.63766],[-91.48305,41.63725],[-91.48304,41.63986],[-91.48302,41.64317],[-91.48302,41.64708],[-91.483,41.6484],[-91.48303,41.6523],[-91.48308,41.65692],[-91.48311,41.66087],[-91.48312,41.66481],[-91.48311,41.66749],[-91.4831,41.67087],[-91.48311,41.67434],[-91.48313,41.67563],[-91.48313,41.67949],[-91.48309,41.68082],[-91.483,41.68411],[-91.483,41.68478],[-91.48376,41.68496],[-91.48526,41.68528],[-91.48598,41.68545],[-91.4867,41.68556],[-91.48741,41.68564],[-91.48905,41.68564],[-91.4908,41.68562],[-91.49164,41.68562],[-91.4919,41.68561],[-91.49191,41.68518]]}},{"type":"Feature","properties":{"id":"132327","type":"AC; OVERHEAD","status":"IN SERVICE","owner":"MIDAMERICAN ENERGY CO","voltage":161,"voltClass":"100-161"},"geometry":{"type":"LineString","coordinates":[[-91.48387,41.63689],[-91.48428,41.63716],[-91.48417,41.63766],[-91.48683,41.63874],[-91.48933,41.63977],[-91.49188,41.6408],[-91.49437,41.64179],[-91.49944,41.6438],[-91.50565,41.64637],[-91.50956,41.64789],[-91.51121,41.6479],[-91.51135,41.64741]]}},{"type":"Feature","properties":{"id":"133006","type":"AC; OVERHEAD","status":"IN SERVICE","owner":"MIDAMERICAN ENERGY CO","voltage":161,"voltClass":"100-161"},"geometry":{"type":"LineString","coordinates":[[-91.56076,41.60027],[-91.56066,41.59949],[-91.56039,41.59891],[-91.56043,41.59645],[-91.56045,41.59285],[-91.56045,41.59215],[-91.56049,41.58927],[-91.56056,41.58576],[-91.56061,41.58431],[-91.56058,41.58359],[-91.55768,41.58363],[-91.55193,41.58366],[-91.54705,41.58368],[-91.54197,41.58368],[-91.54152,41.58331],[-91.54149,41.58059],[-91.54156,41.57683],[-91.54163,41.57261],[-91.54168,41.56925],[-91.53831,41.56927],[-91.5367,41.56932],[-91.536,41.57063]]}},{"type":"Feature","properties":{"id":"138587","type":"AC; OVERHEAD","status":"IN SERVICE","owner":"MIDAMERICAN ENERGY CO","voltage":161,"voltClass":"100-161"},"geometry":{"type":"LineString","coordinates":[[-91.536,41.57063],[-91.53601,41.56917],[-91.53449,41.56915],[-91.53283,41.57],[-91.52539,41.57379],[-91.51467,41.57931],[-91.51288,41.58022],[-91.51117,41.58105],[-91.50598,41.58345],[-91.50638,41.58505],[-91.50612,41.59296],[-91.506,41.59834],[-91.50627,41.59985],[-91.50705,41.60414],[-91.50707,41.60866],[-91.50709,41.61635],[-91.50705,41.62042],[-91.5118,41.62041],[-91.51175,41.62431],[-91.5116,41.63059],[-91.51156,41.63417],[-91.5115,41.63896],[-91.51148,41.64241],[-91.51145,41.64547],[-91.51146,41.64667],[-91.51135,41.64741]]}},{"type":"Feature","properties":{"id":"150991","type":"AC; OVERHEAD","status":"IN SERVICE","owner":"MIDAMERICAN ENERGY CO","voltage":161,"voltClass":"100-161"},"geometry":{"type":"LineString","coordinates":[[-91.564,41.67188],[-91.56452,41.67263],[-91.56474,41.67339],[-91.56514,41.67431],[-91.56538,41.67512],[-91.56524,41.67568]]}},{"type":"Feature","properties":{"id":"160599","type":"AC; OVERHEAD","status":"IN SERVICE","owner":"MIDAMERICAN ENERGY CO","voltage":161,"voltClass":"100-161"},"geometry":{"type":"LineString","coordinates":[[-91.08865,41.38778],[-91.08932,41.38724],[-91.09003,41.38668],[-91.09073,41.3861],[-91.09141,41.38556],[-91.09211,41.38498],[-91.09288,41.38435],[-91.09383,41.38359],[-91.09471,41.38288],[-91.09565,41.38211],[-91.09672,41.38123],[-91.09783,41.38033],[-91.09896,41.37942],[-91.10279,41.3763],[-91.10497,41.37452],[-91.10603,41.37366],[-91.1071,41.37277],[-91.10825,41.37186],[-91.1096,41.37076],[-91.10965,41.36955],[-91.10968,41.36761],[-91.10972,41.36636],[-91.10975,41.36509],[-91.10979,41.36383],[-91.10981,41.36147],[-91.10982,41.35917],[-91.10981,41.35695],[-91.1098,41.35572],[-91.1098,41.3532],[-91.10983,41.35111],[-91.10983,41.35007],[-91.10983,41.349],[-91.10984,41.34772],[-91.10985,41.34643],[-91.10986,41.3451],[-91.10936,41.34422],[-91.10934,41.34305],[-91.10932,41.34072],[-91.10928,41.33852],[-91.10926,41.33609],[-91.1095,41.33483],[-91.10926,41.33355],[-91.10928,41.33256],[-91.10929,41.33059],[-91.10932,41.3283],[-91.10936,41.32592],[-91.1094,41.32469],[-91.10941,41.32353],[-91.10943,41.32226],[-91.10946,41.32109],[-91.10908,41.3198],[-91.1091,41.3185],[-91.10915,41.31754],[-91.10919,41.31632],[-91.10922,41.3151],[-91.10925,41.31387],[-91.10931,41.31152],[-91.10933,41.3104],[-91.1086,41.3098],[-91.10784,41.30922],[-91.10485,41.3092],[-91.10173,41.30919],[-91.10011,41.3092],[-91.09977,41.30827],[-91.09979,41.3071],[-91.09986,41.30479],[-91.09988,41.30366],[-91.09995,41.30261],[-91.09994,41.30148],[-91.09997,41.30032],[-91.10002,41.29932],[-91.10002,41.29918]]}},{"type":"Feature","properties":{"id":"103974","type":"AC; OVERHEAD","status":"IN SERVICE","owner":null,"voltage":161,"voltClass":"100-161"},"geometry":{"type":"LineString","coordinates":[[-91.06066,41.38795],[-91.05989,41.38818],[-91.05962,41.38709],[-91.05934,41.38594],[-91.059,41.38474],[-91.05908,41.38373],[-91.05913,41.38287],[-91.05916,41.38198],[-91.05923,41.38106],[-91.0599,41.38037],[-91.06045,41.37981],[-91.06104,41.3792],[-91.06168,41.37853],[-91.0624,41.3778],[-91.06287,41.37731],[-91.06384,41.37732],[-91.06483,41.37733],[-91.06583,41.37734],[-91.06682,41.37736],[-91.06781,41.37737],[-91.06875,41.37738],[-91.06968,41.37741],[-91.07065,41.37741],[-91.0716,41.37744],[-91.07258,41.37744],[-91.0735,41.37745],[-91.07445,41.37747],[-91.07561,41.37748],[-91.07668,41.37748],[-91.07786,41.3775],[-91.07903,41.3775],[-91.08142,41.37753],[-91.08324,41.37755],[-91.08408,41.37754],[-91.08495,41.37755],[-91.08622,41.37757],[-91.08715,41.37758],[-91.08815,41.37757],[-91.09031,41.3776],[-91.09131,41.37761],[-91.0942,41.37764],[-91.0971,41.37767],[-91.09896,41.37769],[-91.10001,41.37768],[-91.10001,41.37688],[-91.10002,41.37609],[-91.10007,41.37534],[-91.10008,41.3745],[-91.10009,41.37366],[-91.10012,41.37195],[-91.10018,41.37036],[-91.10021,41.36951],[-91.10023,41.36865],[-91.10028,41.36696],[-91.10033,41.36525],[-91.10039,41.36343],[-91.10038,41.36265],[-91.10038,41.36108],[-91.10036,41.36034],[-91.10037,41.35951],[-91.10032,41.35875],[-91.10023,41.35724],[-91.10014,41.35572],[-91.10016,41.35455],[-91.10014,41.35334],[-91.10012,41.35198],[-91.10012,41.35114],[-91.10065,41.35113],[-91.10132,41.3512]]}},{"type":"Feature","properties":{"id":"146608","type":"AC; OVERHEAD","status":"IN SERVICE","owner":"MIDAMERICAN ENERGY CO","voltage":161,"voltClass":"100-161"},"geometry":{"type":"LineString","coordinates":[[-91.10132,41.3512],[-91.10101,41.35074],[-91.10053,41.35071],[-91.1005,41.34987],[-91.10044,41.34847],[-91.1004,41.34686],[-91.10037,41.34523],[-91.10033,41.34362],[-91.10031,41.34196],[-91.10028,41.34015],[-91.09927,41.33907],[-91.09825,41.338],[-91.09831,41.33651],[-91.09833,41.33503],[-91.09837,41.33352],[-91.0984,41.33204],[-91.09842,41.33071],[-91.09847,41.32925],[-91.0985,41.32766],[-91.09852,41.32607],[-91.09863,41.32472],[-91.09863,41.32328],[-91.09861,41.32161],[-91.09865,41.32002],[-91.09876,41.31848],[-91.09878,41.31713],[-91.09879,41.31575],[-91.09883,41.31419],[-91.0989,41.31261],[-91.09893,41.31154],[-91.099,41.31042],[-91.09891,41.31042],[-91.09686,41.31036],[-91.0948,41.31033],[-91.09255,41.31031],[-91.0908,41.31031],[-91.08891,41.30964],[-91.0872,41.30919],[-91.08721,41.30881],[-91.08719,41.30849]]}},{"type":"Feature","properties":{"id":"160653","type":"AC; OVERHEAD","status":"IN SERVICE","owner":"MIDAMERICAN ENERGY CO","voltage":161,"voltClass":"100-161"},"geometry":{"type":"LineString","coordinates":[[-93.62742,41.50126],[-93.6269,41.50136],[-93.62641,41.50131],[-93.62545,41.5013],[-93.62554,41.48967],[-93.6228,41.4911],[-93.61052,41.49759],[-93.60345,41.50086],[-93.59704,41.50386],[-93.59354,41.5042],[-93.58638,41.50491],[-93.57748,41.50837],[-93.56979,41.51141],[-93.55841,41.51666],[-93.54712,41.5218],[-93.53921,41.52544],[-93.52932,41.53006],[-93.52934,41.54022],[-93.52783,41.5409],[-93.52786,41.54136],[-93.52725,41.54169]]}},{"type":"Feature","properties":{"id":"125239","type":"AC; OVERHEAD","status":"IN SERVICE","owner":"MIDAMERICAN ENERGY CO","voltage":161,"voltClass":"100-161"},"geometry":{"type":"LineString","coordinates":[[-91.64983,41.93851],[-91.64985,41.9392],[-91.64931,41.94034],[-91.64836,41.94226],[-91.64856,41.94377],[-91.642,41.94475],[-91.63862,41.94525],[-91.63606,41.94563],[-91.62797,41.94682],[-91.61904,41.94813],[-91.61866,41.94854],[-91.61632,41.94875],[-91.61393,41.94923],[-91.61169,41.9499],[-91.60978,41.9507],[-91.60794,41.95172],[-91.60253,41.95515],[-91.59909,41.95733],[-91.5972,41.95852],[-91.59391,41.96063],[-91.59222,41.9617],[-91.5888,41.96377],[-91.58691,41.96459],[-91.58475,41.96515],[-91.58262,41.96543],[-91.58042,41.96545],[-91.57822,41.96521],[-91.57614,41.9647],[-91.57419,41.96393],[-91.57243,41.96296],[-91.57089,41.96176],[-91.56814,41.95936],[-91.56574,41.95724],[-91.56166,41.95365],[-91.56106,41.95312],[-91.55909,41.95497],[-91.55743,41.95656],[-91.55709,41.95824]]}},{"type":"Feature","properties":{"id":"120212","type":"AC; OVERHEAD","status":"IN SERVICE","owner":"MIDAMERICAN ENERGY CO","voltage":161,"voltClass":"100-161"},"geometry":{"type":"LineString","coordinates":[[-93.52725,41.54169],[-93.52873,41.5422],[-93.52864,41.54306],[-93.53189,41.54314],[-93.53577,41.54644],[-93.53659,41.54711],[-93.53746,41.54764],[-93.53831,41.5481],[-93.53944,41.5485],[-93.5421,41.5481],[-93.54233,41.5473],[-93.54543,41.5474],[-93.54967,41.54757],[-93.55401,41.54771],[-93.55634,41.54779],[-93.55695,41.54782],[-93.55685,41.54837],[-93.55701,41.54858]]}},{"type":"Feature","properties":{"id":"128059","type":"AC; OVERHEAD","status":"IN SERVICE","owner":"MIDAMERICAN ENERGY CO","voltage":161,"voltClass":"100-161"},"geometry":{"type":"LineString","coordinates":[[-93.50202,41.60459],[-93.50096,41.60465],[-93.50103,41.60437],[-93.50313,41.60037],[-93.50589,41.59511],[-93.5083,41.59059],[-93.51141,41.58471],[-93.51401,41.57988],[-93.51417,41.57913],[-93.51464,41.57709],[-93.5153,41.5743],[-93.51546,41.57361],[-93.51681,41.5679],[-93.5173,41.56582],[-93.51921,41.56264],[-93.52074,41.55999],[-93.52226,41.55731],[-93.52319,41.55547],[-93.52375,41.55433],[-93.52381,41.55373]]}},{"type":"Feature","properties":{"id":"124713","type":"AC; OVERHEAD","status":"IN SERVICE","owner":"MIDAMERICAN ENERGY CO","voltage":115,"voltClass":"100-161"},"geometry":{"type":"LineString","coordinates":[[-91.42995,41.83869],[-91.42991,41.83843],[-91.42977,41.83653],[-91.42971,41.83468],[-91.42973,41.83275],[-91.42983,41.82374],[-91.42984,41.82185],[-91.42991,41.81836],[-91.42992,41.81675],[-91.42742,41.81494],[-91.42392,41.81231],[-91.42179,41.81071],[-91.4199,41.80932],[-91.41848,41.80828],[-91.41723,41.80739],[-91.41562,41.80622],[-91.41226,41.80373],[-91.40908,41.80137],[-91.40647,41.79946],[-91.40506,41.79842],[-91.405,41.79643],[-91.40501,41.79466],[-91.405,41.7911],[-91.40496,41.78927],[-91.40488,41.78724],[-91.40487,41.78523],[-91.40483,41.78372],[-91.40481,41.78206],[-91.40432,41.78009],[-91.40479,41.77817],[-91.4048,41.77685],[-91.40483,41.7756],[-91.40485,41.77427],[-91.40489,41.7723],[-91.40491,41.77053],[-91.40495,41.76869],[-91.40498,41.76691],[-91.40501,41.76568],[-91.40499,41.76407],[-91.40502,41.76218],[-91.40504,41.75876],[-91.40504,41.75549],[-91.40506,41.75355],[-91.40508,41.75036],[-91.4051,41.74836],[-91.40511,41.74519],[-91.40519,41.7411],[-91.40521,41.73971],[-91.40524,41.73801],[-91.40531,41.73472],[-91.4053,41.73291],[-91.40536,41.73057],[-91.40541,41.72941],[-91.40539,41.72778],[-91.40537,41.72605],[-91.40535,41.72424],[-91.40531,41.72198],[-91.40528,41.72043],[-91.40528,41.71926],[-91.40526,41.71758],[-91.40526,41.71599],[-91.40521,41.71291],[-91.40518,41.70955],[-91.40514,41.70531],[-91.40509,41.70135],[-91.40509,41.69845],[-91.40509,41.69652],[-91.40495,41.69461],[-91.40416,41.69274],[-91.40417,41.6911],[-91.40417,41.68969],[-91.40412,41.68752],[-91.40411,41.68585],[-91.40294,41.68585],[-91.40063,41.68586],[-91.39492,41.68588],[-91.3938,41.68588],[-91.39147,41.68588],[-91.38819,41.68583],[-91.38717,41.68581],[-91.38713,41.68614],[-91.3865,41.68591]]}},{"type":"Feature","properties":{"id":"119945","type":"AC; OVERHEAD","status":"IN SERVICE","owner":"MIDAMERICAN ENERGY CO","voltage":115,"voltClass":"100-161"},"geometry":{"type":"LineString","coordinates":[[-91.42995,41.83869],[-91.42992,41.83898],[-91.42961,41.83996],[-91.42962,41.84237],[-91.42964,41.84579],[-91.42957,41.84932],[-91.43093,41.8506],[-91.43328,41.8529],[-91.43432,41.85395],[-91.43693,41.85657],[-91.43874,41.85836],[-91.44058,41.86018],[-91.44194,41.86146],[-91.4432,41.86265],[-91.4439,41.86335],[-91.44566,41.8651],[-91.44736,41.86585],[-91.44878,41.86639],[-91.45033,41.86702],[-91.45227,41.86781],[-91.45514,41.86894],[-91.45685,41.86964],[-91.45934,41.87068],[-91.4616,41.87158],[-91.46324,41.87223],[-91.46565,41.87318],[-91.468,41.87414],[-91.47292,41.87613],[-91.47514,41.8769],[-91.4776,41.87778],[-91.47956,41.8784],[-91.48228,41.87927],[-91.48499,41.88016],[-91.48745,41.88095],[-91.49036,41.8819],[-91.49206,41.88244],[-91.49512,41.88342],[-91.4966,41.88391],[-91.49905,41.8847],[-91.50341,41.88622],[-91.50627,41.88721],[-91.51021,41.88861],[-91.51225,41.8893],[-91.5152,41.89171],[-91.51677,41.89296],[-91.51965,41.89526],[-91.52295,41.89789],[-91.52568,41.9001],[-91.52737,41.90148],[-91.52914,41.90248],[-91.5304,41.90323],[-91.53216,41.90421],[-91.5349,41.90622],[-91.53619,41.90717],[-91.54032,41.91022],[-91.54155,41.91112],[-91.54353,41.91116],[-91.54599,41.9112],[-91.54934,41.91125],[-91.55179,41.91127],[-91.55465,41.91128],[-91.55685,41.91131],[-91.55945,41.91133],[-91.56168,41.91136],[-91.56438,41.91137],[-91.56621,41.91228],[-91.56844,41.91332],[-91.57048,41.91425],[-91.57337,41.91559],[-91.57509,41.91638],[-91.57743,41.91746],[-91.5794,41.91837],[-91.58185,41.91947],[-91.58394,41.9204],[-91.58525,41.92102],[-91.58653,41.92159],[-91.58863,41.92253],[-91.59045,41.92336],[-91.59271,41.92439],[-91.59341,41.92496],[-91.59527,41.92637],[-91.59655,41.92736],[-91.5973,41.92767],[-91.5989,41.92826],[-91.60067,41.92897],[-91.60295,41.92977],[-91.60462,41.9304],[-91.60674,41.93118],[-91.60866,41.93143],[-91.61147,41.93187],[-91.61401,41.93222],[-91.6153,41.93241],[-91.61767,41.93277],[-91.61981,41.93305],[-91.62267,41.93564],[-91.62595,41.93857],[-91.62845,41.94071],[-91.63024,41.94144],[-91.63257,41.94241],[-91.63345,41.94279],[-91.63608,41.9439],[-91.63626,41.94397],[-91.63748,41.94471],[-91.63895,41.94474]]}},{"type":"Feature","properties":{"id":"123654","type":"AC; OVERHEAD","status":"IN SERVICE","owner":"MIDAMERICAN ENERGY CO","voltage":115,"voltClass":"100-161"},"geometry":{"type":"LineString","coordinates":[[-91.42995,41.83869],[-91.42985,41.83876],[-91.42965,41.8387],[-91.4277,41.83856],[-91.42685,41.83849],[-91.42468,41.83831],[-91.4224,41.83834],[-91.41993,41.83836],[-91.41762,41.83838],[-91.415,41.8384],[-91.41297,41.83842],[-91.41069,41.83844],[-91.40849,41.83846],[-91.40596,41.83848],[-91.40341,41.8385],[-91.40091,41.83852],[-91.39912,41.83853],[-91.39772,41.83852],[-91.39622,41.83856],[-91.39284,41.83698],[-91.39068,41.83599],[-91.38925,41.83533],[-91.38567,41.83367],[-91.38032,41.8312],[-91.37789,41.8312],[-91.37371,41.83114],[-91.36851,41.8311],[-91.36597,41.83106],[-91.36365,41.83104],[-91.36112,41.83112],[-91.35931,41.83116],[-91.35324,41.83122],[-91.34859,41.8313],[-91.34638,41.83133],[-91.34165,41.83128],[-91.33924,41.83127],[-91.33393,41.83119],[-91.33111,41.83118],[-91.32706,41.83113],[-91.32465,41.83111],[-91.31978,41.83107],[-91.31725,41.83106],[-91.31259,41.83103],[-91.31022,41.83102],[-91.30528,41.83093],[-91.30289,41.83087],[-91.30003,41.83086],[-91.2976,41.83085],[-91.29544,41.83082],[-91.29324,41.83081],[-91.29128,41.83081],[-91.2895,41.8308],[-91.28671,41.83078],[-91.28143,41.83076],[-91.27706,41.83073],[-91.27471,41.8307],[-91.26975,41.83068],[-91.26719,41.83066],[-91.26159,41.83065],[-91.25895,41.83065],[-91.25425,41.83069],[-91.25199,41.8307],[-91.2468,41.83077],[-91.24232,41.83083],[-91.23965,41.83088],[-91.23494,41.83089],[-91.2325,41.83089],[-91.22671,41.83087],[-91.22382,41.83085],[-91.22161,41.83083],[-91.22072,41.82716],[-91.2204,41.82593],[-91.21863,41.82527],[-91.2164,41.82444],[-91.21517,41.82333],[-91.21276,41.8233],[-91.21056,41.82325],[-91.20801,41.82323],[-91.20338,41.82315],[-91.1983,41.82308],[-91.19609,41.82306],[-91.19143,41.82299],[-91.18888,41.82298],[-91.18159,41.82298],[-91.17887,41.82298],[-91.17419,41.823],[-91.17167,41.82299],[-91.16927,41.82292],[-91.16722,41.82288],[-91.16527,41.82281],[-91.16343,41.82283],[-91.16186,41.82284],[-91.15936,41.82289],[-91.15694,41.82299],[-91.1545,41.82294],[-91.1521,41.82285],[-91.14967,41.82285],[-91.14752,41.82287],[-91.14485,41.82286],[-91.13932,41.82286],[-91.13528,41.8229],[-91.13213,41.82295],[-91.12754,41.82299],[-91.12266,41.82311],[-91.11987,41.82319],[-91.11781,41.82327],[-91.11545,41.82332],[-91.11304,41.82339],[-91.11043,41.82333],[-91.10551,41.82324],[-91.10312,41.8232],[-91.0991,41.82313],[-91.09508,41.82305],[-91.09101,41.82301],[-91.08685,41.82299],[-91.085,41.82358],[-91.08374,41.82399],[-91.08098,41.82316],[-91.07882,41.82314],[-91.07619,41.82312],[-91.07402,41.8231],[-91.06939,41.82311],[-91.06448,41.82311],[-91.05978,41.8231],[-91.05509,41.82309],[-91.04959,41.823],[-91.04509,41.8229],[-91.0427,41.82286],[-91.03778,41.82275],[-91.03517,41.82269],[-91.0327,41.82271],[-91.02791,41.82273],[-91.023,41.82277],[-91.01798,41.8228],[-91.01563,41.82284],[-91.01325,41.82289],[-91.01083,41.82297],[-91.00811,41.82306],[-91.00322,41.82318],[-90.99754,41.82335],[-90.99527,41.82335],[-90.99265,41.82333],[-90.98988,41.82333],[-90.98726,41.82331],[-90.98526,41.82328],[-90.98248,41.82326],[-90.97967,41.82323],[-90.97769,41.82323],[-90.97505,41.82321],[-90.97034,41.82313],[-90.9683,41.82308],[-90.96618,41.82305],[-90.96341,41.82298],[-90.96084,41.82292],[-90.95826,41.82291],[-90.95541,41.82292],[-90.95256,41.82291],[-90.9508,41.82292],[-90.94865,41.82288],[-90.94622,41.82285],[-90.94439,41.82281],[-90.94123,41.82275],[-90.93848,41.82276],[-90.93688,41.82273],[-90.93514,41.82285],[-90.93351,41.82282],[-90.93192,41.82281],[-90.92928,41.82279],[-90.92615,41.8228],[-90.92216,41.82277],[-90.91954,41.82278],[-90.91681,41.82103],[-90.91495,41.82101],[-90.91311,41.82096],[-90.91052,41.82089],[-90.90799,41.82086],[-90.90395,41.82075],[-90.90165,41.8207],[-90.89932,41.82062],[-90.8955,41.82066],[-90.89342,41.82067],[-90.89084,41.82116],[-90.88641,41.82212],[-90.88437,41.82255],[-90.8828,41.82255],[-90.87632,41.82257],[-90.8699,41.82247],[-90.86769,41.82244],[-90.86477,41.82242],[-90.85962,41.82238],[-90.85481,41.82234],[-90.85243,41.82232],[-90.84998,41.82229],[-90.8472,41.82227],[-90.84515,41.82229],[-90.8428,41.82226],[-90.83804,41.82228],[-90.83392,41.82229],[-90.8272,41.82223],[-90.82206,41.82223],[-90.81993,41.82226],[-90.81501,41.82113],[-90.81258,41.82058],[-90.81027,41.82009],[-90.80785,41.81955],[-90.80508,41.81953],[-90.7995,41.81952],[-90.79412,41.8195],[-90.79169,41.81948],[-90.78693,41.8195],[-90.78464,41.81949],[-90.77946,41.81949],[-90.77714,41.81947],[-90.77206,41.81946],[-90.76885,41.8188],[-90.76707,41.81843],[-90.76001,41.81843],[-90.75281,41.81843],[-90.75048,41.81844],[-90.75037,41.8219],[-90.75037,41.82317],[-90.75075,41.82476],[-90.75086,41.82564]]}},{"type":"Feature","properties":{"id":"100870","type":"AC; OVERHEAD","status":"IN SERVICE","owner":"MIDAMERICAN ENERGY CO","voltage":115,"voltClass":"100-161"},"geometry":{"type":"LineString","coordinates":[[-90.68558,41.82248],[-90.68591,41.82231],[-90.68667,41.82236],[-90.6895,41.82214],[-90.70017,41.82198],[-90.71123,41.82194],[-90.72567,41.82206],[-90.74263,41.82213],[-90.74534,41.82213],[-90.74883,41.82407],[-90.75067,41.82511],[-90.75068,41.82544],[-90.75086,41.82564]]}},{"type":"Feature","properties":{"id":"138338","type":"AC; OVERHEAD","status":"IN SERVICE","owner":null,"voltage":161,"voltClass":"100-161"},"geometry":{"type":"LineString","coordinates":[[-92.69848,41.57142],[-92.69812,41.57121],[-92.69779,41.57086],[-92.69607,41.57083],[-92.68396,41.5708],[-92.68016,41.57085],[-92.6697,41.5709],[-92.66644,41.57097],[-92.6609,41.57097],[-92.65524,41.57079],[-92.65022,41.57071],[-92.64416,41.57062],[-92.64229,41.5706],[-92.63837,41.57059],[-92.63539,41.57055],[-92.62654,41.57057],[-92.62345,41.57054],[-92.61123,41.5705],[-92.60812,41.57045],[-92.60621,41.57049],[-92.60402,41.57053],[-92.59036,41.57054],[-92.58876,41.5705],[-92.58515,41.57062],[-92.57656,41.57072],[-92.57527,41.57066],[-92.5658,41.57066],[-92.56141,41.57066],[-92.55907,41.57066],[-92.5462,41.57076],[-92.54175,41.5707],[-92.52983,41.57067],[-92.5272,41.57067],[-92.52257,41.57069],[-92.51095,41.5707],[-92.50698,41.57069],[-92.50019,41.57069],[-92.49883,41.5707],[-92.48927,41.57074],[-92.48454,41.57075],[-92.47256,41.57085],[-92.47027,41.57088],[-92.45131,41.57091],[-92.4412,41.57099],[-92.43406,41.57015],[-92.43179,41.57007],[-92.42193,41.57107],[-92.41229,41.57106],[-92.4065,41.57112],[-92.40159,41.5712],[-92.39407,41.57114],[-92.39277,41.57114],[-92.37658,41.57126],[-92.37521,41.57127],[-92.36521,41.57137],[-92.35962,41.5714],[-92.34623,41.57144],[-92.33667,41.57136],[-92.33639,41.57136],[-92.33264,41.57137],[-92.32445,41.57143],[-92.31869,41.57155],[-92.31416,41.57157],[-92.30554,41.57142],[-92.29767,41.57118],[-92.29654,41.57119],[-92.28225,41.57133],[-92.2783,41.57136],[-92.25846,41.57156],[-92.25015,41.57162],[-92.23931,41.57164],[-92.23468,41.57169],[-92.22036,41.56929],[-92.21534,41.56806],[-92.20317,41.56508],[-92.20056,41.56445],[-92.1975,41.56442],[-92.1946,41.56438],[-92.19148,41.56434],[-92.18859,41.56432],[-92.18546,41.56428],[-92.18334,41.56424],[-92.18132,41.56423],[-92.17946,41.56424],[-92.17719,41.56425],[-92.17505,41.56427],[-92.17268,41.56429],[-92.17059,41.5643],[-92.16793,41.5643],[-92.16517,41.5643],[-92.16264,41.5643],[-92.15951,41.5643],[-92.15723,41.56431],[-92.15444,41.56431],[-92.15201,41.56431],[-92.1487,41.56432],[-92.14548,41.56432],[-92.1431,41.56431],[-92.14064,41.56431],[-92.13818,41.56432],[-92.13604,41.56432],[-92.13389,41.56435],[-92.13161,41.56436],[-92.12829,41.56438],[-92.12595,41.5644],[-92.12372,41.5644],[-92.12166,41.56441],[-92.11931,41.56444],[-92.11635,41.56445],[-92.11346,41.56449],[-92.11088,41.56449],[-92.10835,41.56449],[-92.10597,41.5645],[-92.10238,41.56449],[-92.10044,41.56448],[-92.09832,41.56449],[-92.09591,41.56448],[-92.09298,41.56447],[-92.09058,41.56448],[-92.0879,41.56449],[-92.08522,41.5645],[-92.08243,41.56451],[-92.0797,41.56452],[-92.07728,41.56453],[-92.07489,41.56456],[-92.07224,41.5646],[-92.07001,41.56463],[-92.0677,41.56465],[-92.0657,41.56467],[-92.06503,41.56467],[-92.06444,41.56435]]}},{"type":"Feature","properties":{"id":"115843","type":"AC; OVERHEAD","status":"IN SERVICE","owner":"MIDAMERICAN ENERGY CO","voltage":161,"voltClass":"100-161"},"geometry":{"type":"LineString","coordinates":[[-92.64105,41.14451],[-92.64102,41.1438],[-92.63993,41.14379],[-92.63988,41.14101],[-92.63989,41.13591],[-92.63989,41.13324],[-92.6372,41.13155],[-92.63194,41.1282],[-92.62987,41.12693],[-92.62579,41.12437],[-92.62335,41.12279],[-92.61891,41.11997],[-92.61213,41.11571],[-92.60493,41.11119],[-92.60083,41.10859],[-92.59625,41.10568],[-92.59251,41.10333],[-92.59017,41.10183],[-92.58792,41.10044],[-92.58414,41.09804],[-92.57692,41.09346],[-92.56886,41.09344],[-92.56255,41.09347],[-92.55571,41.09305],[-92.55474,41.09284]]}},{"type":"Feature","properties":{"id":"160641","type":"AC; OVERHEAD","status":"IN SERVICE","owner":"MIDAMERICAN ENERGY CO","voltage":161,"voltClass":"100-161"},"geometry":{"type":"LineString","coordinates":[[-92.64428,41.1436],[-92.64404,41.14382],[-92.64105,41.1438],[-92.6411,41.14435],[-92.64105,41.14451]]}},{"type":"Feature","properties":{"id":"102494","type":"AC; OVERHEAD","status":"IN SERVICE","owner":"MIDAMERICAN ENERGY CO","voltage":161,"voltClass":"100-161"},"geometry":{"type":"LineString","coordinates":[[-93.49892,41.64323],[-93.49849,41.64245],[-93.49842,41.6404],[-93.49841,41.63805],[-93.4984,41.63132],[-93.49838,41.6256],[-93.49838,41.62061],[-93.49841,41.61619],[-93.49853,41.61176],[-93.49935,41.60858],[-93.49981,41.60671],[-93.50095,41.60467],[-93.5018,41.60478],[-93.50202,41.60459]]}},{"type":"Feature","properties":{"id":"149410","type":"AC; OVERHEAD","status":"IN SERVICE","owner":"MIDAMERICAN ENERGY CO","voltage":161,"voltClass":"100-161"},"geometry":{"type":"LineString","coordinates":[[-93.49892,41.64323],[-93.4985,41.64387],[-93.4984,41.64582],[-93.49839,41.6525],[-93.49842,41.65451],[-93.49838,41.65879],[-93.49835,41.66245],[-93.49825,41.66536],[-93.49823,41.66581],[-93.4983,41.6717],[-93.49832,41.67313],[-93.49855,41.6748],[-93.49776,41.67497]]}},{"type":"Feature","properties":{"id":"137822","type":"AC; OVERHEAD","status":"IN SERVICE","owner":"MIDAMERICAN ENERGY CO","voltage":345,"voltClass":"345"},"geometry":{"type":"LineString","coordinates":[[-93.49776,41.67497],[-93.49744,41.67433],[-93.49827,41.67311],[-93.49818,41.66579],[-93.49828,41.66248],[-93.49837,41.65438],[-93.49835,41.64252],[-93.49829,41.6302],[-93.49834,41.6163],[-93.49849,41.61174],[-93.49975,41.60675],[-93.50626,41.59432],[-93.51396,41.57986],[-93.51724,41.56584],[-93.51888,41.56307],[-93.52225,41.55724],[-93.52292,41.5554],[-93.52503,41.55536],[-93.52605,41.55623]]}},{"type":"Feature","properties":{"id":"103202","type":"AC; OVERHEAD","status":"IN SERVICE","owner":"MIDAMERICAN ENERGY CO","voltage":161,"voltClass":"100-161"},"geometry":{"type":"LineString","coordinates":[[-93.51191,41.6664],[-93.51217,41.66672],[-93.51216,41.66931],[-93.50843,41.66928],[-93.50329,41.66922],[-93.50329,41.67104],[-93.50329,41.67244],[-93.50284,41.67327],[-93.50286,41.67492],[-93.50042,41.67491],[-93.49776,41.67497]]}},{"type":"Feature","properties":{"id":"149119","type":"AC; OVERHEAD","status":"IN SERVICE","owner":"MIDAMERICAN ENERGY CO","voltage":161,"voltClass":"100-161"},"geometry":{"type":"LineString","coordinates":[[-93.67728,41.67163],[-93.67725,41.67127],[-93.67308,41.67122],[-93.66984,41.67125],[-93.66661,41.6712],[-93.66325,41.6712],[-93.65989,41.6712],[-93.65647,41.67122],[-93.65287,41.67121],[-93.64953,41.67118],[-93.64593,41.6712],[-93.64256,41.6712],[-93.63897,41.67121],[-93.63649,41.6712],[-93.63571,41.67119],[-93.63397,41.6712],[-93.63136,41.67118],[-93.62918,41.6712],[-93.62748,41.67119],[-93.62567,41.6712],[-93.62356,41.67119],[-93.62122,41.67116],[-93.6188,41.67114],[-93.61669,41.67114],[-93.6149,41.67115],[-93.61405,41.67148],[-93.6115,41.67249],[-93.61146,41.67251],[-93.60907,41.67252],[-93.60648,41.67251],[-93.60382,41.67252],[-93.60132,41.6725],[-93.60105,41.6725],[-93.59815,41.67279],[-93.59519,41.67306],[-93.59284,41.67309],[-93.59164,41.6731],[-93.5916,41.67259]]}},{"type":"Feature","properties":{"id":"138363","type":"AC; OVERHEAD","status":"IN SERVICE","owner":"MIDAMERICAN ENERGY CO","voltage":161,"voltClass":"100-161"},"geometry":{"type":"LineString","coordinates":[[-93.75474,41.66127],[-93.75537,41.6613],[-93.7561,41.66151],[-93.7583,41.66154],[-93.76476,41.66157],[-93.77056,41.66159],[-93.77403,41.66159],[-93.77551,41.66152],[-93.77542,41.65955],[-93.77549,41.6569],[-93.77553,41.65502],[-93.77654,41.65145],[-93.77478,41.64946],[-93.77208,41.64644],[-93.76879,41.64282],[-93.76483,41.6383],[-93.7603,41.63332],[-93.75704,41.62967],[-93.75426,41.62704],[-93.75378,41.62667],[-93.75504,41.62656]]}},{"type":"Feature","properties":{"id":"112651","type":"AC; OVERHEAD","status":"IN SERVICE","owner":"MIDAMERICAN ENERGY CO","voltage":161,"voltClass":"100-161"},"geometry":{"type":"LineString","coordinates":[[-93.77301,41.69405],[-93.77395,41.69408],[-93.77385,41.69187],[-93.77277,41.68881],[-93.77276,41.688],[-93.77359,41.68604],[-93.77393,41.68448],[-93.77411,41.68369],[-93.7742,41.6821],[-93.77423,41.68049],[-93.77445,41.67819],[-93.7745,41.67644],[-93.77451,41.67574],[-93.7745,41.67176],[-93.77451,41.67098],[-93.77451,41.67019],[-93.77453,41.66948],[-93.77453,41.667],[-93.77454,41.66618],[-93.77456,41.6654],[-93.77454,41.66385],[-93.77455,41.66302],[-93.77448,41.66232],[-93.77424,41.66201],[-93.77399,41.66164]]}},{"type":"Feature","properties":{"id":"137522","type":"AC; OVERHEAD","status":"IN SERVICE","owner":"MIDAMERICAN ENERGY CO","voltage":161,"voltClass":"100-161"},"geometry":{"type":"LineString","coordinates":[[-93.77399,41.66164],[-93.77542,41.66167],[-93.78497,41.66166],[-93.78601,41.66154],[-93.78906,41.66152],[-93.80175,41.66154],[-93.8091,41.6615],[-93.80914,41.65861],[-93.81306,41.65859],[-93.81295,41.65935],[-93.81187,41.66003]]}},{"type":"Feature","properties":{"id":"136523","type":"AC; OVERHEAD","status":"IN SERVICE","owner":"MIDAMERICAN ENERGY CO","voltage":161,"voltClass":"100-161"},"geometry":{"type":"LineString","coordinates":[[-93.81986,41.75157],[-93.81954,41.75142],[-93.81757,41.7514],[-93.81498,41.75008],[-93.81467,41.74934],[-93.81412,41.74861],[-93.81338,41.74802],[-93.8125,41.74754],[-93.81146,41.7473],[-93.81037,41.74721],[-93.80812,41.74722],[-93.80727,41.74722],[-93.80618,41.74714],[-93.80512,41.74702],[-93.80406,41.74682],[-93.803,41.74661],[-93.80079,41.7462],[-93.79879,41.74581],[-93.79765,41.74564],[-93.79557,41.74524],[-93.79454,41.74503],[-93.7936,41.74484],[-93.7925,41.74463],[-93.78529,41.74322],[-93.7853,41.74001],[-93.78179,41.73874],[-93.7796,41.73871],[-93.77959,41.73726],[-93.77685,41.73486],[-93.77617,41.73214],[-93.77522,41.7321],[-93.77503,41.7283],[-93.77475,41.72523],[-93.77466,41.72442],[-93.77446,41.72283],[-93.77431,41.72108],[-93.77421,41.71948],[-93.77409,41.71709],[-93.77406,41.71465],[-93.77412,41.71287],[-93.77417,41.71126],[-93.77418,41.71033],[-93.77414,41.70961],[-93.77407,41.709],[-93.77397,41.70804],[-93.77393,41.70603],[-93.77401,41.70427],[-93.77421,41.70275],[-93.77425,41.70186],[-93.77424,41.70104],[-93.77421,41.70021],[-93.77414,41.6986],[-93.77412,41.69769],[-93.77405,41.69603],[-93.77401,41.69523],[-93.77395,41.69415],[-93.77301,41.69405]]}},{"type":"Feature","properties":{"id":"133924","type":"AC; OVERHEAD","status":"IN SERVICE","owner":null,"voltage":161,"voltClass":"100-161"},"geometry":{"type":"LineString","coordinates":[[-94.2388,42.00744],[-94.23868,42.00584],[-94.23872,42.004],[-94.23884,42.00086],[-94.24171,42.00083],[-94.2502,42.00086],[-94.26398,42.00083],[-94.27342,42.00072],[-94.28617,42.00061],[-94.29755,42.00062],[-94.30911,42.00065],[-94.31775,42.00068],[-94.31952,41.99958],[-94.32488,41.99625],[-94.32868,41.99345],[-94.33344,41.98996],[-94.34357,41.99002],[-94.35146,41.99011],[-94.35277,41.98961],[-94.35506,41.98964],[-94.36251,41.98967],[-94.36543,41.98902],[-94.3682,41.98838],[-94.37652,41.98642],[-94.381,41.98646],[-94.39156,41.98646],[-94.39712,41.98643],[-94.41351,41.98634],[-94.42582,41.98646],[-94.43559,41.98656],[-94.44203,41.98654],[-94.45461,41.98657],[-94.46209,41.98658],[-94.46933,41.98655],[-94.47407,41.98657],[-94.47443,41.98666],[-94.4747,41.98677]]}},{"type":"Feature","properties":{"id":"160654","type":"AC; OVERHEAD","status":"IN SERVICE","owner":null,"voltage":161,"voltClass":"100-161"},"geometry":{"type":"LineString","coordinates":[[-93.62742,41.50126],[-93.62681,41.50114],[-93.62641,41.50124],[-93.62551,41.50124],[-93.6256,41.48964],[-93.6326,41.48665],[-93.63761,41.48433],[-93.64788,41.47965],[-93.65366,41.47697],[-93.65561,41.4761],[-93.66358,41.47082],[-93.67407,41.46386],[-93.67798,41.46117],[-93.67987,41.46025],[-93.67987,41.45924],[-93.68051,41.45882]]}},{"type":"Feature","properties":{"id":"160652","type":"AC; OVERHEAD","status":"IN SERVICE","owner":"MIDAMERICAN ENERGY CO","voltage":161,"voltClass":"100-161"},"geometry":{"type":"LineString","coordinates":[[-93.62742,41.50126],[-93.62914,41.50128],[-93.63278,41.50121],[-93.64489,41.50109],[-93.6558,41.50103],[-93.6651,41.50099],[-93.67599,41.50093],[-93.68859,41.50089],[-93.69174,41.50403],[-93.69796,41.51027],[-93.70209,41.51447],[-93.70571,41.51441],[-93.70568,41.51491]]}},{"type":"Feature","properties":{"id":"115263","type":"AC; OVERHEAD","status":"IN SERVICE","owner":"MIDAMERICAN ENERGY CO","voltage":161,"voltClass":"100-161"},"geometry":{"type":"LineString","coordinates":[[-93.92074,41.50848],[-93.92022,41.50897],[-93.91942,41.50894],[-93.9194,41.50709],[-93.91581,41.5072],[-93.9105,41.50693],[-93.90656,41.5066],[-93.90168,41.50657],[-93.89709,41.50655],[-93.8969,41.50356],[-93.89699,41.49607],[-93.89692,41.48815],[-93.897,41.47909],[-93.89692,41.47006],[-93.89717,41.46712],[-93.89295,41.46733],[-93.88717,41.46785],[-93.87859,41.46858],[-93.87724,41.4687],[-93.87625,41.46912],[-93.87474,41.46926],[-93.8733,41.46937],[-93.87167,41.46952],[-93.86994,41.4696],[-93.86815,41.46976],[-93.86689,41.46987],[-93.86551,41.46975],[-93.8583,41.47032],[-93.85685,41.47044],[-93.84711,41.47122],[-93.8455,41.47138],[-93.84377,41.47208],[-93.84134,41.47206],[-93.8398,41.47183],[-93.83831,41.47194],[-93.83496,41.47217],[-93.82541,41.47294],[-93.81573,41.47368],[-93.80768,41.47434],[-93.7989,41.47505],[-93.79169,41.47567],[-93.78907,41.47561],[-93.78801,41.47561],[-93.78751,41.47587],[-93.78182,41.47587],[-93.77195,41.4759],[-93.76246,41.4759],[-93.76089,41.47618],[-93.7592,41.47606],[-93.75187,41.47606],[-93.75073,41.47609],[-93.7507,41.47435],[-93.75072,41.46919],[-93.75077,41.46452],[-93.75087,41.45941],[-93.75088,41.4561],[-93.75091,41.4543],[-93.74627,41.45426],[-93.74153,41.4542],[-93.73916,41.45415],[-93.73798,41.45416],[-93.73606,41.4541],[-93.734,41.45404],[-93.72655,41.45397],[-93.71993,41.45383],[-93.71381,41.45377],[-93.70717,41.45374],[-93.70062,41.45371],[-93.69359,41.45363],[-93.69019,41.45535],[-93.68513,41.45786],[-93.68187,41.45949],[-93.68089,41.45945],[-93.68051,41.45882]]}},{"type":"Feature","properties":{"id":"127955","type":"AC; OVERHEAD","status":"IN SERVICE","owner":"MIDAMERICAN ENERGY CO","voltage":161,"voltClass":"100-161"},"geometry":{"type":"LineString","coordinates":[[-93.9759,41.30455],[-93.97593,41.30475],[-93.97609,41.30516],[-93.97442,41.30606],[-93.97022,41.30828],[-93.96677,41.3101],[-93.9544,41.31652],[-93.93923,41.32449],[-93.92883,41.32997],[-93.91626,41.33646],[-93.91339,41.33778],[-93.91191,41.33864],[-93.90882,41.34057],[-93.90715,41.34168],[-93.90574,41.34259],[-93.90316,41.34411],[-93.89998,41.34595],[-93.89386,41.34956],[-93.88999,41.3518],[-93.8826,41.35556],[-93.87214,41.36068],[-93.86455,41.36445],[-93.85866,41.36745],[-93.8538,41.36993],[-93.84789,41.37337],[-93.84537,41.37484],[-93.8398,41.37808],[-93.83777,41.37923],[-93.83566,41.38094],[-93.83126,41.38439],[-93.8281,41.38623],[-93.82072,41.38981],[-93.80827,41.39583],[-93.80233,41.39872],[-93.78854,41.40539],[-93.77421,41.41223],[-93.76712,41.41559],[-93.76029,41.41893],[-93.75119,41.42369],[-93.74464,41.42711],[-93.74081,41.42911],[-93.73279,41.43334],[-93.72411,41.43789],[-93.71819,41.44099],[-93.71125,41.44456],[-93.70402,41.44818],[-93.69661,41.45189],[-93.69348,41.45344],[-93.68642,41.45693],[-93.6821,41.45909],[-93.68108,41.45916],[-93.68051,41.45882]]}},{"type":"Feature","properties":{"id":"109652","type":"AC; OVERHEAD","status":"IN SERVICE","owner":"MIDAMERICAN ENERGY CO","voltage":161,"voltClass":"100-161"},"geometry":{"type":"LineString","coordinates":[[-93.9759,41.30455],[-93.97606,41.30468],[-93.97626,41.30509],[-93.97685,41.30477],[-93.9794,41.30337],[-93.98315,41.3013],[-93.9867,41.29935],[-93.99408,41.29551],[-94.00168,41.29158],[-94.00812,41.28821],[-94.0143,41.28491],[-94.02214,41.28077],[-94.03089,41.27608],[-94.03633,41.27325],[-94.04653,41.26782],[-94.04848,41.26679],[-94.05554,41.26274],[-94.06405,41.25797],[-94.07403,41.25236],[-94.07581,41.25129],[-94.07754,41.25034],[-94.07951,41.24937],[-94.08354,41.24739],[-94.095,41.24178],[-94.10387,41.23739],[-94.11293,41.2329],[-94.11902,41.22987],[-94.12467,41.227],[-94.13482,41.22195],[-94.13755,41.22063],[-94.1422,41.21863],[-94.14505,41.21693],[-94.15195,41.21285],[-94.16222,41.20687],[-94.17013,41.2023],[-94.16986,41.20183],[-94.16971,41.20154]]}},{"type":"Feature","properties":{"id":"156054","type":"AC; OVERHEAD","status":"IN SERVICE","owner":"MIDAMERICAN ENERGY CO","voltage":161,"voltClass":"100-161"},"geometry":{"type":"LineString","coordinates":[[-93.92074,41.50848],[-93.92039,41.50931],[-93.91828,41.50927],[-93.91371,41.51059],[-93.90259,41.51459],[-93.89399,41.51779],[-93.88262,41.52204],[-93.87251,41.52584],[-93.85954,41.53065],[-93.84638,41.53557],[-93.83521,41.53962],[-93.82739,41.5425],[-93.82743,41.54186]]}},{"type":"Feature","properties":{"id":"135172","type":"AC; OVERHEAD","status":"IN SERVICE","owner":"MIDAMERICAN ENERGY CO","voltage":161,"voltClass":"100-161"},"geometry":{"type":"LineString","coordinates":[[-93.92074,41.50848],[-93.92158,41.50893],[-93.92293,41.5089],[-93.9237,41.50711],[-93.92965,41.50532],[-93.94495,41.49985],[-93.95769,41.49529],[-93.98411,41.48606],[-93.99718,41.4814],[-94.0263,41.48156],[-94.05062,41.48176],[-94.05783,41.48172],[-94.06397,41.47885],[-94.09264,41.47841],[-94.11616,41.47806],[-94.14015,41.47811],[-94.15735,41.47827],[-94.1806,41.47853],[-94.18501,41.47664],[-94.18591,41.47622],[-94.18613,41.47608]]}},{"type":"Feature","properties":{"id":"156053","type":"AC; OVERHEAD","status":"IN SERVICE","owner":"MIDAMERICAN ENERGY CO","voltage":161,"voltClass":"100-161"},"geometry":{"type":"LineString","coordinates":[[-93.82743,41.54186],[-93.82722,41.5422],[-93.82731,41.54253],[-93.8263,41.5429],[-93.82635,41.54253],[-93.82612,41.54229]]}},{"type":"Feature","properties":{"id":"156052","type":"AC; OVERHEAD","status":"IN SERVICE","owner":"MIDAMERICAN ENERGY CO","voltage":161,"voltClass":"100-161"},"geometry":{"type":"LineString","coordinates":[[-93.82612,41.54229],[-93.82612,41.54257],[-93.82622,41.54294],[-93.82172,41.54459],[-93.80994,41.5489],[-93.79994,41.55255],[-93.79321,41.55489],[-93.79186,41.55535],[-93.79228,41.55603],[-93.7917,41.55608],[-93.7914,41.55599]]}},{"type":"Feature","properties":{"id":"104168","type":"AC; OVERHEAD","status":"IN SERVICE","owner":"MIDAMERICAN ENERGY CO","voltage":161,"voltClass":"100-161"},"geometry":{"type":"LineString","coordinates":[[-93.7914,41.55599],[-93.79206,41.55582],[-93.79176,41.55538],[-93.78878,41.55641],[-93.78284,41.55851],[-93.7785,41.56024],[-93.77551,41.56139],[-93.76663,41.56486],[-93.75783,41.5683],[-93.75615,41.56896],[-93.7558,41.56908],[-93.75532,41.56939]]}},{"type":"Feature","properties":{"id":"138479","type":"AC; OVERHEAD","status":"IN SERVICE","owner":"MIDAMERICAN ENERGY CO","voltage":161,"voltClass":"100-161"},"geometry":{"type":"LineString","coordinates":[[-93.82707,41.58951],[-93.82703,41.59034],[-93.8191,41.58734],[-93.81357,41.58521],[-93.80988,41.58381],[-93.80419,41.5816],[-93.79914,41.57984],[-93.792,41.5778],[-93.7888,41.57706],[-93.78644,41.57659],[-93.783,41.57599],[-93.77853,41.57537],[-93.77116,41.57459],[-93.76839,41.57429],[-93.75838,41.57319],[-93.75594,41.57294],[-93.75585,41.57116],[-93.75584,41.5699],[-93.75532,41.56939]]}},{"type":"Feature","properties":{"id":"124150","type":"AC; OVERHEAD","status":"IN SERVICE","owner":"MIDAMERICAN ENERGY CO","voltage":161,"voltClass":"100-161"},"geometry":{"type":"LineString","coordinates":[[-93.75532,41.56939],[-93.75439,41.5693],[-93.75388,41.56985],[-93.75278,41.56994],[-93.75147,41.57001],[-93.7484,41.57005],[-93.74414,41.57005],[-93.74019,41.57004],[-93.73829,41.57003],[-93.73618,41.57003],[-93.73556,41.57006],[-93.73319,41.57003],[-93.73141,41.57003],[-93.73003,41.57004],[-93.72878,41.56995],[-93.72475,41.56983],[-93.71859,41.56965],[-93.71661,41.5696],[-93.70837,41.56937],[-93.70403,41.56926],[-93.70247,41.56928],[-93.70047,41.56922],[-93.69753,41.56913],[-93.69501,41.56907],[-93.6913,41.56895],[-93.69132,41.56866],[-93.69035,41.56866],[-93.68476,41.5685],[-93.682,41.56841],[-93.68113,41.5684],[-93.67759,41.56873],[-93.67673,41.56884],[-93.67494,41.56922],[-93.67234,41.56975],[-93.67143,41.56994],[-93.67059,41.57014],[-93.66898,41.57081],[-93.66815,41.57119],[-93.66672,41.57193],[-93.66386,41.57337],[-93.66104,41.57477],[-93.65872,41.57594],[-93.65619,41.57722],[-93.65492,41.57784],[-93.6542,41.57822],[-93.65201,41.57913],[-93.64794,41.57907],[-93.64627,41.57894]]}},{"type":"Feature","properties":{"id":"141628","type":"AC; OVERHEAD","status":"IN SERVICE","owner":"MIDAMERICAN ENERGY CO","voltage":161,"voltClass":"100-161"},"geometry":{"type":"LineString","coordinates":[[-93.75532,41.56939],[-93.75444,41.56736],[-93.75381,41.56597],[-93.75264,41.56313],[-93.75108,41.56194],[-93.74783,41.55939],[-93.74561,41.55767],[-93.74341,41.55594],[-93.74212,41.55486],[-93.74029,41.55299],[-93.73832,41.55106],[-93.73723,41.54998],[-93.73553,41.54823],[-93.73265,41.54528],[-93.72863,41.54131],[-93.72455,41.5371],[-93.7213,41.53388],[-93.71644,41.52899],[-93.71502,41.52752],[-93.71268,41.52513],[-93.71122,41.5237],[-93.71048,41.52287],[-93.71054,41.52184],[-93.71406,41.52185],[-93.71431,41.52227]]}},{"type":"Feature","properties":{"id":"105446","type":"AC; OVERHEAD","status":"IN SERVICE","owner":"MIDAMERICAN ENERGY CO","voltage":161,"voltClass":"100-161"},"geometry":{"type":"LineString","coordinates":[[-93.64627,41.57894],[-93.64323,41.57897],[-93.6401,41.57896],[-93.6373,41.57894],[-93.63732,41.58042],[-93.63685,41.58022]]}},{"type":"Feature","properties":{"id":"141379","type":"AC; OVERHEAD","status":"IN SERVICE","owner":"MIDAMERICAN ENERGY CO","voltage":161,"voltClass":"100-161"},"geometry":{"type":"LineString","coordinates":[[-93.62913,41.54774],[-93.62908,41.54809],[-93.62862,41.54812],[-93.62886,41.54907],[-93.62885,41.55066],[-93.62891,41.55453],[-93.62866,41.55556],[-93.62867,41.55654],[-93.62876,41.5582],[-93.62876,41.55913],[-93.62885,41.56121],[-93.63033,41.5612],[-93.63064,41.56139],[-93.63063,41.56549],[-93.62926,41.56546],[-93.62926,41.56718],[-93.62852,41.56893],[-93.62938,41.56957],[-93.62926,41.57009],[-93.63086,41.57263],[-93.63085,41.57458],[-93.63537,41.5748],[-93.63532,41.57836],[-93.63635,41.57836],[-93.63634,41.58018],[-93.63685,41.58022]]}},{"type":"Feature","properties":{"id":"124798","type":"AC; OVERHEAD","status":"IN SERVICE","owner":"MIDAMERICAN ENERGY CO","voltage":161,"voltClass":"100-161"},"geometry":{"type":"LineString","coordinates":[[-93.62913,41.54774],[-93.62861,41.5481],[-93.62669,41.54814],[-93.62399,41.54811],[-93.61695,41.54811],[-93.61153,41.54808],[-93.60849,41.54808],[-93.60292,41.54805],[-93.59971,41.54807],[-93.5965,41.54804],[-93.59545,41.54803],[-93.59389,41.54802],[-93.59044,41.54802],[-93.58934,41.54803],[-93.58689,41.54801],[-93.58265,41.548],[-93.5764,41.54798],[-93.57287,41.54795],[-93.57249,41.54784],[-93.57041,41.54783],[-93.5692,41.54784],[-93.56368,41.54782],[-93.56175,41.54782],[-93.56086,41.54782],[-93.55964,41.54785],[-93.5587,41.54785],[-93.55767,41.54785],[-93.55699,41.54783],[-93.55716,41.54841],[-93.55701,41.54858]]}},{"type":"Feature","properties":{"id":"105060","type":"AC; OVERHEAD","status":"IN SERVICE","owner":"MIDAMERICAN ENERGY CO","voltage":161,"voltClass":"100-161"},"geometry":{"type":"LineString","coordinates":[[-93.85425,41.62137],[-93.85394,41.62126],[-93.85315,41.62136],[-93.85316,41.61649],[-93.85312,41.61353],[-93.85312,41.61109],[-93.85313,41.60666],[-93.85313,41.60359],[-93.8532,41.60179],[-93.85358,41.60121],[-93.85385,41.60073],[-93.85297,41.60022],[-93.84756,41.59816],[-93.83916,41.595],[-93.83335,41.59274],[-93.82864,41.59097],[-93.82785,41.59067],[-93.82775,41.58994],[-93.82774,41.58931],[-93.82751,41.58928],[-93.82707,41.58951]]}},{"type":"Feature","properties":{"id":"147456","type":"AC; OVERHEAD","status":"IN SERVICE","owner":"MIDAMERICAN ENERGY CO","voltage":161,"voltClass":"100-161"},"geometry":{"type":"LineString","coordinates":[[-93.81646,41.64053],[-93.81689,41.64043],[-93.81806,41.6404],[-93.8192,41.6404],[-93.81916,41.64366],[-93.82087,41.64364],[-93.82139,41.64397],[-93.82278,41.64397],[-93.82579,41.64396],[-93.82732,41.64395],[-93.8303,41.64392],[-93.83332,41.64392],[-93.83333,41.64133],[-93.83332,41.63855],[-93.83332,41.63636],[-93.83332,41.63526],[-93.83333,41.63411],[-93.83331,41.63311],[-93.83337,41.63259],[-93.83337,41.63139],[-93.83336,41.63081],[-93.83383,41.6303],[-93.83388,41.62964],[-93.83402,41.62905],[-93.83489,41.62907],[-93.8358,41.62906],[-93.83666,41.62914],[-93.83748,41.62918],[-93.83999,41.62921],[-93.84166,41.62922],[-93.84269,41.62922],[-93.84385,41.62947],[-93.84695,41.62952],[-93.85003,41.62953],[-93.85309,41.62955],[-93.85309,41.62606],[-93.85312,41.62256],[-93.85314,41.62139],[-93.85392,41.62148],[-93.85425,41.62137]]}},{"type":"Feature","properties":{"id":"122783","type":"AC; OVERHEAD","status":"IN SERVICE","owner":"MIDAMERICAN ENERGY CO","voltage":161,"voltClass":"100-161"},"geometry":{"type":"LineString","coordinates":[[-93.76958,41.60256],[-93.76987,41.60239],[-93.77006,41.60238],[-93.77003,41.60059],[-93.77102,41.60058],[-93.77115,41.59944],[-93.77113,41.59832],[-93.77111,41.59723],[-93.7711,41.59614],[-93.77106,41.59502],[-93.77104,41.59393],[-93.77098,41.59297],[-93.77099,41.5915],[-93.77096,41.58946],[-93.77094,41.58787],[-93.7709,41.58596],[-93.77086,41.58481],[-93.7708,41.58272],[-93.77078,41.58082],[-93.77079,41.57981],[-93.77084,41.5788],[-93.77085,41.57673],[-93.77085,41.57565],[-93.77084,41.57459],[-93.76568,41.57403],[-93.76214,41.57364],[-93.76012,41.57342],[-93.75798,41.57319],[-93.75585,41.57296],[-93.75571,41.57201],[-93.75573,41.57059],[-93.75452,41.57001],[-93.75453,41.56953],[-93.75532,41.56939]]}},{"type":"Feature","properties":{"id":"118308","type":"AC; OVERHEAD","status":"IN SERVICE","owner":"MIDAMERICAN ENERGY CO","voltage":161,"voltClass":"100-161"},"geometry":{"type":"LineString","coordinates":[[-93.76958,41.60256],[-93.77013,41.60256],[-93.77013,41.60421],[-93.77017,41.60672],[-93.77018,41.60843],[-93.7702,41.61062],[-93.77021,41.61165],[-93.7678,41.61163],[-93.76219,41.6116],[-93.75654,41.61153],[-93.75543,41.6115],[-93.7555,41.6125],[-93.75557,41.61338],[-93.75565,41.61424],[-93.7557,41.61517],[-93.75574,41.61584],[-93.7559,41.61689],[-93.75593,41.6194],[-93.75597,41.62182],[-93.75598,41.62349],[-93.75602,41.62636],[-93.75538,41.62639],[-93.75504,41.62656]]}},{"type":"Feature","properties":{"id":"137594","type":"AC; OVERHEAD","status":"IN SERVICE","owner":"MIDAMERICAN ENERGY CO","voltage":161,"voltClass":"100-161"},"geometry":{"type":"LineString","coordinates":[[-93.8776,41.8213],[-93.87838,41.82128],[-93.87843,41.82128],[-93.87843,41.82422],[-93.88062,41.82418],[-93.88631,41.82418],[-93.88949,41.82418],[-93.89257,41.82418],[-93.8955,41.82417],[-93.89802,41.82416],[-93.90101,41.82414],[-93.90359,41.82413],[-93.90651,41.82415],[-93.90944,41.82413],[-93.91328,41.82413],[-93.91345,41.82413],[-93.91579,41.82413],[-93.91839,41.82414],[-93.92152,41.82414],[-93.92731,41.82417],[-93.93033,41.82416],[-93.93299,41.82418],[-93.93601,41.8242],[-93.93932,41.82418],[-93.94261,41.82419],[-93.94557,41.8242],[-93.94896,41.8242],[-93.95209,41.82422],[-93.95816,41.8242],[-93.96166,41.82421],[-93.9702,41.82417],[-93.97394,41.82419],[-93.97685,41.82418],[-93.97987,41.82419],[-93.98319,41.82418],[-93.99163,41.82418],[-93.99443,41.8242],[-94.00009,41.82418],[-94.00295,41.82416],[-94.00622,41.82415],[-94.00916,41.82416],[-94.01223,41.82415],[-94.01546,41.82415],[-94.0185,41.82415],[-94.02169,41.82414],[-94.0247,41.82414],[-94.03097,41.82413],[-94.03394,41.82413],[-94.03643,41.82412],[-94.04229,41.82412],[-94.04504,41.8241],[-94.04791,41.82412],[-94.05087,41.82413],[-94.05392,41.82412],[-94.05672,41.82413],[-94.05959,41.82413],[-94.06239,41.82413],[-94.06531,41.82422],[-94.06815,41.8245],[-94.07127,41.82482],[-94.07401,41.82508],[-94.07657,41.82531],[-94.07874,41.82585],[-94.08177,41.82655],[-94.08421,41.82713],[-94.0872,41.82785],[-94.08962,41.8274],[-94.09259,41.82684],[-94.09566,41.82714],[-94.09879,41.82743],[-94.10149,41.82769],[-94.10412,41.82787],[-94.10759,41.82806],[-94.11104,41.82826],[-94.11436,41.82844],[-94.11636,41.82979],[-94.11841,41.83117],[-94.12059,41.83263],[-94.12253,41.83392],[-94.12361,41.83469],[-94.12362,41.83597],[-94.12445,41.83678]]}},{"type":"Feature","properties":{"id":"119673","type":"AC; OVERHEAD","status":"IN SERVICE","owner":"MIDAMERICAN ENERGY CO","voltage":161,"voltClass":"100-161"},"geometry":{"type":"LineString","coordinates":[[-94.2384,42.00629],[-94.23855,42.00581],[-94.23862,42.00396],[-94.23855,42.00089],[-94.23813,41.99654],[-94.23717,41.98918],[-94.23609,41.98059],[-94.23561,41.97849],[-94.23502,41.97675],[-94.23292,41.97295],[-94.23077,41.96943],[-94.2254,41.96268],[-94.21864,41.9555],[-94.21715,41.95396],[-94.2141,41.95386],[-94.20566,41.95392],[-94.2029,41.95388],[-94.20285,41.9521],[-94.20278,41.9503],[-94.20142,41.94696],[-94.20082,41.94508],[-94.1997,41.94264],[-94.19826,41.94168],[-94.1918,41.93755],[-94.1918,41.93537],[-94.19173,41.92964],[-94.19175,41.92729],[-94.1886,41.9241],[-94.18364,41.91881],[-94.17585,41.91067],[-94.16792,41.90239],[-94.16297,41.89726],[-94.15821,41.89226],[-94.1527,41.88651],[-94.14933,41.88291],[-94.14437,41.87776],[-94.13679,41.86979],[-94.13367,41.86658],[-94.13316,41.86497],[-94.13261,41.86322],[-94.13279,41.8601],[-94.13296,41.85639],[-94.1332,41.85021],[-94.13316,41.84565],[-94.13321,41.84144],[-94.13197,41.83839],[-94.12785,41.83649],[-94.12564,41.83736],[-94.12432,41.83741],[-94.12445,41.83678]]}},{"type":"Feature","properties":{"id":"118361","type":"AC; OVERHEAD","status":"IN SERVICE","owner":null,"voltage":161,"voltClass":"100-161"},"geometry":{"type":"LineString","coordinates":[[-94.2388,42.00744],[-94.23851,42.0079],[-94.2396,42.01],[-94.2419,42.01418],[-94.24257,42.01536],[-94.24943,42.01534],[-94.26431,42.01522],[-94.27595,42.01518],[-94.28795,42.01512],[-94.28972,42.01938],[-94.29037,42.02077],[-94.29034,42.02248],[-94.29042,42.02764],[-94.29058,42.03429],[-94.29075,42.03631],[-94.29058,42.04492],[-94.29064,42.05245],[-94.29077,42.05982],[-94.29083,42.06336],[-94.29584,42.06341],[-94.30845,42.06348],[-94.32228,42.06344],[-94.34181,42.06354],[-94.35631,42.06362],[-94.3726,42.06353],[-94.38129,42.06359],[-94.3893,42.06343],[-94.40052,42.06338],[-94.41983,42.06358],[-94.42549,42.06359],[-94.4324,42.06806],[-94.43682,42.07088],[-94.44803,42.07088],[-94.45345,42.07082],[-94.45643,42.07118],[-94.45894,42.07082],[-94.47091,42.0707],[-94.47897,42.0707],[-94.49037,42.0706],[-94.50011,42.07062],[-94.51614,42.07053],[-94.53133,42.0707],[-94.53388,42.07067],[-94.53532,42.07194],[-94.53794,42.07444],[-94.53844,42.07619],[-94.53888,42.07763],[-94.54332,42.07781],[-94.54797,42.078],[-94.55025,42.078],[-94.5556,42.07806],[-94.5611,42.07811],[-94.56623,42.07814],[-94.57675,42.07824],[-94.58629,42.07821],[-94.58865,42.079],[-94.59599,42.08161],[-94.60813,42.08171],[-94.61073,42.08165],[-94.6131,42.08254],[-94.6177,42.08346],[-94.62521,42.0849],[-94.6275,42.08492],[-94.62912,42.08499],[-94.63377,42.08511],[-94.64384,42.08528],[-94.64852,42.08534],[-94.65108,42.08538],[-94.66109,42.0854],[-94.66583,42.08543],[-94.67673,42.08551],[-94.68463,42.08557],[-94.69685,42.08567],[-94.70667,42.08574],[-94.71642,42.08577],[-94.72816,42.08575],[-94.7332,42.08565],[-94.7346,42.08565],[-94.73461,42.08539],[-94.7349,42.08516]]}},{"type":"Feature","properties":{"id":"134418","type":"AC; OVERHEAD","status":"IN SERVICE","owner":"MIDAMERICAN ENERGY CO","voltage":161,"voltClass":"100-161"},"geometry":{"type":"LineString","coordinates":[[-90.61191,41.44237],[-90.61267,41.44199],[-90.61776,41.44205],[-90.61997,41.44207],[-90.62308,41.44209],[-90.62569,41.44214],[-90.63077,41.44219],[-90.63289,41.44155],[-90.63694,41.44031],[-90.63894,41.4397],[-90.64098,41.43907],[-90.643,41.43846],[-90.64504,41.43783],[-90.64705,41.43721],[-90.65134,41.43591],[-90.65372,41.43521],[-90.65635,41.43439],[-90.65802,41.43383],[-90.6602,41.43321],[-90.66264,41.43246],[-90.66505,41.43171],[-90.66742,41.43095],[-90.66933,41.43037],[-90.67136,41.42975],[-90.67348,41.42907],[-90.67543,41.42847],[-90.67779,41.42773],[-90.67938,41.42723],[-90.68205,41.42641],[-90.68474,41.42557],[-90.68676,41.42494],[-90.68879,41.42431],[-90.69082,41.42368],[-90.69287,41.42303],[-90.69528,41.42227],[-90.70066,41.42059],[-90.70285,41.41991],[-90.70443,41.41942],[-90.70615,41.41889],[-90.7084,41.41816],[-90.71087,41.41736],[-90.71562,41.41587],[-90.72026,41.41442],[-90.7227,41.41366],[-90.72493,41.41298],[-90.72687,41.4124],[-90.73141,41.41102],[-90.73348,41.41037],[-90.73575,41.40966],[-90.73777,41.40903],[-90.73965,41.40847],[-90.74148,41.40791],[-90.74363,41.40727],[-90.74572,41.40663],[-90.74778,41.406],[-90.74999,41.40532],[-90.75207,41.40468],[-90.75416,41.40405],[-90.75652,41.40333],[-90.75892,41.40259],[-90.76111,41.40191],[-90.76324,41.40126],[-90.76557,41.40053],[-90.76797,41.39979],[-90.77021,41.3991],[-90.77254,41.39837],[-90.7749,41.39764],[-90.77757,41.39682],[-90.7797,41.39617],[-90.78215,41.39541],[-90.78425,41.39476],[-90.78665,41.39401],[-90.78917,41.39324],[-90.7917,41.39245],[-90.79385,41.39177],[-90.79614,41.39103],[-90.79856,41.39025],[-90.80096,41.38951],[-90.80337,41.38874],[-90.80603,41.38787],[-90.80821,41.38719],[-90.81028,41.38655],[-90.81235,41.38589],[-90.81449,41.38523],[-90.81674,41.38453],[-90.81892,41.38386],[-90.82114,41.38316],[-90.82328,41.38251],[-90.82529,41.38192],[-90.82761,41.38119],[-90.83013,41.38043],[-90.83242,41.37974],[-90.83453,41.3791],[-90.83649,41.3785],[-90.83896,41.37775],[-90.84137,41.37704],[-90.84373,41.3763],[-90.84595,41.37564],[-90.84845,41.37487],[-90.85014,41.37434],[-90.8554,41.37274],[-90.85782,41.372],[-90.85998,41.37134],[-90.86206,41.37071],[-90.86474,41.36989],[-90.86667,41.3693],[-90.86864,41.3687]]}},{"type":"Feature","properties":{"id":"149268","type":"AC; OVERHEAD","status":"IN SERVICE","owner":null,"voltage":161,"voltClass":"100-161"},"geometry":{"type":"LineString","coordinates":[[-94.2384,42.00629],[-94.2388,42.00744]]}},{"type":"Feature","properties":{"id":"146972","type":"AC; OVERHEAD","status":"IN SERVICE","owner":null,"voltage":161,"voltClass":"100-161"},"geometry":{"type":"LineString","coordinates":[[-94.4747,41.98677],[-94.47509,41.98663],[-94.47659,41.98658],[-94.47892,41.98658],[-94.4812,41.9866],[-94.48378,41.98659],[-94.48374,41.98484],[-94.48371,41.98303],[-94.48363,41.98125],[-94.48365,41.9794],[-94.48361,41.9776],[-94.4836,41.9757],[-94.4836,41.97371],[-94.48361,41.9721],[-94.4836,41.96998],[-94.4836,41.96804],[-94.48361,41.96671],[-94.48361,41.965],[-94.48385,41.96279],[-94.48355,41.96101],[-94.48354,41.95932],[-94.48346,41.95766],[-94.48347,41.95568],[-94.48343,41.9535],[-94.4834,41.95159],[-94.48339,41.94991],[-94.48336,41.94802],[-94.48335,41.94629],[-94.48333,41.94446],[-94.4833,41.94273],[-94.48332,41.94099],[-94.4833,41.93884],[-94.4833,41.93757],[-94.48328,41.93562],[-94.48328,41.93349],[-94.48328,41.93171],[-94.48327,41.93006],[-94.48327,41.92826],[-94.48324,41.92598],[-94.48328,41.92424],[-94.48359,41.92232],[-94.48331,41.92091],[-94.48332,41.91913],[-94.48333,41.91736],[-94.48335,41.91554],[-94.48336,41.91385],[-94.48338,41.91202],[-94.48341,41.91024],[-94.48347,41.90812],[-94.4835,41.9065],[-94.48347,41.90467],[-94.48344,41.90278],[-94.48341,41.90117],[-94.48339,41.89941],[-94.48337,41.89761],[-94.48339,41.89579],[-94.48336,41.89408],[-94.48336,41.8923],[-94.48334,41.89009],[-94.48335,41.88819],[-94.48332,41.8867],[-94.48331,41.88498],[-94.48334,41.8834],[-94.48333,41.88155],[-94.48336,41.87963],[-94.48342,41.87785],[-94.48341,41.87602],[-94.48339,41.87409],[-94.48338,41.87231],[-94.48339,41.87053],[-94.48338,41.86879],[-94.48338,41.86719],[-94.48337,41.86549],[-94.48337,41.86457],[-94.4834,41.86335],[-94.48337,41.86167],[-94.48336,41.85984],[-94.48334,41.85801],[-94.4833,41.85634],[-94.4833,41.85468],[-94.4833,41.85317],[-94.48327,41.85152],[-94.48328,41.84934],[-94.48328,41.84742],[-94.48327,41.84558],[-94.48329,41.84402],[-94.48329,41.84186],[-94.48332,41.83935],[-94.48332,41.83695],[-94.48332,41.83456],[-94.48331,41.83288],[-94.48333,41.83132],[-94.48331,41.82886],[-94.48334,41.82745],[-94.48335,41.82566],[-94.48335,41.82385],[-94.48335,41.82207],[-94.48335,41.82032],[-94.48334,41.81833],[-94.48336,41.81662],[-94.48337,41.81498],[-94.48336,41.81306],[-94.48333,41.81136],[-94.48331,41.80819],[-94.48328,41.80568],[-94.48332,41.80418],[-94.48333,41.80248],[-94.48335,41.80098],[-94.48339,41.79923],[-94.48342,41.79709],[-94.48344,41.79506],[-94.48344,41.79318],[-94.48348,41.79132],[-94.48349,41.78949],[-94.48353,41.78769],[-94.48357,41.78597],[-94.48358,41.78409],[-94.48444,41.78176],[-94.48528,41.77954],[-94.48631,41.77665],[-94.48537,41.77488],[-94.4833,41.77103],[-94.48324,41.76925],[-94.48313,41.76751],[-94.48313,41.76516],[-94.48313,41.76342],[-94.4831,41.76174],[-94.48311,41.7605],[-94.48309,41.75841],[-94.48305,41.75662],[-94.48304,41.7548],[-94.48299,41.75142],[-94.48299,41.74993],[-94.48296,41.74712],[-94.48294,41.74555],[-94.48293,41.74372],[-94.48293,41.74019],[-94.48293,41.73861],[-94.48291,41.73698],[-94.48292,41.73426],[-94.48289,41.73258],[-94.48291,41.73117],[-94.48299,41.72726],[-94.48306,41.72349],[-94.48308,41.72139],[-94.48316,41.71927],[-94.4832,41.717],[-94.48321,41.71508],[-94.48321,41.71334],[-94.48321,41.71154],[-94.4832,41.70972],[-94.4832,41.70803],[-94.48321,41.70616],[-94.48321,41.70401],[-94.48316,41.70207],[-94.48319,41.69963],[-94.48342,41.69741],[-94.48128,41.69456],[-94.47846,41.69089],[-94.47846,41.68873],[-94.47843,41.68606],[-94.47836,41.68285],[-94.47832,41.68165],[-94.47832,41.67965],[-94.47828,41.67775],[-94.47824,41.6756],[-94.48044,41.67394],[-94.48189,41.67284],[-94.48322,41.67183],[-94.48603,41.6697],[-94.48792,41.66828],[-94.48791,41.6659],[-94.4879,41.66358],[-94.48788,41.66165],[-94.48786,41.65947],[-94.48783,41.65758],[-94.48784,41.65596],[-94.48783,41.65376],[-94.48781,41.65233],[-94.48777,41.65095],[-94.48782,41.64717],[-94.48781,41.64577],[-94.4878,41.64263],[-94.48774,41.63949],[-94.48772,41.63783],[-94.48833,41.63511],[-94.48874,41.63326],[-94.48901,41.63174],[-94.48902,41.63144],[-94.48927,41.63119]]}},{"type":"Feature","properties":{"id":"113342","type":"AC; OVERHEAD","status":"IN SERVICE","owner":null,"voltage":161,"voltClass":"100-161"},"geometry":{"type":"LineString","coordinates":[[-94.48927,41.63119],[-94.48901,41.63088],[-94.49437,41.62879],[-94.50089,41.62635],[-94.51126,41.62227],[-94.51394,41.62128],[-94.5228,41.61791],[-94.5354,41.61302],[-94.55215,41.60702],[-94.55631,41.60567],[-94.56086,41.60403],[-94.56683,41.60197],[-94.58622,41.59521],[-94.59029,41.59382],[-94.60541,41.5886],[-94.60758,41.58779],[-94.60952,41.58712],[-94.61461,41.58534],[-94.62011,41.58349],[-94.62432,41.58196],[-94.62537,41.5816],[-94.62807,41.58067],[-94.63144,41.57955],[-94.6364,41.57779],[-94.64515,41.57478],[-94.652,41.5677],[-94.65856,41.56098],[-94.66412,41.55535],[-94.67267,41.54651],[-94.67974,41.54143],[-94.68193,41.53986],[-94.68868,41.53492],[-94.68953,41.5343],[-94.69018,41.53383],[-94.69138,41.53295],[-94.69576,41.52977],[-94.69867,41.52766],[-94.70067,41.5262],[-94.70104,41.52593],[-94.70421,41.52367],[-94.70954,41.51981],[-94.71052,41.51907],[-94.71224,41.51858],[-94.71444,41.51788],[-94.72075,41.51594],[-94.73007,41.51305],[-94.73911,41.51026],[-94.75026,41.50681],[-94.75782,41.50451],[-94.76013,41.50382],[-94.76113,41.50263],[-94.76324,41.50013],[-94.7652,41.4978],[-94.76716,41.4955],[-94.76921,41.49305],[-94.77404,41.49157],[-94.77771,41.49045],[-94.77816,41.49049],[-94.77836,41.49066]]}},{"type":"Feature","properties":{"id":"142170","type":"AC; OVERHEAD","status":"IN SERVICE","owner":null,"voltage":161,"voltClass":"100-161"},"geometry":{"type":"LineString","coordinates":[[-94.60633,41.46528],[-94.60602,41.46434],[-94.60142,41.46435],[-94.59461,41.4643],[-94.58106,41.46421],[-94.57078,41.46419],[-94.55663,41.46406],[-94.55335,41.46404],[-94.54773,41.46312],[-94.53838,41.46318],[-94.53616,41.46362],[-94.53303,41.46412],[-94.52508,41.46421],[-94.51102,41.46415],[-94.50435,41.46413],[-94.49521,41.46413],[-94.4867,41.46412],[-94.48075,41.46415],[-94.46834,41.46663],[-94.46283,41.46774],[-94.451,41.46778],[-94.43913,41.4678],[-94.41829,41.46781],[-94.40788,41.46783],[-94.39881,41.46782],[-94.38111,41.46785],[-94.37546,41.46859],[-94.3683,41.46791],[-94.35762,41.46792],[-94.34794,41.46797],[-94.33759,41.46798],[-94.32686,41.46747],[-94.32315,41.4673],[-94.30701,41.46747],[-94.28467,41.46765],[-94.27414,41.46767],[-94.26326,41.46768],[-94.24568,41.46773],[-94.22147,41.46773],[-94.20418,41.46773],[-94.18855,41.47491],[-94.18716,41.47567],[-94.18657,41.47595],[-94.18613,41.47608]]}},{"type":"Feature","properties":{"id":"145096","type":"AC; OVERHEAD","status":"IN SERVICE","owner":"WAPA-- WESTERN AREA POWER ADMINISTRATION","voltage":161,"voltClass":"100-161"},"geometry":{"type":"LineString","coordinates":[[-94.66351,41.54661],[-94.66369,41.54751],[-94.6614,41.54754],[-94.65861,41.54752],[-94.6531,41.5475],[-94.65076,41.54728],[-94.64826,41.54727],[-94.64299,41.54727],[-94.63743,41.54726],[-94.63458,41.54725],[-94.62907,41.54723],[-94.62717,41.54725],[-94.62461,41.54746],[-94.61927,41.54747],[-94.61687,41.54749],[-94.61445,41.54745],[-94.61448,41.54546],[-94.61448,41.54155],[-94.61446,41.53764],[-94.61447,41.534],[-94.61445,41.53007],[-94.61443,41.52809],[-94.61442,41.52422],[-94.61441,41.52227],[-94.61436,41.52048],[-94.61435,41.51861],[-94.60898,41.51853],[-94.60525,41.51852],[-94.60523,41.51275],[-94.60523,41.51086],[-94.60524,41.50898],[-94.6052,41.50708],[-94.60514,41.50519],[-94.60521,41.49941],[-94.60524,41.49752],[-94.6051,41.49588],[-94.60505,41.4935],[-94.60505,41.49176],[-94.60516,41.48975],[-94.60523,41.48768],[-94.60522,41.48562],[-94.60517,41.48399],[-94.60484,41.48241],[-94.6048,41.4804],[-94.60482,41.47845],[-94.6048,41.47658],[-94.6048,41.47448],[-94.60489,41.46842],[-94.60481,41.4654],[-94.60633,41.46528]]}},{"type":"Feature","properties":{"id":"134269","type":"AC; OVERHEAD","status":"IN SERVICE","owner":null,"voltage":161,"voltClass":"100-161"},"geometry":{"type":"LineString","coordinates":[[-94.84162,42.08647],[-94.84104,42.08606],[-94.83799,42.08594],[-94.83509,42.08588],[-94.83279,42.08584],[-94.8304,42.08579],[-94.8232,42.08571],[-94.81553,42.08573],[-94.81079,42.08572],[-94.80841,42.08572],[-94.80359,42.08572],[-94.80084,42.08569],[-94.79853,42.08566],[-94.79624,42.08564],[-94.79128,42.08559],[-94.7888,42.08556],[-94.78635,42.08554],[-94.78069,42.08551],[-94.77833,42.08549],[-94.77281,42.08545],[-94.77008,42.08543],[-94.76752,42.0854],[-94.76434,42.08537],[-94.76183,42.08539],[-94.75952,42.08543],[-94.75705,42.08543],[-94.75452,42.08543],[-94.75215,42.08542],[-94.74991,42.08542],[-94.74768,42.08544],[-94.7423,42.08551],[-94.74046,42.08553],[-94.73803,42.08558],[-94.73558,42.08563],[-94.73464,42.08563],[-94.73464,42.08542],[-94.7349,42.08516]]}},{"type":"Feature","properties":{"id":"114238","type":"AC; OVERHEAD","status":"IN SERVICE","owner":"MIDAMERICAN ENERGY CO","voltage":161,"voltClass":"100-161"},"geometry":{"type":"LineString","coordinates":[[-90.86864,41.3687],[-90.86869,41.36836]]}},{"type":"Feature","properties":{"id":"131908","type":"AC; OVERHEAD","status":"IN SERVICE","owner":"MIDAMERICAN ENERGY CO","voltage":161,"voltClass":"100-161"},"geometry":{"type":"LineString","coordinates":[[-94.19323,42.48753],[-94.1936,42.48773],[-94.19534,42.4877],[-94.19691,42.48708],[-94.19696,42.48676],[-94.19837,42.48626],[-94.19933,42.48591],[-94.19931,42.48311],[-94.19819,42.48312],[-94.19707,42.48311],[-94.19711,42.47937],[-94.19708,42.47658],[-94.19794,42.47601],[-94.19907,42.47602],[-94.21393,42.47608],[-94.22401,42.47612],[-94.23227,42.47615],[-94.23479,42.4762],[-94.23994,42.47613],[-94.24661,42.47618],[-94.24665,42.48129],[-94.24673,42.48682],[-94.24661,42.49144],[-94.24658,42.49406],[-94.25089,42.49405],[-94.25515,42.49405],[-94.25619,42.49403],[-94.25712,42.49433],[-94.2659,42.49454],[-94.26598,42.50019],[-94.26594,42.50164],[-94.27819,42.50183],[-94.28865,42.50186],[-94.29591,42.50195],[-94.29601,42.50033],[-94.30516,42.50139],[-94.30513,42.50429],[-94.30516,42.50877],[-94.30826,42.50881],[-94.30828,42.50855],[-94.30843,42.50834]]}},{"type":"Feature","properties":{"id":"141502","type":"AC; OVERHEAD","status":"IN SERVICE","owner":null,"voltage":161,"voltClass":"100-161"},"geometry":{"type":"LineString","coordinates":[[-91.1183,40.74116],[-91.11931,40.74137],[-91.12191,40.74121],[-91.12424,40.74106],[-91.12716,40.74088],[-91.13015,40.74065],[-91.133,40.74047],[-91.13464,40.74092],[-91.13693,40.74157],[-91.13934,40.74221],[-91.14269,40.74238],[-91.14548,40.74257],[-91.14843,40.7427],[-91.15126,40.74284],[-91.15457,40.74301],[-91.15725,40.74315],[-91.15943,40.74326],[-91.16247,40.74341],[-91.16529,40.74357],[-91.16803,40.74372],[-91.1706,40.74387],[-91.17476,40.74407],[-91.17651,40.74415],[-91.18065,40.74437],[-91.18246,40.74452],[-91.18519,40.74476],[-91.18807,40.74498],[-91.19114,40.7452],[-91.19414,40.74545],[-91.19727,40.7457],[-91.19734,40.7457],[-91.20005,40.74591],[-91.2027,40.74614],[-91.20524,40.74583],[-91.20866,40.74544],[-91.21132,40.74546],[-91.21425,40.74546],[-91.21637,40.74548],[-91.21842,40.74548],[-91.22087,40.74548],[-91.22371,40.7455],[-91.22605,40.7455],[-91.23012,40.74552],[-91.23224,40.74552],[-91.23428,40.74551],[-91.23624,40.74552],[-91.23937,40.74553],[-91.24172,40.74552],[-91.24392,40.74554],[-91.24681,40.74554],[-91.25006,40.74555],[-91.25314,40.74555],[-91.25552,40.74555],[-91.25817,40.74557],[-91.26141,40.74557],[-91.26371,40.74557],[-91.26561,40.74556],[-91.26975,40.74558],[-91.27392,40.74559],[-91.2766,40.74561],[-91.27941,40.74562],[-91.28347,40.74786],[-91.28549,40.74896],[-91.28699,40.7498],[-91.28998,40.75149],[-91.29168,40.75245],[-91.29309,40.75326],[-91.29651,40.75518],[-91.29809,40.75609],[-91.29955,40.7569],[-91.30159,40.75804],[-91.30399,40.75935],[-91.3056,40.76025],[-91.30946,40.76234],[-91.31328,40.76444],[-91.31763,40.76682],[-91.31954,40.7678],[-91.32155,40.7688],[-91.32378,40.76993],[-91.32688,40.77151],[-91.32867,40.77244],[-91.33082,40.77354],[-91.3334,40.77483],[-91.33564,40.77598],[-91.33711,40.77671],[-91.33952,40.77802],[-91.34194,40.77924],[-91.34479,40.78072],[-91.34584,40.78124],[-91.34911,40.78294],[-91.35119,40.78396],[-91.35207,40.78382]]}},{"type":"Feature","properties":{"id":"150791","type":"AC; OVERHEAD","status":"IN SERVICE","owner":null,"voltage":161,"voltClass":"100-161"},"geometry":{"type":"LineString","coordinates":[[-91.1183,40.74116],[-91.1193,40.74118],[-91.12185,40.74103],[-91.12419,40.74086],[-91.1271,40.74067],[-91.13059,40.74045],[-91.13303,40.74027],[-91.13471,40.74076],[-91.13677,40.74131],[-91.13939,40.74202],[-91.14261,40.74221],[-91.14562,40.74236],[-91.14845,40.7425],[-91.15108,40.74264],[-91.15464,40.74283],[-91.15726,40.74297],[-91.15946,40.74309],[-91.16267,40.74323],[-91.1653,40.74338],[-91.16804,40.74352],[-91.17284,40.74379],[-91.17467,40.74389],[-91.17658,40.744],[-91.18077,40.74419],[-91.18242,40.74434],[-91.18626,40.74464],[-91.18862,40.74483],[-91.19124,40.74503],[-91.19433,40.74528],[-91.1971,40.7455],[-91.1998,40.7457],[-91.20003,40.74572],[-91.20271,40.74597],[-91.20528,40.74566],[-91.20865,40.74525],[-91.21132,40.74526],[-91.21421,40.74527],[-91.21847,40.74527],[-91.22039,40.7453],[-91.22366,40.74533],[-91.22602,40.74531],[-91.23034,40.74532],[-91.23222,40.74532],[-91.23428,40.74533],[-91.23626,40.74535],[-91.2393,40.74535],[-91.24392,40.74535],[-91.24691,40.74533],[-91.24999,40.74538],[-91.25313,40.74536],[-91.25826,40.74538],[-91.26156,40.74539],[-91.26379,40.74539],[-91.26954,40.74538],[-91.27411,40.74541],[-91.27953,40.74546],[-91.28364,40.74772],[-91.28707,40.74962],[-91.29015,40.75134],[-91.29183,40.7523],[-91.2934,40.75318],[-91.29666,40.75502],[-91.29971,40.75674],[-91.30572,40.76006],[-91.30727,40.76089],[-91.30963,40.76219],[-91.31175,40.76335],[-91.31535,40.76533],[-91.31775,40.76665],[-91.31956,40.76757],[-91.32134,40.76849],[-91.3235,40.76956],[-91.32709,40.77139],[-91.33104,40.77341],[-91.33356,40.77466],[-91.3358,40.77583],[-91.33727,40.77658],[-91.34001,40.77801],[-91.34392,40.78003],[-91.34625,40.78122],[-91.34937,40.78284],[-91.35135,40.78376],[-91.35207,40.78382]]}},{"type":"Feature","properties":{"id":"107585","type":"AC; OVERHEAD","status":"IN SERVICE","owner":null,"voltage":138,"voltClass":"100-161"},"geometry":{"type":"LineString","coordinates":[[-91.26673,40.60737],[-91.26662,40.60672],[-91.26664,40.6066],[-91.26749,40.60661],[-91.26821,40.58041],[-91.2154,40.5799],[-91.21547,40.5724],[-91.21522,40.57121],[-91.21533,40.56456],[-91.21557,40.55665],[-91.21575,40.5514],[-91.21587,40.55006],[-91.18709,40.54987],[-91.17189,40.5497],[-91.15313,40.5495],[-91.11586,40.54874],[-91.08885,40.54787],[-91.07063,40.5474],[-91.06396,40.54721],[-91.0425,40.54673],[-91.03261,40.54655],[-91.0262,40.54641],[-91.01925,40.54655],[-91.00891,40.547],[-90.99332,40.54767],[-90.99167,40.54774],[-90.97267,40.5486],[-90.96403,40.549],[-90.95553,40.54932],[-90.9382,40.55015],[-90.92806,40.55055],[-90.9238,40.5507],[-90.91535,40.55062],[-90.90622,40.5508],[-90.90633,40.53886],[-90.90643,40.53619],[-90.89871,40.53535],[-90.88797,40.53454],[-90.88295,40.53417],[-90.87483,40.53358],[-90.86659,40.53301],[-90.85807,40.53272],[-90.84944,40.5324],[-90.83794,40.53164],[-90.83607,40.5316],[-90.82822,40.53108],[-90.81775,40.53071],[-90.80913,40.53031],[-90.79025,40.53027],[-90.78871,40.53038],[-90.77485,40.53066],[-90.77139,40.53071],[-90.76794,40.5307],[-90.76806,40.52596],[-90.76813,40.52348],[-90.76556,40.52317],[-90.75206,40.52306],[-90.74372,40.52288],[-90.73703,40.52267],[-90.72201,40.52253],[-90.71697,40.52252],[-90.71364,40.5225],[-90.71371,40.5192],[-90.70763,40.51499],[-90.70098,40.51492],[-90.69432,40.51494],[-90.69451,40.50025],[-90.69462,40.4928],[-90.69154,40.49252],[-90.68982,40.49235],[-90.68997,40.48543],[-90.68538,40.48535],[-90.67408,40.4844],[-90.66432,40.48442],[-90.65717,40.48448],[-90.64783,40.47916],[-90.64787,40.47665],[-90.648,40.46876]]}},{"type":"Feature","properties":{"id":"128380","type":"AC; OVERHEAD","status":"IN SERVICE","owner":null,"voltage":161,"voltClass":"100-161"},"geometry":{"type":"LineString","coordinates":[[-93.80755,42.08633],[-93.80735,42.08535],[-93.8089,42.08537],[-93.81037,42.08535],[-93.81564,42.08532],[-93.82028,42.08535],[-93.82271,42.08534],[-93.8277,42.08538],[-93.83028,42.08539],[-93.83527,42.08543],[-93.83758,42.08542],[-93.84492,42.08539],[-93.84971,42.08537],[-93.85189,42.08539],[-93.85691,42.08537],[-93.85932,42.08537],[-93.86173,42.0854],[-93.86651,42.08539],[-93.8689,42.08478],[-93.87117,42.08425],[-93.87359,42.08362],[-93.87591,42.08364],[-93.87863,42.0836],[-93.88103,42.08273],[-93.88355,42.08183],[-93.88572,42.08068],[-93.88806,42.07948],[-93.89023,42.07835],[-93.89023,42.07534],[-93.89023,42.07209],[-93.8902,42.06958],[-93.89019,42.06711],[-93.89021,42.06514],[-93.89021,42.06397],[-93.88966,42.0636],[-93.88924,42.06328]]}},{"type":"Feature","properties":{"id":"106310","type":"AC; OVERHEAD","status":"IN SERVICE","owner":null,"voltage":161,"voltClass":"100-161"},"geometry":{"type":"LineString","coordinates":[[-92.96191,42.04791],[-92.96216,42.04804],[-92.96247,42.04806],[-92.96251,42.04765],[-92.96303,42.04764],[-92.96321,42.0487],[-92.96596,42.04876],[-92.96611,42.05009],[-92.96602,42.05703],[-92.96635,42.05825],[-92.96775,42.05893],[-92.96912,42.05975],[-92.97003,42.0606],[-92.97116,42.06195],[-92.97176,42.06311],[-92.97227,42.06448],[-92.98014,42.08504],[-92.98136,42.08502],[-92.98349,42.085],[-92.98601,42.08496],[-92.9885,42.08493],[-92.99091,42.0849],[-92.99337,42.08487],[-92.99583,42.08484],[-92.99819,42.08481],[-93.00087,42.08482],[-93.00338,42.08483],[-93.00578,42.08485],[-93.00829,42.08487],[-93.01051,42.08488],[-93.01318,42.08504],[-93.01512,42.08517],[-93.01787,42.08532],[-93.01988,42.08544],[-93.02311,42.08545],[-93.02531,42.08546],[-93.02758,42.08546],[-93.02973,42.08547],[-93.03219,42.08547],[-93.03498,42.0855],[-93.03744,42.08552],[-93.03986,42.08554],[-93.04196,42.08556],[-93.04432,42.08559],[-93.04695,42.08563],[-93.04953,42.08567],[-93.05292,42.08571],[-93.05531,42.08575],[-93.05805,42.08579],[-93.06098,42.08573],[-93.06453,42.08554],[-93.06712,42.0854],[-93.06944,42.08528],[-93.07182,42.08515],[-93.07351,42.08506],[-93.07697,42.08488],[-93.08056,42.08468],[-93.08291,42.08464],[-93.08529,42.0846],[-93.088,42.08455],[-93.09018,42.08451],[-93.09249,42.08448],[-93.09495,42.08445],[-93.0974,42.08442],[-93.0997,42.08443],[-93.10208,42.08443],[-93.10463,42.08444],[-93.1069,42.08444],[-93.10935,42.08445],[-93.1118,42.08445],[-93.11413,42.08446],[-93.11642,42.08443],[-93.11911,42.08447],[-93.12137,42.08453],[-93.12457,42.08459],[-93.12694,42.08461],[-93.12956,42.08467],[-93.13162,42.08472],[-93.13448,42.08478],[-93.13767,42.08481],[-93.14095,42.08483],[-93.14337,42.08483],[-93.14646,42.08484],[-93.14896,42.08484],[-93.15155,42.08482],[-93.1538,42.08482],[-93.15594,42.08484],[-93.15836,42.08486],[-93.1609,42.08485],[-93.16342,42.08485],[-93.16612,42.08484],[-93.16866,42.08484],[-93.17084,42.08483],[-93.17317,42.08481],[-93.17545,42.0848],[-93.17814,42.0848],[-93.18064,42.0848],[-93.18305,42.0848],[-93.1856,42.08479],[-93.18802,42.08479],[-93.19054,42.08478],[-93.1931,42.08478],[-93.19515,42.08478],[-93.19762,42.08479],[-93.1996,42.0848],[-93.20223,42.08483],[-93.20483,42.08484],[-93.20748,42.08485],[-93.21006,42.08486],[-93.21235,42.08488],[-93.2149,42.08488],[-93.21801,42.08489],[-93.22062,42.0849],[-93.22346,42.0849],[-93.22614,42.0849],[-93.22924,42.08489],[-93.23179,42.08489],[-93.23421,42.08489],[-93.23652,42.08492],[-93.23903,42.08494],[-93.24142,42.08497],[-93.24386,42.08497],[-93.24627,42.085],[-93.24882,42.085],[-93.25124,42.08503],[-93.25427,42.08504],[-93.25652,42.08503],[-93.25869,42.08502],[-93.26085,42.08502],[-93.26327,42.08501],[-93.2657,42.08501],[-93.26813,42.085],[-93.27052,42.085],[-93.27186,42.08501],[-93.27178,42.08551],[-93.27174,42.08578]]}},{"type":"Feature","properties":{"id":"110015","type":"AC; OVERHEAD","status":"IN SERVICE","owner":null,"voltage":161,"voltClass":"100-161"},"geometry":{"type":"LineString","coordinates":[[-93.37398,42.22452],[-93.37405,42.22389],[-93.36962,42.22392],[-93.36426,42.22391],[-93.36024,42.22387],[-93.35176,42.22384],[-93.34752,42.22381],[-93.34647,42.22377],[-93.34648,42.22088],[-93.34651,42.21692],[-93.34655,42.21364],[-93.34654,42.2115],[-93.34654,42.20932],[-93.34231,42.20929],[-93.33246,42.20926],[-93.32412,42.20926],[-93.31584,42.20925],[-93.31073,42.20923],[-93.31073,42.20905],[-93.30697,42.20906],[-93.30106,42.20907],[-93.29565,42.20903],[-93.29146,42.20903],[-93.29001,42.209],[-93.29003,42.20622],[-93.29003,42.20311],[-93.29001,42.19918],[-93.28998,42.19514],[-93.28996,42.19316],[-93.28994,42.19105],[-93.28991,42.18964],[-93.2899,42.1881],[-93.28989,42.18723],[-93.29014,42.18725],[-93.2901,42.18409],[-93.29007,42.18099],[-93.28984,42.18049],[-93.28984,42.1785],[-93.28984,42.17429],[-93.28981,42.17212],[-93.28982,42.17013],[-93.28979,42.16668],[-93.2898,42.16331],[-93.28981,42.15936],[-93.28293,42.15853],[-93.28072,42.15821],[-93.27866,42.15776],[-93.27668,42.15717],[-93.27055,42.15473],[-93.27053,42.15222],[-93.27054,42.15137],[-93.27025,42.15137],[-93.27028,42.1461],[-93.27028,42.14502],[-93.27028,42.14427],[-93.27054,42.14429],[-93.27054,42.14102],[-93.27058,42.13609],[-93.27036,42.1361],[-93.2704,42.13316],[-93.2704,42.12937],[-93.27039,42.12858],[-93.27036,42.1255],[-93.27037,42.12395],[-93.27038,42.12014],[-93.27041,42.11405],[-93.27051,42.10956],[-93.27052,42.10811],[-93.27076,42.10811],[-93.2708,42.1043],[-93.27081,42.0997],[-93.2708,42.09879],[-93.27083,42.09661],[-93.27074,42.09332],[-93.27079,42.09128],[-93.27077,42.09036],[-93.27077,42.08943],[-93.27077,42.08852],[-93.27081,42.08672],[-93.27177,42.08664],[-93.27174,42.08578]]}},{"type":"Feature","properties":{"id":"116246","type":"AC; OVERHEAD","status":"IN SERVICE","owner":null,"voltage":161,"voltClass":"100-161"},"geometry":{"type":"LineString","coordinates":[[-93.27174,42.08578],[-93.27201,42.08548],[-93.27195,42.08501],[-93.27294,42.08501],[-93.27538,42.08504],[-93.27788,42.08506],[-93.28034,42.08509],[-93.28281,42.08511],[-93.28529,42.08513],[-93.28767,42.08515],[-93.29001,42.08516],[-93.29241,42.08517],[-93.29489,42.08519],[-93.29738,42.08518],[-93.29995,42.0852],[-93.30218,42.08519],[-93.30462,42.08519],[-93.30702,42.0852],[-93.30949,42.0852],[-93.31189,42.08521],[-93.31458,42.08523],[-93.31671,42.08524],[-93.31949,42.08526],[-93.33185,42.08527],[-93.3341,42.08519],[-93.34718,42.08497],[-93.34944,42.08495],[-93.36417,42.08499],[-93.36892,42.08508],[-93.37907,42.08515],[-93.39411,42.08518],[-93.41039,42.08523],[-93.42793,42.08532],[-93.43743,42.08533],[-93.43985,42.08533],[-93.44226,42.08535],[-93.44504,42.08535],[-93.44559,42.08559]]}},{"type":"Feature","properties":{"id":"137740","type":"AC; OVERHEAD","status":"IN SERVICE","owner":null,"voltage":161,"voltClass":"100-161"},"geometry":{"type":"LineString","coordinates":[[-93.27174,42.08578],[-93.27208,42.08598],[-93.27207,42.08643],[-93.27212,42.08691],[-93.27208,42.08725]]}},{"type":"Feature","properties":{"id":"138435","type":"AC; OVERHEAD","status":"IN SERVICE","owner":null,"voltage":161,"voltClass":"100-161"},"geometry":{"type":"LineString","coordinates":[[-93.44559,42.08559],[-93.44606,42.08535],[-93.44733,42.08533],[-93.44984,42.08531],[-93.4523,42.08529],[-93.45492,42.08528],[-93.45713,42.08526],[-93.45996,42.08523],[-93.46249,42.08523],[-93.46517,42.08522],[-93.46767,42.08521],[-93.47006,42.08521],[-93.47251,42.08521],[-93.47488,42.08519],[-93.47733,42.0852],[-93.47991,42.08519],[-93.48233,42.08519],[-93.48494,42.08523],[-93.48719,42.08523],[-93.48965,42.08527],[-93.49202,42.08529],[-93.49446,42.0853],[-93.4968,42.08533],[-93.49922,42.08536],[-93.50158,42.08538],[-93.50336,42.08539],[-93.50621,42.08541],[-93.50924,42.08543],[-93.51167,42.08543],[-93.51409,42.08542],[-93.51645,42.08541],[-93.51893,42.08541],[-93.52157,42.08539],[-93.52399,42.08538],[-93.52608,42.08537],[-93.52872,42.08534],[-93.53118,42.08531],[-93.53344,42.08528],[-93.53564,42.08524],[-93.53868,42.08519],[-93.54117,42.08515],[-93.54361,42.08514],[-93.54582,42.08515],[-93.5485,42.08514],[-93.55086,42.08514],[-93.55292,42.08514],[-93.55495,42.08513],[-93.55748,42.08497],[-93.56078,42.08474],[-93.56127,42.08468]]}},{"type":"Feature","properties":{"id":"121306","type":"AC; OVERHEAD","status":"IN SERVICE","owner":null,"voltage":161,"voltClass":"100-161"},"geometry":{"type":"LineString","coordinates":[[-93.80755,42.08633],[-93.80712,42.08616],[-93.80724,42.08538],[-93.80417,42.08529],[-93.80072,42.08529],[-93.78606,42.08535],[-93.78036,42.08486],[-93.77849,42.08469],[-93.77617,42.08478],[-93.77147,42.08538],[-93.76246,42.0854],[-93.75369,42.0854],[-93.73742,42.0854],[-93.72761,42.08536],[-93.71556,42.08529],[-93.70359,42.08524],[-93.70106,42.08506],[-93.69852,42.08497],[-93.69538,42.08497],[-93.68542,42.08501],[-93.68108,42.08509],[-93.67874,42.08516],[-93.67434,42.08515],[-93.66956,42.08493],[-93.66699,42.08459],[-93.66147,42.08455],[-93.65917,42.08445],[-93.65683,42.08444],[-93.64724,42.08483],[-93.64482,42.08493],[-93.63982,42.08512],[-93.62539,42.0851],[-93.62032,42.08511],[-93.61239,42.08505],[-93.60584,42.08501],[-93.60247,42.08501],[-93.59995,42.0843],[-93.59533,42.0829],[-93.58879,42.08285],[-93.58126,42.08335],[-93.57323,42.08386],[-93.56324,42.08457],[-93.56186,42.08465],[-93.5616,42.08467],[-93.56127,42.08468]]}},{"type":"Feature","properties":{"id":"126603","type":"AC; OVERHEAD","status":"IN SERVICE","owner":"CITY OF AMES - (IA)","voltage":161,"voltClass":"100-161"},"geometry":{"type":"LineString","coordinates":[[-93.80971,42.08611],[-93.80977,42.08569],[-93.8098,42.08526],[-93.80888,42.0853],[-93.80777,42.08526],[-93.80538,42.08524],[-93.80543,42.08422],[-93.80545,42.08029],[-93.80548,42.07834],[-93.80031,42.07836],[-93.7956,42.07838],[-93.78832,42.07837],[-93.78684,42.07838],[-93.78687,42.07836],[-93.78542,42.07836],[-93.7788,42.07838],[-93.7709,42.07837],[-93.76573,42.07837],[-93.75706,42.0784],[-93.75702,42.07649],[-93.75703,42.07114],[-93.75703,42.06538],[-93.75703,42.06151],[-93.75703,42.05828],[-93.75706,42.05136],[-93.75706,42.04913],[-93.75321,42.04911],[-93.74553,42.04913],[-93.73862,42.04912],[-93.73025,42.04907],[-93.72376,42.04905],[-93.71907,42.04902],[-93.71311,42.049],[-93.70569,42.04895],[-93.70489,42.04893],[-93.70355,42.04918],[-93.69894,42.04914],[-93.69895,42.04555],[-93.69895,42.04362],[-93.69894,42.04179],[-93.69849,42.04167],[-93.69369,42.04168],[-93.68696,42.04166],[-93.68435,42.04165],[-93.678,42.04163],[-93.67217,42.04166],[-93.67073,42.04144],[-93.66882,42.03985],[-93.66767,42.03964],[-93.66569,42.0405],[-93.66495,42.04163],[-93.66483,42.0428],[-93.66196,42.04273],[-93.66141,42.04379],[-93.66056,42.0454],[-93.65908,42.04542],[-93.6543,42.04543],[-93.65058,42.04547],[-93.65062,42.04575],[-93.65036,42.046]]}},{"type":"Feature","properties":{"id":"143035","type":"AC; OVERHEAD","status":"IN SERVICE","owner":null,"voltage":161,"voltClass":"100-161"},"geometry":{"type":"LineString","coordinates":[[-93.80971,42.08611],[-93.80962,42.08574],[-93.80965,42.08541],[-93.80886,42.08539],[-93.80764,42.08539],[-93.80764,42.08606],[-93.80755,42.08633]]}},{"type":"Feature","properties":{"id":"138452","type":"AC; OVERHEAD","status":"IN SERVICE","owner":null,"voltage":161,"voltClass":"100-161"},"geometry":{"type":"LineString","coordinates":[[-92.76587,42.16531],[-92.76573,42.16591],[-92.76513,42.16689],[-92.7642,42.1682],[-92.76328,42.1695],[-92.76234,42.17077],[-92.7614,42.17208],[-92.76048,42.17338],[-92.75956,42.17467],[-92.7587,42.17591],[-92.75774,42.17722],[-92.75682,42.1785],[-92.75587,42.17981],[-92.75494,42.18108],[-92.75409,42.18225],[-92.75318,42.18352],[-92.75234,42.18474],[-92.75148,42.18588],[-92.75031,42.18699],[-92.749,42.18802],[-92.74755,42.18893],[-92.74601,42.18969],[-92.74441,42.1903],[-92.74263,42.19079],[-92.73725,42.19188],[-92.73545,42.19222],[-92.73356,42.19237],[-92.73172,42.1923],[-92.72629,42.19142],[-92.72002,42.19032],[-92.71741,42.19014],[-92.7128,42.18855],[-92.70869,42.18856],[-92.70297,42.18856],[-92.69918,42.18856],[-92.69914,42.18733],[-92.69905,42.18488],[-92.69903,42.18123],[-92.69568,42.18123],[-92.69406,42.18123],[-92.69245,42.18088],[-92.69092,42.18031],[-92.68659,42.17844],[-92.68516,42.17789],[-92.68347,42.17755],[-92.67775,42.17734],[-92.67397,42.17719],[-92.66833,42.17696],[-92.66465,42.17677],[-92.65728,42.17638],[-92.65544,42.17627],[-92.65363,42.17611],[-92.65177,42.1756],[-92.64801,42.17434],[-92.64432,42.17436],[-92.63653,42.17434],[-92.62692,42.17432],[-92.6193,42.1743],[-92.6114,42.1743],[-92.59942,42.1743],[-92.59129,42.17427],[-92.58157,42.17448],[-92.57966,42.17451],[-92.5723,42.17441],[-92.56108,42.17428],[-92.5461,42.17413],[-92.53863,42.17411],[-92.53306,42.17416],[-92.53307,42.17027],[-92.53309,42.16653],[-92.5254,42.16653],[-92.51774,42.16653],[-92.51394,42.16652],[-92.51317,42.1662]]}},{"type":"Feature","properties":{"id":"127635","type":"AC; OVERHEAD","status":"IN SERVICE","owner":null,"voltage":161,"voltClass":"100-161"},"geometry":{"type":"LineString","coordinates":[[-92.49413,42.53451],[-92.49485,42.53438],[-92.4949,42.5341],[-92.4949,42.53141],[-92.49492,42.52888],[-92.49491,42.52812],[-92.49475,42.52752],[-92.49474,42.52324],[-92.49473,42.51821],[-92.49488,42.51752],[-92.49488,42.51349],[-92.49488,42.50801],[-92.49487,42.50233],[-92.49486,42.49645],[-92.49486,42.49323],[-92.49509,42.49259],[-92.49508,42.49084],[-92.49504,42.4852],[-92.49503,42.47979],[-92.49499,42.47394],[-92.49495,42.46968],[-92.49017,42.46968],[-92.48175,42.46967],[-92.47317,42.46968],[-92.46417,42.4697],[-92.45553,42.46968],[-92.45233,42.46967],[-92.45215,42.46994]]}},{"type":"Feature","properties":{"id":"139394","type":"AC; OVERHEAD","status":"IN SERVICE","owner":"MIDAMERICAN ENERGY CO","voltage":161,"voltClass":"100-161"},"geometry":{"type":"LineString","coordinates":[[-95.00313,40.74282],[-95.00311,40.74317],[-95.00565,40.74513],[-95.01016,40.74862],[-95.01218,40.75017],[-95.01607,40.75227],[-95.02212,40.75654],[-95.02765,40.76043],[-95.03126,40.76292],[-95.03266,40.76394],[-95.03431,40.76461],[-95.03965,40.76677],[-95.04265,40.76798],[-95.04815,40.77076],[-95.05019,40.77185],[-95.05266,40.77312],[-95.06147,40.77753],[-95.07009,40.78192],[-95.07365,40.78371],[-95.07993,40.78688],[-95.08786,40.79082],[-95.09573,40.79468],[-95.10571,40.79943],[-95.11345,40.80298],[-95.11989,40.80597],[-95.1268,40.80922],[-95.13858,40.81465],[-95.15012,40.82008],[-95.16151,40.8257],[-95.17325,40.83151],[-95.18359,40.8367],[-95.1896,40.83968],[-95.19796,40.84378],[-95.20537,40.84723],[-95.21099,40.84973],[-95.21865,40.85316],[-95.22719,40.85694],[-95.23654,40.86151],[-95.24635,40.86681],[-95.25601,40.87201],[-95.26499,40.87661],[-95.27457,40.88121],[-95.28548,40.88635],[-95.2948,40.89094],[-95.30355,40.89529],[-95.31325,40.90017],[-95.32968,40.90783],[-95.33929,40.91221],[-95.35022,40.91725],[-95.3598,40.92191],[-95.37004,40.92687],[-95.38111,40.93224],[-95.39895,40.94083],[-95.41452,40.94825],[-95.42651,40.95397],[-95.43622,40.95867],[-95.4441,40.96241],[-95.4505,40.96541],[-95.4531,40.96665],[-95.46223,40.97114],[-95.47207,40.9768],[-95.48093,40.98186],[-95.49523,40.99004],[-95.49728,40.99123],[-95.49947,40.99249],[-95.50019,40.99294],[-95.50022,40.99358]]}},{"type":"Feature","properties":{"id":"102969","type":"AC; OVERHEAD","status":"IN SERVICE","owner":"WAPA-- WESTERN AREA POWER ADMINISTRATION","voltage":161,"voltClass":"100-161"},"geometry":{"type":"LineString","coordinates":[[-94.84326,40.34601],[-94.84238,40.34652],[-94.84221,40.34787],[-94.84205,40.34921],[-94.84088,40.34938],[-94.83858,40.34972],[-94.83115,40.35632],[-94.82752,40.35953],[-94.81741,40.36826],[-94.81128,40.37366],[-94.80979,40.37493],[-94.80591,40.38189],[-94.80284,40.38542],[-94.80091,40.38778],[-94.79647,40.39319],[-94.78906,40.40223],[-94.78686,40.40492],[-94.78456,40.40772],[-94.78351,40.41657],[-94.78237,40.42739],[-94.78101,40.43116],[-94.77952,40.43573],[-94.77618,40.44547],[-94.77594,40.44618],[-94.7698,40.45897],[-94.7687,40.46021],[-94.75913,40.47087],[-94.7566,40.47369],[-94.74837,40.48286],[-94.74553,40.48743],[-94.74309,40.49118],[-94.7385,40.49839],[-94.73473,40.50469],[-94.72841,40.51121],[-94.72281,40.51715],[-94.71485,40.52551],[-94.70976,40.53081],[-94.70732,40.53535],[-94.70404,40.54116],[-94.70197,40.54505],[-94.70104,40.54673],[-94.6971,40.55396],[-94.69357,40.56039],[-94.69213,40.5629],[-94.68764,40.57111],[-94.68662,40.57241],[-94.68486,40.57466],[-94.68254,40.57761],[-94.67686,40.58481],[-94.67353,40.58909],[-94.66908,40.59468],[-94.66473,40.60021],[-94.65964,40.60649],[-94.65603,40.61099],[-94.65078,40.61703],[-94.64668,40.62182],[-94.64172,40.62744],[-94.63724,40.63233],[-94.63333,40.63656],[-94.62965,40.64052],[-94.62393,40.64671],[-94.61949,40.65146],[-94.61709,40.65408],[-94.61547,40.65576],[-94.6135,40.65882],[-94.60939,40.6652],[-94.60603,40.67032],[-94.6007,40.6785],[-94.59645,40.68507],[-94.59324,40.69002],[-94.58957,40.69563],[-94.58636,40.70051],[-94.58242,40.70439],[-94.57827,40.70838],[-94.57284,40.71345],[-94.56728,40.71873],[-94.56313,40.72259],[-94.56122,40.72574],[-94.5552,40.73553],[-94.54892,40.74568],[-94.54575,40.75075],[-94.54248,40.75608],[-94.53955,40.76082],[-94.53602,40.7665],[-94.53104,40.77453],[-94.52773,40.77991],[-94.52573,40.78485],[-94.52499,40.78679],[-94.52195,40.79073],[-94.51826,40.79551],[-94.51299,40.80245],[-94.50908,40.80747],[-94.50556,40.81226],[-94.50331,40.81518],[-94.50123,40.81792],[-94.49989,40.81957],[-94.49749,40.82266],[-94.49507,40.8258],[-94.48888,40.83389],[-94.48479,40.83909],[-94.47985,40.84559],[-94.47352,40.85377],[-94.46969,40.85871],[-94.46858,40.86014],[-94.46487,40.86496],[-94.4611,40.86986],[-94.45754,40.87449],[-94.45392,40.87921],[-94.45145,40.8816],[-94.4473,40.88565],[-94.43998,40.8929],[-94.43392,40.89875],[-94.43255,40.90014],[-94.43124,40.90164],[-94.42928,40.90253],[-94.42453,40.90479],[-94.41859,40.90764],[-94.41678,40.90837],[-94.4135,40.91176],[-94.40695,40.91835],[-94.40249,40.92271],[-94.39833,40.92688],[-94.3923,40.93303],[-94.38475,40.94057],[-94.37928,40.94604],[-94.37512,40.9502],[-94.36838,40.9551],[-94.36325,40.95883],[-94.35804,40.96269],[-94.35305,40.96647],[-94.34749,40.97054],[-94.34641,40.97175],[-94.34221,40.97637],[-94.33807,40.98105],[-94.33729,40.9819],[-94.33479,40.98467],[-94.33418,40.98652],[-94.3325,40.99166],[-94.33087,40.99616],[-94.32917,41.00137],[-94.32856,41.00301],[-94.32838,41.01232],[-94.32807,41.0209],[-94.32802,41.02879],[-94.32799,41.03601],[-94.32789,41.04562],[-94.32789,41.05181],[-94.32819,41.06205],[-94.32848,41.07047],[-94.32846,41.07979],[-94.32853,41.08505],[-94.32849,41.09021],[-94.32851,41.10151],[-94.3285,41.11147],[-94.32853,41.1157],[-94.33125,41.11571],[-94.33682,41.11573],[-94.34439,41.11578],[-94.34786,41.11578],[-94.34841,41.11571],[-94.3488,41.11542]]}},{"type":"Feature","properties":{"id":"105299","type":"AC; OVERHEAD","status":"IN SERVICE","owner":"WAPA-- WESTERN AREA POWER ADMINISTRATION","voltage":161,"voltClass":"100-161"},"geometry":{"type":"LineString","coordinates":[[-94.3488,41.11542],[-94.34987,41.11554],[-94.34987,41.11611],[-94.34477,41.11614],[-94.33533,41.11618],[-94.3254,41.12036],[-94.31812,41.12338],[-94.31671,41.12424],[-94.30589,41.13116],[-94.29864,41.13593],[-94.29136,41.14067],[-94.27996,41.14814],[-94.26556,41.15444],[-94.25013,41.16119],[-94.23438,41.16813],[-94.22454,41.17285],[-94.21939,41.17543],[-94.21363,41.17829],[-94.20739,41.18138],[-94.19329,41.18877],[-94.18244,41.19512],[-94.17383,41.20016],[-94.17031,41.20217],[-94.17013,41.20173],[-94.16971,41.20154]]}},{"type":"Feature","properties":{"id":"111700","type":"AC; OVERHEAD","status":"IN SERVICE","owner":"WAPA-- WESTERN AREA POWER ADMINISTRATION","voltage":161,"voltClass":"100-161"},"geometry":{"type":"LineString","coordinates":[[-94.85623,41.46805],[-94.8539,41.46579],[-94.85282,41.46483],[-94.85067,41.4631],[-94.8482,41.46091],[-94.84678,41.45946],[-94.84317,41.45647],[-94.8412,41.45469],[-94.83504,41.45003],[-94.83459,41.44974],[-94.83349,41.44902],[-94.81625,41.43773],[-94.81534,41.43715],[-94.8119,41.43488],[-94.80747,41.43203],[-94.80618,41.43121],[-94.80451,41.43011],[-94.80428,41.43],[-94.80404,41.42985],[-94.80151,41.42823],[-94.78816,41.41951],[-94.78494,41.41762],[-94.77931,41.41401],[-94.7782,41.4133],[-94.77738,41.4128],[-94.77207,41.4096],[-94.76806,41.40702],[-94.75817,41.40091],[-94.74319,41.39165],[-94.73702,41.38772],[-94.72858,41.38249],[-94.71857,41.37554],[-94.71088,41.36985],[-94.70685,41.36669],[-94.69718,41.35923],[-94.6911,41.35448],[-94.67989,41.34584],[-94.67843,41.34471],[-94.67543,41.34235],[-94.66998,41.33811],[-94.66328,41.33338],[-94.66022,41.33119],[-94.6522,41.32553],[-94.6419,41.31825],[-94.63814,41.31558],[-94.63347,41.31226],[-94.62768,41.30844],[-94.62075,41.30402],[-94.61716,41.30172],[-94.60605,41.29462],[-94.60243,41.29224],[-94.59464,41.2873],[-94.59104,41.285],[-94.58869,41.28347],[-94.58496,41.28105],[-94.58103,41.27855],[-94.57287,41.27316],[-94.57095,41.27173],[-94.5664,41.26874],[-94.56467,41.26746],[-94.55695,41.2601],[-94.5556,41.25872],[-94.54913,41.25333],[-94.54712,41.25164],[-94.54391,41.24894],[-94.53691,41.24311],[-94.52985,41.23715],[-94.52778,41.23545],[-94.52407,41.2324],[-94.52084,41.22984],[-94.51261,41.22334],[-94.51074,41.22186],[-94.5087,41.22024],[-94.50076,41.21411],[-94.49245,41.20841],[-94.49013,41.20679],[-94.48956,41.20639],[-94.48169,41.20091],[-94.48024,41.1999],[-94.47058,41.19414],[-94.47016,41.1939],[-94.46097,41.18844],[-94.45296,41.18376],[-94.44905,41.18142],[-94.44584,41.1795],[-94.44086,41.17653],[-94.43788,41.17475],[-94.43134,41.17154],[-94.42757,41.16982],[-94.42359,41.16796],[-94.42342,41.16788],[-94.41395,41.16355],[-94.40588,41.15984],[-94.40135,41.15727],[-94.3966,41.15449],[-94.38658,41.14948],[-94.38392,41.14811],[-94.37692,41.14451],[-94.37613,41.14411],[-94.37569,41.14388],[-94.37524,41.14364],[-94.37499,41.14349],[-94.37322,41.14264],[-94.36545,41.1392],[-94.35662,41.13527],[-94.35391,41.13179],[-94.35106,41.12808],[-94.3505,41.11526],[-94.34948,41.11511],[-94.3488,41.11542]]}},{"type":"Feature","properties":{"id":"104206","type":"AC; OVERHEAD","status":"IN SERVICE","owner":"MIDAMERICAN ENERGY CO","voltage":161,"voltClass":"100-161"},"geometry":{"type":"LineString","coordinates":[[-95.80524,41.15659],[-95.80544,41.1569],[-95.80589,41.15704],[-95.80738,41.15847],[-95.80825,41.15909],[-95.81298,41.15921],[-95.81686,41.16176],[-95.82838,41.16932],[-95.83253,41.17201],[-95.83136,41.17229],[-95.83133,41.17246],[-95.83154,41.17265]]}},{"type":"Feature","properties":{"id":"126075","type":"AC; OVERHEAD","status":"IN SERVICE","owner":"OMAHA PUBLIC POWER DISTRICT","voltage":161,"voltClass":"100-161"},"geometry":{"type":"LineString","coordinates":[[-95.83743,41.17602],[-95.83682,41.17612],[-95.83526,41.17712],[-95.83314,41.17712],[-95.83314,41.17676],[-95.83283,41.17676],[-95.83284,41.17891],[-95.8329,41.18276],[-95.83298,41.18596],[-95.84118,41.18577],[-95.84254,41.18634],[-95.84407,41.18677],[-95.84531,41.18738],[-95.84672,41.18792],[-95.84805,41.18843],[-95.84938,41.18895],[-95.85065,41.18933],[-95.85191,41.18971],[-95.85317,41.1901],[-95.85442,41.19047],[-95.8557,41.19086],[-95.85719,41.19094],[-95.85868,41.19102],[-95.86016,41.1911],[-95.86163,41.19118],[-95.86257,41.19123],[-95.86353,41.19128],[-95.86498,41.19122],[-95.86642,41.19117],[-95.86778,41.19111],[-95.86923,41.19105],[-95.87073,41.19099],[-95.87218,41.19093],[-95.87362,41.19088],[-95.87517,41.19081],[-95.87618,41.19078],[-95.87766,41.19072],[-95.87914,41.19066],[-95.88063,41.1906],[-95.88205,41.19056],[-95.88347,41.19053],[-95.88489,41.19049],[-95.88631,41.19046],[-95.88776,41.19042],[-95.88923,41.19037],[-95.89073,41.19031],[-95.89223,41.19024],[-95.89374,41.19018],[-95.89523,41.19012],[-95.89674,41.19006],[-95.89803,41.19037],[-95.89933,41.19067],[-95.90061,41.19098],[-95.90191,41.19128],[-95.90321,41.19158],[-95.90452,41.19189],[-95.90581,41.1922],[-95.90709,41.1925],[-95.90838,41.19281],[-95.91013,41.1928],[-95.91157,41.1928],[-95.91345,41.19281],[-95.91593,41.1928],[-95.91795,41.19281],[-95.91999,41.1928],[-95.92127,41.19189],[-95.92287,41.19072],[-95.92521,41.18901],[-95.92381,41.18719],[-95.9238,41.18593],[-95.9238,41.1846],[-95.92381,41.18301],[-95.92381,41.18202],[-95.92382,41.18079],[-95.92383,41.1787],[-95.92355,41.1768],[-95.92355,41.17541],[-95.92354,41.17428],[-95.92386,41.17299],[-95.92625,41.17116],[-95.92881,41.16922],[-95.93123,41.16921],[-95.93331,41.16919],[-95.93609,41.16918],[-95.93835,41.16918],[-95.94016,41.16917],[-95.94191,41.16916],[-95.9435,41.16916],[-95.9461,41.16915],[-95.94794,41.16915],[-95.94968,41.16914],[-95.95237,41.16913],[-95.95461,41.16913],[-95.95716,41.16912],[-95.95914,41.16911],[-95.96136,41.16911],[-95.96325,41.16965],[-95.96348,41.16971],[-95.96364,41.16976],[-95.96615,41.17012],[-95.96799,41.17039],[-95.96864,41.17027],[-95.96891,41.16991],[-95.9698,41.16964]]}},{"type":"Feature","properties":{"id":"140869","type":"AC; OVERHEAD","status":"IN SERVICE","owner":null,"voltage":161,"voltClass":"100-161"},"geometry":{"type":"LineString","coordinates":[[-95.83961,41.17872],[-95.83898,41.17856],[-95.83761,41.1761],[-95.83743,41.17602]]}},{"type":"Feature","properties":{"id":"144807","type":"AC; OVERHEAD","status":"IN SERVICE","owner":null,"voltage":161,"voltClass":"100-161"},"geometry":{"type":"LineString","coordinates":[[-95.83961,41.17872],[-95.83911,41.17854],[-95.83883,41.178],[-95.83772,41.17606],[-95.83743,41.17602]]}},{"type":"Feature","properties":{"id":"145167","type":"AC; OVERHEAD","status":"IN SERVICE","owner":null,"voltage":161,"voltClass":"100-161"},"geometry":{"type":"LineString","coordinates":[[-95.83154,41.17265],[-95.83165,41.17244],[-95.83198,41.17219],[-95.83257,41.17206],[-95.83478,41.17352],[-95.8371,41.17465],[-95.8376,41.17551],[-95.83743,41.17602]]}},{"type":"Feature","properties":{"id":"145419","type":"AC; OVERHEAD","status":"IN SERVICE","owner":null,"voltage":161,"voltClass":"100-161"},"geometry":{"type":"LineString","coordinates":[[-95.83743,41.17602],[-95.83732,41.17595],[-95.83703,41.17541],[-95.83434,41.17561],[-95.83408,41.17614]]}},{"type":"Feature","properties":{"id":"145691","type":"AC; OVERHEAD","status":"IN SERVICE","owner":null,"voltage":161,"voltClass":"100-161"},"geometry":{"type":"LineString","coordinates":[[-95.83743,41.17602],[-95.8372,41.17599],[-95.83695,41.17558],[-95.83519,41.17587],[-95.83434,41.17584],[-95.83408,41.17614]]}},{"type":"Feature","properties":{"id":"160724","type":"AC; OVERHEAD","status":"IN SERVICE","owner":null,"voltage":161,"voltClass":"100-161"},"geometry":{"type":"LineString","coordinates":[[-93.20397,43.24809],[-93.20465,43.24843],[-93.20465,43.24925],[-93.20932,43.24927]]}},{"type":"Feature","properties":{"id":"113318","type":"AC; OVERHEAD","status":"IN SERVICE","owner":null,"voltage":161,"voltClass":"100-161"},"geometry":{"type":"LineString","coordinates":[[-92.2803,42.42761],[-92.28078,42.42745],[-92.2815,42.42682],[-92.28309,42.42559],[-92.28865,42.42124],[-92.29189,42.4213],[-92.30223,42.42135],[-92.30778,42.42128],[-92.31769,42.4213],[-92.32442,42.42129],[-92.33239,42.42133],[-92.34073,42.42124],[-92.3541,42.4212],[-92.36433,42.42126],[-92.37303,42.42124],[-92.38156,42.42121],[-92.3963,42.4212],[-92.40915,42.4212],[-92.41515,42.42116],[-92.41725,42.42118],[-92.4173,42.42415],[-92.41729,42.42703],[-92.41734,42.43651],[-92.41736,42.43841],[-92.41732,42.43977],[-92.41812,42.44041],[-92.41869,42.44084],[-92.41925,42.4409]]}},{"type":"Feature","properties":{"id":"105005","type":"AC; OVERHEAD","status":"IN SERVICE","owner":null,"voltage":161,"voltClass":"100-161"},"geometry":{"type":"LineString","coordinates":[[-92.4276,42.46445],[-92.42706,42.46435],[-92.42708,42.46296],[-92.4271,42.45841],[-92.4271,42.45742],[-92.42607,42.45655],[-92.42497,42.45566],[-92.42399,42.45488],[-92.42332,42.45383],[-92.42194,42.45178],[-92.42052,42.45126],[-92.41986,42.45032],[-92.42157,42.44859],[-92.42564,42.4444],[-92.42987,42.44008],[-92.43066,42.43928],[-92.4292,42.4393],[-92.42772,42.43932],[-92.42484,42.43933],[-92.41987,42.43935],[-92.41903,42.43936],[-92.41928,42.4399],[-92.41925,42.4409]]}},{"type":"Feature","properties":{"id":"156051","type":"AC; OVERHEAD","status":"IN SERVICE","owner":null,"voltage":161,"voltClass":"100-161"},"geometry":{"type":"LineString","coordinates":[[-92.34273,42.51308],[-92.34493,42.51311],[-92.34738,42.51312],[-92.35004,42.51309],[-92.35255,42.51308],[-92.35516,42.51308],[-92.35749,42.51308],[-92.35745,42.51457],[-92.35741,42.51601],[-92.35734,42.5171],[-92.35724,42.51916],[-92.35721,42.52223],[-92.35722,42.52328],[-92.35722,42.52648],[-92.35726,42.52936],[-92.35727,42.53354],[-92.35729,42.53775],[-92.35729,42.53986],[-92.3573,42.54168],[-92.35727,42.54265],[-92.35663,42.54277]]}},{"type":"Feature","properties":{"id":"160733","type":"AC; OVERHEAD","status":"IN SERVICE","owner":null,"voltage":161,"voltClass":"100-161"},"geometry":{"type":"LineString","coordinates":[[-92.34273,42.51308],[-92.34033,42.51308],[-92.33759,42.51127],[-92.33529,42.51124],[-92.32602,42.51124],[-92.32139,42.51125],[-92.31668,42.51119],[-92.3081,42.51117],[-92.30055,42.51119],[-92.29812,42.5111],[-92.29814,42.51218],[-92.29813,42.51314],[-92.2916,42.5131],[-92.27356,42.513],[-92.27341,42.51647],[-92.27165,42.51715]]}},{"type":"Feature","properties":{"id":"136938","type":"AC; OVERHEAD","status":"IN SERVICE","owner":null,"voltage":161,"voltClass":"100-161"},"geometry":{"type":"LineString","coordinates":[[-92.34368,42.5064],[-92.34303,42.50707],[-92.34272,42.50781],[-92.34274,42.50953],[-92.34278,42.51306],[-92.34802,42.51305],[-92.35667,42.51304],[-92.35749,42.51305],[-92.3575,42.51204],[-92.35751,42.51168],[-92.35937,42.5117],[-92.36125,42.51145],[-92.3631,42.5112],[-92.3656,42.51086],[-92.36725,42.50965],[-92.36831,42.50906]]}},{"type":"Feature","properties":{"id":"147374","type":"AC; OVERHEAD","status":"IN SERVICE","owner":null,"voltage":161,"voltClass":"100-161"},"geometry":{"type":"LineString","coordinates":[[-92.34368,42.5064],[-92.34356,42.50609],[-92.3453,42.50564],[-92.35014,42.50436],[-92.3526,42.50445]]}},{"type":"Feature","properties":{"id":"119626","type":"AC; OVERHEAD","status":"IN SERVICE","owner":null,"voltage":161,"voltClass":"100-161"},"geometry":{"type":"LineString","coordinates":[[-91.42483,40.42813],[-91.42566,40.4281],[-91.42534,40.42743],[-91.42542,40.42487],[-91.42552,40.42195],[-91.42557,40.42072],[-91.42663,40.42059],[-91.42652,40.41868],[-91.42651,40.41638],[-91.42656,40.41503],[-91.42671,40.41149],[-91.42683,40.41029],[-91.42696,40.40837],[-91.42698,40.40727],[-91.42697,40.40509],[-91.42694,40.4043],[-91.42675,40.40378],[-91.42715,40.40256],[-91.42687,40.4014],[-91.42682,40.4008],[-91.42683,40.40009],[-91.42683,40.39846],[-91.42697,40.39692],[-91.42735,40.39535],[-91.42766,40.39418],[-91.428,40.39282],[-91.42854,40.39149],[-91.42893,40.3897],[-91.42835,40.38749],[-91.42746,40.38673],[-91.42624,40.38561],[-91.42611,40.38552],[-91.42511,40.38541],[-91.42346,40.38519],[-91.42359,40.3845]]}},{"type":"Feature","properties":{"id":"110069","type":"AC; OVERHEAD","status":"IN SERVICE","owner":null,"voltage":138,"voltClass":"100-161"},"geometry":{"type":"LineString","coordinates":[[-90.648,40.46876],[-90.64851,40.46897],[-90.64866,40.46897],[-90.64873,40.46815],[-90.64802,40.4679],[-90.64806,40.46653],[-90.65795,40.46442],[-90.65979,40.464],[-90.66642,40.46255],[-90.66852,40.4621],[-90.6753,40.46063],[-90.67841,40.45992],[-90.69076,40.45641],[-90.69187,40.45563],[-90.69182,40.45463],[-90.69325,40.45462],[-90.69325,40.45443],[-90.6926,40.45429]]}},{"type":"Feature","properties":{"id":"124889","type":null,"status":null,"owner":null,"voltage":138,"voltClass":"100-161"},"geometry":{"type":"LineString","coordinates":[[-90.6926,40.45429],[-90.69281,40.45413],[-90.69262,40.44782],[-90.69278,40.4441],[-90.66967,40.43359],[-90.66622,40.43346],[-90.66272,40.43037],[-90.65655,40.4283],[-90.62318,40.41633],[-90.61871,40.4148],[-90.61588,40.41378],[-90.61211,40.41243],[-90.608,40.41098],[-90.59255,40.40553],[-90.56686,40.3964],[-90.52783,40.38309],[-90.51216,40.37649],[-90.50647,40.37399],[-90.50331,40.37266],[-90.50008,40.37125],[-90.46953,40.35798],[-90.46308,40.35513],[-90.4592,40.35346],[-90.45854,40.35318],[-90.44919,40.34912],[-90.4351,40.34916],[-90.4299,40.34918],[-90.42312,40.3492],[-90.4172,40.34912],[-90.39367,40.34911],[-90.3723,40.34913],[-90.35731,40.34443],[-90.33169,40.34409],[-90.33107,40.34449]]}},{"type":"Feature","properties":{"id":"160841","type":"AC; OVERHEAD","status":"IN SERVICE","owner":null,"voltage":161,"voltClass":"100-161"},"geometry":{"type":"LineString","coordinates":[[-91.23723,40.69497],[-91.23809,40.69477],[-91.23886,40.69478],[-91.23901,40.69478],[-91.23968,40.69335],[-91.24036,40.69193],[-91.24105,40.69052],[-91.2418,40.68897],[-91.24254,40.68743],[-91.2433,40.68588],[-91.24406,40.68434],[-91.2448,40.68278],[-91.24554,40.68124],[-91.24629,40.67972],[-91.24704,40.67818],[-91.24771,40.67674],[-91.24851,40.67512],[-91.24924,40.6736],[-91.25012,40.67193],[-91.2509,40.67031],[-91.25161,40.66876],[-91.25236,40.66724],[-91.25309,40.6657],[-91.25385,40.66416],[-91.25472,40.66265],[-91.2561,40.66152],[-91.25749,40.66042],[-91.25867,40.65946],[-91.25952,40.65804],[-91.26025,40.65696],[-91.26095,40.65597],[-91.26164,40.65504],[-91.26234,40.65406],[-91.26334,40.65258],[-91.26426,40.65113],[-91.26508,40.64995],[-91.2659,40.64874],[-91.26669,40.64769],[-91.26775,40.64624],[-91.26869,40.64497],[-91.26984,40.64395],[-91.27124,40.64272],[-91.27175,40.64232],[-91.27279,40.64167],[-91.27411,40.64092],[-91.27679,40.63929],[-91.27875,40.63886],[-91.2805,40.63847],[-91.28225,40.63805],[-91.28389,40.6377],[-91.28564,40.63731],[-91.28739,40.63692],[-91.28914,40.63659],[-91.2905,40.63613],[-91.29195,40.63567],[-91.29336,40.63519],[-91.29428,40.63384],[-91.29506,40.63267],[-91.29603,40.63122],[-91.2961,40.63035],[-91.29874,40.62989],[-91.29564,40.6271],[-91.29037,40.62229],[-91.28796,40.62012],[-91.28542,40.61853],[-91.28427,40.61853],[-91.28158,40.6185],[-91.27705,40.61904],[-91.26846,40.62003],[-91.26671,40.6191],[-91.26682,40.6157],[-91.267,40.61004],[-91.26707,40.60778],[-91.26653,40.60769],[-91.26673,40.60737]]}},{"type":"Feature","properties":{"id":"119538","type":"AC; OVERHEAD","status":"IN SERVICE","owner":null,"voltage":138,"voltClass":"100-161"},"geometry":{"type":"LineString","coordinates":[[-90.93911,39.95588],[-90.93928,39.95739],[-90.93938,39.96387],[-90.93923,39.97313],[-90.93917,39.98675],[-90.93933,40.01161],[-90.9423,40.02531],[-90.94406,40.0335],[-90.94376,40.04006],[-90.94372,40.04271],[-90.94346,40.05101],[-90.9435,40.06469],[-90.94347,40.06611],[-90.94086,40.07694],[-90.94081,40.07706],[-90.9397,40.08167],[-90.939,40.08461],[-90.93849,40.08664],[-90.93732,40.09128],[-90.93549,40.09837],[-90.93457,40.10195],[-90.9324,40.11092],[-90.93171,40.1135],[-90.92971,40.12171],[-90.92892,40.12502],[-90.92664,40.13436],[-90.92569,40.14879],[-90.92523,40.15578],[-90.92479,40.16346],[-90.92405,40.17566],[-90.92394,40.17742],[-90.92309,40.1906],[-90.92295,40.1932],[-90.92247,40.20061],[-90.92177,40.21211],[-90.91219,40.22989],[-90.9111,40.23191],[-90.91012,40.23376],[-90.90909,40.23558],[-90.90471,40.24379],[-90.899,40.25484],[-90.89045,40.28502],[-90.88882,40.29114],[-90.88852,40.29233],[-90.88714,40.29715],[-90.88444,40.30579],[-90.88327,40.30985],[-90.8761,40.33486],[-90.87422,40.3416],[-90.87214,40.35002],[-90.87046,40.3575],[-90.86793,40.36873],[-90.86648,40.37511],[-90.86181,40.39564],[-90.86164,40.3964],[-90.84162,40.40132],[-90.83963,40.40177],[-90.8299,40.40411],[-90.8202,40.40644],[-90.80093,40.41109],[-90.79129,40.41348],[-90.76508,40.41996],[-90.7632,40.42078],[-90.75729,40.42249],[-90.734,40.42997],[-90.71482,40.4356],[-90.7074,40.43767],[-90.70718,40.43774],[-90.69306,40.44188],[-90.69279,40.44785],[-90.69287,40.45169],[-90.69297,40.45414],[-90.6926,40.45429]]}},{"type":"Feature","properties":{"id":"138565","type":"AC; OVERHEAD","status":"IN SERVICE","owner":null,"voltage":115,"voltClass":"100-161"},"geometry":{"type":"LineString","coordinates":[[-96.4475,43.39717],[-96.45697,43.39727],[-96.45693,43.40632],[-96.45685,43.42185],[-96.45679,43.4302],[-96.45677,43.43168],[-96.45678,43.43319],[-96.45682,43.43736],[-96.45681,43.44765],[-96.45684,43.45355],[-96.4568,43.45788],[-96.4569,43.462]]}},{"type":"Feature","properties":{"id":"138657","type":"AC; OVERHEAD","status":"IN SERVICE","owner":null,"voltage":115,"voltClass":"100-161"},"geometry":{"type":"LineString","coordinates":[[-96.4475,43.39717],[-96.44734,43.39683]]}},{"type":"Feature","properties":{"id":"104676","type":"AC; OVERHEAD","status":"IN SERVICE","owner":null,"voltage":115,"voltClass":"100-161"},"geometry":{"type":"LineString","coordinates":[[-96.35038,43.39666],[-96.35075,43.39674],[-96.36942,43.39681],[-96.37518,43.39683],[-96.38924,43.39692],[-96.40901,43.39703],[-96.42703,43.39711],[-96.42895,43.39711],[-96.43098,43.39712],[-96.44615,43.39715],[-96.4475,43.39717]]}},{"type":"Feature","properties":{"id":"131863","type":"AC; OVERHEAD","status":"IN SERVICE","owner":null,"voltage":115,"voltClass":"100-161"},"geometry":{"type":"LineString","coordinates":[[-96.50621,43.49102],[-96.50618,43.49137]]}},{"type":"Feature","properties":{"id":"119819","type":"AC; OVERHEAD","status":"IN SERVICE","owner":null,"voltage":161,"voltClass":"100-161"},"geometry":{"type":"LineString","coordinates":[[-96.17473,42.61188],[-96.17466,42.61356],[-96.17459,42.61483],[-96.17458,42.61613],[-96.17457,42.61724],[-96.17454,42.61841],[-96.17455,42.61945],[-96.17457,42.62338],[-96.17458,42.62659],[-96.17463,42.63147],[-96.17464,42.63392],[-96.17451,42.63864],[-96.17441,42.64165],[-96.17426,42.64627],[-96.1742,42.64865],[-96.17419,42.64949],[-96.17424,42.65433],[-96.17431,42.65882],[-96.17435,42.6615],[-96.17438,42.66249],[-96.17445,42.66566],[-96.17448,42.66722],[-96.17451,42.66817],[-96.17454,42.66957],[-96.1746,42.67149],[-96.17461,42.67251],[-96.17463,42.67347],[-96.17466,42.67445],[-96.17477,42.67937],[-96.17493,42.6846],[-96.17462,42.6853],[-96.17472,42.6898],[-96.17478,42.69239],[-96.17485,42.69792],[-96.17488,42.70083],[-96.17489,42.70297],[-96.17518,42.7034],[-96.17524,42.70717],[-96.17531,42.70934],[-96.17543,42.71372],[-96.17558,42.718],[-96.17571,42.72177],[-96.17568,42.72599],[-96.17569,42.72991],[-96.17539,42.73056],[-96.17537,42.73374],[-96.17531,42.73929],[-96.17524,42.74753],[-96.17522,42.75074],[-96.17527,42.75571],[-96.17532,42.76095],[-96.17534,42.76411],[-96.17534,42.76868],[-96.1753,42.77407],[-96.17531,42.77477],[-96.1753,42.77565],[-96.17566,42.77565],[-96.17614,42.77547]]}},{"type":"Feature","properties":{"id":"109471","type":"AC; OVERHEAD","status":"IN SERVICE","owner":"MIDAMERICAN ENERGY CO","voltage":161,"voltClass":"100-161"},"geometry":{"type":"LineString","coordinates":[[-90.68558,41.82248],[-90.68603,41.82248],[-90.6864,41.82252],[-90.68641,41.8231],[-90.68447,41.82321],[-90.68446,41.8239],[-90.68445,41.82546],[-90.68446,41.82748],[-90.68444,41.82934],[-90.68446,41.83128],[-90.68446,41.8328],[-90.68446,41.83465],[-90.68445,41.83644],[-90.6844,41.83804],[-90.68422,41.84008],[-90.68198,41.84009],[-90.67977,41.84009],[-90.6772,41.84009],[-90.67489,41.84009],[-90.67222,41.84009],[-90.67003,41.84009],[-90.66758,41.8401],[-90.66528,41.8401],[-90.66428,41.8401],[-90.66434,41.84203],[-90.66435,41.8439],[-90.66476,41.84409],[-90.66458,41.84428]]}},{"type":"Feature","properties":{"id":"108578","type":"AC; OVERHEAD","status":"IN SERVICE","owner":"MIDAMERICAN ENERGY CO","voltage":161,"voltClass":"100-161"},"geometry":{"type":"LineString","coordinates":[[-90.68558,41.82248],[-90.68248,41.82218],[-90.67963,41.822],[-90.67388,41.82196],[-90.66812,41.82198],[-90.66503,41.82197],[-90.66506,41.81848],[-90.66504,41.81477],[-90.65994,41.81478],[-90.64572,41.81475],[-90.6383,41.81472],[-90.62916,41.81478],[-90.61923,41.8148],[-90.6109,41.81481],[-90.59506,41.81483],[-90.58783,41.81483],[-90.58774,41.81113],[-90.5828,41.81103],[-90.57577,41.81099],[-90.56837,41.81116],[-90.56099,41.81122],[-90.5563,41.81124],[-90.55143,41.81126],[-90.54204,41.81134],[-90.53599,41.8113],[-90.53585,41.81095]]}},{"type":"Feature","properties":{"id":"141996","type":"AC; UNDERGROUND","status":null,"owner":"MIDAMERICAN ENERGY CO","voltage":161,"voltClass":"100-161"},"geometry":{"type":"LineString","coordinates":[[-93.61482,41.60262],[-93.61421,41.6035]]}},{"type":"Feature","properties":{"id":"125607","type":"AC; OVERHEAD","status":"IN SERVICE","owner":null,"voltage":161,"voltClass":"100-161"},"geometry":{"type":"LineString","coordinates":[[-90.66458,41.84428],[-90.66478,41.84453],[-90.66488,41.84486],[-90.66503,41.84568],[-90.66504,41.84645],[-90.66503,41.84727],[-90.66531,41.84737],[-90.6653,41.84911],[-90.66534,41.85088],[-90.66795,41.85089],[-90.67084,41.85088],[-90.67363,41.85088],[-90.67647,41.85087],[-90.67926,41.85087],[-90.68148,41.85087],[-90.68382,41.85086],[-90.68655,41.85085],[-90.68938,41.85085],[-90.69181,41.85084],[-90.69427,41.85083],[-90.69428,41.85307],[-90.69426,41.85537],[-90.69424,41.85781],[-90.69424,41.85996],[-90.69425,41.86185],[-90.69428,41.86394],[-90.69432,41.86641],[-90.6943,41.86833],[-90.6943,41.87044],[-90.69429,41.87269],[-90.69431,41.87483],[-90.6943,41.87694],[-90.69431,41.87933],[-90.69433,41.88149],[-90.69433,41.8836],[-90.69432,41.88549],[-90.69432,41.88742],[-90.69432,41.88942],[-90.69428,41.89136],[-90.69426,41.89357],[-90.69424,41.89606],[-90.6942,41.8981],[-90.69418,41.90038],[-90.69414,41.90226],[-90.69412,41.90441],[-90.69409,41.90674],[-90.69405,41.90894],[-90.69403,41.91126],[-90.69401,41.91391],[-90.69399,41.91622],[-90.69393,41.91855],[-90.69391,41.92075],[-90.69387,41.92279],[-90.69385,41.92357],[-90.69383,41.92485],[-90.69379,41.9267],[-90.69377,41.92862],[-90.69372,41.93057],[-90.69376,41.93294],[-90.69379,41.93535],[-90.69381,41.93729],[-90.69383,41.93924],[-90.69385,41.94091],[-90.69386,41.94298],[-90.69389,41.94608],[-90.69388,41.94933],[-90.69393,41.95256],[-90.69397,41.95578],[-90.69397,41.9598],[-90.69401,41.9626],[-90.69404,41.96528],[-90.69408,41.9672],[-90.69408,41.96881],[-90.69409,41.97088],[-90.69409,41.97262],[-90.69354,41.97442],[-90.69386,41.97671],[-90.6941,41.97817],[-90.6941,41.9803],[-90.6941,41.98246],[-90.69414,41.98474],[-90.6942,41.98668],[-90.6942,41.98863],[-90.6942,41.99081],[-90.69423,41.99284],[-90.69424,41.99499],[-90.69424,41.9972],[-90.69425,41.99831],[-90.69429,42.00011],[-90.69433,42.00178],[-90.69432,42.00363],[-90.69432,42.00567],[-90.69433,42.00746],[-90.69433,42.00928],[-90.69439,42.01114],[-90.69582,42.01304],[-90.69696,42.01462],[-90.69833,42.01651],[-90.69954,42.01827],[-90.6995,42.02041],[-90.69955,42.02272],[-90.69954,42.0251],[-90.69953,42.02735],[-90.69951,42.02954],[-90.69953,42.03041],[-90.69956,42.03191],[-90.69953,42.03465],[-90.69952,42.03642],[-90.69939,42.03822],[-90.69932,42.04005],[-90.69922,42.04229],[-90.69918,42.04377],[-90.69915,42.04443],[-90.6991,42.04607],[-90.69904,42.04721],[-90.69901,42.04818],[-90.69905,42.05011],[-90.69907,42.05217],[-90.69909,42.05346],[-90.69908,42.0544],[-90.69909,42.05577],[-90.69983,42.05766],[-90.69968,42.05827]]}},{"type":"Feature","properties":{"id":"143249","type":"AC; OVERHEAD","status":"IN SERVICE","owner":"MIDAMERICAN ENERGY CO","voltage":161,"voltClass":"100-161"},"geometry":{"type":"LineString","coordinates":[[-90.69019,41.57463],[-90.69095,41.57488],[-90.69143,41.5749],[-90.69213,41.57497],[-90.69327,41.57508],[-90.6953,41.57533],[-90.69705,41.57557],[-90.69705,41.57654],[-90.69703,41.57814],[-90.697,41.58006],[-90.69698,41.5818],[-90.69698,41.58325],[-90.69694,41.5852],[-90.6969,41.58718],[-90.69687,41.58915],[-90.69683,41.59114],[-90.69681,41.59277],[-90.69678,41.59471],[-90.69675,41.59627],[-90.69675,41.59839],[-90.69674,41.60011],[-90.69675,41.60179],[-90.69674,41.60333],[-90.69545,41.60426],[-90.69364,41.60559],[-90.69346,41.60572],[-90.69179,41.60692],[-90.69024,41.60807],[-90.68858,41.60927],[-90.68717,41.61031],[-90.6858,41.6113],[-90.6858,41.61301],[-90.68575,41.61484],[-90.68574,41.61661],[-90.68572,41.61833],[-90.68568,41.62035],[-90.68568,41.62104],[-90.68567,41.62197],[-90.68566,41.62382],[-90.68564,41.62549],[-90.68564,41.62716],[-90.68563,41.62926],[-90.68562,41.63107],[-90.68562,41.63301],[-90.6856,41.63497],[-90.68566,41.63657],[-90.68572,41.63791],[-90.6857,41.63988],[-90.68558,41.64187],[-90.68557,41.64385],[-90.68554,41.64565],[-90.6855,41.64746],[-90.68549,41.6494],[-90.68545,41.65131],[-90.68542,41.65294],[-90.6854,41.65476],[-90.6854,41.65664],[-90.68538,41.65849],[-90.68537,41.66037],[-90.68538,41.66204],[-90.68537,41.66367],[-90.68536,41.66539],[-90.68537,41.66749],[-90.68536,41.6693],[-90.68533,41.67114],[-90.68531,41.67292],[-90.6853,41.67471],[-90.68528,41.67646],[-90.68528,41.67777],[-90.68525,41.67974],[-90.68525,41.68155],[-90.68522,41.68326],[-90.68521,41.68529],[-90.6852,41.68734],[-90.68519,41.68909],[-90.68519,41.69083],[-90.68518,41.69207],[-90.68517,41.69432],[-90.68515,41.69632],[-90.68514,41.69826],[-90.68513,41.69962],[-90.68511,41.7018],[-90.68508,41.70379],[-90.68507,41.70547],[-90.68488,41.70727],[-90.68487,41.70926],[-90.68486,41.7115],[-90.68486,41.71308],[-90.68486,41.71488],[-90.68485,41.71636],[-90.68487,41.71819],[-90.68484,41.72014],[-90.68404,41.72208],[-90.68367,41.72298],[-90.68387,41.72374],[-90.68445,41.72585],[-90.68485,41.7274],[-90.68482,41.72936],[-90.68481,41.73115],[-90.68478,41.73273],[-90.68472,41.73468],[-90.68472,41.73663],[-90.68471,41.73838],[-90.68471,41.74015],[-90.68467,41.74214],[-90.68469,41.74414],[-90.6847,41.74615],[-90.68471,41.7483],[-90.68474,41.75015],[-90.68475,41.75214],[-90.68384,41.75427],[-90.68324,41.75699],[-90.68358,41.75811],[-90.68399,41.75964],[-90.68393,41.76213],[-90.6839,41.76358],[-90.68393,41.76461],[-90.68466,41.76636],[-90.68465,41.76842],[-90.68463,41.77052],[-90.68464,41.77201],[-90.6846,41.77409],[-90.68459,41.77532],[-90.6846,41.77699],[-90.68461,41.77838],[-90.68458,41.78031],[-90.68456,41.7821],[-90.68456,41.78384],[-90.68454,41.78527],[-90.68461,41.78744],[-90.68464,41.78924],[-90.68463,41.79113],[-90.6846,41.79286],[-90.6846,41.79467],[-90.68459,41.79646],[-90.68457,41.79823],[-90.68456,41.80003],[-90.68457,41.80171],[-90.68457,41.80363],[-90.68459,41.80556],[-90.68457,41.80768],[-90.68456,41.80884],[-90.68457,41.81098],[-90.68458,41.81266],[-90.68457,41.81453],[-90.68448,41.81651],[-90.68447,41.8181],[-90.68447,41.81996],[-90.68437,41.82212],[-90.68525,41.8222],[-90.68558,41.82248]]}},{"type":"Feature","properties":{"id":"106050","type":"AC; OVERHEAD","status":"IN SERVICE","owner":"MIDAMERICAN ENERGY CO","voltage":161,"voltClass":"100-161"},"geometry":{"type":"LineString","coordinates":[[-90.69019,41.57463],[-90.69141,41.57475],[-90.69708,41.57542],[-90.69719,41.57278],[-90.69726,41.56547],[-90.69737,41.55848],[-90.6975,41.5514],[-90.69764,41.54779],[-90.69768,41.53888],[-90.69777,41.53489],[-90.69776,41.52528],[-90.69789,41.51787],[-90.69797,41.51127],[-90.69799,41.50967],[-90.69984,41.50841],[-90.71103,41.50265],[-90.71805,41.49916],[-90.73117,41.49578],[-90.73178,41.49562],[-90.73591,41.49449],[-90.73787,41.49402],[-90.74108,41.49359],[-90.74735,41.4913],[-90.75502,41.4886],[-90.76117,41.48644],[-90.76377,41.48553],[-90.77103,41.48291],[-90.77823,41.48039],[-90.78538,41.47781],[-90.79405,41.47497],[-90.80072,41.47297],[-90.80896,41.47053],[-90.8165,41.46834],[-90.81786,41.46794],[-90.81834,41.46799],[-90.82057,41.46704],[-90.82415,41.46599],[-90.82422,41.46486],[-90.82428,41.46041],[-90.8243,41.45852],[-90.82427,41.45828],[-90.82357,41.45804],[-90.82361,41.45776],[-90.82364,41.45767]]}},{"type":"Feature","properties":{"id":"106123","type":"AC; OVERHEAD","status":"IN SERVICE","owner":null,"voltage":345,"voltClass":"345"},"geometry":{"type":"LineString","coordinates":[[-90.82141,41.48024],[-90.8226,41.4796],[-90.82414,41.4792],[-90.82571,41.47992],[-90.82712,41.48058],[-90.82881,41.48136],[-90.82875,41.4827],[-90.82863,41.48407],[-90.82853,41.48561],[-90.82731,41.48689],[-90.82602,41.48825],[-90.82496,41.48935],[-90.82422,41.49012],[-90.82349,41.49093],[-90.82415,41.49232],[-90.82409,41.49305],[-90.8241,41.49444],[-90.82403,41.4958],[-90.824,41.49716],[-90.82399,41.49854],[-90.82395,41.49965],[-90.82395,41.501],[-90.82371,41.50211],[-90.82369,41.50332],[-90.82367,41.50457],[-90.82364,41.50587],[-90.81955,41.50599],[-90.81746,41.50602],[-90.81425,41.50601],[-90.81418,41.50767],[-90.8142,41.50936],[-90.8142,41.51082],[-90.81417,41.51245],[-90.8134,41.51307],[-90.81275,41.51466],[-90.81284,41.51652],[-90.81398,41.5176],[-90.81394,41.51912],[-90.81393,41.5205],[-90.81395,41.52215],[-90.81393,41.52373],[-90.81391,41.52527],[-90.81389,41.52678],[-90.81389,41.52825],[-90.81385,41.52975],[-90.81383,41.53123],[-90.81383,41.53231],[-90.81383,41.53368],[-90.8138,41.53532],[-90.81378,41.53697],[-90.81375,41.53858],[-90.81374,41.54011],[-90.81374,41.54159],[-90.81371,41.5431],[-90.81372,41.54456],[-90.8137,41.5461],[-90.8137,41.54766],[-90.81369,41.54923],[-90.81365,41.55088],[-90.81361,41.55252],[-90.81359,41.55398],[-90.81358,41.55536],[-90.81361,41.55675],[-90.81357,41.55808],[-90.81324,41.56477],[-90.8122,41.56489],[-90.81175,41.56511]]}},{"type":"Feature","properties":{"id":"157185","type":"AC; OVERHEAD","status":"IN SERVICE","owner":null,"voltage":161,"voltClass":"100-161"},"geometry":{"type":"LineString","coordinates":[[-90.69968,42.05827],[-90.69936,42.05852],[-90.69897,42.0627],[-90.69891,42.06883],[-90.69897,42.07187],[-90.69871,42.07532],[-90.69888,42.07674],[-90.69881,42.08022],[-90.69882,42.08817],[-90.69876,42.09426],[-90.6987,42.09895],[-90.69864,42.10463],[-90.6934,42.10876],[-90.68906,42.11212],[-90.68966,42.11698],[-90.69033,42.12151],[-90.6902,42.1265],[-90.68999,42.13237],[-90.69015,42.14111],[-90.69044,42.14687],[-90.69035,42.15158],[-90.69029,42.15818],[-90.69027,42.16325],[-90.69028,42.16914],[-90.69029,42.17593],[-90.69028,42.18451],[-90.69032,42.18904],[-90.69026,42.19523],[-90.69012,42.19873],[-90.68987,42.20725],[-90.68993,42.21752],[-90.68994,42.22795],[-90.68996,42.2348],[-90.68993,42.23861],[-90.69013,42.2477],[-90.6901,42.25871],[-90.69014,42.26613],[-90.69013,42.27147],[-90.69041,42.27321],[-90.68831,42.27841],[-90.68312,42.2812],[-90.67777,42.28509],[-90.67296,42.28757],[-90.67297,42.29486],[-90.67293,42.3007],[-90.67511,42.30316],[-90.67513,42.30935],[-90.67438,42.31011]]}},{"type":"Feature","properties":{"id":"138321","type":"AC; OVERHEAD","status":"IN SERVICE","owner":null,"voltage":161,"voltClass":"100-161"},"geometry":{"type":"LineString","coordinates":[[-93.20397,43.24809],[-93.20955,43.24813],[-93.21102,43.24932],[-93.21422,43.24933],[-93.22757,43.2493],[-93.24174,43.24928],[-93.25567,43.24932],[-93.27005,43.24937],[-93.28422,43.24939],[-93.29044,43.24943],[-93.29047,43.2523],[-93.29048,43.25279],[-93.29171,43.25419]]}},{"type":"Feature","properties":{"id":"119347","type":"AC; OVERHEAD","status":"IN SERVICE","owner":null,"voltage":161,"voltClass":"100-161"},"geometry":{"type":"LineString","coordinates":[[-93.20397,43.24809],[-93.20293,43.24812],[-93.20088,43.24925],[-93.19835,43.24923],[-93.19348,43.2492],[-93.1882,43.24927],[-93.18547,43.24928],[-93.17968,43.2493],[-93.17677,43.2493],[-93.17115,43.24928],[-93.17125,43.2528],[-93.17129,43.25694],[-93.17131,43.26041],[-93.17131,43.26432],[-93.17129,43.26873],[-93.17133,43.27084],[-93.17131,43.2729],[-93.17134,43.27686],[-93.17131,43.27877],[-93.17133,43.28289],[-93.17137,43.28693],[-93.17138,43.29134],[-93.1714,43.29558],[-93.17144,43.29798],[-93.17143,43.30017],[-93.17139,43.304],[-93.17136,43.30808],[-93.17135,43.31001],[-93.17129,43.31493],[-93.17125,43.31859],[-93.17118,43.32346],[-93.1711,43.32708],[-93.16973,43.32862],[-93.16649,43.3324],[-93.16301,43.33636],[-93.16159,43.33796],[-93.16052,43.33911],[-93.15951,43.34073],[-93.15731,43.34412],[-93.15466,43.34413],[-93.1492,43.34416],[-93.14698,43.34571],[-93.145,43.34709],[-93.14292,43.34851],[-93.14094,43.35036],[-93.13895,43.35226],[-93.13514,43.35582],[-93.13376,43.35716],[-93.1329,43.35844],[-93.13135,43.35951],[-93.12949,43.36116],[-93.12774,43.36284],[-93.1261,43.36436],[-93.12463,43.3658],[-93.12164,43.36862],[-93.12014,43.37002],[-93.1172,43.37316],[-93.11528,43.37434],[-93.11347,43.37597],[-93.1118,43.37743],[-93.10737,43.38144],[-93.10582,43.38285],[-93.1043,43.38421],[-93.10222,43.38605],[-93.1018,43.38642],[-93.10241,43.38642],[-93.10289,43.38687]]}},{"type":"Feature","properties":{"id":"142524","type":"AC; OVERHEAD","status":"IN SERVICE","owner":"MIDAMERICAN ENERGY CO","voltage":161,"voltClass":"100-161"},"geometry":{"type":"LineString","coordinates":[[-93.29171,43.25419],[-93.29295,43.25328],[-93.29289,43.25248],[-93.29052,43.25229],[-93.29048,43.24938],[-93.28523,43.24934],[-93.27531,43.24934],[-93.25798,43.24929],[-93.24548,43.24923],[-93.23556,43.24924],[-93.2256,43.24926],[-93.21102,43.24926],[-93.20958,43.24808],[-93.20752,43.24808],[-93.20527,43.24802],[-93.20397,43.24809]]}},{"type":"Feature","properties":{"id":"158415","type":"AC; OVERHEAD","status":"IN SERVICE","owner":"MIDAMERICAN ENERGY CO","voltage":161,"voltClass":"100-161"},"geometry":{"type":"LineString","coordinates":[[-90.58585,41.39771],[-90.58636,41.39812],[-90.58699,41.3982],[-90.58816,41.39994],[-90.58924,41.40161],[-90.59057,41.40363],[-90.59186,41.40557],[-90.59308,41.40744],[-90.59384,41.40864],[-90.59505,41.41045],[-90.59608,41.412],[-90.59685,41.41321],[-90.59814,41.41511],[-90.59919,41.41701],[-90.60032,41.41902],[-90.60146,41.42105],[-90.6026,41.42307],[-90.60362,41.42489],[-90.60477,41.42693],[-90.60588,41.42891],[-90.60696,41.43079],[-90.60797,41.43261],[-90.60905,41.43453],[-90.61005,41.43632],[-90.61105,41.43809],[-90.61172,41.43925],[-90.61169,41.4406],[-90.61166,41.44184],[-90.61191,41.44237]]}},{"type":"Feature","properties":{"id":"158455","type":"AC; OVERHEAD","status":"IN SERVICE","owner":null,"voltage":161,"voltClass":"100-161"},"geometry":{"type":"LineString","coordinates":[[-91.09482,42.54384],[-91.09438,42.54414],[-91.09401,42.54403],[-91.09354,42.54408],[-91.09161,42.54333],[-91.08462,42.54463],[-91.07753,42.54467],[-91.06646,42.54468],[-91.05501,42.54471],[-91.04515,42.54466],[-91.04198,42.54482],[-91.03552,42.5446],[-91.02392,42.54452],[-91.0128,42.54442],[-91.00288,42.54434],[-90.99118,42.54427],[-90.98147,42.54407],[-90.96342,42.54372],[-90.95379,42.54353],[-90.94407,42.54343],[-90.9365,42.5433],[-90.92768,42.54321],[-90.91756,42.54302],[-90.91123,42.5431],[-90.90106,42.54327],[-90.87932,42.54347],[-90.87718,42.54348],[-90.8738,42.54392],[-90.87197,42.54413],[-90.87037,42.54434],[-90.8655,42.54352],[-90.85521,42.54347],[-90.85206,42.54346],[-90.84015,42.54345],[-90.83087,42.54337],[-90.82174,42.54351],[-90.81828,42.54348],[-90.80365,42.54353],[-90.79359,42.54366],[-90.78676,42.54377],[-90.78149,42.54311],[-90.77926,42.54059],[-90.77896,42.54027],[-90.77894,42.53842],[-90.77891,42.53463],[-90.77889,42.53264],[-90.77892,42.53218],[-90.77904,42.53165]]}},{"type":"Feature","properties":{"id":"144403","type":"AC; OVERHEAD","status":"IN SERVICE","owner":null,"voltage":115,"voltClass":"100-161"},"geometry":{"type":"LineString","coordinates":[[-96.62974,43.51997],[-96.62955,43.51975],[-96.63004,43.51976],[-96.63057,43.51978],[-96.63063,43.51917],[-96.63065,43.51848],[-96.63068,43.51755],[-96.6307,43.5167],[-96.63072,43.51576],[-96.63076,43.51479],[-96.6308,43.51395],[-96.63083,43.51309],[-96.63086,43.51221],[-96.63089,43.51127],[-96.63092,43.51035],[-96.63095,43.50939],[-96.63098,43.50845],[-96.63102,43.50754],[-96.63106,43.50658],[-96.63108,43.50572],[-96.63113,43.50477],[-96.63115,43.50392],[-96.63118,43.50301],[-96.63121,43.50204],[-96.63125,43.50109],[-96.63129,43.5003],[-96.63234,43.50029],[-96.63332,43.50029],[-96.63431,43.50029],[-96.63528,43.50028],[-96.63655,43.50028],[-96.63784,43.50029],[-96.63891,43.50024],[-96.63897,43.49958],[-96.63897,43.4989],[-96.63897,43.49797],[-96.63898,43.49706],[-96.63895,43.49609],[-96.6389,43.49516],[-96.63888,43.49421],[-96.63889,43.49334],[-96.6389,43.49238],[-96.6389,43.49147],[-96.63891,43.49054],[-96.63893,43.48964],[-96.63894,43.48907],[-96.63925,43.48906]]}},{"type":"Feature","properties":{"id":"104889","type":"AC; OVERHEAD","status":"IN SERVICE","owner":"MIDAMERICAN ENERGY CO","voltage":161,"voltClass":"100-161"},"geometry":{"type":"LineString","coordinates":[[-94.15862,43.16995],[-94.1591,43.17038],[-94.15922,43.17159],[-94.1594,43.17287],[-94.16137,43.17286],[-94.16344,43.17285],[-94.16542,43.17284],[-94.16766,43.17282],[-94.18256,43.17282],[-94.18506,43.17281],[-94.18618,43.17419],[-94.18721,43.17547],[-94.18798,43.17722],[-94.18883,43.17893],[-94.18962,43.18057],[-94.19039,43.18228],[-94.19237,43.18328],[-94.19447,43.1844],[-94.19657,43.18552],[-94.19859,43.18666],[-94.20442,43.18734],[-94.2065,43.1876],[-94.20896,43.1879],[-94.2115,43.18827],[-94.21321,43.18958],[-94.21422,43.19037],[-94.21652,43.19035],[-94.22667,43.19037],[-94.23652,43.19033],[-94.25156,43.1903],[-94.26661,43.19014],[-94.27645,43.19012],[-94.28671,43.19017],[-94.30598,43.19022],[-94.32475,43.1904],[-94.34159,43.19049],[-94.36395,43.19062],[-94.37415,43.19068],[-94.38419,43.19059],[-94.40335,43.19056],[-94.41583,43.19062],[-94.42382,43.19073],[-94.44283,43.19055],[-94.45636,43.19062],[-94.46243,43.19062],[-94.47166,43.19075],[-94.48202,43.19078],[-94.50429,43.19095],[-94.5236,43.1911],[-94.5413,43.19102],[-94.56063,43.1911],[-94.57492,43.19091],[-94.59779,43.19078],[-94.61946,43.19087],[-94.63705,43.19086],[-94.65897,43.19092],[-94.67893,43.19095],[-94.69765,43.191],[-94.69961,43.1911],[-94.7018,43.19111],[-94.7037,43.19114],[-94.70616,43.19107],[-94.70871,43.19105],[-94.71123,43.19106],[-94.71346,43.19107],[-94.71577,43.19108],[-94.71833,43.1911],[-94.72099,43.19108],[-94.72344,43.19109],[-94.72584,43.19109],[-94.72781,43.19103],[-94.72963,43.19097],[-94.73091,43.19094],[-94.7315,43.19093],[-94.73196,43.19063]]}},{"type":"Feature","properties":{"id":"109740","type":"AC; OVERHEAD","status":"IN SERVICE","owner":null,"voltage":161,"voltClass":"100-161"},"geometry":{"type":"LineString","coordinates":[[-94.2388,42.00744],[-94.23827,42.00774],[-94.23783,42.00828],[-94.2343,42.01067],[-94.22742,42.01529],[-94.22515,42.01532],[-94.215,42.01532],[-94.20545,42.01532],[-94.1976,42.01531],[-94.1898,42.01529],[-94.18009,42.01528],[-94.16832,42.01531],[-94.15819,42.01535],[-94.14639,42.01542],[-94.13487,42.01544],[-94.12312,42.01546],[-94.11489,42.01542],[-94.10413,42.01544],[-94.09391,42.01547],[-94.08333,42.0155],[-94.07308,42.01551],[-94.06496,42.01552],[-94.05538,42.01547],[-94.04557,42.01546],[-94.0357,42.0155],[-94.02579,42.01551],[-94.0161,42.01549],[-94.00448,42.01542],[-93.99388,42.01531],[-93.98268,42.0152],[-93.97443,42.01517],[-93.97152,42.01878],[-93.96911,42.0218],[-93.96698,42.02436],[-93.96321,42.02906],[-93.96139,42.03175],[-93.9598,42.03474],[-93.95833,42.03737],[-93.95725,42.03949],[-93.95022,42.05277],[-93.9485,42.05614],[-93.94102,42.06083],[-93.93111,42.06688],[-93.92868,42.0671],[-93.92671,42.06736],[-93.9209,42.06741],[-93.91098,42.06747],[-93.90286,42.06746],[-93.89797,42.06682],[-93.89648,42.06678],[-93.89642,42.06381],[-93.89426,42.0638],[-93.89111,42.06381],[-93.89049,42.06381],[-93.8902,42.06362],[-93.89018,42.06297],[-93.88968,42.06297],[-93.88924,42.06328]]}},{"type":"Feature","properties":{"id":"157191","type":"AC; OVERHEAD","status":"IN SERVICE","owner":"MIDAMERICAN ENERGY CO","voltage":345,"voltClass":"345"},"geometry":{"type":"LineString","coordinates":[[-94.15665,43.1701],[-94.15604,43.16954],[-94.15774,43.16954],[-94.15787,43.16887],[-94.15824,43.16063],[-94.15843,43.15552],[-94.15839,43.14906],[-94.15839,43.14129],[-94.15833,43.12669],[-94.13874,43.12656],[-94.13859,43.12285],[-94.13851,43.09723],[-94.12856,43.09724],[-94.12858,43.09019],[-94.1286,43.08296],[-94.12866,43.0671],[-94.12873,43.05805],[-94.12886,43.05079],[-94.12916,43.03814],[-94.12929,43.02372],[-94.12931,43.01808],[-94.12912,43.01276],[-94.12929,43.00754],[-94.12921,42.99514],[-94.12916,42.9806],[-94.12908,42.96957],[-94.12912,42.96057],[-94.12923,42.94793],[-94.12927,42.93717],[-94.12939,42.92985],[-94.12949,42.91375],[-94.1295,42.90854],[-94.12952,42.90701],[-94.12979,42.89257],[-94.12978,42.88327],[-94.12975,42.87955],[-94.12968,42.87115],[-94.12973,42.86155],[-94.12959,42.84866],[-94.12965,42.83734],[-94.12947,42.82796],[-94.12949,42.81786],[-94.12967,42.80701],[-94.12968,42.80334],[-94.12966,42.79949],[-94.12956,42.79717],[-94.13236,42.79499],[-94.1335,42.78448],[-94.1336,42.78202],[-94.13492,42.77854],[-94.13611,42.77524],[-94.13751,42.76783],[-94.14046,42.76021],[-94.14319,42.75522],[-94.14614,42.74611],[-94.14917,42.74313],[-94.14905,42.73251],[-94.14896,42.71743],[-94.14925,42.71002],[-94.14928,42.69278],[-94.14919,42.68841],[-94.14919,42.67943],[-94.14878,42.65217],[-94.14159,42.65218],[-94.1292,42.65221],[-94.12229,42.65218],[-94.11983,42.65218],[-94.1195,42.65193],[-94.11951,42.65008],[-94.11945,42.6447],[-94.11942,42.64112],[-94.11957,42.63404],[-94.11979,42.62895],[-94.11976,42.6246],[-94.1198,42.61534],[-94.11936,42.61233],[-94.11928,42.60342],[-94.11928,42.59607],[-94.1193,42.58702],[-94.11928,42.57437],[-94.11927,42.56537],[-94.10964,42.5655],[-94.10125,42.56547],[-94.09695,42.56556],[-94.09515,42.5656],[-94.09481,42.56806],[-94.09205,42.56809],[-94.0922,42.56611]]}},{"type":"Feature","properties":{"id":"109166","type":"AC; OVERHEAD","status":"IN SERVICE","owner":null,"voltage":161,"voltClass":"100-161"},"geometry":{"type":"LineString","coordinates":[[-94.73196,43.19063],[-94.73248,43.19108],[-94.73422,43.19123],[-94.74308,43.19107],[-94.74331,43.20198],[-94.74572,43.20193],[-94.74827,43.20189],[-94.75111,43.20182],[-94.75351,43.20177],[-94.75601,43.2017],[-94.75851,43.20166],[-94.76118,43.20159],[-94.76415,43.20154],[-94.76681,43.20148],[-94.76933,43.20138],[-94.77137,43.20128],[-94.77357,43.20123],[-94.77575,43.202],[-94.77816,43.20288],[-94.77977,43.20343],[-94.78221,43.20431],[-94.78364,43.20483],[-94.78514,43.20534],[-94.78732,43.20534],[-94.78992,43.20536],[-94.79224,43.20534],[-94.79472,43.20534],[-94.79707,43.20534],[-94.79952,43.20531],[-94.80175,43.20531],[-94.80411,43.20531],[-94.80688,43.20531],[-94.80932,43.20529],[-94.81138,43.20529],[-94.81428,43.20528],[-94.81691,43.20529],[-94.81906,43.2053],[-94.8213,43.20533],[-94.82337,43.20534],[-94.82554,43.20535],[-94.8275,43.20539],[-94.82946,43.2054],[-94.83163,43.20542],[-94.83363,43.20544],[-94.83576,43.20546],[-94.8372,43.20549],[-94.83979,43.20549],[-94.84228,43.2055],[-94.84495,43.20545],[-94.84742,43.20539],[-94.84991,43.20537],[-94.85242,43.20536],[-94.85508,43.20534],[-94.85737,43.20531],[-94.85989,43.20531],[-94.86251,43.20531],[-94.8651,43.20532],[-94.86744,43.20531],[-94.87011,43.20533],[-94.87242,43.20532],[-94.87462,43.20534],[-94.87716,43.20529],[-94.87939,43.20526],[-94.88147,43.20524],[-94.88428,43.20521],[-94.88711,43.20517],[-94.88967,43.20492],[-94.89195,43.20469],[-94.89341,43.20452],[-94.8957,43.20498],[-94.89775,43.20494],[-94.90071,43.20489],[-94.90352,43.20484],[-94.90605,43.2048],[-94.90869,43.20476],[-94.91124,43.20474],[-94.9138,43.20471],[-94.91558,43.20502],[-94.91732,43.20534],[-94.91971,43.20577],[-94.92163,43.20659],[-94.92392,43.20757],[-94.92568,43.20832],[-94.92902,43.20838],[-94.93138,43.20847],[-94.93372,43.20853],[-94.93563,43.20863],[-94.93793,43.20856],[-94.94073,43.20849],[-94.94342,43.20842],[-94.94592,43.20835],[-94.94821,43.20829],[-94.9503,43.20824],[-94.95163,43.20891],[-94.95346,43.2098],[-94.95582,43.2109],[-94.95801,43.21088],[-94.9602,43.21083],[-94.96208,43.21075],[-94.96371,43.20961],[-94.96523,43.2085],[-94.96681,43.20737],[-94.9683,43.20639],[-94.97085,43.20645],[-94.9731,43.20646],[-94.97543,43.20646],[-94.97756,43.20528],[-94.97948,43.20424],[-94.98149,43.20312],[-94.98366,43.20194],[-94.98562,43.20081],[-94.98809,43.20084],[-94.99044,43.20088],[-94.99283,43.20089],[-94.9955,43.20085],[-94.9981,43.20103],[-95.00054,43.20119],[-95.0028,43.20137],[-95.00557,43.20154],[-95.00837,43.2017],[-95.01052,43.20179],[-95.01315,43.20193],[-95.01543,43.20206],[-95.01764,43.20215],[-95.01991,43.20215],[-95.02226,43.20219],[-95.02427,43.20223],[-95.02582,43.20305],[-95.0284,43.20434],[-95.03057,43.20545],[-95.03282,43.20547],[-95.03559,43.20546],[-95.0376,43.20546],[-95.04011,43.20551],[-95.04249,43.20552],[-95.04507,43.2055],[-95.0473,43.20549],[-95.04946,43.20554],[-95.05185,43.20551],[-95.05452,43.20548],[-95.05689,43.20547],[-95.05885,43.20542],[-95.06131,43.2054],[-95.06362,43.20537],[-95.06581,43.20536],[-95.06819,43.20533],[-95.07093,43.20532],[-95.07278,43.20531],[-95.0749,43.20533],[-95.07722,43.20536],[-95.07956,43.20538],[-95.08177,43.20541],[-95.08415,43.20545],[-95.08665,43.20547],[-95.08911,43.20552],[-95.0916,43.20555],[-95.09346,43.20551],[-95.09619,43.20551],[-95.09889,43.20548],[-95.1016,43.20548],[-95.10396,43.20547],[-95.10648,43.20546],[-95.10905,43.20542],[-95.11159,43.2054],[-95.11444,43.20541],[-95.11688,43.20542],[-95.11939,43.20544],[-95.12189,43.20545],[-95.12428,43.20546],[-95.1266,43.20547],[-95.12899,43.20549],[-95.13149,43.2055],[-95.13397,43.20546],[-95.13649,43.20543],[-95.13904,43.20542],[-95.14162,43.20538],[-95.14165,43.20538],[-95.14485,43.20538],[-95.14748,43.20539],[-95.1502,43.20539],[-95.15281,43.20545],[-95.15534,43.20552],[-95.15786,43.20558],[-95.16045,43.20564],[-95.16266,43.20569],[-95.16541,43.20577],[-95.16796,43.20585],[-95.17057,43.20591],[-95.17299,43.2059],[-95.17534,43.20591],[-95.17756,43.20592],[-95.17989,43.20594],[-95.18234,43.20597],[-95.18474,43.20599],[-95.18728,43.20601],[-95.18968,43.20604],[-95.19204,43.20596],[-95.19468,43.20594],[-95.19693,43.20592],[-95.19962,43.20589],[-95.20224,43.20587],[-95.20481,43.20585],[-95.2073,43.20583],[-95.20923,43.20587],[-95.21173,43.20576],[-95.21425,43.20572],[-95.21695,43.20568],[-95.21955,43.20567],[-95.22208,43.20546],[-95.22463,43.20527],[-95.22716,43.20507],[-95.22956,43.20488],[-95.23173,43.20338],[-95.23375,43.20198],[-95.23542,43.20076],[-95.23767,43.19923],[-95.23912,43.19824],[-95.23924,43.19636],[-95.23935,43.19462],[-95.23948,43.19274],[-95.23961,43.19094],[-95.23962,43.19091],[-95.23979,43.18893],[-95.23989,43.18699],[-95.24,43.18503],[-95.2401,43.18321],[-95.24003,43.18112],[-95.23988,43.17875],[-95.23982,43.17644],[-95.23971,43.1746],[-95.23961,43.17278],[-95.2395,43.1709],[-95.23944,43.16897],[-95.23933,43.16739],[-95.23914,43.16547],[-95.2391,43.1636],[-95.2419,43.1635],[-95.24443,43.16332],[-95.24706,43.16313],[-95.24898,43.16294],[-95.24907,43.16293],[-95.25106,43.1627],[-95.25279,43.1625],[-95.25457,43.16233],[-95.2546,43.16233],[-95.25616,43.16232],[-95.25848,43.16226],[-95.26123,43.1622],[-95.26123,43.16199],[-95.26123,43.16187],[-95.26123,43.1617],[-95.26123,43.16165],[-95.26121,43.16111],[-95.26121,43.1609],[-95.26131,43.16057]]}},{"type":"Feature","properties":{"id":"112312","type":"AC; OVERHEAD","status":"IN SERVICE","owner":"ITC","voltage":161,"voltClass":"100-161"},"geometry":{"type":"LineString","coordinates":[[-93.29328,43.09985],[-93.29044,43.09998],[-93.29038,43.10477],[-93.29034,43.10913],[-93.29031,43.11318],[-93.29032,43.11925],[-93.29036,43.12453],[-93.29033,43.12994],[-93.29032,43.13348],[-93.29031,43.13724],[-93.29011,43.14389],[-93.29022,43.14804],[-93.29036,43.14999],[-93.29037,43.15546],[-93.29033,43.16089],[-93.29034,43.16261],[-93.29035,43.16615],[-93.29035,43.16976],[-93.29032,43.17345],[-93.29029,43.1771],[-93.29031,43.18421],[-93.29038,43.19444],[-93.29045,43.20086],[-93.29018,43.20772],[-93.29002,43.21314],[-93.29001,43.21426],[-93.29341,43.21739],[-93.29967,43.22083],[-93.2995,43.22299],[-93.29936,43.22541],[-93.29937,43.22763],[-93.29003,43.22768],[-93.29004,43.2332],[-93.29007,43.23666],[-93.2901,43.24011],[-93.29013,43.24408],[-93.29015,43.24933],[-93.29013,43.24995],[-93.29019,43.25327],[-93.29171,43.25419]]}},{"type":"Feature","properties":{"id":"158096","type":"AC; OVERHEAD","status":"IN SERVICE","owner":null,"voltage":161,"voltClass":"100-161"},"geometry":{"type":"LineString","coordinates":[[-93.29006,43.09822],[-93.2904,43.09802],[-93.29075,43.09633],[-93.29269,43.09632],[-93.29313,43.09588]]}},{"type":"Feature","properties":{"id":"158095","type":"AC; OVERHEAD","status":"IN SERVICE","owner":null,"voltage":161,"voltClass":"100-161"},"geometry":{"type":"LineString","coordinates":[[-93.29006,43.09822],[-93.29022,43.09803],[-93.29029,43.09622],[-93.29266,43.09621],[-93.29313,43.09588]]}},{"type":"Feature","properties":{"id":"161945","type":"AC; OVERHEAD","status":"IN SERVICE","owner":null,"voltage":345,"voltClass":"345"},"geometry":{"type":"LineString","coordinates":[[-95.68756,43.05679],[-95.6883,43.05725],[-95.69079,43.05724],[-95.68904,43.05993],[-95.68694,43.06313],[-95.68489,43.06625],[-95.68295,43.0692],[-95.68081,43.07246],[-95.67875,43.0756],[-95.67661,43.07883],[-95.67454,43.08198],[-95.6723,43.08538],[-95.6703,43.08843],[-95.66822,43.09159],[-95.66627,43.09456],[-95.66424,43.09761],[-95.66235,43.10032],[-95.66023,43.10315],[-95.65794,43.10616],[-95.65561,43.10926],[-95.6532,43.1124],[-95.6509,43.11546],[-95.64858,43.11849],[-95.64644,43.12133],[-95.64435,43.12408],[-95.64198,43.12717],[-95.63981,43.13007],[-95.6375,43.13311],[-95.63518,43.13618],[-95.63297,43.13906],[-95.63051,43.1423],[-95.62846,43.14502],[-95.6262,43.14802],[-95.62385,43.15117],[-95.62166,43.15402],[-95.61955,43.15679],[-95.61738,43.15967],[-95.61488,43.16294],[-95.61266,43.1659],[-95.61046,43.16877],[-95.60819,43.17179],[-95.60581,43.17494],[-95.60345,43.17802],[-95.60306,43.17853],[-95.60108,43.18114],[-95.59874,43.18424],[-95.59644,43.18727],[-95.59403,43.19044],[-95.59172,43.19348],[-95.58937,43.19657],[-95.58713,43.19954],[-95.58468,43.20274],[-95.58274,43.2053],[-95.58275,43.20737],[-95.58189,43.2079]]}},{"type":"Feature","properties":{"id":"123217","type":"AC; OVERHEAD","status":"IN SERVICE","owner":"ITC","voltage":161,"voltClass":"100-161"},"geometry":{"type":"LineString","coordinates":[[-93.29313,43.09588],[-93.29268,43.09571],[-93.29165,43.09569],[-93.29027,43.09568],[-93.29039,43.0939],[-93.29053,43.08806],[-93.29055,43.07839],[-93.29052,43.07211],[-93.29054,43.06347],[-93.29049,43.05247],[-93.29045,43.03788],[-93.29049,43.03087],[-93.29043,43.02298],[-93.29049,43.01424],[-93.2905,43.00804],[-93.2905,42.99969],[-93.2905,42.99264],[-93.29065,42.98048],[-93.29072,42.97209],[-93.29076,42.96793],[-93.29084,42.95548],[-93.29096,42.94103],[-93.29107,42.93281],[-93.29114,42.92439],[-93.29125,42.91472],[-93.29122,42.90892],[-93.28765,42.90702],[-93.28835,42.90531],[-93.29177,42.89849],[-93.29176,42.89485],[-93.29184,42.89105],[-93.29181,42.88689],[-93.29192,42.87887],[-93.29198,42.87695],[-93.2919,42.87463],[-93.29183,42.86693],[-93.29179,42.86294],[-93.29177,42.85707],[-93.29174,42.85518],[-93.28814,42.85516],[-93.28367,42.85513],[-93.28332,42.85513],[-93.28324,42.85538],[-93.28282,42.85554]]}},{"type":"Feature","properties":{"id":"102897","type":"AC; OVERHEAD","status":"IN SERVICE","owner":"MIDAMERICAN ENERGY CO","voltage":161,"voltClass":"100-161"},"geometry":{"type":"LineString","coordinates":[[-93.28282,42.85554],[-93.28311,42.85537],[-93.28309,42.85501],[-93.28466,42.85504],[-93.2891,42.85507],[-93.29175,42.85508],[-93.29179,42.85132],[-93.29176,42.84411],[-93.29157,42.84064],[-93.29111,42.83404],[-93.29095,42.83187],[-93.29085,42.8278],[-93.2907,42.82091],[-93.29065,42.81889],[-93.29083,42.81404],[-93.29094,42.80848],[-93.29097,42.80385],[-93.29115,42.79987],[-93.29127,42.79783],[-93.29155,42.79251],[-93.29166,42.789],[-93.29159,42.78704],[-93.29124,42.78077],[-93.29105,42.7765],[-93.29089,42.77041],[-93.29097,42.7682],[-93.29109,42.75964],[-93.29116,42.75122],[-93.29119,42.74059],[-93.2914,42.73635],[-93.29172,42.73105],[-93.29157,42.72738],[-93.29136,42.71706],[-93.29129,42.70892],[-93.29127,42.70236],[-93.29124,42.70037],[-93.29122,42.68965],[-93.2912,42.6817],[-93.29112,42.67477],[-93.29109,42.66408],[-93.29117,42.6537],[-93.29126,42.64533],[-93.29132,42.63916],[-93.29143,42.6323],[-93.29154,42.62279],[-93.29163,42.61544],[-93.29153,42.60739],[-93.29177,42.59844],[-93.29181,42.58921],[-93.29166,42.58303],[-93.29151,42.57315],[-93.29149,42.56732],[-93.29138,42.56513],[-93.29122,42.56295],[-93.29117,42.56087],[-93.29113,42.55877],[-93.29105,42.55825]]}},{"type":"Feature","properties":{"id":"113730","type":"AC; OVERHEAD","status":"IN SERVICE","owner":"CITY OF SPENCER - (IA)","voltage":161,"voltClass":"100-161"},"geometry":{"type":"LineString","coordinates":[[-95.26263,43.16072],[-95.26205,43.16035],[-95.26172,43.16035],[-95.26131,43.16057]]}},{"type":"Feature","properties":{"id":"112022","type":"AC; OVERHEAD","status":"IN SERVICE","owner":null,"voltage":161,"voltClass":"100-161"},"geometry":{"type":"LineString","coordinates":[[-90.58585,41.39771],[-90.58527,41.39834],[-90.58484,41.39834],[-90.58492,41.39662],[-90.58574,41.39634],[-90.58468,41.39465],[-90.5835,41.39292],[-90.58252,41.39142],[-90.58133,41.38971],[-90.58087,41.38872],[-90.58014,41.38775],[-90.57673,41.38255],[-90.57595,41.38134],[-90.57482,41.37962],[-90.57379,41.37803],[-90.57131,41.37428],[-90.57014,41.37251],[-90.56914,41.37097],[-90.56809,41.36935],[-90.56693,41.36761],[-90.56598,41.36613],[-90.5648,41.36422],[-90.56379,41.36272],[-90.56262,41.36106],[-90.56144,41.35923],[-90.55915,41.35569],[-90.5571,41.35249],[-90.55593,41.35069],[-90.55472,41.34883],[-90.55377,41.34732],[-90.55303,41.34616],[-90.55285,41.34584],[-90.55243,41.34519],[-90.55195,41.34443],[-90.55103,41.34306],[-90.55016,41.34177],[-90.55009,41.34166],[-90.54888,41.33978],[-90.54762,41.33782],[-90.54643,41.33598],[-90.54519,41.33404],[-90.54388,41.33204],[-90.54258,41.33002],[-90.54162,41.32852],[-90.54063,41.32698],[-90.53941,41.32511],[-90.53823,41.32327],[-90.53708,41.32147],[-90.53582,41.31958],[-90.53508,41.31791],[-90.53437,41.31634],[-90.53345,41.31433],[-90.53263,41.31253],[-90.53169,41.31046],[-90.53082,41.30852],[-90.52991,41.30652],[-90.52899,41.30446],[-90.52818,41.30269],[-90.52764,41.30149],[-90.52684,41.29974],[-90.52608,41.29794],[-90.52525,41.29684],[-90.52447,41.29574],[-90.52211,41.2924],[-90.52115,41.29101],[-90.51982,41.28911],[-90.51853,41.28729],[-90.51721,41.28541],[-90.51584,41.28347],[-90.51458,41.2817],[-90.51323,41.27979],[-90.51235,41.27859],[-90.5097,41.27477],[-90.50895,41.27369],[-90.50777,41.27201],[-90.50673,41.27051],[-90.50574,41.26911],[-90.50445,41.2673],[-90.50332,41.26557],[-90.50217,41.26397],[-90.50102,41.26238],[-90.49993,41.26081],[-90.49879,41.25922],[-90.49773,41.25773],[-90.49668,41.25626],[-90.49552,41.25457],[-90.49433,41.25288],[-90.49359,41.25166],[-90.49253,41.25003],[-90.49132,41.24812],[-90.49033,41.24655],[-90.48925,41.24484],[-90.48803,41.24292],[-90.48707,41.24141],[-90.48607,41.2398],[-90.48503,41.23815],[-90.48379,41.23617],[-90.48253,41.2342],[-90.48128,41.23221],[-90.48028,41.23062],[-90.47926,41.22898],[-90.47829,41.22747],[-90.47732,41.22589],[-90.47612,41.22398],[-90.47511,41.22236],[-90.47465,41.22164],[-90.47407,41.22068],[-90.47298,41.21894],[-90.47197,41.21733],[-90.47098,41.21574],[-90.4699,41.21399],[-90.46867,41.21202],[-90.46748,41.2101],[-90.46627,41.20814],[-90.46533,41.20663],[-90.46387,41.20428],[-90.46286,41.20429],[-90.46224,41.20398]]}},{"type":"Feature","properties":{"id":"161956","type":"AC; OVERHEAD","status":"IN SERVICE","owner":"AMEREN ILLINOIS COMPANY","voltage":161,"voltClass":"100-161"},"geometry":{"type":"LineString","coordinates":[[-90.32981,40.97318],[-90.33032,40.97408],[-90.33123,40.97427],[-90.33435,40.97493],[-90.33505,40.97684],[-90.33565,40.97922],[-90.33554,40.98104],[-90.33289,40.98312],[-90.33858,40.99025],[-90.35763,41.01383],[-90.36317,41.02068],[-90.36718,41.03159],[-90.39612,41.07883],[-90.39871,41.08529],[-90.40403,41.09881],[-90.40847,41.10976],[-90.4122,41.11916],[-90.41358,41.12263],[-90.43147,41.15192],[-90.44581,41.17529],[-90.45631,41.19221],[-90.45781,41.19367],[-90.46111,41.19882],[-90.46348,41.20361],[-90.46224,41.20398]]}},{"type":"Feature","properties":{"id":"131346","type":"AC; OVERHEAD","status":"IN SERVICE","owner":"MIDAMERICAN ENERGY CO","voltage":345,"voltClass":"345"},"geometry":{"type":"LineString","coordinates":[[-91.09362,41.31319],[-91.09269,41.31239],[-91.09268,41.31128],[-91.09008,41.31038],[-91.0866,41.30913],[-91.08163,41.30947],[-91.07531,41.3099],[-91.06865,41.31035],[-91.06287,41.31073],[-91.06167,41.31081],[-91.05778,41.31193],[-91.05559,41.31252],[-91.05353,41.31307],[-91.05173,41.31354],[-91.04951,41.31412],[-91.04714,41.31476],[-91.04535,41.31523],[-91.04278,41.3159],[-91.04023,41.3166],[-91.03778,41.31726],[-91.03502,41.31799],[-91.03274,41.31858],[-91.03058,41.31915],[-91.02876,41.31964],[-91.02673,41.32018],[-91.0249,41.32066],[-91.02296,41.32117],[-91.02041,41.32185],[-91.01795,41.3225],[-91.01545,41.32316],[-91.01364,41.32362],[-91.01182,41.32408],[-91.00906,41.3248],[-91.00615,41.32555],[-91.00358,41.32639],[-91.00102,41.32722],[-90.99917,41.32781],[-90.99661,41.32864],[-90.99477,41.32926],[-90.9929,41.32985],[-90.99078,41.3305],[-90.98872,41.33113],[-90.98602,41.33198],[-90.98336,41.3328],[-90.98078,41.3336],[-90.9785,41.3343],[-90.97566,41.33519],[-90.97317,41.33597],[-90.97107,41.33662],[-90.96905,41.33723],[-90.96703,41.33786],[-90.96533,41.33838],[-90.96366,41.33891],[-90.96158,41.33955],[-90.96,41.34004],[-90.95645,41.34114],[-90.95408,41.34188],[-90.95177,41.3426],[-90.94925,41.34337],[-90.94673,41.34415],[-90.94434,41.3449],[-90.9419,41.34564],[-90.93983,41.3463],[-90.93734,41.34707],[-90.93513,41.34775],[-90.93291,41.34842],[-90.93078,41.34908],[-90.92899,41.34963],[-90.92646,41.3504],[-90.92442,41.35104],[-90.92199,41.35178],[-90.91942,41.35255],[-90.91721,41.35324],[-90.91508,41.35392],[-90.9132,41.35448],[-90.91119,41.3551],[-90.90152,41.35806],[-90.89444,41.36031],[-90.8927,41.36083],[-90.88792,41.36241],[-90.88579,41.36309],[-90.8834,41.36387],[-90.88101,41.36461],[-90.87876,41.36534],[-90.87655,41.36604],[-90.87441,41.36671],[-90.87233,41.36737],[-90.87032,41.36801],[-90.86893,41.36844],[-90.86665,41.36917],[-90.86474,41.36974],[-90.86207,41.37056],[-90.85999,41.3712],[-90.85776,41.37187],[-90.85494,41.37261],[-90.85004,41.37413],[-90.84838,41.37474],[-90.84588,41.3755],[-90.84366,41.37619],[-90.84127,41.37691],[-90.83891,41.37763],[-90.83649,41.37835],[-90.83445,41.37897],[-90.83235,41.3796],[-90.83013,41.38028],[-90.82758,41.38106],[-90.82523,41.38177],[-90.8233,41.38235],[-90.82115,41.38302],[-90.81894,41.3837],[-90.8167,41.3844],[-90.81452,41.38508],[-90.81235,41.38575],[-90.81026,41.3864],[-90.80823,41.38704],[-90.80578,41.38784],[-90.80337,41.38858],[-90.80095,41.38935],[-90.79854,41.39011],[-90.79613,41.39089],[-90.79383,41.39161],[-90.7915,41.39236],[-90.78921,41.39308],[-90.78665,41.39387],[-90.78426,41.39462],[-90.78198,41.39532],[-90.77968,41.39601],[-90.77755,41.39667],[-90.77541,41.39715],[-90.77319,41.39744],[-90.76854,41.3974],[-90.76352,41.39735],[-90.75893,41.3973],[-90.75419,41.39725],[-90.74951,41.3972],[-90.74478,41.39716],[-90.74018,41.39713],[-90.73534,41.39712],[-90.73061,41.39713],[-90.72483,41.3971],[-90.72045,41.39708],[-90.7162,41.39707],[-90.71097,41.39708],[-90.70618,41.39708],[-90.70139,41.39703],[-90.69657,41.39698],[-90.6919,41.39697],[-90.68768,41.39689],[-90.68234,41.39704],[-90.67749,41.39719],[-90.67269,41.39733],[-90.66788,41.3974],[-90.66332,41.39756],[-90.65875,41.39754],[-90.65497,41.39751],[-90.65115,41.3974],[-90.64839,41.39737],[-90.64388,41.39732],[-90.64055,41.39725],[-90.63559,41.39718],[-90.63127,41.39811],[-90.6263,41.39801],[-90.62097,41.39794],[-90.61599,41.39786],[-90.61124,41.39779],[-90.60619,41.39771],[-90.60143,41.39761],[-90.5968,41.39746],[-90.592,41.39733],[-90.58704,41.39719],[-90.58625,41.39719],[-90.58585,41.39771]]}},{"type":"Feature","properties":{"id":"139993","type":"AC; OVERHEAD","status":"IN SERVICE","owner":"MIDAMERICAN ENERGY CO","voltage":345,"voltClass":"345"},"geometry":{"type":"LineString","coordinates":[[-90.35394,41.52571],[-90.35349,41.52523],[-90.35443,41.52453],[-90.35193,41.52295],[-90.35211,41.51903],[-90.35321,41.51635],[-90.35421,41.51351],[-90.35508,41.51104],[-90.35587,41.50876],[-90.35712,41.50515],[-90.35998,41.50288],[-90.36273,41.50067],[-90.36337,41.49747],[-90.36403,41.49419],[-90.36562,41.49112],[-90.36723,41.48809],[-90.36877,41.48511],[-90.37029,41.48292],[-90.37069,41.48233],[-90.37262,41.47952],[-90.37456,41.47669],[-90.37644,41.47397],[-90.37811,41.47131],[-90.37971,41.46874],[-90.38133,41.46611],[-90.38133,41.46294],[-90.38133,41.45975],[-90.38132,41.45679],[-90.38134,41.45413],[-90.38138,41.45123],[-90.38224,41.44802],[-90.38454,41.44491],[-90.38672,41.44199],[-90.38671,41.43815],[-90.38667,41.43457],[-90.38662,41.43079],[-90.38656,41.42727],[-90.38656,41.42359],[-90.38657,41.42002],[-90.38649,41.41647],[-90.3861,41.41294],[-90.38617,41.40911],[-90.38627,41.40518],[-90.39118,41.40529],[-90.39607,41.40539],[-90.40071,41.40556],[-90.40551,41.40574],[-90.4103,41.40592],[-90.415,41.4061],[-90.41995,41.40628],[-90.42326,41.40641],[-90.42706,41.40517],[-90.43084,41.40391],[-90.43417,41.40281],[-90.43855,41.40277],[-90.44364,41.40271],[-90.44828,41.40252],[-90.45246,41.40236],[-90.4572,41.40228],[-90.46202,41.40221],[-90.46714,41.4021],[-90.47182,41.40201],[-90.47199,41.39864],[-90.47207,41.3949],[-90.47684,41.39498],[-90.48161,41.39504],[-90.48645,41.39507],[-90.49135,41.39511],[-90.49632,41.39514],[-90.50094,41.39514],[-90.50587,41.39516],[-90.51058,41.39517],[-90.51543,41.39504],[-90.52043,41.3949],[-90.52513,41.3949],[-90.53033,41.39492],[-90.53485,41.39493],[-90.53941,41.39493],[-90.53935,41.39865],[-90.54491,41.39872],[-90.54951,41.39889],[-90.55375,41.39905],[-90.55848,41.39869],[-90.56319,41.39675],[-90.56804,41.39686],[-90.57269,41.39695],[-90.57731,41.39704],[-90.58244,41.39708],[-90.58536,41.39719],[-90.58585,41.39771]]}},{"type":"Feature","properties":{"id":"143644","type":"AC; OVERHEAD","status":"IN SERVICE","owner":null,"voltage":161,"voltClass":"100-161"},"geometry":{"type":"LineString","coordinates":[[-92.94268,41.89005],[-92.94238,41.89029],[-92.94182,41.89028],[-92.94123,41.89134],[-92.93994,41.89314],[-92.93878,41.89483],[-92.93785,41.89621],[-92.93701,41.89743],[-92.93581,41.89918],[-92.93483,41.90084],[-92.93403,41.90228],[-92.93306,41.90403],[-92.93218,41.90563],[-92.93124,41.90733],[-92.93044,41.90879],[-92.92958,41.91034],[-92.92875,41.91184],[-92.92797,41.91325],[-92.92711,41.91479],[-92.92602,41.91677],[-92.92514,41.91836],[-92.9241,41.92026],[-92.9231,41.9221],[-92.9221,41.92392],[-92.92079,41.92632],[-92.91965,41.9284],[-92.91909,41.92941],[-92.91795,41.9315],[-92.91711,41.93301],[-92.91636,41.93437],[-92.91524,41.93641],[-92.91407,41.93859],[-92.91303,41.94062],[-92.91213,41.94231],[-92.91146,41.9435],[-92.91086,41.94459],[-92.90944,41.94712],[-92.90818,41.94943],[-92.90747,41.95072],[-92.90639,41.95268],[-92.90552,41.95427],[-92.90462,41.95592],[-92.90369,41.95765],[-92.90291,41.95911],[-92.90222,41.96037],[-92.90155,41.9616],[-92.90088,41.96284],[-92.90018,41.96382],[-92.89966,41.96506],[-92.89888,41.9665],[-92.89786,41.96835],[-92.89652,41.9708],[-92.89555,41.97243],[-92.89491,41.97375],[-92.89337,41.97645],[-92.89217,41.9788],[-92.89167,41.97999],[-92.89096,41.98168],[-92.89024,41.98337],[-92.88937,41.98545],[-92.88882,41.98669],[-92.88828,41.9879],[-92.88753,41.9896],[-92.88664,41.9917],[-92.88541,41.99461],[-92.8845,41.99682],[-92.88354,41.99886],[-92.88276,42.00053],[-92.8824,42.00131],[-92.882,42.00218],[-92.88074,42.00497],[-92.87952,42.00792],[-92.87853,42.01034],[-92.87793,42.01181],[-92.87701,42.01282],[-92.87589,42.01406],[-92.87468,42.01539],[-92.87316,42.01708],[-92.87117,42.01937],[-92.86988,42.02085],[-92.86854,42.0224],[-92.86733,42.0238],[-92.86582,42.02553],[-92.86486,42.02662],[-92.8635,42.02816],[-92.86245,42.02936],[-92.861,42.03086],[-92.86107,42.03237],[-92.86114,42.03378],[-92.86118,42.03528],[-92.86116,42.03674],[-92.86132,42.03855],[-92.86141,42.04055],[-92.86149,42.04232],[-92.86196,42.04345],[-92.86168,42.04579]]}},{"type":"Feature","properties":{"id":"107582","type":"AC; OVERHEAD","status":"IN SERVICE","owner":null,"voltage":161,"voltClass":"100-161"},"geometry":{"type":"LineString","coordinates":[[-92.86168,42.04579],[-92.86204,42.04354],[-92.86257,42.04353],[-92.86258,42.04309],[-92.86257,42.04289],[-92.86185,42.04288],[-92.86161,42.04229],[-92.86127,42.03672],[-92.86115,42.03087],[-92.86492,42.02669],[-92.87002,42.02083],[-92.87328,42.0171],[-92.87802,42.01184],[-92.87971,42.00783],[-92.88178,42.00292],[-92.8825,42.00134],[-92.88883,42.00242],[-92.89781,42.00279],[-92.90669,42.00308],[-92.909,42.00301],[-92.91171,42.00287],[-92.91446,42.00273],[-92.91707,42.00293],[-92.91967,42.00314],[-92.92215,42.00311],[-92.92214,42.00429],[-92.925,42.00416],[-92.93214,42.00391],[-92.93484,42.0039],[-92.93471,42.00545],[-92.93565,42.00551],[-92.9359,42.00561]]}},{"type":"Feature","properties":{"id":"113635","type":"AC; OVERHEAD","status":"IN SERVICE","owner":"OMAHA PUBLIC POWER DISTRICT","voltage":161,"voltClass":"100-161"},"geometry":{"type":"LineString","coordinates":[[-95.94442,41.32762],[-95.94316,41.32717],[-95.94178,41.32836],[-95.94028,41.32957],[-95.93611,41.33301],[-95.93155,41.33304],[-95.92725,41.33306],[-95.919,41.3331],[-95.91349,41.33313],[-95.90801,41.33316],[-95.90388,41.33311],[-95.89838,41.33307],[-95.89306,41.33307],[-95.8904,41.33307],[-95.88732,41.33307],[-95.88616,41.33309],[-95.88574,41.33219],[-95.88399,41.32866],[-95.88275,41.32601],[-95.88149,41.32335],[-95.88107,41.32247],[-95.88065,41.32158],[-95.88025,41.32077],[-95.8796,41.31993],[-95.87811,41.31832],[-95.87744,41.31766],[-95.87686,41.31706],[-95.8761,41.3163],[-95.87532,41.31552],[-95.87461,41.3148],[-95.87339,41.31357],[-95.87222,41.31234],[-95.87159,41.31165],[-95.87108,41.31097],[-95.8706,41.31026],[-95.86974,41.30874],[-95.86942,41.30797],[-95.86911,41.30717],[-95.86887,41.30631],[-95.86847,41.30455],[-95.86785,41.3018],[-95.86711,41.29839],[-95.86634,41.29503],[-95.8658,41.29251],[-95.86502,41.28904],[-95.8644,41.28631],[-95.86496,41.2856],[-95.86585,41.28524],[-95.86581,41.2845],[-95.86581,41.28107],[-95.86581,41.27845],[-95.86576,41.27765],[-95.86521,41.27787]]}},{"type":"Feature","properties":{"id":"113491","type":"AC; OVERHEAD","status":"IN SERVICE","owner":"OMAHA PUBLIC POWER DISTRICT","voltage":161,"voltClass":"100-161"},"geometry":{"type":"LineString","coordinates":[[-96.02292,41.45049],[-96.02251,41.4494],[-96.026,41.4492],[-96.02599,41.44721],[-96.0238,41.44395],[-96.00608,41.42862],[-96.00144,41.42467],[-95.99871,41.42239],[-95.99567,41.41926],[-95.99418,41.41806],[-95.99338,41.41672],[-95.99336,41.41517],[-95.99399,41.41355],[-95.99662,41.40926],[-95.99721,41.40563],[-95.99752,41.40377],[-95.99701,41.4025],[-95.99648,41.40112],[-95.99588,41.39948],[-95.99619,41.39797],[-95.99641,41.39634],[-95.99668,41.39497],[-95.99702,41.39308],[-95.99734,41.39154],[-95.99761,41.39034],[-95.99793,41.38876],[-95.99825,41.3872],[-95.99862,41.38544],[-95.99813,41.38387],[-95.99798,41.38244],[-95.99777,41.38094],[-95.9976,41.37913],[-95.99671,41.37755],[-95.99592,41.37605],[-95.99429,41.37501],[-95.99231,41.37375],[-95.99045,41.37259],[-95.98866,41.3715],[-95.98672,41.37034],[-95.9856,41.36917],[-95.98557,41.36766],[-95.98545,41.36613],[-95.98551,41.36478],[-95.98602,41.36338],[-95.98666,41.36138],[-95.98611,41.35965],[-95.98547,41.35749],[-95.98453,41.35592],[-95.98383,41.35463],[-95.98297,41.35306],[-95.98215,41.35154],[-95.98208,41.35002],[-95.98406,41.34983],[-95.98545,41.34891],[-95.98837,41.34779],[-95.99085,41.34661],[-95.99341,41.3463],[-95.9964,41.34611],[-95.99821,41.34617],[-96.00074,41.34579],[-96.00267,41.34565],[-96.00453,41.34543],[-96.00454,41.34345],[-96.00344,41.34346],[-96.00342,41.34318],[-96.00347,41.34301]]}},{"type":"Feature","properties":{"id":"160948","type":"AC; OVERHEAD","status":"IN SERVICE","owner":"OMAHA PUBLIC POWER DISTRICT","voltage":161,"voltClass":"100-161"},"geometry":{"type":"LineString","coordinates":[[-96.00347,41.34301],[-96.00296,41.34308],[-95.99946,41.343],[-95.99674,41.34301],[-95.98936,41.34302],[-95.98513,41.34296],[-95.97909,41.34308],[-95.97589,41.34313],[-95.96933,41.34294],[-95.96568,41.34249],[-95.96368,41.34217],[-95.96072,41.34149],[-95.95664,41.33928],[-95.95166,41.33547],[-95.95032,41.33081],[-95.94653,41.32811],[-95.94501,41.32707],[-95.94442,41.32762]]}},{"type":"Feature","properties":{"id":"150624","type":"AC; OVERHEAD","status":"IN SERVICE","owner":"OMAHA PUBLIC POWER DISTRICT","voltage":161,"voltClass":"100-161"},"geometry":{"type":"LineString","coordinates":[[-95.92443,41.27447],[-95.92515,41.27454],[-95.92522,41.27599],[-95.92614,41.27725],[-95.92753,41.27912],[-95.9293,41.2815],[-95.93063,41.28332],[-95.93185,41.28528],[-95.93191,41.28773],[-95.93189,41.29006],[-95.93193,41.2924],[-95.9323,41.29472],[-95.93238,41.29719],[-95.93247,41.29953],[-95.9324,41.30125],[-95.93223,41.30334],[-95.93031,41.30498],[-95.92789,41.30512],[-95.92787,41.30717],[-95.92785,41.3093],[-95.92778,41.3116],[-95.92778,41.31579],[-95.92775,41.32075],[-95.93021,41.32162],[-95.93238,41.32272],[-95.93442,41.32272],[-95.937,41.32404],[-95.94142,41.32404],[-95.94443,41.32659],[-95.94422,41.32722],[-95.94442,41.32762]]}},{"type":"Feature","properties":{"id":"105777","type":"AC; OVERHEAD","status":"IN SERVICE","owner":"OMAHA PUBLIC POWER DISTRICT","voltage":161,"voltClass":"100-161"},"geometry":{"type":"LineString","coordinates":[[-95.92443,41.27447],[-95.92515,41.27442],[-95.92523,41.27284],[-95.92526,41.27116],[-95.92538,41.26947],[-95.92549,41.26779],[-95.9257,41.26628],[-95.92591,41.26506],[-95.92625,41.26381],[-95.92672,41.26242],[-95.9267,41.26149],[-95.92651,41.26081],[-95.92581,41.26034]]}},{"type":"Feature","properties":{"id":"127042","type":"AC; OVERHEAD","status":"IN SERVICE","owner":"OMAHA PUBLIC POWER DISTRICT","voltage":161,"voltClass":"100-161"},"geometry":{"type":"LineString","coordinates":[[-95.94745,41.26725],[-95.94746,41.26743],[-95.94616,41.26749],[-95.94618,41.26885],[-95.94617,41.26996],[-95.94467,41.26997],[-95.94309,41.26996],[-95.94141,41.26995],[-95.93999,41.26995],[-95.93858,41.26995],[-95.93723,41.26995],[-95.93697,41.27044],[-95.93694,41.27147],[-95.93522,41.27264],[-95.93361,41.27369],[-95.93157,41.27369],[-95.93021,41.27422],[-95.92833,41.27421],[-95.9266,41.27419],[-95.92534,41.27404],[-95.92529,41.27593],[-95.93069,41.28328],[-95.9319,41.28528],[-95.93198,41.28766],[-95.932,41.29233],[-95.93238,41.29469],[-95.93247,41.29714],[-95.93253,41.29958],[-95.93247,41.30137],[-95.93229,41.3034],[-95.93031,41.30506],[-95.92795,41.30519],[-95.92792,41.30923],[-95.92801,41.30949],[-95.92882,41.30951],[-95.92878,41.30979],[-95.92852,41.31002]]}},{"type":"Feature","properties":{"id":"160949","type":"AC; OVERHEAD","status":"IN SERVICE","owner":"OMAHA PUBLIC POWER DISTRICT","voltage":161,"voltClass":"100-161"},"geometry":{"type":"LineString","coordinates":[[-95.92581,41.26034],[-95.92787,41.26144],[-95.92956,41.26213],[-95.93097,41.26254],[-95.93248,41.26317],[-95.93414,41.26384],[-95.93597,41.26384],[-95.93758,41.26362],[-95.94102,41.26365],[-95.94101,41.26575],[-95.94101,41.26677],[-95.94217,41.267],[-95.94352,41.26702],[-95.94484,41.26701],[-95.94641,41.26699],[-95.94744,41.267],[-95.94745,41.26725]]}},{"type":"Feature","properties":{"id":"116289","type":"AC; OVERHEAD","status":"IN SERVICE","owner":"OMAHA PUBLIC POWER DISTRICT","voltage":161,"voltClass":"100-161"},"geometry":{"type":"LineString","coordinates":[[-95.9698,41.16964],[-95.97195,41.16933],[-95.97506,41.16928],[-95.97633,41.16927],[-95.97685,41.16926],[-95.97832,41.16924],[-95.98137,41.16922],[-95.98472,41.16921],[-95.98814,41.16918],[-95.9916,41.16917],[-95.99432,41.16914],[-95.99464,41.17024],[-95.99476,41.17063],[-95.99563,41.17338],[-95.9965,41.17621],[-95.99739,41.17902],[-96.00037,41.17955],[-96.00072,41.17961],[-96.00119,41.18017],[-96.0025,41.18171],[-96.00416,41.18368],[-96.00586,41.18568],[-96.00755,41.18767],[-96.0092,41.18962],[-96.01078,41.19147],[-96.01251,41.19357],[-96.01417,41.19552],[-96.01456,41.19793],[-96.01498,41.20048],[-96.0154,41.20302],[-96.0158,41.20557],[-96.01796,41.20645],[-96.02021,41.20732],[-96.02245,41.20815],[-96.02556,41.20936],[-96.02806,41.21039],[-96.02805,41.21155],[-96.02793,41.21277],[-96.02793,41.21278],[-96.02793,41.2133],[-96.02793,41.21383],[-96.02766,41.21565],[-96.02766,41.21731],[-96.02752,41.21873],[-96.02763,41.2192],[-96.02801,41.21933]]}},{"type":"Feature","properties":{"id":"128184","type":"AC; OVERHEAD","status":"IN SERVICE","owner":"OMAHA PUBLIC POWER DISTRICT","voltage":161,"voltClass":"100-161"},"geometry":{"type":"LineString","coordinates":[[-96.02332,41.245],[-96.02274,41.24473],[-96.02266,41.24424],[-96.02075,41.2438],[-96.01857,41.24363],[-96.01653,41.24362],[-96.01451,41.24363],[-96.01448,41.24505],[-96.01452,41.24642],[-96.01453,41.24748],[-96.01448,41.24864],[-96.01286,41.24868],[-96.01146,41.24868],[-96.01018,41.24868],[-96.009,41.24868],[-96.00769,41.24867],[-96.0062,41.24867],[-96.00487,41.24867],[-96.00487,41.24989],[-96.00488,41.25116],[-96.00487,41.25242],[-96.00337,41.25242],[-96.00199,41.25243],[-96.00057,41.25243],[-95.99922,41.25244],[-95.99769,41.25244],[-95.99623,41.25245],[-95.99474,41.25245],[-95.99329,41.25246],[-95.9919,41.25247],[-95.99052,41.25247],[-95.98899,41.25247],[-95.9874,41.25248],[-95.98581,41.25253],[-95.98557,41.25267],[-95.98498,41.25317],[-95.98416,41.25348],[-95.98386,41.2541],[-95.98362,41.25412],[-95.9834,41.25396]]}},{"type":"Feature","properties":{"id":"109832","type":"AC; OVERHEAD","status":"IN SERVICE","owner":"OMAHA PUBLIC POWER DISTRICT","voltage":161,"voltClass":"100-161"},"geometry":{"type":"LineString","coordinates":[[-95.96194,41.25305],[-95.96241,41.25315],[-95.96272,41.25249],[-95.96435,41.25247],[-95.96555,41.25247],[-95.96689,41.25246],[-95.96825,41.25247],[-95.96956,41.25247],[-95.97053,41.25247],[-95.971,41.25247],[-95.97235,41.25247],[-95.97381,41.25248],[-95.97526,41.25248],[-95.97569,41.25248],[-95.97684,41.25248],[-95.97736,41.25248],[-95.97829,41.25248],[-95.97975,41.25249],[-95.9813,41.25249],[-95.98292,41.2525],[-95.98301,41.25365],[-95.9834,41.25396]]}},{"type":"Feature","properties":{"id":"110382","type":"AC; OVERHEAD","status":"IN SERVICE","owner":"OMAHA PUBLIC POWER DISTRICT","voltage":161,"voltClass":"100-161"},"geometry":{"type":"LineString","coordinates":[[-95.94126,41.25117],[-95.94077,41.25126],[-95.94085,41.25245],[-95.94264,41.25244],[-95.94417,41.25244],[-95.94538,41.25245],[-95.94675,41.25246],[-95.94839,41.25247],[-95.94985,41.25247],[-95.95146,41.25246],[-95.95303,41.25249],[-95.95467,41.25248],[-95.95635,41.25249],[-95.95799,41.25247],[-95.95962,41.25248],[-95.96271,41.25249],[-95.96237,41.25294],[-95.96194,41.25305]]}},{"type":"Feature","properties":{"id":"112939","type":"AC; OVERHEAD","status":"IN SERVICE","owner":"OMAHA PUBLIC POWER DISTRICT","voltage":161,"voltClass":"100-161"},"geometry":{"type":"LineString","coordinates":[[-96.0593,41.25011],[-96.05905,41.2502],[-96.05831,41.25017],[-96.05837,41.24889],[-96.05663,41.2487],[-96.05532,41.24871],[-96.05384,41.24871],[-96.05226,41.24871],[-96.05094,41.24871],[-96.04939,41.2487],[-96.04814,41.2487],[-96.04677,41.2487],[-96.04531,41.24871],[-96.04392,41.2487],[-96.04239,41.2487],[-96.04098,41.24871],[-96.03957,41.24871],[-96.03814,41.2487],[-96.03655,41.2487],[-96.035,41.2487],[-96.03335,41.24869],[-96.03173,41.24869],[-96.03026,41.24868],[-96.02882,41.24868],[-96.02882,41.24757],[-96.02882,41.24633],[-96.02881,41.2451],[-96.02727,41.24509],[-96.02565,41.24508],[-96.02372,41.24508],[-96.02332,41.245]]}},{"type":"Feature","properties":{"id":"111813","type":"AC; OVERHEAD","status":"IN SERVICE","owner":"OMAHA PUBLIC POWER DISTRICT","voltage":161,"voltClass":"100-161"},"geometry":{"type":"LineString","coordinates":[[-96.13805,41.17681],[-96.13814,41.17691],[-96.13857,41.17691],[-96.13855,41.17839],[-96.13853,41.18013],[-96.13852,41.18192],[-96.13851,41.1837],[-96.13849,41.18539],[-96.13848,41.1872],[-96.13851,41.1891],[-96.13855,41.19106],[-96.13857,41.19296],[-96.13846,41.1946],[-96.13845,41.19656],[-96.13844,41.19833],[-96.13861,41.20023],[-96.13897,41.20225],[-96.13895,41.20389],[-96.13898,41.20507],[-96.13903,41.20666],[-96.13897,41.20779],[-96.13895,41.20924],[-96.13896,41.211],[-96.13895,41.21282],[-96.13894,41.21461],[-96.13892,41.21638],[-96.13893,41.21817],[-96.13895,41.21986],[-96.13806,41.21983]]}},{"type":"Feature","properties":{"id":"130548","type":"AC; OVERHEAD","status":"IN SERVICE","owner":"OMAHA PUBLIC POWER DISTRICT","voltage":161,"voltClass":"100-161"},"geometry":{"type":"LineString","coordinates":[[-96.10605,41.2479],[-96.10558,41.24845],[-96.10559,41.24874],[-96.10411,41.24875],[-96.10267,41.24875],[-96.10121,41.24876],[-96.09966,41.24877],[-96.09825,41.24877],[-96.09683,41.24878],[-96.09537,41.24879],[-96.09381,41.24879],[-96.09246,41.2488],[-96.09122,41.24881],[-96.09094,41.24882],[-96.08885,41.24887],[-96.0813,41.24885],[-96.07972,41.24886],[-96.07842,41.24885],[-96.07808,41.24885],[-96.07679,41.24885],[-96.07534,41.24886],[-96.07391,41.2489],[-96.07251,41.24893],[-96.07091,41.2489],[-96.06944,41.2489],[-96.06783,41.24888],[-96.06598,41.24886],[-96.0646,41.24886],[-96.06332,41.24887],[-96.06207,41.24889],[-96.06095,41.24889],[-96.05987,41.24889],[-96.05986,41.2497],[-96.05976,41.25019],[-96.0593,41.25011]]}},{"type":"Feature","properties":{"id":"151035","type":"AC; OVERHEAD","status":"IN SERVICE","owner":"OMAHA PUBLIC POWER DISTRICT","voltage":161,"voltClass":"100-161"},"geometry":{"type":"LineString","coordinates":[[-96.17766,41.24903],[-96.17744,41.24873],[-96.17427,41.2487],[-96.17312,41.24871],[-96.1726,41.2487],[-96.17104,41.24871],[-96.16978,41.2487],[-96.16797,41.24875],[-96.16638,41.24887],[-96.16411,41.24895],[-96.16187,41.24865],[-96.16047,41.24867],[-96.15968,41.24867],[-96.15814,41.24866],[-96.15655,41.24867],[-96.15503,41.24867],[-96.1527,41.24867],[-96.15094,41.24868],[-96.14924,41.24868],[-96.14746,41.2487],[-96.14529,41.24871],[-96.14309,41.24871],[-96.1411,41.24874],[-96.13911,41.24874],[-96.13692,41.24874],[-96.13477,41.24873],[-96.13264,41.24874],[-96.13066,41.24874],[-96.12829,41.24875],[-96.1263,41.24876],[-96.12417,41.24876],[-96.12193,41.24876],[-96.11994,41.24877],[-96.11785,41.24876],[-96.11579,41.24875],[-96.1135,41.24875],[-96.11143,41.24875],[-96.10956,41.24875],[-96.10754,41.24876],[-96.10662,41.24849],[-96.10605,41.2479]]}},{"type":"Feature","properties":{"id":"139491","type":"AC; OVERHEAD","status":"IN SERVICE","owner":"OMAHA PUBLIC POWER DISTRICT","voltage":161,"voltClass":"100-161"},"geometry":{"type":"LineString","coordinates":[[-96.17766,41.24903],[-96.17807,41.24915],[-96.1781,41.24865],[-96.17995,41.24865],[-96.18211,41.24864],[-96.18432,41.24864],[-96.18658,41.24864],[-96.18875,41.24863],[-96.19054,41.24863],[-96.19278,41.24863],[-96.19491,41.24863],[-96.1966,41.24862],[-96.19831,41.24862],[-96.19994,41.2486],[-96.20212,41.24859],[-96.20431,41.24859],[-96.20594,41.24858],[-96.2074,41.24858],[-96.20958,41.24856],[-96.2114,41.24855],[-96.21359,41.24855],[-96.21585,41.24853],[-96.21809,41.24852],[-96.21955,41.24852],[-96.22032,41.24851],[-96.22237,41.24851],[-96.22456,41.2485],[-96.22674,41.24848],[-96.22831,41.24848],[-96.22994,41.24846],[-96.23032,41.24859],[-96.23265,41.24937],[-96.23322,41.24925]]}},{"type":"Feature","properties":{"id":"119253","type":"AC; OVERHEAD","status":"IN SERVICE","owner":"OMAHA PUBLIC POWER DISTRICT","voltage":161,"voltClass":"100-161"},"geometry":{"type":"LineString","coordinates":[[-96.23322,41.24925],[-96.23258,41.24915],[-96.23057,41.2485],[-96.23052,41.24669],[-96.23052,41.24429],[-96.23052,41.24188],[-96.2305,41.23934],[-96.23051,41.2367],[-96.23054,41.23462],[-96.23244,41.23452],[-96.23394,41.23443],[-96.23662,41.23427],[-96.2393,41.23411],[-96.24116,41.23407],[-96.24271,41.23403],[-96.24475,41.23405],[-96.24732,41.23404],[-96.24989,41.23404],[-96.2515,41.23403],[-96.25342,41.23373],[-96.25347,41.23155],[-96.25347,41.23012],[-96.25347,41.2285],[-96.25348,41.22661],[-96.2535,41.22484],[-96.25351,41.22293],[-96.25351,41.22096],[-96.25349,41.21942],[-96.25344,41.2175],[-96.25344,41.21565],[-96.25345,41.21406],[-96.25367,41.2124],[-96.25367,41.21067],[-96.25367,41.20892],[-96.25366,41.20695],[-96.25366,41.2052],[-96.25377,41.20408],[-96.2544,41.2041],[-96.25462,41.20387]]}},{"type":"Feature","properties":{"id":"126934","type":"AC; OVERHEAD","status":"IN SERVICE","owner":"OMAHA PUBLIC POWER DISTRICT","voltage":161,"voltClass":"100-161"},"geometry":{"type":"LineString","coordinates":[[-96.23594,41.30555],[-96.23558,41.30542],[-96.23497,41.30549],[-96.23494,41.30616],[-96.2334,41.30621],[-96.23122,41.30669],[-96.22971,41.3069],[-96.22785,41.3068],[-96.22589,41.30667],[-96.22445,41.30641],[-96.22247,41.3062],[-96.22061,41.30621],[-96.21888,41.30622],[-96.21656,41.30622],[-96.21463,41.30621],[-96.21259,41.30622],[-96.2104,41.30623],[-96.20863,41.30624],[-96.20672,41.30624],[-96.20671,41.30404],[-96.20675,41.30197],[-96.20679,41.29948],[-96.20679,41.29933],[-96.2068,41.29777],[-96.20684,41.29596],[-96.20686,41.29439],[-96.2069,41.29264],[-96.20689,41.29031],[-96.20688,41.28795],[-96.20687,41.28565],[-96.20684,41.28383],[-96.20682,41.28223],[-96.2068,41.27957],[-96.20679,41.27727],[-96.20675,41.27513],[-96.20674,41.27318],[-96.20672,41.2711],[-96.20669,41.26923],[-96.20668,41.26686],[-96.20666,41.26438],[-96.2066,41.26249],[-96.20662,41.26045],[-96.2066,41.25797],[-96.2066,41.2562],[-96.20902,41.25617],[-96.21142,41.25616],[-96.21411,41.25616],[-96.21644,41.25616],[-96.21935,41.25614],[-96.22192,41.25611],[-96.22451,41.2561],[-96.22811,41.25608],[-96.23065,41.25608],[-96.2306,41.25335],[-96.23061,41.25183],[-96.23189,41.25182],[-96.23319,41.25181],[-96.23316,41.24972],[-96.23322,41.24925]]}},{"type":"Feature","properties":{"id":"142266","type":"AC; OVERHEAD","status":"IN SERVICE","owner":"OMAHA PUBLIC POWER DISTRICT","voltage":161,"voltClass":"100-161"},"geometry":{"type":"LineString","coordinates":[[-96.17766,41.24903],[-96.17748,41.24916],[-96.17678,41.24916],[-96.1768,41.25077],[-96.17683,41.25248],[-96.17684,41.25413],[-96.17687,41.25576],[-96.17688,41.25732],[-96.17689,41.25887],[-96.17691,41.26028],[-96.17692,41.2617],[-96.17695,41.26345],[-96.17695,41.2648],[-96.17697,41.26654],[-96.17699,41.26818],[-96.17701,41.26976],[-96.17702,41.27135],[-96.17703,41.27291],[-96.17706,41.27451],[-96.17707,41.27618],[-96.17707,41.27768],[-96.17509,41.27766],[-96.17299,41.27767],[-96.17066,41.27767],[-96.16828,41.27768],[-96.16645,41.27769],[-96.16441,41.2777],[-96.16224,41.2777],[-96.15998,41.27764],[-96.15772,41.27768],[-96.15548,41.27768],[-96.15341,41.27769],[-96.15136,41.27768],[-96.14941,41.2777],[-96.1474,41.27769],[-96.14552,41.27772],[-96.1432,41.27774],[-96.14121,41.27776],[-96.13976,41.27778],[-96.13859,41.2769],[-96.1382,41.2769],[-96.13794,41.27702]]}},{"type":"Feature","properties":{"id":"107970","type":"AC; OVERHEAD","status":"IN SERVICE","owner":"OMAHA PUBLIC POWER DISTRICT","voltage":161,"voltClass":"100-161"},"geometry":{"type":"LineString","coordinates":[[-96.13281,41.33429],[-96.13339,41.33393],[-96.13302,41.33263],[-96.13301,41.33205],[-96.13301,41.33164],[-96.13462,41.32986],[-96.13567,41.3287],[-96.13763,41.32647],[-96.13902,41.3249],[-96.13902,41.32336],[-96.13899,41.3214],[-96.13899,41.31964],[-96.13898,41.3177],[-96.13899,41.31594],[-96.13902,41.31381],[-96.13902,41.31209],[-96.13898,41.31013],[-96.13899,41.30853],[-96.13897,41.30681],[-96.13911,41.30492],[-96.13911,41.30287],[-96.13911,41.30082],[-96.13913,41.29944],[-96.13913,41.29934],[-96.13913,41.29735],[-96.13914,41.29548],[-96.13916,41.29349],[-96.13916,41.29144],[-96.13914,41.28937],[-96.13913,41.28781],[-96.13913,41.28574],[-96.13905,41.28421],[-96.13904,41.28221],[-96.13902,41.28016],[-96.13864,41.27829],[-96.13859,41.27717],[-96.1382,41.27711],[-96.13794,41.27702]]}},{"type":"Feature","properties":{"id":"131583","type":"AC; OVERHEAD","status":"IN SERVICE","owner":"OMAHA PUBLIC POWER DISTRICT","voltage":161,"voltClass":"100-161"},"geometry":{"type":"LineString","coordinates":[[-96.13281,41.33429],[-96.13343,41.33402],[-96.13343,41.33306],[-96.1334,41.33192],[-96.13498,41.33013],[-96.13606,41.3289],[-96.13803,41.32668],[-96.13935,41.32522],[-96.1408,41.32357],[-96.14219,41.322],[-96.14403,41.31996],[-96.14532,41.31849],[-96.14716,41.31642],[-96.14908,41.31432],[-96.15173,41.3143],[-96.152,41.31411],[-96.15228,41.3139],[-96.15417,41.31392],[-96.1572,41.3139],[-96.1612,41.3139],[-96.16418,41.31388],[-96.16801,41.31387],[-96.1714,41.31387],[-96.17377,41.31383],[-96.17423,41.31409],[-96.17453,41.31425],[-96.17722,41.31421],[-96.17828,41.31449]]}},{"type":"Feature","properties":{"id":"128901","type":"AC; OVERHEAD","status":"IN SERVICE","owner":"OMAHA PUBLIC POWER DISTRICT","voltage":161,"voltClass":"100-161"},"geometry":{"type":"LineString","coordinates":[[-96.23594,41.30555],[-96.23513,41.30557],[-96.2351,41.30625],[-96.23342,41.30631],[-96.23124,41.30679],[-96.22972,41.307],[-96.22784,41.3069],[-96.22588,41.30677],[-96.22444,41.30651],[-96.22247,41.3063],[-96.22061,41.30631],[-96.21888,41.30632],[-96.21656,41.30632],[-96.21463,41.30631],[-96.21259,41.30632],[-96.2104,41.30633],[-96.20863,41.30634],[-96.20672,41.30634],[-96.20671,41.30903],[-96.20677,41.31162],[-96.20681,41.31417],[-96.20404,41.31414],[-96.20136,41.31415],[-96.19864,41.31415],[-96.19524,41.31416],[-96.1926,41.31417],[-96.18981,41.31418],[-96.18585,41.3142],[-96.18364,41.3142],[-96.1811,41.31421],[-96.17866,41.31426],[-96.17828,41.31449]]}},{"type":"Feature","properties":{"id":"130335","type":"AC; OVERHEAD","status":"IN SERVICE","owner":"OMAHA PUBLIC POWER DISTRICT","voltage":161,"voltClass":"100-161"},"geometry":{"type":"LineString","coordinates":[[-96.20389,41.54475],[-96.20417,41.54464],[-96.20421,41.5452],[-96.20776,41.54526],[-96.20978,41.54516],[-96.2125,41.54526],[-96.22295,41.54527],[-96.22536,41.54525],[-96.23262,41.54534],[-96.23263,41.54166],[-96.23267,41.53074],[-96.23269,41.52617],[-96.23248,41.52356],[-96.23254,41.49348],[-96.23279,41.49079],[-96.23285,41.46794],[-96.23255,41.44514],[-96.23255,41.4432],[-96.23258,41.43912],[-96.23257,41.43713],[-96.23267,41.416],[-96.23255,41.40902],[-96.23256,41.39758],[-96.23314,41.39747],[-96.23423,41.3952],[-96.23426,41.39415],[-96.23432,41.38638],[-96.23474,41.37934],[-96.23482,41.37789],[-96.23449,41.37385],[-96.23452,41.36184],[-96.23459,41.34317],[-96.23469,41.31326],[-96.23472,41.31185],[-96.23474,41.31009],[-96.23478,41.30799],[-96.23477,41.30647],[-96.23573,41.30622],[-96.23594,41.30555]]}},{"type":"Feature","properties":{"id":"142667","type":"AC; OVERHEAD","status":"IN SERVICE","owner":"OMAHA PUBLIC POWER DISTRICT","voltage":115,"voltClass":"100-161"},"geometry":{"type":"LineString","coordinates":[[-96.77968,41.48781],[-96.7793,41.48802],[-96.77899,41.48802],[-96.77587,41.48815],[-96.77343,41.48815],[-96.77101,41.48815],[-96.76854,41.48815],[-96.76608,41.48814],[-96.76365,41.48814],[-96.7612,41.48815],[-96.75876,41.48814],[-96.75628,41.48813],[-96.75382,41.48813],[-96.75131,41.48813],[-96.74881,41.48813],[-96.7463,41.48814],[-96.74378,41.48814],[-96.74126,41.48814],[-96.73874,41.48814],[-96.73622,41.48815],[-96.73371,41.48814],[-96.73126,41.48814],[-96.72853,41.48814],[-96.72586,41.48815],[-96.72323,41.48815],[-96.72084,41.48815],[-96.71828,41.48815],[-96.71567,41.48815],[-96.71308,41.48816],[-96.71059,41.48816],[-96.70807,41.48816],[-96.70557,41.48817],[-96.70307,41.48817],[-96.70061,41.48817],[-96.69815,41.48817],[-96.69572,41.48818],[-96.69324,41.48818],[-96.69085,41.48817],[-96.68846,41.48815],[-96.68607,41.48814],[-96.68368,41.48812],[-96.68125,41.48811],[-96.67885,41.4881],[-96.67637,41.48809],[-96.67394,41.48807],[-96.67134,41.48805],[-96.66877,41.48804],[-96.66618,41.48803],[-96.66374,41.48801],[-96.66118,41.48799],[-96.65857,41.48798],[-96.65595,41.48796],[-96.65335,41.48796],[-96.65073,41.48794],[-96.64825,41.48792],[-96.64578,41.48791],[-96.64327,41.48789],[-96.64074,41.48788],[-96.63801,41.48786],[-96.63653,41.48655],[-96.6351,41.48528],[-96.63349,41.48386],[-96.63189,41.48245],[-96.63021,41.48097],[-96.62892,41.47982],[-96.62749,41.47856],[-96.62595,41.4772],[-96.62421,41.47567],[-96.62276,41.47438],[-96.62158,41.47334],[-96.62087,41.47271],[-96.61957,41.47156],[-96.61792,41.4701],[-96.61634,41.46871],[-96.61468,41.46724],[-96.61321,41.46595],[-96.61053,41.46594],[-96.60788,41.46594],[-96.60527,41.46594],[-96.60265,41.46594],[-96.6,41.46593],[-96.59739,41.46593],[-96.595,41.46592],[-96.59255,41.46593],[-96.59,41.46592],[-96.58759,41.46592],[-96.58517,41.46591],[-96.58272,41.46591],[-96.58025,41.4659],[-96.57779,41.4659],[-96.57549,41.46588],[-96.57318,41.46588],[-96.57087,41.46588],[-96.5685,41.46587],[-96.56606,41.46587],[-96.5636,41.46587],[-96.56117,41.46586],[-96.55881,41.46586],[-96.55607,41.46586],[-96.55352,41.46585],[-96.55086,41.46585],[-96.5484,41.46585],[-96.54585,41.46584],[-96.5433,41.46584],[-96.54111,41.46584],[-96.53857,41.46584],[-96.5361,41.46583],[-96.53348,41.46583],[-96.53089,41.46582],[-96.52829,41.46582],[-96.52571,41.46582],[-96.52372,41.46582],[-96.52147,41.46581],[-96.51899,41.46581],[-96.51655,41.4658],[-96.5141,41.4658],[-96.51161,41.46579],[-96.50915,41.46579],[-96.50879,41.46569],[-96.50836,41.46541]]}},{"type":"Feature","properties":{"id":"119210","type":"AC; OVERHEAD","status":"IN SERVICE","owner":null,"voltage":115,"voltClass":"100-161"},"geometry":{"type":"LineString","coordinates":[[-96.49268,41.84292],[-96.49258,41.84309],[-96.49257,41.84322],[-96.49258,41.84359],[-96.49408,41.84466],[-96.4956,41.84573],[-96.49711,41.84681],[-96.49862,41.84787],[-96.50017,41.84896],[-96.50215,41.85039],[-96.50464,41.8504],[-96.5074,41.85041],[-96.50999,41.85043],[-96.51232,41.85043],[-96.51463,41.85045],[-96.51708,41.85045],[-96.51957,41.85046],[-96.52181,41.85047],[-96.52429,41.85048],[-96.52659,41.8505],[-96.52971,41.85051],[-96.53248,41.85051],[-96.53488,41.85053],[-96.53728,41.85054],[-96.53963,41.85055],[-96.54234,41.85056],[-96.54444,41.85057],[-96.54703,41.85058],[-96.55065,41.85059],[-96.55284,41.8506],[-96.55504,41.85061],[-96.55727,41.85062],[-96.55952,41.85063],[-96.56213,41.85064],[-96.5649,41.85065],[-96.5684,41.85067],[-96.57137,41.85067],[-96.57439,41.85069],[-96.57662,41.85071],[-96.57934,41.85072],[-96.58118,41.85072],[-96.58333,41.85073],[-96.58565,41.85075],[-96.58815,41.85075],[-96.5909,41.85076],[-96.59362,41.85077],[-96.59572,41.85078],[-96.59833,41.85079],[-96.60041,41.8508],[-96.60336,41.85081],[-96.6052,41.85082],[-96.60838,41.85082],[-96.61131,41.85084],[-96.61427,41.85085],[-96.6173,41.85086],[-96.62032,41.85087],[-96.62226,41.85088],[-96.6251,41.85089],[-96.62749,41.85089],[-96.63126,41.85091],[-96.63308,41.85091],[-96.63601,41.85092],[-96.63824,41.85093],[-96.64031,41.85093],[-96.64261,41.85094],[-96.64552,41.85095],[-96.64769,41.85096],[-96.65025,41.85097],[-96.65282,41.85098],[-96.65536,41.85097],[-96.65771,41.85098],[-96.66019,41.851],[-96.66268,41.851],[-96.66519,41.851],[-96.66762,41.85102],[-96.67,41.85103],[-96.67145,41.85184],[-96.67392,41.85325],[-96.67529,41.85403],[-96.67701,41.855],[-96.67897,41.85611],[-96.68054,41.857],[-96.6815,41.85755],[-96.68152,41.85783],[-96.6813,41.85787]]}},{"type":"Feature","properties":{"id":"138378","type":"AC; OVERHEAD","status":"IN SERVICE","owner":null,"voltage":115,"voltClass":"100-161"},"geometry":{"type":"LineString","coordinates":[[-96.49268,41.84292],[-96.49217,41.84298],[-96.49193,41.84297],[-96.49193,41.8432],[-96.49048,41.8432],[-96.48901,41.8432],[-96.48754,41.8432],[-96.48608,41.8432],[-96.48461,41.8432],[-96.48317,41.84319],[-96.48175,41.84319],[-96.48026,41.84318],[-96.47875,41.84318],[-96.47725,41.84318],[-96.47582,41.84322],[-96.47456,41.84322],[-96.47327,41.84321],[-96.47205,41.84321],[-96.47063,41.84338],[-96.46951,41.84338],[-96.4684,41.84337],[-96.4673,41.84337],[-96.46604,41.84337],[-96.46461,41.84337],[-96.46314,41.84337],[-96.46167,41.84338],[-96.4602,41.8434],[-96.45872,41.84341],[-96.45722,41.84342],[-96.45579,41.84344],[-96.45446,41.84345],[-96.45307,41.84347],[-96.45167,41.84348],[-96.45029,41.84349],[-96.44885,41.84351],[-96.44731,41.84353],[-96.44583,41.84353],[-96.44438,41.84356],[-96.44437,41.84278],[-96.44436,41.84168],[-96.44436,41.84058],[-96.44435,41.83949],[-96.44435,41.83843],[-96.44434,41.83729],[-96.44434,41.8362],[-96.44293,41.8362],[-96.44146,41.8362],[-96.43995,41.8362],[-96.43845,41.83621],[-96.43698,41.83621],[-96.43544,41.83621],[-96.43394,41.83622],[-96.4325,41.83622],[-96.43092,41.83622],[-96.42951,41.83623],[-96.428,41.83623],[-96.42652,41.83623],[-96.42495,41.83623],[-96.42362,41.83623],[-96.42223,41.83622],[-96.42064,41.83622],[-96.41914,41.83622],[-96.41765,41.83622],[-96.41619,41.83622],[-96.41464,41.83621],[-96.41315,41.83621],[-96.41168,41.83622],[-96.41018,41.83621],[-96.40867,41.83621],[-96.40717,41.83621],[-96.40566,41.83621],[-96.40421,41.83621],[-96.40268,41.83621],[-96.40111,41.8362],[-96.39955,41.8362],[-96.39807,41.8362],[-96.39664,41.8362],[-96.39508,41.8362],[-96.39359,41.8362],[-96.3922,41.83619],[-96.39065,41.83619],[-96.38915,41.83619],[-96.38761,41.83619],[-96.38636,41.83619],[-96.38482,41.83619],[-96.38332,41.83618],[-96.3817,41.83617],[-96.3804,41.83617],[-96.37875,41.83616],[-96.3773,41.83616],[-96.37581,41.83616],[-96.3743,41.83615],[-96.37288,41.83615],[-96.3713,41.83615],[-96.36983,41.83614],[-96.36833,41.83614],[-96.36678,41.83613],[-96.36528,41.83613],[-96.36374,41.83612],[-96.36227,41.83611],[-96.36074,41.83611],[-96.35934,41.8361],[-96.35794,41.8361],[-96.35628,41.83609],[-96.35486,41.83608],[-96.35335,41.83608],[-96.35184,41.83607],[-96.35052,41.83607],[-96.34879,41.83606],[-96.34745,41.83606],[-96.34744,41.8351],[-96.34745,41.83402],[-96.34745,41.83301],[-96.34745,41.83208],[-96.34744,41.83082],[-96.34745,41.82987],[-96.34744,41.82891],[-96.34597,41.82891],[-96.34455,41.82892],[-96.34289,41.82891],[-96.34135,41.82893],[-96.33981,41.82894],[-96.33827,41.82894],[-96.33673,41.82894],[-96.33519,41.82895],[-96.33361,41.82896],[-96.33237,41.82896],[-96.33069,41.82896],[-96.32963,41.82897],[-96.328,41.82889],[-96.32713,41.82889],[-96.32557,41.82889],[-96.32419,41.8289],[-96.32273,41.8289],[-96.32131,41.82891],[-96.31969,41.82891],[-96.31843,41.82892],[-96.317,41.82892],[-96.31614,41.82893],[-96.31471,41.82893],[-96.31348,41.82893],[-96.3119,41.82894],[-96.31053,41.82894],[-96.30952,41.82895],[-96.30779,41.82896],[-96.3065,41.82896],[-96.3051,41.82898],[-96.30361,41.82896],[-96.30213,41.82897],[-96.3007,41.82897],[-96.29953,41.82897],[-96.29787,41.82898],[-96.29657,41.82898],[-96.2956,41.82899],[-96.29417,41.82899],[-96.29267,41.829],[-96.29116,41.82899],[-96.28968,41.829],[-96.28968,41.83007],[-96.28968,41.83128],[-96.28968,41.83232],[-96.28967,41.83345],[-96.28866,41.83348],[-96.28829,41.83394]]}},{"type":"Feature","properties":{"id":"140411","type":"AC; OVERHEAD","status":"IN SERVICE","owner":null,"voltage":115,"voltClass":"100-161"},"geometry":{"type":"LineString","coordinates":[[-96.49199,41.66947],[-96.49227,41.66951],[-96.49227,41.66963],[-96.49227,41.67024],[-96.49228,41.67275],[-96.49228,41.67503],[-96.49228,41.67639],[-96.49229,41.67777],[-96.49229,41.68022],[-96.49229,41.68185],[-96.4923,41.68354],[-96.4923,41.68522],[-96.49231,41.68728],[-96.49231,41.68973],[-96.49232,41.69128],[-96.49232,41.69314],[-96.49232,41.69484],[-96.49233,41.69621],[-96.49232,41.69887],[-96.49234,41.70104],[-96.49231,41.70301],[-96.49233,41.70527],[-96.49234,41.70698],[-96.49234,41.70822],[-96.49235,41.71042],[-96.49235,41.71316],[-96.49235,41.71528],[-96.49236,41.71644],[-96.49236,41.71821],[-96.49237,41.72019],[-96.49237,41.72175],[-96.49237,41.72302],[-96.49234,41.72458],[-96.49226,41.72715],[-96.49221,41.72899],[-96.49212,41.73173],[-96.49207,41.73349],[-96.49199,41.7358],[-96.49192,41.73718],[-96.49187,41.73959],[-96.4918,41.7422],[-96.49174,41.74425],[-96.49169,41.74572],[-96.49163,41.74777],[-96.49155,41.75028],[-96.49149,41.75223],[-96.49143,41.75402],[-96.49137,41.75622],[-96.49131,41.75785],[-96.49126,41.75952],[-96.49121,41.76114],[-96.49116,41.76281],[-96.49111,41.76441],[-96.49104,41.76677],[-96.49099,41.76808],[-96.49104,41.77059],[-96.49109,41.77315],[-96.49113,41.77498],[-96.49118,41.77707],[-96.49121,41.77878],[-96.49126,41.78099],[-96.49129,41.78256],[-96.49134,41.78465],[-96.49137,41.78612],[-96.49142,41.7882],[-96.49146,41.79018],[-96.4915,41.79204],[-96.49153,41.79371],[-96.49157,41.7955],[-96.4916,41.79729],[-96.49159,41.79984],[-96.49158,41.80208],[-96.49156,41.80385],[-96.49168,41.80601],[-96.49177,41.80778],[-96.49188,41.80966],[-96.49191,41.81141],[-96.49195,41.81307],[-96.49197,41.81418],[-96.49201,41.81636],[-96.49205,41.81775],[-96.49208,41.81964],[-96.49212,41.82145],[-96.49216,41.82347],[-96.4922,41.82523],[-96.49224,41.82691],[-96.49227,41.82868],[-96.49231,41.83068],[-96.49235,41.83266],[-96.49239,41.83464],[-96.49244,41.83625],[-96.49246,41.83763],[-96.49249,41.83899],[-96.49252,41.84038],[-96.49255,41.84177],[-96.49257,41.84257],[-96.49258,41.8427],[-96.49268,41.84292]]}},{"type":"Feature","properties":{"id":"150173","type":"AC; OVERHEAD","status":"IN SERVICE","owner":"OMAHA PUBLIC POWER DISTRICT","voltage":115,"voltClass":"100-161"},"geometry":{"type":"LineString","coordinates":[[-96.50836,41.46541],[-96.50855,41.46573],[-96.50853,41.46627],[-96.50699,41.46802],[-96.50609,41.46904],[-96.50491,41.47038],[-96.50413,41.47126],[-96.50259,41.473],[-96.50119,41.47459],[-96.50012,41.47581],[-96.49824,41.47795],[-96.49616,41.48031],[-96.49464,41.48202],[-96.49306,41.48382],[-96.49306,41.48563],[-96.49306,41.48739],[-96.49306,41.48917],[-96.49307,41.49096],[-96.49308,41.49279],[-96.49307,41.4948],[-96.49307,41.4966],[-96.49307,41.49839],[-96.49308,41.5006],[-96.49308,41.50245],[-96.49309,41.5045],[-96.49308,41.50595],[-96.49308,41.50772],[-96.49308,41.50957],[-96.49309,41.51129],[-96.49309,41.51329],[-96.49309,41.51537],[-96.49309,41.51684],[-96.49309,41.5187],[-96.4931,41.52057],[-96.4931,41.52216],[-96.4931,41.52391],[-96.4931,41.52624],[-96.49311,41.52798],[-96.49311,41.52937],[-96.49311,41.53112],[-96.49311,41.5328],[-96.49311,41.53499],[-96.49311,41.53682],[-96.49313,41.53876],[-96.49312,41.54081],[-96.49311,41.54281],[-96.49312,41.54443],[-96.49312,41.54618],[-96.49313,41.5479],[-96.49313,41.54967],[-96.49312,41.55156],[-96.49313,41.55324],[-96.49313,41.55516],[-96.49313,41.55736],[-96.49313,41.55895],[-96.49314,41.56039],[-96.49314,41.56213],[-96.49314,41.5639],[-96.49314,41.56573],[-96.49314,41.56747],[-96.49314,41.56925],[-96.49316,41.57111],[-96.49314,41.57287],[-96.49314,41.57474],[-96.49315,41.5769],[-96.49315,41.5788],[-96.49315,41.58042],[-96.49315,41.58205],[-96.49316,41.58382],[-96.49316,41.58556],[-96.49316,41.58729],[-96.49316,41.58924],[-96.49316,41.59072],[-96.49317,41.59281],[-96.49317,41.59422],[-96.49317,41.5964],[-96.49316,41.59751],[-96.49317,41.59985],[-96.49317,41.60165],[-96.49317,41.60343],[-96.49317,41.60517],[-96.49317,41.60711],[-96.49314,41.60829],[-96.49308,41.61018],[-96.49299,41.61225],[-96.4929,41.61472],[-96.49281,41.61661],[-96.49275,41.61867],[-96.49266,41.62064],[-96.49259,41.62265],[-96.4925,41.62464],[-96.49244,41.62669],[-96.49235,41.62884],[-96.49227,41.63104],[-96.49221,41.63264],[-96.49221,41.63525],[-96.49221,41.63672],[-96.49221,41.63836],[-96.49222,41.6401],[-96.49222,41.64194],[-96.49222,41.64346],[-96.49223,41.64516],[-96.49223,41.64709],[-96.49223,41.6488],[-96.49224,41.6505],[-96.49224,41.65224],[-96.49224,41.65429],[-96.49225,41.65581],[-96.49225,41.65789],[-96.49226,41.65968],[-96.49226,41.6618],[-96.49226,41.66412],[-96.49227,41.66547],[-96.49227,41.66714],[-96.49227,41.66886],[-96.49227,41.66925],[-96.49227,41.66939],[-96.49227,41.66944],[-96.49199,41.66947]]}},{"type":"Feature","properties":{"id":"142481","type":"AC; OVERHEAD","status":"IN SERVICE","owner":"LINCOLN ELECTRIC SYSTEM","voltage":115,"voltClass":"100-161"},"geometry":{"type":"LineString","coordinates":[[-96.64346,40.83426],[-96.64254,40.8343],[-96.64187,40.8343],[-96.64067,40.83429],[-96.63923,40.83428],[-96.63783,40.83427],[-96.63684,40.83427],[-96.63575,40.83426],[-96.63468,40.83424],[-96.63467,40.8353],[-96.63378,40.83526],[-96.63275,40.83525],[-96.63211,40.83524],[-96.63113,40.83524],[-96.63009,40.83525],[-96.62919,40.83523],[-96.62804,40.83522],[-96.62699,40.83521],[-96.62637,40.83521],[-96.62587,40.83521],[-96.62474,40.8352],[-96.6237,40.83521],[-96.62261,40.83522],[-96.62146,40.83524],[-96.62038,40.83524],[-96.61963,40.83525],[-96.61892,40.83522],[-96.618,40.83523],[-96.61728,40.83526],[-96.61641,40.83531],[-96.61557,40.83531],[-96.6145,40.83531],[-96.61337,40.83532],[-96.61223,40.83533],[-96.61141,40.83534],[-96.61037,40.83534],[-96.60962,40.83535],[-96.6083,40.83539],[-96.60739,40.83486],[-96.60727,40.83479],[-96.60707,40.83426],[-96.60638,40.83424],[-96.60639,40.83449],[-96.60655,40.83478]]}},{"type":"Feature","properties":{"id":"136244","type":"AC; OVERHEAD","status":"IN SERVICE","owner":null,"voltage":115,"voltClass":"100-161"},"geometry":{"type":"LineString","coordinates":[[-96.63319,40.97323],[-96.63292,40.97319]]}},{"type":"Feature","properties":{"id":"101798","type":"AC; OVERHEAD","status":"IN SERVICE","owner":"OMAHA PUBLIC POWER DISTRICT","voltage":161,"voltClass":"100-161"},"geometry":{"type":"LineString","coordinates":[[-96.10433,41.52489],[-96.10316,41.52572],[-96.10207,41.52659],[-96.09976,41.5258],[-96.09702,41.52484],[-96.09399,41.52377],[-96.09126,41.52281],[-96.08888,41.52198],[-96.08673,41.52123],[-96.08495,41.51992],[-96.08322,41.51868],[-96.08148,41.51713],[-96.08095,41.51774],[-96.08104,41.51873]]}},{"type":"Feature","properties":{"id":"112709","type":"AC; OVERHEAD","status":"IN SERVICE","owner":"OMAHA PUBLIC POWER DISTRICT","voltage":161,"voltClass":"100-161"},"geometry":{"type":"LineString","coordinates":[[-96.02292,41.45049],[-96.0227,41.4511],[-96.02084,41.45112],[-96.01678,41.45111],[-96.01477,41.45084],[-96.01404,41.45125],[-96.00928,41.4511],[-96.00239,41.4511],[-96.00245,41.46619],[-96.00263,41.46784],[-96.0028,41.47079],[-96.00428,41.47105],[-96.00609,41.47154],[-96.0072,41.47199],[-96.00995,41.47344],[-96.01155,41.47433],[-96.01282,41.47546],[-96.01438,41.4768],[-96.0176,41.48055],[-96.02349,41.48364],[-96.0268,41.48915],[-96.04542,41.48911],[-96.05223,41.49518],[-96.05456,41.49728],[-96.05557,41.4985],[-96.05881,41.50146],[-96.06038,41.50248],[-96.0679,41.50914],[-96.06902,41.5106],[-96.07046,41.51181],[-96.081,41.51712],[-96.08027,41.51802],[-96.08104,41.51873]]}},{"type":"Feature","properties":{"id":"114431","type":"AC; OVERHEAD","status":"IN SERVICE","owner":"LINCOLN ELECTRIC SYSTEM","voltage":115,"voltClass":"100-161"},"geometry":{"type":"LineString","coordinates":[[-96.62367,40.90695],[-96.62307,40.90698],[-96.6229,40.90748],[-96.62156,40.90748],[-96.61931,40.90747],[-96.61676,40.90746],[-96.61423,40.90745],[-96.61169,40.90744],[-96.60863,40.90741],[-96.60665,40.90739],[-96.6067,40.90901],[-96.60767,40.90919]]}},{"type":"Feature","properties":{"id":"125948","type":"AC; OVERHEAD","status":"IN SERVICE","owner":"LINCOLN ELECTRIC SYSTEM","voltage":115,"voltClass":"100-161"},"geometry":{"type":"LineString","coordinates":[[-96.62367,40.90695],[-96.62368,40.90749],[-96.62488,40.90821],[-96.62762,40.90986],[-96.62957,40.91104],[-96.63108,40.91195],[-96.63231,40.91269],[-96.63387,40.91363],[-96.63387,40.91447],[-96.63388,40.91484],[-96.63388,40.9173],[-96.63389,40.92005],[-96.63389,40.92215],[-96.63389,40.92505],[-96.63389,40.92677],[-96.6339,40.92937],[-96.63391,40.93132],[-96.63391,40.93266],[-96.63392,40.93555],[-96.63391,40.9381],[-96.63392,40.93983],[-96.63393,40.94188],[-96.63393,40.94374],[-96.63394,40.94516],[-96.63395,40.94787],[-96.63398,40.94976],[-96.63399,40.9515],[-96.634,40.95318],[-96.63401,40.95578],[-96.63403,40.95768],[-96.63395,40.95933],[-96.63383,40.96197],[-96.6337,40.96501],[-96.63357,40.96754],[-96.63348,40.96955],[-96.63338,40.97183],[-96.63319,40.97323]]}},{"type":"Feature","properties":{"id":"149880","type":"AC; OVERHEAD","status":"IN SERVICE","owner":"LINCOLN ELECTRIC SYSTEM","voltage":115,"voltClass":"100-161"},"geometry":{"type":"LineString","coordinates":[[-96.64112,40.89897],[-96.64049,40.89893],[-96.64034,40.89795],[-96.63817,40.89796],[-96.63599,40.89796],[-96.63381,40.89796],[-96.63164,40.89797],[-96.62946,40.89797],[-96.62728,40.89798],[-96.62513,40.89798],[-96.62513,40.89959],[-96.62513,40.90116],[-96.62513,40.90275],[-96.62512,40.90433],[-96.62512,40.90592],[-96.62511,40.9075],[-96.62403,40.90749],[-96.62395,40.90693],[-96.62367,40.90695]]}},{"type":"Feature","properties":{"id":"128916","type":"AC; OVERHEAD","status":"IN SERVICE","owner":"OMAHA PUBLIC POWER DISTRICT","voltage":115,"voltClass":"100-161"},"geometry":{"type":"LineString","coordinates":[[-96.63319,40.97323],[-96.63326,40.9743],[-96.63318,40.97603],[-96.6331,40.9777],[-96.63303,40.97924],[-96.63291,40.98169],[-96.63282,40.98358],[-96.63274,40.98516],[-96.63265,40.98693],[-96.63253,40.98922],[-96.63245,40.99083],[-96.63234,40.99304],[-96.63223,40.99511],[-96.63217,40.99641],[-96.63204,40.99901],[-96.63193,41.0014],[-96.63185,41.0031],[-96.63173,41.00518],[-96.63164,41.00713],[-96.63152,41.00951],[-96.63144,41.01114],[-96.63137,41.01242],[-96.63128,41.01429],[-96.63119,41.01612],[-96.63106,41.01869],[-96.63093,41.0213],[-96.63083,41.0232],[-96.63073,41.0254],[-96.6306,41.02782],[-96.6305,41.02979],[-96.63043,41.03134],[-96.63035,41.03295],[-96.63025,41.03494],[-96.63012,41.03765],[-96.63001,41.03973],[-96.62988,41.04167],[-96.63017,41.04327],[-96.6305,41.04542],[-96.63092,41.04786],[-96.63087,41.04991],[-96.63083,41.05199],[-96.6308,41.0537],[-96.63078,41.05576],[-96.63072,41.05834],[-96.63067,41.06023],[-96.63063,41.06231],[-96.63061,41.06368],[-96.63056,41.06615],[-96.63051,41.06877],[-96.63047,41.07061],[-96.63044,41.07239],[-96.63041,41.07446],[-96.63036,41.07607],[-96.63036,41.07749],[-96.63033,41.08001],[-96.6303,41.08303],[-96.63028,41.08539],[-96.63027,41.08667],[-96.63025,41.08931],[-96.63023,41.09156],[-96.63021,41.09312],[-96.63018,41.09547],[-96.63016,41.09741],[-96.63014,41.09961],[-96.63013,41.10267],[-96.6301,41.10445],[-96.62898,41.10626],[-96.62778,41.1082],[-96.62645,41.11037],[-96.62534,41.11217],[-96.62404,41.11426],[-96.62306,41.11586],[-96.62182,41.11789],[-96.62062,41.11985],[-96.61981,41.12115],[-96.61893,41.12257],[-96.61753,41.12485],[-96.61637,41.12674],[-96.61494,41.12903],[-96.61414,41.13035],[-96.61269,41.13271],[-96.61121,41.13511],[-96.61124,41.13734],[-96.61127,41.13887],[-96.6113,41.14031],[-96.61133,41.14288],[-96.61135,41.14476],[-96.61139,41.14684],[-96.61143,41.14924],[-96.61147,41.15119],[-96.6115,41.15311],[-96.61153,41.15497],[-96.61159,41.15775],[-96.61163,41.15983],[-96.61165,41.16241],[-96.61172,41.16494],[-96.61175,41.16653],[-96.6118,41.16854],[-96.61183,41.17007],[-96.61188,41.1717],[-96.61191,41.17308],[-96.61195,41.1746],[-96.61201,41.17684],[-96.61206,41.17883],[-96.61211,41.1808],[-96.61215,41.18285],[-96.61222,41.18571],[-96.61227,41.18786],[-96.61221,41.18909],[-96.6121,41.19101],[-96.61202,41.19244],[-96.61188,41.1951],[-96.61176,41.19734],[-96.61043,41.1995],[-96.60902,41.20178],[-96.60768,41.20397],[-96.60633,41.20616],[-96.60505,41.20824],[-96.60376,41.21035],[-96.60255,41.21232],[-96.60136,41.21426],[-96.60142,41.21574],[-96.60149,41.21736],[-96.6016,41.21972],[-96.60169,41.22176],[-96.60178,41.2237],[-96.60185,41.22571],[-96.60184,41.22619]]}},{"type":"Feature","properties":{"id":"138018","type":"AC; OVERHEAD","status":"IN SERVICE","owner":"OMAHA PUBLIC POWER DISTRICT","voltage":115,"voltClass":"100-161"},"geometry":{"type":"LineString","coordinates":[[-96.60184,41.22619],[-96.60206,41.22604],[-96.60413,41.22614],[-96.60634,41.22623],[-96.6083,41.22632],[-96.61131,41.22644],[-96.61444,41.22656],[-96.61592,41.22663],[-96.61804,41.22671],[-96.6201,41.2268],[-96.62167,41.2268],[-96.62458,41.22681],[-96.62706,41.22682],[-96.62903,41.22683],[-96.63176,41.22684],[-96.63437,41.22684],[-96.63803,41.22686],[-96.64122,41.22687],[-96.64419,41.22688],[-96.64709,41.22689],[-96.64906,41.2269],[-96.65186,41.22691],[-96.65367,41.22692],[-96.65634,41.22694],[-96.6598,41.22697],[-96.66282,41.22699],[-96.66581,41.22701],[-96.66872,41.22704],[-96.67057,41.22705],[-96.67382,41.22707],[-96.67607,41.22709],[-96.6787,41.22712],[-96.68125,41.22713],[-96.68378,41.22715],[-96.68612,41.22717],[-96.68805,41.22719],[-96.6901,41.2272],[-96.69252,41.22722],[-96.69469,41.22724],[-96.69777,41.22724],[-96.70025,41.22723],[-96.70177,41.22723],[-96.70447,41.22723],[-96.70721,41.22723],[-96.7092,41.22722],[-96.71242,41.22723],[-96.71464,41.22722],[-96.71695,41.22722],[-96.72021,41.22722],[-96.72203,41.22722],[-96.72548,41.22722],[-96.72735,41.22721],[-96.72923,41.22721],[-96.73228,41.22721],[-96.73392,41.22721],[-96.73602,41.22722],[-96.7385,41.22721],[-96.74078,41.22721],[-96.74226,41.22721],[-96.74448,41.22721],[-96.74697,41.2272],[-96.74938,41.2272],[-96.75178,41.2272],[-96.75429,41.2272],[-96.7561,41.22719],[-96.75814,41.22719],[-96.76055,41.22719],[-96.76302,41.22718],[-96.76552,41.22718],[-96.76787,41.22718],[-96.77053,41.22716],[-96.77223,41.22717],[-96.77485,41.22716],[-96.77731,41.22715],[-96.77967,41.22715],[-96.78258,41.22714],[-96.78553,41.22713],[-96.78801,41.22712],[-96.78996,41.22712],[-96.79273,41.22711],[-96.79456,41.22711],[-96.79707,41.22711],[-96.79931,41.2271],[-96.80166,41.22717],[-96.80388,41.22723],[-96.80638,41.22729],[-96.80813,41.22734],[-96.80989,41.22738],[-96.81205,41.22744],[-96.81391,41.22748],[-96.81667,41.22752],[-96.81887,41.22756],[-96.82131,41.22757],[-96.8238,41.22758],[-96.82716,41.2276],[-96.82954,41.22762],[-96.83156,41.22762],[-96.83402,41.22762],[-96.83747,41.22765],[-96.83929,41.22766],[-96.84173,41.22767],[-96.84459,41.22768],[-96.84646,41.2277],[-96.84991,41.22771],[-96.8528,41.22772],[-96.85451,41.22773],[-96.85601,41.22773],[-96.859,41.22775],[-96.86213,41.22777],[-96.86436,41.22778],[-96.86724,41.22779],[-96.87022,41.2278],[-96.87137,41.2278],[-96.87466,41.22776],[-96.87684,41.22773],[-96.87843,41.22771],[-96.88159,41.22768],[-96.88499,41.22766],[-96.88713,41.22764],[-96.88934,41.22762],[-96.89129,41.22759],[-96.8931,41.22758],[-96.8966,41.22754],[-96.89945,41.22751],[-96.90211,41.22747],[-96.90529,41.22744],[-96.90792,41.22742],[-96.90973,41.2274],[-96.91194,41.22737],[-96.91499,41.22734],[-96.91849,41.22731],[-96.9217,41.22728],[-96.9242,41.22725],[-96.9272,41.22721],[-96.92845,41.2272],[-96.93063,41.22719],[-96.93493,41.22719],[-96.9385,41.22719],[-96.94093,41.2272],[-96.94416,41.22721],[-96.94646,41.22721],[-96.94783,41.22721],[-96.95093,41.22721],[-96.95333,41.22721],[-96.95545,41.22721],[-96.95814,41.22721],[-96.96021,41.22721],[-96.96236,41.2272],[-96.96388,41.2272],[-96.96642,41.22721],[-96.96933,41.2272],[-96.97283,41.22719],[-96.97468,41.22718],[-96.97667,41.22719],[-96.97857,41.22718],[-96.98106,41.22717],[-96.98393,41.22716],[-96.98541,41.22715],[-96.98722,41.22714],[-96.98971,41.22714],[-96.99119,41.22713],[-96.9934,41.22712],[-96.99609,41.22712],[-96.99809,41.22712],[-96.99957,41.22711],[-97.00216,41.22712],[-97.0039,41.2271],[-97.00572,41.2271],[-97.0072,41.22709],[-97.00996,41.22708],[-97.01211,41.22708],[-97.01427,41.22847],[-97.01561,41.22932],[-97.01775,41.2307],[-97.01977,41.232],[-97.02213,41.23353],[-97.02391,41.23467],[-97.02545,41.23568],[-97.02695,41.2367],[-97.0282,41.23755],[-97.02999,41.23876],[-97.0324,41.2404],[-97.03418,41.2416],[-97.03555,41.24254],[-97.03826,41.24438],[-97.04028,41.24588],[-97.04169,41.24695],[-97.04389,41.24863],[-97.04562,41.24995],[-97.04707,41.25106],[-97.05013,41.25287],[-97.06097,41.25932],[-97.06276,41.26321]]}},{"type":"Feature","properties":{"id":"108899","type":"AC; OVERHEAD","status":"IN SERVICE","owner":"LINCOLN ELECTRIC SYSTEM","voltage":115,"voltClass":"100-161"},"geometry":{"type":"LineString","coordinates":[[-96.60767,40.90919],[-96.60633,40.90939],[-96.60627,40.90739],[-96.60394,40.9074],[-96.57157,40.90717],[-96.55882,40.90723],[-96.55881,40.90723],[-96.55648,40.90721],[-96.5542,40.90719],[-96.55195,40.90717],[-96.5495,40.90715],[-96.54744,40.90714],[-96.54502,40.90713],[-96.54264,40.90713],[-96.54148,40.90712],[-96.5415,40.9069],[-96.54108,40.90676]]}},{"type":"Feature","properties":{"id":"141603","type":"AC; OVERHEAD","status":"IN SERVICE","owner":"LINCOLN ELECTRIC SYSTEM","voltage":115,"voltClass":"100-161"},"geometry":{"type":"LineString","coordinates":[[-96.54722,40.84003],[-96.54814,40.84032],[-96.54814,40.84071],[-96.54987,40.84168],[-96.54987,40.84361],[-96.54987,40.84547],[-96.54986,40.84732],[-96.54984,40.84918],[-96.54984,40.85103],[-96.54983,40.85288],[-96.5497,40.8548],[-96.54957,40.85671],[-96.54958,40.85841],[-96.54958,40.86011],[-96.54959,40.86181],[-96.5496,40.86348],[-96.55213,40.86377],[-96.55473,40.86406],[-96.55732,40.86435],[-96.55993,40.86464],[-96.55994,40.86646],[-96.55997,40.86825],[-96.56,40.87004],[-96.56002,40.87183],[-96.56003,40.87362],[-96.56004,40.8754],[-96.55992,40.87706],[-96.55981,40.87873],[-96.5597,40.88041],[-96.5596,40.88208],[-96.5595,40.88374],[-96.55943,40.88543],[-96.55936,40.88721],[-96.55934,40.88898],[-96.55933,40.89078],[-96.5593,40.89252],[-96.55926,40.89466],[-96.55915,40.89611],[-96.55899,40.89786],[-96.55885,40.89964],[-96.55885,40.90138],[-96.55672,40.90247],[-96.55439,40.9037],[-96.55204,40.90492],[-96.54995,40.90601],[-96.5482,40.90693],[-96.54543,40.90692],[-96.54367,40.90691],[-96.54185,40.9069],[-96.54185,40.90638],[-96.54149,40.90638],[-96.54149,40.90651],[-96.54108,40.90676]]}},{"type":"Feature","properties":{"id":"110432","type":"AC; OVERHEAD","status":"IN SERVICE","owner":"LINCOLN ELECTRIC SYSTEM","voltage":115,"voltClass":"100-161"},"geometry":{"type":"LineString","coordinates":[[-96.54722,40.84003],[-96.5484,40.83956],[-96.54839,40.83913],[-96.54841,40.83771],[-96.54841,40.83645],[-96.54946,40.83567],[-96.55049,40.83489],[-96.55224,40.83489],[-96.5537,40.8349],[-96.55543,40.8349],[-96.55777,40.83491],[-96.55967,40.83489],[-96.56201,40.83488],[-96.56392,40.83486],[-96.56563,40.83485],[-96.56735,40.83484],[-96.56933,40.83488],[-96.57168,40.83493],[-96.57403,40.83497],[-96.5764,40.83503],[-96.57875,40.83507],[-96.58078,40.83511],[-96.58291,40.83515],[-96.58503,40.8352],[-96.58708,40.83523],[-96.58858,40.83525],[-96.59047,40.83527],[-96.59234,40.83528],[-96.59441,40.83531],[-96.59655,40.83533],[-96.59871,40.83535],[-96.60088,40.83537],[-96.60294,40.83539],[-96.6042,40.8354],[-96.60547,40.83492],[-96.60655,40.83478]]}},{"type":"Feature","properties":{"id":"101170","type":"AC; OVERHEAD","status":"IN SERVICE","owner":"LINCOLN ELECTRIC SYSTEM","voltage":115,"voltClass":"100-161"},"geometry":{"type":"LineString","coordinates":[[-96.54722,40.84003],[-96.54814,40.83956],[-96.54813,40.83913],[-96.54815,40.83769],[-96.54816,40.83639],[-96.55016,40.83337],[-96.54999,40.77686],[-96.55116,40.77687],[-96.55295,40.77688],[-96.55573,40.77691],[-96.55913,40.77692],[-96.56207,40.77691],[-96.56518,40.7769],[-96.56823,40.77689],[-96.57108,40.77689],[-96.57409,40.77691],[-96.57743,40.77692],[-96.57744,40.77452],[-96.57746,40.7724],[-96.57747,40.7701],[-96.57748,40.76799],[-96.57748,40.76604],[-96.57749,40.76434],[-96.57749,40.7624],[-96.58044,40.7624],[-96.58357,40.76241],[-96.58678,40.76242],[-96.58962,40.76243],[-96.59249,40.76244],[-96.59572,40.76245],[-96.59884,40.76246],[-96.60202,40.76247],[-96.60516,40.76248],[-96.60787,40.76248],[-96.61097,40.76248],[-96.61104,40.75456],[-96.61039,40.75451]]}},{"type":"Feature","properties":{"id":"127593","type":"AC; OVERHEAD","status":"IN SERVICE","owner":"LINCOLN ELECTRIC SYSTEM","voltage":115,"voltClass":"100-161"},"geometry":{"type":"LineString","coordinates":[[-96.61039,40.75451],[-96.61069,40.75436],[-96.61112,40.75438],[-96.61107,40.75788],[-96.61107,40.76035],[-96.61104,40.76248],[-96.61109,40.76381],[-96.61333,40.76557],[-96.61546,40.76728],[-96.61774,40.7691],[-96.6195,40.77068],[-96.62161,40.77256],[-96.62346,40.77425],[-96.62543,40.77452],[-96.62578,40.77441]]}},{"type":"Feature","properties":{"id":"123038","type":"AC; OVERHEAD","status":"IN SERVICE","owner":"LINCOLN ELECTRIC SYSTEM","voltage":115,"voltClass":"100-161"},"geometry":{"type":"LineString","coordinates":[[-96.61039,40.75451],[-96.61028,40.75448],[-96.61028,40.75428],[-96.61033,40.75396],[-96.61034,40.75264],[-96.61036,40.75131],[-96.60837,40.75131],[-96.60637,40.7513],[-96.60473,40.75137],[-96.60313,40.75144],[-96.6012,40.75152],[-96.60108,40.7499],[-96.60096,40.74828],[-96.59881,40.74819],[-96.59668,40.7481],[-96.59665,40.74646],[-96.59662,40.74482],[-96.5966,40.74318],[-96.59659,40.74154],[-96.59655,40.74035],[-96.59492,40.74035],[-96.59549,40.73881],[-96.59611,40.73727],[-96.59651,40.73625],[-96.59564,40.73502],[-96.59474,40.73379],[-96.59484,40.73196],[-96.59487,40.73042],[-96.59491,40.73013],[-96.59688,40.7301],[-96.59864,40.73008],[-96.59935,40.73007],[-96.59934,40.72969],[-96.59945,40.72964]]}},{"type":"Feature","properties":{"id":"112445","type":"AC; OVERHEAD","status":"IN SERVICE","owner":"LINCOLN ELECTRIC SYSTEM","voltage":115,"voltClass":"100-161"},"geometry":{"type":"LineString","coordinates":[[-96.69293,40.768],[-96.69282,40.76792],[-96.69282,40.76765],[-96.69256,40.76749],[-96.69211,40.76726],[-96.69172,40.76701],[-96.68817,40.7666],[-96.68442,40.76617],[-96.68106,40.76579],[-96.67765,40.7654],[-96.67476,40.76507],[-96.67148,40.7647],[-96.66861,40.76437],[-96.66529,40.76333],[-96.66415,40.76298],[-96.66224,40.76238],[-96.65959,40.76155],[-96.65699,40.76074],[-96.65442,40.75994],[-96.65162,40.75906],[-96.64895,40.75823],[-96.64672,40.75982],[-96.64449,40.76141],[-96.64251,40.76283],[-96.6404,40.76433],[-96.63827,40.76585],[-96.63565,40.76772],[-96.63309,40.76955],[-96.63304,40.76959],[-96.63059,40.77133],[-96.62842,40.77288],[-96.62609,40.77453],[-96.62606,40.77446],[-96.62578,40.77441]]}},{"type":"Feature","properties":{"id":"124678","type":"AC; OVERHEAD","status":"IN SERVICE","owner":"LINCOLN ELECTRIC SYSTEM","voltage":115,"voltClass":"100-161"},"geometry":{"type":"LineString","coordinates":[[-96.60655,40.83478],[-96.60547,40.83487],[-96.60544,40.83464],[-96.60363,40.83331],[-96.60177,40.83195],[-96.59915,40.83004],[-96.59654,40.82813],[-96.59655,40.82588],[-96.59655,40.82322],[-96.59657,40.82048],[-96.59656,40.81807],[-96.59659,40.81519],[-96.59658,40.8145],[-96.59582,40.8144]]}},{"type":"Feature","properties":{"id":"125825","type":"AC; OVERHEAD","status":"IN SERVICE","owner":"LINCOLN ELECTRIC SYSTEM","voltage":115,"voltClass":"100-161"},"geometry":{"type":"LineString","coordinates":[[-96.60655,40.83478],[-96.60547,40.83459],[-96.60365,40.83327],[-96.6018,40.83191],[-96.59918,40.83],[-96.59659,40.82811],[-96.5966,40.82588],[-96.5966,40.82322],[-96.59662,40.82048],[-96.59661,40.81807],[-96.59664,40.81519],[-96.59668,40.81445],[-96.59668,40.81307],[-96.5967,40.8111],[-96.59671,40.8081],[-96.59671,40.80565],[-96.59672,40.80291],[-96.59673,40.80101],[-96.59673,40.7984],[-96.59685,40.79846],[-96.59709,40.79846],[-96.59709,40.79832]]}},{"type":"Feature","properties":{"id":"111635","type":"AC; OVERHEAD","status":"IN SERVICE","owner":"OMAHA PUBLIC POWER DISTRICT","voltage":115,"voltClass":"100-161"},"geometry":{"type":"LineString","coordinates":[[-96.78623,40.55954],[-96.78716,40.55952],[-96.78785,40.5595],[-96.78785,40.55932],[-96.78785,40.55912],[-96.78784,40.55715],[-96.78783,40.55528],[-96.78781,40.55342],[-96.78591,40.55282],[-96.78438,40.55235],[-96.78242,40.55174],[-96.7799,40.55094],[-96.77785,40.55031],[-96.77494,40.5494],[-96.77162,40.54836],[-96.76943,40.54769],[-96.76504,40.54631],[-96.76192,40.54535],[-96.76056,40.5449],[-96.75739,40.54492],[-96.75441,40.54492],[-96.75161,40.54492],[-96.74866,40.54492],[-96.74643,40.54493],[-96.74436,40.54493],[-96.74091,40.54493],[-96.73857,40.54493],[-96.736,40.54493],[-96.73326,40.54493],[-96.73001,40.54494],[-96.72725,40.54494],[-96.72493,40.54493],[-96.72265,40.54494],[-96.7199,40.54494],[-96.71732,40.54494],[-96.71466,40.54494],[-96.71081,40.54494],[-96.70851,40.54495],[-96.70477,40.54494],[-96.70237,40.54495],[-96.69906,40.54495],[-96.69706,40.54495],[-96.69497,40.54494],[-96.69256,40.54496],[-96.68927,40.545],[-96.68734,40.54501],[-96.68529,40.54503],[-96.68193,40.54505],[-96.67927,40.54505],[-96.67643,40.54506],[-96.67322,40.54507],[-96.6706,40.54507],[-96.66714,40.54508],[-96.66441,40.54509],[-96.66223,40.5451],[-96.65982,40.54509],[-96.6572,40.54509],[-96.65381,40.54509],[-96.65056,40.54509],[-96.64781,40.5451],[-96.64541,40.54512],[-96.6425,40.54515],[-96.63979,40.54517],[-96.63617,40.5452],[-96.63391,40.54521],[-96.63083,40.54522],[-96.62884,40.54523],[-96.62666,40.54525],[-96.62374,40.54526],[-96.62169,40.54527],[-96.61971,40.54528],[-96.61624,40.5453],[-96.6141,40.5453],[-96.61208,40.54531],[-96.60994,40.54532],[-96.60696,40.54534],[-96.60381,40.54535],[-96.60021,40.54537],[-96.5976,40.54538],[-96.59559,40.54539],[-96.59262,40.5454],[-96.59103,40.54541],[-96.58926,40.54543],[-96.5853,40.54547],[-96.58224,40.5455],[-96.57934,40.54553],[-96.57703,40.54555],[-96.57467,40.54558],[-96.57191,40.5456],[-96.56883,40.54554],[-96.56602,40.54549],[-96.56364,40.54545],[-96.56173,40.54541],[-96.55909,40.54536],[-96.55845,40.54535],[-96.55832,40.54535]]}},{"type":"Feature","properties":{"id":"100081","type":"AC; OVERHEAD","status":"IN SERVICE","owner":"LINCOLN ELECTRIC SYSTEM","voltage":115,"voltClass":"100-161"},"geometry":{"type":"LineString","coordinates":[[-96.59945,40.72964],[-96.59959,40.7297],[-96.59961,40.73007],[-96.60037,40.73006],[-96.60156,40.7306],[-96.60274,40.73114],[-96.60414,40.73115],[-96.60553,40.73115],[-96.60581,40.73114],[-96.60626,40.73055],[-96.60664,40.73051],[-96.60892,40.73037],[-96.61121,40.73024],[-96.61367,40.73066],[-96.61572,40.73099],[-96.61772,40.73089],[-96.61986,40.73077],[-96.6219,40.73022],[-96.62434,40.73016],[-96.62642,40.73126],[-96.62764,40.73237],[-96.62887,40.73348],[-96.63074,40.73347],[-96.63261,40.73348],[-96.63452,40.73348],[-96.63642,40.73348],[-96.63831,40.73349],[-96.64066,40.73349],[-96.64226,40.73349],[-96.64389,40.73349],[-96.64456,40.73467],[-96.64455,40.73628],[-96.64527,40.73628],[-96.64535,40.73618]]}},{"type":"Feature","properties":{"id":"117881","type":"AC; OVERHEAD","status":"IN SERVICE","owner":"OMAHA PUBLIC POWER DISTRICT","voltage":161,"voltClass":"100-161"},"geometry":{"type":"LineString","coordinates":[[-96.25243,41.12553],[-96.25299,41.12523],[-96.3126,41.12521],[-96.31991,41.12524],[-96.32721,41.12528],[-96.33356,41.12535],[-96.3361,41.12529],[-96.33758,41.12412],[-96.33912,41.12293],[-96.34065,41.12183],[-96.34243,41.12052],[-96.34426,41.11917],[-96.346,41.11786],[-96.34841,41.11611],[-96.35031,41.1147],[-96.3523,41.11324],[-96.35449,41.11164],[-96.35642,41.11021],[-96.35867,41.1086],[-96.36038,41.10733],[-96.36228,41.10593],[-96.36421,41.10451],[-96.36619,41.10304],[-96.36826,41.10152],[-96.37015,41.10015],[-96.37195,41.09885],[-96.37348,41.09771],[-96.3751,41.09652],[-96.37733,41.09486],[-96.37744,41.09479],[-96.37908,41.09358],[-96.38123,41.09201],[-96.38311,41.09071],[-96.38492,41.08941]]}},{"type":"Feature","properties":{"id":"128575","type":"AC; OVERHEAD","status":"IN SERVICE","owner":null,"voltage":161,"voltClass":"100-161"},"geometry":{"type":"LineString","coordinates":[[-96.38492,41.08941],[-96.41602,41.06616],[-96.42221,41.06176],[-96.43231,41.05449],[-96.44285,41.0459],[-96.44475,41.04434],[-96.44705,41.04249],[-96.4488,41.04105],[-96.45094,41.03929],[-96.45275,41.03782],[-96.45434,41.0365],[-96.45665,41.03464],[-96.45791,41.03363],[-96.46025,41.03172],[-96.46186,41.0304],[-96.46374,41.02886],[-96.46515,41.0277],[-96.46653,41.02656],[-96.46824,41.02517],[-96.46964,41.02403],[-96.47131,41.02271],[-96.47299,41.0213],[-96.47521,41.0195],[-96.47685,41.01817],[-96.47857,41.01675],[-96.47996,41.01563],[-96.48219,41.0138],[-96.48356,41.01268],[-96.48614,41.01056],[-96.48751,41.00944],[-96.48978,41.00762],[-96.49168,41.00605],[-96.49337,41.00465],[-96.49529,41.00325],[-96.49717,41.00187],[-96.49886,41.00062],[-96.50059,40.99934],[-96.50266,40.99779],[-96.5047,40.99626],[-96.50613,40.99518],[-96.50865,40.99332],[-96.51027,40.99214],[-96.51219,40.99071],[-96.51384,40.98948],[-96.5158,40.98807],[-96.51755,40.98678],[-96.51945,40.98532],[-96.52161,40.98378],[-96.52323,40.98254],[-96.52465,40.98148],[-96.52678,40.9799],[-96.52874,40.97846],[-96.53066,40.97704],[-96.53289,40.9754],[-96.53417,40.97444],[-96.53598,40.97309],[-96.53729,40.97211],[-96.53964,40.97038],[-96.54121,40.96921],[-96.54345,40.96754],[-96.54489,40.96644],[-96.54666,40.96514],[-96.54879,40.96358],[-96.5508,40.96208],[-96.55274,40.96065],[-96.55466,40.95926],[-96.55644,40.9579],[-96.5588,40.95612],[-96.56044,40.95495],[-96.56183,40.95391],[-96.56335,40.95279],[-96.56528,40.95137],[-96.56749,40.9497],[-96.56941,40.94828],[-96.57091,40.94717],[-96.57334,40.94539],[-96.57504,40.94412],[-96.57723,40.94248],[-96.57917,40.94104],[-96.58117,40.9395],[-96.58307,40.93805],[-96.5849,40.93674],[-96.58678,40.9354],[-96.58875,40.93391],[-96.59017,40.93286],[-96.59241,40.93117],[-96.59424,40.9298],[-96.59528,40.92902],[-96.59693,40.92776],[-96.59859,40.92649],[-96.6005,40.92507],[-96.60242,40.92359],[-96.60397,40.92239],[-96.60649,40.92047],[-96.60805,40.91928],[-96.60983,40.91793],[-96.61197,40.91629],[-96.61446,40.91442],[-96.61455,40.91435],[-96.61564,40.91353],[-96.61708,40.91243],[-96.61948,40.91056],[-96.62111,40.90928],[-96.62322,40.90764],[-96.62367,40.90695]]}},{"type":"Feature","properties":{"id":"131691","type":"AC; OVERHEAD","status":"IN SERVICE","owner":"OMAHA PUBLIC POWER DISTRICT","voltage":161,"voltClass":"100-161"},"geometry":{"type":"LineString","coordinates":[[-96.19891,41.12565],[-96.19744,41.12591],[-96.19636,41.12624],[-96.19647,41.13226],[-96.19624,41.13375],[-96.1964,41.15195],[-96.19669,41.15427],[-96.19683,41.16993],[-96.19771,41.17021],[-96.1987,41.17021]]}},{"type":"Feature","properties":{"id":"140750","type":"AC; OVERHEAD","status":"IN SERVICE","owner":"OMAHA PUBLIC POWER DISTRICT","voltage":161,"voltClass":"100-161"},"geometry":{"type":"LineString","coordinates":[[-96.19512,41.20438],[-96.19525,41.20432],[-96.19628,41.20431],[-96.19635,41.20286],[-96.19638,41.20146],[-96.1964,41.20003],[-96.19641,41.19858],[-96.19676,41.19718],[-96.19678,41.1956],[-96.1968,41.1941],[-96.19682,41.19237],[-96.19683,41.19089],[-96.19685,41.18949],[-96.19683,41.18788],[-96.19685,41.18629],[-96.19683,41.18473],[-96.19685,41.18337],[-96.19684,41.18165],[-96.19683,41.1799],[-96.19683,41.17811],[-96.19683,41.17639],[-96.19686,41.17463],[-96.19684,41.17285],[-96.19683,41.17129],[-96.19771,41.17092],[-96.19855,41.17093],[-96.19855,41.17058],[-96.1987,41.17021]]}},{"type":"Feature","properties":{"id":"140903","type":"AC; OVERHEAD","status":"IN SERVICE","owner":"OMAHA PUBLIC POWER DISTRICT","voltage":161,"voltClass":"100-161"},"geometry":{"type":"LineString","coordinates":[[-96.25462,41.20387],[-96.25373,41.20375],[-96.25339,41.20502],[-96.25144,41.205],[-96.24943,41.20501],[-96.24689,41.20501],[-96.24429,41.20499],[-96.24194,41.20499],[-96.24003,41.205],[-96.23791,41.205],[-96.23516,41.20512],[-96.23282,41.20515],[-96.23034,41.20499],[-96.22751,41.20501],[-96.2258,41.20504],[-96.22336,41.20507],[-96.2208,41.20509],[-96.21846,41.20511],[-96.21645,41.20513],[-96.21388,41.20515],[-96.2113,41.20516],[-96.21044,41.20517],[-96.20927,41.20517],[-96.20669,41.20519],[-96.20453,41.2052],[-96.20195,41.2053],[-96.19973,41.20532],[-96.19739,41.20534],[-96.19507,41.20504],[-96.19512,41.20438]]}},{"type":"Feature","properties":{"id":"146622","type":"AC; OVERHEAD","status":"IN SERVICE","owner":"OMAHA PUBLIC POWER DISTRICT","voltage":161,"voltClass":"100-161"},"geometry":{"type":"LineString","coordinates":[[-96.19891,41.12565],[-96.19972,41.12538],[-96.20224,41.12538],[-96.20485,41.12537],[-96.20794,41.12537],[-96.20978,41.12535],[-96.21332,41.12534],[-96.21555,41.12535],[-96.21772,41.12533],[-96.22045,41.12531],[-96.22298,41.12531],[-96.22538,41.1253],[-96.22828,41.12528],[-96.23059,41.12527],[-96.23403,41.12526],[-96.23637,41.12526],[-96.2381,41.12525],[-96.24162,41.12524],[-96.24389,41.12523],[-96.24722,41.12521],[-96.24951,41.12521],[-96.25183,41.12524],[-96.25243,41.12553]]}},{"type":"Feature","properties":{"id":"149628","type":"AC; OVERHEAD","status":"IN SERVICE","owner":"OMAHA PUBLIC POWER DISTRICT","voltage":161,"voltClass":"100-161"},"geometry":{"type":"LineString","coordinates":[[-96.14078,41.12606],[-96.14116,41.12547],[-96.14298,41.12544],[-96.14525,41.12546],[-96.14795,41.12548],[-96.15095,41.12548],[-96.1533,41.12548],[-96.15675,41.12547],[-96.15909,41.12547],[-96.16211,41.12547],[-96.16407,41.12547],[-96.1657,41.12546],[-96.16878,41.12545],[-96.17147,41.12545],[-96.17404,41.12543],[-96.1769,41.12543],[-96.17907,41.12543],[-96.18263,41.12543],[-96.18465,41.12543],[-96.18755,41.12542],[-96.18982,41.12543],[-96.19189,41.12543],[-96.19333,41.12541],[-96.19507,41.1254],[-96.19825,41.12544],[-96.19891,41.12565]]}},{"type":"Feature","properties":{"id":"122830","type":"AC; OVERHEAD","status":"IN SERVICE","owner":null,"voltage":161,"voltClass":"100-161"},"geometry":{"type":"LineString","coordinates":[[-95.86697,41.22543],[-95.86723,41.22561],[-95.86887,41.22596],[-95.86888,41.22636],[-95.86823,41.22721],[-95.86757,41.22804],[-95.86689,41.22889],[-95.86624,41.22975],[-95.86623,41.23074],[-95.86623,41.23174],[-95.86623,41.2327],[-95.8662,41.23363],[-95.86619,41.23463],[-95.86619,41.23557],[-95.86617,41.23655],[-95.86617,41.2375],[-95.86616,41.23847],[-95.86619,41.23947],[-95.86616,41.24049],[-95.86624,41.24141],[-95.8661,41.24221],[-95.86599,41.24301],[-95.866,41.24396],[-95.86597,41.24487],[-95.86597,41.24574],[-95.86594,41.24662],[-95.86595,41.24761],[-95.86595,41.24859],[-95.86597,41.24957],[-95.86501,41.25048],[-95.86498,41.25148],[-95.86499,41.25246],[-95.86497,41.25337],[-95.86593,41.25353],[-95.86693,41.25355],[-95.86791,41.25354],[-95.86789,41.25366],[-95.86803,41.25393]]}},{"type":"Feature","properties":{"id":"147788","type":"AC; OVERHEAD","status":"IN SERVICE","owner":null,"voltage":161,"voltClass":"100-161"},"geometry":{"type":"LineString","coordinates":[[-95.86803,41.25393],[-95.86788,41.25419],[-95.86788,41.25442],[-95.86679,41.25444],[-95.8659,41.25444],[-95.86495,41.2543],[-95.86494,41.25443],[-95.86495,41.25521],[-95.86494,41.25612],[-95.86495,41.25718],[-95.86397,41.25785],[-95.8632,41.25839],[-95.86319,41.25935],[-95.86317,41.26035],[-95.86317,41.26135],[-95.86317,41.2623],[-95.86317,41.26301],[-95.86315,41.26374],[-95.86314,41.26454],[-95.86314,41.26538],[-95.86313,41.26624],[-95.86313,41.26718],[-95.86312,41.26813],[-95.86311,41.26893],[-95.86309,41.26989],[-95.8631,41.2708],[-95.8631,41.27176],[-95.86345,41.27246],[-95.8638,41.27316],[-95.86412,41.27389],[-95.86508,41.27385],[-95.86505,41.27452],[-95.86503,41.27512],[-95.86504,41.2758],[-95.86502,41.27652],[-95.86483,41.27763],[-95.86521,41.27787]]}},{"type":"Feature","properties":{"id":"140561","type":"AC; OVERHEAD","status":"IN SERVICE","owner":"OMAHA PUBLIC POWER DISTRICT","voltage":161,"voltClass":"100-161"},"geometry":{"type":"LineString","coordinates":[[-96.08104,41.51873],[-96.08077,41.5177],[-96.08154,41.51678],[-96.08506,41.51674],[-96.08742,41.51666],[-96.09063,41.51659],[-96.09483,41.51623],[-96.09865,41.51606],[-96.10537,41.51612],[-96.10931,41.51612],[-96.11107,41.5161],[-96.11388,41.51609],[-96.11763,41.51608],[-96.12067,41.51615],[-96.12417,41.51616],[-96.13717,41.5162],[-96.1508,41.52141],[-96.15956,41.52477],[-96.16979,41.52864],[-96.17009,41.52875],[-96.17291,41.52978],[-96.18222,41.53348],[-96.18565,41.5348],[-96.18828,41.53604],[-96.19249,41.53811],[-96.19406,41.53884],[-96.19857,41.54096],[-96.20328,41.54331],[-96.20389,41.54475]]}},{"type":"Feature","properties":{"id":"126982","type":"AC; OVERHEAD","status":"IN SERVICE","owner":"OMAHA PUBLIC POWER DISTRICT","voltage":161,"voltClass":"100-161"},"geometry":{"type":"LineString","coordinates":[[-96.20389,41.54475],[-96.20381,41.54333],[-96.20388,41.5381],[-96.20376,41.52364],[-96.20369,41.51619],[-96.20362,41.50911],[-96.20359,41.50469],[-96.20048,41.50002],[-96.19516,41.49252],[-96.19418,41.49113],[-96.1917,41.48763],[-96.18606,41.48015],[-96.18437,41.47781],[-96.1781,41.46908],[-96.17159,41.45855],[-96.15028,41.43087],[-96.14616,41.42577],[-96.14647,41.39328],[-96.14427,41.37558],[-96.14544,41.36637],[-96.14567,41.36448],[-96.14586,41.36289],[-96.14606,41.36127],[-96.14625,41.35966],[-96.14643,41.35805],[-96.14664,41.35637],[-96.14688,41.35469],[-96.14537,41.35305],[-96.14396,41.35146],[-96.14253,41.34986],[-96.14098,41.34812],[-96.1394,41.34637],[-96.13802,41.34482],[-96.13633,41.34294],[-96.13469,41.34108],[-96.13304,41.33924],[-96.13221,41.33835],[-96.13202,41.33704],[-96.13187,41.33573],[-96.13297,41.33539],[-96.13281,41.33429]]}},{"type":"Feature","properties":{"id":"111136","type":"AC; OVERHEAD","status":"IN SERVICE","owner":"BURT COUNTY PUBLIC POWER DIST","voltage":115,"voltClass":"100-161"},"geometry":{"type":"LineString","coordinates":[[-96.55975,42.00567],[-96.55982,42.0059],[-96.55989,42.00616],[-96.5605,42.00819],[-96.56111,42.01024],[-96.5616,42.0119],[-96.56234,42.01437],[-96.56289,42.01632],[-96.56374,42.01755],[-96.56485,42.01922],[-96.56611,42.02112],[-96.56739,42.02304],[-96.56861,42.02486],[-96.56981,42.02668],[-96.57095,42.0284],[-96.57213,42.03018],[-96.57336,42.03202],[-96.57456,42.03382],[-96.57584,42.03575],[-96.57698,42.03747],[-96.57817,42.03927],[-96.57948,42.04123],[-96.58074,42.04312],[-96.58196,42.04497],[-96.58325,42.0469],[-96.58455,42.04886],[-96.58572,42.05062],[-96.58699,42.05254],[-96.58825,42.05443],[-96.58951,42.05632],[-96.59071,42.05812],[-96.59195,42.05999],[-96.59256,42.0609],[-96.59339,42.06262],[-96.59454,42.06499],[-96.59556,42.0671],[-96.59653,42.06911],[-96.59753,42.07119],[-96.59854,42.07328],[-96.59941,42.07507],[-96.60054,42.07739],[-96.6013,42.07894],[-96.60238,42.08117],[-96.60316,42.08277],[-96.60412,42.08473],[-96.60498,42.0865],[-96.60645,42.08951],[-96.60721,42.09105],[-96.60772,42.09211],[-96.60818,42.09306],[-96.60915,42.09505],[-96.61022,42.09723],[-96.61163,42.1001],[-96.61231,42.10151],[-96.6133,42.10354],[-96.61394,42.10485],[-96.615,42.10704],[-96.6159,42.10886],[-96.61683,42.11079],[-96.61743,42.11203],[-96.61848,42.11415],[-96.61916,42.11554],[-96.6204,42.11812],[-96.62104,42.11942],[-96.62208,42.12151],[-96.623,42.12341],[-96.62426,42.12599],[-96.62505,42.12764],[-96.62612,42.12978],[-96.62721,42.13205],[-96.62824,42.13415],[-96.62908,42.13585],[-96.62996,42.13765],[-96.63094,42.13969],[-96.63179,42.14142],[-96.63281,42.14351],[-96.63416,42.14628],[-96.63505,42.14806],[-96.63579,42.14958],[-96.63681,42.15167],[-96.63788,42.15387],[-96.63885,42.15584],[-96.6399,42.15798],[-96.64082,42.15988],[-96.64169,42.16168],[-96.64253,42.16336],[-96.64325,42.16485],[-96.64391,42.16618],[-96.64504,42.1685],[-96.6465,42.17151],[-96.64784,42.17423],[-96.64853,42.17566],[-96.64917,42.17694],[-96.64996,42.17933],[-96.65054,42.18107],[-96.65142,42.1837],[-96.6517,42.18456],[-96.65216,42.18593],[-96.65306,42.18862],[-96.65385,42.19097],[-96.65432,42.19242],[-96.65525,42.19519],[-96.65601,42.19746],[-96.65673,42.19963],[-96.65725,42.20115],[-96.65826,42.20416],[-96.65895,42.20624],[-96.66006,42.20957],[-96.66072,42.2115],[-96.66135,42.2134],[-96.66206,42.21554],[-96.66304,42.21844],[-96.66381,42.22073],[-96.66445,42.22265],[-96.66529,42.22516],[-96.66592,42.22703],[-96.66654,42.22887],[-96.66761,42.23207],[-96.66813,42.2336],[-96.66913,42.23659],[-96.66982,42.23865],[-96.67052,42.24071],[-96.67122,42.24283],[-96.67197,42.24506],[-96.67266,42.24709],[-96.6733,42.24899],[-96.67391,42.2508],[-96.67466,42.25306],[-96.67535,42.2551],[-96.676,42.25703],[-96.67652,42.25858],[-96.67717,42.26053],[-96.67771,42.26214],[-96.67842,42.26425],[-96.67914,42.26637],[-96.68012,42.26931],[-96.68073,42.27113],[-96.68152,42.27347],[-96.6822,42.27553],[-96.68295,42.27775],[-96.68365,42.27981],[-96.68443,42.28212],[-96.68497,42.28375],[-96.68574,42.28601],[-96.68589,42.28602],[-96.68627,42.28597]]}},{"type":"Feature","properties":{"id":"117433","type":"AC; OVERHEAD","status":"IN SERVICE","owner":"NEBRASKA PUBLIC POWER DISTRICT","voltage":115,"voltClass":"100-161"},"geometry":{"type":"LineString","coordinates":[[-96.68627,42.28597],[-96.68604,42.28617],[-96.68603,42.28629],[-96.68391,42.28717],[-96.6821,42.28793],[-96.67985,42.28887],[-96.67756,42.28984],[-96.67568,42.29062],[-96.67383,42.292],[-96.672,42.29333],[-96.67013,42.2947],[-96.66862,42.2958],[-96.6663,42.2975],[-96.66391,42.29923],[-96.66157,42.30096],[-96.65914,42.30272],[-96.65667,42.30456],[-96.65422,42.30634],[-96.65228,42.30774],[-96.65057,42.30901],[-96.64883,42.31028],[-96.64691,42.31168],[-96.64499,42.31308],[-96.64182,42.3154],[-96.63928,42.31726],[-96.63683,42.31904],[-96.63519,42.32025],[-96.63332,42.32159],[-96.63138,42.32304],[-96.62932,42.32453],[-96.62764,42.32577],[-96.62591,42.32702],[-96.62289,42.32924],[-96.62116,42.33051],[-96.61794,42.33285],[-96.61644,42.33396],[-96.61546,42.33468],[-96.61277,42.33663],[-96.61036,42.3384],[-96.60835,42.33987],[-96.60677,42.34102],[-96.60454,42.34264],[-96.60232,42.34427],[-96.60101,42.34522],[-96.59788,42.34751],[-96.59682,42.34828],[-96.59366,42.35059],[-96.59292,42.35115],[-96.59105,42.35251],[-96.58892,42.35405],[-96.58685,42.35553],[-96.585,42.35692],[-96.58321,42.35823],[-96.58048,42.36021],[-96.57772,42.36222],[-96.57582,42.3636],[-96.57447,42.36458],[-96.57184,42.3665],[-96.56982,42.36798],[-96.56779,42.36945],[-96.56575,42.37094],[-96.56424,42.37205],[-96.56205,42.37364],[-96.55942,42.37555],[-96.55739,42.37704],[-96.55569,42.3783],[-96.55405,42.37914],[-96.55134,42.38057],[-96.54968,42.38144],[-96.54738,42.38264],[-96.54534,42.38372],[-96.54298,42.38496],[-96.5417,42.38562],[-96.53892,42.3871],[-96.53643,42.38839],[-96.53406,42.38964],[-96.53158,42.39094],[-96.52896,42.39231],[-96.52639,42.39365],[-96.52408,42.39487],[-96.5218,42.39606],[-96.51955,42.39725],[-96.51716,42.39851],[-96.51438,42.39997],[-96.51221,42.40108],[-96.51041,42.40279],[-96.50851,42.40457],[-96.50648,42.40646],[-96.5045,42.4083],[-96.50331,42.40952],[-96.50334,42.41088],[-96.50335,42.41319],[-96.50337,42.41534],[-96.5036,42.41685]]}},{"type":"Feature","properties":{"id":"120889","type":"AC; OVERHEAD","status":"IN SERVICE","owner":"OMAHA PUBLIC POWER DISTRICT","voltage":115,"voltClass":"100-161"},"geometry":{"type":"LineString","coordinates":[[-96.55832,40.54535],[-96.55791,40.54534],[-96.55748,40.54535],[-96.55586,40.54534],[-96.55259,40.54531],[-96.55023,40.54529],[-96.54727,40.54526],[-96.5449,40.54524],[-96.54269,40.54523],[-96.54002,40.54521],[-96.5366,40.54518],[-96.53449,40.54516],[-96.53172,40.54515],[-96.52965,40.54513],[-96.52532,40.5451],[-96.52323,40.54509],[-96.5211,40.54507],[-96.51787,40.54505],[-96.51556,40.54504],[-96.51232,40.54501],[-96.50988,40.545],[-96.5097,40.545],[-96.507,40.54498],[-96.50359,40.54496],[-96.5011,40.54493],[-96.49909,40.54492],[-96.49588,40.5449],[-96.49298,40.54488],[-96.49022,40.54486],[-96.48618,40.54483],[-96.48277,40.54481],[-96.4804,40.54479],[-96.47765,40.54477],[-96.47394,40.54475],[-96.47164,40.54473],[-96.46824,40.5447],[-96.46592,40.54469],[-96.46224,40.54466],[-96.45903,40.54463],[-96.45623,40.54461],[-96.45204,40.54458],[-96.44783,40.54455],[-96.44459,40.54452],[-96.44223,40.54456],[-96.44057,40.5446],[-96.43708,40.54466],[-96.43515,40.54469],[-96.43207,40.54474],[-96.42925,40.54477],[-96.42592,40.54482],[-96.42331,40.54481],[-96.42109,40.54481],[-96.41838,40.54481],[-96.41481,40.5448],[-96.41302,40.54481],[-96.41067,40.5448],[-96.40783,40.5448],[-96.40335,40.54479],[-96.39968,40.54479],[-96.3971,40.5448],[-96.39526,40.54364],[-96.39337,40.54249],[-96.39091,40.54098],[-96.38925,40.53998],[-96.38695,40.53854],[-96.3869,40.53824],[-96.38697,40.53792]]}},{"type":"Feature","properties":{"id":"109931","type":"AC; OVERHEAD","status":"IN SERVICE","owner":null,"voltage":115,"voltClass":"100-161"},"geometry":{"type":"LineString","coordinates":[[-96.55832,40.54535],[-96.55831,40.54557],[-96.5583,40.54572]]}},{"type":"Feature","properties":{"id":"165897","type":"AC; OVERHEAD","status":"IN SERVICE","owner":"MIDAMERICAN ENERGY CO","voltage":115,"voltClass":"100-161"},"geometry":{"type":"LineString","coordinates":[[-91.60468,42.02321],[-91.60487,42.02296],[-91.60423,42.02246],[-91.60426,42.01869],[-91.59902,42.01874],[-91.59899,42.01504],[-91.59189,42.01474],[-91.58977,42.01464],[-91.58685,42.0147],[-91.58407,42.01467],[-91.57544,42.01456],[-91.57138,42.01451],[-91.56941,42.01449],[-91.56682,42.01183],[-91.56298,42.00801],[-91.56143,42.00658],[-91.56338,42.00336],[-91.56334,41.99935],[-91.56336,41.99365],[-91.56422,41.99237],[-91.56477,41.99067],[-91.56479,41.9887],[-91.56488,41.985],[-91.56488,41.9807],[-91.56489,41.97667],[-91.56492,41.97104],[-91.56491,41.96893],[-91.56536,41.96699],[-91.56587,41.96497],[-91.56959,41.96515],[-91.57949,41.9656],[-91.58305,41.96574],[-91.59137,41.96048],[-91.59973,41.95514],[-91.60588,41.95125],[-91.60885,41.94936],[-91.61249,41.94883],[-91.62344,41.9472],[-91.63279,41.94584],[-91.63696,41.94539],[-91.63881,41.94517],[-91.6398,41.94502],[-91.63973,41.94483],[-91.63895,41.94474]]}},{"type":"Feature","properties":{"id":"166194","type":"AC; OVERHEAD","status":"IN SERVICE","owner":"WAVERLY MUNICIPAL ELEC UTILITY","voltage":161,"voltClass":"100-161"},"geometry":{"type":"LineString","coordinates":[[-91.10002,41.29918],[-91.1021,41.29772],[-91.1039,41.29636],[-91.10578,41.29494],[-91.10749,41.29367],[-91.10927,41.29238],[-91.11129,41.29096],[-91.11339,41.28956],[-91.11528,41.28817],[-91.1172,41.28695],[-91.11931,41.28549],[-91.1196,41.28338],[-91.11967,41.28164],[-91.1198,41.27992],[-91.11982,41.27814],[-91.11986,41.27639],[-91.12,41.27458],[-91.12015,41.27276],[-91.12137,41.27137],[-91.1225,41.26965],[-91.1236,41.26772],[-91.12465,41.266],[-91.12583,41.26428],[-91.12685,41.26259],[-91.12796,41.26096],[-91.12876,41.25967],[-91.13001,41.25772],[-91.13116,41.25595],[-91.13225,41.25421],[-91.13341,41.25245],[-91.13461,41.25055],[-91.13587,41.24861],[-91.13716,41.24663],[-91.13826,41.24491],[-91.13937,41.24317],[-91.14047,41.24146],[-91.14151,41.23942],[-91.14241,41.23762],[-91.14332,41.23585],[-91.14414,41.23421],[-91.14503,41.23242],[-91.14587,41.23074],[-91.1467,41.22905],[-91.1475,41.22749],[-91.14863,41.22546],[-91.14871,41.22368],[-91.14876,41.22185],[-91.14877,41.2201],[-91.14875,41.21834],[-91.14877,41.21627],[-91.1488,41.2147],[-91.14881,41.21312],[-91.14875,41.21085],[-91.14876,41.20872],[-91.14878,41.20662],[-91.14899,41.20408],[-91.15235,41.1996],[-91.15339,41.19821],[-91.15528,41.19572],[-91.15591,41.19487],[-91.16041,41.1889],[-91.1651,41.18271],[-91.16515,41.17564],[-91.16676,41.17249],[-91.16704,41.17194],[-91.16773,41.1706],[-91.1704,41.16548],[-91.18069,41.14614],[-91.18081,41.14579],[-91.18141,41.14561]]}},{"type":"Feature","properties":{"id":"165592","type":"AC; OVERHEAD","status":"IN SERVICE","owner":"MIDAMERICAN ENERGY CO","voltage":161,"voltClass":"100-161"},"geometry":{"type":"LineString","coordinates":[[-93.49776,41.67497],[-93.49852,41.67558],[-93.49832,41.67655],[-93.49828,41.67844],[-93.49829,41.68424],[-93.49828,41.68835],[-93.49815,41.69558],[-93.49809,41.70512],[-93.49804,41.71763],[-93.49801,41.72768],[-93.49801,41.73713],[-93.49797,41.74612],[-93.49788,41.75703],[-93.49779,41.76424],[-93.49872,41.76804],[-93.49781,41.77143],[-93.49779,41.77647],[-93.49775,41.78784],[-93.49771,41.79679],[-93.49769,41.80135],[-93.50042,41.80485],[-93.50221,41.80712],[-93.5105,41.81353],[-93.52028,41.81938],[-93.52637,41.82249],[-93.536,41.82684],[-93.54096,41.82908],[-93.55061,41.83341],[-93.56089,41.83711],[-93.57012,41.8406],[-93.57031,41.84212],[-93.57034,41.8499],[-93.57059,41.86308],[-93.57053,41.87055],[-93.57038,41.87815],[-93.57177,41.87818],[-93.57275,41.87808],[-93.57379,41.87797],[-93.57942,41.87797],[-93.58035,41.87765],[-93.60485,41.87763],[-93.61011,41.87765],[-93.61015,41.88511],[-93.61021,41.88889],[-93.60984,41.88889],[-93.60933,41.88911]]}},{"type":"Feature","properties":{"id":"100950","type":"AC; OVERHEAD","status":"IN SERVICE","owner":"COMMONWEALTH EDISON CO","voltage":345,"voltClass":"345"},"geometry":{"type":"LineString","coordinates":[[-89.71062,41.7872],[-89.71118,41.78745],[-89.7119,41.78758],[-89.71343,41.787],[-89.71365,41.78577],[-89.71392,41.78471],[-89.71448,41.78327],[-89.71903,41.77629],[-89.71906,41.77349],[-89.71991,41.77218],[-89.71994,41.77103],[-89.71911,41.76985],[-89.7191,41.7585],[-89.72094,41.7585],[-89.72382,41.75849],[-89.72841,41.75844],[-89.73321,41.75834],[-89.73781,41.7582],[-89.74252,41.75804],[-89.74675,41.75788],[-89.75293,41.75796],[-89.75665,41.75794],[-89.77374,41.75789],[-89.77712,41.75932],[-89.78037,41.76067],[-89.78672,41.76333],[-89.79041,41.76324],[-89.79495,41.76324],[-89.79955,41.76319],[-89.80364,41.76319],[-89.80804,41.76313],[-89.813,41.76309],[-89.81769,41.76308],[-89.82257,41.76306],[-89.82737,41.76301],[-89.83216,41.763],[-89.83696,41.76293],[-89.84162,41.76294],[-89.84635,41.76295],[-89.85105,41.76284],[-89.8558,41.76285],[-89.86065,41.76297],[-89.86504,41.76278],[-89.86967,41.76281],[-89.87385,41.76285],[-89.87829,41.76285],[-89.88298,41.76286],[-89.88784,41.76288],[-89.89259,41.76289],[-89.89725,41.76269],[-89.9021,41.76253],[-89.90685,41.76237],[-89.91167,41.76221],[-89.91645,41.762],[-89.92116,41.76181],[-89.92594,41.76169],[-89.9301,41.76161],[-89.93454,41.76162],[-89.93865,41.7616],[-89.94247,41.76158],[-89.94679,41.76159],[-89.95104,41.7616],[-89.95481,41.76161],[-89.95961,41.76162],[-89.9644,41.76161],[-89.96906,41.76161],[-89.97288,41.76092],[-89.97702,41.76022],[-89.9807,41.75952],[-89.98524,41.75874],[-89.98958,41.758],[-89.99362,41.75739],[-89.99722,41.75626],[-90.00156,41.75502],[-90.006,41.75369],[-90.01039,41.75251],[-90.01474,41.75122],[-90.01882,41.75002],[-90.0227,41.75003],[-90.02706,41.75006],[-90.03132,41.75006],[-90.03558,41.75006],[-90.04034,41.75004],[-90.04516,41.75002],[-90.04945,41.75005],[-90.054,41.75009],[-90.05881,41.75008],[-90.06229,41.75],[-90.06781,41.75013],[-90.07226,41.75019],[-90.07659,41.7501],[-90.08131,41.75008],[-90.08604,41.75011],[-90.09069,41.75012],[-90.09482,41.7501],[-90.09946,41.75011],[-90.10428,41.75014],[-90.10834,41.75027],[-90.1132,41.75052],[-90.11799,41.75071],[-90.1228,41.75092],[-90.12557,41.75101],[-90.13143,41.75125],[-90.13635,41.75119],[-90.14101,41.75125],[-90.14546,41.75121],[-90.15016,41.75112],[-90.15459,41.75109],[-90.15944,41.75107],[-90.16405,41.75108],[-90.1685,41.75105],[-90.17231,41.75099],[-90.1761,41.75098],[-90.17919,41.74981],[-90.18286,41.74833],[-90.18681,41.74673],[-90.19028,41.74533],[-90.19427,41.74376],[-90.1985,41.74204],[-90.20282,41.7403],[-90.20702,41.73857],[-90.21123,41.7369],[-90.2154,41.73521],[-90.21967,41.73349],[-90.22372,41.7319],[-90.22792,41.73017],[-90.2327,41.73018],[-90.23618,41.73021],[-90.23722,41.73021],[-90.23946,41.7302],[-90.24234,41.73017],[-90.24693,41.73015],[-90.25171,41.73019],[-90.25612,41.73018],[-90.26105,41.73002],[-90.26611,41.72982],[-90.26639,41.72982],[-90.27068,41.72975],[-90.2712,41.72975],[-90.27555,41.72968],[-90.27972,41.72963],[-90.28484,41.72897],[-90.28942,41.72883],[-90.294,41.72868],[-90.29448,41.72866],[-90.29608,41.72862],[-90.29861,41.72855],[-90.30187,41.72844],[-90.30421,41.72795],[-90.306,41.72752],[-90.30627,41.72652]]}},{"type":"Feature","properties":{"id":"101337","type":"AC; OVERHEAD","status":"IN SERVICE","owner":"MIDAMERICAN ENERGY CO","voltage":115,"voltClass":"100-161"},"geometry":{"type":"LineString","coordinates":[[-91.67156,42.06199],[-91.67086,42.06235],[-91.67058,42.06235],[-91.66812,42.06235],[-91.66813,42.05874],[-91.6676,42.05663],[-91.66719,42.05502],[-91.66717,42.05146],[-91.66642,42.04807],[-91.66644,42.04644],[-91.66741,42.04232],[-91.66642,42.04218],[-91.66622,42.04064],[-91.66624,42.03862],[-91.6663,42.03501],[-91.66795,42.03485],[-91.67074,42.03486],[-91.67524,42.03493],[-91.67433,42.03272],[-91.6735,42.0306],[-91.67129,42.02716],[-91.66895,42.02358],[-91.66726,42.02097],[-91.66679,42.02025],[-91.66634,42.01952],[-91.66582,42.01825],[-91.66561,42.01716],[-91.66534,42.01557],[-91.66514,42.01332],[-91.6649,42.01112],[-91.66486,42.0106],[-91.66462,42.00753],[-91.66378,42.00754],[-91.66355,42.00743]]}},{"type":"Feature","properties":{"id":"100039","type":"AC; OVERHEAD","status":"IN SERVICE","owner":"MIDAMERICAN ENERGY CO","voltage":345,"voltClass":"345"},"geometry":{"type":"LineString","coordinates":[[-94.77501,41.17865],[-94.77442,41.17927],[-94.77438,41.17987],[-94.77293,41.17987],[-94.76803,41.17986],[-94.76316,41.17984],[-94.75944,41.17981],[-94.75573,41.17982],[-94.75236,41.17979],[-94.74794,41.17979],[-94.74347,41.17978],[-94.73834,41.17976],[-94.73358,41.17975],[-94.72898,41.17973],[-94.72308,41.17888],[-94.71934,41.17834],[-94.71592,41.17882],[-94.70999,41.17964],[-94.70756,41.17965],[-94.70329,41.17965],[-94.70056,41.17965],[-94.69722,41.17965],[-94.69109,41.17964],[-94.6883,41.17961],[-94.68548,41.17953],[-94.6801,41.17951],[-94.67437,41.17959],[-94.67107,41.17963],[-94.66687,41.1796],[-94.66357,41.17957],[-94.65938,41.17958],[-94.65677,41.17958],[-94.65215,41.17926],[-94.64811,41.17922],[-94.64499,41.17919],[-94.6413,41.17915],[-94.63775,41.17911],[-94.63298,41.17951],[-94.62875,41.17947],[-94.62355,41.17943],[-94.6188,41.17928],[-94.61423,41.17913],[-94.6092,41.17914],[-94.60483,41.17922],[-94.59965,41.17927],[-94.5949,41.17931],[-94.59034,41.17942],[-94.58561,41.17954],[-94.58076,41.17954],[-94.57573,41.17954],[-94.57141,41.17952],[-94.56609,41.17953],[-94.56304,41.17948],[-94.55676,41.17946],[-94.55224,41.17944],[-94.54702,41.17942],[-94.54236,41.17942],[-94.53753,41.17939],[-94.53273,41.17937],[-94.52872,41.17935],[-94.52252,41.17935],[-94.5195,41.17938],[-94.51419,41.17936],[-94.51104,41.17936],[-94.50519,41.17927],[-94.50099,41.17924],[-94.49741,41.17924],[-94.49263,41.17922],[-94.48737,41.17922],[-94.48416,41.17922],[-94.48007,41.17919],[-94.47576,41.17918],[-94.47068,41.17919],[-94.46803,41.17923],[-94.4622,41.17929],[-94.45958,41.17932],[-94.45641,41.17935],[-94.45169,41.17949],[-94.44688,41.17951],[-94.44584,41.1795],[-94.4433,41.1795],[-94.43877,41.17951],[-94.43403,41.1795],[-94.43048,41.17949],[-94.42643,41.17947],[-94.42108,41.17942],[-94.41681,41.17938],[-94.41286,41.17937],[-94.40924,41.17938],[-94.40729,41.17939],[-94.40686,41.17939],[-94.40066,41.1794],[-94.39656,41.17939],[-94.39292,41.17938],[-94.3905,41.17937],[-94.38575,41.17934],[-94.38062,41.17951],[-94.37596,41.17966],[-94.37097,41.17967],[-94.36653,41.17945],[-94.36174,41.17939],[-94.35678,41.17931],[-94.35286,41.17942],[-94.34717,41.17956],[-94.3426,41.17954],[-94.33766,41.1795],[-94.33292,41.17946],[-94.32756,41.17944],[-94.32291,41.17942],[-94.31804,41.17942],[-94.31383,41.17942],[-94.30996,41.17941],[-94.30758,41.1794],[-94.3028,41.17942],[-94.29881,41.17948],[-94.29441,41.17945],[-94.28935,41.17942],[-94.28517,41.1794],[-94.27913,41.17935],[-94.27506,41.17933],[-94.27031,41.17929],[-94.26551,41.17925],[-94.26092,41.17924],[-94.25464,41.17885],[-94.25121,41.1788],[-94.2479,41.17881],[-94.24171,41.17878],[-94.23679,41.17886],[-94.23363,41.1795],[-94.2293,41.18038],[-94.22396,41.18148],[-94.21966,41.18234],[-94.2159,41.18233],[-94.21327,41.18232],[-94.20941,41.18229],[-94.20647,41.18227],[-94.20601,41.18222],[-94.20368,41.18196],[-94.20122,41.18116],[-94.19774,41.17998],[-94.19436,41.17869],[-94.19036,41.17868],[-94.1864,41.17868],[-94.18248,41.17868],[-94.17859,41.17868],[-94.17409,41.17866],[-94.16956,41.17859],[-94.16588,41.17854],[-94.16175,41.17858],[-94.1564,41.17864],[-94.15174,41.17868],[-94.14713,41.17872],[-94.14265,41.17868],[-94.13732,41.17862],[-94.13243,41.17857],[-94.1278,41.17853],[-94.123,41.17854],[-94.11906,41.17855],[-94.1157,41.17858],[-94.1115,41.17857],[-94.10775,41.17856],[-94.10445,41.17855],[-94.09996,41.17853],[-94.09517,41.17852],[-94.09047,41.17851],[-94.08707,41.17851],[-94.08397,41.1785],[-94.07927,41.17846],[-94.07594,41.17843],[-94.07122,41.17844],[-94.06829,41.17842],[-94.0652,41.17841],[-94.06118,41.17839],[-94.0572,41.17837],[-94.05223,41.17838],[-94.04714,41.1784],[-94.0427,41.17837],[-94.03825,41.17839],[-94.03263,41.17838],[-94.02681,41.17836],[-94.02385,41.17834],[-94.01889,41.17979],[-94.01413,41.18119],[-94.01182,41.18133],[-94.00851,41.18154],[-94.0037,41.18184],[-94.00032,41.18184],[-93.99753,41.18186],[-93.99338,41.18187],[-93.98938,41.18187],[-93.98449,41.18189],[-93.9798,41.1819],[-93.97497,41.1819],[-93.97045,41.1819],[-93.96614,41.18191],[-93.9608,41.1819],[-93.95661,41.1819],[-93.95126,41.18184],[-93.94884,41.18136],[-93.94637,41.18141],[-93.94187,41.18163],[-93.93759,41.18186],[-93.93326,41.18192],[-93.92733,41.18192],[-93.92378,41.18186],[-93.9177,41.18188],[-93.91769,41.18369],[-93.9177,41.18673],[-93.91769,41.18988],[-93.91768,41.19382],[-93.91765,41.19653],[-93.91765,41.20005],[-93.91764,41.20254],[-93.91762,41.20535],[-93.91763,41.20813],[-93.91765,41.21172],[-93.91759,41.21494],[-93.91742,41.21796],[-93.91736,41.22024],[-93.91738,41.22339],[-93.91734,41.22517],[-93.91592,41.22914],[-93.91477,41.23222],[-93.91401,41.23449],[-93.91102,41.23692],[-93.90825,41.23919],[-93.90824,41.24211],[-93.90822,41.24512],[-93.90816,41.24949],[-93.90814,41.25162],[-93.90813,41.2542],[-93.9081,41.25774],[-93.90833,41.26124],[-93.90786,41.26499],[-93.90784,41.26865],[-93.90778,41.27154],[-93.9078,41.27502],[-93.90782,41.27787],[-93.90766,41.28259],[-93.90823,41.28813],[-93.90898,41.29031],[-93.91,41.2932],[-93.90997,41.2959],[-93.90996,41.29808],[-93.90996,41.30139],[-93.91037,41.30477],[-93.91083,41.30828],[-93.91161,41.31217],[-93.9123,41.31564],[-93.91226,41.31894],[-93.91223,41.32173],[-93.91221,41.3237],[-93.91214,41.32751],[-93.91214,41.33088],[-93.91213,41.33355],[-93.91075,41.33601],[-93.90914,41.33603],[-93.90864,41.3362]]}},{"type":"Feature","properties":{"id":"166619","type":"AC; OVERHEAD","status":"IN SERVICE","owner":null,"voltage":161,"voltClass":"100-161"},"geometry":{"type":"LineString","coordinates":[[-93.20932,43.24927],[-93.2093,43.24943],[-93.20964,43.24966]]}},{"type":"Feature","properties":{"id":"166620","type":"AC; OVERHEAD","status":"IN SERVICE","owner":null,"voltage":161,"voltClass":"100-161"},"geometry":{"type":"LineString","coordinates":[[-93.20932,43.24927],[-93.21065,43.24929],[-93.21071,43.25157],[-93.21077,43.25498],[-93.21343,43.25501],[-93.21857,43.25505],[-93.22573,43.25508],[-93.23378,43.25511],[-93.24166,43.25508],[-93.25058,43.25507],[-93.25058,43.25532],[-93.25339,43.25532],[-93.25339,43.25508],[-93.25911,43.2551],[-93.26695,43.25513],[-93.27424,43.25513],[-93.28338,43.25521],[-93.2932,43.25525],[-93.29983,43.25526],[-93.29984,43.24849],[-93.29987,43.24432],[-93.29988,43.24217],[-93.30012,43.24134],[-93.30014,43.23977],[-93.29994,43.23879],[-93.29995,43.23362],[-93.29995,43.22844],[-93.29997,43.22405],[-93.30022,43.22219],[-93.30016,43.22112],[-93.30014,43.21798],[-93.30014,43.21323],[-93.30515,43.21322],[-93.31283,43.21321],[-93.31882,43.21322],[-93.31995,43.21309],[-93.327,43.21316],[-93.33688,43.21318],[-93.33829,43.21318],[-93.34536,43.21319],[-93.34977,43.21316],[-93.35439,43.21315],[-93.36049,43.21325],[-93.36492,43.21325],[-93.37458,43.21327],[-93.38409,43.21331],[-93.3918,43.21334],[-93.39735,43.21337],[-93.39735,43.21303],[-93.40867,43.21315],[-93.4097,43.21312],[-93.40967,43.21343],[-93.41567,43.21347],[-93.41874,43.21349],[-93.425,43.21359],[-93.42805,43.21366],[-93.42812,43.21334],[-93.43437,43.21341],[-93.43977,43.21343],[-93.44273,43.21343],[-93.45131,43.21331],[-93.46132,43.21327],[-93.47122,43.21322],[-93.47214,43.21319],[-93.47214,43.21353],[-93.47715,43.21349],[-93.47946,43.21338],[-93.48818,43.2133],[-93.48817,43.20966],[-93.4884,43.2096],[-93.49269,43.20952],[-93.49774,43.20945],[-93.4977,43.207],[-93.50437,43.20618],[-93.50793,43.20577],[-93.50897,43.20572],[-93.51379,43.20578],[-93.5239,43.20587],[-93.52497,43.20587],[-93.5291,43.20575],[-93.53402,43.2058],[-93.536,43.20588],[-93.54356,43.20761],[-93.54712,43.2077],[-93.54712,43.20894],[-93.54728,43.2097],[-93.54835,43.21091],[-93.548,43.21103],[-93.54987,43.21309],[-93.55559,43.21307],[-93.56076,43.21308],[-93.56198,43.21294],[-93.56482,43.21294],[-93.57461,43.21301],[-93.58296,43.21305],[-93.58614,43.21309],[-93.58616,43.2133],[-93.59249,43.21334],[-93.59837,43.21337],[-93.6018,43.21334],[-93.60433,43.21334],[-93.60432,43.21315],[-93.61146,43.21312],[-93.61672,43.21308],[-93.62091,43.21291],[-93.62093,43.21315],[-93.62624,43.21289],[-93.62935,43.21287],[-93.63381,43.21286],[-93.63489,43.21272],[-93.6369,43.21267],[-93.6467,43.21275],[-93.65601,43.21281],[-93.66495,43.21283],[-93.67515,43.21274],[-93.68013,43.21275],[-93.68066,43.21298],[-93.68539,43.21299],[-93.69387,43.21296],[-93.70448,43.21294],[-93.71474,43.2129],[-93.72421,43.21283],[-93.73385,43.21284],[-93.74372,43.21272],[-93.74372,43.21246],[-93.75348,43.21237],[-93.76007,43.2125],[-93.76431,43.21259],[-93.77284,43.21273],[-93.77476,43.21269],[-93.78413,43.21267],[-93.7921,43.21262],[-93.79296,43.21273],[-93.80386,43.2127],[-93.81109,43.21272],[-93.81251,43.21264],[-93.81345,43.21265],[-93.8233,43.21259],[-93.83123,43.21259],[-93.83125,43.21185]]}},{"type":"Feature","properties":{"id":"100064","type":"AC; OVERHEAD","status":"IN SERVICE","owner":"MIDAMERICAN ENERGY CO","voltage":345,"voltClass":"345"},"geometry":{"type":"LineString","coordinates":[[-93.52605,41.55623],[-93.52546,41.55526],[-93.52285,41.55531],[-93.52285,41.55333],[-93.52344,41.55105],[-93.52338,41.54611],[-93.52325,41.54271],[-93.52681,41.54274],[-93.52725,41.54169]]}},{"type":"Feature","properties":{"id":"100147","type":"AC; OVERHEAD","status":"IN SERVICE","owner":"MIDAMERICAN ENERGY CO","voltage":345,"voltClass":"345"},"geometry":{"type":"LineString","coordinates":[[-90.27894,41.71517],[-90.27931,41.71544],[-90.28,41.71567],[-90.28232,41.71548],[-90.2864,41.71546],[-90.29007,41.71538],[-90.29371,41.7153],[-90.29735,41.71523],[-90.30044,41.71518],[-90.30103,41.71517],[-90.30112,41.71762],[-90.30091,41.7201],[-90.30104,41.72251],[-90.30117,41.72501],[-90.3015,41.72646],[-90.30596,41.72642],[-90.30627,41.72652]]}},{"type":"Feature","properties":{"id":"100432","type":"AC; OVERHEAD","status":"IN SERVICE","owner":null,"voltage":161,"voltClass":"100-161"},"geometry":{"type":"LineString","coordinates":[[-91.35207,40.78382],[-91.35253,40.78384],[-91.35271,40.78384],[-91.35459,40.78448],[-91.35651,40.78511],[-91.3586,40.7858],[-91.3607,40.78649],[-91.36186,40.78714],[-91.36548,40.78908],[-91.36769,40.79029],[-91.36972,40.79139],[-91.37242,40.79286],[-91.37457,40.794],[-91.37694,40.79529],[-91.3791,40.79646],[-91.38234,40.79822],[-91.38427,40.79925],[-91.38665,40.80052],[-91.38808,40.80172],[-91.38936,40.80277],[-91.39199,40.8049],[-91.39402,40.8066],[-91.39597,40.80821],[-91.39688,40.80894],[-91.39793,40.80978],[-91.39939,40.811],[-91.40128,40.81256],[-91.40183,40.81299],[-91.40453,40.81521],[-91.40605,40.81646],[-91.40803,40.81807],[-91.40997,40.81964],[-91.41289,40.82201],[-91.41512,40.82387],[-91.41717,40.82552],[-91.41823,40.82654],[-91.42053,40.82845],[-91.42354,40.83092],[-91.4251,40.83216],[-91.42682,40.83359],[-91.42815,40.83469],[-91.43092,40.83695],[-91.4335,40.83905],[-91.43566,40.84079],[-91.43849,40.84312],[-91.44091,40.84509],[-91.44254,40.84641],[-91.44521,40.8486],[-91.44646,40.84961],[-91.44788,40.85081],[-91.45005,40.85257],[-91.453,40.85497],[-91.45556,40.85706],[-91.4581,40.85916],[-91.461,40.86138],[-91.46327,40.86311],[-91.46449,40.86405],[-91.46744,40.86631],[-91.46922,40.86772],[-91.47049,40.86869],[-91.47208,40.86994],[-91.47429,40.87167],[-91.47697,40.87371],[-91.47832,40.87476],[-91.48138,40.87717],[-91.48337,40.87869],[-91.4853,40.88024],[-91.48741,40.88188],[-91.48904,40.88315],[-91.49098,40.88469],[-91.49356,40.88686],[-91.49561,40.88842],[-91.49724,40.88973],[-91.49903,40.89112],[-91.50152,40.89301],[-91.50306,40.89424],[-91.50462,40.89543],[-91.50603,40.89651],[-91.50757,40.89773],[-91.51034,40.89985],[-91.513,40.9019],[-91.51531,40.90369],[-91.51732,40.90526],[-91.51919,40.90672],[-91.52097,40.9081],[-91.52381,40.91026],[-91.52561,40.91167],[-91.52739,40.91305],[-91.52959,40.91477],[-91.53234,40.91692],[-91.53471,40.91876],[-91.53643,40.92005],[-91.53882,40.92301],[-91.53882,40.92343],[-91.53893,40.92369]]}},{"type":"Feature","properties":{"id":"100491","type":"AC; OVERHEAD","status":"IN SERVICE","owner":null,"voltage":115,"voltClass":"100-161"},"geometry":{"type":"LineString","coordinates":[[-92.85956,42.04722],[-92.85918,42.04697],[-92.85922,42.04571],[-92.86168,42.04579]]}},{"type":"Feature","properties":{"id":"100583","type":"AC; OVERHEAD","status":"IN SERVICE","owner":"OMAHA PUBLIC POWER DISTRICT","voltage":161,"voltClass":"100-161"},"geometry":{"type":"LineString","coordinates":[[-95.78069,40.61817],[-95.78133,40.61645],[-95.78392,40.61597],[-95.78628,40.61538],[-95.7886,40.61483],[-95.79087,40.61429],[-95.79322,40.61372],[-95.79213,40.61127],[-95.79122,40.60912],[-95.79035,40.60706],[-95.78946,40.60497],[-95.78863,40.60299],[-95.78771,40.60081],[-95.78686,40.59884],[-95.78587,40.59649],[-95.78496,40.59438],[-95.78406,40.59222],[-95.78315,40.59013],[-95.7825,40.58852],[-95.78149,40.58616],[-95.78068,40.58426],[-95.78147,40.58361],[-95.78246,40.58279],[-95.78394,40.5815],[-95.78555,40.58015],[-95.78679,40.57909],[-95.78846,40.57765],[-95.79031,40.57611],[-95.79258,40.57413],[-95.79514,40.57409],[-95.79762,40.57407],[-95.80118,40.57404],[-95.80422,40.57403],[-95.80733,40.57404],[-95.81016,40.57403],[-95.81228,40.57404],[-95.81489,40.57354],[-95.81718,40.57357],[-95.81928,40.57359],[-95.82176,40.57359],[-95.82406,40.57359],[-95.82702,40.5736],[-95.82945,40.57361],[-95.83308,40.5736],[-95.83544,40.57359],[-95.8381,40.57359],[-95.8404,40.57361],[-95.84323,40.57362],[-95.84595,40.57364],[-95.84806,40.57364],[-95.85024,40.57405],[-95.85289,40.57405],[-95.85526,40.57405],[-95.85738,40.57406],[-95.85968,40.57407],[-95.86176,40.57407],[-95.86424,40.57406],[-95.86751,40.57404],[-95.87011,40.57403],[-95.87313,40.57402],[-95.8759,40.57401],[-95.87855,40.574],[-95.881,40.574],[-95.88433,40.57398],[-95.88643,40.57392],[-95.89236,40.57386],[-95.89583,40.57381],[-95.89809,40.57379],[-95.90094,40.57381],[-95.90338,40.57385],[-95.90606,40.57387],[-95.90619,40.57387],[-95.90951,40.57387],[-95.91197,40.57386],[-95.91548,40.57386],[-95.91803,40.57387],[-95.92034,40.57389],[-95.92283,40.57392],[-95.92506,40.57393],[-95.9251,40.5712],[-95.92514,40.56913],[-95.92515,40.56661],[-95.92517,40.5646],[-95.9252,40.56184],[-95.92522,40.55935],[-95.92523,40.55696],[-95.92525,40.55412],[-95.92527,40.55183],[-95.92528,40.54975],[-95.92531,40.547],[-95.92531,40.54476],[-95.92533,40.54229],[-95.92535,40.54017],[-95.92536,40.53762],[-95.92538,40.53488],[-95.92539,40.53221],[-95.92542,40.52962],[-95.92543,40.52722],[-95.92544,40.52478],[-95.92546,40.52212],[-95.92547,40.5203],[-95.92549,40.51755],[-95.92549,40.51552],[-95.92549,40.51279],[-95.92545,40.51005],[-95.92545,40.50854],[-95.92503,40.50678],[-95.92441,40.50399],[-95.92391,40.50157],[-95.92426,40.49969],[-95.92468,40.49704],[-95.92517,40.49433],[-95.92512,40.49165],[-95.92508,40.48889],[-95.92503,40.48613],[-95.92499,40.48339],[-95.92495,40.48132],[-95.92496,40.48057]]}},{"type":"Feature","properties":{"id":"100639","type":"AC; OVERHEAD","status":"IN SERVICE","owner":"OMAHA PUBLIC POWER DISTRICT","voltage":161,"voltClass":"100-161"},"geometry":{"type":"LineString","coordinates":[[-95.92496,40.48057],[-95.92495,40.47999],[-95.92487,40.47724],[-95.92485,40.47493],[-95.9248,40.47284],[-95.92476,40.4701],[-95.92471,40.46742],[-95.92469,40.46521],[-95.92465,40.46334],[-95.92459,40.46059],[-95.92455,40.45785],[-95.92451,40.45529],[-95.92448,40.45275],[-95.92443,40.45045],[-95.92439,40.44847],[-95.92436,40.44624],[-95.92431,40.44347],[-95.92428,40.44104],[-95.92423,40.43852],[-95.92418,40.43597],[-95.92414,40.43419],[-95.9241,40.43207],[-95.92414,40.43005],[-95.92418,40.42735],[-95.92426,40.42459],[-95.92432,40.42184],[-95.92432,40.41994],[-95.92433,40.4172],[-95.92433,40.41468],[-95.92428,40.41282],[-95.92427,40.41009],[-95.92428,40.40739],[-95.92421,40.40464],[-95.92418,40.40228],[-95.92416,40.39994],[-95.92413,40.3977],[-95.92411,40.3956],[-95.92408,40.39298],[-95.92404,40.3901],[-95.924,40.38768],[-95.92396,40.38538],[-95.92394,40.38268],[-95.92392,40.38043],[-95.92381,40.37808],[-95.9238,40.37535],[-95.92379,40.37322],[-95.9238,40.37099],[-95.92381,40.3691],[-95.92381,40.36646],[-95.92362,40.36446],[-95.92335,40.36422]]}},{"type":"Feature","properties":{"id":"102153","type":"AC; OVERHEAD","status":"IN SERVICE","owner":null,"voltage":345,"voltClass":"345"},"geometry":{"type":"LineString","coordinates":[[-92.61213,43.48155],[-92.61294,43.48194],[-92.61449,43.48225],[-92.61683,43.48469],[-92.61933,43.4873],[-92.62183,43.4899],[-92.62414,43.49231],[-92.62644,43.4947],[-92.629,43.49743],[-92.63133,43.49987],[-92.63372,43.50229],[-92.63655,43.50523],[-92.63886,43.50763],[-92.64138,43.51026],[-92.64408,43.51306],[-92.64643,43.51551],[-92.64916,43.51836],[-92.65157,43.52086],[-92.65406,43.52346],[-92.65666,43.52616],[-92.6591,43.5287],[-92.66092,43.53102],[-92.66283,43.53345],[-92.66486,43.53604],[-92.6669,43.53864],[-92.66861,43.54082],[-92.6692,43.54156],[-92.67066,43.54343],[-92.67116,43.54406],[-92.67328,43.54676],[-92.67546,43.54954],[-92.67665,43.55106],[-92.67709,43.55161],[-92.67934,43.55446],[-92.67934,43.55568],[-92.67966,43.55649],[-92.67966,43.55696],[-92.68084,43.55716]]}},{"type":"Feature","properties":{"id":"101718","type":"AC; OVERHEAD","status":"IN SERVICE","owner":"MIDAMERICAN ENERGY CO","voltage":161,"voltClass":"100-161"},"geometry":{"type":"LineString","coordinates":[[-91.85417,42.95121],[-91.85458,42.95095],[-91.85459,42.95001],[-91.85464,42.94826],[-91.85463,42.94033],[-91.85477,42.93846],[-91.85484,42.93543],[-91.8548,42.92968],[-91.85475,42.92292],[-91.85468,42.9153],[-91.85468,42.90798],[-91.8547,42.90295],[-91.85462,42.89022],[-91.85471,42.8786],[-91.8548,42.87025],[-91.85483,42.8631],[-91.85484,42.85421],[-91.85493,42.84487],[-91.85502,42.83786],[-91.85512,42.83162],[-91.85507,42.81969],[-91.85512,42.81795],[-91.85473,42.81416],[-91.85456,42.81234],[-91.85404,42.8065],[-91.85371,42.80323],[-91.85325,42.79599],[-91.85304,42.79063],[-91.85289,42.78511],[-91.85284,42.77614],[-91.85289,42.7709],[-91.85318,42.76105],[-91.85354,42.74702],[-91.85357,42.73972],[-91.85361,42.72716],[-91.85374,42.72005],[-91.85388,42.70541],[-91.85395,42.69812],[-91.85411,42.68538],[-91.85418,42.67401],[-91.85431,42.66715],[-91.85436,42.65976],[-91.85446,42.65258],[-91.85456,42.64538],[-91.85464,42.6433],[-91.85382,42.6419],[-91.85394,42.63972],[-91.85406,42.63529],[-91.85414,42.63299],[-91.85475,42.6309],[-91.85484,42.6266],[-91.85487,42.62297],[-91.85495,42.61749],[-91.85742,42.61599],[-91.86227,42.61306],[-91.86454,42.61172],[-91.87153,42.60756],[-91.8798,42.60123],[-91.87986,42.59669],[-91.88,42.59073],[-91.88001,42.58899],[-91.88017,42.58722],[-91.88311,42.58715],[-91.89457,42.58692],[-91.89767,42.58686],[-91.90013,42.58713],[-91.90338,42.58707],[-91.90336,42.58631],[-91.9019,42.58591]]}},{"type":"Feature","properties":{"id":"101748","type":"AC; OVERHEAD","status":"IN SERVICE","owner":null,"voltage":230,"voltClass":"220-287"},"geometry":{"type":"LineString","coordinates":[[-97.35482,42.07825],[-97.35526,42.07897],[-97.35524,42.08263],[-97.35326,42.08337],[-97.35253,42.08364],[-97.35075,42.08363],[-97.34899,42.08363],[-97.34651,42.08364],[-97.34404,42.08364],[-97.34139,42.08366],[-97.33849,42.08365],[-97.3359,42.08367],[-97.33314,42.08368],[-97.33065,42.08368],[-97.32792,42.08368],[-97.32504,42.08368],[-97.32185,42.08368],[-97.31953,42.08369],[-97.31716,42.0837],[-97.31413,42.08371],[-97.31221,42.08371],[-97.3097,42.08371],[-97.30715,42.0837],[-97.30491,42.08368],[-97.3022,42.08367],[-97.30001,42.08366],[-97.29797,42.08365],[-97.29533,42.08363],[-97.29516,42.08363],[-97.29217,42.08362],[-97.28922,42.08361],[-97.28615,42.08361],[-97.2834,42.08361],[-97.28123,42.08361],[-97.2786,42.08361],[-97.27592,42.0836],[-97.27264,42.0836],[-97.2702,42.08359],[-97.26789,42.08358],[-97.26561,42.08357],[-97.263,42.08357],[-97.26026,42.08355],[-97.25776,42.08354],[-97.25578,42.08353],[-97.25268,42.08351],[-97.24908,42.08347],[-97.24692,42.08422],[-97.24374,42.0853],[-97.24082,42.08629],[-97.23798,42.08726],[-97.236,42.08794],[-97.23294,42.08897],[-97.23117,42.08957],[-97.22886,42.09036],[-97.22599,42.09134],[-97.22417,42.09194],[-97.22178,42.09275],[-97.2188,42.09377],[-97.21553,42.09486],[-97.2123,42.09596],[-97.20969,42.09684],[-97.20654,42.09791],[-97.20455,42.09859],[-97.20249,42.09929],[-97.2005,42.09997],[-97.19752,42.10097],[-97.19471,42.10188],[-97.19264,42.10344],[-97.19084,42.10473],[-97.1884,42.1065],[-97.18653,42.10786],[-97.18421,42.10953],[-97.18231,42.11091],[-97.18087,42.11198],[-97.17853,42.11364],[-97.17716,42.11461],[-97.1749,42.11626],[-97.1727,42.11786],[-97.17009,42.11916],[-97.1673,42.12049],[-97.16478,42.12174],[-97.16273,42.12276],[-97.16075,42.12373],[-97.15893,42.12463],[-97.15665,42.12576],[-97.15438,42.12686],[-97.15426,42.12691],[-97.15241,42.12783],[-97.14984,42.12908],[-97.14792,42.13006],[-97.14531,42.13135],[-97.14342,42.1323],[-97.14056,42.1337],[-97.13867,42.13462],[-97.13592,42.13598],[-97.13367,42.1371],[-97.13067,42.13855],[-97.1287,42.1399],[-97.12645,42.14136],[-97.12503,42.14229],[-97.12338,42.14338],[-97.12082,42.14505],[-97.11901,42.14624],[-97.11683,42.14765],[-97.11424,42.14935],[-97.11244,42.15053],[-97.11005,42.15208],[-97.10848,42.15312],[-97.10651,42.15439],[-97.10428,42.15586],[-97.10259,42.15696],[-97.1003,42.15844],[-97.09857,42.15959],[-97.09617,42.16115],[-97.09407,42.16253],[-97.09244,42.16361],[-97.08979,42.16533],[-97.08791,42.16656],[-97.08526,42.16828],[-97.08272,42.16995],[-97.08108,42.17102],[-97.07883,42.1725],[-97.07616,42.17423],[-97.07387,42.17571],[-97.07145,42.1773],[-97.06978,42.17839],[-97.06735,42.17998],[-97.06554,42.18116],[-97.06346,42.18249],[-97.06173,42.18362],[-97.06008,42.18469],[-97.05782,42.18616],[-97.05599,42.18745],[-97.05372,42.18823],[-97.05159,42.18899],[-97.0491,42.18988],[-97.04702,42.19063],[-97.04395,42.19172],[-97.04138,42.19264],[-97.0385,42.19366],[-97.03535,42.19479],[-97.03223,42.19591],[-97.03014,42.19666],[-97.02833,42.1973],[-97.02552,42.1983],[-97.02261,42.19934],[-97.02089,42.19995],[-97.01817,42.20093],[-97.01678,42.20142],[-97.01412,42.20238],[-97.01152,42.20331],[-97.00916,42.20414],[-97.00714,42.20486],[-97.00494,42.20565],[-97.00195,42.20671],[-96.99885,42.20781],[-96.99626,42.20873],[-96.99357,42.20969],[-96.99147,42.21047],[-96.98869,42.21145],[-96.98653,42.21221],[-96.98446,42.21293],[-96.98225,42.21374],[-96.97932,42.21372],[-96.97604,42.21374],[-96.97362,42.21371],[-96.97085,42.21371],[-96.96829,42.21371],[-96.96519,42.21368],[-96.96197,42.21369],[-96.95859,42.21365],[-96.95625,42.21363],[-96.95274,42.21361],[-96.95023,42.21359],[-96.94791,42.21357],[-96.9449,42.21358],[-96.94301,42.21358],[-96.94033,42.21355],[-96.937,42.21353],[-96.93413,42.21355],[-96.93283,42.21468],[-96.93051,42.21669],[-96.9284,42.2185],[-96.92614,42.22051],[-96.92408,42.22216],[-96.9224,42.2236],[-96.92041,42.22524],[-96.91824,42.22715],[-96.91661,42.22857],[-96.9146,42.23029],[-96.91303,42.23163],[-96.9111,42.23332],[-96.9091,42.23506],[-96.90949,42.23692],[-96.90991,42.23884],[-96.91032,42.24076],[-96.91078,42.24269],[-96.91075,42.24462],[-96.91076,42.2463],[-96.91077,42.24872],[-96.91076,42.25027],[-96.91077,42.25229],[-96.91077,42.25486],[-96.91078,42.25719],[-96.91076,42.2586],[-96.91075,42.26121],[-96.91074,42.26303],[-96.91074,42.26494],[-96.91074,42.26708],[-96.91076,42.26946],[-96.91076,42.27133],[-96.91077,42.27335],[-96.91076,42.27561],[-96.91077,42.27788],[-96.91078,42.28038],[-96.91076,42.28284],[-96.91078,42.28448],[-96.91078,42.28612],[-96.9108,42.28856],[-96.9108,42.29045],[-96.9108,42.29271],[-96.91083,42.29459],[-96.90875,42.29615],[-96.90641,42.29793],[-96.9048,42.29917],[-96.90327,42.30034],[-96.90085,42.30047],[-96.89799,42.30043],[-96.89588,42.30044],[-96.89326,42.30047],[-96.89099,42.30047],[-96.88852,42.30047],[-96.88589,42.30048],[-96.88313,42.3005],[-96.88031,42.3005],[-96.87748,42.30049],[-96.87477,42.30048],[-96.87212,42.30047],[-96.86942,42.30043],[-96.86654,42.30043],[-96.86381,42.30043],[-96.8607,42.30042],[-96.8574,42.30041],[-96.85432,42.30039],[-96.85163,42.30039],[-96.84876,42.30038],[-96.84522,42.30036],[-96.84253,42.30036],[-96.83951,42.30036],[-96.83601,42.30037],[-96.83386,42.30036],[-96.83097,42.30035],[-96.82816,42.30035],[-96.82546,42.30034],[-96.82332,42.30034],[-96.8205,42.30032],[-96.81751,42.30029],[-96.81493,42.30028],[-96.812,42.30025],[-96.80917,42.30025],[-96.80681,42.30023],[-96.8033,42.30022],[-96.80104,42.30024],[-96.79762,42.30024],[-96.79415,42.30025],[-96.79213,42.30029],[-96.78935,42.30029],[-96.78695,42.30029],[-96.78389,42.30033],[-96.78114,42.30026],[-96.77804,42.3002],[-96.77549,42.30015],[-96.77357,42.30011],[-96.77013,42.30004],[-96.76775,42.29999],[-96.76551,42.29992],[-96.7632,42.29997],[-96.76011,42.29998],[-96.75714,42.29999],[-96.75503,42.3],[-96.75247,42.30001],[-96.75011,42.30003],[-96.74734,42.30003],[-96.74523,42.30005],[-96.7419,42.30006],[-96.73961,42.30007],[-96.73623,42.30007],[-96.73427,42.30108],[-96.73184,42.30234],[-96.72968,42.30346],[-96.72774,42.30445],[-96.7266,42.30504],[-96.72623,42.30524],[-96.72351,42.30664],[-96.7212,42.30784],[-96.71889,42.30903],[-96.71662,42.31019],[-96.71459,42.31126],[-96.71246,42.31237],[-96.71039,42.3134],[-96.70766,42.31476],[-96.70558,42.31629],[-96.70281,42.31825],[-96.70127,42.3193],[-96.69871,42.32109],[-96.69681,42.32241],[-96.69472,42.32385],[-96.69278,42.32519],[-96.69093,42.32651],[-96.68856,42.32812],[-96.68672,42.32941],[-96.68472,42.33079],[-96.68248,42.33258],[-96.68107,42.33367],[-96.67866,42.33557],[-96.67668,42.33713],[-96.67509,42.33838],[-96.67294,42.3401],[-96.67092,42.34165],[-96.66939,42.34285],[-96.66789,42.34407],[-96.66595,42.34556],[-96.66401,42.34707],[-96.66246,42.34828],[-96.66065,42.34972],[-96.65847,42.35143],[-96.65626,42.35317],[-96.65388,42.35497],[-96.65216,42.35637],[-96.64997,42.35811],[-96.64868,42.35912],[-96.64739,42.36013],[-96.64529,42.36178],[-96.64386,42.36291],[-96.64234,42.36411],[-96.64013,42.3659],[-96.63662,42.3659],[-96.63308,42.36589],[-96.6311,42.36588],[-96.62758,42.36589],[-96.62561,42.36588],[-96.62219,42.36587],[-96.61957,42.36587],[-96.6171,42.36586],[-96.61362,42.36585],[-96.61093,42.36585],[-96.60842,42.36586],[-96.60489,42.36585],[-96.60298,42.36584],[-96.60135,42.36584],[-96.59774,42.36584],[-96.59458,42.36584],[-96.5919,42.36582],[-96.58867,42.36582],[-96.58599,42.36583],[-96.58377,42.36583],[-96.58133,42.36583],[-96.57924,42.36582],[-96.57627,42.36583],[-96.57329,42.36583],[-96.57146,42.36716],[-96.56974,42.36841],[-96.56799,42.36966],[-96.56593,42.37116],[-96.56438,42.37229],[-96.56237,42.37378],[-96.55984,42.37561],[-96.55766,42.37717],[-96.55555,42.37877],[-96.55363,42.37976],[-96.55161,42.38079],[-96.54956,42.38184],[-96.54758,42.38292],[-96.54548,42.384],[-96.54348,42.38505],[-96.54203,42.3858],[-96.53928,42.38725],[-96.53648,42.3887],[-96.53413,42.38993],[-96.53163,42.39124],[-96.52897,42.3926],[-96.52693,42.39367],[-96.52463,42.39488],[-96.52211,42.39619],[-96.51945,42.39759],[-96.51707,42.39884],[-96.51471,42.40007],[-96.5126,42.40113],[-96.51049,42.40314],[-96.50842,42.40506],[-96.50652,42.40686],[-96.5046,42.40856],[-96.5047,42.41088],[-96.50473,42.4132],[-96.50477,42.41684],[-96.5036,42.41685]]}},{"type":"Feature","properties":{"id":"101805","type":"AC; OVERHEAD","status":"IN SERVICE","owner":"COMMONWEALTH EDISON CO","voltage":345,"voltClass":"345"},"geometry":{"type":"LineString","coordinates":[[-90.27894,41.71517],[-90.27779,41.71568],[-90.27634,41.71567],[-90.27532,41.71567],[-90.27057,41.71577],[-90.27021,41.71578],[-90.26645,41.71583],[-90.26614,41.71584],[-90.26129,41.71575],[-90.25645,41.71566],[-90.25164,41.71566],[-90.2469,41.71562],[-90.24205,41.71562],[-90.23771,41.71563],[-90.23741,41.71563],[-90.2328,41.71562],[-90.22838,41.71563],[-90.22423,41.71562],[-90.22184,41.71301],[-90.21936,41.71031],[-90.21695,41.70767],[-90.21454,41.70504],[-90.21218,41.70248],[-90.20975,41.69981],[-90.20744,41.69728],[-90.20288,41.69727],[-90.19815,41.69728],[-90.19396,41.69728],[-90.18947,41.69728],[-90.18491,41.69728],[-90.1801,41.69728],[-90.1753,41.69728],[-90.17075,41.69728],[-90.16615,41.69728],[-90.16192,41.69727],[-90.15755,41.69728],[-90.15308,41.69727],[-90.14879,41.69728],[-90.14454,41.69727],[-90.14024,41.69727],[-90.13571,41.69727],[-90.13129,41.69727],[-90.12655,41.69699],[-90.12184,41.69669],[-90.11703,41.69639],[-90.1123,41.69609],[-90.10763,41.69581],[-90.10278,41.69581],[-90.09869,41.6958],[-90.09384,41.69581],[-90.08904,41.69581],[-90.08438,41.6958],[-90.07959,41.69579],[-90.07486,41.69579],[-90.07027,41.6958],[-90.06519,41.69578],[-90.06034,41.69578],[-90.05552,41.69577],[-90.05068,41.69578],[-90.04585,41.69578],[-90.04097,41.69576],[-90.03625,41.69576],[-90.03165,41.69574],[-90.02682,41.69575],[-90.02246,41.69573],[-90.01762,41.69572],[-90.01278,41.69572],[-90.00794,41.69572],[-90.0031,41.69571],[-89.99827,41.6957],[-89.99344,41.6957],[-89.98858,41.69568],[-89.98391,41.69568],[-89.97904,41.69566],[-89.97472,41.69567],[-89.97014,41.69566],[-89.96549,41.69565],[-89.96086,41.69564],[-89.95657,41.69563],[-89.95254,41.69548],[-89.94873,41.69535],[-89.94434,41.69518],[-89.94031,41.69502],[-89.93632,41.69488],[-89.93237,41.69471],[-89.92771,41.69453],[-89.92305,41.69436],[-89.91909,41.69435],[-89.91487,41.69434],[-89.91084,41.69433],[-89.90672,41.69432],[-89.90233,41.6943],[-89.89755,41.6943],[-89.89298,41.69429],[-89.8884,41.69427],[-89.88409,41.69427],[-89.87928,41.69426],[-89.87468,41.69423],[-89.86991,41.69422],[-89.86517,41.6942],[-89.86031,41.69419],[-89.85595,41.69419],[-89.85241,41.69409],[-89.84806,41.69408],[-89.84368,41.69406],[-89.83926,41.69404],[-89.83451,41.69402],[-89.82974,41.694],[-89.82488,41.69398],[-89.81996,41.69396],[-89.81529,41.69394],[-89.81052,41.69392],[-89.80496,41.6939],[-89.80088,41.69389],[-89.79657,41.694],[-89.79187,41.69412],[-89.787,41.69425],[-89.78216,41.69438],[-89.77748,41.69451],[-89.77255,41.69464],[-89.76808,41.69475],[-89.76366,41.69487],[-89.75923,41.69499],[-89.75459,41.69511],[-89.75018,41.69523],[-89.74585,41.69519],[-89.7414,41.69514],[-89.73642,41.6951],[-89.73153,41.69505],[-89.72714,41.69501],[-89.72303,41.69497],[-89.71869,41.69493],[-89.71429,41.69488],[-89.71017,41.69484],[-89.70553,41.6948],[-89.70105,41.69492],[-89.69611,41.69506],[-89.69137,41.69519],[-89.68706,41.69531],[-89.68247,41.69544],[-89.67829,41.69562],[-89.67402,41.69573],[-89.66977,41.69589],[-89.66547,41.69599],[-89.66123,41.69612],[-89.65643,41.69627],[-89.65173,41.69624],[-89.64687,41.69613],[-89.64209,41.6962],[-89.60963,41.69601],[-89.60961,41.69933],[-89.60958,41.703],[-89.60955,41.70665],[-89.60952,41.71017],[-89.60949,41.71378],[-89.60946,41.71742],[-89.60944,41.72079],[-89.60941,41.72432],[-89.60938,41.72767],[-89.60935,41.73096],[-89.60933,41.73421],[-89.6093,41.73748],[-89.60927,41.74107],[-89.60924,41.74462],[-89.60922,41.74808],[-89.6092,41.7588],[-89.60924,41.75974],[-89.60915,41.76061]]}},{"type":"Feature","properties":{"id":"101829","type":"AC; OVERHEAD","status":"IN SERVICE","owner":"MIDAMERICAN ENERGY CO","voltage":161,"voltClass":"100-161"},"geometry":{"type":"LineString","coordinates":[[-90.26838,41.55657],[-90.26825,41.55532],[-90.26815,41.55431],[-90.26806,41.5522],[-90.26793,41.55008],[-90.26781,41.54795],[-90.26771,41.54585],[-90.26762,41.54433],[-90.26753,41.54282],[-90.26746,41.54126],[-90.26957,41.54084],[-90.27221,41.54029],[-90.27465,41.53978],[-90.27732,41.53924],[-90.28004,41.53867],[-90.28289,41.53809],[-90.28572,41.53752],[-90.28853,41.53696],[-90.29133,41.53639],[-90.29368,41.5359],[-90.296,41.53542],[-90.29847,41.53492],[-90.30091,41.53443],[-90.30327,41.53394],[-90.30563,41.53346],[-90.30819,41.53287],[-90.31101,41.53223],[-90.31329,41.5317],[-90.31597,41.53111],[-90.31862,41.53048],[-90.32131,41.52988],[-90.32396,41.52928],[-90.32679,41.52862],[-90.32961,41.52798],[-90.33245,41.52732],[-90.3346,41.52731],[-90.33676,41.52728],[-90.33961,41.52709],[-90.34253,41.52689],[-90.34478,41.52689],[-90.34706,41.52685],[-90.3496,41.52685],[-90.35204,41.52684],[-90.35394,41.52571]]}},{"type":"Feature","properties":{"id":"101890","type":"AC; OVERHEAD","status":"IN SERVICE","owner":null,"voltage":161,"voltClass":"100-161"},"geometry":{"type":"LineString","coordinates":[[-94.85623,41.46805],[-94.85571,41.46833],[-94.85209,41.46835],[-94.84694,41.46837],[-94.83959,41.46836],[-94.83731,41.46837],[-94.83121,41.47128],[-94.82239,41.47548],[-94.81573,41.47866],[-94.81325,41.47943],[-94.80376,41.48239],[-94.79485,41.48512],[-94.78897,41.48696],[-94.78085,41.48945],[-94.77952,41.49045],[-94.77877,41.49048],[-94.77836,41.49066]]}},{"type":"Feature","properties":{"id":"101956","type":"AC; OVERHEAD","status":"IN SERVICE","owner":null,"voltage":161,"voltClass":"100-161"},"geometry":{"type":"LineString","coordinates":[[-92.2803,42.42761],[-92.28067,42.42734],[-92.28311,42.42522],[-92.28836,42.42081],[-92.28866,42.41757],[-92.28893,42.40673],[-92.28898,42.39762],[-92.28898,42.38995],[-92.289,42.3828],[-92.28897,42.3753],[-92.28895,42.36626],[-92.28892,42.36085],[-92.28893,42.35365],[-92.28887,42.35185],[-92.28428,42.34842],[-92.25954,42.34848],[-92.25014,42.34853],[-92.25007,42.34148],[-92.24981,42.32968],[-92.24972,42.32123],[-92.2497,42.31941],[-92.24968,42.31761],[-92.24967,42.31582],[-92.24966,42.31389],[-92.24964,42.31209],[-92.24965,42.31017],[-92.24966,42.3087],[-92.24965,42.30678],[-92.24966,42.30478],[-92.24967,42.30305],[-92.24968,42.30119],[-92.24969,42.29936],[-92.2497,42.29753],[-92.24975,42.29537],[-92.2498,42.29328],[-92.24983,42.29099],[-92.24983,42.28931],[-92.24982,42.28757],[-92.2498,42.28555],[-92.24979,42.28383],[-92.24977,42.2821],[-92.24976,42.28013],[-92.24974,42.27833],[-92.24973,42.27634],[-92.24971,42.27461],[-92.24971,42.27287],[-92.2497,42.27133],[-92.24969,42.26906],[-92.24969,42.2675],[-92.24968,42.26562],[-92.24968,42.26383],[-92.24967,42.26184],[-92.24967,42.26026],[-92.24966,42.25901],[-92.2495,42.25686],[-92.2493,42.2546],[-92.24944,42.25254],[-92.24957,42.25053],[-92.24968,42.24874],[-92.24978,42.2473],[-92.24978,42.24541],[-92.24978,42.24356],[-92.24978,42.24183],[-92.24978,42.24007],[-92.24978,42.2382],[-92.24978,42.23644],[-92.24978,42.23456],[-92.2498,42.2327],[-92.24897,42.23069],[-92.24818,42.22872],[-92.24901,42.22702],[-92.24988,42.22525],[-92.24986,42.2233],[-92.24986,42.22147],[-92.24986,42.22001],[-92.24986,42.21805],[-92.24986,42.21647],[-92.24986,42.2145],[-92.24986,42.21272],[-92.24986,42.21093],[-92.25037,42.20889],[-92.25085,42.20693],[-92.25088,42.2051],[-92.25091,42.20336],[-92.25095,42.20148],[-92.25098,42.19971],[-92.25101,42.19792],[-92.25105,42.19587],[-92.25108,42.19394],[-92.2511,42.19238],[-92.25111,42.1906],[-92.25115,42.1888],[-92.24855,42.18881],[-92.24609,42.18883],[-92.24335,42.18885],[-92.2409,42.18889],[-92.24063,42.18921]]}},{"type":"Feature","properties":{"id":"102595","type":"AC; OVERHEAD","status":"IN SERVICE","owner":"OMAHA PUBLIC POWER DISTRICT","voltage":161,"voltClass":"100-161"},"geometry":{"type":"LineString","coordinates":[[-95.92852,41.31002],[-95.92869,41.31023],[-95.92873,41.31055],[-95.92794,41.31056],[-95.92784,41.31162],[-95.92784,41.31379],[-95.92781,41.31579],[-95.9278,41.31798],[-95.92779,41.32072],[-95.93021,41.32158],[-95.93239,41.32266],[-95.93444,41.32266],[-95.93701,41.32397],[-95.94142,41.32399],[-95.94452,41.32659],[-95.94429,41.32722],[-95.94442,41.32762]]}},{"type":"Feature","properties":{"id":"102676","type":"AC; OVERHEAD","status":"IN SERVICE","owner":"MIDAMERICAN ENERGY CO","voltage":161,"voltClass":"100-161"},"geometry":{"type":"LineString","coordinates":[[-93.02319,41.75971],[-93.02367,41.75931],[-93.02468,41.75758],[-93.03574,41.74659],[-93.03649,41.74586],[-93.04073,41.74141],[-93.04368,41.73855],[-93.04724,41.73494],[-93.055,41.72716],[-93.05619,41.72598],[-93.05774,41.72445],[-93.05925,41.72295],[-93.0613,41.72086],[-93.06265,41.71952],[-93.06261,41.71894],[-93.06255,41.71819],[-93.06211,41.71363],[-93.06196,41.71187],[-93.06177,41.71],[-93.06159,41.70813],[-93.06145,41.70642],[-93.06147,41.7049],[-93.06148,41.70357],[-93.06145,41.70275],[-93.0621,41.70249]]}},{"type":"Feature","properties":{"id":"158098","type":"AC; OVERHEAD","status":"IN SERVICE","owner":"MIDAMERICAN ENERGY CO","voltage":161,"voltClass":"100-161"},"geometry":{"type":"LineString","coordinates":[[-91.56058,42.12514],[-91.56073,42.12546],[-91.56131,42.12546],[-91.56132,42.12448],[-91.56078,42.12446],[-91.56085,42.12338],[-91.56584,42.12343],[-91.57233,42.12351],[-91.58662,42.12366],[-91.59679,42.12381],[-91.6018,42.12372],[-91.61396,42.12393],[-91.62579,42.12393],[-91.63963,42.12402],[-91.64381,42.12406],[-91.64707,42.12076],[-91.65252,42.1152],[-91.65787,42.10967],[-91.66291,42.10965],[-91.67468,42.10964],[-91.67525,42.10945],[-91.67526,42.1083],[-91.67475,42.10523],[-91.67408,42.10021],[-91.67358,42.09704],[-91.67289,42.0924],[-91.67224,42.08793],[-91.67128,42.08148],[-91.67104,42.07982],[-91.67081,42.07816],[-91.67085,42.07649],[-91.67123,42.07476],[-91.67311,42.06756],[-91.67431,42.06248],[-91.67207,42.06248],[-91.67156,42.06199]]}},{"type":"Feature","properties":{"id":"103115","type":"AC; OVERHEAD","status":"IN SERVICE","owner":"OMAHA PUBLIC POWER DISTRICT","voltage":345,"voltClass":"345"},"geometry":{"type":"LineString","coordinates":[[-96.1986,41.16831],[-96.19918,41.16907],[-96.19887,41.16952],[-96.19886,41.17001],[-96.1987,41.17021]]}},{"type":"Feature","properties":{"id":"103172","type":"AC; OVERHEAD","status":"IN SERVICE","owner":"OMAHA PUBLIC POWER DISTRICT","voltage":161,"voltClass":"100-161"},"geometry":{"type":"LineString","coordinates":[[-96.08802,41.16915],[-96.08869,41.1698],[-96.08869,41.17023],[-96.08936,41.17042],[-96.09027,41.17178],[-96.09052,41.17329],[-96.0904,41.17481],[-96.09039,41.17601],[-96.08899,41.176],[-96.08912,41.17715],[-96.08924,41.17853],[-96.0894,41.18015],[-96.08955,41.18176],[-96.08967,41.18326],[-96.08983,41.18491],[-96.08997,41.18649],[-96.09013,41.18813],[-96.09028,41.18983],[-96.09043,41.19147],[-96.09058,41.19307],[-96.09073,41.19468],[-96.09088,41.1964],[-96.09106,41.19806],[-96.09105,41.1996],[-96.09105,41.20103],[-96.09106,41.20241],[-96.09107,41.20395],[-96.09103,41.2056],[-96.09124,41.20735],[-96.09121,41.20899],[-96.0943,41.20895],[-96.09553,41.21077],[-96.09582,41.21262],[-96.09604,41.21379],[-96.09686,41.21428],[-96.09686,41.215],[-96.09689,41.21585],[-96.09839,41.21599],[-96.0997,41.21607],[-96.10056,41.21655],[-96.10125,41.21694],[-96.1029,41.2193],[-96.10369,41.22016],[-96.10174,41.22035],[-96.10141,41.22062]]}},{"type":"Feature","properties":{"id":"105073","type":"AC; OVERHEAD","status":"IN SERVICE","owner":"MIDAMERICAN ENERGY CO","voltage":161,"voltClass":"100-161"},"geometry":{"type":"LineString","coordinates":[[-91.56941,42.29579],[-91.56907,42.29539],[-91.56828,42.29531],[-91.56824,42.29196],[-91.56821,42.28815],[-91.56819,42.28608],[-91.56815,42.28247],[-91.56815,42.28055],[-91.56816,42.27563],[-91.56817,42.27167],[-91.56821,42.26991],[-91.5683,42.2666],[-91.56831,42.26499],[-91.56832,42.26029],[-91.56803,42.25801],[-91.56735,42.25285],[-91.56516,42.24991],[-91.56424,42.24867],[-91.56346,42.24691],[-91.56065,42.24055],[-91.5628,42.23378],[-91.56363,42.2312],[-91.5637,42.22728],[-91.56379,42.22161],[-91.56373,42.21514],[-91.56374,42.21117],[-91.56377,42.20717],[-91.56401,42.20573],[-91.56402,42.20208],[-91.56412,42.19898],[-91.56419,42.19643],[-91.56317,42.1948],[-91.56129,42.19184],[-91.55936,42.18884],[-91.55941,42.18185],[-91.55945,42.17629],[-91.55951,42.17106],[-91.55959,42.16564],[-91.55964,42.16007],[-91.55972,42.15614],[-91.55976,42.15448],[-91.55982,42.15119],[-91.55984,42.14925],[-91.55987,42.14753],[-91.55991,42.14388],[-91.55993,42.14228],[-91.55996,42.14023],[-91.55997,42.13886],[-91.55999,42.13655],[-91.56004,42.13172],[-91.56007,42.12761],[-91.56009,42.12584],[-91.56018,42.12561],[-91.56049,42.12562],[-91.56058,42.12514]]}},{"type":"Feature","properties":{"id":"105120","type":"AC; OVERHEAD","status":"IN SERVICE","owner":null,"voltage":161,"voltClass":"100-161"},"geometry":{"type":"LineString","coordinates":[[-95.66636,41.28206],[-95.66655,41.28182],[-95.66598,41.28089],[-95.66841,41.27891],[-95.67585,41.2732],[-95.68597,41.2655],[-95.68975,41.26259],[-95.69756,41.25664],[-95.70742,41.24902],[-95.71612,41.2422],[-95.72337,41.23805],[-95.7371,41.23015],[-95.74662,41.22467],[-95.76097,41.21664],[-95.77298,41.21035],[-95.78274,41.20521],[-95.7968,41.19793],[-95.79692,41.19842],[-95.79782,41.19829]]}},{"type":"Feature","properties":{"id":"105153","type":"AC; OVERHEAD","status":"IN SERVICE","owner":null,"voltage":345,"voltClass":"345"},"geometry":{"type":"LineString","coordinates":[[-91.09362,41.31319],[-91.09372,41.31257],[-91.09372,41.31182],[-91.09626,41.31185],[-91.09895,41.3119],[-91.09931,41.31191],[-91.09919,41.31575],[-91.0991,41.31856],[-91.09904,41.32164],[-91.09899,41.32472],[-91.0989,41.32769],[-91.09882,41.33075],[-91.09876,41.3341],[-91.09866,41.33776],[-91.1012,41.3378],[-91.10375,41.33784],[-91.1063,41.33789],[-91.10886,41.33793],[-91.10928,41.33794],[-91.10975,41.33795],[-91.11169,41.33798],[-91.11443,41.33802],[-91.11727,41.33806],[-91.11982,41.33811],[-91.12236,41.33815],[-91.12491,41.33819],[-91.12745,41.33823],[-91.13,41.33827],[-91.13255,41.33831],[-91.13517,41.33835],[-91.13775,41.33839],[-91.14031,41.33842],[-91.14294,41.33865],[-91.14537,41.33884],[-91.1479,41.33903],[-91.15345,41.33907],[-91.15796,41.33907],[-91.16273,41.33906],[-91.16749,41.33908],[-91.17141,41.3391],[-91.17576,41.33955],[-91.18025,41.33912],[-91.18522,41.33863],[-91.18976,41.33866],[-91.19466,41.33872],[-91.199,41.33854],[-91.20261,41.33857],[-91.20585,41.33859],[-91.21068,41.33865],[-91.21538,41.33871],[-91.22039,41.33878],[-91.22522,41.33884],[-91.23013,41.3389],[-91.23003,41.34262],[-91.23004,41.34578],[-91.23,41.34976],[-91.22992,41.3533],[-91.22983,41.3571],[-91.22973,41.3606],[-91.22972,41.36436],[-91.22967,41.36782],[-91.22959,41.37152],[-91.22953,41.3749],[-91.22944,41.37865],[-91.22941,41.38187],[-91.2294,41.38606],[-91.22928,41.38971],[-91.22918,41.39334],[-91.22918,41.39653],[-91.22918,41.4005],[-91.22917,41.40415],[-91.22916,41.40783],[-91.22908,41.41147],[-91.22901,41.41527],[-91.22913,41.41883],[-91.22924,41.42243],[-91.22909,41.42598],[-91.22905,41.42968],[-91.22898,41.43358],[-91.22904,41.43691],[-91.22891,41.44072],[-91.22888,41.4438],[-91.22883,41.44784],[-91.22888,41.4515],[-91.2288,41.45513],[-91.22885,41.4588],[-91.2288,41.46166],[-91.22877,41.46488],[-91.22863,41.46825],[-91.22856,41.4719],[-91.22853,41.47555],[-91.2286,41.47887],[-91.22868,41.48163],[-91.22849,41.48483],[-91.22841,41.48801],[-91.22835,41.49151],[-91.22826,41.49512],[-91.22822,41.49889],[-91.22813,41.50251],[-91.22807,41.50588],[-91.22794,41.50963],[-91.22773,41.51336],[-91.22762,41.51702],[-91.22758,41.5207],[-91.22848,41.52441],[-91.22793,41.52776],[-91.22731,41.53149],[-91.22729,41.53514],[-91.22701,41.5388],[-91.22709,41.54242],[-91.22704,41.54511],[-91.22701,41.54608],[-91.22694,41.54797],[-91.22539,41.55104],[-91.224,41.55356],[-91.22397,41.55474],[-91.22371,41.55489]]}},{"type":"Feature","properties":{"id":"105400","type":"AC; OVERHEAD","status":"IN SERVICE","owner":"MIDAMERICAN ENERGY CO","voltage":345,"voltClass":"345"},"geometry":{"type":"LineString","coordinates":[[-92.55474,41.09284],[-92.55352,41.0932],[-92.54919,41.09324],[-92.54918,41.09386],[-92.54916,41.09562],[-92.54902,41.10055],[-92.54894,41.10325],[-92.54881,41.10738],[-92.5487,41.11062],[-92.54861,41.11344],[-92.54859,41.11655],[-92.54874,41.11974],[-92.54886,41.1229],[-92.549,41.12581],[-92.54916,41.12914],[-92.54936,41.13322],[-92.54937,41.13682],[-92.54939,41.14306],[-92.5494,41.1466],[-92.54937,41.14898],[-92.54948,41.15326],[-92.54949,41.15671],[-92.54954,41.16067],[-92.54949,41.16474],[-92.54951,41.16925],[-92.5495,41.17242],[-92.54951,41.17602],[-92.54951,41.17966],[-92.54955,41.18333],[-92.54954,41.1869],[-92.54954,41.1905],[-92.54959,41.19422],[-92.54958,41.19783],[-92.5496,41.20164],[-92.54961,41.20493],[-92.54963,41.20824],[-92.54965,41.21202],[-92.54974,41.21562],[-92.54975,41.21938],[-92.54976,41.223],[-92.54979,41.22659],[-92.54979,41.23015],[-92.5498,41.23367],[-92.55312,41.23621],[-92.55609,41.23853],[-92.55956,41.24114],[-92.55955,41.24518],[-92.55955,41.2492],[-92.55965,41.25299],[-92.55966,41.25662],[-92.5597,41.26033],[-92.55975,41.26378],[-92.55984,41.26779],[-92.56024,41.27102],[-92.55978,41.27477],[-92.55981,41.27844],[-92.55981,41.28199],[-92.55986,41.28556],[-92.55988,41.28905],[-92.55986,41.29289],[-92.55991,41.29636],[-92.55993,41.29987],[-92.55994,41.30221],[-92.56003,41.30609],[-92.56004,41.31273],[-92.56005,41.31582],[-92.56006,41.32014],[-92.56005,41.32308],[-92.56003,41.32644],[-92.56007,41.33052],[-92.56157,41.33264],[-92.56113,41.33575],[-92.56005,41.33885],[-92.56006,41.34193],[-92.56008,41.34521],[-92.56019,41.35015],[-92.56022,41.35383],[-92.56026,41.35777],[-92.56031,41.36104],[-92.56116,41.3647],[-92.56096,41.36782],[-92.56073,41.37187],[-92.56051,41.37514],[-92.56023,41.37917],[-92.5587,41.38289],[-92.55722,41.38655],[-92.5557,41.39017],[-92.55575,41.3936],[-92.55573,41.39713],[-92.55568,41.40075],[-92.55572,41.40423],[-92.55575,41.40817],[-92.55572,41.41167],[-92.55572,41.4153],[-92.5557,41.41913],[-92.55565,41.42295],[-92.55567,41.42724],[-92.5557,41.43147],[-92.55584,41.43554],[-92.55595,41.43882],[-92.55599,41.44219],[-92.5578,41.44446],[-92.56041,41.44778],[-92.5606,41.45124],[-92.56067,41.45498],[-92.56087,41.45911],[-92.56103,41.46268],[-92.56091,41.46637],[-92.5608,41.46984],[-92.56069,41.47345],[-92.5607,41.47716],[-92.56072,41.48089],[-92.5607,41.48402],[-92.56073,41.48805],[-92.56073,41.49165],[-92.56076,41.49373],[-92.56077,41.49527],[-92.56082,41.49892],[-92.56084,41.50237],[-92.56088,41.50607],[-92.56087,41.50924],[-92.56087,41.51279],[-92.56083,41.51593],[-92.56078,41.51909],[-92.56076,41.52261],[-92.56081,41.52506],[-92.56088,41.5293],[-92.56091,41.53119],[-92.56098,41.53456],[-92.56105,41.53806],[-92.56111,41.54226],[-92.56113,41.54558],[-92.56119,41.54792],[-92.56121,41.55084],[-92.56128,41.55501],[-92.56128,41.55766],[-92.56127,41.56042],[-92.56128,41.56346],[-92.56138,41.56685],[-92.5614,41.57044],[-92.5614,41.57066],[-92.56136,41.57444],[-92.56132,41.57691],[-92.56127,41.58116],[-92.56134,41.58402],[-92.56146,41.5867],[-92.56154,41.58953],[-92.56165,41.59242],[-92.56168,41.59519],[-92.5622,41.5984],[-92.56269,41.60156],[-92.56264,41.60458],[-92.56256,41.60774],[-92.5625,41.61025],[-92.56291,41.61031],[-92.5636,41.61047]]}},{"type":"Feature","properties":{"id":"104255","type":"AC; OVERHEAD","status":"IN SERVICE","owner":"MIDAMERICAN ENERGY CO","voltage":161,"voltClass":"100-161"},"geometry":{"type":"LineString","coordinates":[[-91.78114,42.10002],[-91.78191,42.09907],[-91.78246,42.09906],[-91.78243,42.09535],[-91.78628,42.09536],[-91.79076,42.09538],[-91.79223,42.0954],[-91.79396,42.09499],[-91.79648,42.09312],[-91.79818,42.09182],[-91.79989,42.09051],[-91.80156,42.08924],[-91.8027,42.08819],[-91.80354,42.08706],[-91.8039,42.08629],[-91.80418,42.08554],[-91.80436,42.08471],[-91.80441,42.08448],[-91.80443,42.08258],[-91.80441,42.07881],[-91.80441,42.07686],[-91.80439,42.07498],[-91.80439,42.07399],[-91.80438,42.07308],[-91.80438,42.0712],[-91.80439,42.06928],[-91.80437,42.06738],[-91.80448,42.06551],[-91.80331,42.06456],[-91.80128,42.06272],[-91.80028,42.0618],[-91.79827,42.05993],[-91.79725,42.05898],[-91.79618,42.05799],[-91.79514,42.05701],[-91.79408,42.05602],[-91.79301,42.05504],[-91.79195,42.05406],[-91.79089,42.05306],[-91.78868,42.05111],[-91.78757,42.0502],[-91.78529,42.04831],[-91.78414,42.04738],[-91.78297,42.04641],[-91.78187,42.04552],[-91.78074,42.04457],[-91.77961,42.04364],[-91.77845,42.04269],[-91.77731,42.04177],[-91.77615,42.04082],[-91.77498,42.03988],[-91.77385,42.03894],[-91.77268,42.03798],[-91.7714,42.03704],[-91.77003,42.03615],[-91.7688,42.03548],[-91.76715,42.03482],[-91.76571,42.03424],[-91.76421,42.03379],[-91.76259,42.03337],[-91.76098,42.03295],[-91.75939,42.03254],[-91.75779,42.03214],[-91.75609,42.03173],[-91.75445,42.0313],[-91.75298,42.0309],[-91.75148,42.03041],[-91.75,42.02984],[-91.74854,42.02929],[-91.74704,42.02869],[-91.74585,42.02824],[-91.74404,42.02768],[-91.74239,42.02759],[-91.73845,42.02848],[-91.73672,42.02874],[-91.73502,42.02864],[-91.73362,42.02823],[-91.73247,42.02763],[-91.73128,42.02701],[-91.72875,42.02563],[-91.72753,42.0248],[-91.72643,42.02391],[-91.72432,42.02215],[-91.72218,42.02038],[-91.72125,42.01961],[-91.72002,42.01874],[-91.7188,42.01791],[-91.71752,42.01729],[-91.71631,42.01653],[-91.71549,42.01525],[-91.71521,42.01334],[-91.71506,42.01243],[-91.71436,42.01163],[-91.71315,42.01107],[-91.71146,42.01098],[-91.70992,42.01139],[-91.70838,42.01183],[-91.70677,42.01217],[-91.70539,42.01234],[-91.70441,42.01227],[-91.70271,42.01194],[-91.70106,42.01159],[-91.69906,42.01095],[-91.69769,42.01024],[-91.69586,42.00914],[-91.69443,42.00827],[-91.69378,42.00784],[-91.69354,42.00768],[-91.69241,42.00705],[-91.69027,42.00589],[-91.68768,42.00462],[-91.68614,42.00389],[-91.68461,42.00318],[-91.68309,42.00248],[-91.68136,42.00169],[-91.68002,42.00106],[-91.67852,42.00036],[-91.6774,41.99937],[-91.67604,41.99777],[-91.67562,41.99699],[-91.67463,41.99514],[-91.67354,41.99305],[-91.67282,41.99173],[-91.67185,41.99045],[-91.67041,41.98975],[-91.6685,41.98942],[-91.66758,41.98842],[-91.66708,41.98702],[-91.66721,41.98675]]}},{"type":"Feature","properties":{"id":"104429","type":"AC; OVERHEAD","status":"IN SERVICE","owner":"MIDAMERICAN ENERGY CO","voltage":161,"voltClass":"100-161"},"geometry":{"type":"LineString","coordinates":[[-93.5916,41.67259],[-93.59158,41.6731],[-93.58929,41.67311],[-93.58606,41.67316],[-93.5822,41.67309],[-93.57927,41.67304],[-93.57702,41.67302],[-93.57478,41.67297],[-93.57267,41.67292],[-93.57049,41.67289],[-93.56837,41.67118],[-93.56643,41.66961],[-93.56386,41.66955],[-93.56128,41.66951],[-93.55872,41.66923],[-93.55618,41.66896],[-93.55369,41.66869],[-93.55122,41.66842],[-93.54863,41.66816],[-93.54606,41.66788],[-93.54424,41.66761],[-93.53931,41.66687],[-93.53772,41.66663],[-93.53413,41.6661],[-93.5319,41.66575],[-93.52917,41.66578],[-93.52401,41.66576],[-93.51892,41.66574],[-93.51382,41.66571],[-93.51264,41.66571],[-93.51264,41.66612],[-93.51191,41.6664]]}},{"type":"Feature","properties":{"id":"104460","type":"AC; OVERHEAD","status":"IN SERVICE","owner":"MIDAMERICAN ENERGY CO","voltage":161,"voltClass":"100-161"},"geometry":{"type":"LineString","coordinates":[[-94.75537,42.56596],[-94.75507,42.56623],[-94.75506,42.56664],[-94.75381,42.56663],[-94.7465,42.56657],[-94.72179,42.56644],[-94.7002,42.5664],[-94.69545,42.56641],[-94.68005,42.56654],[-94.67266,42.56669],[-94.66027,42.56696],[-94.65856,42.56699],[-94.65827,42.56678]]}},{"type":"Feature","properties":{"id":"104806","type":"AC; OVERHEAD","status":"IN SERVICE","owner":"MIDAMERICAN ENERGY CO","voltage":161,"voltClass":"100-161"},"geometry":{"type":"LineString","coordinates":[[-96.30519,42.60029],[-96.30569,42.59935],[-96.3065,42.59935],[-96.30766,42.59936],[-96.31038,42.59872],[-96.3223,42.59591],[-96.32697,42.5948],[-96.32783,42.59483],[-96.32878,42.59487],[-96.32943,42.59488]]}},{"type":"Feature","properties":{"id":"105528","type":"AC; OVERHEAD","status":"IN SERVICE","owner":"OMAHA PUBLIC POWER DISTRICT","voltage":161,"voltClass":"100-161"},"geometry":{"type":"LineString","coordinates":[[-95.92348,41.2517],[-95.92408,41.25106],[-95.92406,41.25057],[-95.92412,41.24903],[-95.9346,41.24912],[-95.93456,41.25015],[-95.93757,41.25021],[-95.93925,41.25024],[-95.94078,41.2503],[-95.94077,41.25107],[-95.94126,41.25117]]}},{"type":"Feature","properties":{"id":"105688","type":"AC; OVERHEAD","status":"IN SERVICE","owner":"MIDAMERICAN ENERGY CO","voltage":161,"voltClass":"100-161"},"geometry":{"type":"LineString","coordinates":[[-93.23246,42.62875],[-93.23251,42.62914],[-93.23259,42.62929],[-93.2371,42.62932],[-93.24224,42.62938],[-93.24491,42.6294],[-93.24451,42.62847],[-93.24432,42.62753],[-93.24425,42.62555],[-93.24419,42.62155],[-93.24408,42.6096],[-93.24406,42.60428],[-93.24395,42.60074],[-93.24345,42.60074],[-93.24345,42.59903],[-93.24343,42.59705],[-93.24341,42.595],[-93.24339,42.59299],[-93.24336,42.5909],[-93.24331,42.58725],[-93.24328,42.58549],[-93.24376,42.58549],[-93.24377,42.58372],[-93.24375,42.58198],[-93.24373,42.58015],[-93.24371,42.57838],[-93.24367,42.5767],[-93.24363,42.57499],[-93.24359,42.57311],[-93.24355,42.57144],[-93.24352,42.5696],[-93.2435,42.56783],[-93.24347,42.56608],[-93.24344,42.56428],[-93.24344,42.56418],[-93.24344,42.56258],[-93.24343,42.56087],[-93.2434,42.55921],[-93.24346,42.55748],[-93.24354,42.55674],[-93.24555,42.55691],[-93.24793,42.55691],[-93.25042,42.55693],[-93.25291,42.55694],[-93.25546,42.55692],[-93.25546,42.5573],[-93.25927,42.55732],[-93.26022,42.55793],[-93.26053,42.55793],[-93.26112,42.55786]]}},{"type":"Feature","properties":{"id":"105708","type":"AC; OVERHEAD","status":"IN SERVICE","owner":"MIDAMERICAN ENERGY CO","voltage":161,"voltClass":"100-161"},"geometry":{"type":"LineString","coordinates":[[-93.81187,41.66003],[-93.81335,41.6598],[-93.8134,41.65858],[-93.81419,41.65858],[-93.81435,41.65858],[-93.81434,41.65812],[-93.81433,41.65587],[-93.81428,41.65144],[-93.81423,41.64589],[-93.8146,41.64525],[-93.81459,41.64432],[-93.81457,41.64138],[-93.81457,41.64043],[-93.8153,41.64045],[-93.81592,41.64043],[-93.81646,41.64053]]}},{"type":"Feature","properties":{"id":"105797","type":"AC; OVERHEAD","status":"IN SERVICE","owner":null,"voltage":161,"voltClass":"100-161"},"geometry":{"type":"LineString","coordinates":[[-92.86168,42.04579],[-92.86143,42.04463],[-92.8607,42.04448],[-92.85381,42.04471],[-92.85374,42.04763],[-92.85367,42.05243],[-92.85363,42.05666],[-92.85374,42.05942],[-92.85393,42.06424],[-92.85391,42.06887],[-92.85393,42.07272],[-92.85398,42.07844],[-92.85218,42.07844],[-92.85025,42.07846],[-92.84834,42.07847],[-92.8464,42.07848],[-92.84452,42.07848],[-92.84282,42.07844],[-92.84114,42.07841],[-92.84061,42.07972],[-92.84008,42.0811],[-92.83954,42.08245],[-92.83902,42.08379],[-92.83836,42.0851],[-92.83734,42.08627],[-92.83613,42.08733],[-92.83494,42.08832],[-92.83374,42.08935],[-92.83251,42.09037],[-92.8313,42.09141],[-92.83009,42.0924],[-92.82887,42.09342],[-92.82765,42.09442],[-92.82643,42.09545],[-92.8252,42.09647],[-92.824,42.09747],[-92.82276,42.0985],[-92.82156,42.09949],[-92.8203,42.10054],[-92.8192,42.10144],[-92.81786,42.10255],[-92.81669,42.10354],[-92.81552,42.10455],[-92.81428,42.10557],[-92.81312,42.10651],[-92.81186,42.10756],[-92.81094,42.10835],[-92.80993,42.10916],[-92.80862,42.11014],[-92.80721,42.11105],[-92.80574,42.11187],[-92.80426,42.1127],[-92.80274,42.11355],[-92.80122,42.1144],[-92.79971,42.11524],[-92.79821,42.11607],[-92.79662,42.11694],[-92.79511,42.11777],[-92.79366,42.1186],[-92.79213,42.11948],[-92.79063,42.12034],[-92.78914,42.12119],[-92.7877,42.12202],[-92.78613,42.12302],[-92.78485,42.12402],[-92.78363,42.12519],[-92.78264,42.12649],[-92.78177,42.12786],[-92.78108,42.12926],[-92.78067,42.13068],[-92.78044,42.13218],[-92.78031,42.13358],[-92.78019,42.13502],[-92.78008,42.1364],[-92.77997,42.13781],[-92.77985,42.13919],[-92.77972,42.14075],[-92.7796,42.1422],[-92.77948,42.14366],[-92.77936,42.14512],[-92.779,42.14663],[-92.77843,42.14796],[-92.77772,42.14929],[-92.77681,42.15065],[-92.77591,42.15191],[-92.775,42.15319],[-92.77416,42.15434],[-92.77326,42.1556],[-92.77238,42.15683],[-92.7715,42.15806],[-92.77062,42.15931],[-92.76971,42.16057],[-92.76878,42.16185],[-92.76787,42.1631],[-92.76673,42.16468],[-92.76598,42.16467],[-92.76587,42.16531]]}},{"type":"Feature","properties":{"id":"105845","type":"AC; OVERHEAD","status":"IN SERVICE","owner":"OMAHA PUBLIC POWER DISTRICT","voltage":345,"voltClass":"345"},"geometry":{"type":"LineString","coordinates":[[-95.78069,40.61817],[-95.78138,40.61828],[-95.78385,40.61836],[-95.78626,40.6184],[-95.78879,40.61846],[-95.7919,40.61853],[-95.79445,40.6186],[-95.79692,40.61867],[-95.79782,40.62078],[-95.79861,40.6226],[-95.79942,40.62448],[-95.8003,40.62654],[-95.80122,40.62861],[-95.80421,40.62859],[-95.80636,40.62856],[-95.80885,40.62855],[-95.81174,40.62851],[-95.81379,40.62849],[-95.81676,40.62846],[-95.82,40.62842],[-95.82223,40.62841],[-95.82492,40.62841],[-95.82747,40.62841],[-95.83093,40.6284],[-95.8337,40.62839],[-95.83697,40.62838],[-95.84004,40.62837],[-95.84301,40.62836],[-95.8458,40.62835],[-95.8491,40.62837],[-95.85165,40.62834],[-95.85534,40.62829],[-95.85811,40.62827],[-95.86199,40.62826],[-95.86567,40.62825],[-95.86841,40.62824],[-95.87149,40.62822],[-95.87437,40.62821],[-95.87802,40.62819],[-95.88078,40.62818],[-95.88358,40.62817],[-95.88606,40.62816],[-95.88963,40.62817],[-95.8935,40.62816],[-95.89495,40.62976],[-95.89681,40.63186],[-95.89841,40.63364],[-95.89976,40.63517],[-95.90137,40.63696],[-95.90287,40.63865],[-95.90444,40.6404],[-95.906,40.64215],[-95.90615,40.64231],[-95.90769,40.64403],[-95.90925,40.64578],[-95.91174,40.6458],[-95.91398,40.6458],[-95.91794,40.64583],[-95.92028,40.64585],[-95.92306,40.64585],[-95.92531,40.64587],[-95.92552,40.64587],[-95.92796,40.64588],[-95.93048,40.64589],[-95.9333,40.64591],[-95.93577,40.64592],[-95.93889,40.64594],[-95.94239,40.64596],[-95.94553,40.64598],[-95.94906,40.646],[-95.95182,40.64601],[-95.95536,40.64601],[-95.958,40.64602],[-95.9618,40.64603],[-95.9647,40.64604],[-95.96752,40.64605],[-95.97016,40.64605],[-95.97272,40.64605],[-95.97529,40.64607],[-95.97784,40.64607],[-95.98036,40.64607],[-95.9833,40.64609],[-95.98585,40.64609],[-95.98901,40.6461],[-95.99287,40.64611],[-95.99533,40.64611],[-95.99812,40.64613],[-96.00152,40.64614],[-96.00456,40.64614],[-96.00775,40.64614],[-96.01109,40.64614],[-96.01419,40.64613],[-96.01777,40.64614],[-96.02064,40.64619],[-96.02064,40.64817],[-96.02065,40.65016],[-96.02068,40.65217],[-96.02069,40.65447],[-96.02073,40.65664],[-96.02076,40.65883],[-96.02078,40.66063],[-96.02078,40.66234],[-96.0208,40.6643],[-96.02081,40.66597],[-96.02085,40.66784],[-96.02086,40.66965],[-96.02088,40.67176],[-96.02091,40.67377],[-96.02093,40.6748],[-96.02094,40.6758],[-96.02095,40.67778],[-96.02097,40.67987],[-96.02099,40.68191],[-96.02103,40.68418],[-96.02103,40.68624],[-96.02107,40.68895],[-96.02109,40.69088],[-96.02108,40.6934],[-96.02242,40.69532],[-96.02373,40.69725],[-96.02487,40.69894],[-96.02623,40.70094],[-96.0274,40.70269],[-96.02858,40.70442],[-96.02988,40.70633],[-96.03107,40.70808],[-96.03107,40.70998],[-96.03104,40.71211],[-96.03109,40.71443],[-96.03107,40.71659],[-96.03107,40.71871],[-96.03107,40.71873],[-96.03108,40.72122],[-96.03108,40.72364],[-96.03108,40.72594],[-96.03108,40.72815],[-96.03109,40.73066],[-96.03107,40.73249],[-96.03109,40.73453],[-96.0311,40.73701],[-96.03108,40.73932],[-96.03111,40.74189],[-96.03112,40.74422],[-96.03111,40.74655],[-96.03111,40.7486],[-96.03111,40.75062],[-96.03111,40.75343],[-96.03113,40.75526],[-96.03109,40.75771],[-96.03109,40.75987],[-96.03106,40.76192],[-96.03105,40.76406],[-96.03105,40.76656],[-96.03103,40.76899],[-96.03101,40.77129],[-96.03099,40.77384],[-96.03097,40.77593],[-96.03094,40.77812],[-96.03094,40.78039],[-96.03096,40.78311],[-96.03099,40.78555],[-96.03099,40.78779],[-96.031,40.79021],[-96.03101,40.7923],[-96.03102,40.79489],[-96.03103,40.79683],[-96.03106,40.799],[-96.03106,40.80141],[-96.03106,40.80392],[-96.03109,40.80586],[-96.03109,40.80864],[-96.03112,40.81088],[-96.03111,40.81294],[-96.03205,40.8146],[-96.03302,40.81634],[-96.03415,40.81838],[-96.03538,40.82053],[-96.03537,40.8224],[-96.03539,40.82533],[-96.03541,40.82799],[-96.03541,40.83086],[-96.03542,40.83411],[-96.03544,40.83599],[-96.03545,40.83889],[-96.03553,40.84112],[-96.03548,40.84391],[-96.0355,40.84592],[-96.03549,40.84778],[-96.0355,40.85044],[-96.03554,40.8527],[-96.03552,40.85513],[-96.03553,40.85702],[-96.0355,40.85923],[-96.03545,40.86114],[-96.03537,40.86319],[-96.03531,40.86535],[-96.03525,40.86785],[-96.0352,40.87003],[-96.03517,40.87205],[-96.03516,40.87424],[-96.03517,40.87662],[-96.03516,40.87906],[-96.03515,40.88112],[-96.03515,40.88338],[-96.03514,40.88541],[-96.03514,40.88821],[-96.03513,40.89023],[-96.03512,40.89313],[-96.03511,40.89549],[-96.0351,40.89784],[-96.03511,40.90025],[-96.03508,40.90259],[-96.03509,40.90508],[-96.03508,40.90761],[-96.03506,40.9096],[-96.03507,40.91159],[-96.03506,40.91372],[-96.03506,40.91597],[-96.03498,40.91823],[-96.03508,40.92031],[-96.03507,40.92213],[-96.03242,40.9221],[-96.02888,40.92207],[-96.02503,40.92205],[-96.02221,40.92206],[-96.01883,40.92208],[-96.01651,40.92209],[-96.01318,40.92209],[-96.01073,40.9221],[-96.00675,40.92213],[-96.00383,40.92215],[-96.0001,40.92217],[-95.99665,40.92218],[-95.99282,40.92219],[-95.98968,40.92221],[-95.98569,40.92223],[-95.98215,40.92224],[-95.97882,40.92224],[-95.97538,40.92225],[-95.97273,40.92226],[-95.96873,40.92226],[-95.96872,40.92382],[-95.96873,40.92634],[-95.96876,40.92805],[-95.96875,40.93077],[-95.96876,40.9335],[-95.96877,40.93582],[-95.96877,40.9386],[-95.96877,40.94136],[-95.96877,40.94395],[-95.96869,40.94633],[-95.96856,40.9487],[-95.96703,40.9487],[-95.96649,40.9487],[-95.96649,40.94896]]}},{"type":"Feature","properties":{"id":"105846","type":"AC; OVERHEAD","status":"IN SERVICE","owner":"LINCOLN ELECTRIC SYSTEM","voltage":115,"voltClass":"100-161"},"geometry":{"type":"LineString","coordinates":[[-96.60767,40.90919],[-96.60847,40.90917],[-96.60872,40.90916],[-96.60955,40.90937],[-96.61037,40.9096],[-96.61117,40.90983],[-96.61185,40.90981],[-96.6119,40.90954]]}},{"type":"Feature","properties":{"id":"105982","type":"AC; OVERHEAD","status":"IN SERVICE","owner":"AMERICAN TRANSMISSION CO","voltage":138,"voltClass":"100-161"},"geometry":{"type":"LineString","coordinates":[[-90.68357,42.83461],[-90.68404,42.8346],[-90.68654,42.83341],[-90.69529,42.82912],[-90.70454,42.82466],[-90.72502,42.81467],[-90.73196,42.81133],[-90.73693,42.81047],[-90.74849,42.8084],[-90.76453,42.80391],[-90.77726,42.80043],[-90.79824,42.79427],[-90.82113,42.78736],[-90.82349,42.78664],[-90.83973,42.78443],[-90.84812,42.78329],[-90.86281,42.7792],[-90.87863,42.77475],[-90.89294,42.77074],[-90.89673,42.769],[-90.90228,42.76653],[-90.92328,42.75697],[-90.93038,42.75377],[-90.94096,42.74964],[-90.95016,42.7459],[-90.95539,42.74384],[-90.96343,42.74052],[-90.97562,42.73572],[-90.98135,42.73332],[-90.98792,42.73078],[-90.99352,42.72829],[-90.99734,42.72736],[-91.00301,42.72614],[-91.00451,42.72572],[-91.007,42.7238],[-91.00717,42.72296]]}},{"type":"Feature","properties":{"id":"106068","type":"AC; OVERHEAD","status":"IN SERVICE","owner":null,"voltage":161,"voltClass":"100-161"},"geometry":{"type":"LineString","coordinates":[[-91.78114,42.10002],[-91.78192,42.0992],[-91.78274,42.09918],[-91.78268,42.09554],[-91.78507,42.09554],[-91.78747,42.09556],[-91.78986,42.09558],[-91.7923,42.09559],[-91.79428,42.09508],[-91.79614,42.09367],[-91.79995,42.09079],[-91.8018,42.0894],[-91.80294,42.08833],[-91.80384,42.08714],[-91.80444,42.08585],[-91.80475,42.08449],[-91.80477,42.08311],[-91.80474,42.0812],[-91.80475,42.07735],[-91.80475,42.07542],[-91.80472,42.07348],[-91.80476,42.06965],[-91.80907,42.06964],[-91.81217,42.06962],[-91.81385,42.06595],[-91.81379,42.06249],[-91.81376,42.05885],[-91.81377,42.05512],[-91.81373,42.05191],[-91.81384,42.0505],[-91.81386,42.04799],[-91.81399,42.0443],[-91.81346,42.04069],[-91.81307,42.03713],[-91.8131,42.0331],[-91.81304,42.02958],[-91.81037,42.02964],[-91.80788,42.02947],[-91.80789,42.02582],[-91.80781,42.02252],[-91.80808,42.0194],[-91.80836,42.01586],[-91.80846,42.01227],[-91.8086,42.00772],[-91.80889,42.00409],[-91.80876,42.00058],[-91.80852,41.99823],[-91.80856,41.99563],[-91.80859,41.99327],[-91.80395,41.99329],[-91.80392,41.98953],[-91.80395,41.98589],[-91.80389,41.98228],[-91.80389,41.97872],[-91.80384,41.975],[-91.80384,41.97135],[-91.80383,41.9675],[-91.80392,41.96368],[-91.80389,41.96044],[-91.80392,41.95669],[-91.80392,41.95319],[-91.80392,41.94955],[-91.80389,41.94575],[-91.80395,41.94197],[-91.80386,41.93833],[-91.80366,41.93464],[-91.80353,41.931],[-91.79931,41.93106],[-91.79405,41.93103],[-91.79394,41.92903],[-91.79386,41.92714],[-91.79381,41.92541],[-91.79375,41.92404],[-91.79373,41.92268],[-91.79361,41.91983],[-91.78967,41.92011],[-91.78311,41.92055],[-91.78123,41.92068],[-91.77893,41.9207],[-91.77421,41.92068],[-91.77016,41.92069],[-91.76563,41.92069],[-91.76564,41.91561],[-91.76778,41.91555],[-91.77011,41.9155],[-91.77241,41.91553],[-91.77285,41.9151]]}},{"type":"Feature","properties":{"id":"106135","type":"AC; OVERHEAD","status":"IN SERVICE","owner":"CITY OF MILFORD - (IA)","voltage":161,"voltClass":"100-161"},"geometry":{"type":"LineString","coordinates":[[-95.24046,43.43133],[-95.24017,43.43137],[-95.23988,43.43135]]}},{"type":"Feature","properties":{"id":"158094","type":"AC; OVERHEAD","status":"IN SERVICE","owner":"MIDAMERICAN ENERGY CO","voltage":345,"voltClass":"345"},"geometry":{"type":"LineString","coordinates":[[-90.66408,42.40211],[-90.6651,42.40191],[-90.6652,42.37224],[-90.67503,42.36402],[-90.67501,42.36039],[-90.69035,42.3605],[-90.70141,42.36038],[-90.70988,42.36046],[-90.72753,42.3606],[-90.72888,42.36043],[-90.73486,42.36037],[-90.74474,42.36056],[-90.76012,42.36036],[-90.78059,42.36029],[-90.80084,42.3602],[-90.80099,42.36016],[-90.80092,42.36336],[-90.80596,42.36744],[-90.82488,42.36745],[-90.8306,42.36746],[-90.83063,42.3711],[-90.84023,42.37116],[-90.84025,42.39429],[-90.84023,42.39649],[-90.84873,42.39649],[-90.84882,42.39885],[-90.84979,42.4011],[-90.84994,42.40484],[-90.84982,42.41724],[-90.84982,42.42172],[-90.85003,42.42562],[-90.86534,42.42576],[-90.88949,42.42584],[-90.88938,42.44189],[-90.8894,42.45263],[-90.88931,42.45872],[-90.88911,42.4706],[-90.88798,42.47578],[-90.88804,42.49359],[-90.88807,42.49966],[-90.89789,42.49975],[-90.89809,42.51441],[-90.89839,42.53113],[-90.89809,42.53604],[-90.89821,42.5413],[-90.89814,42.5432],[-90.90106,42.54317],[-90.91123,42.543],[-90.91756,42.54292],[-90.92768,42.54311],[-90.9365,42.5432],[-90.94407,42.54333],[-90.95379,42.54343],[-90.96342,42.54362],[-90.98147,42.54397],[-90.99119,42.54417],[-91.00288,42.54424],[-91.0128,42.54432],[-91.02392,42.54442],[-91.03552,42.5445],[-91.04198,42.54472],[-91.04515,42.54456],[-91.05501,42.54461],[-91.06646,42.54458],[-91.07753,42.54457],[-91.08461,42.54453],[-91.09162,42.54322],[-91.09443,42.54431],[-91.09507,42.54423],[-91.09703,42.54422],[-91.10707,42.54412],[-91.1143,42.54405],[-91.1175,42.54522],[-91.12651,42.54509],[-91.13524,42.54498],[-91.14645,42.54496],[-91.1537,42.54491],[-91.15664,42.54594],[-91.16232,42.54789],[-91.16886,42.54785],[-91.18116,42.54783],[-91.19409,42.54776],[-91.20192,42.54757],[-91.21168,42.54744],[-91.21763,42.55137],[-91.22641,42.55138],[-91.23587,42.55137],[-91.24535,42.55124],[-91.25295,42.55109],[-91.26087,42.55114],[-91.26965,42.55113],[-91.28068,42.55096],[-91.28282,42.55091],[-91.29284,42.55066],[-91.29839,42.55069],[-91.30649,42.55072],[-91.31573,42.55069],[-91.32442,42.55061],[-91.33535,42.55042],[-91.33861,42.55034],[-91.34421,42.55029],[-91.35617,42.55029],[-91.35863,42.55029],[-91.37449,42.55021],[-91.38303,42.55016],[-91.3885,42.5501],[-91.39524,42.55381],[-91.40052,42.55376],[-91.40488,42.55385],[-91.40598,42.55348],[-91.41365,42.55279],[-91.4165,42.55286],[-91.42686,42.55328],[-91.43652,42.55366],[-91.44852,42.55353],[-91.45775,42.55345],[-91.46575,42.55338],[-91.47788,42.55324],[-91.4881,42.55319],[-91.49051,42.55315],[-91.49786,42.55356],[-91.50205,42.55386],[-91.51027,42.5532],[-91.51544,42.55279],[-91.52415,42.55298],[-91.53,42.55315],[-91.54379,42.55309],[-91.55315,42.55307],[-91.57334,42.55306],[-91.57913,42.5531],[-91.57933,42.55526],[-91.57995,42.55542],[-91.58006,42.55677],[-91.57918,42.55689],[-91.57925,42.55856],[-91.57888,42.56711],[-91.57892,42.57385],[-91.5859,42.5786],[-91.59359,42.5786],[-91.60649,42.57859],[-91.62089,42.57853],[-91.63419,42.57854],[-91.64853,42.57847],[-91.66496,42.57828],[-91.67845,42.57808],[-91.69247,42.57798],[-91.70299,42.57798],[-91.7119,42.57791],[-91.72154,42.57784],[-91.72927,42.57778],[-91.73711,42.57773],[-91.74463,42.57773],[-91.75481,42.57775],[-91.7668,42.57778],[-91.77678,42.57796],[-91.77918,42.578],[-91.78904,42.5781],[-91.80135,42.57808],[-91.80875,42.57814],[-91.81631,42.57819],[-91.82129,42.57797],[-91.82828,42.57802],[-91.83069,42.57803],[-91.83579,42.57831],[-91.83837,42.57831],[-91.84538,42.57838],[-91.84773,42.57856],[-91.85055,42.57838],[-91.85542,42.57832],[-91.85813,42.57848],[-91.861,42.57867],[-91.86475,42.58106],[-91.86582,42.58176],[-91.8761,42.58169],[-91.88493,42.58157],[-91.89045,42.58146],[-91.89487,42.58134],[-91.89973,42.58448],[-91.90056,42.58513],[-91.90067,42.58551],[-91.9019,42.58591]]}},{"type":"Feature","properties":{"id":"104013","type":"AC; OVERHEAD","status":"IN SERVICE","owner":"LINCOLN ELECTRIC SYSTEM","voltage":115,"voltClass":"100-161"},"geometry":{"type":"LineString","coordinates":[[-96.59582,40.8144],[-96.59663,40.8144],[-96.59663,40.81307],[-96.59665,40.8111],[-96.59666,40.8081],[-96.59666,40.80565],[-96.59667,40.80291],[-96.59668,40.80101],[-96.59668,40.79831],[-96.5967,40.79555],[-96.59882,40.79403],[-96.60093,40.79253],[-96.60315,40.79095],[-96.60579,40.78907],[-96.60795,40.78752],[-96.61046,40.78574],[-96.61317,40.78381],[-96.61581,40.78193],[-96.61785,40.78048],[-96.62285,40.77692],[-96.62568,40.77489],[-96.62566,40.77476],[-96.62578,40.77441]]}},{"type":"Feature","properties":{"id":"104014","type":"AC; OVERHEAD","status":"IN SERVICE","owner":"MIDAMERICAN ENERGY CO","voltage":115,"voltClass":"100-161"},"geometry":{"type":"LineString","coordinates":[[-91.73627,41.98593],[-91.73544,41.98597],[-91.7354,41.98457],[-91.73539,41.98284],[-91.73541,41.98032],[-91.73545,41.9766],[-91.73545,41.97308],[-91.73548,41.9674],[-91.73547,41.96367],[-91.7355,41.96047],[-91.73553,41.9564],[-91.73555,41.95364],[-91.7356,41.95059],[-91.73561,41.94911],[-91.73564,41.94724],[-91.73564,41.94713],[-91.73464,41.9463],[-91.73285,41.94484],[-91.73155,41.94379],[-91.73119,41.94349],[-91.72905,41.94278],[-91.72653,41.94196],[-91.72341,41.94198],[-91.72206,41.94199],[-91.72086,41.942],[-91.71915,41.94108],[-91.71803,41.94048],[-91.71647,41.94013],[-91.71385,41.94016],[-91.71288,41.94015],[-91.71164,41.94015],[-91.70909,41.94014],[-91.70682,41.94013],[-91.7059,41.94012],[-91.70324,41.94011],[-91.7005,41.94009],[-91.7002,41.94009],[-91.69896,41.94034],[-91.69635,41.94088],[-91.69382,41.9414],[-91.69138,41.94191],[-91.68929,41.94187],[-91.68568,41.94181],[-91.68249,41.94176],[-91.68138,41.94174]]}},{"type":"Feature","properties":{"id":"104097","type":"AC; OVERHEAD","status":"IN SERVICE","owner":"MIDAMERICAN ENERGY CO","voltage":161,"voltClass":"100-161"},"geometry":{"type":"LineString","coordinates":[[-90.26959,41.5662],[-90.26939,41.56603],[-90.26896,41.56603],[-90.26875,41.56393],[-90.26864,41.56205],[-90.26852,41.56016],[-90.26839,41.55829],[-90.26838,41.55657]]}},{"type":"Feature","properties":{"id":"106181","type":"AC; OVERHEAD","status":"IN SERVICE","owner":null,"voltage":138,"voltClass":"100-161"},"geometry":{"type":"LineString","coordinates":[[-90.03032,40.5356],[-90.03059,40.5357],[-90.03411,40.5357],[-90.03895,40.53546],[-90.04856,40.5365],[-90.05786,40.53609],[-90.06438,40.53672],[-90.07329,40.53848],[-90.0825,40.53432],[-90.09707,40.52798],[-90.10052,40.52679],[-90.10445,40.52556],[-90.13363,40.51613],[-90.13569,40.51685],[-90.15783,40.51682],[-90.17809,40.51687],[-90.19308,40.51698],[-90.22124,40.51699],[-90.24022,40.51514],[-90.24377,40.51393]]}},{"type":"Feature","properties":{"id":"106398","type":"AC; OVERHEAD","status":"IN SERVICE","owner":"MIDAMERICAN ENERGY CO","voltage":345,"voltClass":"345"},"geometry":{"type":"LineString","coordinates":[[-90.30627,41.72652],[-90.30408,41.72675],[-90.29711,41.72696],[-90.29376,41.73193],[-90.28589,41.74978],[-90.28573,41.75667],[-90.28656,41.75902],[-90.28814,41.76404],[-90.28917,41.76716],[-90.28985,41.76945],[-90.29041,41.77307],[-90.29085,41.7759],[-90.2914,41.7794],[-90.29203,41.78207],[-90.29248,41.78446],[-90.29291,41.78666],[-90.29383,41.78817],[-90.29487,41.7903],[-90.2954,41.791]]}},{"type":"Feature","properties":{"id":"161924","type":"AC; OVERHEAD","status":"IN SERVICE","owner":null,"voltage":138,"voltClass":"100-161"},"geometry":{"type":"LineString","coordinates":[[-90.32981,40.97318],[-90.33044,40.97377],[-90.33179,40.97399],[-90.33261,40.97162],[-90.33086,40.96948],[-90.33094,40.96759],[-90.33085,40.966],[-90.33087,40.96584],[-90.33098,40.96201],[-90.331,40.96159],[-90.33118,40.9547],[-90.33127,40.95123],[-90.33059,40.9488],[-90.33036,40.94739],[-90.33012,40.94691],[-90.33015,40.9467],[-90.33061,40.9439],[-90.33095,40.94183],[-90.3312,40.9403],[-90.33117,40.94016],[-90.33121,40.93925],[-90.33122,40.93917],[-90.33126,40.93869],[-90.33132,40.93281],[-90.33133,40.93187],[-90.33134,40.93167],[-90.33134,40.93124],[-90.33137,40.92967],[-90.3314,40.92794],[-90.33152,40.92192],[-90.33159,40.91828],[-90.37538,40.9184],[-90.38136,40.91859],[-90.38472,40.91868],[-90.38572,40.91854],[-90.38648,40.91822],[-90.39162,40.91826],[-90.39809,40.91831],[-90.39802,40.92331],[-90.39856,40.92631],[-90.39841,40.93304],[-90.39833,40.93366],[-90.3985,40.93421]]}},{"type":"Feature","properties":{"id":"106495","type":"AC; OVERHEAD","status":"IN SERVICE","owner":"AMERICAN TRANSMISSION CO","voltage":138,"voltClass":"100-161"},"geometry":{"type":"LineString","coordinates":[[-90.46629,42.71863],[-90.46454,42.71852],[-90.46242,42.71844],[-90.45311,42.71848],[-90.43849,42.71846],[-90.42151,42.71832],[-90.41026,42.71832],[-90.40436,42.71843],[-90.38714,42.71868],[-90.37727,42.71878],[-90.37039,42.71884],[-90.35386,42.71906],[-90.33784,42.71928],[-90.32599,42.71881],[-90.32115,42.71863],[-90.30479,42.71806],[-90.30048,42.71351],[-90.29607,42.71218],[-90.28481,42.70868],[-90.26811,42.70356],[-90.24839,42.6973],[-90.23444,42.69313],[-90.21742,42.68802],[-90.21048,42.68596],[-90.20155,42.68414],[-90.18244,42.68022],[-90.16711,42.67707],[-90.15063,42.67367],[-90.13382,42.67018],[-90.13212,42.66987],[-90.11859,42.66953],[-90.1149,42.66942],[-90.11449,42.66871],[-90.11406,42.6683],[-90.11375,42.66862]]}},{"type":"Feature","properties":{"id":"106534","type":"AC; OVERHEAD","status":"IN SERVICE","owner":null,"voltage":230,"voltClass":"220-287"},"geometry":{"type":"LineString","coordinates":[[-96.649,43.59915],[-96.64794,43.59957],[-96.64576,43.6001],[-96.64153,43.59953],[-96.6371,43.59888],[-96.634,43.59783],[-96.6337,43.59767],[-96.63208,43.59592],[-96.63129,43.59505],[-96.63091,43.59466],[-96.62871,43.59224],[-96.62635,43.58969],[-96.62418,43.58736],[-96.62376,43.58685],[-96.62343,43.58439],[-96.62311,43.58193],[-96.62324,43.57931],[-96.62338,43.57658],[-96.62351,43.5737],[-96.6237,43.57057],[-96.62386,43.56741],[-96.62403,43.56413],[-96.62418,43.56057],[-96.62404,43.5573],[-96.62391,43.55424],[-96.62375,43.55084],[-96.62364,43.5481],[-96.62349,43.54494],[-96.62335,43.54179],[-96.62322,43.5385],[-96.62308,43.53525],[-96.62295,43.53242],[-96.62275,43.52896],[-96.62261,43.5259],[-96.62244,43.52274],[-96.62228,43.51972],[-96.62213,43.51671],[-96.62196,43.51382],[-96.6218,43.51053],[-96.62162,43.50735],[-96.62106,43.50454],[-96.62051,43.50169],[-96.61996,43.49884],[-96.6194,43.496],[-96.61884,43.49323],[-96.61906,43.4903],[-96.61928,43.48732],[-96.61947,43.4844],[-96.61969,43.48146],[-96.6199,43.4785],[-96.62196,43.47569],[-96.62399,43.47297],[-96.62756,43.47107],[-96.63112,43.46917],[-96.63466,43.46727],[-96.63821,43.46537],[-96.64175,43.46348],[-96.64528,43.46159],[-96.64832,43.45996],[-96.65169,43.45817],[-96.6551,43.45635],[-96.65849,43.45452],[-96.66152,43.4529],[-96.66456,43.45126],[-96.66762,43.44963],[-96.67118,43.44785],[-96.67553,43.44758],[-96.67981,43.44743],[-96.68414,43.44726],[-96.68843,43.4471],[-96.69262,43.44634],[-96.69685,43.44564],[-96.69993,43.44502],[-96.7031,43.44447],[-96.70719,43.44434],[-96.71073,43.44423],[-96.71429,43.44413],[-96.71783,43.44399],[-96.72227,43.44354],[-96.72658,43.44308],[-96.73031,43.44269],[-96.73444,43.44227],[-96.73871,43.44182],[-96.74296,43.44137],[-96.74695,43.44095],[-96.75126,43.4405],[-96.75532,43.44006],[-96.7595,43.43963],[-96.76374,43.43917],[-96.76796,43.43872],[-96.77221,43.43828],[-96.7765,43.43782],[-96.78078,43.43736],[-96.7851,43.43691],[-96.78916,43.43641],[-96.79222,43.4354],[-96.79527,43.43431],[-96.79866,43.4331],[-96.80281,43.43162],[-96.80693,43.43014],[-96.81045,43.42888],[-96.81399,43.42762],[-96.81636,43.42672],[-96.818,43.4259],[-96.82187,43.42425],[-96.82571,43.42261],[-96.82911,43.42116],[-96.8326,43.41966],[-96.83327,43.41924],[-96.83373,43.41922],[-96.83459,43.41869]]}},{"type":"Feature","properties":{"id":"106603","type":"AC; OVERHEAD","status":"IN SERVICE","owner":"MIDAMERICAN ENERGY CO","voltage":161,"voltClass":"100-161"},"geometry":{"type":"LineString","coordinates":[[-90.46185,41.4395],[-90.46091,41.43934],[-90.45434,41.43941],[-90.45062,41.43939],[-90.44656,41.43939],[-90.44388,41.43717],[-90.44192,41.43557],[-90.43826,41.43561],[-90.43451,41.43564],[-90.43075,41.43549],[-90.42779,41.43553],[-90.42508,41.43559],[-90.42112,41.43549],[-90.41735,41.43541],[-90.4133,41.43528],[-90.40928,41.43514],[-90.40589,41.4363],[-90.40222,41.43762],[-90.39935,41.43857],[-90.39582,41.44053],[-90.39261,41.44238],[-90.38943,41.44416],[-90.38592,41.44612],[-90.38243,41.44809],[-90.38159,41.45124],[-90.38156,41.45394],[-90.38152,41.4568],[-90.38153,41.45978],[-90.38155,41.46292],[-90.38155,41.46616],[-90.3799,41.46881],[-90.3783,41.47137],[-90.3767,41.47395],[-90.37475,41.47676],[-90.37281,41.47957],[-90.37086,41.48241],[-90.37052,41.48292],[-90.36897,41.48518],[-90.36741,41.48815],[-90.36581,41.49117],[-90.36423,41.49423],[-90.3636,41.4975],[-90.36293,41.50074],[-90.36012,41.50299],[-90.35731,41.50523],[-90.35624,41.5084],[-90.35529,41.51107],[-90.35434,41.51371],[-90.35341,41.51639],[-90.35248,41.51906],[-90.35247,41.52098],[-90.35234,41.52282],[-90.35479,41.52404],[-90.35503,41.52484],[-90.35394,41.52571]]}},{"type":"Feature","properties":{"id":"106656","type":"AC; OVERHEAD","status":"IN SERVICE","owner":"MIDAMERICAN ENERGY CO","voltage":345,"voltClass":"345"},"geometry":{"type":"LineString","coordinates":[[-90.27978,41.71389],[-90.28233,41.71383],[-90.28231,41.71195],[-90.28232,41.70984],[-90.28233,41.70783],[-90.28232,41.7058],[-90.28235,41.70366],[-90.28235,41.70166],[-90.28233,41.69953],[-90.28234,41.6972],[-90.28234,41.69507],[-90.28233,41.69293],[-90.28235,41.69063],[-90.28236,41.6883],[-90.28236,41.68619],[-90.28239,41.68402],[-90.28238,41.68185],[-90.28241,41.67971],[-90.28242,41.67753],[-90.28243,41.67524],[-90.28242,41.67258],[-90.2819,41.67042],[-90.28203,41.66771],[-90.28213,41.66599],[-90.28224,41.66415],[-90.28234,41.66222],[-90.28244,41.66033],[-90.28246,41.65827],[-90.28241,41.65648],[-90.28244,41.65428],[-90.28244,41.65255],[-90.28248,41.65011],[-90.28248,41.64827],[-90.28248,41.64589],[-90.28249,41.6436],[-90.28251,41.64144],[-90.28252,41.6396],[-90.28253,41.63719],[-90.2825,41.63462],[-90.28252,41.63222],[-90.28253,41.63011],[-90.28254,41.6274],[-90.28141,41.62486],[-90.28036,41.62247],[-90.27919,41.61987],[-90.27926,41.61718],[-90.27928,41.61473],[-90.27932,41.6122],[-90.27938,41.60965],[-90.27944,41.60732],[-90.27949,41.605],[-90.27952,41.60308],[-90.27955,41.601],[-90.27959,41.59877],[-90.27961,41.59678],[-90.27966,41.59494],[-90.27969,41.59241],[-90.27973,41.59016],[-90.27978,41.58773],[-90.27978,41.58572],[-90.27982,41.58385],[-90.27989,41.58155],[-90.27991,41.57893],[-90.27994,41.57633],[-90.27999,41.57404],[-90.28002,41.57207],[-90.28004,41.56968],[-90.2801,41.56687],[-90.28009,41.56516],[-90.28014,41.56272],[-90.28022,41.56076],[-90.28026,41.55869],[-90.28032,41.55616],[-90.28041,41.55326],[-90.2836,41.55192],[-90.28611,41.55085],[-90.28873,41.54972],[-90.29136,41.54861],[-90.29388,41.54754],[-90.29638,41.54648],[-90.29852,41.54554],[-90.30117,41.54442],[-90.30381,41.54329],[-90.30644,41.54217],[-90.30899,41.5411],[-90.31173,41.53992],[-90.31446,41.53876],[-90.31706,41.53761],[-90.31953,41.53659],[-90.32175,41.53562],[-90.32436,41.5345],[-90.32703,41.53336],[-90.32976,41.53218],[-90.33259,41.53097],[-90.33508,41.52992],[-90.33756,41.52888],[-90.34074,41.52749],[-90.34411,41.52737],[-90.34708,41.52732],[-90.35009,41.52727],[-90.35282,41.5256],[-90.35394,41.52571]]}},{"type":"Feature","properties":{"id":"106688","type":"AC; OVERHEAD","status":"IN SERVICE","owner":"OMAHA PUBLIC POWER DISTRICT","voltage":161,"voltClass":"100-161"},"geometry":{"type":"LineString","coordinates":[[-96.08002,41.27913],[-96.08037,41.27982],[-96.08056,41.28022],[-96.07976,41.28112],[-96.07941,41.2815],[-96.07786,41.28323],[-96.077,41.28418],[-96.07341,41.28484],[-96.07399,41.28754],[-96.07377,41.28916],[-96.07286,41.29142],[-96.07187,41.29405],[-96.0723,41.29695],[-96.07191,41.29974],[-96.07188,41.3023],[-96.0719,41.30494],[-96.07239,41.30654],[-96.07255,41.30707],[-96.07185,41.30843],[-96.07155,41.31034],[-96.07125,41.31319],[-96.07125,41.31523],[-96.07124,41.31759],[-96.07123,41.3205],[-96.07122,41.32256],[-96.07121,41.32508],[-96.0712,41.32653],[-96.0712,41.3291],[-96.0712,41.33201],[-96.0712,41.33483],[-96.0712,41.33553],[-96.0701,41.33553],[-96.06849,41.33553],[-96.06724,41.33553],[-96.06599,41.33553],[-96.06453,41.33553],[-96.06308,41.33553],[-96.06144,41.33554],[-96.05967,41.33554],[-96.05807,41.33555],[-96.05564,41.33603],[-96.05322,41.33653],[-96.05086,41.337],[-96.04904,41.3382],[-96.04709,41.33945],[-96.0453,41.34061],[-96.04357,41.34171],[-96.04181,41.34283],[-96.03862,41.34295],[-96.0361,41.34293],[-96.03294,41.34293],[-96.03028,41.34295],[-96.02621,41.34309],[-96.0232,41.34322],[-96.01913,41.34356],[-96.01666,41.34289],[-96.01322,41.34277],[-96.00901,41.34277],[-96.00549,41.34277],[-96.00387,41.34287],[-96.00347,41.34301]]}},{"type":"Feature","properties":{"id":"108404","type":"AC; OVERHEAD","status":"IN SERVICE","owner":"MIDAMERICAN ENERGY CO","voltage":115,"voltClass":"100-161"},"geometry":{"type":"LineString","coordinates":[[-91.68138,41.94174],[-91.68126,41.94105]]}},{"type":"Feature","properties":{"id":"108590","type":"AC; OVERHEAD","status":"IN SERVICE","owner":"MIDAMERICAN ENERGY CO","voltage":161,"voltClass":"100-161"},"geometry":{"type":"LineString","coordinates":[[-90.61191,41.44237],[-90.61267,41.44228],[-90.61288,41.44228],[-90.61775,41.44235],[-90.61997,41.44238],[-90.62305,41.44241],[-90.62569,41.44244],[-90.63078,41.44248],[-90.6327,41.44347],[-90.63451,41.44439],[-90.63664,41.44547],[-90.63882,41.44656],[-90.64097,41.44766],[-90.64304,41.44871],[-90.64528,41.44983],[-90.64731,41.45093],[-90.64832,41.45258],[-90.64927,41.45422],[-90.65027,41.45607],[-90.65227,41.45917],[-90.65504,41.46433],[-90.65747,41.46895],[-90.65947,41.47228],[-90.66009,41.47456],[-90.66062,41.47648],[-90.66101,41.47811],[-90.66154,41.48008],[-90.6621,41.48193],[-90.66261,41.48375],[-90.663,41.4852],[-90.66347,41.4871],[-90.66407,41.48926],[-90.66464,41.49139],[-90.66552,41.49455],[-90.66599,41.49618],[-90.66651,41.49813],[-90.66704,41.5],[-90.66726,41.50097],[-90.66769,41.50244],[-90.66805,41.50365],[-90.66853,41.50545],[-90.6691,41.50747],[-90.66959,41.50938],[-90.67009,41.51096],[-90.67059,41.51255],[-90.67111,41.51412],[-90.6718,41.51635],[-90.67237,41.51823],[-90.67298,41.52008],[-90.67344,41.52167],[-90.67451,41.5252],[-90.67528,41.5274],[-90.67577,41.52911],[-90.67632,41.5309],[-90.67771,41.53237],[-90.67914,41.53389],[-90.68073,41.53561],[-90.68228,41.53724],[-90.68356,41.53857],[-90.68355,41.54],[-90.68353,41.54157],[-90.68351,41.54322],[-90.68348,41.54542],[-90.68346,41.54755],[-90.68345,41.54953],[-90.68343,41.55159],[-90.68342,41.55348],[-90.68342,41.55541],[-90.68407,41.55709],[-90.68485,41.55909],[-90.68565,41.56112],[-90.68643,41.56315],[-90.68727,41.56585],[-90.68783,41.56762],[-90.68845,41.56967],[-90.68906,41.57172],[-90.68953,41.57332],[-90.68964,41.57375],[-90.69019,41.57463]]}},{"type":"Feature","properties":{"id":"108698","type":"AC; OVERHEAD","status":"IN SERVICE","owner":null,"voltage":161,"voltClass":"100-161"},"geometry":{"type":"LineString","coordinates":[[-93.10289,43.38687],[-93.10236,43.38713],[-93.1024,43.38742],[-93.10069,43.38745],[-93.09516,43.39231],[-93.08687,43.39967],[-93.07892,43.4067],[-93.0705,43.41411],[-93.06228,43.42144],[-93.05429,43.4284],[-93.05084,43.43093],[-93.04492,43.43428],[-93.03612,43.4397],[-93.03053,43.44369],[-93.02012,43.45086],[-93.01437,43.45483],[-93.00592,43.46056],[-93.00095,43.4608],[-92.99218,43.46551],[-92.9844,43.46553],[-92.97223,43.46532],[-92.96762,43.46809],[-92.96029,43.46906],[-92.95464,43.46948],[-92.95298,43.47289],[-92.94122,43.47329],[-92.93809,43.47619],[-92.92518,43.47631],[-92.91515,43.48017],[-92.90284,43.48013],[-92.89238,43.48039],[-92.88045,43.48033],[-92.87736,43.48047],[-92.87058,43.48046],[-92.86761,43.48026],[-92.86046,43.48023],[-92.8479,43.48004],[-92.83804,43.48011],[-92.83059,43.48009],[-92.81305,43.47993],[-92.81053,43.47988],[-92.80034,43.47978],[-92.79023,43.47972],[-92.78255,43.47977],[-92.76224,43.4799],[-92.7497,43.47969],[-92.7417,43.4797],[-92.72997,43.47968],[-92.72252,43.47973],[-92.72238,43.4851],[-92.72232,43.49422],[-92.72231,43.49629],[-92.7223,43.50213],[-92.7223,43.5043],[-92.72317,43.50619],[-92.72401,43.50798],[-92.72495,43.51002],[-92.72568,43.51156],[-92.7257,43.51301],[-92.72571,43.51472],[-92.72448,43.51617],[-92.72286,43.51807],[-92.72132,43.51987],[-92.71974,43.52173],[-92.7186,43.52306],[-92.71698,43.52498],[-92.71529,43.52699],[-92.71361,43.52896],[-92.71206,43.53078],[-92.71049,43.53266],[-92.70891,43.53451],[-92.70735,43.53634],[-92.70612,43.5378],[-92.70454,43.53965],[-92.70301,43.54145],[-92.70124,43.54352],[-92.70117,43.5436],[-92.69984,43.54517],[-92.69822,43.54709],[-92.69678,43.54876],[-92.69529,43.55055],[-92.69201,43.55086],[-92.68877,43.55118],[-92.68604,43.55116],[-92.6834,43.55115],[-92.68209,43.55114],[-92.68184,43.55114],[-92.68083,43.55114],[-92.68084,43.55283],[-92.68084,43.55454],[-92.68085,43.55625],[-92.68084,43.55716]]}},{"type":"Feature","properties":{"id":"109004","type":"AC; OVERHEAD","status":"IN SERVICE","owner":null,"voltage":161,"voltClass":"100-161"},"geometry":{"type":"LineString","coordinates":[[-90.7401,42.48608],[-90.73975,42.4861]]}},{"type":"Feature","properties":{"id":"109217","type":"AC; OVERHEAD","status":"IN SERVICE","owner":"MIDAMERICAN ENERGY CO","voltage":345,"voltClass":"345"},"geometry":{"type":"LineString","coordinates":[[-96.36546,42.32936],[-96.36352,42.32902],[-96.36296,42.32913],[-96.36004,42.32964],[-96.3573,42.32998],[-96.35425,42.33038],[-96.35144,42.33006],[-96.34802,42.3296],[-96.34426,42.32902],[-96.3405,42.32845],[-96.33681,42.32788],[-96.33317,42.32732],[-96.32949,42.32734],[-96.32582,42.32735],[-96.32205,42.32736],[-96.31835,42.32735],[-96.31467,42.32736],[-96.31089,42.32738],[-96.30726,42.32737],[-96.30343,42.32736],[-96.29947,42.32739],[-96.2962,42.3274],[-96.29266,42.32824],[-96.28931,42.32908],[-96.28513,42.32903],[-96.28097,42.32899],[-96.27621,42.32896],[-96.27134,42.32892],[-96.26658,42.3289],[-96.26178,42.32888],[-96.25665,42.32885],[-96.25142,42.3288],[-96.24676,42.32877],[-96.24196,42.32874],[-96.2371,42.32871],[-96.23218,42.32868],[-96.22712,42.32866],[-96.22194,42.32865],[-96.21692,42.3286],[-96.21203,42.32858],[-96.20703,42.32854],[-96.20259,42.32852],[-96.19802,42.32848],[-96.19345,42.32845],[-96.18873,42.32845],[-96.1838,42.32844],[-96.1787,42.32844],[-96.17369,42.32846],[-96.16864,42.32842],[-96.16338,42.3284],[-96.15841,42.32837],[-96.153,42.32833],[-96.14659,42.32857],[-96.14502,42.32862],[-96.13948,42.32882],[-96.13634,42.32894],[-96.13391,42.32895],[-96.1299,42.32902],[-96.12502,42.32907],[-96.12079,42.32909],[-96.11705,42.32907],[-96.11436,42.32902],[-96.1095,42.32895],[-96.10612,42.3289],[-96.1007,42.3288],[-96.09867,42.32876],[-96.094,42.32869],[-96.08932,42.3286],[-96.08554,42.32852],[-96.0814,42.32846],[-96.07661,42.32835],[-96.07165,42.32825],[-96.06712,42.32816],[-96.06204,42.32806],[-96.05708,42.32796],[-96.05042,42.32783],[-96.04527,42.32772],[-96.0401,42.32761],[-96.03654,42.32755],[-96.03302,42.32748],[-96.02793,42.32739],[-96.02287,42.32728],[-96.01837,42.3272],[-96.0133,42.32716],[-96.00817,42.32715],[-96.00378,42.32714],[-96.00063,42.32713],[-95.9967,42.32735],[-95.99103,42.32766],[-95.98601,42.32767],[-95.98117,42.32768],[-95.97639,42.32771],[-95.97183,42.32777],[-95.96778,42.32782],[-95.96546,42.32786],[-95.96097,42.32788],[-95.95704,42.32786],[-95.95432,42.32782],[-95.95103,42.32886],[-95.94735,42.33],[-95.94198,42.33168],[-95.93735,42.33311],[-95.93143,42.33363],[-95.92604,42.33413],[-95.92241,42.33447],[-95.91691,42.3345],[-95.9126,42.33454],[-95.90817,42.33457],[-95.90304,42.33455],[-95.90115,42.33454],[-95.89996,42.33453],[-95.89485,42.3345],[-95.8899,42.33448],[-95.88454,42.33445],[-95.8811,42.33443],[-95.87821,42.33443],[-95.87267,42.33442],[-95.86926,42.33441],[-95.86456,42.33441],[-95.85934,42.33441],[-95.85463,42.33442],[-95.85024,42.33443],[-95.84542,42.33446],[-95.83895,42.3345],[-95.83407,42.33452],[-95.82799,42.3345],[-95.82458,42.33448],[-95.82023,42.33448],[-95.81564,42.33451],[-95.81105,42.33454],[-95.80677,42.33456],[-95.80244,42.33456],[-95.79756,42.33456],[-95.79171,42.33456],[-95.7858,42.33456],[-95.7812,42.33453],[-95.77588,42.33452],[-95.77162,42.3345],[-95.76869,42.33448],[-95.76342,42.33445],[-95.7585,42.33441],[-95.75359,42.33435],[-95.74942,42.33429],[-95.74428,42.33427],[-95.73891,42.33422],[-95.73312,42.33418],[-95.72866,42.33417],[-95.72557,42.33414],[-95.71966,42.33414],[-95.71404,42.33415],[-95.70881,42.33416],[-95.70367,42.33418],[-95.69938,42.33421],[-95.69577,42.33423],[-95.6914,42.33426],[-95.68676,42.3342],[-95.68223,42.33416],[-95.67956,42.33413],[-95.67477,42.33409],[-95.6703,42.33404],[-95.66609,42.33405],[-95.66114,42.33404],[-95.65706,42.33404],[-95.65159,42.33405],[-95.64672,42.33404],[-95.64164,42.33404],[-95.63768,42.33405],[-95.63339,42.33405],[-95.62831,42.33406],[-95.6239,42.33406],[-95.61993,42.33404],[-95.61508,42.33404],[-95.60974,42.334],[-95.60514,42.33398],[-95.59907,42.33404],[-95.59451,42.33407],[-95.59021,42.33588],[-95.58562,42.33777],[-95.58118,42.33965],[-95.57714,42.34134],[-95.5725,42.34328],[-95.56836,42.34499],[-95.56485,42.34645],[-95.55925,42.3488],[-95.55755,42.34952],[-95.55247,42.35165],[-95.5505,42.35247],[-95.54706,42.3539],[-95.54257,42.35579],[-95.54029,42.35672],[-95.5354,42.3588],[-95.53218,42.36013],[-95.52834,42.36174],[-95.52489,42.36317],[-95.52196,42.36441],[-95.51785,42.36612],[-95.51356,42.36729],[-95.50905,42.36848],[-95.50406,42.36978],[-95.49973,42.37094],[-95.49493,42.37086],[-95.49162,42.37079],[-95.48857,42.37076],[-95.48401,42.37068],[-95.47863,42.37061],[-95.47578,42.37016],[-95.47269,42.36971],[-95.46738,42.36892],[-95.46509,42.36891],[-95.45897,42.36934],[-95.45578,42.36956],[-95.45199,42.36982],[-95.44887,42.37002],[-95.4437,42.37001],[-95.43868,42.37],[-95.43381,42.36852],[-95.42933,42.36717],[-95.42425,42.36566],[-95.42003,42.3644],[-95.41602,42.36316],[-95.41065,42.36314],[-95.40574,42.36309],[-95.40093,42.36306],[-95.39582,42.36305],[-95.39073,42.36304],[-95.38638,42.36308],[-95.38159,42.36314],[-95.37701,42.36315],[-95.37306,42.36316],[-95.36985,42.36316],[-95.36429,42.36316],[-95.35878,42.36316],[-95.3549,42.36316],[-95.35085,42.36313],[-95.34724,42.36309],[-95.34272,42.36308],[-95.33802,42.36305],[-95.33266,42.36302],[-95.32767,42.36297],[-95.32295,42.36294],[-95.31795,42.36299],[-95.31322,42.36303],[-95.30801,42.36303],[-95.30391,42.36295],[-95.29869,42.36303],[-95.29367,42.36304],[-95.28851,42.36303],[-95.28367,42.36302],[-95.27897,42.36304],[-95.27415,42.36305],[-95.26985,42.36306],[-95.26459,42.36308],[-95.25952,42.36307],[-95.25435,42.36307],[-95.24941,42.36304],[-95.24447,42.36301],[-95.23983,42.36295],[-95.23504,42.3629],[-95.22991,42.36286],[-95.22512,42.36282],[-95.22051,42.36285],[-95.21537,42.36286],[-95.21082,42.36287],[-95.20578,42.36289],[-95.20102,42.36287],[-95.19717,42.36283],[-95.1923,42.36282],[-95.18722,42.36279],[-95.18324,42.36277],[-95.17855,42.36276],[-95.17278,42.36273],[-95.16806,42.3627],[-95.16335,42.3624],[-95.15815,42.36207],[-95.15357,42.36204],[-95.148,42.362],[-95.14358,42.36253],[-95.13838,42.36252],[-95.13368,42.36251],[-95.12857,42.36248],[-95.12366,42.36247],[-95.1191,42.36246],[-95.11404,42.36245],[-95.10963,42.36265],[-95.10452,42.36259],[-95.0994,42.36268],[-95.09498,42.36277],[-95.08987,42.36288],[-95.08693,42.36285],[-95.08159,42.36283],[-95.07666,42.3628],[-95.07192,42.36276],[-95.06688,42.36265],[-95.06169,42.36252],[-95.05709,42.36241],[-95.05186,42.36228],[-95.04744,42.36232],[-95.04242,42.36236],[-95.03756,42.3624],[-95.0324,42.36245],[-95.02796,42.36247],[-95.02279,42.36248],[-95.01764,42.3625],[-95.0128,42.3625],[-95.00691,42.36241],[-95.00085,42.36232],[-94.99522,42.36225],[-94.98985,42.36217],[-94.98584,42.36211],[-94.98143,42.36203],[-94.97838,42.36199],[-94.97367,42.3619],[-94.96913,42.36198],[-94.9649,42.36203],[-94.96029,42.36211],[-94.95547,42.36217],[-94.95038,42.36215],[-94.94512,42.36211],[-94.94038,42.36209],[-94.93595,42.36206],[-94.93089,42.36202],[-94.92568,42.36198],[-94.92092,42.36193],[-94.91625,42.36189],[-94.91113,42.36104],[-94.90631,42.36137],[-94.90152,42.36169],[-94.89671,42.36174],[-94.89187,42.36175],[-94.88684,42.36176],[-94.88199,42.36176],[-94.87687,42.36179],[-94.8721,42.36182],[-94.86728,42.36189],[-94.86235,42.36193],[-94.85724,42.36201],[-94.85363,42.36191],[-94.84909,42.3618],[-94.84432,42.3617],[-94.83993,42.36169],[-94.83577,42.36168],[-94.83028,42.36167],[-94.82479,42.36165],[-94.81987,42.36162],[-94.81484,42.36157],[-94.80953,42.36151],[-94.80454,42.36151],[-94.8,42.3615],[-94.79484,42.3615],[-94.79019,42.3615],[-94.78539,42.36151],[-94.78041,42.3615],[-94.77558,42.3615],[-94.77102,42.36147],[-94.766,42.36147],[-94.76087,42.36148],[-94.75592,42.36148],[-94.75106,42.36147],[-94.74622,42.36148],[-94.74156,42.36152],[-94.73718,42.36156],[-94.73205,42.36159],[-94.72702,42.36163],[-94.7221,42.36156],[-94.71706,42.36147],[-94.71272,42.36128],[-94.70783,42.36105],[-94.70297,42.36083],[-94.6983,42.36063],[-94.69322,42.36071],[-94.68838,42.36124],[-94.68368,42.36149],[-94.67864,42.36175],[-94.67406,42.36173],[-94.6689,42.3617],[-94.66397,42.36167],[-94.65884,42.36165],[-94.65393,42.36164],[-94.64969,42.36163],[-94.64471,42.3616],[-94.63948,42.36157],[-94.63578,42.36155],[-94.63182,42.36153],[-94.62649,42.36153],[-94.6213,42.36157],[-94.61657,42.36156],[-94.61151,42.36156],[-94.6066,42.36155],[-94.60169,42.36155],[-94.59689,42.36154],[-94.5921,42.36152],[-94.58723,42.3615],[-94.58222,42.36148],[-94.57714,42.36144],[-94.57261,42.36144],[-94.5674,42.3614],[-94.56264,42.36139],[-94.55775,42.36132],[-94.55321,42.36133],[-94.5483,42.36137],[-94.54323,42.36144],[-94.53872,42.36149],[-94.53393,42.36153],[-94.52873,42.36157],[-94.52393,42.36161],[-94.51913,42.36165],[-94.51424,42.36167],[-94.50959,42.36163],[-94.50463,42.36162],[-94.49978,42.36157],[-94.49501,42.36156],[-94.48989,42.36156],[-94.48518,42.36156],[-94.48017,42.36159],[-94.47547,42.3616],[-94.47062,42.36161],[-94.46539,42.36161],[-94.46072,42.36165],[-94.4553,42.36166],[-94.45104,42.36165],[-94.446,42.36164],[-94.44099,42.36159],[-94.43645,42.36156],[-94.43144,42.3616],[-94.42648,42.36164],[-94.42101,42.36171],[-94.41546,42.36175],[-94.40957,42.36169],[-94.40427,42.36164],[-94.3996,42.36163],[-94.39627,42.36329],[-94.39268,42.36508],[-94.38888,42.36696],[-94.38553,42.36861],[-94.38192,42.37039],[-94.37834,42.3722],[-94.37792,42.3724],[-94.3732,42.37236],[-94.3686,42.37233],[-94.36587,42.37231],[-94.36374,42.3723],[-94.35896,42.37209],[-94.35405,42.37229],[-94.34918,42.37227],[-94.34429,42.37223],[-94.33926,42.37224],[-94.33413,42.37225],[-94.32931,42.37229],[-94.32444,42.37233],[-94.31943,42.37239],[-94.31457,42.37243],[-94.30972,42.37248],[-94.30516,42.37249],[-94.30325,42.3725],[-94.30035,42.37251],[-94.29989,42.37247],[-94.29565,42.37212],[-94.29073,42.37228],[-94.28555,42.3722],[-94.2809,42.37214],[-94.27638,42.3721],[-94.27207,42.37212],[-94.26691,42.37213],[-94.26177,42.37217],[-94.25668,42.3722],[-94.25207,42.37223],[-94.24718,42.37223],[-94.24202,42.37225],[-94.23739,42.37228],[-94.23258,42.37229],[-94.22769,42.37231],[-94.22284,42.37233],[-94.21807,42.37235],[-94.2133,42.37237],[-94.20825,42.37239],[-94.20591,42.3724],[-94.2033,42.37241],[-94.19884,42.37243],[-94.19383,42.37236],[-94.18895,42.37229],[-94.18443,42.37224],[-94.18171,42.37221],[-94.17941,42.37219],[-94.17423,42.37211],[-94.16943,42.37204],[-94.16493,42.37198],[-94.1602,42.37193],[-94.15529,42.37186],[-94.15276,42.37182],[-94.15026,42.37179],[-94.1453,42.37172],[-94.14049,42.37165],[-94.13587,42.3716],[-94.13101,42.37153],[-94.12586,42.37145],[-94.12129,42.37141],[-94.11729,42.37135],[-94.1165,42.37139]]}},{"type":"Feature","properties":{"id":"107665","type":"AC; OVERHEAD","status":"IN SERVICE","owner":"MIDAMERICAN ENERGY CO","voltage":161,"voltClass":"100-161"},"geometry":{"type":"LineString","coordinates":[[-90.48212,41.57226],[-90.48006,41.57208],[-90.481,41.57285],[-90.48259,41.57418],[-90.48384,41.57518],[-90.48894,41.57661],[-90.49388,41.58034],[-90.49728,41.58295],[-90.49917,41.5836],[-90.50271,41.58492],[-90.50462,41.58561],[-90.50592,41.58615],[-90.50792,41.58722],[-90.50983,41.58827],[-90.51078,41.58879],[-90.51047,41.58937]]}},{"type":"Feature","properties":{"id":"107689","type":"OVERHEAD","status":null,"owner":null,"voltage":161,"voltClass":"100-161"},"geometry":{"type":"LineString","coordinates":[[-91.16607,43.33622],[-91.16783,43.33565]]}},{"type":"Feature","properties":{"id":"107932","type":"AC; OVERHEAD","status":"IN SERVICE","owner":"WAPA-- WESTERN AREA POWER ADMINISTRATION","voltage":161,"voltClass":"100-161"},"geometry":{"type":"LineString","coordinates":[[-95.00122,41.40931],[-95.00091,41.41028],[-95.00046,41.41106],[-94.9937,41.41183],[-94.99371,41.4146],[-94.99371,41.41974],[-94.99371,41.42532],[-94.99371,41.42868],[-94.99372,41.43091],[-94.99375,41.43401],[-94.99368,41.43583],[-94.9937,41.44006],[-94.99376,41.44485],[-94.99382,41.44957],[-94.99384,41.45383],[-94.99394,41.45486],[-94.99404,41.45834],[-94.9941,41.46119],[-94.99406,41.46495],[-94.99173,41.46498],[-94.9824,41.46493],[-94.97127,41.46487],[-94.95684,41.46483],[-94.93889,41.46484],[-94.92793,41.46482],[-94.91616,41.46447],[-94.90572,41.46463],[-94.88569,41.46469],[-94.87541,41.4647],[-94.85864,41.46492],[-94.84055,41.4648],[-94.82675,41.4647],[-94.80863,41.46451],[-94.79521,41.46454],[-94.78834,41.46456],[-94.77516,41.46455],[-94.76186,41.46455],[-94.74803,41.46451],[-94.73018,41.46452],[-94.71649,41.46455],[-94.71069,41.4646],[-94.70707,41.46447],[-94.68989,41.46445],[-94.6726,41.46445],[-94.66241,41.46437],[-94.66177,41.46436],[-94.66181,41.46478],[-94.66159,41.46501]]}},{"type":"Feature","properties":{"id":"107968","type":"AC; OVERHEAD","status":"IN SERVICE","owner":null,"voltage":115,"voltClass":"100-161"},"geometry":{"type":"LineString","coordinates":[[-96.44751,43.46167],[-96.44755,43.46198],[-96.45219,43.46197],[-96.45414,43.46199],[-96.4569,43.462]]}},{"type":"Feature","properties":{"id":"107988","type":"AC; OVERHEAD","status":"IN SERVICE","owner":"OMAHA PUBLIC POWER DISTRICT","voltage":161,"voltClass":"100-161"},"geometry":{"type":"LineString","coordinates":[[-96.09174,41.12562],[-96.09147,41.12546],[-96.09004,41.12546],[-96.08829,41.12545],[-96.08714,41.12545],[-96.08496,41.12544],[-96.08256,41.12545],[-96.08039,41.12545],[-96.07763,41.12545],[-96.07488,41.12545],[-96.07203,41.12543],[-96.06784,41.12541],[-96.06457,41.12541],[-96.06261,41.12542],[-96.05895,41.12542],[-96.05714,41.1254],[-96.05441,41.12537],[-96.05157,41.1254],[-96.04862,41.12539],[-96.04704,41.12538],[-96.04473,41.1254],[-96.04265,41.1254],[-96.04252,41.1254],[-96.04253,41.12578],[-96.04254,41.12596],[-96.04193,41.12583]]}},{"type":"Feature","properties":{"id":"106824","type":"AC; OVERHEAD","status":"IN SERVICE","owner":"MIDAMERICAN ENERGY CO","voltage":161,"voltClass":"100-161"},"geometry":{"type":"LineString","coordinates":[[-93.30422,41.04943],[-93.30416,41.0496],[-93.30316,41.04991],[-93.3003,41.05073],[-93.29388,41.05071],[-93.28097,41.05065],[-93.26848,41.0508],[-93.26348,41.05057],[-93.25969,41.0504],[-93.25568,41.05021],[-93.25267,41.05049],[-93.25072,41.05066],[-93.24719,41.05069],[-93.24306,41.05075],[-93.24116,41.05077],[-93.23828,41.05082],[-93.23655,41.05085],[-93.23382,41.05085],[-93.22963,41.05089],[-93.2251,41.05091],[-93.22275,41.05092],[-93.21926,41.05093],[-93.21491,41.05098],[-93.21234,41.05099],[-93.20985,41.05102],[-93.20663,41.05105],[-93.2038,41.05108],[-93.20123,41.05112],[-93.19685,41.05114],[-93.19264,41.05118],[-93.18946,41.05126],[-93.18584,41.05132],[-93.18276,41.05138],[-93.18015,41.05146],[-93.17793,41.05151],[-93.17518,41.05158],[-93.17173,41.05165],[-93.16878,41.05171],[-93.16586,41.05176],[-93.16193,41.05184],[-93.15936,41.0519],[-93.15603,41.05198],[-93.15606,41.0546],[-93.15609,41.05759],[-93.15613,41.06054],[-93.15614,41.06252],[-93.15342,41.06252],[-93.15108,41.06254],[-93.14861,41.06256],[-93.14609,41.06258],[-93.14271,41.06259],[-93.13888,41.06262],[-93.13514,41.06264],[-93.13163,41.06266],[-93.12755,41.06267],[-93.12587,41.06266],[-93.12359,41.06268],[-93.12117,41.06268],[-93.11766,41.0627],[-93.11514,41.06268],[-93.11293,41.0627],[-93.11038,41.06271],[-93.10818,41.06271],[-93.10567,41.06272],[-93.10315,41.06272],[-93.09968,41.06272],[-93.09769,41.06273],[-93.09534,41.06271],[-93.09113,41.06271],[-93.08806,41.06271],[-93.08481,41.06276],[-93.08173,41.06281],[-93.0789,41.06283],[-93.07463,41.06284],[-93.07187,41.06283],[-93.06977,41.06283],[-93.06787,41.06282],[-93.06569,41.06283],[-93.06071,41.06283],[-93.05805,41.06281],[-93.05424,41.06279],[-93.0505,41.06279],[-93.04645,41.06278],[-93.04257,41.06274],[-93.03981,41.06272],[-93.0355,41.06266],[-93.03244,41.06262],[-93.02928,41.0626],[-93.0249,41.06252],[-93.02173,41.06248],[-93.02004,41.06247],[-93.01657,41.06245],[-93.01056,41.06243],[-93.00846,41.06241],[-93.00341,41.06235],[-93.00042,41.06235],[-92.99699,41.06235],[-92.99413,41.06237],[-92.99233,41.06238],[-92.98718,41.06238],[-92.9825,41.06241],[-92.97847,41.06243],[-92.97541,41.06245],[-92.97066,41.06246],[-92.96674,41.0625],[-92.96244,41.06256],[-92.95973,41.06259],[-92.95649,41.06261],[-92.95402,41.0626],[-92.95104,41.06261],[-92.9475,41.06262],[-92.94483,41.06264],[-92.9405,41.06264],[-92.93691,41.06268],[-92.93543,41.06357],[-92.9316,41.06589],[-92.92918,41.06599],[-92.92552,41.06604],[-92.92308,41.06607],[-92.92011,41.06612],[-92.91607,41.06615],[-92.91431,41.06616],[-92.91237,41.06615],[-92.91063,41.06616],[-92.90602,41.06615],[-92.9024,41.06617],[-92.89801,41.06615],[-92.89377,41.06613],[-92.89036,41.06614],[-92.88736,41.06613],[-92.88378,41.06611],[-92.88132,41.06635],[-92.87864,41.06636],[-92.87478,41.06636],[-92.87202,41.06635],[-92.86909,41.06635],[-92.86627,41.06635],[-92.86287,41.06637],[-92.85968,41.06639],[-92.85773,41.06638],[-92.85403,41.06634],[-92.85099,41.06634],[-92.84771,41.06632],[-92.84444,41.06633],[-92.84065,41.06633],[-92.83718,41.06639],[-92.83453,41.06643],[-92.8316,41.06647],[-92.82873,41.06671],[-92.82589,41.0667],[-92.82305,41.0667],[-92.82023,41.06669],[-92.81739,41.0667],[-92.81505,41.06668],[-92.81265,41.06667],[-92.81038,41.06643],[-92.80796,41.0662],[-92.80477,41.06587],[-92.80249,41.06599],[-92.7985,41.06623],[-92.79664,41.06626],[-92.79419,41.06626],[-92.7898,41.06628],[-92.78655,41.06633],[-92.78156,41.06636],[-92.77903,41.06636],[-92.77647,41.06639],[-92.77399,41.06641],[-92.77148,41.06641],[-92.76948,41.06643],[-92.76751,41.06645],[-92.76339,41.06647],[-92.76163,41.06649],[-92.75931,41.06651],[-92.75629,41.06655],[-92.75315,41.06657],[-92.75007,41.06659],[-92.74709,41.0666],[-92.74366,41.0666],[-92.74138,41.06665],[-92.7374,41.06669],[-92.73277,41.0667],[-92.73012,41.06676],[-92.72606,41.06677],[-92.72397,41.06679],[-92.72157,41.06683],[-92.72137,41.06684],[-92.71871,41.06686],[-92.7137,41.06681],[-92.71092,41.06679],[-92.70803,41.06677],[-92.70449,41.06674],[-92.70189,41.06673],[-92.69987,41.06747],[-92.69831,41.06802],[-92.69578,41.06895],[-92.69242,41.07016],[-92.69005,41.07023],[-92.68763,41.07029],[-92.68416,41.07029],[-92.67972,41.0703],[-92.67734,41.07028],[-92.67446,41.07026],[-92.66816,41.07035],[-92.66525,41.07038],[-92.66217,41.07045],[-92.65878,41.07054],[-92.65573,41.07039],[-92.65213,41.0704],[-92.64851,41.07039],[-92.64586,41.07039],[-92.64296,41.07039],[-92.63951,41.07039],[-92.63623,41.0704],[-92.63335,41.07041],[-92.63057,41.07043],[-92.62716,41.07045],[-92.62337,41.07047],[-92.6182,41.07048],[-92.61519,41.07049],[-92.61198,41.07047],[-92.60728,41.07045],[-92.60388,41.07043],[-92.60188,41.07043],[-92.60007,41.0704],[-92.5949,41.07039],[-92.59322,41.07039],[-92.58806,41.07037],[-92.58539,41.07037],[-92.58249,41.07039],[-92.57989,41.07035],[-92.57665,41.07034],[-92.57268,41.07031],[-92.56997,41.0703],[-92.56826,41.0703],[-92.56527,41.07029],[-92.56219,41.07029],[-92.55911,41.07041],[-92.55722,41.07051],[-92.55475,41.0706],[-92.5548,41.07318],[-92.55481,41.07525],[-92.5548,41.07711],[-92.55481,41.07854],[-92.55481,41.07905],[-92.55484,41.08144],[-92.55492,41.08378],[-92.55489,41.0852],[-92.55491,41.08741],[-92.55495,41.08898],[-92.55495,41.09019],[-92.55533,41.09226],[-92.55474,41.09284]]}},{"type":"Feature","properties":{"id":"162004","type":"AC; OVERHEAD","status":"IN SERVICE","owner":null,"voltage":138,"voltClass":"100-161"},"geometry":{"type":"LineString","coordinates":[[-89.90195,41.21522],[-89.90754,41.20784],[-89.90845,41.20661],[-89.90957,41.20515],[-89.91521,41.19784],[-89.91579,41.19719],[-89.91624,41.19669],[-89.9169,41.19594],[-89.92139,41.19288],[-89.92576,41.1899],[-89.93491,41.18366],[-89.93536,41.18344],[-89.93765,41.18237],[-89.94339,41.17968],[-89.9452,41.17883],[-89.94602,41.17845],[-89.95712,41.17325],[-89.96159,41.17116],[-89.96479,41.16966],[-89.96957,41.16742],[-89.97475,41.165],[-89.97727,41.16382],[-89.98449,41.16044],[-89.99094,41.15741],[-90.00011,41.15326],[-90.00359,41.15167],[-90.00746,41.15001],[-90.00952,41.14896],[-90.02002,41.14459],[-90.02312,41.1433],[-90.04208,41.13541],[-90.0433,41.13491],[-90.06063,41.1277],[-90.06104,41.12753],[-90.06702,41.12504],[-90.07402,41.12213],[-90.08093,41.11902],[-90.09175,41.11347],[-90.09266,41.11299],[-90.09683,41.11078],[-90.11623,41.10052],[-90.12813,41.09422],[-90.13536,41.0904],[-90.14591,41.08481],[-90.14614,41.08469],[-90.15498,41.08046],[-90.16091,41.07764],[-90.17414,41.07773],[-90.17428,41.07124],[-90.18845,41.06445],[-90.19046,41.06348],[-90.19057,41.06342],[-90.20293,41.05546],[-90.20995,41.05094],[-90.20999,41.05091],[-90.21026,41.05074],[-90.21601,41.04704],[-90.21963,41.04471],[-90.22909,41.03863],[-90.24905,41.02596],[-90.25674,41.02121],[-90.26327,41.01733],[-90.26351,41.01718],[-90.26397,41.01691],[-90.27798,41.00857],[-90.28356,41.00525],[-90.28775,41.00276],[-90.30192,40.99452],[-90.30838,40.99062],[-90.3185,40.98377],[-90.32269,40.98085],[-90.32526,40.97896],[-90.32602,40.97843],[-90.32662,40.97894],[-90.3279,40.97817],[-90.3279,40.97707],[-90.32826,40.97508],[-90.32909,40.97485],[-90.32981,40.97318]]}},{"type":"Feature","properties":{"id":"107377","type":"AC; OVERHEAD","status":"IN SERVICE","owner":"OMAHA PUBLIC POWER DISTRICT","voltage":161,"voltClass":"100-161"},"geometry":{"type":"LineString","coordinates":[[-96.02801,41.21933],[-96.0282,41.21962],[-96.02752,41.21962],[-96.02757,41.22197],[-96.02441,41.22198],[-96.02359,41.22314],[-96.02368,41.22557],[-96.02364,41.23421],[-96.02369,41.24393],[-96.0237,41.24484],[-96.02339,41.24484],[-96.02332,41.245]]}},{"type":"Feature","properties":{"id":"111898","type":"AC; OVERHEAD","status":"IN SERVICE","owner":"MIDAMERICAN ENERGY CO","voltage":161,"voltClass":"100-161"},"geometry":{"type":"LineString","coordinates":[[-90.2954,41.791],[-90.29464,41.79143],[-90.29449,41.79216],[-90.29435,41.79331],[-90.29412,41.79534],[-90.29195,41.79511],[-90.28765,41.79464],[-90.2841,41.7946],[-90.28076,41.79514],[-90.27711,41.79687],[-90.27317,41.7983],[-90.26489,41.8013],[-90.25664,41.80428],[-90.24835,41.80729],[-90.24454,41.8087],[-90.23759,41.81117],[-90.23601,41.81068],[-90.23492,41.81035],[-90.23435,41.81022]]}},{"type":"Feature","properties":{"id":"112119","type":"AC; OVERHEAD","status":"IN SERVICE","owner":"MIDAMERICAN ENERGY CO","voltage":161,"voltClass":"100-161"},"geometry":{"type":"LineString","coordinates":[[-93.26112,42.55786],[-93.26168,42.55794],[-93.26191,42.55794],[-93.26191,42.55739],[-93.26193,42.55734],[-93.26241,42.55698],[-93.26252,42.55696],[-93.26476,42.55697],[-93.26705,42.55699],[-93.26937,42.557],[-93.27178,42.55701],[-93.27416,42.55702],[-93.27657,42.55703],[-93.27888,42.55704],[-93.28124,42.55705],[-93.28356,42.55706],[-93.28588,42.55707],[-93.28822,42.55707],[-93.2909,42.55709],[-93.29105,42.55825]]}},{"type":"Feature","properties":{"id":"112164","type":"AC; OVERHEAD","status":"IN SERVICE","owner":null,"voltage":161,"voltClass":"100-161"},"geometry":{"type":"LineString","coordinates":[[-94.91984,41.5149],[-94.91969,41.51527],[-94.91241,41.51525],[-94.91194,41.51475],[-94.91068,41.51347],[-94.90711,41.50979],[-94.90358,41.50621],[-94.90278,41.50549],[-94.9019,41.50481],[-94.90061,41.50395],[-94.8977,41.50192],[-94.89693,41.50139],[-94.89488,41.49999],[-94.89409,41.49948],[-94.89326,41.49894],[-94.89097,41.49745],[-94.89065,41.49725],[-94.88942,41.49646],[-94.88415,41.49283],[-94.88015,41.48934],[-94.875,41.4847],[-94.87395,41.48374],[-94.87142,41.48156],[-94.86715,41.47775],[-94.86434,41.4753],[-94.85623,41.46805]]}},{"type":"Feature","properties":{"id":"112274","type":"AC; OVERHEAD","status":"IN SERVICE","owner":null,"voltage":161,"voltClass":"100-161"},"geometry":{"type":"LineString","coordinates":[[-90.28431,41.75017],[-90.28412,41.75028],[-90.28397,41.75053],[-90.28291,41.75001],[-90.28182,41.74949],[-90.28036,41.74877],[-90.2789,41.74806],[-90.27704,41.74809],[-90.27518,41.74812],[-90.27334,41.74818],[-90.27148,41.74825],[-90.26962,41.74829],[-90.26776,41.74834],[-90.26637,41.74838],[-90.26637,41.74706],[-90.26638,41.74575],[-90.26642,41.74524],[-90.26639,41.74442],[-90.26651,41.71465],[-90.26399,41.7146],[-90.26173,41.71455],[-90.25939,41.71451],[-90.25709,41.71447],[-90.25405,41.7144],[-90.25212,41.71436],[-90.24931,41.7143],[-90.24652,41.71424],[-90.24381,41.71433],[-90.2411,41.71443],[-90.24067,41.71429],[-90.2383,41.71453],[-90.23771,41.71563],[-90.23723,41.71652],[-90.23611,41.71854],[-90.23541,41.71927],[-90.23497,41.72054],[-90.23461,41.7221],[-90.23423,41.72365],[-90.23535,41.72515],[-90.23574,41.72563],[-90.23666,41.72684],[-90.23733,41.72828],[-90.23797,41.72971],[-90.23722,41.73021],[-90.23609,41.73095],[-90.23565,41.73315],[-90.23518,41.73535],[-90.23472,41.73756],[-90.2329,41.73831],[-90.23059,41.73933],[-90.23173,41.74093],[-90.23284,41.74253],[-90.23381,41.74385],[-90.23377,41.74572],[-90.2337,41.7484],[-90.23369,41.74987],[-90.23366,41.75203],[-90.23354,41.75792],[-90.23065,41.76623],[-90.22293,41.7681],[-90.20939,41.76419],[-90.20608,41.76917],[-90.20155,41.77431],[-90.20474,41.77982],[-90.2029,41.7835],[-90.20197,41.78533],[-90.19706,41.79231],[-90.1957,41.79392],[-90.19145,41.79396],[-90.19203,41.79583],[-90.19477,41.80108],[-90.19601,41.80329],[-90.19827,41.80737],[-90.20611,41.80763],[-90.21924,41.80803],[-90.2277,41.80832],[-90.23141,41.80845],[-90.23379,41.81048],[-90.23423,41.81061],[-90.23436,41.81065],[-90.23452,41.8107],[-90.23435,41.81022]]}},{"type":"Feature","properties":{"id":"112442","type":"AC; OVERHEAD","status":"IN SERVICE","owner":"MIDAMERICAN ENERGY CO","voltage":345,"voltClass":"345"},"geometry":{"type":"LineString","coordinates":[[-93.90864,41.3362],[-93.90842,41.33658],[-93.90839,41.33766],[-93.90838,41.33924],[-93.90695,41.34161],[-93.90548,41.34249],[-93.89595,41.3481],[-93.88979,41.35174],[-93.88744,41.35293],[-93.87474,41.35929],[-93.86106,41.36606],[-93.85365,41.36989],[-93.84772,41.37331],[-93.83762,41.37917],[-93.83107,41.38437],[-93.82797,41.38615],[-93.82605,41.38706],[-93.81706,41.39143],[-93.79936,41.40003],[-93.7883,41.40539],[-93.77413,41.41213],[-93.76016,41.41883],[-93.74889,41.42473],[-93.73658,41.43119],[-93.72404,41.43779],[-93.70385,41.44806],[-93.69332,41.45333],[-93.68325,41.45831],[-93.6811,41.45831],[-93.68051,41.45882]]}},{"type":"Feature","properties":{"id":"111450","type":"AC; OVERHEAD","status":"IN SERVICE","owner":"OMAHA PUBLIC POWER DISTRICT","voltage":161,"voltClass":"100-161"},"geometry":{"type":"LineString","coordinates":[[-95.9698,41.16964],[-95.97211,41.17025],[-95.97568,41.17025],[-95.97685,41.16921],[-95.97731,41.16881],[-95.97782,41.16836],[-95.97915,41.16722],[-95.98091,41.16565],[-95.98254,41.16421],[-95.98409,41.16284],[-95.9858,41.16136],[-95.98714,41.16022],[-95.98871,41.15878],[-95.99064,41.15708],[-95.99217,41.15576],[-95.99373,41.1544],[-95.99541,41.15293],[-95.99703,41.15149],[-95.99912,41.14965],[-95.99995,41.14897],[-96.00228,41.14948],[-96.00439,41.14992],[-96.00849,41.15036],[-96.0112,41.15205],[-96.01511,41.15278],[-96.01883,41.15345],[-96.02242,41.15409],[-96.02633,41.1548],[-96.0303,41.15551],[-96.0338,41.15621],[-96.03412,41.15615]]}},{"type":"Feature","properties":{"id":"111505","type":"AC; OVERHEAD","status":"IN SERVICE","owner":"MIDAMERICAN ENERGY CO","voltage":345,"voltClass":"345"},"geometry":{"type":"LineString","coordinates":[[-93.81187,41.66003],[-93.81171,41.66076],[-93.81162,41.66202],[-93.82053,41.66192],[-93.83324,41.66179],[-93.85239,41.66192],[-93.87691,41.66188],[-93.898,41.66201],[-93.91411,41.66196],[-93.92099,41.66191],[-93.92107,41.65662],[-93.92092,41.64329],[-93.92085,41.6354],[-93.92074,41.6221],[-93.92093,41.60395],[-93.92091,41.59121],[-93.92117,41.58979],[-93.92126,41.57709],[-93.92126,41.57177],[-93.92125,41.56405],[-93.92129,41.55622],[-93.92134,41.551],[-93.92183,41.54911],[-93.92241,41.54717],[-93.92361,41.54267],[-93.92373,41.52938],[-93.92382,41.5219],[-93.92396,41.51017],[-93.92365,41.507],[-93.92615,41.50618],[-93.93871,41.50174],[-93.95454,41.49614],[-93.95527,41.49562],[-93.95764,41.4951],[-93.9675,41.49166],[-93.98394,41.48585],[-93.99717,41.4812],[-94.00096,41.48124],[-94.01548,41.48128],[-94.03316,41.48133],[-94.04685,41.48149],[-94.05774,41.48149],[-94.06087,41.48009],[-94.0638,41.4787],[-94.07822,41.4785],[-94.09261,41.47824],[-94.10904,41.47796],[-94.12671,41.47777],[-94.14021,41.4779],[-94.15734,41.47805],[-94.16078,41.47814],[-94.1674,41.4782],[-94.1805,41.47833],[-94.185,41.47554],[-94.18831,41.47492],[-94.20185,41.46865],[-94.2041,41.4676],[-94.21785,41.46759],[-94.23193,41.46758],[-94.24931,41.46754],[-94.26677,41.46754],[-94.2811,41.46754],[-94.29455,41.46744],[-94.31941,41.46718],[-94.32313,41.46715],[-94.3375,41.46784],[-94.35141,41.46782],[-94.36142,41.46781],[-94.36831,41.4678],[-94.37542,41.46845],[-94.38103,41.46772],[-94.40171,41.46772],[-94.42561,41.46768],[-94.43814,41.46769],[-94.4512,41.46767],[-94.46277,41.46765],[-94.4775,41.46466],[-94.48067,41.46403],[-94.48962,41.46403],[-94.49765,41.46402],[-94.5111,41.46406],[-94.52418,41.46406],[-94.53297,41.46404],[-94.53833,41.46309],[-94.54775,41.46301],[-94.55329,41.46393],[-94.57393,41.46407],[-94.5911,41.46417],[-94.60495,41.46424],[-94.62226,41.46422],[-94.63673,41.46416],[-94.6475,41.46413],[-94.66165,41.46425],[-94.67295,41.46433],[-94.68307,41.4643],[-94.70031,41.4643],[-94.70734,41.46429],[-94.71076,41.46444],[-94.71655,41.46434],[-94.73027,41.46434],[-94.74454,41.46435],[-94.76212,41.46437],[-94.7752,41.4644],[-94.80353,41.46439],[-94.83404,41.46462],[-94.84763,41.46469],[-94.85586,41.46476],[-94.87545,41.46452],[-94.89297,41.46447],[-94.89887,41.46449],[-94.9093,41.46446],[-94.91613,41.46432],[-94.92129,41.46449],[-94.92792,41.46466],[-94.93896,41.46471],[-94.94984,41.46475],[-94.96068,41.46478],[-94.97134,41.46481],[-94.98564,41.46484],[-94.99658,41.46487],[-95.01083,41.46497],[-95.02271,41.46499],[-95.03173,41.46493],[-95.04498,41.46496],[-95.05596,41.46497],[-95.06718,41.46486],[-95.07976,41.46487],[-95.10364,41.465],[-95.11805,41.46504],[-95.13501,41.46513],[-95.15599,41.46524],[-95.16326,41.46533],[-95.16528,41.46536],[-95.17103,41.46538],[-95.18531,41.46534],[-95.20187,41.46533],[-95.21616,41.46542],[-95.22276,41.46548],[-95.2264,41.46511],[-95.24615,41.46519],[-95.26429,41.4652],[-95.27941,41.46528],[-95.29566,41.46545],[-95.31306,41.46555],[-95.3273,41.46559],[-95.3375,41.46702],[-95.34098,41.46703],[-95.34651,41.46718],[-95.34956,41.46734],[-95.35288,41.46595],[-95.37125,41.45856],[-95.38561,41.45282],[-95.40332,41.44569],[-95.41716,41.44001],[-95.42749,41.43298],[-95.43662,41.42672],[-95.44584,41.42038],[-95.45591,41.41346],[-95.46475,41.40738],[-95.47507,41.40028],[-95.48457,41.39377],[-95.49169,41.38889],[-95.49995,41.38484],[-95.51215,41.37907],[-95.51671,41.37679],[-95.52509,41.37163],[-95.53861,41.36351],[-95.55409,41.35427],[-95.56455,41.34805],[-95.57504,41.34176],[-95.58509,41.33562],[-95.59802,41.32797],[-95.61007,41.32076],[-95.62658,41.3109],[-95.63413,41.30517],[-95.64337,41.29791],[-95.65539,41.28858],[-95.66505,41.28113],[-95.66815,41.27877],[-95.6806,41.26922],[-95.69282,41.25982],[-95.71582,41.24204],[-95.73587,41.23045],[-95.74269,41.2267],[-95.7508,41.22206],[-95.7587,41.21765],[-95.76566,41.21398],[-95.77018,41.21167],[-95.77502,41.20905],[-95.78258,41.20509],[-95.7908,41.20085],[-95.7969,41.1977],[-95.79767,41.19729],[-95.79782,41.19829]]}},{"type":"Feature","properties":{"id":"111706","type":"AC; OVERHEAD","status":"IN SERVICE","owner":"MIDAMERICAN ENERGY CO","voltage":161,"voltClass":"100-161"},"geometry":{"type":"LineString","coordinates":[[-93.09595,41.57227],[-93.09478,41.57178],[-93.09236,41.57089],[-93.09025,41.57008],[-93.08806,41.57006],[-93.08576,41.57005],[-93.08362,41.57002],[-93.07799,41.56995],[-93.07569,41.56995],[-93.07338,41.56993],[-93.07119,41.5699],[-93.06927,41.56989],[-93.06713,41.56986],[-93.06366,41.56984],[-93.06155,41.56983],[-93.05893,41.56985],[-93.05631,41.56986],[-93.05372,41.56986],[-93.05156,41.56987],[-93.04935,41.56987],[-93.04697,41.56989],[-93.04436,41.5699],[-93.04201,41.56992],[-93.03967,41.5699],[-93.0372,41.56987],[-93.03459,41.56988],[-93.03241,41.56988],[-93.03001,41.56989],[-93.02754,41.56989],[-93.02536,41.56988],[-93.02284,41.56988],[-93.02039,41.56989],[-93.01829,41.56989],[-93.01548,41.56989],[-93.01239,41.56991],[-93.00942,41.5699],[-93.00651,41.56991],[-93.00337,41.5699],[-93.00097,41.56988],[-92.99862,41.56988],[-92.99628,41.56989],[-92.99339,41.5699],[-92.99047,41.5699],[-92.98641,41.56989],[-92.98398,41.5699],[-92.98109,41.56988],[-92.97801,41.56989],[-92.97574,41.56991],[-92.97347,41.56994],[-92.97075,41.56995],[-92.96771,41.56998],[-92.9645,41.56998],[-92.96186,41.56997],[-92.95859,41.56998],[-92.95633,41.56979],[-92.95408,41.56961],[-92.95172,41.56942],[-92.94958,41.56923],[-92.94655,41.56966],[-92.94452,41.56992],[-92.94164,41.57009],[-92.93885,41.57007],[-92.93627,41.57007],[-92.93438,41.57005],[-92.93128,41.57003],[-92.92941,41.57006],[-92.92584,41.57006],[-92.92387,41.57006],[-92.9218,41.57006],[-92.91972,41.57006],[-92.91666,41.57008],[-92.91397,41.57009],[-92.91051,41.57008],[-92.90913,41.57011],[-92.90519,41.57009],[-92.90238,41.57009],[-92.90038,41.5701],[-92.89841,41.57011],[-92.89587,41.57011],[-92.89347,41.57012],[-92.89025,41.57014],[-92.88748,41.57014],[-92.88554,41.57015],[-92.88296,41.57016],[-92.8799,41.57018],[-92.8766,41.57012],[-92.87431,41.57006],[-92.87188,41.57005],[-92.86942,41.57017],[-92.86676,41.57021],[-92.86322,41.57023],[-92.86082,41.57023],[-92.85841,41.57024],[-92.85605,41.57024],[-92.85368,41.57025],[-92.85117,41.57027],[-92.84893,41.57027],[-92.84638,41.57028],[-92.84362,41.5703],[-92.84152,41.57033],[-92.83917,41.57032],[-92.83641,41.57032],[-92.83449,41.57031],[-92.83179,41.5703],[-92.82949,41.5703],[-92.82691,41.57029],[-92.82483,41.57028],[-92.8226,41.57029],[-92.82067,41.57029],[-92.8184,41.57028],[-92.81495,41.57019],[-92.81268,41.57007],[-92.81026,41.56993],[-92.80782,41.56973],[-92.8056,41.56955],[-92.80341,41.56936],[-92.80101,41.56913],[-92.79836,41.56932],[-92.79565,41.56953],[-92.79238,41.56977],[-92.78952,41.57001],[-92.78723,41.57006],[-92.78519,41.57006],[-92.78321,41.57009],[-92.78123,41.57015],[-92.77784,41.57026],[-92.77472,41.57033],[-92.77246,41.57035],[-92.76979,41.57035],[-92.76721,41.57034],[-92.76433,41.57039],[-92.76173,41.57038],[-92.75893,41.57039],[-92.75097,41.57044],[-92.74403,41.57051],[-92.7321,41.57049],[-92.73183,41.57049],[-92.7228,41.57046],[-92.71944,41.57056],[-92.71726,41.57055],[-92.71296,41.56961],[-92.71059,41.57009],[-92.71036,41.57014],[-92.70824,41.57058],[-92.70233,41.57078],[-92.70025,41.57087],[-92.69824,41.57087],[-92.69842,41.57113],[-92.69848,41.57142]]}},{"type":"Feature","properties":{"id":"111775","type":"AC; OVERHEAD","status":"IN SERVICE","owner":"MIDAMERICAN ENERGY CO","voltage":161,"voltClass":"100-161"},"geometry":{"type":"LineString","coordinates":[[-90.3941,41.535],[-90.39384,41.53512],[-90.39378,41.53573],[-90.39254,41.53564],[-90.38842,41.53523],[-90.38433,41.53485],[-90.38024,41.53445],[-90.37709,41.53254],[-90.37419,41.53252],[-90.37033,41.53254],[-90.36642,41.53256],[-90.36305,41.53258],[-90.35964,41.53261],[-90.35674,41.53034],[-90.35554,41.52827],[-90.35394,41.52571]]}},{"type":"Feature","properties":{"id":"111801","type":"AC; OVERHEAD","status":"IN SERVICE","owner":"OMAHA PUBLIC POWER DISTRICT","voltage":161,"voltClass":"100-161"},"geometry":{"type":"LineString","coordinates":[[-96.10605,41.2479],[-96.10582,41.24926],[-96.10719,41.25131],[-96.1084,41.25308],[-96.11017,41.25573],[-96.11017,41.25726],[-96.11014,41.26096],[-96.11018,41.26279],[-96.11005,41.26741],[-96.10225,41.27373],[-96.09616,41.27867],[-96.09307,41.27869],[-96.0908,41.27871],[-96.08685,41.27873],[-96.08362,41.27875],[-96.08081,41.27877],[-96.08002,41.27913]]}},{"type":"Feature","properties":{"id":"109974","type":"AC; OVERHEAD","status":"IN SERVICE","owner":"MIDAMERICAN ENERGY CO","voltage":161,"voltClass":"100-161"},"geometry":{"type":"LineString","coordinates":[[-91.701,41.93014],[-91.70172,41.93025],[-91.70587,41.9303],[-91.70599,41.93501],[-91.70802,41.93493],[-91.70953,41.93462],[-91.71247,41.93357],[-91.71593,41.93249],[-91.7166,41.93241],[-91.71779,41.93228],[-91.71885,41.93216],[-91.72139,41.93137],[-91.72375,41.9306],[-91.72622,41.92983],[-91.72872,41.92905],[-91.73049,41.9279],[-91.73132,41.92766],[-91.73139,41.92776],[-91.73296,41.92726],[-91.73433,41.92683],[-91.73453,41.92676],[-91.736,41.92625],[-91.7375,41.92573],[-91.73901,41.92519],[-91.7391,41.92516],[-91.74015,41.9249],[-91.74106,41.92456],[-91.74323,41.92377],[-91.74456,41.92332],[-91.74581,41.92289],[-91.74598,41.92265],[-91.74781,41.92196],[-91.74953,41.92146],[-91.75131,41.92109],[-91.75311,41.92083],[-91.75494,41.9207],[-91.75711,41.92068],[-91.75921,41.92068],[-91.7613,41.92068],[-91.76338,41.92068],[-91.76543,41.92067],[-91.76548,41.91804],[-91.76546,41.91543],[-91.76682,41.91545],[-91.76778,41.91548],[-91.77008,41.91544],[-91.77239,41.91541],[-91.77285,41.9151]]}},{"type":"Feature","properties":{"id":"110371","type":"AC; OVERHEAD","status":"IN SERVICE","owner":"MIDAMERICAN ENERGY CO","voltage":161,"voltClass":"100-161"},"geometry":{"type":"LineString","coordinates":[[-90.26838,41.55657],[-90.26693,41.5565],[-90.2656,41.55648],[-90.26444,41.5565],[-90.26324,41.55652],[-90.26205,41.55654],[-90.26082,41.55653],[-90.25963,41.55655],[-90.25843,41.55656],[-90.25723,41.55657],[-90.25605,41.55659],[-90.25485,41.55661],[-90.25368,41.55661],[-90.25252,41.55663],[-90.25138,41.55664],[-90.25027,41.55665],[-90.24913,41.55666],[-90.24799,41.55667],[-90.24655,41.55649],[-90.24592,41.55648],[-90.24526,41.55645],[-90.24464,41.55646],[-90.24395,41.55644],[-90.24325,41.55643],[-90.24257,41.55641],[-90.24148,41.55639],[-90.24071,41.55638],[-90.23995,41.55637],[-90.23819,41.55632],[-90.23747,41.55644],[-90.23674,41.55655],[-90.23603,41.55667],[-90.23524,41.55679],[-90.2341,41.5568],[-90.23291,41.55682],[-90.23185,41.55683],[-90.23068,41.55684],[-90.2295,41.55685],[-90.22831,41.55685],[-90.22715,41.55687],[-90.22625,41.55689],[-90.22625,41.55681],[-90.22638,41.55655]]}},{"type":"Feature","properties":{"id":"110552","type":"AC; OVERHEAD","status":"IN SERVICE","owner":"OMAHA PUBLIC POWER DISTRICT","voltage":345,"voltClass":"345"},"geometry":{"type":"LineString","coordinates":[[-96.08802,41.16915],[-96.09028,41.16918],[-96.09369,41.16918],[-96.09661,41.16918],[-96.10019,41.16916],[-96.10365,41.16914],[-96.10646,41.16913],[-96.10984,41.16911],[-96.11291,41.1691],[-96.11586,41.16909],[-96.11938,41.16907],[-96.12301,41.1691],[-96.12592,41.16913],[-96.12819,41.16918],[-96.13224,41.16913],[-96.13504,41.16915],[-96.13749,41.1692],[-96.13935,41.1693],[-96.14198,41.1693],[-96.14382,41.16927],[-96.14386,41.17073],[-96.14386,41.17244],[-96.14386,41.17411],[-96.14383,41.17615],[-96.14653,41.17614],[-96.14924,41.17613],[-96.15194,41.17612],[-96.15399,41.17611],[-96.15625,41.17609],[-96.15817,41.17609],[-96.16063,41.17607],[-96.16285,41.17606],[-96.16557,41.17605],[-96.16742,41.17604],[-96.17015,41.17603],[-96.17251,41.17602],[-96.17449,41.17601],[-96.17718,41.17599],[-96.17718,41.17452],[-96.17719,41.17269],[-96.17719,41.17059],[-96.17719,41.16898],[-96.18031,41.16897],[-96.18238,41.16897],[-96.18591,41.16898],[-96.1977,41.16902],[-96.19812,41.16877],[-96.1986,41.16831]]}},{"type":"Feature","properties":{"id":"110789","type":"AC; OVERHEAD","status":"IN SERVICE","owner":"MIDAMERICAN ENERGY CO","voltage":161,"voltClass":"100-161"},"geometry":{"type":"LineString","coordinates":[[-93.59009,41.71318],[-93.58978,41.71293],[-93.58969,41.7122],[-93.58628,41.71222],[-93.58265,41.71222],[-93.58245,41.71222],[-93.58151,41.71221],[-93.58094,41.71214],[-93.58096,41.71428],[-93.58102,41.71589],[-93.58102,41.71715],[-93.58061,41.71747],[-93.57732,41.71745],[-93.57456,41.71747],[-93.57107,41.71747],[-93.56743,41.71746],[-93.56471,41.71746],[-93.56345,41.71746],[-93.56259,41.71726],[-93.56038,41.71726],[-93.55938,41.71725],[-93.55821,41.71726],[-93.55707,41.71725],[-93.55597,41.71725],[-93.55376,41.71727],[-93.55067,41.71726],[-93.54756,41.71726],[-93.54412,41.71727],[-93.54177,41.71727],[-93.54176,41.71966],[-93.54175,41.72371],[-93.54175,41.72724],[-93.54174,41.73102],[-93.54174,41.73169],[-93.54167,41.73336],[-93.54167,41.73468],[-93.54165,41.7374],[-93.54162,41.74068],[-93.54161,41.74396],[-93.54157,41.74622],[-93.5478,41.74622],[-93.55261,41.74622],[-93.55788,41.7462],[-93.56097,41.74622],[-93.56095,41.74758],[-93.56093,41.75031],[-93.56088,41.75383],[-93.5616,41.75409]]}},{"type":"Feature","properties":{"id":"111034","type":"AC; OVERHEAD","status":"IN SERVICE","owner":"MIDAMERICAN ENERGY CO","voltage":161,"voltClass":"100-161"},"geometry":{"type":"LineString","coordinates":[[-93.63593,42.56422],[-93.63541,42.56469],[-93.63528,42.56504],[-93.63438,42.56504],[-93.63208,42.56505],[-93.6296,42.56504],[-93.62671,42.56504],[-93.62354,42.56504],[-93.62072,42.56504],[-93.61749,42.56504],[-93.61459,42.56504],[-93.61207,42.56504],[-93.60939,42.56505],[-93.60673,42.56506],[-93.60362,42.56507],[-93.60046,42.56507],[-93.59727,42.56508],[-93.59363,42.5651],[-93.59035,42.5651],[-93.58766,42.56511],[-93.58522,42.5651],[-93.58276,42.56511],[-93.58024,42.56511],[-93.57767,42.56512],[-93.57531,42.56512],[-93.57287,42.56513],[-93.56992,42.56513],[-93.56705,42.56514],[-93.56412,42.56514],[-93.56106,42.56514],[-93.55844,42.56515],[-93.55583,42.56513],[-93.55336,42.56512],[-93.55108,42.5651],[-93.54858,42.56508],[-93.54603,42.56501],[-93.54359,42.56496],[-93.5408,42.56485],[-93.53792,42.56481],[-93.53511,42.56479],[-93.53278,42.56479],[-93.5298,42.5648],[-93.52712,42.56481],[-93.52464,42.56481],[-93.52198,42.56482],[-93.51934,42.56483],[-93.51742,42.56483],[-93.51513,42.56482],[-93.51276,42.56482],[-93.51006,42.56481],[-93.50732,42.5648],[-93.50488,42.56479],[-93.50217,42.56479],[-93.49975,42.56478],[-93.4967,42.56506],[-93.4941,42.56506],[-93.49145,42.56507],[-93.48867,42.56508],[-93.48624,42.56509],[-93.48375,42.56509],[-93.48012,42.5651],[-93.47824,42.56509],[-93.47636,42.56506],[-93.47362,42.56502],[-93.47068,42.56498],[-93.46777,42.56494],[-93.46469,42.56479],[-93.46207,42.5647],[-93.45931,42.56465],[-93.4567,42.56464],[-93.4544,42.56463],[-93.45213,42.56461],[-93.44987,42.5646],[-93.44761,42.56459],[-93.44534,42.56458],[-93.44253,42.56456],[-93.43986,42.56457],[-93.43721,42.56457],[-93.43475,42.56457],[-93.43235,42.56457],[-93.42993,42.56457],[-93.42729,42.56457],[-93.42438,42.56457],[-93.4218,42.56457],[-93.41966,42.56458],[-93.4165,42.56457],[-93.41356,42.56458],[-93.41103,42.56458],[-93.40847,42.5646],[-93.40631,42.56459],[-93.40388,42.56459],[-93.40059,42.56461],[-93.3982,42.56463],[-93.39558,42.56464],[-93.393,42.56466],[-93.39041,42.56465],[-93.38778,42.56466],[-93.38512,42.56467],[-93.38244,42.56469],[-93.37996,42.56468],[-93.37672,42.56466],[-93.37369,42.56465],[-93.37095,42.56463],[-93.36804,42.56461],[-93.36543,42.5646],[-93.36227,42.56458],[-93.35969,42.56457],[-93.35638,42.56456],[-93.35329,42.56456],[-93.35067,42.56455],[-93.3475,42.56455],[-93.34461,42.56454],[-93.34164,42.56454],[-93.33855,42.56453],[-93.33575,42.56452],[-93.33284,42.56452],[-93.32995,42.56448],[-93.32771,42.56445],[-93.32529,42.56441],[-93.3229,42.56437],[-93.32076,42.56363],[-93.31857,42.56286],[-93.31625,42.56205],[-93.31361,42.56112],[-93.31147,42.56106],[-93.309,42.561],[-93.30631,42.56092],[-93.30366,42.56085],[-93.3011,42.5608],[-93.29896,42.56078],[-93.29658,42.56076],[-93.2939,42.56073],[-93.29139,42.56071],[-93.29125,42.55878],[-93.29105,42.55825]]}},{"type":"Feature","properties":{"id":"109337","type":"AC; OVERHEAD","status":"IN SERVICE","owner":"MIDAMERICAN ENERGY CO","voltage":161,"voltClass":"100-161"},"geometry":{"type":"LineString","coordinates":[[-91.45769,41.6862],[-91.45834,41.68616],[-91.45835,41.68385],[-91.45816,41.68028],[-91.45807,41.67819],[-91.45818,41.67344],[-91.45823,41.66913],[-91.45866,41.66738],[-91.45846,41.66582],[-91.45815,41.66388],[-91.45819,41.66264],[-91.45824,41.66075],[-91.45826,41.65841],[-91.45832,41.6549],[-91.45838,41.65033],[-91.45841,41.64773],[-91.45845,41.64539],[-91.45847,41.64321],[-91.45847,41.64073],[-91.45849,41.63842],[-91.45852,41.63307],[-91.45854,41.62944],[-91.45857,41.62744],[-91.45693,41.62559],[-91.45713,41.62118],[-91.45374,41.61658],[-91.45374,41.61434],[-91.45373,41.6121],[-91.4537,41.60993],[-91.45369,41.60574],[-91.45424,41.60213],[-91.4547,41.59939],[-91.45494,41.59766],[-91.45495,41.59548],[-91.45493,41.59326],[-91.4549,41.59191],[-91.45492,41.59003],[-91.45478,41.58615],[-91.45475,41.58395],[-91.45473,41.58149],[-91.4547,41.57929],[-91.45468,41.57485],[-91.45462,41.57288],[-91.4572,41.57291],[-91.45966,41.57292],[-91.46229,41.57294],[-91.46457,41.57295],[-91.46696,41.57288],[-91.47008,41.57281],[-91.47318,41.57274],[-91.47629,41.57267],[-91.47945,41.5726],[-91.48252,41.57249],[-91.48843,41.57265],[-91.49398,41.57277],[-91.49927,41.57287],[-91.50549,41.57296],[-91.51184,41.57296],[-91.51816,41.57297],[-91.5212,41.57298],[-91.52639,41.57206],[-91.52903,41.57208],[-91.53092,41.5721],[-91.53275,41.57212],[-91.53447,41.57215],[-91.53543,41.57212],[-91.536,41.57063]]}},{"type":"Feature","properties":{"id":"161261","type":"AC; OVERHEAD","status":"IN SERVICE","owner":null,"voltage":115,"voltClass":"100-161"},"geometry":{"type":"LineString","coordinates":[[-96.64909,43.46027],[-96.6482,43.46027],[-96.64775,43.46028],[-96.64734,43.46028],[-96.64627,43.46028],[-96.64504,43.46028],[-96.64376,43.46028],[-96.64249,43.46029],[-96.64122,43.46029],[-96.63997,43.46028],[-96.63885,43.46029],[-96.63885,43.46101],[-96.63885,43.4618],[-96.63886,43.46266],[-96.63885,43.46361],[-96.63888,43.46457],[-96.63888,43.46501],[-96.63888,43.46541],[-96.63888,43.46628],[-96.63888,43.4671],[-96.63888,43.46789],[-96.63886,43.46881],[-96.63885,43.46972],[-96.63886,43.4706],[-96.63887,43.47139],[-96.63888,43.4722],[-96.63889,43.47297],[-96.63889,43.47391],[-96.63891,43.47482],[-96.63891,43.47576],[-96.63893,43.47668],[-96.63892,43.47759],[-96.6389,43.47852],[-96.63891,43.47935],[-96.63896,43.48031],[-96.63897,43.48125],[-96.63898,43.48215],[-96.639,43.48293],[-96.639,43.48368],[-96.639,43.48439],[-96.639,43.48521],[-96.639,43.486],[-96.63898,43.48691],[-96.63897,43.48781],[-96.63896,43.48836],[-96.63895,43.48875],[-96.63925,43.48906]]}},{"type":"Feature","properties":{"id":"109576","type":"AC; OVERHEAD","status":"IN SERVICE","owner":null,"voltage":161,"voltClass":"100-161"},"geometry":{"type":"LineString","coordinates":[[-95.34927,41.46877],[-95.3487,41.46858],[-95.34653,41.46826],[-95.34654,41.46735],[-95.3408,41.46717],[-95.33725,41.4671],[-95.33415,41.46666],[-95.33066,41.46618],[-95.32713,41.46571],[-95.31989,41.46567],[-95.30971,41.4657],[-95.30281,41.46568],[-95.29166,41.46553],[-95.28232,41.46541],[-95.27494,41.4654],[-95.26772,41.46537],[-95.25674,41.46533],[-95.24588,41.46532],[-95.23536,41.4653],[-95.22641,41.46525],[-95.22658,41.46591],[-95.22611,41.46609]]}},{"type":"Feature","properties":{"id":"109745","type":"AC; OVERHEAD","status":"IN SERVICE","owner":null,"voltage":161,"voltClass":"100-161"},"geometry":{"type":"LineString","coordinates":[[-96.3614,42.30192],[-96.36162,42.3029],[-96.35996,42.30308],[-96.3585,42.30339],[-96.35846,42.30505],[-96.35875,42.31154],[-96.35891,42.31445],[-96.35915,42.31785],[-96.35937,42.32023],[-96.35952,42.32199],[-96.36171,42.324],[-96.3638,42.32598],[-96.36581,42.32734],[-96.36623,42.32885],[-96.36546,42.32936]]}},{"type":"Feature","properties":{"id":"109883","type":"AC; OVERHEAD","status":"IN SERVICE","owner":"MIDAMERICAN ENERGY CO","voltage":161,"voltClass":"100-161"},"geometry":{"type":"LineString","coordinates":[[-93.0621,41.70249],[-93.06329,41.70178],[-93.06843,41.69952],[-93.0697,41.69896],[-93.07348,41.6973],[-93.07551,41.69615],[-93.07735,41.69483],[-93.07854,41.69398],[-93.08271,41.69102],[-93.08378,41.69027],[-93.08423,41.68995],[-93.08493,41.68938],[-93.0857,41.68861],[-93.08613,41.68758],[-93.08629,41.68714],[-93.08655,41.68641],[-93.08651,41.68547],[-93.08637,41.68346],[-93.08624,41.68167],[-93.08612,41.67979],[-93.0861,41.67899],[-93.08643,41.67794],[-93.08712,41.67581],[-93.0875,41.67478],[-93.08825,41.67394],[-93.08901,41.67311],[-93.08972,41.6723],[-93.09045,41.67147],[-93.09161,41.6708],[-93.09264,41.67021],[-93.09382,41.66954],[-93.09511,41.66918],[-93.09633,41.6688],[-93.09637,41.66676],[-93.09637,41.66568],[-93.09631,41.66259],[-93.09626,41.65906],[-93.09627,41.65798],[-93.09624,41.65686],[-93.09618,41.65472],[-93.09615,41.65362],[-93.09614,41.65252],[-93.09613,41.65164],[-93.09612,41.65049],[-93.09613,41.6496],[-93.09639,41.64909],[-93.0964,41.64789],[-93.0964,41.64704],[-93.09609,41.64601],[-93.09612,41.6448],[-93.09613,41.64439],[-93.09614,41.64342],[-93.09615,41.64238],[-93.09615,41.64132],[-93.09618,41.6402],[-93.0962,41.63909],[-93.09621,41.638],[-93.09622,41.63692],[-93.09623,41.63582],[-93.09621,41.63472],[-93.09624,41.63361],[-93.09623,41.63154],[-93.09621,41.63045],[-93.09621,41.62935],[-93.09621,41.62715],[-93.09621,41.62486],[-93.09621,41.62395],[-93.09623,41.62305],[-93.09621,41.62197],[-93.09623,41.62095],[-93.0963,41.61898],[-93.09633,41.61794],[-93.09637,41.61692],[-93.09642,41.61592],[-93.09642,41.61484],[-93.09642,41.61381],[-93.09643,41.61274],[-93.09643,41.61171],[-93.09644,41.61064],[-93.09646,41.60959],[-93.0959,41.60887],[-93.09598,41.60573],[-93.09601,41.60468],[-93.09608,41.6036],[-93.09612,41.60255],[-93.09614,41.60144],[-93.0962,41.60041],[-93.09623,41.59944],[-93.09626,41.59834],[-93.09628,41.59725],[-93.09631,41.59618],[-93.09636,41.59513],[-93.0964,41.59413],[-93.09642,41.59317],[-93.09659,41.58889],[-93.09669,41.58671],[-93.09674,41.5856],[-93.09685,41.58345],[-93.0969,41.5815],[-93.09688,41.58041],[-93.09686,41.57931],[-93.09678,41.57709],[-93.09677,41.57602],[-93.09671,41.57491],[-93.0967,41.57383],[-93.09664,41.57273],[-93.09654,41.57266],[-93.09595,41.57227]]}},{"type":"Feature","properties":{"id":"113955","type":"AC; OVERHEAD","status":"IN SERVICE","owner":"MIDAMERICAN ENERGY CO","voltage":115,"voltClass":"100-161"},"geometry":{"type":"LineString","coordinates":[[-91.66721,41.98675],[-91.66761,41.9884],[-91.66851,41.98938],[-91.67041,41.98972],[-91.67187,41.99043],[-91.67261,41.99141],[-91.67286,41.99172],[-91.67528,41.99627],[-91.67604,41.9977],[-91.67623,41.99795],[-91.67713,41.99902],[-91.67753,41.99944],[-91.67849,42.0003],[-91.67866,42.0004],[-91.68388,42.00281],[-91.6893,42.00537],[-91.6907,42.00606],[-91.69226,42.00693],[-91.69356,42.00765],[-91.69456,42.00633],[-91.69597,42.0046],[-91.69727,42.00303],[-91.69942,42.00239],[-91.70312,42.0013],[-91.70557,41.99677],[-91.70994,41.99521],[-91.71209,41.99441],[-91.71584,41.99309],[-91.71611,41.993],[-91.71853,41.99301],[-91.72154,41.99303],[-91.72397,41.99305],[-91.72653,41.99307],[-91.7283,41.99308],[-91.73113,41.99137],[-91.73446,41.98934],[-91.73547,41.9887],[-91.73547,41.98728],[-91.73544,41.986],[-91.73627,41.98593]]}},{"type":"Feature","properties":{"id":"114198","type":"AC; OVERHEAD","status":"IN SERVICE","owner":null,"voltage":161,"voltClass":"100-161"},"geometry":{"type":"LineString","coordinates":[[-93.5616,41.75409],[-93.56062,41.75403],[-93.56061,41.75746],[-93.56058,41.76057],[-93.56058,41.7636],[-93.56057,41.76785],[-93.56055,41.76998],[-93.56053,41.77449],[-93.56053,41.77657],[-93.56049,41.7813],[-93.56049,41.78363],[-93.56048,41.78825],[-93.56043,41.79155],[-93.56197,41.79151],[-93.56476,41.79152],[-93.56769,41.79151],[-93.56858,41.7924],[-93.56938,41.7934],[-93.56987,41.7945],[-93.56986,41.79957],[-93.56985,41.80397],[-93.56987,41.80606],[-93.57,41.81042],[-93.57012,41.81324],[-93.57017,41.81426],[-93.56978,41.81454],[-93.56975,41.81563],[-93.56982,41.81673],[-93.57023,41.81728],[-93.57029,41.81825],[-93.57032,41.82023],[-93.57032,41.82187],[-93.57033,41.82296],[-93.5703,41.82515],[-93.57032,41.82626],[-93.57026,41.8295],[-93.57028,41.83184],[-93.5703,41.83289],[-93.57034,41.83499],[-93.57036,41.83608],[-93.57027,41.84021],[-93.56964,41.84066],[-93.56962,41.84172],[-93.56961,41.84387],[-93.56963,41.84498],[-93.56997,41.84596],[-93.57,41.84701],[-93.56998,41.84906],[-93.56998,41.84989],[-93.57,41.85088],[-93.57006,41.85394],[-93.57009,41.85594],[-93.57012,41.85699],[-93.57013,41.85789],[-93.57017,41.85897],[-93.57018,41.85999],[-93.57022,41.86199],[-93.57025,41.86313],[-93.5637,41.86313],[-93.56114,41.86313],[-93.56079,41.86342],[-93.56081,41.86553],[-93.56077,41.86763],[-93.56075,41.86869],[-93.56075,41.86971],[-93.56072,41.87421],[-93.56068,41.87767],[-93.56057,41.87806],[-93.56054,41.88031],[-93.56054,41.88136],[-93.56079,41.88195],[-93.56079,41.88242],[-93.56075,41.88503],[-93.56073,41.88881],[-93.56071,41.89256],[-93.56072,41.89355],[-93.56044,41.89409],[-93.56049,41.89797],[-93.56049,41.89925],[-93.56047,41.90095],[-93.56044,41.90311],[-93.56079,41.90356],[-93.56079,41.90603],[-93.56074,41.90886],[-93.56069,41.91195],[-93.56069,41.91298],[-93.56064,41.91499],[-93.56063,41.91601],[-93.56059,41.91791],[-93.56453,41.91786],[-93.56975,41.91783],[-93.56972,41.91861],[-93.56965,41.91956],[-93.56961,41.92032],[-93.56965,41.92105],[-93.56965,41.92188],[-93.56964,41.92262],[-93.5696,41.92353],[-93.56954,41.9261],[-93.56947,41.92824],[-93.56945,41.92934],[-93.5694,41.93151],[-93.56931,41.9347],[-93.5693,41.93579],[-93.56926,41.93975],[-93.56927,41.94274],[-93.56891,41.94388],[-93.5689,41.94727],[-93.56888,41.94949],[-93.56889,41.95518],[-93.56888,41.95741],[-93.56888,41.95962],[-93.56897,41.96055],[-93.5691,41.96148],[-93.56961,41.96492],[-93.56964,41.966],[-93.56973,41.96812],[-93.56951,41.97105],[-93.5698,41.97221],[-93.5699,41.97436],[-93.56998,41.97658],[-93.57009,41.97885],[-93.5701,41.9798],[-93.57018,41.98189],[-93.57027,41.9851],[-93.57032,41.98713],[-93.57008,41.98823],[-93.5701,41.99133],[-93.57013,41.99554],[-93.57015,41.99759],[-93.57016,42.00072],[-93.57005,42.0013],[-93.57007,42.00205],[-93.57008,42.00363],[-93.56668,42.00366],[-93.56669,42.00484],[-93.56062,42.0049],[-93.56071,42.00787],[-93.56069,42.00896],[-93.56067,42.01018],[-93.56061,42.01255],[-93.56053,42.01473],[-93.56048,42.01911],[-93.56045,42.02238],[-93.56043,42.02322],[-93.56538,42.02313],[-93.56814,42.02307],[-93.57327,42.02298],[-93.57601,42.02296],[-93.5806,42.02295],[-93.58182,42.02293],[-93.58334,42.02294],[-93.58492,42.02291],[-93.58731,42.02291],[-93.58796,42.02292],[-93.58799,42.02672],[-93.58803,42.02755],[-93.59105,42.02746],[-93.59529,42.02699],[-93.59934,42.02657],[-93.6,42.02653],[-93.60133,42.02614],[-93.60267,42.02603],[-93.60392,42.02603]]}},{"type":"Feature","properties":{"id":"114248","type":"AC; OVERHEAD","status":"IN SERVICE","owner":null,"voltage":161,"voltClass":"100-161"},"geometry":{"type":"LineString","coordinates":[[-93.43743,43.07441],[-93.43744,43.07473]]}},{"type":"Feature","properties":{"id":"114284","type":"AC; OVERHEAD","status":"IN SERVICE","owner":"MIDAMERICAN ENERGY CO","voltage":161,"voltClass":"100-161"},"geometry":{"type":"LineString","coordinates":[[-94.29945,42.51553],[-94.29878,42.51557],[-94.29871,42.51598],[-94.2937,42.51591],[-94.2895,42.51592],[-94.28549,42.51599],[-94.27968,42.51581],[-94.27152,42.5156],[-94.2607,42.51553],[-94.25403,42.51539],[-94.24672,42.51529],[-94.2468,42.52121],[-94.24688,42.52475],[-94.24713,42.53011],[-94.24679,42.53672],[-94.2468,42.54053],[-94.24684,42.54406],[-94.24684,42.54738],[-94.2466,42.55136],[-94.24651,42.5549],[-94.24635,42.5583],[-94.24638,42.56395],[-94.24639,42.56563],[-94.24524,42.56555],[-94.24425,42.56555],[-94.23771,42.56551],[-94.2334,42.56549],[-94.22647,42.56537],[-94.22459,42.56536],[-94.21916,42.56536],[-94.21417,42.56529],[-94.20826,42.56811],[-94.20376,42.57023],[-94.20142,42.57134],[-94.19916,42.57247],[-94.19305,42.57241],[-94.18487,42.57239],[-94.17547,42.57241],[-94.16584,42.57239],[-94.15381,42.57239],[-94.14476,42.57237],[-94.13448,42.57242],[-94.13343,42.57225],[-94.13234,42.57241],[-94.12565,42.57245],[-94.11833,42.57249],[-94.10961,42.57257],[-94.1072,42.57255],[-94.0997,42.57253],[-94.09969,42.57075],[-94.09962,42.56634],[-94.09404,42.56632],[-94.09314,42.56634],[-94.0922,42.56611]]}},{"type":"Feature","properties":{"id":"114442","type":"AC; OVERHEAD","status":"IN SERVICE","owner":null,"voltage":161,"voltClass":"100-161"},"geometry":{"type":"LineString","coordinates":[[-90.43253,42.40272],[-90.43313,42.40284],[-90.43446,42.40274],[-90.43805,42.40324],[-90.44303,42.40392],[-90.44554,42.40454],[-90.45435,42.40479],[-90.45823,42.40475],[-90.46808,42.4047],[-90.47374,42.40464],[-90.47775,42.40765],[-90.47771,42.41249],[-90.4841,42.42224],[-90.4863,42.42553],[-90.48653,42.43074],[-90.48783,42.43271],[-90.49034,42.4358],[-90.48952,42.4368],[-90.4919,42.43927],[-90.49463,42.43921],[-90.50242,42.44324],[-90.50614,42.44584],[-90.50593,42.46931],[-90.54129,42.46933],[-90.56101,42.4694],[-90.56273,42.4697],[-90.56458,42.47098],[-90.56552,42.47493],[-90.56976,42.48407],[-90.57481,42.48417],[-90.58171,42.48419],[-90.59232,42.48426],[-90.60055,42.48431],[-90.61472,42.48428],[-90.61488,42.50136],[-90.61903,42.50272],[-90.62993,42.50266],[-90.63603,42.50295],[-90.64074,42.50333],[-90.64173,42.50368],[-90.64713,42.50955],[-90.6528,42.50938],[-90.65512,42.5082],[-90.6563,42.5066],[-90.65787,42.50386],[-90.65856,42.50377]]}},{"type":"Feature","properties":{"id":"115482","type":"AC; OVERHEAD","status":"IN SERVICE","owner":"MIDAMERICAN ENERGY CO","voltage":230,"voltClass":"220-287"},"geometry":{"type":"LineString","coordinates":[[-96.30633,42.60293],[-96.30684,42.60174],[-96.30687,42.60117],[-96.3069,42.60083],[-96.30645,42.60072],[-96.30519,42.60029]]}},{"type":"Feature","properties":{"id":"115558","type":"AC; OVERHEAD","status":"IN SERVICE","owner":null,"voltage":161,"voltClass":"100-161"},"geometry":{"type":"LineString","coordinates":[[-95.76758,42.20968],[-95.76758,42.21002],[-95.76763,42.21045],[-95.76858,42.21047],[-95.77337,42.21169],[-95.78735,42.21525],[-95.80023,42.21843],[-95.80476,42.21958],[-95.81899,42.22314],[-95.82756,42.22505],[-95.83848,42.2272],[-95.84783,42.22909],[-95.86277,42.232],[-95.8777,42.2348],[-95.88148,42.23547],[-95.88548,42.23667],[-95.89457,42.23949],[-95.90242,42.2419],[-95.91374,42.24539],[-95.92508,42.2489],[-95.9319,42.251],[-95.94455,42.25499],[-95.95534,42.2586],[-95.95776,42.25937],[-95.96343,42.26127],[-95.9712,42.26378],[-95.9755,42.26502],[-95.98785,42.26862],[-95.9998,42.27203],[-96.00886,42.27479],[-96.01772,42.27749],[-96.03107,42.28159],[-96.0406,42.2845],[-96.04922,42.2869],[-96.05701,42.28852],[-96.06704,42.2905],[-96.07584,42.29239],[-96.08207,42.29402],[-96.08954,42.2959],[-96.10283,42.29942],[-96.10488,42.29992],[-96.10743,42.3006],[-96.1166,42.30298],[-96.12766,42.30584],[-96.13328,42.30729],[-96.13558,42.30792],[-96.14109,42.30792],[-96.1577,42.30805],[-96.17405,42.30817],[-96.18581,42.30824],[-96.20056,42.30824],[-96.22812,42.3082],[-96.24429,42.30822],[-96.26057,42.30823],[-96.26358,42.30828],[-96.26598,42.3083],[-96.26582,42.30116],[-96.27171,42.30122],[-96.28008,42.30133],[-96.28098,42.30127],[-96.28305,42.30131],[-96.28711,42.30136],[-96.28919,42.30135],[-96.29024,42.3013],[-96.29546,42.30127],[-96.29755,42.30126],[-96.29911,42.30116],[-96.30389,42.30116],[-96.30611,42.30115],[-96.30939,42.30114],[-96.31431,42.30107],[-96.3222,42.30096],[-96.32406,42.30092],[-96.32484,42.3011],[-96.32598,42.30116],[-96.32894,42.30112],[-96.33363,42.30116],[-96.33955,42.3012],[-96.34355,42.30124],[-96.34847,42.30129],[-96.35262,42.30054],[-96.35679,42.30313],[-96.3612,42.30247],[-96.36178,42.30202],[-96.3614,42.30192]]}},{"type":"Feature","properties":{"id":"115660","type":"AC; OVERHEAD","status":"IN SERVICE","owner":null,"voltage":161,"voltClass":"100-161"},"geometry":{"type":"LineString","coordinates":[[-91.03251,42.70136],[-91.03228,42.70147],[-91.03168,42.70146],[-91.02722,42.70132],[-91.02529,42.70126],[-91.02262,42.70118],[-91.02044,42.70111],[-91.01804,42.70106],[-91.01557,42.70033],[-91.01371,42.69978],[-91.01231,42.69937],[-91.00766,42.69706],[-91.00343,42.69494],[-91.00053,42.6935],[-90.99332,42.68991],[-90.99165,42.68907],[-90.98997,42.68824],[-90.98935,42.68623],[-90.98809,42.68236],[-90.98772,42.68112],[-90.98438,42.67884],[-90.98092,42.67645],[-90.97902,42.67644],[-90.97234,42.67675],[-90.96903,42.67693],[-90.96576,42.67504],[-90.96195,42.67247],[-90.95814,42.67009],[-90.95359,42.66727],[-90.94963,42.66473],[-90.94564,42.66221],[-90.93832,42.65757],[-90.93077,42.65278],[-90.92421,42.64792],[-90.92219,42.64587],[-90.92106,42.64316],[-90.91691,42.63953],[-90.91381,42.63674],[-90.91031,42.63402],[-90.90595,42.63064],[-90.90252,42.62802],[-90.89725,42.62394],[-90.89023,42.61849],[-90.88418,42.61381],[-90.87774,42.60882],[-90.87293,42.60507],[-90.86913,42.60214],[-90.86716,42.6008],[-90.86082,42.59655],[-90.85367,42.59171],[-90.84608,42.58662],[-90.8406,42.58291],[-90.83118,42.58052],[-90.82935,42.58002],[-90.81934,42.57829],[-90.80677,42.57501],[-90.79607,42.5722],[-90.78373,42.56934],[-90.77212,42.56665],[-90.76762,42.56561],[-90.77114,42.56226],[-90.77237,42.55899],[-90.77266,42.55789],[-90.77245,42.55488],[-90.77252,42.55299],[-90.77259,42.55043],[-90.77266,42.54933],[-90.77522,42.5466],[-90.77772,42.54282],[-90.77928,42.54027],[-90.77922,42.53842],[-90.77919,42.53462],[-90.77918,42.53263],[-90.77924,42.53217],[-90.77904,42.53165]]}},{"type":"Feature","properties":{"id":"115761","type":"AC; OVERHEAD","status":"IN SERVICE","owner":"MIDAMERICAN ENERGY CO","voltage":161,"voltClass":"100-161"},"geometry":{"type":"LineString","coordinates":[[-90.54794,41.53593],[-90.54725,41.53598],[-90.54829,41.5395],[-90.54865,41.54058],[-90.54908,41.5414],[-90.54971,41.54224],[-90.55038,41.54297],[-90.55125,41.54369],[-90.55323,41.54504],[-90.55396,41.54559],[-90.55455,41.54636],[-90.55506,41.54723],[-90.55531,41.54813],[-90.55537,41.54913],[-90.55528,41.54988],[-90.55516,41.55026],[-90.55321,41.55557],[-90.55266,41.55712],[-90.55198,41.55915],[-90.55187,41.56009],[-90.55205,41.56138],[-90.55249,41.56331],[-90.55318,41.56578],[-90.55363,41.56674],[-90.55403,41.56867],[-90.55438,41.56962],[-90.55543,41.57111],[-90.55603,41.57173],[-90.55697,41.57231],[-90.55758,41.57278],[-90.55813,41.57358],[-90.55834,41.57452],[-90.55823,41.57544],[-90.55716,41.57819],[-90.55716,41.57917],[-90.55758,41.58078],[-90.55799,41.58193],[-90.55838,41.58281],[-90.55902,41.5837],[-90.56,41.58456],[-90.56148,41.58575],[-90.56311,41.58834],[-90.56345,41.58881],[-90.56371,41.58915],[-90.55981,41.58892],[-90.55438,41.58854],[-90.55066,41.58828],[-90.55039,41.58851]]}},{"type":"Feature","properties":{"id":"115879","type":"AC; OVERHEAD","status":"IN SERVICE","owner":"MIDAMERICAN ENERGY CO","voltage":161,"voltClass":"100-161"},"geometry":{"type":"LineString","coordinates":[[-91.701,41.93014],[-91.70081,41.93074],[-91.69953,41.93387],[-91.69856,41.93635],[-91.69145,41.93742],[-91.68545,41.93831],[-91.67939,41.9392],[-91.67402,41.94],[-91.66768,41.94095],[-91.66141,41.94187],[-91.65376,41.943],[-91.64872,41.94374],[-91.64843,41.94235],[-91.64843,41.94226],[-91.64934,41.94037],[-91.65033,41.9391],[-91.64983,41.93851]]}},{"type":"Feature","properties":{"id":"112781","type":"AC; OVERHEAD","status":"IN SERVICE","owner":"OMAHA PUBLIC POWER DISTRICT","voltage":161,"voltClass":"100-161"},"geometry":{"type":"LineString","coordinates":[[-96.13281,41.33429],[-96.13274,41.33373],[-96.13275,41.33342],[-96.1319,41.33342],[-96.13148,41.33342],[-96.13109,41.33342],[-96.12955,41.33344],[-96.12688,41.33239],[-96.12564,41.33097],[-96.12419,41.32934],[-96.12293,41.32791],[-96.1216,41.32642],[-96.12006,41.32467],[-96.11851,41.32293],[-96.11631,41.32136],[-96.11403,41.3197],[-96.11248,41.31859],[-96.11082,41.3174],[-96.109,41.31609],[-96.10727,41.31485],[-96.10552,41.31359],[-96.10395,41.31245],[-96.10204,41.31107],[-96.10033,41.30985],[-96.09871,41.30869],[-96.09729,41.30766],[-96.09556,41.30642],[-96.09357,41.30498],[-96.09166,41.3036],[-96.08988,41.30231],[-96.08794,41.30093],[-96.08614,41.29964],[-96.08614,41.29842],[-96.08613,41.29603],[-96.0861,41.29434],[-96.08609,41.29278],[-96.08607,41.29045],[-96.08606,41.288],[-96.08604,41.28639],[-96.08601,41.28475],[-96.08601,41.28307],[-96.086,41.28108],[-96.086,41.28081],[-96.08449,41.28082],[-96.08262,41.28083],[-96.08117,41.28084],[-96.08093,41.28084],[-96.08082,41.27964],[-96.08082,41.27902],[-96.08002,41.27913]]}},{"type":"Feature","properties":{"id":"112813","type":"AC; OVERHEAD","status":"IN SERVICE","owner":"OMAHA PUBLIC POWER DISTRICT","voltage":161,"voltClass":"100-161"},"geometry":{"type":"LineString","coordinates":[[-96.13805,41.17681],[-96.13775,41.1768],[-96.13775,41.1764],[-96.13547,41.17637],[-96.13311,41.17636],[-96.13084,41.17632],[-96.12865,41.17631],[-96.1267,41.17628],[-96.12451,41.17626],[-96.12233,41.17624],[-96.11957,41.17623],[-96.11754,41.17622],[-96.11553,41.17623],[-96.11361,41.17624],[-96.11159,41.17626],[-96.10919,41.17627],[-96.10679,41.17628],[-96.10439,41.1763],[-96.10207,41.17632],[-96.09927,41.17635],[-96.09749,41.17634],[-96.09535,41.17638],[-96.09305,41.17662],[-96.091,41.17662],[-96.09098,41.176],[-96.09101,41.17489],[-96.09101,41.17327],[-96.09102,41.17146],[-96.09101,41.16968],[-96.08952,41.16963],[-96.08802,41.16915]]}},{"type":"Feature","properties":{"id":"112909","type":"AC; OVERHEAD","status":"IN SERVICE","owner":null,"voltage":345,"voltClass":"345"},"geometry":{"type":"LineString","coordinates":[[-96.58293,40.71328],[-96.58226,40.71428],[-96.58038,40.71453],[-96.57819,40.71615],[-96.57594,40.71776],[-96.57425,40.71878],[-96.57138,40.71878],[-96.56854,40.71878],[-96.56496,40.71878],[-96.56247,40.71879],[-96.55885,40.71879],[-96.5553,40.71878],[-96.55207,40.71877],[-96.54828,40.71877],[-96.54524,40.71881],[-96.54256,40.71886],[-96.5398,40.71891],[-96.53662,40.7189],[-96.53373,40.71889],[-96.53014,40.7189],[-96.52719,40.71889],[-96.52386,40.71888],[-96.52063,40.71888],[-96.52059,40.71657],[-96.52058,40.7144],[-96.52063,40.71211],[-96.51772,40.71205],[-96.5142,40.71199],[-96.51098,40.71204],[-96.50725,40.71214],[-96.50361,40.71211],[-96.49991,40.71209],[-96.49671,40.71125],[-96.49347,40.71124],[-96.49044,40.71124],[-96.48684,40.71123],[-96.48328,40.71124],[-96.47981,40.7112],[-96.47646,40.71117],[-96.47328,40.71117],[-96.47024,40.71117],[-96.46734,40.71117],[-96.46409,40.71115],[-96.46389,40.70876],[-96.46387,40.70642],[-96.46386,40.70422],[-96.46127,40.70422],[-96.45783,40.70423],[-96.45478,40.70422],[-96.45185,40.70422],[-96.44874,40.70423],[-96.44518,40.70423],[-96.44195,40.70423],[-96.43841,40.70423],[-96.43482,40.70424],[-96.43199,40.70424],[-96.42847,40.70424],[-96.42547,40.70424],[-96.42238,40.70424],[-96.41931,40.70424],[-96.41615,40.70424],[-96.41617,40.70197],[-96.41621,40.69968],[-96.41626,40.69712],[-96.41626,40.69431],[-96.41627,40.69175],[-96.41275,40.69206],[-96.40894,40.6924],[-96.40544,40.69302],[-96.40167,40.69351],[-96.39896,40.69461],[-96.39674,40.69703],[-96.39302,40.697],[-96.38948,40.69701],[-96.38654,40.69701],[-96.38372,40.69701],[-96.37997,40.69701],[-96.37623,40.69701],[-96.37253,40.69701],[-96.36895,40.69701],[-96.36546,40.69701],[-96.36174,40.69701],[-96.35906,40.69701],[-96.35534,40.69701],[-96.35242,40.69587],[-96.3493,40.69504],[-96.34596,40.69456],[-96.3425,40.69405],[-96.33903,40.69354],[-96.33554,40.69303],[-96.33194,40.6925],[-96.3284,40.69198],[-96.32508,40.6915],[-96.32172,40.69204],[-96.31904,40.69345],[-96.31613,40.69498],[-96.31321,40.69651],[-96.31041,40.69755],[-96.30727,40.69775],[-96.30356,40.69782],[-96.29985,40.69792],[-96.29612,40.698],[-96.29264,40.69806],[-96.29268,40.69998],[-96.29246,40.70219],[-96.29251,40.70432],[-96.2892,40.70432],[-96.28545,40.70431],[-96.28165,40.70431],[-96.278,40.7043],[-96.27435,40.70429],[-96.27074,40.70431],[-96.26736,40.7043],[-96.26333,40.70433],[-96.25947,40.70409],[-96.22117,40.68295],[-96.21845,40.6831],[-96.21613,40.6831],[-96.21324,40.68308],[-96.21012,40.68307],[-96.20718,40.68306],[-96.2037,40.68304],[-96.2008,40.68286],[-96.19851,40.68202],[-96.19556,40.68032],[-96.19152,40.67639],[-96.18955,40.67476],[-96.18689,40.6736],[-96.18321,40.67317],[-96.17965,40.6727],[-96.17647,40.67227],[-96.17333,40.67181],[-96.17066,40.67113],[-96.16764,40.6699],[-96.16422,40.6694],[-96.16046,40.66894],[-96.15702,40.66844],[-96.15384,40.66806],[-96.15003,40.66775],[-96.14614,40.66777],[-96.14259,40.6678],[-96.13871,40.66784],[-96.1352,40.66787],[-96.13199,40.6679],[-96.1282,40.66794],[-96.1256,40.66797],[-96.12292,40.6688],[-96.11955,40.66875],[-96.11616,40.66881],[-96.11275,40.66904],[-96.10906,40.66981],[-96.10543,40.67051],[-96.10302,40.67095],[-96.09943,40.6707],[-96.09574,40.67138],[-96.09283,40.67193],[-96.08916,40.67264],[-96.08584,40.67326],[-96.08285,40.67383],[-96.0792,40.67457],[-96.07558,40.67494],[-96.07323,40.67494],[-96.06944,40.67503],[-96.0667,40.67514],[-96.06313,40.67509],[-96.05995,40.67508],[-96.05743,40.67509],[-96.05368,40.67508],[-96.04982,40.67508],[-96.04716,40.67513],[-96.04364,40.67526],[-96.04006,40.67595],[-96.0367,40.67648],[-96.03335,40.67633],[-96.02979,40.67535],[-96.02652,40.67496],[-96.02347,40.67485],[-96.02093,40.6748],[-96.0207,40.67479],[-96.01742,40.67478],[-96.01375,40.67479],[-96.00998,40.67485],[-96.00707,40.67486],[-96.00334,40.67487],[-95.99999,40.67488],[-95.99623,40.67488],[-95.99244,40.67477],[-95.9894,40.67476],[-95.98633,40.67476],[-95.98271,40.67481],[-95.98029,40.67479],[-95.97676,40.67474],[-95.97303,40.67477],[-95.96984,40.67473],[-95.96695,40.67474],[-95.96376,40.67481],[-95.96053,40.67468],[-95.95714,40.6746],[-95.95453,40.67457],[-95.95435,40.6725],[-95.95431,40.67022],[-95.95435,40.66771],[-95.95432,40.66546],[-95.95429,40.66336],[-95.95424,40.6607],[-95.95095,40.66068],[-95.9486,40.66066],[-95.9451,40.66065],[-95.94153,40.66063],[-95.93899,40.66062],[-95.93603,40.6606],[-95.93245,40.66058],[-95.92888,40.66055],[-95.9255,40.66054],[-95.92535,40.66054],[-95.92187,40.66054],[-95.91883,40.66052],[-95.91528,40.66049],[-95.91302,40.66048],[-95.91022,40.66169],[-95.90719,40.66259],[-95.9063,40.66267],[-95.90573,40.66272],[-95.9053,40.66276],[-95.90179,40.66281],[-95.89833,40.66282],[-95.89529,40.66282],[-95.89349,40.66181],[-95.89095,40.66027],[-95.8884,40.65901],[-95.8859,40.65773],[-95.8833,40.6564],[-95.88084,40.65513],[-95.87882,40.65411],[-95.87659,40.65349],[-95.87521,40.65178],[-95.874,40.65009],[-95.8725,40.649],[-95.8704,40.64749],[-95.86819,40.64597],[-95.86525,40.64538],[-95.86207,40.64477],[-95.8595,40.64429],[-95.85666,40.644],[-95.85338,40.64449],[-95.85033,40.64455],[-95.84757,40.64405],[-95.84493,40.64273],[-95.84335,40.6411],[-95.84097,40.63996],[-95.838,40.63944],[-95.83441,40.63943],[-95.83084,40.63944],[-95.82791,40.63945],[-95.82435,40.63946],[-95.82097,40.63946],[-95.81759,40.63948],[-95.81552,40.64059],[-95.81352,40.64177],[-95.81192,40.64188],[-95.81045,40.64133],[-95.80925,40.6394],[-95.80787,40.63725],[-95.80655,40.63524],[-95.80445,40.63318],[-95.80227,40.63103],[-95.80053,40.62933],[-95.79969,40.62734],[-95.79856,40.62475],[-95.79743,40.62217],[-95.79669,40.62049],[-95.79339,40.62029],[-95.78994,40.6201],[-95.78721,40.61993],[-95.78421,40.61976],[-95.7814,40.6196],[-95.78069,40.61817]]}},{"type":"Feature","properties":{"id":"113006","type":"AC; OVERHEAD","status":"IN SERVICE","owner":"AMERICAN TRANSMISSION CO","voltage":138,"voltClass":"100-161"},"geometry":{"type":"LineString","coordinates":[[-90.70204,42.71871],[-90.70201,42.71846]]}},{"type":"Feature","properties":{"id":"113127","type":"AC; OVERHEAD","status":"IN SERVICE","owner":"MIDAMERICAN ENERGY CO","voltage":161,"voltClass":"100-161"},"geometry":{"type":"LineString","coordinates":[[-91.04108,41.58432],[-91.04088,41.58412],[-91.04059,41.58352],[-91.04757,41.58221],[-91.04774,41.57758],[-91.04771,41.56635],[-91.04781,41.55566],[-91.04776,41.54505],[-91.04775,41.54464],[-91.04595,41.54465],[-91.0431,41.54467],[-91.04078,41.54466],[-91.0388,41.54463],[-91.03572,41.54459],[-91.0335,41.54455],[-91.03118,41.5445],[-91.02872,41.54445],[-91.0259,41.54439],[-91.02311,41.54433],[-91.0201,41.54425],[-91.01748,41.54425],[-91.01546,41.54425],[-91.01293,41.54429],[-91.00989,41.54433],[-91.00688,41.54435],[-91.00455,41.54437],[-91.00192,41.54439],[-90.99979,41.54441],[-90.99725,41.54443],[-90.99498,41.54444],[-90.99213,41.54445],[-90.98966,41.54446],[-90.98735,41.54447],[-90.98498,41.54443],[-90.98249,41.5444],[-90.98001,41.54438],[-90.97784,41.54435],[-90.97537,41.54434],[-90.97272,41.54433],[-90.97028,41.54432],[-90.96789,41.54431],[-90.96545,41.5443],[-90.96305,41.54428],[-90.96107,41.54426],[-90.95915,41.54427],[-90.95677,41.54428],[-90.95445,41.54428],[-90.95222,41.54428],[-90.94908,41.54429],[-90.94719,41.54428],[-90.94429,41.54429],[-90.9419,41.54428],[-90.93944,41.54426],[-90.93692,41.54422],[-90.93423,41.54418],[-90.93211,41.54415],[-90.92919,41.54409],[-90.92677,41.54405],[-90.92455,41.54401],[-90.92291,41.54399],[-90.92004,41.54397],[-90.91755,41.54395],[-90.91568,41.54393],[-90.91343,41.54391],[-90.9112,41.54389],[-90.90955,41.5439],[-90.90684,41.54389],[-90.90514,41.54385],[-90.90277,41.54383],[-90.90053,41.54383],[-90.89845,41.54506],[-90.89632,41.54632],[-90.8947,41.54732],[-90.89248,41.5486],[-90.89054,41.54968],[-90.8887,41.55076],[-90.88704,41.55174],[-90.885,41.55284],[-90.88327,41.55366],[-90.88163,41.55443],[-90.87958,41.55538],[-90.87745,41.55636],[-90.87553,41.55726],[-90.87362,41.55815],[-90.87182,41.559],[-90.86982,41.55992],[-90.86701,41.56122],[-90.86459,41.56234],[-90.86227,41.56344],[-90.8601,41.56444],[-90.85887,41.56502],[-90.85784,41.56551],[-90.85492,41.56663],[-90.85267,41.5675],[-90.85134,41.56804],[-90.84895,41.56896],[-90.84659,41.56988],[-90.84434,41.57076],[-90.84212,41.57162],[-90.83984,41.57251],[-90.8376,41.57338],[-90.83507,41.57436],[-90.83303,41.57515],[-90.8305,41.57514],[-90.8275,41.57513],[-90.82511,41.57511],[-90.82292,41.5751],[-90.82072,41.57509],[-90.81805,41.57507],[-90.81539,41.57507],[-90.81245,41.57504],[-90.81001,41.57502],[-90.80774,41.57498],[-90.80556,41.57499],[-90.80339,41.57497],[-90.80054,41.57492],[-90.79865,41.5749],[-90.79632,41.57486],[-90.7938,41.57485],[-90.79094,41.5748],[-90.78898,41.57479],[-90.78691,41.57477],[-90.78388,41.57475],[-90.78174,41.57475],[-90.77964,41.57475],[-90.77722,41.57476],[-90.77477,41.57476],[-90.77235,41.57476],[-90.77011,41.57477],[-90.76941,41.57477],[-90.76772,41.57477],[-90.76521,41.57476],[-90.76296,41.57474],[-90.76048,41.57471],[-90.75772,41.5747],[-90.75534,41.57468],[-90.7528,41.57465],[-90.75044,41.57464],[-90.74827,41.57463],[-90.746,41.5746],[-90.74341,41.57458],[-90.74078,41.57455],[-90.73807,41.57453],[-90.73585,41.57454],[-90.73374,41.57454],[-90.73111,41.57454],[-90.72857,41.57454],[-90.72609,41.57454],[-90.7237,41.57453],[-90.72168,41.57453],[-90.71906,41.57453],[-90.71649,41.57452],[-90.71438,41.57453],[-90.71266,41.57453],[-90.70993,41.57452],[-90.70768,41.57453],[-90.70535,41.57454],[-90.70232,41.57455],[-90.6996,41.57456],[-90.69705,41.57457],[-90.6968,41.57457],[-90.69461,41.57455],[-90.6924,41.5742],[-90.69223,41.57417],[-90.69095,41.57398],[-90.69019,41.57463]]}},{"type":"Feature","properties":{"id":"113528","type":"AC; OVERHEAD","status":"IN SERVICE","owner":"MIDAMERICAN ENERGY CO","voltage":161,"voltClass":"100-161"},"geometry":{"type":"LineString","coordinates":[[-90.86864,41.3687],[-90.87028,41.36818],[-90.87234,41.36752],[-90.87446,41.36684],[-90.8766,41.36616],[-90.87886,41.36546],[-90.88109,41.36474],[-90.88342,41.36401],[-90.8858,41.36325],[-90.88788,41.36257],[-90.88999,41.36191],[-90.89041,41.36161],[-90.89165,41.36072],[-90.89375,41.35924],[-90.89561,41.35788],[-90.89746,41.35651],[-90.89904,41.35534],[-90.90117,41.35533],[-90.90339,41.35531],[-90.90607,41.35529],[-90.90873,41.35527],[-90.9107,41.35525],[-90.91118,41.35525],[-90.91327,41.35462],[-90.91515,41.35405],[-90.91728,41.35336],[-90.91949,41.35267],[-90.92204,41.3519],[-90.92444,41.35118],[-90.92655,41.35053],[-90.92868,41.34987],[-90.93077,41.34923],[-90.9329,41.34857],[-90.93523,41.34786],[-90.93751,41.34716],[-90.93988,41.34642],[-90.94191,41.34579],[-90.94444,41.34501],[-90.94676,41.34429],[-90.94931,41.3435],[-90.95183,41.34273],[-90.95445,41.34191],[-90.95675,41.34121],[-90.95935,41.34038],[-90.96171,41.33963],[-90.96365,41.33901],[-90.96538,41.33849],[-90.96711,41.33798],[-90.96912,41.33736],[-90.97137,41.33667],[-90.97323,41.33609],[-90.97585,41.33528],[-90.97854,41.33445],[-90.98112,41.33365],[-90.98344,41.33291],[-90.98611,41.33211],[-90.98873,41.33129],[-90.99083,41.33063],[-90.99295,41.32997],[-90.99482,41.32937],[-90.99663,41.32878],[-90.99923,41.32792],[-91.00109,41.32734],[-91.00364,41.32652],[-91.00617,41.32566],[-91.00914,41.32494],[-91.01183,41.32424],[-91.01412,41.32366],[-91.01559,41.32327],[-91.01794,41.32264],[-91.0204,41.322],[-91.02296,41.32132],[-91.02489,41.32081],[-91.02685,41.32029],[-91.02873,41.31979],[-91.03059,41.31929],[-91.03276,41.31872],[-91.03502,41.31812],[-91.03777,41.3174],[-91.04023,41.31675],[-91.04279,41.31606],[-91.04537,41.31538],[-91.04745,41.31482],[-91.04953,41.31427],[-91.05175,41.31369],[-91.05355,41.31321],[-91.05558,41.31267],[-91.05784,41.31207],[-91.06003,41.31149],[-91.06202,41.31096],[-91.06287,41.31073],[-91.06395,41.31044],[-91.06598,41.3099],[-91.06957,41.30967],[-91.07576,41.30925],[-91.08179,41.30885],[-91.08672,41.30851],[-91.08703,41.30851],[-91.08719,41.30849]]}},{"type":"Feature","properties":{"id":"113722","type":"AC; OVERHEAD","status":"IN SERVICE","owner":null,"voltage":161,"voltClass":"100-161"},"geometry":{"type":"LineString","coordinates":[[-93.43744,43.07473],[-93.43317,43.07472],[-93.42813,43.07473],[-93.42328,43.07475],[-93.41811,43.07476],[-93.41345,43.07482],[-93.40528,43.07483],[-93.402,43.07487],[-93.39919,43.07489],[-93.39595,43.07486],[-93.39114,43.07487],[-93.38607,43.07487],[-93.38118,43.07486],[-93.37624,43.07483],[-93.37172,43.07479],[-93.36706,43.07475],[-93.36177,43.07473],[-93.35716,43.07471],[-93.35236,43.07465],[-93.34742,43.07464],[-93.34233,43.07458],[-93.3374,43.07456],[-93.33241,43.07454],[-93.32754,43.07452],[-93.32256,43.07449],[-93.31767,43.07447],[-93.3127,43.07445],[-93.30768,43.07442],[-93.3028,43.0744],[-93.29787,43.0744],[-93.29298,43.0744],[-93.29089,43.07441],[-93.29079,43.09208],[-93.2908,43.09391],[-93.29079,43.09544],[-93.29259,43.09556],[-93.29313,43.09588]]}},{"type":"Feature","properties":{"id":"114644","type":"AC; OVERHEAD","status":"IN SERVICE","owner":"NORTHERN STATES POWER CO - WISCONSIN","voltage":161,"voltClass":"100-161"},"geometry":{"type":"LineString","coordinates":[[-91.00717,42.72296],[-91.00349,42.72538],[-91.00252,42.72603],[-90.9938,42.72792],[-90.98753,42.72955],[-90.98742,42.74273],[-90.98753,42.75353],[-90.98761,42.76421],[-90.98768,42.77427],[-90.98778,42.78223],[-90.98822,42.79123],[-90.98853,42.80201],[-90.98878,42.80894],[-90.98905,42.81921],[-90.98951,42.83036],[-90.98995,42.83826],[-90.99032,42.84741],[-90.991,42.85918],[-90.99138,42.86964],[-90.99156,42.8809],[-90.99168,42.89041],[-90.99184,42.91665],[-90.99206,42.93676],[-90.99219,42.94299],[-90.99236,42.95903],[-90.99247,42.96894],[-90.99256,42.97542],[-90.99275,42.98848],[-90.99805,42.99348],[-91.00687,43.00179],[-91.01037,43.0051],[-91.00937,43.01336],[-91.00778,43.0249],[-91.00794,43.0273],[-91.00764,43.03094],[-91.00634,43.03912],[-91.00644,43.05083],[-91.00639,43.05942],[-91.00418,43.05918]]}},{"type":"Feature","properties":{"id":"114972","type":"AC; OVERHEAD","status":"IN SERVICE","owner":"MIDAMERICAN ENERGY CO","voltage":345,"voltClass":"345"},"geometry":{"type":"LineString","coordinates":[[-96.3614,42.30192],[-96.3613,42.30224],[-96.36145,42.30283],[-96.35998,42.30304],[-96.3582,42.30321],[-96.35844,42.30505],[-96.35852,42.30694],[-96.35859,42.30888],[-96.35868,42.31078],[-96.35876,42.3127],[-96.35887,42.31444],[-96.35903,42.31652],[-96.35913,42.31827],[-96.35934,42.32019],[-96.3594,42.32203],[-96.3619,42.32422],[-96.36381,42.32603],[-96.36495,42.32752],[-96.36512,42.3285],[-96.36546,42.32936]]}},{"type":"Feature","properties":{"id":"114992","type":"AC; OVERHEAD","status":"IN SERVICE","owner":"MIDAMERICAN ENERGY CO","voltage":161,"voltClass":"100-161"},"geometry":{"type":"LineString","coordinates":[[-92.4768,42.82605],[-92.47707,42.82554],[-92.48558,42.82557],[-92.48559,42.82374],[-92.48562,42.81999],[-92.48552,42.81314],[-92.48525,42.80262],[-92.48526,42.79742],[-92.4852,42.79552],[-92.48083,42.79557],[-92.47288,42.79559],[-92.46327,42.79559],[-92.45832,42.7957],[-92.4532,42.79565],[-92.44344,42.79557],[-92.4362,42.79555],[-92.43181,42.79553],[-92.42934,42.7955],[-92.4271,42.79542],[-92.42221,42.79529],[-92.41499,42.7951],[-92.41237,42.79511],[-92.40503,42.79512],[-92.40509,42.79329],[-92.40524,42.7862],[-92.40522,42.78439],[-92.40519,42.77699],[-92.40521,42.76875],[-92.40528,42.76083],[-92.40531,42.7589],[-92.40545,42.75547],[-92.40572,42.74853],[-92.40606,42.74079],[-92.40597,42.73736],[-92.40612,42.73292],[-92.40618,42.73169],[-92.40607,42.73029],[-92.40603,42.72639],[-92.406,42.7196],[-92.40591,42.71461],[-92.40592,42.71154],[-92.40594,42.7094],[-92.40603,42.70379],[-92.4061,42.70081],[-92.40608,42.695],[-92.40609,42.68956],[-92.40609,42.68763],[-92.40626,42.68579],[-92.40629,42.6798],[-92.40611,42.67783],[-92.40616,42.67579],[-92.40626,42.67417],[-92.40643,42.67296],[-92.41032,42.67158],[-92.40978,42.6706],[-92.40829,42.66783],[-92.40622,42.66412],[-92.40623,42.66048],[-92.40624,42.655],[-92.40631,42.65126],[-92.40626,42.64779],[-92.40632,42.64432],[-92.40637,42.63902],[-92.40644,42.63565],[-92.40649,42.63256],[-92.40657,42.62686],[-92.40653,42.62143],[-92.40404,42.62143],[-92.39429,42.62146],[-92.38667,42.62164],[-92.37672,42.62187],[-92.3672,42.62178],[-92.36722,42.62002],[-92.36719,42.61645],[-92.36721,42.6088],[-92.36717,42.6042],[-92.36718,42.60076],[-92.36723,42.5998],[-92.36315,42.59975],[-92.35811,42.59969],[-92.3571,42.59968],[-92.35675,42.59868],[-92.35548,42.59504],[-92.35525,42.59436],[-92.35524,42.5938],[-92.35455,42.59341]]}},{"type":"Feature","properties":{"id":"116502","type":"AC; OVERHEAD","status":"IN SERVICE","owner":"CITY OF MILFORD - (IA)","voltage":161,"voltClass":"100-161"},"geometry":{"type":"LineString","coordinates":[[-95.23989,43.43152],[-95.24017,43.43153],[-95.24046,43.43133]]}},{"type":"Feature","properties":{"id":"116609","type":"AC; OVERHEAD","status":"IN SERVICE","owner":"MIDAMERICAN ENERGY CO","voltage":161,"voltClass":"100-161"},"geometry":{"type":"LineString","coordinates":[[-96.36546,42.32936],[-96.36762,42.32902],[-96.36836,42.32892],[-96.36841,42.32891],[-96.37174,42.32777],[-96.37499,42.32668],[-96.37641,42.32609],[-96.37772,42.32556],[-96.37812,42.32508]]}},{"type":"Feature","properties":{"id":"117455","type":"AC; OVERHEAD","status":"IN SERVICE","owner":"LINCOLN ELECTRIC SYSTEM","voltage":115,"voltClass":"100-161"},"geometry":{"type":"LineString","coordinates":[[-96.6119,40.90954],[-96.61178,40.90915],[-96.61118,40.9092],[-96.61036,40.90911],[-96.60955,40.90903],[-96.60873,40.90897],[-96.60813,40.90902],[-96.60767,40.90919]]}},{"type":"Feature","properties":{"id":"117464","type":"AC; OVERHEAD","status":"IN SERVICE","owner":null,"voltage":138,"voltClass":"100-161"},"geometry":{"type":"LineString","coordinates":[[-90.24377,40.51393],[-90.24372,40.50093],[-90.24396,40.48889],[-90.24401,40.48064],[-90.24406,40.47571],[-90.24404,40.47321],[-90.24413,40.46413],[-90.24432,40.45426],[-90.24446,40.44897],[-90.238,40.43999],[-90.23541,40.43696],[-90.23387,40.43479],[-90.23253,40.43291],[-90.22878,40.42758],[-90.22144,40.41734],[-90.21283,40.40558],[-90.20989,40.40147],[-90.20759,40.39803],[-90.2037,40.39171],[-90.19732,40.38123],[-90.1969,40.38055],[-90.19596,40.37928],[-90.19571,40.37893],[-90.18098,40.36185],[-90.179,40.3565],[-90.17796,40.35327],[-90.17602,40.3474],[-90.17505,40.34445],[-90.17325,40.339],[-90.17292,40.33798],[-90.17005,40.33366],[-90.15947,40.3184],[-90.1542,40.31074],[-90.14931,40.30749],[-90.14839,40.30686],[-90.14754,40.30627],[-90.13413,40.29723],[-90.1063,40.29711],[-90.09384,40.29024],[-90.0878,40.28695],[-90.08535,40.28618],[-90.07855,40.28245],[-90.07705,40.28229],[-90.07551,40.2815],[-90.07667,40.2794],[-90.07768,40.27977],[-90.0781,40.27975]]}},{"type":"Feature","properties":{"id":"117561","type":"AC; OVERHEAD","status":"IN SERVICE","owner":"MIDAMERICAN ENERGY CO","voltage":161,"voltClass":"100-161"},"geometry":{"type":"LineString","coordinates":[[-94.18877,42.67456],[-94.18892,42.67439],[-94.18883,42.67412],[-94.1875,42.67328],[-94.18617,42.67243],[-94.18459,42.67143],[-94.18372,42.67006],[-94.18088,42.66577],[-94.18058,42.66362],[-94.18019,42.66125],[-94.18053,42.65932],[-94.18197,42.65574],[-94.18418,42.65209],[-94.18132,42.65205],[-94.17667,42.65204],[-94.17061,42.65207],[-94.15876,42.65206],[-94.15389,42.65205],[-94.14159,42.65208],[-94.1292,42.65211],[-94.12229,42.65208],[-94.11986,42.65208],[-94.1196,42.65188],[-94.11961,42.65008],[-94.11955,42.6447],[-94.11952,42.64112],[-94.11967,42.63404],[-94.11989,42.62895],[-94.11986,42.6246],[-94.1199,42.61533],[-94.11946,42.61232],[-94.11938,42.60342],[-94.11938,42.59607],[-94.1194,42.58702],[-94.11938,42.57437],[-94.11937,42.56527],[-94.10964,42.5654],[-94.10125,42.56537],[-94.09694,42.56546],[-94.09507,42.5655],[-94.09492,42.56624],[-94.09305,42.56625],[-94.0922,42.56611]]}},{"type":"Feature","properties":{"id":"117650","type":"AC; OVERHEAD","status":"IN SERVICE","owner":null,"voltage":161,"voltClass":"100-161"},"geometry":{"type":"LineString","coordinates":[[-90.23435,41.81022],[-90.23436,41.81065],[-90.23437,41.81075],[-90.23367,41.81056],[-90.23134,41.80855],[-90.22767,41.80841],[-90.22338,41.80823],[-90.21926,41.80812],[-90.21487,41.80798],[-90.20613,41.80773],[-90.19815,41.80746],[-90.19584,41.80328],[-90.19465,41.80112],[-90.19194,41.79588],[-90.19071,41.79417],[-90.1902,41.79417],[-90.1901,41.79402]]}},{"type":"Feature","properties":{"id":"117691","type":"AC; OVERHEAD","status":"IN SERVICE","owner":"AMERICAN TRANSMISSION CO","voltage":138,"voltClass":"100-161"},"geometry":{"type":"LineString","coordinates":[[-90.12785,43.14386],[-90.12784,43.14373],[-90.13175,43.14091],[-90.13837,43.13641],[-90.15473,43.12534],[-90.17079,43.11448],[-90.18928,43.10199],[-90.20116,43.09401],[-90.21605,43.08412],[-90.23352,43.07239],[-90.2465,43.06377],[-90.26533,43.05126],[-90.27218,43.04682],[-90.29193,43.03435],[-90.29982,43.03008],[-90.30871,43.02394],[-90.31387,43.02073],[-90.31423,43.01887],[-90.32722,43.01165],[-90.3284,43.01099],[-90.34178,43.00216],[-90.34468,43.00023],[-90.35237,42.99727],[-90.36794,42.99139],[-90.3806,42.98615],[-90.39419,42.98057],[-90.40426,42.9764],[-90.4132,42.97268],[-90.42025,42.96986],[-90.42207,42.96825],[-90.42257,42.96795]]}},{"type":"Feature","properties":{"id":"161935","type":"AC; OVERHEAD","status":"IN SERVICE","owner":"MIDAMERICAN ENERGY CO","voltage":345,"voltClass":"345"},"geometry":{"type":"LineString","coordinates":[[-94.15665,43.1701],[-94.15776,43.16999],[-94.15775,43.17241],[-94.15936,43.17292],[-94.16137,43.17291],[-94.16344,43.1729],[-94.16542,43.17289],[-94.16766,43.17287],[-94.18256,43.17287],[-94.18504,43.17286],[-94.18614,43.17422],[-94.18717,43.17549],[-94.18794,43.17724],[-94.18878,43.17895],[-94.18957,43.18059],[-94.19035,43.18231],[-94.19234,43.18333],[-94.19445,43.18445],[-94.19655,43.18556],[-94.19858,43.18671],[-94.20441,43.18739],[-94.20649,43.18765],[-94.20895,43.18795],[-94.21148,43.18832],[-94.21318,43.18962],[-94.2142,43.19042],[-94.21652,43.1904],[-94.22667,43.19042],[-94.23652,43.19038],[-94.25156,43.19035],[-94.26661,43.19019],[-94.27645,43.19017],[-94.28671,43.19022],[-94.30598,43.19027],[-94.32475,43.19045],[-94.34159,43.19054],[-94.36395,43.19067],[-94.37415,43.19073],[-94.38419,43.19064],[-94.40335,43.19061],[-94.41583,43.19067],[-94.42382,43.19078],[-94.44283,43.1906],[-94.45636,43.19067],[-94.46243,43.19067],[-94.47166,43.1908],[-94.48202,43.19083],[-94.50429,43.191],[-94.5236,43.19115],[-94.5413,43.19107],[-94.56063,43.19115],[-94.57492,43.19096],[-94.59779,43.19083],[-94.61946,43.19092],[-94.63705,43.19091],[-94.65897,43.19097],[-94.67893,43.191],[-94.69765,43.19105],[-94.69961,43.19115],[-94.7018,43.19116],[-94.7037,43.19119],[-94.70616,43.19112],[-94.70871,43.1911],[-94.71123,43.19111],[-94.71346,43.19112],[-94.71577,43.19113],[-94.71833,43.19115],[-94.72099,43.19113],[-94.72344,43.19114],[-94.72584,43.19114],[-94.7285,43.19106],[-94.72963,43.19102],[-94.73144,43.19133],[-94.73532,43.19126],[-94.74301,43.19112],[-94.74307,43.19391],[-94.74321,43.20209],[-94.75496,43.20179],[-94.75864,43.20172],[-94.76641,43.20156],[-94.77355,43.2013],[-94.78513,43.20543],[-94.79578,43.2054],[-94.79945,43.20538],[-94.80994,43.20535],[-94.82093,43.20539],[-94.83728,43.20557],[-94.84233,43.20557],[-94.85733,43.2054],[-94.87725,43.20536],[-94.88718,43.20523],[-94.89342,43.20459],[-94.89573,43.20505],[-94.90358,43.20491],[-94.91383,43.20482],[-94.91972,43.20583],[-94.92564,43.20842],[-94.92902,43.20843],[-94.93137,43.20852],[-94.93372,43.20858],[-94.93563,43.20868],[-94.93793,43.20861],[-94.94073,43.20854],[-94.94342,43.20847],[-94.94592,43.2084],[-94.94822,43.20834],[-94.95029,43.20829],[-94.9516,43.20896],[-94.95344,43.20985],[-94.95581,43.21095],[-94.95801,43.21093],[-94.9602,43.21088],[-94.9621,43.2108],[-94.96374,43.20965],[-94.96526,43.20854],[-94.96684,43.20741],[-94.96832,43.20644],[-94.97085,43.2065],[-94.9731,43.20651],[-94.97545,43.20651],[-94.97759,43.20532],[-94.97951,43.20429],[-94.98151,43.20317],[-94.98369,43.20199],[-94.98564,43.20086],[-94.98809,43.20089],[-94.99044,43.20093],[-94.99283,43.20094],[-94.9955,43.2009],[-94.9981,43.20108],[-95.00054,43.20124],[-95.00279,43.20142],[-95.00557,43.20159],[-95.00837,43.20175],[-95.01052,43.20184],[-95.01315,43.20198],[-95.01543,43.20211],[-95.01764,43.2022],[-95.01991,43.2022],[-95.02226,43.20224],[-95.02425,43.20228],[-95.0258,43.2031],[-95.02838,43.20438],[-95.03056,43.2055],[-95.03282,43.20552],[-95.03559,43.20551],[-95.03759,43.20551],[-95.04011,43.20556],[-95.04249,43.20557],[-95.04507,43.20555],[-95.0473,43.20554],[-95.04946,43.20559],[-95.05185,43.20556],[-95.05452,43.20553],[-95.05689,43.20552],[-95.05885,43.20547],[-95.06131,43.20545],[-95.06362,43.20542],[-95.06581,43.20541],[-95.06819,43.20538],[-95.07093,43.20537],[-95.07278,43.20536],[-95.0749,43.20538],[-95.07722,43.20541],[-95.07956,43.20543],[-95.08177,43.20546],[-95.08415,43.2055],[-95.08665,43.20552],[-95.08911,43.20557],[-95.0916,43.2056],[-95.09346,43.20556],[-95.09619,43.20556],[-95.09889,43.20553],[-95.1016,43.20553],[-95.10396,43.20552],[-95.10648,43.20551],[-95.10905,43.20547],[-95.11159,43.20545],[-95.11444,43.20546],[-95.11688,43.20547],[-95.11939,43.20549],[-95.12189,43.2055],[-95.12428,43.20551],[-95.1266,43.20552],[-95.12899,43.20554],[-95.13149,43.20555],[-95.13397,43.20551],[-95.13649,43.20548],[-95.13904,43.20547],[-95.14162,43.20543],[-95.14165,43.20543],[-95.14485,43.20543],[-95.14748,43.20544],[-95.1502,43.20544],[-95.15281,43.2055],[-95.15534,43.20557],[-95.15786,43.20563],[-95.16045,43.20569],[-95.16266,43.20574],[-95.16541,43.20582],[-95.16796,43.2059],[-95.17057,43.20596],[-95.17299,43.20595],[-95.17534,43.20596],[-95.17756,43.20597],[-95.17989,43.20599],[-95.18234,43.20602],[-95.18473,43.20604],[-95.18728,43.20606],[-95.18968,43.20609],[-95.19204,43.20601],[-95.19468,43.20599],[-95.19693,43.20597],[-95.19962,43.20594],[-95.20224,43.20592],[-95.20481,43.2059],[-95.2073,43.20588],[-95.20923,43.20592],[-95.21173,43.20581],[-95.21425,43.20577],[-95.21695,43.20573],[-95.21956,43.20572],[-95.22209,43.20551],[-95.22463,43.20532],[-95.22716,43.20512],[-95.22957,43.20493],[-95.23175,43.20342],[-95.23257,43.20285],[-95.23813,43.20554],[-95.25816,43.20539],[-95.2621,43.20535],[-95.26581,43.20534],[-95.2694,43.20487],[-95.27345,43.20532],[-95.28859,43.20539],[-95.29715,43.2054],[-95.30906,43.20537],[-95.32,43.20545],[-95.33466,43.20548],[-95.34644,43.20555],[-95.35767,43.20564],[-95.36802,43.20569],[-95.37812,43.20582],[-95.38932,43.20586],[-95.40301,43.20598],[-95.48689,43.20641],[-95.57724,43.20709],[-95.58002,43.20766],[-95.58189,43.2079]]}},{"type":"Feature","properties":{"id":"161947","type":"AC; OVERHEAD","status":"IN SERVICE","owner":"MIDAMERICAN ENERGY CO","voltage":115,"voltClass":"100-161"},"geometry":{"type":"LineString","coordinates":[[-91.60468,42.02321],[-91.6048,42.02297],[-91.60418,42.02248],[-91.60421,42.01874],[-91.59897,42.01879],[-91.59894,42.01508],[-91.59189,42.01479],[-91.58977,42.01469],[-91.58685,42.01475],[-91.58407,42.01472],[-91.57544,42.01461],[-91.57138,42.01456],[-91.56939,42.01454],[-91.56678,42.01187],[-91.56295,42.00805],[-91.56132,42.00676],[-91.56114,42.00707],[-91.56119,42.00871],[-91.56116,42.01089],[-91.56099,42.01165],[-91.56049,42.01405],[-91.56025,42.01506],[-91.55967,42.01775],[-91.55962,42.02172],[-91.5597,42.02741],[-91.55964,42.03236],[-91.55966,42.03417],[-91.55989,42.03614],[-91.55952,42.03661]]}},{"type":"Feature","properties":{"id":"161921","type":"AC; OVERHEAD","status":"IN SERVICE","owner":null,"voltage":138,"voltClass":"100-161"},"geometry":{"type":"LineString","coordinates":[[-90.32852,40.97736],[-90.32818,40.97681],[-90.33005,40.97461],[-90.32981,40.97318]]}},{"type":"Feature","properties":{"id":"161922","type":"AC; OVERHEAD","status":"IN SERVICE","owner":null,"voltage":138,"voltClass":"100-161"},"geometry":{"type":"LineString","coordinates":[[-90.32981,40.97318],[-90.32949,40.9749],[-90.32843,40.97557],[-90.32803,40.97687],[-90.32806,40.9771],[-90.32852,40.97736]]}},{"type":"Feature","properties":{"id":"117867","type":"AC; OVERHEAD","status":"IN SERVICE","owner":"MIDAMERICAN ENERGY CO","voltage":161,"voltClass":"100-161"},"geometry":{"type":"LineString","coordinates":[[-96.32943,42.59488],[-96.32876,42.5947],[-96.32787,42.59467],[-96.32701,42.59459],[-96.32662,42.56901],[-96.32616,42.565],[-96.32619,42.56152],[-96.32136,42.5577],[-96.3214,42.5546],[-96.32148,42.55283],[-96.3216,42.55035],[-96.32166,42.54879],[-96.32172,42.54723],[-96.32174,42.54518],[-96.32172,42.54369],[-96.31667,42.54156],[-96.31661,42.52492],[-96.3142,42.52219],[-96.31053,42.51485],[-96.30648,42.51144],[-96.30186,42.50413],[-96.30197,42.46695],[-96.30942,42.4668],[-96.31208,42.46675],[-96.31677,42.46648],[-96.32163,42.46621],[-96.32159,42.4628],[-96.32158,42.46064],[-96.32566,42.46042],[-96.32788,42.46032],[-96.32939,42.45986],[-96.33006,42.45973]]}},{"type":"Feature","properties":{"id":"161958","type":"AC; OVERHEAD","status":"IN SERVICE","owner":"MIDAMERICAN ENERGY CO","voltage":345,"voltClass":"345"},"geometry":{"type":"LineString","coordinates":[[-90.32981,40.97318],[-90.33073,40.97265],[-90.33147,40.97289],[-90.33158,40.97293],[-90.33129,40.97423],[-90.33439,40.97489],[-90.3351,40.97682],[-90.3357,40.97921],[-90.33559,40.98106],[-90.33296,40.98313],[-90.33862,40.99022],[-90.35766,41.0138],[-90.36321,41.02066],[-90.36722,41.03157],[-90.39617,41.07881],[-90.39876,41.08527],[-90.40407,41.09879],[-90.40852,41.10974],[-90.41225,41.11914],[-90.41363,41.1226],[-90.43151,41.15189],[-90.44585,41.17526],[-90.45635,41.19218],[-90.45785,41.19364],[-90.46115,41.1988],[-90.46353,41.20359],[-90.46395,41.20426],[-90.46538,41.2066],[-90.46632,41.20811],[-90.46753,41.21007],[-90.46871,41.212],[-90.46994,41.21396],[-90.47102,41.21571],[-90.47201,41.2173],[-90.47303,41.21892],[-90.47411,41.22065],[-90.47469,41.22161],[-90.47515,41.22233],[-90.47616,41.22395],[-90.47736,41.22586],[-90.47834,41.22744],[-90.4793,41.22895],[-90.48033,41.23059],[-90.48133,41.23218],[-90.48257,41.23417],[-90.48383,41.23614],[-90.48508,41.23812],[-90.48612,41.23977],[-90.48712,41.24138],[-90.48807,41.24289],[-90.48929,41.24481],[-90.49037,41.24653],[-90.49136,41.2481],[-90.49257,41.25],[-90.49363,41.25164],[-90.49437,41.25286],[-90.49556,41.25455],[-90.49672,41.25623],[-90.49777,41.25771],[-90.49883,41.25919],[-90.49997,41.26078],[-90.50106,41.26235],[-90.50221,41.26394],[-90.50336,41.26555],[-90.50449,41.26727],[-90.50579,41.26908],[-90.50677,41.27049],[-90.50781,41.27198],[-90.50899,41.27366],[-90.50975,41.27474],[-90.51239,41.27856],[-90.51327,41.27976],[-90.51462,41.28167],[-90.51588,41.28344],[-90.51725,41.28538],[-90.51857,41.28726],[-90.51986,41.28908],[-90.52119,41.29098],[-90.52216,41.29237],[-90.52451,41.29571],[-90.52529,41.29681],[-90.52612,41.29792],[-90.52689,41.29972],[-90.52768,41.30147],[-90.52823,41.30267],[-90.52903,41.30444],[-90.52996,41.3065],[-90.53086,41.3085],[-90.53174,41.31044],[-90.53268,41.31251],[-90.5335,41.31431],[-90.53442,41.31632],[-90.53512,41.31789],[-90.53586,41.31955],[-90.53712,41.32144],[-90.53827,41.32325],[-90.53945,41.32508],[-90.54067,41.32696],[-90.54166,41.3285],[-90.54263,41.32999],[-90.54393,41.33201],[-90.54523,41.33402],[-90.54648,41.33596],[-90.54766,41.33779],[-90.54892,41.33976],[-90.55013,41.34163],[-90.5502,41.34174],[-90.55107,41.34303],[-90.55199,41.34441],[-90.55248,41.34517],[-90.55289,41.34582],[-90.55307,41.34613],[-90.55381,41.3473],[-90.55476,41.34881],[-90.55597,41.35067],[-90.55715,41.35246],[-90.55919,41.35567],[-90.56148,41.3592],[-90.56266,41.36103],[-90.56383,41.36269],[-90.56484,41.3642],[-90.56602,41.3661],[-90.56697,41.36759],[-90.56813,41.36932],[-90.56918,41.37095],[-90.57018,41.37248],[-90.57135,41.37426],[-90.57383,41.378],[-90.57486,41.37959],[-90.57599,41.38131],[-90.57677,41.38252],[-90.58018,41.38773],[-90.58091,41.38869],[-90.58138,41.38969],[-90.58257,41.39139],[-90.58354,41.39289],[-90.58472,41.39462],[-90.58582,41.39637],[-90.58589,41.39703],[-90.58585,41.39771]]}},{"type":"Feature","properties":{"id":"162003","type":"AC; OVERHEAD","status":"IN SERVICE","owner":"AMEREN ILLINOIS COMPANY","voltage":345,"voltClass":"345"},"geometry":{"type":"LineString","coordinates":[[-89.70035,40.7849],[-89.70033,40.78582],[-89.6994,40.78828],[-89.69924,40.79823],[-89.69881,40.80567],[-89.6987,40.82018],[-89.69921,40.82206],[-89.70149,40.82511],[-89.70994,40.83325],[-89.70994,40.83536],[-89.70993,40.84037],[-89.70991,40.86409],[-89.70755,40.86778],[-89.70752,40.88439],[-89.70713,40.88712],[-89.70708,40.88956],[-89.71282,40.89392],[-89.73193,40.90845],[-89.73605,40.90846],[-89.74287,40.90884],[-89.74849,40.90886],[-89.75536,40.90834],[-89.75791,40.90835],[-89.78117,40.90844],[-89.79072,40.90842],[-89.81316,40.90855],[-89.82886,40.90871],[-89.84268,40.90883],[-89.86606,40.90896],[-89.8695,40.90885],[-89.8887,40.90884],[-89.89828,40.90902],[-89.90783,40.90919],[-89.93346,40.90936],[-89.93681,40.90937],[-89.93927,40.90925],[-89.95189,40.90934],[-89.97225,40.90933],[-89.97535,40.90906],[-89.97535,40.90233],[-89.99703,40.90244],[-90.01382,40.90251],[-90.03735,40.90248],[-90.05284,40.90249],[-90.06217,40.90252],[-90.06223,40.89865],[-90.06225,40.89802],[-90.09941,40.89821],[-90.09954,40.89821],[-90.10459,40.89833],[-90.11018,40.89913],[-90.11243,40.90255],[-90.20852,40.90454],[-90.20831,40.92201],[-90.20969,40.92497],[-90.23573,40.9308],[-90.24915,40.93997],[-90.29199,40.96987],[-90.32032,40.96968],[-90.32572,40.97021],[-90.3305,40.97094],[-90.33045,40.97111],[-90.32981,40.97318]]}},{"type":"Feature","properties":{"id":"118604","type":"AC; OVERHEAD","status":"IN SERVICE","owner":"COMMONWEALTH EDISON CO","voltage":161,"voltClass":"100-161"},"geometry":{"type":"LineString","coordinates":[[-90.11365,42.09501],[-90.11325,42.09512],[-90.11288,42.09518],[-90.11143,42.09521],[-90.10993,42.09525],[-90.10992,42.09631],[-90.10992,42.09784],[-90.10992,42.09957],[-90.1099,42.10193],[-90.10989,42.10326],[-90.11345,42.10521],[-90.11729,42.10733],[-90.12169,42.10975],[-90.12494,42.11148],[-90.12486,42.11734],[-90.12481,42.12101],[-90.1248,42.12284],[-90.12479,42.12494],[-90.12479,42.12631],[-90.12483,42.12835],[-90.12475,42.13071],[-90.12477,42.13302],[-90.12414,42.13439],[-90.12444,42.13583],[-90.12456,42.13816],[-90.12452,42.13997],[-90.12463,42.14031],[-90.12479,42.1439],[-90.12462,42.14598],[-90.12493,42.14901],[-90.12514,42.15113],[-90.12533,42.154],[-90.12805,42.15553],[-90.13062,42.15705],[-90.13371,42.15886],[-90.13542,42.15986],[-90.1375,42.16105],[-90.14539,42.16559],[-90.14735,42.16672],[-90.15052,42.16856],[-90.15141,42.16923],[-90.15374,42.17093],[-90.15793,42.17399],[-90.15905,42.17483],[-90.1632,42.17789],[-90.16495,42.17919],[-90.16743,42.181],[-90.16915,42.18228],[-90.17008,42.18314],[-90.17262,42.18547],[-90.17478,42.18778],[-90.17514,42.18814],[-90.17726,42.19025],[-90.17902,42.19202],[-90.18039,42.1933],[-90.18234,42.19529],[-90.18501,42.19791],[-90.18648,42.19937],[-90.18783,42.20064],[-90.1879,42.20082],[-90.18994,42.20281],[-90.19175,42.20458],[-90.19295,42.20579],[-90.19427,42.20704],[-90.19571,42.20845],[-90.19656,42.20932],[-90.19985,42.21223],[-90.20136,42.21357],[-90.20276,42.21483],[-90.20442,42.2163],[-90.20569,42.2174],[-90.20723,42.2188],[-90.20924,42.22059],[-90.21135,42.22247],[-90.21264,42.22362],[-90.21544,42.22641],[-90.2177,42.22858],[-90.21911,42.23001],[-90.22144,42.23235],[-90.22302,42.23385],[-90.22423,42.23507],[-90.22615,42.237],[-90.22806,42.23894],[-90.23093,42.24177],[-90.23212,42.24292],[-90.23557,42.24633],[-90.23686,42.24763],[-90.23848,42.24931],[-90.2408,42.25159],[-90.24315,42.25396],[-90.24713,42.25781],[-90.24874,42.26129],[-90.24949,42.26276],[-90.25093,42.26562],[-90.25241,42.26846],[-90.25376,42.27125],[-90.25679,42.27253],[-90.25933,42.27362],[-90.26183,42.27471],[-90.26406,42.27568],[-90.26663,42.27679],[-90.26889,42.27777],[-90.27104,42.27868],[-90.27356,42.27976],[-90.27561,42.28071],[-90.27956,42.28089],[-90.2822,42.28103],[-90.28527,42.2812],[-90.28797,42.28116],[-90.29186,42.2811],[-90.30013,42.28102],[-90.30283,42.28093],[-90.30501,42.28175],[-90.30922,42.28314],[-90.3121,42.28406],[-90.31557,42.28523],[-90.31902,42.28638],[-90.32153,42.28718],[-90.32439,42.28816],[-90.32453,42.29342],[-90.32458,42.29773],[-90.32489,42.30097],[-90.32527,42.30574],[-90.32543,42.30751],[-90.32674,42.30849],[-90.32803,42.3095],[-90.33108,42.31185],[-90.33319,42.3136],[-90.33461,42.31457],[-90.33704,42.31644],[-90.33937,42.31824],[-90.34211,42.32037],[-90.34399,42.32186],[-90.34593,42.32344],[-90.34868,42.32561],[-90.35036,42.32695],[-90.3523,42.3285],[-90.35571,42.3312],[-90.36038,42.33493],[-90.36161,42.33651],[-90.36329,42.3386],[-90.36586,42.34212],[-90.36673,42.34277],[-90.37019,42.34553],[-90.37309,42.34788],[-90.37502,42.34942],[-90.37677,42.35084],[-90.38032,42.35392],[-90.38244,42.35558],[-90.38391,42.35688],[-90.38648,42.35896],[-90.3899,42.36238],[-90.39175,42.36431],[-90.39395,42.36646],[-90.39755,42.37006],[-90.39831,42.37084],[-90.39918,42.37184],[-90.406,42.37475],[-90.40793,42.37558],[-90.40911,42.37608],[-90.41448,42.37844],[-90.4171,42.37957],[-90.4185,42.38018],[-90.4198,42.38208],[-90.42006,42.38246],[-90.42126,42.38431],[-90.42253,42.38623],[-90.42295,42.38685],[-90.42487,42.3894],[-90.42639,42.39145],[-90.42683,42.39413],[-90.42771,42.39877],[-90.43107,42.4025],[-90.43193,42.40267],[-90.43253,42.40272]]}},{"type":"Feature","properties":{"id":"118737","type":"AC; OVERHEAD","status":"IN SERVICE","owner":"MIDAMERICAN ENERGY CO","voltage":345,"voltClass":"345"},"geometry":{"type":"LineString","coordinates":[[-96.30633,42.60293],[-96.30753,42.60376],[-96.30874,42.60378],[-96.3154,42.60384],[-96.31891,42.60388],[-96.32208,42.6057],[-96.33061,42.61064],[-96.3466,42.6199],[-96.35894,42.62699],[-96.36161,42.62911],[-96.37256,42.63778],[-96.38398,42.64674],[-96.39317,42.65406],[-96.40074,42.65942],[-96.41092,42.66357],[-96.41865,42.66667],[-96.42972,42.67121],[-96.43749,42.67433],[-96.44396,42.67735],[-96.44767,42.67907],[-96.45436,42.68226],[-96.46183,42.68574],[-96.46547,42.68741],[-96.46825,42.68947],[-96.47159,42.69184],[-96.47738,42.69601],[-96.49017,42.70528],[-96.50399,42.71504],[-96.51547,42.72314],[-96.51846,42.72527],[-96.53189,42.73459],[-96.54607,42.74413],[-96.55508,42.75023],[-96.56438,42.75627],[-96.57617,42.76416],[-96.58104,42.76917],[-96.58893,42.77727],[-96.6011,42.78979],[-96.60402,42.79285],[-96.60646,42.79537],[-96.60916,42.79814],[-96.61163,42.80067],[-96.61416,42.8033],[-96.61658,42.80577],[-96.61877,42.80807],[-96.62076,42.81014],[-96.62269,42.81214],[-96.62521,42.81475],[-96.62718,42.81677],[-96.62973,42.8193],[-96.63217,42.82182],[-96.63445,42.82419],[-96.63579,42.82685],[-96.63584,42.82954],[-96.63583,42.83251],[-96.63588,42.83481],[-96.63606,42.83722],[-96.63631,42.84092],[-96.63654,42.84398],[-96.63652,42.84584],[-96.63658,42.84924],[-96.63661,42.85236],[-96.63662,42.85528],[-96.63663,42.85844],[-96.63667,42.86167],[-96.63664,42.86485],[-96.63672,42.86828],[-96.63664,42.87059],[-96.63644,42.87408],[-96.63647,42.87643],[-96.63642,42.87861],[-96.63631,42.88184],[-96.6362,42.88475],[-96.63614,42.88756],[-96.63613,42.89049],[-96.63613,42.89327],[-96.6361,42.89667],[-96.63629,42.90012],[-96.63625,42.90236],[-96.63625,42.90557],[-96.63633,42.90883],[-96.63636,42.91225],[-96.63638,42.91541],[-96.63643,42.91845],[-96.63653,42.92046],[-96.63662,42.92325],[-96.63678,42.92657],[-96.63693,42.92929],[-96.63706,42.93232],[-96.63723,42.93541],[-96.63738,42.93893],[-96.63734,42.94187],[-96.63727,42.94469],[-96.63728,42.94718],[-96.63719,42.95032],[-96.63718,42.95289],[-96.63711,42.95581],[-96.63714,42.95842],[-96.63718,42.96108],[-96.63719,42.96368],[-96.63724,42.96627],[-96.63728,42.9694],[-96.63729,42.97287],[-96.63736,42.97614],[-96.6374,42.97956],[-96.63745,42.98296],[-96.63757,42.98617],[-96.63766,42.98927],[-96.63773,42.99252],[-96.63782,42.99602],[-96.63785,42.99929],[-96.63796,43.00239],[-96.638,43.00536],[-96.63823,43.00856],[-96.63848,43.01192],[-96.63858,43.01422],[-96.63875,43.01714],[-96.63892,43.02013],[-96.6391,43.02327],[-96.63904,43.02603],[-96.63889,43.02902],[-96.63879,43.03181],[-96.63863,43.03518],[-96.63848,43.03849],[-96.63836,43.04158],[-96.63824,43.04474],[-96.6381,43.04778],[-96.63793,43.05081],[-96.63782,43.05397],[-96.63783,43.05731],[-96.63786,43.06044],[-96.6379,43.06346],[-96.63787,43.06661],[-96.63784,43.06959],[-96.6379,43.07235],[-96.63791,43.07539],[-96.63794,43.0785],[-96.63794,43.08167],[-96.63797,43.08458],[-96.63801,43.08766],[-96.63797,43.0906],[-96.63802,43.09401],[-96.63805,43.09723],[-96.63806,43.10011],[-96.63807,43.10329],[-96.63808,43.10651],[-96.6381,43.10955],[-96.63811,43.11229],[-96.63814,43.1154],[-96.63819,43.11871],[-96.63821,43.122],[-96.63822,43.12493],[-96.63826,43.12807],[-96.63822,43.13101],[-96.6382,43.13396],[-96.63822,43.13716],[-96.63826,43.14057],[-96.63828,43.14321],[-96.63829,43.1465],[-96.63835,43.14956],[-96.63835,43.15273],[-96.63836,43.1559],[-96.63838,43.15925],[-96.63842,43.16237],[-96.63844,43.1654],[-96.63846,43.16857],[-96.6385,43.17178],[-96.6385,43.17497],[-96.63844,43.17797],[-96.63844,43.18109],[-96.63843,43.18421],[-96.63839,43.18737],[-96.63835,43.19048],[-96.63839,43.19345],[-96.63836,43.19664],[-96.63834,43.19993],[-96.638,43.20294],[-96.63772,43.20588],[-96.63742,43.20908],[-96.6371,43.212],[-96.63731,43.21475],[-96.63758,43.21735],[-96.63783,43.22014],[-96.63815,43.2236],[-96.63845,43.22708],[-96.63872,43.23013],[-96.63875,43.233],[-96.63876,43.23616],[-96.63875,43.23932],[-96.63876,43.24264],[-96.63868,43.24581],[-96.63879,43.24899],[-96.63879,43.25219],[-96.63878,43.25547],[-96.63881,43.25849],[-96.63881,43.26195],[-96.63879,43.26496],[-96.63879,43.2683],[-96.6388,43.27146],[-96.6388,43.2748],[-96.63881,43.27773],[-96.63883,43.28103],[-96.63883,43.28392],[-96.63884,43.28687],[-96.63884,43.29012],[-96.63884,43.29329],[-96.63885,43.29651],[-96.63878,43.29942],[-96.63874,43.30282],[-96.63873,43.30584],[-96.63873,43.30616],[-96.63868,43.30865],[-96.63745,43.31181],[-96.63616,43.31503],[-96.6365,43.31823],[-96.63682,43.32142],[-96.63719,43.3246],[-96.6375,43.32774],[-96.63779,43.33048],[-96.63813,43.33389],[-96.6385,43.33725],[-96.63886,43.34068],[-96.63884,43.34391],[-96.63883,43.34709],[-96.6388,43.35017],[-96.63878,43.35328],[-96.63879,43.35658],[-96.63876,43.35966],[-96.63876,43.36279],[-96.63872,43.36511],[-96.63872,43.36827],[-96.6387,43.37148],[-96.63868,43.37456],[-96.63867,43.37778],[-96.63865,43.38078],[-96.63867,43.38402],[-96.63865,43.38712],[-96.63866,43.3898],[-96.63862,43.39249],[-96.63865,43.39583],[-96.63865,43.39905],[-96.6387,43.40233],[-96.6387,43.40556],[-96.6387,43.40882],[-96.63873,43.41218],[-96.63871,43.41556],[-96.63875,43.41853],[-96.63877,43.42186],[-96.63919,43.42518],[-96.63962,43.42845],[-96.64003,43.43185],[-96.64049,43.43531],[-96.64086,43.43858],[-96.63965,43.44129],[-96.63848,43.44405],[-96.63729,43.44671],[-96.63614,43.4494],[-96.63328,43.45166],[-96.63023,43.45406],[-96.62753,43.45612],[-96.62455,43.45849],[-96.6216,43.46075],[-96.61848,43.46309],[-96.61514,43.46564],[-96.61211,43.46794],[-96.60941,43.46993],[-96.60673,43.47208],[-96.60376,43.47453],[-96.60119,43.47661],[-96.59846,43.47892],[-96.59577,43.48113],[-96.5927,43.48368],[-96.59027,43.48561],[-96.58666,43.48844],[-96.58507,43.48969],[-96.5833,43.49109],[-96.58145,43.494],[-96.57954,43.49694],[-96.5777,43.49973],[-96.57725,43.50042],[-96.57572,43.50275],[-96.57555,43.50518],[-96.57539,43.50736],[-96.57536,43.5079],[-96.57513,43.51146],[-96.57488,43.51493],[-96.57343,43.51779],[-96.57202,43.52054],[-96.57084,43.52282],[-96.56924,43.52583],[-96.56773,43.52884],[-96.56757,43.52913],[-96.56613,43.53189],[-96.56474,43.53461],[-96.56313,43.53772],[-96.56154,43.54068],[-96.56142,43.54334],[-96.5613,43.54604],[-96.56057,43.54863],[-96.55965,43.55182],[-96.55738,43.55507],[-96.55655,43.55627],[-96.55626,43.5567],[-96.5545,43.55916],[-96.55244,43.56207],[-96.5506,43.56472],[-96.54987,43.56574],[-96.54903,43.56693],[-96.54891,43.5695],[-96.54872,43.5722],[-96.54858,43.57461],[-96.54843,43.57717],[-96.54731,43.58058],[-96.54618,43.58396],[-96.54529,43.58665],[-96.54442,43.58915],[-96.5433,43.59247],[-96.54227,43.59552],[-96.54221,43.59851],[-96.54217,43.60109],[-96.54217,43.60356],[-96.54212,43.60643],[-96.54215,43.60777],[-96.54585,43.6079],[-96.5496,43.608],[-96.55359,43.60804],[-96.55707,43.60806],[-96.56066,43.60805],[-96.56425,43.60806],[-96.56785,43.60805],[-96.57189,43.60803],[-96.57595,43.60824],[-96.57889,43.60839],[-96.5819,43.60853],[-96.58606,43.60875],[-96.59026,43.60884],[-96.59481,43.60882],[-96.59853,43.60883],[-96.6027,43.60884],[-96.60456,43.60883],[-96.60678,43.60883],[-96.6108,43.60896],[-96.61465,43.60928],[-96.61847,43.60965],[-96.62263,43.60982],[-96.62296,43.60982],[-96.62665,43.60984],[-96.63018,43.60982],[-96.63021,43.60848],[-96.63036,43.60485],[-96.63052,43.60077],[-96.63098,43.60031],[-96.63172,43.60054]]}},{"type":"Feature","properties":{"id":"118759","type":"AC; OVERHEAD","status":null,"owner":"MIDAMERICAN ENERGY CO","voltage":161,"voltClass":"100-161"},"geometry":{"type":"LineString","coordinates":[[-93.29367,43.09429],[-93.29313,43.09588]]}},{"type":"Feature","properties":{"id":"118831","type":"AC; OVERHEAD","status":"IN SERVICE","owner":"MIDAMERICAN ENERGY CO","voltage":161,"voltClass":"100-161"},"geometry":{"type":"LineString","coordinates":[[-94.19323,42.48753],[-94.19293,42.4873],[-94.1928,42.48688],[-94.19252,42.48588],[-94.19211,42.48405],[-94.19174,42.48247],[-94.19136,42.48091],[-94.19128,42.47934],[-94.19125,42.47735],[-94.19083,42.47496],[-94.1906,42.47345],[-94.19047,42.47238],[-94.18917,42.47108],[-94.18449,42.46628],[-94.18103,42.4627],[-94.1787,42.46028],[-94.17448,42.45597],[-94.17443,42.4544],[-94.17433,42.45065],[-94.17418,42.44473],[-94.17412,42.44132],[-94.17105,42.43787],[-94.16799,42.4343],[-94.16484,42.43066],[-94.16022,42.42534],[-94.15653,42.42108],[-94.1505,42.41445],[-94.1455,42.40894],[-94.14231,42.40549],[-94.13961,42.40177],[-94.13587,42.39669],[-94.13223,42.39171],[-94.12746,42.38516],[-94.12513,42.38225],[-94.1213,42.37803],[-94.11844,42.37489],[-94.11542,42.37166],[-94.11223,42.36837],[-94.10943,42.36549],[-94.10525,42.36119],[-94.10206,42.35794],[-94.09867,42.35442],[-94.09532,42.35097],[-94.08618,42.34157],[-94.0822,42.33749],[-94.07859,42.33351],[-94.07147,42.32538],[-94.0663,42.31939],[-94.05885,42.31084],[-94.05588,42.3072],[-94.04993,42.29978],[-94.04284,42.29101],[-94.03709,42.28388],[-94.03042,42.27526],[-94.023,42.26618],[-94.02042,42.263],[-94.01946,42.26103],[-94.01757,42.25724],[-94.01381,42.25107],[-94.01141,42.24723],[-94.00821,42.24266],[-94.00477,42.23802],[-93.99983,42.23151],[-93.99347,42.227],[-93.9876,42.2228],[-93.98119,42.21807],[-93.97492,42.21337],[-93.97052,42.21011],[-93.96915,42.20907],[-93.96738,42.20579],[-93.96631,42.2037],[-93.9632,42.20098],[-93.95965,42.19797],[-93.95849,42.19642],[-93.95436,42.1909],[-93.95327,42.18939],[-93.95193,42.18761],[-93.9499,42.18478],[-93.94724,42.18138],[-93.94202,42.17482],[-93.93619,42.16785],[-93.93217,42.16302],[-93.92696,42.15672],[-93.92137,42.14995],[-93.91648,42.14408],[-93.91289,42.13973],[-93.90979,42.13599],[-93.90678,42.13235],[-93.90366,42.12859],[-93.90073,42.125],[-93.8947,42.1177],[-93.89018,42.11226],[-93.88432,42.10518],[-93.88128,42.10153],[-93.87555,42.09454],[-93.87414,42.09286],[-93.8714,42.09283],[-93.86424,42.09277],[-93.85433,42.09267],[-93.84479,42.09266],[-93.84001,42.09267],[-93.8353,42.0926],[-93.82778,42.0926],[-93.82058,42.09257],[-93.81294,42.09254],[-93.81019,42.09252],[-93.81017,42.08907],[-93.81025,42.08729],[-93.81022,42.08638],[-93.80992,42.08642],[-93.80971,42.08611]]}},{"type":"Feature","properties":{"id":"118911","type":"OVERHEAD","status":null,"owner":"MIDAMERICAN ENERGY CO","voltage":161,"voltClass":"100-161"},"geometry":{"type":"LineString","coordinates":[[-95.32292,42.55289],[-95.32734,42.55342]]}},{"type":"Feature","properties":{"id":"118945","type":"AC; OVERHEAD","status":"IN SERVICE","owner":null,"voltage":161,"voltClass":"100-161"},"geometry":{"type":"LineString","coordinates":[[-95.22611,41.46609],[-95.22609,41.46584],[-95.22638,41.46525],[-95.22271,41.46558],[-95.21893,41.46561],[-95.21587,41.46557],[-95.20542,41.46549],[-95.19535,41.46542],[-95.18506,41.46549],[-95.17426,41.46552],[-95.16309,41.4655],[-95.1521,41.46529],[-95.14551,41.46534],[-95.12394,41.46521],[-95.09293,41.4651],[-95.07237,41.46503],[-95.04121,41.46514],[-95.01895,41.46512],[-95.01318,41.46503],[-95.01321,41.46258],[-95.01321,41.45989],[-95.01315,41.45551],[-95.01314,41.45051],[-95.01315,41.44746],[-95.01315,41.44492],[-95.01313,41.43946],[-95.01309,41.43457],[-95.01296,41.4311],[-95.01293,41.42833],[-95.01287,41.42367],[-95.01285,41.42173],[-95.01169,41.41955],[-95.01169,41.41873],[-95.01169,41.41785],[-95.01042,41.41783],[-95.00935,41.41784],[-95.00809,41.41786],[-95.00712,41.41785],[-95.00409,41.41782],[-95.00307,41.41787],[-95.00305,41.41706],[-95.00303,41.41527],[-95.00302,41.41442],[-95.00299,41.41273],[-95.00248,41.41205],[-95.00183,41.41116],[-95.00118,41.4103],[-95.00122,41.40931]]}},{"type":"Feature","properties":{"id":"118993","type":"AC; OVERHEAD","status":"IN SERVICE","owner":"LINCOLN ELECTRIC SYSTEM","voltage":345,"voltClass":"345"},"geometry":{"type":"LineString","coordinates":[[-96.81277,40.8303],[-96.81282,40.83158],[-96.81589,40.83158],[-96.8158,40.83588],[-96.81575,40.83753],[-96.81569,40.83936],[-96.81565,40.84132],[-96.8156,40.84308],[-96.8156,40.8447],[-96.81558,40.84615],[-96.81563,40.84813],[-96.81497,40.84928],[-96.815,40.8513],[-96.815,40.85321],[-96.81498,40.855],[-96.81497,40.85693],[-96.8155,40.85885],[-96.81548,40.86045],[-96.81547,40.86212],[-96.81546,40.86346],[-96.81545,40.86465],[-96.81373,40.86464],[-96.81139,40.86463],[-96.80908,40.86484],[-96.80695,40.86484],[-96.80544,40.86484],[-96.80314,40.86483],[-96.80051,40.86482],[-96.79823,40.86481],[-96.79629,40.86479],[-96.79625,40.86667],[-96.79624,40.86692],[-96.79627,40.86867],[-96.79626,40.87043],[-96.79624,40.87263],[-96.79622,40.8744],[-96.79622,40.87643],[-96.79621,40.87732],[-96.79621,40.87798],[-96.7962,40.87974],[-96.79618,40.88181],[-96.79618,40.88362],[-96.79619,40.88532],[-96.79617,40.88734],[-96.79616,40.889],[-96.79614,40.8905],[-96.79618,40.89203],[-96.7953,40.89342],[-96.79329,40.89343],[-96.79135,40.89343],[-96.78874,40.89344],[-96.78674,40.89345],[-96.78454,40.89346],[-96.78271,40.89347],[-96.78088,40.89343],[-96.7791,40.89393],[-96.77827,40.89389],[-96.7762,40.89389],[-96.77386,40.89389],[-96.77143,40.89388],[-96.76935,40.89387],[-96.76742,40.89385],[-96.76473,40.89383],[-96.76184,40.89383],[-96.75953,40.89382],[-96.75765,40.89381],[-96.75532,40.89381],[-96.7527,40.89381],[-96.75058,40.89379],[-96.74804,40.89379],[-96.74557,40.89378],[-96.74286,40.89378],[-96.74042,40.89376],[-96.73893,40.89376],[-96.73894,40.89481],[-96.73894,40.89632],[-96.73894,40.89783],[-96.73894,40.89933],[-96.73893,40.90105],[-96.73743,40.901],[-96.736,40.90104],[-96.73429,40.90056],[-96.7322,40.9006],[-96.7301,40.9006],[-96.728,40.90059],[-96.72591,40.90059],[-96.7238,40.90058],[-96.72167,40.90058],[-96.71953,40.90058],[-96.7174,40.90057],[-96.71526,40.90058],[-96.71296,40.90057],[-96.71066,40.90058],[-96.70836,40.90057],[-96.70605,40.90057],[-96.70373,40.90056],[-96.70127,40.90051],[-96.69865,40.90058],[-96.69629,40.90056],[-96.69413,40.90055],[-96.69189,40.90048],[-96.69089,40.89852],[-96.68863,40.8989],[-96.68639,40.89921],[-96.68445,40.89912],[-96.68275,40.89917],[-96.68261,40.8982],[-96.68231,40.89718],[-96.67996,40.89716],[-96.67794,40.89715],[-96.67596,40.89714],[-96.67594,40.89841],[-96.67594,40.8996],[-96.67591,40.90135],[-96.67591,40.90295],[-96.67589,40.90473],[-96.67588,40.90632],[-96.67587,40.90804],[-96.67393,40.90802],[-96.67156,40.908],[-96.66907,40.90797],[-96.66643,40.90795],[-96.66459,40.90793],[-96.66247,40.9079],[-96.66008,40.90789],[-96.65761,40.90786],[-96.65491,40.90784],[-96.65262,40.90783],[-96.65045,40.90781],[-96.64782,40.90779],[-96.64564,40.90777],[-96.64283,40.90774],[-96.64283,40.90861],[-96.64281,40.91061],[-96.64283,40.91255],[-96.64282,40.91451],[-96.64143,40.9145],[-96.63875,40.91449],[-96.63635,40.91449],[-96.63424,40.91447],[-96.63387,40.91447],[-96.63164,40.91447],[-96.62905,40.91446],[-96.62641,40.91445],[-96.62386,40.91444],[-96.62187,40.91442],[-96.61894,40.91439],[-96.61684,40.91437],[-96.61507,40.91436],[-96.61455,40.91435],[-96.61233,40.91433],[-96.61014,40.91431],[-96.60779,40.91429],[-96.60604,40.91427],[-96.60561,40.91388],[-96.60563,40.91233],[-96.60564,40.91066],[-96.60567,40.90866],[-96.60567,40.9075],[-96.60395,40.90749],[-96.60109,40.90747],[-96.59405,40.90742],[-96.59161,40.9074],[-96.57903,40.90732],[-96.57649,40.9073],[-96.57422,40.90729],[-96.56639,40.90727],[-96.55881,40.90732],[-96.55881,40.90723],[-96.55882,40.90499],[-96.55881,40.90318],[-96.55876,40.90138],[-96.55876,40.89963],[-96.5589,40.89786],[-96.55906,40.8961],[-96.55917,40.89465],[-96.55921,40.89252],[-96.55924,40.89078],[-96.55925,40.88898],[-96.55927,40.88721],[-96.55934,40.88543],[-96.55941,40.88374],[-96.55951,40.88208],[-96.55961,40.88041],[-96.55972,40.87872],[-96.55983,40.87705],[-96.55995,40.8754],[-96.55994,40.87362],[-96.55993,40.87183],[-96.55991,40.87004],[-96.55988,40.86825],[-96.55985,40.86646],[-96.55985,40.8647],[-96.5573,40.86442],[-96.55472,40.86413],[-96.55212,40.86383],[-96.54951,40.86354],[-96.5495,40.86181],[-96.54949,40.86011],[-96.54949,40.85841],[-96.54948,40.85671],[-96.54961,40.8548],[-96.54974,40.85288],[-96.54975,40.85103],[-96.54975,40.84918],[-96.54977,40.84732],[-96.54978,40.84547],[-96.54978,40.84361],[-96.54978,40.84173],[-96.54806,40.84138],[-96.54649,40.84115],[-96.54652,40.84065],[-96.54722,40.84003]]}},{"type":"Feature","properties":{"id":"116691","type":"AC; OVERHEAD","status":"IN SERVICE","owner":"MIDAMERICAN ENERGY CO","voltage":161,"voltClass":"100-161"},"geometry":{"type":"LineString","coordinates":[[-90.52954,41.64452],[-90.52933,41.64447]]}},{"type":"Feature","properties":{"id":"116692","type":"AC; OVERHEAD","status":"IN SERVICE","owner":"MIDAMERICAN ENERGY CO","voltage":161,"voltClass":"100-161"},"geometry":{"type":"LineString","coordinates":[[-91.45769,41.6862],[-91.45834,41.68635],[-91.45844,41.69017],[-91.45845,41.69345],[-91.45847,41.69876],[-91.4585,41.70309],[-91.45856,41.7091],[-91.45862,41.71489],[-91.45866,41.71888],[-91.45868,41.72196],[-91.46108,41.7256],[-91.46358,41.72938],[-91.46351,41.73138],[-91.46344,41.734],[-91.46337,41.7386],[-91.46335,41.7414],[-91.46328,41.7474],[-91.46439,41.74945],[-91.46734,41.75506],[-91.46827,41.75684],[-91.46987,41.75991],[-91.47096,41.76201],[-91.4729,41.76566],[-91.47268,41.77092],[-91.47251,41.77467],[-91.47241,41.77646],[-91.47241,41.77835],[-91.47248,41.78186],[-91.47255,41.78391],[-91.47278,41.79066],[-91.4729,41.79534],[-91.47294,41.79726],[-91.47299,41.79946],[-91.47301,41.80204],[-91.47293,41.8038],[-91.47318,41.80683],[-91.47329,41.80919],[-91.47334,41.81092],[-91.47341,41.81284],[-91.47355,41.81657],[-91.47358,41.81809],[-91.47361,41.81957],[-91.47545,41.82149],[-91.47731,41.82347],[-91.47906,41.82531],[-91.4801,41.82643],[-91.48367,41.83023],[-91.48464,41.83126],[-91.48644,41.83317],[-91.49006,41.837],[-91.49156,41.83856],[-91.49232,41.84037],[-91.49423,41.8448],[-91.49561,41.84766],[-91.49645,41.84942],[-91.49773,41.85081],[-91.49899,41.85217],[-91.50244,41.85597],[-91.50543,41.85922],[-91.50854,41.86259],[-91.5113,41.86553],[-91.51414,41.86844],[-91.51733,41.87169],[-91.519,41.87338],[-91.52385,41.8783],[-91.52749,41.882],[-91.53091,41.88568],[-91.53274,41.8876],[-91.53459,41.88952],[-91.53643,41.89142],[-91.53824,41.89331],[-91.53906,41.89416],[-91.54044,41.89558],[-91.54133,41.89779],[-91.54236,41.90026],[-91.54399,41.90413],[-91.54573,41.90832],[-91.54749,41.91276],[-91.54832,41.91493],[-91.54936,41.91761],[-91.55127,41.92156],[-91.55369,41.92652],[-91.55801,41.93195],[-91.55775,41.93469],[-91.55883,41.93654],[-91.55955,41.94274],[-91.55979,41.94467],[-91.56028,41.94874],[-91.56054,41.9514],[-91.56083,41.95308],[-91.55717,41.95646],[-91.55686,41.95774],[-91.55709,41.95824]]}},{"type":"Feature","properties":{"id":"116747","type":"AC; OVERHEAD","status":"IN SERVICE","owner":"MIDAMERICAN ENERGY CO","voltage":345,"voltClass":"345"},"geometry":{"type":"LineString","coordinates":[[-96.30633,42.60293],[-96.30496,42.60369],[-96.30311,42.60339],[-96.29887,42.60108],[-96.29861,42.60095],[-96.29534,42.59921],[-96.29495,42.599],[-96.29173,42.59729],[-96.29244,42.59529],[-96.29247,42.59299],[-96.29248,42.59022],[-96.29238,42.58663],[-96.29227,42.58306],[-96.29215,42.57943],[-96.29215,42.5757],[-96.29216,42.57224],[-96.29215,42.56865],[-96.29213,42.56607],[-96.29209,42.56405],[-96.29215,42.56138],[-96.29222,42.55786],[-96.2919,42.55466],[-96.29199,42.55127],[-96.29206,42.54777],[-96.29221,42.54402],[-96.29188,42.54035],[-96.2918,42.5371],[-96.29174,42.53381],[-96.29233,42.53062],[-96.29233,42.52806],[-96.29229,42.52534],[-96.29229,42.52279],[-96.29224,42.51985],[-96.29209,42.51681],[-96.292,42.51323],[-96.29196,42.51063],[-96.29195,42.50769],[-96.29198,42.5045],[-96.29226,42.50069],[-96.29221,42.49783],[-96.29225,42.49461],[-96.28991,42.49247],[-96.2872,42.48981],[-96.28727,42.48682],[-96.28733,42.48366],[-96.28738,42.48008],[-96.28738,42.47633],[-96.28735,42.47323],[-96.28735,42.47012],[-96.28727,42.4667],[-96.2873,42.46341],[-96.28724,42.46003],[-96.28722,42.45651],[-96.2872,42.45285],[-96.28718,42.44952],[-96.28718,42.44574],[-96.28725,42.4421],[-96.28732,42.43834],[-96.28719,42.43488],[-96.28714,42.43118],[-96.28711,42.42744],[-96.28711,42.42367],[-96.28718,42.4203],[-96.28717,42.41648],[-96.28714,42.4125],[-96.28715,42.409],[-96.28711,42.40537],[-96.28712,42.40195],[-96.28708,42.39802],[-96.28705,42.39541],[-96.28704,42.39284],[-96.2848,42.39092],[-96.28248,42.38892],[-96.28239,42.38629],[-96.28227,42.38276],[-96.28215,42.37933],[-96.28209,42.37659],[-96.28203,42.37342],[-96.28191,42.36998],[-96.28173,42.36614],[-96.28163,42.36368],[-96.28155,42.36137],[-96.28146,42.35921],[-96.28485,42.35922],[-96.28848,42.35921],[-96.29257,42.35925],[-96.29606,42.35927],[-96.30078,42.35927],[-96.30603,42.35932],[-96.31094,42.35905],[-96.31575,42.35936],[-96.32066,42.35927],[-96.32331,42.35926],[-96.32689,42.35918],[-96.33048,42.35918],[-96.33339,42.35923],[-96.33657,42.35929],[-96.33956,42.35933],[-96.34247,42.35937],[-96.34557,42.3594],[-96.34546,42.35665],[-96.34536,42.35383],[-96.3453,42.35138],[-96.34525,42.3482],[-96.3517,42.34784],[-96.35155,42.34463],[-96.35149,42.3415],[-96.35136,42.33823],[-96.35126,42.33533],[-96.35468,42.33369],[-96.35895,42.33174],[-96.36314,42.32977],[-96.36546,42.32936]]}},{"type":"Feature","properties":{"id":"117086","type":"AC; OVERHEAD","status":"IN SERVICE","owner":null,"voltage":161,"voltClass":"100-161"},"geometry":{"type":"LineString","coordinates":[[-91.50451,43.0607],[-91.50487,43.06098],[-91.50484,43.06209],[-91.50123,43.06452],[-91.49963,43.06558],[-91.49934,43.06737],[-91.49883,43.07027],[-91.49887,43.07277],[-91.49893,43.07942],[-91.4989,43.08389],[-91.49893,43.09094],[-91.49889,43.09219],[-91.5044,43.09622],[-91.50874,43.09942],[-91.50869,43.10086],[-91.50861,43.10613],[-91.50851,43.1142],[-91.50818,43.12772],[-91.50807,43.13239],[-91.50781,43.1385],[-91.5079,43.14704],[-91.50779,43.15107],[-91.50767,43.15682],[-91.5075,43.16144],[-91.50782,43.16506],[-91.51201,43.16783],[-91.51793,43.16992],[-91.51792,43.17427],[-91.51795,43.17962],[-91.51793,43.18514],[-91.51783,43.19198],[-91.51758,43.20214],[-91.51733,43.20973],[-91.51726,43.21282],[-91.51703,43.22227],[-91.51689,43.2324],[-91.51694,43.23839],[-91.51708,43.24421],[-91.51764,43.25316],[-91.51776,43.26139],[-91.51777,43.26331],[-91.5178,43.26569],[-91.51779,43.26837],[-91.51779,43.27026],[-91.51778,43.27259],[-91.51777,43.27475],[-91.5178,43.27691],[-91.51776,43.27933],[-91.51776,43.28156],[-91.51774,43.28331],[-91.51772,43.28613],[-91.51768,43.28849],[-91.51764,43.29109],[-91.5176,43.29367],[-91.51756,43.2957],[-91.51755,43.29714],[-91.51753,43.29874],[-91.51752,43.30196],[-91.5175,43.30469],[-91.51749,43.30722],[-91.51744,43.3091],[-91.51735,43.31179],[-91.51728,43.3128],[-91.51531,43.31282],[-91.51214,43.31279],[-91.50791,43.31187],[-91.50319,43.31283],[-91.49743,43.31286],[-91.49132,43.3128],[-91.48561,43.3127],[-91.47822,43.31252],[-91.4728,43.31247],[-91.46783,43.31253],[-91.46072,43.31253],[-91.44967,43.31256],[-91.44092,43.31251],[-91.42545,43.31242],[-91.41163,43.31244],[-91.40086,43.31238],[-91.38724,43.3125],[-91.37767,43.31247],[-91.3656,43.31246],[-91.34915,43.31236],[-91.33931,43.31238],[-91.32936,43.31228],[-91.31932,43.31227],[-91.30936,43.31223],[-91.30118,43.31238],[-91.28901,43.31224],[-91.27848,43.31218],[-91.27422,43.31213],[-91.27301,43.31216],[-91.2673,43.31238],[-91.26126,43.31228],[-91.25226,43.31187],[-91.24096,43.31127],[-91.23202,43.31154],[-91.22359,43.3117],[-91.21725,43.31194],[-91.2145,43.31206],[-91.20846,43.3119],[-91.2028,43.31183],[-91.19241,43.31178],[-91.18923,43.31443],[-91.18417,43.31849],[-91.1766,43.3247],[-91.17051,43.32956],[-91.16649,43.33276],[-91.16679,43.33373],[-91.16745,43.33554],[-91.16783,43.33565]]}},{"type":"Feature","properties":{"id":"117106","type":"AC; OVERHEAD","status":"IN SERVICE","owner":"OMAHA PUBLIC POWER DISTRICT","voltage":161,"voltClass":"100-161"},"geometry":{"type":"LineString","coordinates":[[-95.94442,41.32762],[-95.94454,41.32733],[-95.94498,41.32692],[-95.94585,41.32754],[-95.94611,41.32772],[-95.9466,41.32807],[-95.9504,41.33077],[-95.95112,41.33331],[-95.95174,41.33543],[-95.95411,41.33727],[-95.95668,41.33922],[-95.96029,41.3412],[-95.9607,41.34143],[-95.96367,41.34212],[-95.96567,41.34245],[-95.96931,41.34288],[-95.97239,41.34296],[-95.97597,41.34306],[-95.97916,41.34302],[-95.98217,41.34298],[-95.98516,41.34293],[-95.98776,41.34295],[-95.99256,41.34294],[-95.99683,41.34295],[-95.9994,41.34294],[-96.00309,41.34287],[-96.00347,41.34301]]}},{"type":"Feature","properties":{"id":"117108","type":"AC; OVERHEAD","status":"IN SERVICE","owner":"LINCOLN ELECTRIC SYSTEM","voltage":345,"voltClass":"345"},"geometry":{"type":"LineString","coordinates":[[-96.7886,40.56351],[-96.7877,40.56373],[-96.78695,40.56373],[-96.78444,40.56496],[-96.78232,40.56599],[-96.78216,40.56605],[-96.77949,40.56717],[-96.77693,40.56856],[-96.77519,40.56942],[-96.77344,40.57027],[-96.77155,40.57117],[-96.76946,40.5722],[-96.76685,40.57347],[-96.76395,40.57486],[-96.76118,40.5762],[-96.7592,40.57715],[-96.75729,40.57806],[-96.75574,40.57882],[-96.75435,40.58],[-96.75278,40.58129],[-96.75127,40.58255],[-96.74966,40.58391],[-96.74745,40.58572],[-96.74548,40.58739],[-96.74343,40.5891],[-96.74145,40.59075],[-96.73947,40.5924],[-96.73807,40.5937],[-96.73609,40.59524],[-96.73416,40.59684],[-96.73393,40.59702],[-96.73214,40.59851],[-96.73025,40.6001],[-96.7284,40.60163],[-96.72644,40.60323],[-96.72494,40.6045],[-96.72288,40.6062],[-96.72129,40.60751],[-96.71953,40.60838],[-96.71715,40.60956],[-96.71477,40.61068],[-96.71222,40.61192],[-96.70964,40.61315],[-96.70783,40.61403],[-96.70513,40.61534],[-96.70239,40.61667],[-96.69965,40.618],[-96.69783,40.61889],[-96.69588,40.61986],[-96.694,40.62076],[-96.69137,40.62206],[-96.68875,40.62331],[-96.68618,40.62454],[-96.6841,40.62554],[-96.68207,40.62652],[-96.68003,40.6275],[-96.67798,40.62848],[-96.67599,40.62944],[-96.67413,40.63034],[-96.67216,40.6313],[-96.67014,40.6323],[-96.6678,40.63342],[-96.66512,40.63471],[-96.66279,40.63585],[-96.66031,40.63703],[-96.65797,40.63816],[-96.65558,40.63931],[-96.65376,40.6402],[-96.6517,40.64113],[-96.64903,40.64246],[-96.64712,40.64338],[-96.646,40.64561],[-96.64496,40.64764],[-96.64415,40.64925],[-96.64304,40.65146],[-96.64185,40.6538],[-96.6409,40.65565],[-96.63981,40.6578],[-96.63861,40.66021],[-96.63779,40.66182],[-96.63698,40.6634],[-96.63581,40.66573],[-96.63473,40.6679],[-96.63373,40.66985],[-96.63265,40.67198],[-96.63186,40.67354],[-96.63078,40.67577],[-96.62876,40.6773],[-96.62703,40.67864],[-96.62501,40.68023],[-96.62268,40.68204],[-96.62087,40.6834],[-96.61884,40.68498],[-96.61677,40.68661],[-96.61491,40.68804],[-96.61278,40.68972],[-96.61096,40.69116],[-96.60889,40.69276],[-96.60655,40.6946],[-96.60423,40.69642],[-96.60272,40.69759],[-96.60063,40.69922],[-96.59887,40.70058],[-96.59666,40.70229],[-96.5944,40.70406],[-96.59246,40.70557],[-96.59054,40.70706],[-96.58858,40.7086],[-96.58689,40.70992],[-96.58476,40.71158],[-96.58418,40.71203],[-96.5833,40.7122],[-96.58293,40.71328]]}},{"type":"Feature","properties":{"id":"121443","type":"AC; OVERHEAD","status":"IN SERVICE","owner":"MIDAMERICAN ENERGY CO","voltage":161,"voltClass":"100-161"},"geometry":{"type":"LineString","coordinates":[[-96.36889,42.43977],[-96.36919,42.43957],[-96.36952,42.43958],[-96.36954,42.4381],[-96.36957,42.43646],[-96.36968,42.43579],[-96.36946,42.43483],[-96.36858,42.43197],[-96.3677,42.42916],[-96.36598,42.42373],[-96.36474,42.41987],[-96.36425,42.41831],[-96.36276,42.41362],[-96.36225,42.41203],[-96.36168,42.4105],[-96.3608,42.40896],[-96.35994,42.40766],[-96.35777,42.40486],[-96.3566,42.40326],[-96.35479,42.40111],[-96.35418,42.40034],[-96.35216,42.39752],[-96.35002,42.3946],[-96.34794,42.39182],[-96.3468,42.39041],[-96.3435,42.38614],[-96.34087,42.38266],[-96.34081,42.38137],[-96.34085,42.37769],[-96.34078,42.37125],[-96.34073,42.36656],[-96.34556,42.36665],[-96.35043,42.36672],[-96.35428,42.36613],[-96.36048,42.36509],[-96.36044,42.36371],[-96.3603,42.35904],[-96.36026,42.35696],[-96.35998,42.3494],[-96.35976,42.34382],[-96.35955,42.33607],[-96.36393,42.33537],[-96.36606,42.33499],[-96.36825,42.33464],[-96.3679,42.33304],[-96.36741,42.33142],[-96.36709,42.33029],[-96.36707,42.33023],[-96.36699,42.32993],[-96.3669,42.32957],[-96.36687,42.32944],[-96.36546,42.32936]]}},{"type":"Feature","properties":{"id":"121594","type":"AC; OVERHEAD","status":"IN SERVICE","owner":"MIDAMERICAN ENERGY CO","voltage":161,"voltClass":"100-161"},"geometry":{"type":"LineString","coordinates":[[-90.28431,41.75017],[-90.28433,41.7498],[-90.2846,41.7493],[-90.28354,41.74871],[-90.28344,41.74797],[-90.28339,41.74665],[-90.28334,41.74533],[-90.28328,41.744],[-90.26834,41.74438],[-90.26877,41.74226],[-90.26909,41.73944],[-90.26949,41.73818],[-90.26991,41.73693],[-90.27126,41.73603],[-90.27122,41.7355],[-90.27124,41.73458],[-90.27121,41.73313],[-90.27119,41.73166],[-90.27121,41.73021],[-90.2712,41.72975],[-90.27119,41.72875],[-90.27124,41.72729],[-90.27119,41.72582],[-90.27129,41.72435],[-90.27141,41.72287],[-90.27155,41.7214],[-90.27125,41.72015],[-90.27098,41.71894],[-90.27029,41.71772],[-90.27024,41.71684],[-90.27021,41.71595],[-90.27021,41.71578],[-90.27022,41.71555],[-90.27022,41.71469],[-90.27022,41.7145],[-90.27152,41.71446],[-90.27403,41.71435],[-90.27497,41.71416]]}},{"type":"Feature","properties":{"id":"121612","type":"AC; OVERHEAD","status":"IN SERVICE","owner":null,"voltage":230,"voltClass":"220-287"},"geometry":{"type":"LineString","coordinates":[[-96.44996,43.37602],[-96.44973,43.37638],[-96.44978,43.37749],[-96.44971,43.37923],[-96.44857,43.38091],[-96.44732,43.38262],[-96.44468,43.3826],[-96.44216,43.38259],[-96.43975,43.38259],[-96.43709,43.38258],[-96.43458,43.38257],[-96.43187,43.38255],[-96.42904,43.38254],[-96.42648,43.38253],[-96.42413,43.38252],[-96.42166,43.38251],[-96.41922,43.38252],[-96.41667,43.38251],[-96.41438,43.3825],[-96.41202,43.38249],[-96.40937,43.38248],[-96.4069,43.38248],[-96.40431,43.38246],[-96.40176,43.38246],[-96.39937,43.38245],[-96.3967,43.38245],[-96.39417,43.38244],[-96.39173,43.38243],[-96.3893,43.38241],[-96.38666,43.3824],[-96.38443,43.38239],[-96.38186,43.38236],[-96.37938,43.38234],[-96.37696,43.38233],[-96.37444,43.3823],[-96.37181,43.38228],[-96.36961,43.38226],[-96.36705,43.38226],[-96.36449,43.38225],[-96.36205,43.38224],[-96.35953,43.38224],[-96.35699,43.38223],[-96.35459,43.38221],[-96.35219,43.3822],[-96.34975,43.38219],[-96.34715,43.38219],[-96.34475,43.38218],[-96.34214,43.38218],[-96.33968,43.38218],[-96.3374,43.38218],[-96.33505,43.38217],[-96.33244,43.38218],[-96.32998,43.38218],[-96.32766,43.38219],[-96.32541,43.3822],[-96.32351,43.38221],[-96.32097,43.38221],[-96.3182,43.38223],[-96.31616,43.38224],[-96.31378,43.38224],[-96.31114,43.38226],[-96.30917,43.38227],[-96.30733,43.38228],[-96.30489,43.3823],[-96.30233,43.38232],[-96.29994,43.38233],[-96.29749,43.38235],[-96.29523,43.38236],[-96.29361,43.38237],[-96.29123,43.38238],[-96.28892,43.38239],[-96.28625,43.38239],[-96.28384,43.38239],[-96.28148,43.3824],[-96.27893,43.3824],[-96.27661,43.3824],[-96.27409,43.38241],[-96.27142,43.38243],[-96.26889,43.38244],[-96.26632,43.38246],[-96.26398,43.38247],[-96.26148,43.38247],[-96.2589,43.38249],[-96.25637,43.3825],[-96.25399,43.3825],[-96.25143,43.38251],[-96.24879,43.38252],[-96.24654,43.38252],[-96.24418,43.38252],[-96.2442,43.38458],[-96.24423,43.38639],[-96.24424,43.38815],[-96.24426,43.38965],[-96.24427,43.39152],[-96.24426,43.39347],[-96.24425,43.39513],[-96.24423,43.39676],[-96.24218,43.39676],[-96.23991,43.39678],[-96.23763,43.39678],[-96.23572,43.39678],[-96.23518,43.39695]]}},{"type":"Feature","properties":{"id":"121769","type":"AC; OVERHEAD","status":"IN SERVICE","owner":"OMAHA PUBLIC POWER DISTRICT","voltage":345,"voltClass":"345"},"geometry":{"type":"LineString","coordinates":[[-96.08002,41.27913],[-96.07942,41.2798],[-96.07942,41.28112],[-96.07976,41.28112],[-96.08117,41.28111],[-96.08246,41.2811],[-96.08547,41.28108],[-96.08559,41.28108],[-96.086,41.28108],[-96.08692,41.28107],[-96.08868,41.28105],[-96.09031,41.28286],[-96.09193,41.28466],[-96.09361,41.28644],[-96.0952,41.28811],[-96.09706,41.29014],[-96.09888,41.2921],[-96.10029,41.29365],[-96.10129,41.2955],[-96.10228,41.29737],[-96.10328,41.29924],[-96.10338,41.29944],[-96.10427,41.3011],[-96.10525,41.30296],[-96.1055,41.30487],[-96.10573,41.30677],[-96.10603,41.30908],[-96.10631,41.31141],[-96.10661,41.3137],[-96.10892,41.31539],[-96.111,41.31689],[-96.11297,41.31833],[-96.115,41.31983],[-96.11702,41.32123],[-96.11899,41.32265],[-96.12098,41.32408],[-96.12284,41.32544],[-96.12479,41.32682],[-96.12672,41.32822],[-96.12863,41.32959],[-96.13066,41.33103],[-96.13103,41.33314],[-96.13109,41.33342],[-96.13154,41.33588],[-96.13185,41.33836],[-96.13221,41.34141],[-96.13226,41.34457],[-96.13225,41.34785],[-96.13223,41.35137],[-96.13226,41.35393],[-96.13225,41.35662],[-96.13227,41.3594],[-96.13235,41.36241],[-96.13231,41.36506],[-96.13235,41.36776],[-96.13236,41.37107],[-96.13234,41.37423],[-96.13236,41.37694],[-96.13236,41.37964],[-96.13232,41.38232],[-96.13234,41.38466],[-96.13233,41.38746],[-96.13236,41.39034],[-96.13233,41.39353],[-96.13232,41.39694],[-96.13236,41.39956],[-96.13234,41.40283],[-96.13234,41.40559],[-96.13236,41.4082],[-96.13234,41.41111],[-96.13237,41.41409],[-96.13236,41.41659],[-96.13235,41.4197],[-96.13233,41.42276],[-96.13238,41.42606],[-96.1324,41.4284],[-96.13238,41.43111],[-96.13238,41.43384],[-96.1324,41.43642],[-96.13238,41.43869],[-96.13235,41.44129],[-96.13236,41.44401],[-96.13087,41.44651],[-96.12907,41.44943],[-96.12724,41.45234],[-96.12563,41.45496],[-96.12441,41.45694],[-96.1226,41.45985],[-96.12148,41.46162],[-96.12014,41.46376],[-96.11886,41.46575],[-96.11757,41.46755],[-96.11633,41.46911],[-96.11391,41.47243],[-96.11207,41.47488],[-96.1106,41.47688],[-96.10912,41.47885],[-96.10763,41.48086],[-96.10599,41.48321],[-96.10461,41.48566],[-96.10333,41.48793],[-96.10182,41.49071],[-96.10012,41.49387],[-96.09758,41.49691],[-96.0954,41.49955],[-96.09335,41.50214],[-96.09173,41.50403],[-96.08942,41.50684],[-96.08775,41.50893],[-96.08611,41.51095],[-96.08432,41.51311],[-96.08302,41.51515],[-96.08147,41.51791],[-96.08127,41.51824],[-96.08104,41.51873]]}},{"type":"Feature","properties":{"id":"121900","type":"AC; OVERHEAD","status":"IN SERVICE","owner":"OMAHA PUBLIC POWER DISTRICT","voltage":345,"voltClass":"345"},"geometry":{"type":"LineString","coordinates":[[-95.78069,40.61817],[-95.77957,40.61895],[-95.77821,40.61916],[-95.77588,40.61992],[-95.77608,40.6204]]}},{"type":"Feature","properties":{"id":"121069","type":"AC; OVERHEAD","status":"IN SERVICE","owner":"MIDAMERICAN ENERGY CO","voltage":161,"voltClass":"100-161"},"geometry":{"type":"LineString","coordinates":[[-93.5616,41.75409],[-93.5615,41.75441],[-93.56093,41.75441],[-93.56087,41.75491],[-93.56082,41.75983],[-93.56081,41.76452],[-93.5608,41.77037],[-93.56079,41.77174],[-93.56165,41.77173],[-93.56667,41.77203],[-93.57005,41.77226],[-93.57549,41.77229],[-93.58129,41.77231],[-93.58516,41.77235],[-93.58805,41.77237],[-93.59015,41.77208],[-93.59309,41.77172],[-93.59802,41.77172],[-93.60067,41.77171],[-93.60401,41.77173],[-93.60714,41.7717],[-93.61102,41.77171],[-93.61748,41.77169],[-93.61987,41.7717],[-93.62628,41.77168],[-93.62959,41.77161],[-93.62962,41.77427],[-93.62973,41.77674],[-93.62972,41.77899],[-93.62971,41.78146],[-93.62968,41.78585],[-93.62963,41.78955],[-93.6296,41.79378],[-93.62958,41.79642],[-93.62955,41.80059],[-93.62952,41.80294],[-93.62952,41.80524],[-93.62942,41.81129],[-93.62938,41.814],[-93.62932,41.8167],[-93.62926,41.82139],[-93.62914,41.82397],[-93.63236,41.82393],[-93.6357,41.82397],[-93.64159,41.82399],[-93.64746,41.82405],[-93.65284,41.82409],[-93.65786,41.82415],[-93.66137,41.82417],[-93.66467,41.82419],[-93.67147,41.82422],[-93.67478,41.82424],[-93.68066,41.82422],[-93.68445,41.8242],[-93.68902,41.8242],[-93.69213,41.82417],[-93.69875,41.82416],[-93.70206,41.82414],[-93.70518,41.82413],[-93.70861,41.82412],[-93.71444,41.82411],[-93.71759,41.82412],[-93.71879,41.82631],[-93.71981,41.82835],[-93.72087,41.83039],[-93.72215,41.83291],[-93.72447,41.83731],[-93.72579,41.83987],[-93.72698,41.84216],[-93.72698,41.84571],[-93.73042,41.84567],[-93.73431,41.84565],[-93.73983,41.84565],[-93.74657,41.84571],[-93.74904,41.84573],[-93.75484,41.84579],[-93.75821,41.84573],[-93.76082,41.84565],[-93.76362,41.84555],[-93.76592,41.84545],[-93.77292,41.84565],[-93.77563,41.84573],[-93.77897,41.84573],[-93.78667,41.84576],[-93.78965,41.84579],[-93.79269,41.84583],[-93.79778,41.84582],[-93.79995,41.84582],[-93.80473,41.84579],[-93.80469,41.84397],[-93.80464,41.84158],[-93.80464,41.83905],[-93.80461,41.83685],[-93.80455,41.83224],[-93.80453,41.82987],[-93.80453,41.82941],[-93.80448,41.8277],[-93.80443,41.82577],[-93.80442,41.82407],[-93.81039,41.82412],[-93.81343,41.82423],[-93.81615,41.82431],[-93.82038,41.82436],[-93.82335,41.82443],[-93.82718,41.82448],[-93.83054,41.82457],[-93.83543,41.82582],[-93.83825,41.82656],[-93.84458,41.82346],[-93.85005,41.82431],[-93.85338,41.82429],[-93.85614,41.82427],[-93.85924,41.82426],[-93.86202,41.82424],[-93.86537,41.82423],[-93.86837,41.8242],[-93.87205,41.82422],[-93.87548,41.8242],[-93.87839,41.82421],[-93.8784,41.82345],[-93.87841,41.82192],[-93.87839,41.82147],[-93.87781,41.82148],[-93.8776,41.8213]]}},{"type":"Feature","properties":{"id":"119759","type":"AC; OVERHEAD","status":"IN SERVICE","owner":"MIDAMERICAN ENERGY CO","voltage":115,"voltClass":"100-161"},"geometry":{"type":"LineString","coordinates":[[-92.04721,41.94212],[-92.04488,41.94224],[-92.0356,41.94227],[-92.02928,41.94228],[-92.02484,41.94229],[-92.01749,41.9423],[-92.01212,41.94233],[-92.00942,41.94218],[-92.00779,41.94204],[-92.00611,41.94226],[-92.00406,41.94224],[-92.00138,41.94222],[-91.99532,41.94216],[-91.9934,41.94215],[-91.98584,41.94205],[-91.98337,41.94201],[-91.98059,41.94197],[-91.97764,41.94192],[-91.97463,41.94187],[-91.97148,41.94182],[-91.96708,41.94174],[-91.96477,41.94169],[-91.95915,41.94159],[-91.95699,41.94155],[-91.95212,41.94147],[-91.94933,41.94143],[-91.94479,41.94147],[-91.94219,41.94149],[-91.93778,41.94153],[-91.93478,41.94155],[-91.93178,41.94158],[-91.92991,41.94159],[-91.9273,41.94161],[-91.9242,41.94162],[-91.92137,41.94163],[-91.9188,41.94162],[-91.91596,41.94162],[-91.9131,41.94162],[-91.91086,41.94162],[-91.90572,41.94161],[-91.9033,41.94161],[-91.90095,41.94161],[-91.89614,41.94161],[-91.89382,41.94161],[-91.89124,41.9416],[-91.8869,41.94158],[-91.88171,41.94155],[-91.87905,41.94153],[-91.87372,41.9415],[-91.8678,41.94146],[-91.86496,41.94148],[-91.85675,41.94155],[-91.85102,41.94159],[-91.84624,41.94172],[-91.84079,41.9418],[-91.83792,41.94185],[-91.83524,41.9419],[-91.82995,41.94192],[-91.82953,41.94191],[-91.82387,41.94191],[-91.81859,41.94189],[-91.81655,41.9419],[-91.8137,41.9419],[-91.81102,41.9419],[-91.80895,41.94193],[-91.80632,41.94196],[-91.80141,41.94199],[-91.79865,41.94208],[-91.79677,41.9421],[-91.79426,41.94213],[-91.78834,41.94206],[-91.78334,41.94209],[-91.77779,41.9421],[-91.77495,41.9421],[-91.77235,41.94208],[-91.76985,41.94205],[-91.76752,41.94202],[-91.7651,41.942],[-91.7621,41.94197],[-91.75952,41.94193],[-91.75401,41.94193],[-91.75282,41.94195],[-91.75273,41.94534],[-91.74838,41.94544],[-91.7465,41.94544],[-91.74487,41.94545],[-91.74268,41.9441],[-91.74118,41.94473],[-91.73964,41.94541],[-91.73833,41.94597],[-91.73698,41.94656],[-91.73577,41.94707],[-91.73565,41.94712],[-91.73301,41.94494],[-91.73121,41.94347],[-91.7274,41.94222],[-91.72651,41.94193],[-91.72528,41.94194],[-91.72207,41.94197],[-91.72096,41.94198],[-91.72084,41.94197],[-91.71807,41.94049],[-91.71646,41.9401],[-91.71424,41.94013],[-91.70759,41.94011],[-91.7032,41.94008],[-91.7008,41.94007],[-91.70011,41.94006],[-91.69919,41.94027],[-91.69757,41.9406],[-91.69406,41.94132],[-91.69136,41.94189],[-91.68745,41.94182],[-91.67877,41.94168],[-91.67586,41.94163],[-91.6758,41.93994],[-91.67577,41.93948],[-91.67379,41.93978],[-91.6699,41.94036],[-91.66551,41.94102],[-91.66116,41.9417],[-91.65671,41.94238],[-91.65238,41.94304],[-91.64855,41.94362],[-91.6442,41.94429],[-91.64001,41.94493],[-91.63982,41.94496],[-91.63969,41.94497],[-91.63895,41.94474]]}},{"type":"Feature","properties":{"id":"120017","type":"AC; OVERHEAD","status":"IN SERVICE","owner":null,"voltage":161,"voltClass":"100-161"},"geometry":{"type":"LineString","coordinates":[[-91.5792,42.55599],[-91.57944,42.55561],[-91.57943,42.55525],[-91.57922,42.553],[-91.57334,42.55296],[-91.55315,42.55297],[-91.54379,42.55299],[-91.53,42.55305],[-91.52416,42.55288],[-91.51544,42.55269],[-91.51027,42.5531],[-91.50205,42.55376],[-91.49787,42.55346],[-91.49052,42.55305],[-91.4881,42.55309],[-91.47788,42.55314],[-91.46574,42.55328],[-91.45775,42.55335],[-91.44852,42.55343],[-91.43652,42.55356],[-91.42686,42.55318],[-91.4165,42.55276],[-91.41365,42.55269],[-91.40596,42.55338],[-91.40487,42.55375],[-91.40052,42.55366],[-91.39526,42.55371],[-91.38852,42.55],[-91.38303,42.55006],[-91.37449,42.55011],[-91.35863,42.55019],[-91.35617,42.55019],[-91.34421,42.55019],[-91.33861,42.55024],[-91.33534,42.55032],[-91.32442,42.55051],[-91.31573,42.55059],[-91.30649,42.55062],[-91.29839,42.55059],[-91.29284,42.55056],[-91.28281,42.55081],[-91.28068,42.55086],[-91.26964,42.55103],[-91.26087,42.55104],[-91.25295,42.55099],[-91.24534,42.55114],[-91.23587,42.55127],[-91.22641,42.55128],[-91.21766,42.55127],[-91.21171,42.54734],[-91.20192,42.54747],[-91.19408,42.54766],[-91.18116,42.54773],[-91.16886,42.54775],[-91.16234,42.54779],[-91.15667,42.54585],[-91.15371,42.54481],[-91.14645,42.54486],[-91.13524,42.54488],[-91.12651,42.54499],[-91.11752,42.54512],[-91.11432,42.54395],[-91.10707,42.54402],[-91.09703,42.54412],[-91.09511,42.54413],[-91.09482,42.54384]]}},{"type":"Feature","properties":{"id":"121199","type":"OVERHEAD","status":null,"owner":"MIDAMERICAN ENERGY CO","voltage":161,"voltClass":"100-161"},"geometry":{"type":"LineString","coordinates":[[-93.52393,41.55639],[-93.52381,41.55373]]}},{"type":"Feature","properties":{"id":"120500","type":"AC; OVERHEAD","status":"IN SERVICE","owner":"MIDAMERICAN ENERGY CO","voltage":161,"voltClass":"100-161"},"geometry":{"type":"LineString","coordinates":[[-90.45001,41.54124],[-90.44894,41.54103]]}},{"type":"Feature","properties":{"id":"120538","type":"AC; OVERHEAD","status":"IN SERVICE","owner":null,"voltage":161,"voltClass":"100-161"},"geometry":{"type":"LineString","coordinates":[[-96.36546,42.32936],[-96.36742,42.32872],[-96.3682,42.3286],[-96.36888,42.32667],[-96.36938,42.32518],[-96.36882,42.32085],[-96.36859,42.31645],[-96.36715,42.31297],[-96.36646,42.31097],[-96.36945,42.30915],[-96.37084,42.30823],[-96.37543,42.30533],[-96.4321,42.2711],[-96.4293,42.2561],[-96.42833,42.25055],[-96.42805,42.24905],[-96.4258,42.24187],[-96.42039,42.2249],[-96.42037,42.22483],[-96.4184,42.21808],[-96.40683,42.18532],[-96.40638,42.18404],[-96.40581,42.18231],[-96.40471,42.17875],[-96.39948,42.16726],[-96.39506,42.15706],[-96.39096,42.14636],[-96.38687,42.13554],[-96.38355,42.12488],[-96.38069,42.11575],[-96.37825,42.10782],[-96.37229,42.0892],[-96.37222,42.08892],[-96.37012,42.08231],[-96.36644,42.07029],[-96.36622,42.06957],[-96.36283,42.05658],[-96.36004,42.04388],[-96.35846,42.04051],[-96.35582,42.03115],[-96.35491,42.02774],[-96.35192,42.01671],[-96.35012,42.01003],[-96.34674,42.00225],[-96.34568,41.9995],[-96.33731,41.98054],[-96.33621,41.97791],[-96.32918,41.95351],[-96.32673,41.94482],[-96.32475,41.93779],[-96.32468,41.93756],[-96.32262,41.93062],[-96.3221,41.91972],[-96.32111,41.9032],[-96.32096,41.90143],[-96.32029,41.89407],[-96.3201,41.89194],[-96.31979,41.88692],[-96.31905,41.87499],[-96.31889,41.87238],[-96.31878,41.87063],[-96.31867,41.86883],[-96.31773,41.86789],[-96.31242,41.86261],[-96.29658,41.84687],[-96.28955,41.83625],[-96.28779,41.83422],[-96.28829,41.83394]]}},{"type":"Feature","properties":{"id":"120577","type":"AC; OVERHEAD","status":"IN SERVICE","owner":null,"voltage":161,"voltClass":"100-161"},"geometry":{"type":"LineString","coordinates":[[-93.60591,43.07466],[-93.60537,43.07488],[-93.60019,43.07486],[-93.59675,43.07484],[-93.59179,43.07486],[-93.58683,43.07486],[-93.58187,43.07486],[-93.57683,43.07487],[-93.57189,43.07487],[-93.567,43.07487],[-93.56208,43.07488],[-93.55685,43.07486],[-93.55203,43.07484],[-93.54709,43.07484],[-93.542,43.07484],[-93.53719,43.07484],[-93.5325,43.07484],[-93.52764,43.07484],[-93.52262,43.07483],[-93.51741,43.07483],[-93.51267,43.07483],[-93.50769,43.07482],[-93.50256,43.07485],[-93.49807,43.07487],[-93.49242,43.0749],[-93.48753,43.07488],[-93.48239,43.07487],[-93.47733,43.07485],[-93.47243,43.07483],[-93.46762,43.07481],[-93.46261,43.0748],[-93.45806,43.07475],[-93.45317,43.07474],[-93.44798,43.07472],[-93.44304,43.07473],[-93.43837,43.07473],[-93.43761,43.07473],[-93.43744,43.07473]]}},{"type":"Feature","properties":{"id":"120664","type":"AC; OVERHEAD","status":"IN SERVICE","owner":"OMAHA PUBLIC POWER DISTRICT","voltage":161,"voltClass":"100-161"},"geometry":{"type":"LineString","coordinates":[[-96.10605,41.2479],[-96.10572,41.24928],[-96.10711,41.25137],[-96.10831,41.25313],[-96.11007,41.25576],[-96.11007,41.25725],[-96.11004,41.26096],[-96.11008,41.26279],[-96.10995,41.26736],[-96.10218,41.27365],[-96.09612,41.27857],[-96.09307,41.27859],[-96.0908,41.27861],[-96.08685,41.27863],[-96.08362,41.27865],[-96.08078,41.27867],[-96.08002,41.27913]]}},{"type":"Feature","properties":{"id":"120767","type":"AC; OVERHEAD","status":"IN SERVICE","owner":null,"voltage":161,"voltClass":"100-161"},"geometry":{"type":"LineString","coordinates":[[-93.29105,42.55825],[-93.29097,42.55883],[-93.29091,42.55959],[-93.28862,42.56031],[-93.2876,42.56153],[-93.28603,42.56337],[-93.2847,42.56493],[-93.28348,42.56497],[-93.28163,42.56507],[-93.27814,42.5648],[-93.27509,42.56461],[-93.272,42.5644],[-93.26944,42.56439],[-93.26706,42.56437],[-93.26445,42.56435],[-93.26192,42.56433],[-93.25963,42.56431],[-93.25733,42.56429],[-93.25484,42.56427],[-93.2523,42.56425],[-93.24986,42.56423],[-93.24758,42.56421],[-93.24484,42.56418],[-93.24344,42.56418],[-93.24307,42.56418],[-93.24068,42.56418],[-93.23825,42.56418],[-93.23583,42.56418],[-93.23339,42.56419],[-93.23092,42.56417],[-93.22845,42.56418],[-93.22611,42.56419],[-93.2237,42.5642],[-93.22099,42.56422],[-93.21866,42.56423],[-93.21604,42.56424],[-93.21374,42.56425],[-93.2137,42.56425],[-93.21106,42.56428],[-93.20851,42.5643],[-93.2062,42.56432],[-93.20387,42.56434],[-93.20122,42.56436],[-93.1987,42.56438],[-93.19605,42.56437],[-93.19338,42.56436],[-93.19072,42.56434],[-93.18811,42.56433],[-93.18553,42.56432],[-93.18277,42.56431],[-93.18012,42.56429],[-93.17738,42.56428],[-93.17501,42.56425],[-93.17259,42.56422],[-93.16978,42.56419],[-93.16726,42.56416],[-93.16465,42.56396],[-93.16206,42.56394],[-93.15951,42.56392],[-93.15695,42.56389],[-93.15445,42.56387],[-93.152,42.56384],[-93.1495,42.56382],[-93.1469,42.56389],[-93.14422,42.56394],[-93.1415,42.56392],[-93.13921,42.56389],[-93.13699,42.56387],[-93.13502,42.56385],[-93.13244,42.56383],[-93.12987,42.5638],[-93.12727,42.56378],[-93.12503,42.56377],[-93.12234,42.5638],[-93.11986,42.56383],[-93.11727,42.56386],[-93.11459,42.56388],[-93.11203,42.56391],[-93.11025,42.56392],[-93.10795,42.56394],[-93.10512,42.56396],[-93.10271,42.56396],[-93.10024,42.56395],[-93.09783,42.56395],[-93.09539,42.56395],[-93.0924,42.56395],[-93.08968,42.56394],[-93.08683,42.56394],[-93.08396,42.56393],[-93.08136,42.56393],[-93.07912,42.56392],[-93.07642,42.56391],[-93.07373,42.56391],[-93.07095,42.5639],[-93.06835,42.56396],[-93.06577,42.56414],[-93.06313,42.56413],[-93.06019,42.56411],[-93.0583,42.56411],[-93.056,42.56411],[-93.05306,42.56411],[-93.05025,42.56411],[-93.04741,42.56411],[-93.04483,42.56411],[-93.04233,42.56411],[-93.03952,42.56411],[-93.03665,42.56413],[-93.03421,42.56414],[-93.03181,42.56416],[-93.02927,42.56418],[-93.02676,42.56417],[-93.02512,42.56413],[-93.02326,42.56407],[-93.02049,42.56405],[-93.0184,42.56403],[-93.01637,42.56402],[-93.0143,42.56401],[-93.01232,42.56401],[-93.01012,42.56399],[-93.00811,42.56393],[-93.00609,42.56388],[-93.00372,42.56389],[-93.0013,42.56389],[-92.99895,42.56383],[-92.99642,42.56416],[-92.99346,42.56385],[-92.98922,42.56383],[-92.97918,42.56378],[-92.96927,42.56363],[-92.9599,42.56362],[-92.94979,42.56374],[-92.93993,42.56369],[-92.93021,42.56356],[-92.92123,42.56353],[-92.91264,42.56349],[-92.90199,42.56336],[-92.89195,42.56337],[-92.87689,42.56332],[-92.86355,42.56331],[-92.8527,42.56328],[-92.84245,42.56325],[-92.83241,42.56321],[-92.8227,42.56321],[-92.81487,42.56321],[-92.7986,42.56318],[-92.78971,42.56315],[-92.78347,42.56315],[-92.78244,42.56314],[-92.78243,42.56331],[-92.78193,42.56357]]}},{"type":"Feature","properties":{"id":"119060","type":"AC; OVERHEAD","status":"IN SERVICE","owner":"MIDAMERICAN ENERGY CO","voltage":115,"voltClass":"100-161"},"geometry":{"type":"LineString","coordinates":[[-91.56058,42.12514],[-91.56057,42.12467],[-91.56009,42.12466],[-91.56025,42.12328],[-91.56019,42.12109],[-91.56003,42.11549],[-91.55993,42.11226],[-91.56208,42.10924],[-91.56212,42.10412],[-91.56214,42.10053],[-91.56214,42.09739],[-91.55995,42.09057],[-91.55981,42.09014],[-91.55977,42.0849],[-91.55975,42.08133],[-91.55975,42.07932],[-91.55974,42.07755],[-91.55967,42.07538],[-91.55953,42.07191],[-91.5596,42.06959],[-91.55987,42.06753],[-91.55984,42.06375],[-91.5598,42.0591],[-91.55987,42.05818],[-91.55985,42.05319],[-91.55986,42.05239],[-91.55993,42.04756],[-91.55994,42.04339],[-91.5599,42.03787],[-91.55995,42.03695],[-91.55957,42.03679],[-91.55952,42.03661]]}},{"type":"Feature","properties":{"id":"119075","type":"AC; OVERHEAD","status":"IN SERVICE","owner":"MIDAMERICAN ENERGY CO","voltage":115,"voltClass":"100-161"},"geometry":{"type":"LineString","coordinates":[[-91.55709,41.95824],[-91.55749,41.95839],[-91.55721,41.95927],[-91.55649,41.96044],[-91.55536,41.96286],[-91.55469,41.96424],[-91.55429,41.96513],[-91.55652,41.96509],[-91.55925,41.96505],[-91.56176,41.965],[-91.56584,41.96493],[-91.56953,41.96508],[-91.57213,41.96519],[-91.57472,41.9653],[-91.5795,41.96548],[-91.58305,41.96563],[-91.58562,41.96402],[-91.5887,41.96208],[-91.59137,41.96036],[-91.59387,41.95877],[-91.59662,41.95696],[-91.59966,41.95507],[-91.6026,41.95322],[-91.60581,41.95117],[-91.60881,41.94928],[-91.61247,41.94872],[-91.61577,41.94824],[-91.61936,41.9477],[-91.62341,41.9471],[-91.62685,41.9466],[-91.62988,41.94615],[-91.63269,41.94571],[-91.63688,41.94528],[-91.63881,41.94508],[-91.6388,41.94491],[-91.63895,41.94474]]}},{"type":"Feature","properties":{"id":"161926","type":"AC; OVERHEAD","status":"IN SERVICE","owner":null,"voltage":161,"voltClass":"100-161"},"geometry":{"type":"LineString","coordinates":[[-92.87115,42.04274],[-92.87142,42.04342],[-92.86539,42.04336],[-92.86337,42.04341],[-92.86256,42.04378],[-92.86206,42.04378],[-92.86168,42.04579]]}},{"type":"Feature","properties":{"id":"159947","type":"AC; OVERHEAD","status":"IN SERVICE","owner":null,"voltage":161,"voltClass":"100-161"},"geometry":{"type":"LineString","coordinates":[[-91.08868,41.38782],[-91.08901,41.38874],[-91.08934,41.38964],[-91.08966,41.39054],[-91.08997,41.39142],[-91.08994,41.39249],[-91.0899,41.39354],[-91.08984,41.39459],[-91.08979,41.39564],[-91.08981,41.39595],[-91.08977,41.39667],[-91.08975,41.39772],[-91.08969,41.39885],[-91.08967,41.39984],[-91.08965,41.40087],[-91.08961,41.40192],[-91.0896,41.40293],[-91.08955,41.40409],[-91.08952,41.4049],[-91.08949,41.40599],[-91.08948,41.40702],[-91.08944,41.40811],[-91.08944,41.40925],[-91.08941,41.41032],[-91.08935,41.41136],[-91.08934,41.41242],[-91.08937,41.4128],[-91.08936,41.41355],[-91.08931,41.41459],[-91.08928,41.4157],[-91.09062,41.41823],[-91.09009,41.42022],[-91.08986,41.42143],[-91.08959,41.42261],[-91.08935,41.42364],[-91.08906,41.42473],[-91.08907,41.42565],[-91.08906,41.42682],[-91.08909,41.4287],[-91.08906,41.42942],[-91.08903,41.42975],[-91.08951,41.43072],[-91.09043,41.43167],[-91.09143,41.43272],[-91.09219,41.43351],[-91.09227,41.43477],[-91.09234,41.43574],[-91.09234,41.43588],[-91.09237,41.43643],[-91.09236,41.43761],[-91.09236,41.43881],[-91.09231,41.43989],[-91.09229,41.44101],[-91.09227,41.44218],[-91.09225,41.44328],[-91.09225,41.44433],[-91.09221,41.44581],[-91.09219,41.44682],[-91.09387,41.44684],[-91.09515,41.44683],[-91.09642,41.44686],[-91.0977,41.44686],[-91.09902,41.44688],[-91.09901,41.44781],[-91.099,41.44866],[-91.09901,41.44942],[-91.09952,41.44968]]}},{"type":"Feature","properties":{"id":"161927","type":"AC; OVERHEAD","status":"IN SERVICE","owner":null,"voltage":161,"voltClass":"100-161"},"geometry":{"type":"LineString","coordinates":[[-92.86168,42.04579],[-92.86214,42.04421],[-92.86257,42.0442],[-92.86334,42.04368],[-92.86977,42.04375],[-92.87181,42.04374],[-92.8716,42.04259]]}},{"type":"Feature","properties":{"id":"161928","type":"AC; OVERHEAD","status":"IN SERVICE","owner":null,"voltage":161,"voltClass":"100-161"},"geometry":{"type":"LineString","coordinates":[[-92.86168,42.04579],[-92.86218,42.04442],[-92.86258,42.0444],[-92.86335,42.04401],[-92.87222,42.04405],[-92.87205,42.04314],[-92.87201,42.04242]]}},{"type":"Feature","properties":{"id":"161925","type":"OVERHEAD","status":"IN SERVICE","owner":null,"voltage":161,"voltClass":"100-161"},"geometry":{"type":"LineString","coordinates":[[-92.87142,42.04178],[-92.8716,42.04259]]}},{"type":"Feature","properties":{"id":"161923","type":"AC; OVERHEAD","status":"IN SERVICE","owner":"MIDAMERICAN ENERGY CO","voltage":161,"voltClass":"100-161"},"geometry":{"type":"LineString","coordinates":[[-93.71466,41.66817],[-93.71511,41.66802],[-93.71581,41.66766],[-93.71676,41.66332],[-93.71566,41.66175],[-93.71569,41.66135],[-93.72193,41.66138],[-93.72603,41.6614],[-93.72923,41.66141],[-93.73666,41.66147],[-93.73967,41.66143],[-93.74315,41.66144],[-93.74753,41.66149],[-93.74892,41.6615],[-93.75466,41.6615],[-93.75474,41.66127]]}},{"type":"Feature","properties":{"id":"119252","type":"AC; OVERHEAD","status":"IN SERVICE","owner":null,"voltage":138,"voltClass":"100-161"},"geometry":{"type":"LineString","coordinates":[[-90.3985,40.93421],[-90.39868,40.93366],[-90.39878,40.92629],[-90.3982,40.92329],[-90.39825,40.9216],[-90.39861,40.90361],[-90.38314,40.90362],[-90.33209,40.90337],[-90.33225,40.88889],[-90.33305,40.84204],[-90.33274,40.83764],[-90.33234,40.83394],[-90.33203,40.83106],[-90.32915,40.82765],[-90.32836,40.8267],[-90.32819,40.82651],[-90.31914,40.81576],[-90.31648,40.81262],[-90.31088,40.80579],[-90.31,40.80472],[-90.30712,40.80121],[-90.30436,40.79784],[-90.30272,40.79585],[-90.30072,40.79341],[-90.2955,40.78704],[-90.28607,40.77556],[-90.28576,40.77519],[-90.28349,40.77241],[-90.28202,40.77063],[-90.28036,40.7686],[-90.26965,40.75555],[-90.26535,40.75042],[-90.26058,40.74473],[-90.25499,40.73807],[-90.25132,40.73369],[-90.25012,40.73226],[-90.24506,40.72621],[-90.24383,40.72475],[-90.24391,40.72112],[-90.24399,40.71732],[-90.24402,40.71614],[-90.24407,40.7137],[-90.2441,40.71238],[-90.24416,40.70985],[-90.24436,40.70605],[-90.24472,40.69882],[-90.2448,40.6974],[-90.24497,40.69551],[-90.24537,40.69137],[-90.24571,40.68779],[-90.24588,40.68597],[-90.2459,40.67564],[-90.24592,40.66949],[-90.24592,40.66932],[-90.24361,40.66655],[-90.24356,40.66208],[-90.24346,40.65177],[-90.24335,40.63937],[-90.24327,40.63234],[-90.24313,40.62579],[-90.24295,40.61724],[-90.24295,40.6112],[-90.24295,40.60363],[-90.24347,40.60137],[-90.24457,40.59671],[-90.2447,40.59613],[-90.24486,40.58582],[-90.24494,40.5812],[-90.24508,40.57143],[-90.24514,40.5677],[-90.24524,40.56054],[-90.24536,40.55339],[-90.24495,40.54992],[-90.24441,40.54543],[-90.24423,40.54392],[-90.24365,40.53885],[-90.24349,40.53144],[-90.24377,40.52864],[-90.24379,40.5208],[-90.24377,40.51393]]}},{"type":"Feature","properties":{"id":"119394","type":"AC; OVERHEAD","status":"IN SERVICE","owner":"MIDAMERICAN ENERGY CO","voltage":161,"voltClass":"100-161"},"geometry":{"type":"LineString","coordinates":[[-90.52765,41.68115],[-90.5273,41.68172],[-90.52561,41.68173],[-90.52564,41.68069],[-90.52344,41.68055],[-90.52124,41.68056],[-90.51977,41.68057],[-90.51805,41.68057],[-90.51631,41.68058],[-90.51412,41.68062],[-90.51194,41.68072],[-90.51016,41.68069],[-90.51018,41.67931],[-90.5102,41.67793],[-90.51021,41.67644],[-90.51023,41.67493],[-90.51023,41.67342],[-90.51023,41.67193],[-90.51023,41.67041],[-90.51025,41.66899],[-90.51024,41.66755],[-90.51026,41.66624],[-90.51024,41.66465],[-90.51025,41.66309],[-90.51027,41.66157],[-90.51028,41.66001],[-90.51026,41.65847],[-90.51027,41.65692],[-90.51027,41.65536],[-90.51027,41.6538],[-90.51026,41.65232],[-90.51027,41.65078],[-90.51028,41.64928],[-90.51028,41.64776],[-90.51028,41.64623],[-90.51029,41.64471],[-90.51029,41.64319],[-90.5103,41.64167],[-90.5103,41.64019],[-90.5103,41.63868],[-90.51029,41.63718],[-90.51028,41.63575],[-90.51028,41.6344],[-90.51029,41.63325],[-90.50803,41.63326],[-90.50319,41.63329],[-90.49607,41.63332],[-90.49628,41.63252],[-90.49652,41.63169],[-90.49676,41.63091],[-90.497,41.63013],[-90.4972,41.62931],[-90.49745,41.62852],[-90.49766,41.62784],[-90.49783,41.62719],[-90.49804,41.62652],[-90.49826,41.62571],[-90.49888,41.62477],[-90.49912,41.624],[-90.49933,41.62317],[-90.49955,41.62244],[-90.49975,41.62171],[-90.49994,41.621],[-90.50015,41.62037],[-90.50038,41.61947],[-90.50061,41.61866],[-90.50083,41.61792],[-90.50105,41.61712],[-90.50128,41.61631],[-90.50152,41.61551],[-90.50171,41.61487],[-90.50188,41.61424],[-90.50206,41.61349],[-90.50231,41.6127],[-90.50255,41.6119],[-90.50277,41.6111],[-90.50296,41.61045],[-90.50316,41.60979],[-90.50336,41.60912],[-90.50357,41.60846],[-90.50379,41.60771],[-90.50455,41.60515],[-90.50502,41.60356],[-90.50567,41.60149],[-90.5061,41.59995],[-90.50663,41.59846],[-90.50683,41.59755],[-90.50707,41.59676],[-90.50732,41.59601],[-90.50781,41.59435],[-90.50805,41.59356],[-90.5083,41.59274],[-90.50855,41.59197],[-90.50878,41.59121],[-90.50901,41.59057],[-90.50929,41.58993],[-90.50963,41.58927],[-90.51047,41.58937]]}},{"type":"Feature","properties":{"id":"119395","type":"AC; OVERHEAD","status":"IN SERVICE","owner":null,"voltage":115,"voltClass":"100-161"},"geometry":{"type":"LineString","coordinates":[[-92.04721,41.94212],[-92.04749,41.94224],[-92.04758,41.94225],[-92.05418,41.94215],[-92.06285,41.94207],[-92.07545,41.94229],[-92.08259,41.94216],[-92.08491,41.94294],[-92.08666,41.94273],[-92.09177,41.94261],[-92.09703,41.94249],[-92.10149,41.94256],[-92.10605,41.94235],[-92.11894,41.94233],[-92.12938,41.94235],[-92.13801,41.94234],[-92.14899,41.9423],[-92.15255,41.94243],[-92.15529,41.94242],[-92.16042,41.9424],[-92.16227,41.94239],[-92.17274,41.94224],[-92.17916,41.94226],[-92.18204,41.9422],[-92.19158,41.94242],[-92.19852,41.94259],[-92.20137,41.94266],[-92.21722,41.94248],[-92.22617,41.94244],[-92.22909,41.94247],[-92.23815,41.94244],[-92.24564,41.94249],[-92.25444,41.94258],[-92.26234,41.94272],[-92.27407,41.94292],[-92.27919,41.943],[-92.28714,41.9428],[-92.29479,41.94259],[-92.29737,41.94241],[-92.3086,41.94228],[-92.31518,41.94217],[-92.34251,41.94184],[-92.35118,41.94184],[-92.35701,41.94185],[-92.37428,41.94191],[-92.39073,41.94195],[-92.40059,41.94205],[-92.41225,41.94226],[-92.4186,41.94237],[-92.42424,41.94248],[-92.42952,41.94259],[-92.43578,41.9427],[-92.44489,41.94275],[-92.45139,41.9428],[-92.45467,41.94284],[-92.4637,41.94278],[-92.46926,41.94273],[-92.48348,41.94265],[-92.49926,41.9426],[-92.5085,41.94261],[-92.51153,41.9426],[-92.51751,41.94249],[-92.52066,41.94241],[-92.52302,41.94052],[-92.52532,41.93858],[-92.53132,41.93859],[-92.53963,41.93849],[-92.54922,41.93837],[-92.55576,41.93833],[-92.55909,41.93833],[-92.56625,41.93838],[-92.5737,41.93828],[-92.57616,41.93823],[-92.57885,41.93825],[-92.5812,41.93826],[-92.58605,41.93821],[-92.59218,41.93809],[-92.59535,41.93803],[-92.6056,41.93803],[-92.61492,41.93795],[-92.6196,41.93786],[-92.6288,41.93462],[-92.63971,41.93475],[-92.64379,41.93484],[-92.64692,41.93488],[-92.65133,41.93494],[-92.66214,41.93522],[-92.67107,41.93538],[-92.67703,41.93554],[-92.68449,41.93573],[-92.68864,41.93577],[-92.6976,41.93565],[-92.69882,41.93565],[-92.69866,41.9375],[-92.69851,41.9399],[-92.69786,41.94919],[-92.6982,41.95517],[-92.69833,41.9562],[-92.69832,41.95668],[-92.70811,41.95657],[-92.71154,41.95655],[-92.72374,41.9566],[-92.72751,41.95657],[-92.73012,41.95654],[-92.73695,41.95649],[-92.73727,41.96372],[-92.73735,41.96539],[-92.73741,41.96671],[-92.73732,41.97011],[-92.73736,41.97138],[-92.74514,41.97138],[-92.7474,41.97137],[-92.74971,41.97131],[-92.7524,41.97124],[-92.7556,41.97113],[-92.75805,41.97105],[-92.76097,41.97095],[-92.76329,41.9709],[-92.76596,41.97083],[-92.76843,41.97083],[-92.77086,41.97082],[-92.77322,41.97082],[-92.77577,41.97079],[-92.77875,41.97079],[-92.78104,41.9708],[-92.78338,41.97081],[-92.78647,41.97082],[-92.78918,41.97083],[-92.79181,41.97084],[-92.79485,41.97085],[-92.79841,41.97086],[-92.80192,41.97087],[-92.80428,41.97087],[-92.80713,41.97089],[-92.8099,41.97091],[-92.81308,41.97092],[-92.81604,41.97094],[-92.81882,41.97096],[-92.82143,41.97097],[-92.8243,41.97099],[-92.82768,41.97099],[-92.83124,41.97106],[-92.83382,41.9711],[-92.83688,41.9711],[-92.83993,41.97114],[-92.84247,41.97122],[-92.84348,41.97258],[-92.84345,41.97444],[-92.84343,41.97635],[-92.84339,41.97833],[-92.84335,41.98093],[-92.84328,41.98328],[-92.84321,41.98547],[-92.84324,41.98734],[-92.84322,41.98912],[-92.84317,41.99127],[-92.84309,41.99308],[-92.84311,41.99467],[-92.84312,41.99652],[-92.84312,41.99832],[-92.84304,42.00079],[-92.84291,42.00321],[-92.84278,42.00544],[-92.84276,42.0064],[-92.84291,42.00737],[-92.84331,42.0098],[-92.84341,42.01162],[-92.84339,42.01356],[-92.84337,42.01559],[-92.84337,42.01786],[-92.84337,42.01973],[-92.8434,42.02157],[-92.84342,42.02377],[-92.84345,42.02615],[-92.84347,42.02768],[-92.84349,42.02979],[-92.84352,42.03208],[-92.84355,42.03435],[-92.84362,42.03639],[-92.84369,42.03839],[-92.84377,42.04043],[-92.84385,42.0425],[-92.84388,42.04411],[-92.84616,42.04409],[-92.84873,42.04407],[-92.85114,42.04405],[-92.85393,42.04402],[-92.85686,42.04401],[-92.85918,42.04398],[-92.85917,42.04463],[-92.85917,42.04549],[-92.86067,42.04548],[-92.86118,42.04548],[-92.86168,42.04579]]}},{"type":"Feature","properties":{"id":"119440","type":"AC; OVERHEAD","status":"IN SERVICE","owner":"MIDAMERICAN ENERGY CO","voltage":161,"voltClass":"100-161"},"geometry":{"type":"LineString","coordinates":[[-92.55474,41.09284],[-92.55355,41.09342],[-92.55242,41.0936],[-92.55002,41.094],[-92.54918,41.09386],[-92.54767,41.0936],[-92.54508,41.09314],[-92.54244,41.09267],[-92.53993,41.09228],[-92.53755,41.09161],[-92.53531,41.091],[-92.53257,41.09024],[-92.53001,41.08956],[-92.52789,41.08958],[-92.5245,41.08967],[-92.52268,41.08969],[-92.51984,41.08975],[-92.51712,41.08976],[-92.51507,41.08977],[-92.51303,41.08981],[-92.51067,41.08986],[-92.50808,41.08993],[-92.50551,41.08994],[-92.50308,41.08994],[-92.50098,41.08993],[-92.49879,41.08997],[-92.49518,41.09003],[-92.49289,41.09005],[-92.48965,41.09011],[-92.48634,41.09016],[-92.48429,41.09013],[-92.48147,41.09008],[-92.47916,41.09006],[-92.47676,41.09002],[-92.47368,41.08998],[-92.47124,41.08994],[-92.46818,41.08989],[-92.46465,41.08992],[-92.46221,41.08996],[-92.45996,41.08965],[-92.45775,41.08964],[-92.45554,41.08965],[-92.45295,41.08965],[-92.45046,41.08971],[-92.44816,41.08976],[-92.44568,41.08982],[-92.44329,41.08988],[-92.44095,41.08993],[-92.4388,41.09],[-92.43607,41.09001],[-92.4337,41.09003],[-92.43153,41.08982],[-92.42871,41.08953],[-92.42657,41.08954],[-92.42443,41.08955],[-92.42179,41.08956],[-92.41979,41.09042],[-92.41787,41.09129],[-92.41647,41.09192],[-92.41471,41.09187],[-92.41294,41.09195],[-92.41111,41.09204],[-92.40966,41.09201],[-92.40768,41.09153],[-92.40533,41.09103],[-92.40304,41.09061],[-92.40091,41.09041],[-92.39877,41.09023],[-92.39668,41.09024],[-92.39407,41.09024],[-92.39178,41.09025],[-92.38945,41.09026],[-92.38709,41.09025],[-92.38432,41.09028],[-92.3817,41.09028],[-92.37945,41.09028],[-92.37707,41.09028],[-92.375,41.09028],[-92.37241,41.09029],[-92.36967,41.0903],[-92.36749,41.0903],[-92.36527,41.09032],[-92.36302,41.09032],[-92.36073,41.09031],[-92.3581,41.09032],[-92.35804,41.08848],[-92.35798,41.08657],[-92.35791,41.08477],[-92.35792,41.08294],[-92.35791,41.08075],[-92.3579,41.07885],[-92.35784,41.07686],[-92.35782,41.07495],[-92.3579,41.07288],[-92.35789,41.07109],[-92.3579,41.06877],[-92.35792,41.06742],[-92.35791,41.06548],[-92.35793,41.0633],[-92.35797,41.06116],[-92.35798,41.05904],[-92.35797,41.05709],[-92.35798,41.05511],[-92.35799,41.05289],[-92.35801,41.05048],[-92.35799,41.04868],[-92.35797,41.04677],[-92.35796,41.04407],[-92.35796,41.04156],[-92.35787,41.03977],[-92.35779,41.03814],[-92.35781,41.03658],[-92.35771,41.03503],[-92.35751,41.03271],[-92.35745,41.03044],[-92.35737,41.02837],[-92.35733,41.02623],[-92.35724,41.02409],[-92.35724,41.02215],[-92.35725,41.02026],[-92.35875,41.01849],[-92.36012,41.017],[-92.36162,41.01541],[-92.36307,41.01386],[-92.36458,41.01223],[-92.36603,41.0107],[-92.36731,41.00935],[-92.36905,41.00749],[-92.37035,41.00605],[-92.37119,41.00518],[-92.37208,41.00426],[-92.37233,41.00426],[-92.37294,41.00434]]}},{"type":"Feature","properties":{"id":"119504","type":"AC; OVERHEAD","status":"IN SERVICE","owner":"MIDAMERICAN ENERGY CO","voltage":161,"voltClass":"100-161"},"geometry":{"type":"LineString","coordinates":[[-96.36546,42.32936],[-96.36751,42.32885],[-96.36827,42.32878],[-96.36833,42.32876],[-96.37166,42.32762],[-96.37491,42.32653],[-96.37633,42.32594],[-96.37761,42.32542],[-96.37812,42.32508]]}},{"type":"Feature","properties":{"id":"122711","type":"OVERHEAD","status":null,"owner":null,"voltage":161,"voltClass":"100-161"},"geometry":{"type":"LineString","coordinates":[[-91.777,42.10071],[-91.78114,42.10002]]}},{"type":"Feature","properties":{"id":"122804","type":"AC; OVERHEAD","status":"IN SERVICE","owner":null,"voltage":161,"voltClass":"100-161"},"geometry":{"type":"LineString","coordinates":[[-91.35207,40.78382],[-91.35246,40.78374],[-91.35316,40.78186],[-91.35368,40.7804],[-91.35423,40.7788],[-91.35488,40.77694],[-91.3556,40.77497],[-91.35629,40.77295],[-91.35679,40.77164],[-91.357,40.77093],[-91.35776,40.76888],[-91.35919,40.76714],[-91.3606,40.76537],[-91.36212,40.76348],[-91.36342,40.76183],[-91.36464,40.76036],[-91.36588,40.75883],[-91.3659,40.7569],[-91.36593,40.75508],[-91.36593,40.75329],[-91.36599,40.75128],[-91.36601,40.74927],[-91.36604,40.74726],[-91.36605,40.74528],[-91.36645,40.74422],[-91.36696,40.74279],[-91.3676,40.74094],[-91.36817,40.73933],[-91.36887,40.73741],[-91.36952,40.73556],[-91.37018,40.73372],[-91.37087,40.73178],[-91.37154,40.72988],[-91.3722,40.72798],[-91.37296,40.72587],[-91.37371,40.72378],[-91.37507,40.72177],[-91.3762,40.72005],[-91.37736,40.71831],[-91.37746,40.7165],[-91.37748,40.71468],[-91.37751,40.71295],[-91.37753,40.71103],[-91.37754,40.70921],[-91.37749,40.70738],[-91.37748,40.70564],[-91.37752,40.70395],[-91.37761,40.70218],[-91.37772,40.70062],[-91.3794,40.69941],[-91.38107,40.69823],[-91.38275,40.69702],[-91.38432,40.69588],[-91.38588,40.69478],[-91.38666,40.69298],[-91.38754,40.69097],[-91.38843,40.68894],[-91.38921,40.68718],[-91.39008,40.68519],[-91.39093,40.68322],[-91.39179,40.68125],[-91.3926,40.6794],[-91.39351,40.67733],[-91.3944,40.67531],[-91.39514,40.67359],[-91.39598,40.67169],[-91.39676,40.66987],[-91.39752,40.66819],[-91.39825,40.66645],[-91.39975,40.6649],[-91.40054,40.66405],[-91.40216,40.66236],[-91.40376,40.66074],[-91.40471,40.65968],[-91.40621,40.65812],[-91.40781,40.65647],[-91.40941,40.65472],[-91.41097,40.65309],[-91.41211,40.65189],[-91.41328,40.65071],[-91.41443,40.64947],[-91.4157,40.64816],[-91.4167,40.6471],[-91.4179,40.64565],[-91.41912,40.64438],[-91.41995,40.64299],[-91.42118,40.64105],[-91.42214,40.63946],[-91.42342,40.63747],[-91.42476,40.63538],[-91.42585,40.63355],[-91.42728,40.63149],[-91.42865,40.62944],[-91.42998,40.62742],[-91.43137,40.62534],[-91.43226,40.62401],[-91.4335,40.62216],[-91.43478,40.62022],[-91.43608,40.61825],[-91.43689,40.61695],[-91.43804,40.61527],[-91.43878,40.61412],[-91.43923,40.61394]]}},{"type":"Feature","properties":{"id":"122934","type":"AC; OVERHEAD","status":"IN SERVICE","owner":"MIDAMERICAN ENERGY CO","voltage":345,"voltClass":"345"},"geometry":{"type":"LineString","coordinates":[[-90.52765,41.68115],[-90.52684,41.68085],[-90.52128,41.6809],[-90.49965,41.68104],[-90.47947,41.68115],[-90.45772,41.68125],[-90.43549,41.68139],[-90.43141,41.6814],[-90.4127,41.6852],[-90.39395,41.68523],[-90.38227,41.6853],[-90.37331,41.69014],[-90.35926,41.69781],[-90.35563,41.70777],[-90.35203,41.71766],[-90.34124,41.71807],[-90.33027,41.71847],[-90.32336,41.71866],[-90.31748,41.71888],[-90.31461,41.71894],[-90.30766,41.71916],[-90.30186,41.71934],[-90.30191,41.72124],[-90.30203,41.72266],[-90.30211,41.72416],[-90.30219,41.72563],[-90.30405,41.72558],[-90.3059,41.72552],[-90.30627,41.72652]]}},{"type":"Feature","properties":{"id":"123048","type":"AC; OVERHEAD","status":"IN SERVICE","owner":"MIDAMERICAN ENERGY CO","voltage":115,"voltClass":"100-161"},"geometry":{"type":"LineString","coordinates":[[-91.67156,42.06199],[-91.6709,42.0624],[-91.66803,42.06237],[-91.66803,42.06235],[-91.66808,42.06061],[-91.66808,42.05873],[-91.66758,42.05676],[-91.66714,42.05507],[-91.66712,42.05317],[-91.66712,42.0514],[-91.66671,42.04976],[-91.66634,42.04799],[-91.6664,42.04645],[-91.66678,42.04462],[-91.66735,42.04233],[-91.66639,42.04222],[-91.66619,42.04065],[-91.66351,42.04064],[-91.66082,42.04064],[-91.65807,42.04061],[-91.65569,42.04061],[-91.65317,42.04058],[-91.65317,42.04032],[-91.65282,42.04019]]}},{"type":"Feature","properties":{"id":"123173","type":"AC; OVERHEAD","status":"IN SERVICE","owner":"CEDAR FALLS UTILITIES","voltage":161,"voltClass":"100-161"},"geometry":{"type":"LineString","coordinates":[[-92.9161,42.38317],[-92.91629,42.3829],[-92.91619,42.38229],[-92.91617,42.38106],[-92.91621,42.37699],[-92.91616,42.3756],[-92.91864,42.37558],[-92.92122,42.37557]]}},{"type":"Feature","properties":{"id":"123194","type":"AC; OVERHEAD","status":"IN SERVICE","owner":"MIDAMERICAN ENERGY CO","voltage":161,"voltClass":"100-161"},"geometry":{"type":"LineString","coordinates":[[-93.02319,41.75971],[-93.02307,41.75998],[-93.02303,41.76013],[-93.02134,41.76138],[-93.01771,41.76454],[-93.01199,41.77028],[-93.0077,41.77451],[-93.00603,41.77622],[-93.00581,41.77772],[-93.00476,41.78477],[-93.00415,41.78883],[-93.00356,41.79278],[-93.00331,41.79451],[-93.00309,41.796],[-93.00177,41.79816],[-93.00081,41.79973],[-92.99971,41.80154],[-92.99759,41.80504],[-92.99402,41.811],[-92.99107,41.8158],[-92.98885,41.81951],[-92.98702,41.82251],[-92.98469,41.82631],[-92.98256,41.8298],[-92.97984,41.83436],[-92.97697,41.83872],[-92.97444,41.84247],[-92.97253,41.84507],[-92.96898,41.85005],[-92.9665,41.85353],[-92.96372,41.85741],[-92.96259,41.85896],[-92.96142,41.8606],[-92.96014,41.8624],[-92.95945,41.86355],[-92.95853,41.86523],[-92.9573,41.86745],[-92.95608,41.86967],[-92.95508,41.87114],[-92.9539,41.87284],[-92.95219,41.87534],[-92.9511,41.87693],[-92.95037,41.87799],[-92.94902,41.87996],[-92.94809,41.88131],[-92.94722,41.88254],[-92.9459,41.88442],[-92.94432,41.88676],[-92.94332,41.88825],[-92.94242,41.88938],[-92.94268,41.89005]]}},{"type":"Feature","properties":{"id":"123238","type":"AC; OVERHEAD","status":"IN SERVICE","owner":"COMMONWEALTH EDISON CO","voltage":161,"voltClass":"100-161"},"geometry":{"type":"LineString","coordinates":[[-90.1901,41.79402],[-90.18992,41.79422],[-90.18944,41.79421],[-90.1886,41.79296],[-90.18591,41.79453],[-90.1843,41.79542],[-90.18236,41.79655],[-90.18119,41.79721],[-90.17892,41.79859],[-90.17682,41.80006],[-90.17528,41.80115],[-90.17357,41.80209],[-90.17094,41.80361],[-90.16908,41.80472],[-90.16746,41.80553],[-90.16611,41.80661],[-90.16376,41.80837],[-90.16088,41.8105],[-90.15868,41.81217],[-90.15644,41.81425],[-90.15471,41.81583],[-90.154,41.81646],[-90.15179,41.8172],[-90.14924,41.81876],[-90.14778,41.81972],[-90.1451,41.82312],[-90.14481,41.82461],[-90.13958,41.82822],[-90.13214,41.83766],[-90.12935,41.84123],[-90.12248,41.84723],[-90.12129,41.84843],[-90.12139,41.85807],[-90.1216,41.86724],[-90.12166,41.87812],[-90.1225,41.88642],[-90.12257,41.89404],[-90.12211,41.89586],[-90.12095,41.89891],[-90.11664,41.90342],[-90.10369,41.91552],[-90.09568,41.92304],[-90.0939,41.9247],[-90.09431,41.94438],[-90.09151,41.94999],[-90.09165,41.95545],[-90.09456,41.96279],[-90.09485,41.98066]]}},{"type":"Feature","properties":{"id":"122039","type":"AC; OVERHEAD","status":"IN SERVICE","owner":"CITY OF MILFORD - (IA)","voltage":161,"voltClass":"100-161"},"geometry":{"type":"LineString","coordinates":[[-95.23408,43.40153],[-95.23491,43.40187],[-95.23613,43.40191],[-95.24009,43.40206],[-95.24039,43.40415],[-95.24042,43.41464],[-95.24018,43.42053],[-95.24018,43.42258],[-95.23989,43.43016],[-95.23988,43.43135]]}},{"type":"Feature","properties":{"id":"122119","type":"AC; OVERHEAD","status":"IN SERVICE","owner":"CITY OF MILFORD - (IA)","voltage":161,"voltClass":"100-161"},"geometry":{"type":"LineString","coordinates":[[-95.2418,43.34709],[-95.24137,43.34672],[-95.24134,43.34656],[-95.23931,43.34657],[-95.23923,43.34249],[-95.2392,43.33948],[-95.23892,43.32814],[-95.23894,43.32634],[-95.23893,43.32472],[-95.23892,43.32256],[-95.23892,43.32068],[-95.23896,43.31885],[-95.23893,43.31708],[-95.23894,43.31525],[-95.23894,43.31346],[-95.23902,43.3116],[-95.23907,43.30983],[-95.23913,43.30799],[-95.2392,43.30617],[-95.23925,43.30423],[-95.23931,43.30234],[-95.23936,43.30055],[-95.23935,43.29879],[-95.23934,43.29701],[-95.23929,43.29525],[-95.23926,43.29344],[-95.23921,43.29166],[-95.23922,43.2896],[-95.23917,43.28776],[-95.23914,43.28559],[-95.23912,43.28364],[-95.23918,43.28168],[-95.23917,43.2797],[-95.23922,43.27714],[-95.23924,43.27505],[-95.23931,43.273],[-95.23932,43.27104],[-95.23934,43.26898],[-95.23938,43.26691],[-95.23938,43.2648],[-95.23936,43.26262],[-95.23935,43.26049],[-95.23934,43.25844],[-95.23938,43.25545],[-95.23945,43.25339],[-95.2395,43.25133],[-95.23955,43.24923],[-95.23963,43.24729],[-95.2397,43.24542],[-95.23975,43.24362],[-95.23983,43.24173],[-95.23985,43.24006],[-95.23989,43.23821],[-95.23989,43.23636],[-95.23992,43.23463],[-95.23996,43.23283],[-95.24001,43.23101],[-95.24005,43.22921],[-95.23945,43.22652],[-95.23887,43.22364],[-95.23863,43.22159],[-95.23834,43.21948],[-95.23807,43.21729],[-95.2378,43.21513],[-95.23747,43.21296],[-95.23891,43.21072],[-95.23854,43.20861],[-95.2383,43.20706],[-95.23808,43.20561],[-95.24071,43.2056],[-95.24366,43.20556],[-95.24641,43.2056],[-95.24922,43.20562],[-95.25186,43.20556],[-95.25432,43.20553],[-95.25424,43.20371],[-95.25418,43.20186],[-95.25411,43.20006],[-95.25404,43.19823],[-95.2541,43.19651],[-95.25424,43.19448],[-95.25432,43.19267],[-95.25445,43.19047],[-95.25456,43.18819],[-95.25471,43.18599],[-95.2548,43.18377],[-95.25475,43.18159],[-95.25471,43.17953],[-95.25465,43.17741],[-95.25464,43.17525],[-95.25466,43.17319],[-95.25461,43.17112],[-95.25464,43.16922],[-95.25459,43.16746],[-95.25563,43.16674],[-95.25574,43.16666],[-95.25626,43.16632],[-95.25788,43.16516],[-95.25969,43.1639],[-95.26152,43.16259],[-95.26153,43.16199],[-95.26154,43.16186],[-95.26154,43.16169],[-95.26154,43.16143],[-95.26154,43.1609],[-95.26131,43.16057]]}},{"type":"Feature","properties":{"id":"122466","type":"AC; OVERHEAD","status":"IN SERVICE","owner":null,"voltage":115,"voltClass":"100-161"},"geometry":{"type":"LineString","coordinates":[[-92.86168,42.04579],[-92.86125,42.04622],[-92.8605,42.04622],[-92.85923,42.04623],[-92.85869,42.04624],[-92.85739,42.04625],[-92.85618,42.04625],[-92.85487,42.04626],[-92.85391,42.04627],[-92.85358,42.04627],[-92.85241,42.04628],[-92.85062,42.04629],[-92.84882,42.0463],[-92.84625,42.04631],[-92.84372,42.04633],[-92.84214,42.04634],[-92.8389,42.04636],[-92.83727,42.04637],[-92.83566,42.04638],[-92.83399,42.04541],[-92.83207,42.04429],[-92.83014,42.04317],[-92.8286,42.04227],[-92.8265,42.04227],[-92.82356,42.04227],[-92.82111,42.04227],[-92.81936,42.04227],[-92.81702,42.04228],[-92.81517,42.04228],[-92.81325,42.04228],[-92.81144,42.04228],[-92.80973,42.04229],[-92.80735,42.04229],[-92.80471,42.04229],[-92.80231,42.0423],[-92.80003,42.0423],[-92.79779,42.0423],[-92.7957,42.04231],[-92.7928,42.04231],[-92.79044,42.04232],[-92.78809,42.04249],[-92.78546,42.04274],[-92.78253,42.04276],[-92.77866,42.04234],[-92.77609,42.04237],[-92.77413,42.04237],[-92.77046,42.04239],[-92.76735,42.04239],[-92.76338,42.04241],[-92.76131,42.0424],[-92.75746,42.04239],[-92.75579,42.04237],[-92.75349,42.04256],[-92.75193,42.04267],[-92.74954,42.04237],[-92.74628,42.04237],[-92.74397,42.04238],[-92.742,42.04238],[-92.73997,42.04239],[-92.73758,42.0424],[-92.7353,42.04242],[-92.73316,42.04244],[-92.7247,42.04248],[-92.71062,42.04261],[-92.70823,42.04263],[-92.69161,42.04273],[-92.6886,42.04272],[-92.67654,42.04283],[-92.66919,42.04284],[-92.65872,42.04286],[-92.65694,42.0428],[-92.6497,42.04283],[-92.64949,42.04283],[-92.64712,42.04281],[-92.64371,42.04282],[-92.63508,42.04288],[-92.62765,42.04295],[-92.62467,42.0425],[-92.62225,42.04296],[-92.62022,42.04295],[-92.61589,42.04296],[-92.60511,42.04301],[-92.5959,42.04303],[-92.58464,42.04312],[-92.58156,42.04312],[-92.57031,42.04314],[-92.5622,42.04315],[-92.56175,42.04315],[-92.56178,42.04258],[-92.56174,42.0374],[-92.56168,42.03676],[-92.56135,42.03638]]}},{"type":"Feature","properties":{"id":"123317","type":"AC; OVERHEAD","status":"IN SERVICE","owner":"MIDAMERICAN ENERGY CO","voltage":161,"voltClass":"100-161"},"geometry":{"type":"LineString","coordinates":[[-90.46185,41.4395],[-90.46211,41.43959],[-90.46275,41.43932],[-90.46657,41.43926],[-90.47074,41.43926],[-90.47301,41.43832],[-90.47586,41.437],[-90.47799,41.43486],[-90.47848,41.43305],[-90.4789,41.43144],[-90.47934,41.42982],[-90.4797,41.42847],[-90.48005,41.42713],[-90.48043,41.42579],[-90.48086,41.42421],[-90.48131,41.42259],[-90.48174,41.42098],[-90.4822,41.41937],[-90.48399,41.41935],[-90.48608,41.41933],[-90.48826,41.41933],[-90.49045,41.41931],[-90.49257,41.41927],[-90.49483,41.4193],[-90.49642,41.41931],[-90.49833,41.41928],[-90.50025,41.41926],[-90.50226,41.41923],[-90.50388,41.41923],[-90.50546,41.41922],[-90.50755,41.41923],[-90.5099,41.41916],[-90.51209,41.41915],[-90.51437,41.41914],[-90.51573,41.42025],[-90.5173,41.42168],[-90.51801,41.42227],[-90.51946,41.42356],[-90.5209,41.42482],[-90.52311,41.42479],[-90.5248,41.42477],[-90.52696,41.42479],[-90.52915,41.42478],[-90.53114,41.42477],[-90.53325,41.42477],[-90.53507,41.42478],[-90.53724,41.42479],[-90.53964,41.42479],[-90.54237,41.42481],[-90.54591,41.42559],[-90.54945,41.42636],[-90.55354,41.42726],[-90.55766,41.42815],[-90.56187,41.42826],[-90.56601,41.42836],[-90.57031,41.42842],[-90.5742,41.42847],[-90.57797,41.42811],[-90.58183,41.42773],[-90.58533,41.42777],[-90.5893,41.42785],[-90.59319,41.4279],[-90.59747,41.42797],[-90.60068,41.42805],[-90.60499,41.42813],[-90.60665,41.43103],[-90.60818,41.43371],[-90.60973,41.43648],[-90.61129,41.43925],[-90.61137,41.44193],[-90.61191,41.44237]]}},{"type":"Feature","properties":{"id":"123613","type":"AC; OVERHEAD","status":"IN SERVICE","owner":null,"voltage":345,"voltClass":"345"},"geometry":{"type":"LineString","coordinates":[[-95.79709,41.17731],[-95.79692,41.17792],[-95.79688,41.17865],[-95.79182,41.18155],[-95.79004,41.18156],[-95.78548,41.18156],[-95.78114,41.18156],[-95.77651,41.18176],[-95.77181,41.18281],[-95.76854,41.18282],[-95.76305,41.1828],[-95.76084,41.18281],[-95.75758,41.18289],[-95.75486,41.18291],[-95.74957,41.18253],[-95.74532,41.18222],[-95.74118,41.18195],[-95.73708,41.18198],[-95.73221,41.18205],[-95.72736,41.18212],[-95.72352,41.18202],[-95.71734,41.18187],[-95.71352,41.18178],[-95.70914,41.18178],[-95.70436,41.18178],[-95.70085,41.18179],[-95.69751,41.18181],[-95.69336,41.18185],[-95.68958,41.18187],[-95.68488,41.18189],[-95.67997,41.18188],[-95.67515,41.18188],[-95.67025,41.18187],[-95.66576,41.18187],[-95.66077,41.18186],[-95.65564,41.18186],[-95.65176,41.18186],[-95.64657,41.18186],[-95.64176,41.18186],[-95.6364,41.18186],[-95.63198,41.18185],[-95.62828,41.18186],[-95.62343,41.18186],[-95.61888,41.18186],[-95.6145,41.18188],[-95.60929,41.18187],[-95.60448,41.18187],[-95.59914,41.18185],[-95.5948,41.18188],[-95.59023,41.1819],[-95.58575,41.18188],[-95.58152,41.18187],[-95.57602,41.18187],[-95.57101,41.18187],[-95.56612,41.18186],[-95.56116,41.18187],[-95.55642,41.18187],[-95.55123,41.18188],[-95.54702,41.18188],[-95.54207,41.18196],[-95.53966,41.18193],[-95.53742,41.18197],[-95.53142,41.18196],[-95.52781,41.18196],[-95.52128,41.18198],[-95.51836,41.18198],[-95.5136,41.18197],[-95.5082,41.18194],[-95.50388,41.18192],[-95.5014,41.18191],[-95.499,41.18191],[-95.49322,41.18195],[-95.49009,41.18196],[-95.48526,41.18199],[-95.47999,41.18202],[-95.47565,41.18205],[-95.47085,41.18206],[-95.46644,41.18207],[-95.46123,41.1821],[-95.45703,41.1831],[-95.45175,41.18437],[-95.44739,41.18544],[-95.44183,41.18542],[-95.4372,41.18542],[-95.43227,41.18541],[-95.42715,41.18539],[-95.42262,41.18539],[-95.41765,41.18535],[-95.41323,41.18532],[-95.40837,41.18535],[-95.40388,41.18537],[-95.39977,41.18532],[-95.39502,41.18436],[-95.39088,41.18327],[-95.38762,41.1824],[-95.38436,41.18155],[-95.38108,41.18158],[-95.37819,41.18155],[-95.37539,41.18158],[-95.36933,41.18145],[-95.36584,41.18137],[-95.36124,41.18127],[-95.35825,41.18153],[-95.35378,41.18193],[-95.3486,41.1819],[-95.34319,41.18185],[-95.33866,41.18184],[-95.33514,41.18155],[-95.33151,41.18153],[-95.32772,41.1815],[-95.32277,41.18147],[-95.31814,41.18145],[-95.31341,41.18143],[-95.30825,41.18146],[-95.30385,41.18142],[-95.2987,41.18138],[-95.2944,41.18135],[-95.2894,41.18124],[-95.28362,41.18132],[-95.27955,41.18132],[-95.27437,41.18129],[-95.27005,41.18125],[-95.26436,41.18122],[-95.26025,41.1812],[-95.25645,41.18119],[-95.25176,41.18115],[-95.24661,41.18109],[-95.24209,41.18103],[-95.23756,41.18107],[-95.23267,41.18044],[-95.22862,41.18083],[-95.22288,41.18092],[-95.21808,41.18088],[-95.21346,41.18102],[-95.20856,41.18099],[-95.20417,41.18098],[-95.19904,41.18094],[-95.19448,41.18091],[-95.18949,41.1809],[-95.18586,41.18091],[-95.18237,41.18094],[-95.1762,41.1809],[-95.17187,41.18088],[-95.16756,41.18081],[-95.16195,41.18091],[-95.15676,41.18088],[-95.15186,41.18086],[-95.14711,41.18086],[-95.14227,41.1808],[-95.13797,41.18081],[-95.13267,41.18079],[-95.12784,41.18079],[-95.12308,41.18075],[-95.11876,41.18077],[-95.11468,41.18075],[-95.10863,41.1807],[-95.10483,41.18069],[-95.09901,41.18065],[-95.09422,41.18022],[-95.08994,41.18037],[-95.08407,41.18059],[-95.07991,41.18057],[-95.07482,41.18056],[-95.07028,41.18056],[-95.06552,41.18054],[-95.06057,41.18056],[-95.05638,41.18052],[-95.05113,41.1805],[-95.04523,41.18047],[-95.0415,41.18046],[-95.03752,41.18045],[-95.03313,41.18045],[-95.03019,41.18042],[-95.02796,41.18038],[-95.02357,41.18035],[-95.01823,41.18033],[-95.01364,41.18025],[-95.00854,41.18024],[-95.00388,41.18023],[-94.99982,41.18023],[-94.99454,41.18022],[-94.98972,41.1802],[-94.9854,41.18018],[-94.9799,41.18017],[-94.97536,41.18018],[-94.97101,41.18021],[-94.96576,41.18024],[-94.96122,41.18024],[-94.95647,41.18024],[-94.95152,41.1802],[-94.94627,41.18019],[-94.94189,41.18018],[-94.93704,41.18018],[-94.93234,41.18017],[-94.92765,41.18016],[-94.92404,41.18019],[-94.91775,41.18024],[-94.91384,41.18025],[-94.90906,41.18029],[-94.90596,41.18031],[-94.9024,41.1803],[-94.89686,41.18031],[-94.89165,41.1803],[-94.88766,41.18023],[-94.88544,41.1802],[-94.88188,41.18017],[-94.87582,41.1802],[-94.872,41.18021],[-94.86867,41.18022],[-94.86448,41.18021],[-94.86106,41.1802],[-94.85792,41.18019],[-94.85318,41.18018],[-94.84854,41.18014],[-94.84512,41.18016],[-94.84114,41.18005],[-94.83824,41.17998],[-94.83432,41.17999],[-94.82903,41.18011],[-94.82465,41.18009],[-94.81983,41.18008],[-94.81488,41.18008],[-94.81002,41.18004],[-94.80657,41.18001],[-94.80324,41.17999],[-94.7981,41.17993],[-94.79545,41.17992],[-94.79336,41.17991],[-94.79059,41.1799],[-94.78616,41.17989],[-94.78268,41.17988],[-94.77869,41.17987],[-94.77546,41.17986],[-94.77545,41.17927],[-94.77501,41.17865]]}},{"type":"Feature","properties":{"id":"123680","type":"OVERHEAD","status":null,"owner":null,"voltage":161,"voltClass":"100-161"},"geometry":{"type":"LineString","coordinates":[[-91.11688,40.74101],[-91.1183,40.74116]]}},{"type":"Feature","properties":{"id":"123981","type":"AC; OVERHEAD","status":"IN SERVICE","owner":"KCP&L GREATER MISSOURI OPERATIONS CO.","voltage":161,"voltClass":"100-161"},"geometry":{"type":"LineString","coordinates":[[-94.84762,40.34595],[-94.84848,40.34705],[-94.84952,40.34857],[-94.8495,40.35052],[-94.84947,40.35759],[-94.84956,40.3598],[-94.84957,40.36009],[-94.84872,40.37066],[-94.85202,40.37802],[-94.85306,40.38035],[-94.85676,40.3886],[-94.85824,40.39191],[-94.86293,40.41434],[-94.86362,40.41753],[-94.86554,40.42607],[-94.8671,40.43353],[-94.86757,40.4358],[-94.87179,40.44296],[-94.8756,40.44959],[-94.87793,40.45389],[-94.87895,40.45564],[-94.88032,40.45799],[-94.88229,40.46134],[-94.8843,40.46475],[-94.88645,40.46839],[-94.89036,40.4753],[-94.89037,40.47533],[-94.8952,40.48644],[-94.89673,40.48997],[-94.89789,40.49263],[-94.9012,40.49999],[-94.90303,40.50438],[-94.9049,40.50887],[-94.9056,40.51055],[-94.90943,40.51905],[-94.90998,40.52028],[-94.91042,40.52125],[-94.91503,40.53193],[-94.91574,40.53359],[-94.91685,40.53596],[-94.91931,40.54139],[-94.91983,40.54255],[-94.92046,40.54393],[-94.92074,40.54459],[-94.92228,40.54816],[-94.92489,40.55422],[-94.9287,40.56298],[-94.93083,40.56802],[-94.93181,40.5703],[-94.9325,40.57189],[-94.93476,40.57707],[-94.93704,40.5825],[-94.9392,40.58756],[-94.94252,40.59547],[-94.94412,40.59919],[-94.94599,40.6036],[-94.94664,40.60521],[-94.94801,40.60877],[-94.94891,40.6122],[-94.95073,40.61642],[-94.95313,40.62167],[-94.95305,40.62364],[-94.95299,40.62514],[-94.95431,40.62632],[-94.95433,40.62777],[-94.95428,40.63084],[-94.95425,40.63264],[-94.95286,40.63385],[-94.95286,40.63784],[-94.9528,40.6443],[-94.95278,40.65007],[-94.95497,40.65381],[-94.95695,40.65728],[-94.95896,40.66072],[-94.96133,40.66483],[-94.96377,40.669],[-94.96632,40.6732],[-94.96824,40.67681],[-94.97034,40.67993],[-94.97127,40.68154],[-94.97385,40.68563],[-94.97726,40.69103],[-94.97959,40.6949],[-94.98407,40.7019],[-94.98958,40.71072],[-94.99246,40.71529],[-94.99573,40.72036],[-95.00226,40.73038],[-95.00295,40.73143],[-95.00295,40.73417],[-95.0029,40.74088],[-95.00289,40.74231],[-95.00313,40.74282]]}},{"type":"Feature","properties":{"id":"124014","type":"AC; OVERHEAD","status":"IN SERVICE","owner":"MIDAMERICAN ENERGY CO","voltage":230,"voltClass":"220-287"},"geometry":{"type":"LineString","coordinates":[[-96.40135,43.06788],[-96.40177,43.06737],[-96.40177,43.06616],[-96.40171,43.06311],[-96.40167,43.06007],[-96.40162,43.05701],[-96.40158,43.05396],[-96.40154,43.05098],[-96.40148,43.04772],[-96.40144,43.0448],[-96.4014,43.0417],[-96.40136,43.03863],[-96.40129,43.03561],[-96.40126,43.0326],[-96.4012,43.02961],[-96.40116,43.02654],[-96.40111,43.02347],[-96.40106,43.02042],[-96.40103,43.01756],[-96.40099,43.01455],[-96.40111,43.01186],[-96.40127,43.00917],[-96.40141,43.00633],[-96.40154,43.00385],[-96.40151,43.00073],[-96.40148,42.99767],[-96.40143,42.99469],[-96.4014,42.99164],[-96.40138,42.98945],[-96.40137,42.98866],[-96.40134,42.98576],[-96.4013,42.9825],[-96.40112,42.97922],[-96.40095,42.97605],[-96.40077,42.97275],[-96.4006,42.96955],[-96.4006,42.96665],[-96.40061,42.96377],[-96.4006,42.96089],[-96.40059,42.95804],[-96.40058,42.95519],[-96.40059,42.95233],[-96.40059,42.94951],[-96.40059,42.94657],[-96.40059,42.94383],[-96.40057,42.94089],[-96.40059,42.93804],[-96.40059,42.93519],[-96.40059,42.93229],[-96.39988,42.9297],[-96.39919,42.92706],[-96.3975,42.92481],[-96.39585,42.92256],[-96.39423,42.92044],[-96.39258,42.91817],[-96.39046,42.91537],[-96.38847,42.91264],[-96.38643,42.90992],[-96.38449,42.9073],[-96.38249,42.90464],[-96.38069,42.90216],[-96.37872,42.89955],[-96.37685,42.89697],[-96.37496,42.89439],[-96.37302,42.89182],[-96.37116,42.88933],[-96.36936,42.8869],[-96.36759,42.88452],[-96.36565,42.8819],[-96.36373,42.8793],[-96.36186,42.87679],[-96.36001,42.87429],[-96.35815,42.87179],[-96.3562,42.86918],[-96.35442,42.86679],[-96.35255,42.86428],[-96.35065,42.86171],[-96.34888,42.85932],[-96.34713,42.85696],[-96.3452,42.85436],[-96.34335,42.85184],[-96.34149,42.84935],[-96.33963,42.84685],[-96.33778,42.84437],[-96.33593,42.84186],[-96.33407,42.83937],[-96.3322,42.83685],[-96.33031,42.8343],[-96.32842,42.83175],[-96.32653,42.8292],[-96.32465,42.82665],[-96.32363,42.82391],[-96.32261,42.82117],[-96.32258,42.81824],[-96.32259,42.81532],[-96.32253,42.81237],[-96.32252,42.80944],[-96.32248,42.80651],[-96.32247,42.80358],[-96.32245,42.80065],[-96.32242,42.79781],[-96.3224,42.7948],[-96.32235,42.79178],[-96.32233,42.78878],[-96.32229,42.78575],[-96.32229,42.78259],[-96.32224,42.77999],[-96.32224,42.7767],[-96.3222,42.77354],[-96.32218,42.77081],[-96.32216,42.76774],[-96.32214,42.76463],[-96.3221,42.76156],[-96.32207,42.75846],[-96.32206,42.75706],[-96.32205,42.75535],[-96.32202,42.75226],[-96.322,42.74916],[-96.32197,42.74615],[-96.32195,42.74312],[-96.32189,42.74009],[-96.32188,42.73712],[-96.32186,42.73419],[-96.32185,42.73124],[-96.3218,42.72793],[-96.32184,42.72493],[-96.32181,42.72192],[-96.32185,42.71887],[-96.32184,42.71605],[-96.32187,42.71332],[-96.32187,42.71039],[-96.3219,42.70745],[-96.32189,42.70479],[-96.32191,42.70192],[-96.32189,42.69902],[-96.3219,42.69599],[-96.32191,42.693],[-96.32193,42.6901],[-96.3219,42.68711],[-96.32194,42.68393],[-96.32194,42.68094],[-96.32195,42.67808],[-96.32177,42.6749],[-96.32157,42.67175],[-96.3214,42.66857],[-96.32124,42.66575],[-96.32109,42.66293],[-96.32093,42.66019],[-96.32073,42.65719],[-96.32057,42.65404],[-96.3206,42.65106],[-96.32063,42.64804],[-96.32062,42.6449],[-96.32068,42.64181],[-96.32073,42.63877],[-96.32073,42.63566],[-96.32074,42.63265],[-96.32079,42.62955],[-96.31959,42.62683],[-96.31837,42.62403],[-96.31713,42.62116],[-96.31587,42.61828],[-96.31487,42.61598],[-96.31385,42.61369],[-96.3132,42.61215],[-96.31291,42.61148],[-96.31171,42.60901],[-96.31067,42.60662],[-96.30973,42.60458],[-96.30934,42.60377],[-96.30877,42.60256],[-96.30756,42.60256],[-96.30633,42.60293]]}},{"type":"Feature","properties":{"id":"124056","type":"AC; OVERHEAD","status":"IN SERVICE","owner":null,"voltage":161,"voltClass":"100-161"},"geometry":{"type":"LineString","coordinates":[[-90.98455,42.70907],[-90.98498,42.70906],[-90.9897,42.70559],[-90.99268,42.70342],[-90.99423,42.70214],[-90.99614,42.70275],[-90.99805,42.70338],[-91.00062,42.70337],[-91.00317,42.70338],[-91.00572,42.70339],[-91.00807,42.7034],[-91.00828,42.70341],[-91.01084,42.70342],[-91.01341,42.70345],[-91.01477,42.7028],[-91.01668,42.70189],[-91.01802,42.70123],[-91.02056,42.70132],[-91.02238,42.70138],[-91.02424,42.70144],[-91.02711,42.70152],[-91.02893,42.70157],[-91.03193,42.70167],[-91.03231,42.70167],[-91.03251,42.70136]]}},{"type":"Feature","properties":{"id":"124249","type":"AC; OVERHEAD","status":"IN SERVICE","owner":"MIDAMERICAN ENERGY CO","voltage":161,"voltClass":"100-161"},"geometry":{"type":"LineString","coordinates":[[-90.44894,41.54103],[-90.44886,41.5414],[-90.4497,41.54192],[-90.44876,41.54393],[-90.43159,41.54421],[-90.42749,41.54427],[-90.42326,41.54431],[-90.4205,41.5428],[-90.41765,41.54121],[-90.41584,41.54058],[-90.41583,41.53859],[-90.41583,41.53657],[-90.41224,41.53647],[-90.40919,41.53639],[-90.4063,41.53632],[-90.4063,41.53412],[-90.40631,41.53345],[-90.40633,41.53278],[-90.40634,41.53211],[-90.40636,41.53144],[-90.40638,41.53078],[-90.4064,41.53011],[-90.40642,41.52944],[-90.40645,41.52877],[-90.40646,41.52809],[-90.40647,41.5274],[-90.40649,41.52673],[-90.40652,41.52604],[-90.40654,41.52535],[-90.40659,41.52468],[-90.40659,41.52399],[-90.40662,41.52331],[-90.40661,41.52265],[-90.40663,41.52194],[-90.40664,41.52173],[-90.40749,41.52164],[-90.40836,41.52158],[-90.40921,41.52152],[-90.41005,41.52144],[-90.41089,41.52136],[-90.41173,41.52129],[-90.41263,41.52123],[-90.41348,41.52116],[-90.41446,41.52107],[-90.41432,41.52038],[-90.41421,41.51968],[-90.41413,41.51899],[-90.41403,41.51834],[-90.41394,41.51771],[-90.41488,41.51764],[-90.41583,41.51756],[-90.41676,41.51748],[-90.41771,41.51741],[-90.41858,41.51731],[-90.42066,41.51655]]}},{"type":"Feature","properties":{"id":"124344","type":"AC; OVERHEAD","status":"IN SERVICE","owner":"MIDAMERICAN ENERGY CO","voltage":161,"voltClass":"100-161"},"geometry":{"type":"LineString","coordinates":[[-94.0922,42.56611],[-94.09257,42.56553],[-94.09259,42.56522],[-94.0902,42.56522],[-94.08972,42.56522],[-94.08726,42.56523],[-94.08456,42.56522],[-94.08188,42.56524],[-94.07914,42.56524],[-94.07666,42.56524],[-94.07423,42.56524],[-94.0717,42.56524],[-94.06923,42.56524],[-94.06689,42.56524],[-94.06445,42.56524],[-94.06199,42.56524],[-94.05955,42.56525],[-94.05666,42.56525],[-94.05386,42.56525],[-94.05105,42.56525],[-94.04854,42.56525],[-94.04562,42.56525],[-94.04302,42.56525],[-94.04013,42.56525],[-94.03692,42.56525],[-94.03381,42.56525],[-94.03107,42.56525],[-94.0285,42.56525],[-94.02588,42.56526],[-94.02349,42.56526],[-94.02065,42.56526],[-94.01809,42.56526],[-94.01566,42.56526],[-94.01316,42.56526],[-94.01061,42.56527],[-94.0074,42.56511],[-94.00416,42.56496],[-94.0008,42.5648],[-93.99766,42.56463],[-93.99448,42.56446],[-93.99104,42.56466],[-93.98857,42.5648],[-93.98605,42.56495],[-93.98363,42.56509],[-93.98111,42.56523],[-93.97816,42.56522],[-93.97484,42.56518],[-93.97171,42.56515],[-93.9688,42.56515],[-93.96589,42.56514],[-93.96302,42.56513],[-93.96015,42.56512],[-93.95744,42.56512],[-93.95421,42.56511],[-93.95109,42.5651],[-93.94804,42.56509],[-93.94482,42.56509],[-93.9415,42.56508],[-93.93825,42.56507],[-93.93494,42.56506],[-93.93155,42.56505],[-93.92838,42.56505],[-93.9251,42.56504],[-93.92186,42.56503],[-93.91908,42.56502],[-93.91658,42.56502],[-93.91349,42.56491],[-93.91105,42.56401],[-93.90919,42.56332],[-93.90664,42.56238],[-93.9039,42.56136],[-93.90237,42.56141],[-93.90108,42.56145],[-93.89856,42.56145],[-93.89587,42.56141],[-93.89236,42.56136],[-93.88943,42.56135],[-93.88651,42.56135],[-93.88354,42.56135],[-93.88091,42.56136],[-93.87835,42.56135],[-93.87582,42.56133],[-93.87303,42.56129],[-93.87017,42.56124],[-93.86691,42.5612],[-93.864,42.56119],[-93.8637,42.5614]]}},{"type":"Feature","properties":{"id":"124724","type":"AC; OVERHEAD","status":"IN SERVICE","owner":"MIDAMERICAN ENERGY CO","voltage":345,"voltClass":"345"},"geometry":{"type":"LineString","coordinates":[[-91.9019,42.58591],[-91.90057,42.58655],[-91.90236,42.59018],[-91.90412,42.59235],[-91.90579,42.59441],[-91.90826,42.59747],[-91.91018,42.59984],[-91.91219,42.60232],[-91.9141,42.60468],[-91.91568,42.60663],[-91.91685,42.60929],[-91.91775,42.61134],[-91.91906,42.61433],[-91.9203,42.61715],[-91.92163,42.62018],[-91.92302,42.62333],[-91.92435,42.62612],[-91.92571,42.62905],[-91.92689,42.63217],[-91.92819,42.6351],[-91.92965,42.63743],[-91.93085,42.63932],[-91.93265,42.64218],[-91.93454,42.64518],[-91.93625,42.6479],[-91.93808,42.65062],[-91.93992,42.6538],[-91.94146,42.65625],[-91.94338,42.65925],[-91.9452,42.66219],[-91.9469,42.66485],[-91.94885,42.66778],[-91.9507,42.67073],[-91.95258,42.67372],[-91.95444,42.67669],[-91.95628,42.67962],[-91.95819,42.68265],[-91.95978,42.6852],[-91.96076,42.68751],[-91.96198,42.6904],[-91.96319,42.69329],[-91.96451,42.69641],[-91.96583,42.69956],[-91.9669,42.70209],[-91.9682,42.70518],[-91.96949,42.70825],[-91.97072,42.71116],[-91.97205,42.71431],[-91.9732,42.71705],[-91.97451,42.72015],[-91.97585,42.72334],[-91.97711,42.72632],[-91.97841,42.72942],[-91.97957,42.73216],[-91.98201,42.7349],[-91.9845,42.73768],[-91.98691,42.74039],[-91.98925,42.74301],[-91.99157,42.74562],[-91.99385,42.74817],[-91.9962,42.75081],[-91.99869,42.75359],[-92.00111,42.75631],[-92.00356,42.75905],[-92.00599,42.76177],[-92.00848,42.76457],[-92.01063,42.76698],[-92.01305,42.76968],[-92.0154,42.77232],[-92.01777,42.77498],[-92.01928,42.77667],[-92.02145,42.7791],[-92.02337,42.78133],[-92.02542,42.78369],[-92.02747,42.78607],[-92.02932,42.78821],[-92.03123,42.79042],[-92.03358,42.79314],[-92.03592,42.79586],[-92.03802,42.79829],[-92.0404,42.80105],[-92.04226,42.8032],[-92.04435,42.80562],[-92.04668,42.80831],[-92.04906,42.81107],[-92.05124,42.81359],[-92.05363,42.81636],[-92.05565,42.8187],[-92.05667,42.8216],[-92.05783,42.82493],[-92.05877,42.82762],[-92.05991,42.83088],[-92.06089,42.8337],[-92.06181,42.83676],[-92.06319,42.83932],[-92.06452,42.84173],[-92.06604,42.84432],[-92.06759,42.84721],[-92.06911,42.85021],[-92.07061,42.85298],[-92.07242,42.85616],[-92.07383,42.85903],[-92.07527,42.8617],[-92.07715,42.86493],[-92.07869,42.86779],[-92.08037,42.87092],[-92.08195,42.87385],[-92.08365,42.877],[-92.08521,42.87988],[-92.08682,42.88288],[-92.08824,42.88551],[-92.08981,42.88842],[-92.09146,42.89147],[-92.09297,42.89427],[-92.09519,42.89711],[-92.09743,42.89999],[-92.09965,42.90284],[-92.10188,42.90569],[-92.1041,42.90853],[-92.10636,42.91143],[-92.10857,42.91425],[-92.1108,42.91711],[-92.11276,42.91963],[-92.11505,42.92255],[-92.11722,42.92533],[-92.11946,42.9282],[-92.12152,42.93085],[-92.12376,42.93372],[-92.12597,42.93656],[-92.12812,42.93931],[-92.13014,42.94191],[-92.13245,42.94487],[-92.13461,42.94764],[-92.13676,42.9504],[-92.1382,42.95224],[-92.14021,42.95482],[-92.14198,42.95709],[-92.14415,42.95988],[-92.14642,42.96278],[-92.14861,42.96559],[-92.15078,42.96838],[-92.15305,42.97128],[-92.15519,42.97402],[-92.15711,42.9761],[-92.15983,42.97903],[-92.16171,42.98106],[-92.16397,42.9835],[-92.16601,42.9857],[-92.16846,42.98835],[-92.1705,42.99055],[-92.17293,42.99317],[-92.1754,42.99584],[-92.17794,42.99858],[-92.18026,43.00108],[-92.18265,43.00366],[-92.18504,43.00625],[-92.18751,43.00891],[-92.19006,43.01166],[-92.19255,43.01434],[-92.19486,43.01683],[-92.19699,43.01913],[-92.19911,43.02136],[-92.20155,43.02394],[-92.20409,43.02662],[-92.20648,43.02913],[-92.20854,43.0313],[-92.21046,43.03332],[-92.21233,43.03529],[-92.21462,43.0377],[-92.21684,43.04004],[-92.21952,43.04286],[-92.22176,43.04523],[-92.22473,43.04835],[-92.22704,43.05078],[-92.22885,43.05268],[-92.23033,43.05454],[-92.23211,43.05677],[-92.23396,43.05909],[-92.23563,43.06118],[-92.23793,43.06407],[-92.24006,43.06674],[-92.242,43.06917],[-92.24423,43.07197],[-92.24635,43.07461],[-92.24835,43.07713],[-92.2498,43.07894],[-92.25207,43.08047],[-92.25506,43.0825],[-92.25842,43.08478],[-92.26165,43.08696],[-92.26503,43.08925],[-92.26827,43.09144],[-92.27163,43.09371],[-92.2748,43.09586],[-92.27827,43.09821],[-92.28108,43.10011],[-92.28412,43.10216],[-92.28712,43.10419],[-92.29062,43.10657],[-92.29326,43.10835],[-92.29661,43.11062],[-92.29948,43.11256],[-92.30203,43.11544],[-92.30394,43.11761],[-92.30651,43.12052],[-92.30885,43.12317],[-92.31129,43.12593],[-92.31345,43.12837],[-92.31601,43.13128],[-92.31797,43.1335],[-92.31976,43.13553],[-92.32175,43.13779],[-92.32434,43.14073],[-92.32637,43.14304],[-92.32898,43.14579],[-92.33132,43.14845],[-92.33373,43.15124],[-92.33801,43.15618],[-92.33975,43.15804],[-92.34191,43.16036],[-92.34425,43.16284],[-92.3466,43.16536],[-92.34928,43.16824],[-92.35163,43.17072],[-92.354,43.17323],[-92.36362,43.18355],[-92.36599,43.18597],[-92.3687,43.18889],[-92.37081,43.19115],[-92.37249,43.19379],[-92.37444,43.19683],[-92.37762,43.20181],[-92.37948,43.20473],[-92.38142,43.20776],[-92.38317,43.2105],[-92.38502,43.21341],[-92.38667,43.21598],[-92.38863,43.21905],[-92.39049,43.22196],[-92.39223,43.22469],[-92.39422,43.22779],[-92.39599,43.23057],[-92.3976,43.23309],[-92.39973,43.23643],[-92.40144,43.23909],[-92.40336,43.2421],[-92.40498,43.24463],[-92.40656,43.2471],[-92.40851,43.25015],[-92.41037,43.25307],[-92.41193,43.2555],[-92.41371,43.25828],[-92.41569,43.26139],[-92.41748,43.26418],[-92.41939,43.26717],[-92.42126,43.2701],[-92.42427,43.27266],[-92.42711,43.27508],[-92.43,43.27754],[-92.43296,43.28007],[-92.43549,43.28222],[-92.4388,43.28504],[-92.44135,43.28721],[-92.44434,43.28976],[-92.44724,43.29223],[-92.45023,43.29478],[-92.45308,43.29721],[-92.45606,43.29974],[-92.45896,43.30225],[-92.46151,43.30447],[-92.46393,43.30657],[-92.46662,43.30889],[-92.46877,43.31172],[-92.47064,43.31417],[-92.47285,43.31707],[-92.47501,43.3199],[-92.47721,43.32279],[-92.47943,43.3257],[-92.48154,43.32848],[-92.48371,43.33132],[-92.4859,43.33419],[-92.48787,43.33677],[-92.49005,43.33963],[-92.49199,43.34217],[-92.49438,43.34531],[-92.49615,43.34763],[-92.4983,43.35046],[-92.50045,43.35327],[-92.50269,43.3562],[-92.50476,43.35892],[-92.50709,43.36198],[-92.50885,43.36428],[-92.51094,43.36674],[-92.51286,43.36899],[-92.51487,43.37137],[-92.51736,43.37431],[-92.51957,43.3769],[-92.52187,43.37961],[-92.52431,43.38249],[-92.52659,43.38521],[-92.52887,43.38793],[-92.53119,43.39073],[-92.53351,43.39356],[-92.53585,43.39629],[-92.53818,43.39915],[-92.54004,43.40142],[-92.54233,43.40422],[-92.54469,43.40712],[-92.54681,43.40972],[-92.5493,43.41272],[-92.55119,43.41506],[-92.55345,43.41786],[-92.55574,43.42066],[-92.55803,43.42348],[-92.56036,43.42634],[-92.56268,43.42919],[-92.56484,43.43184],[-92.56712,43.43464],[-92.56937,43.43738],[-92.57116,43.43956],[-92.57326,43.44138],[-92.57521,43.44305],[-92.57755,43.44504],[-92.58017,43.44766],[-92.58272,43.45022],[-92.58524,43.45275],[-92.58794,43.45531],[-92.60062,43.46792],[-92.60916,43.47656],[-92.61087,43.47843],[-92.61091,43.48094],[-92.61118,43.48101],[-92.61213,43.48155]]}},{"type":"Feature","properties":{"id":"159579","type":"AC; OVERHEAD","status":"IN SERVICE","owner":"MIDAMERICAN ENERGY CO","voltage":161,"voltClass":"100-161"},"geometry":{"type":"LineString","coordinates":[[-94.31278,42.5097],[-94.31275,42.50913],[-94.30959,42.50907],[-94.30859,42.50883],[-94.30859,42.50857],[-94.30843,42.50834]]}},{"type":"Feature","properties":{"id":"124770","type":"AC; OVERHEAD","status":"IN SERVICE","owner":null,"voltage":161,"voltClass":"100-161"},"geometry":{"type":"LineString","coordinates":[[-91.07383,42.04715],[-91.07397,42.04746],[-91.07447,42.04745],[-91.0767,42.047],[-91.07815,42.0467],[-91.08075,42.04617],[-91.08302,42.04569],[-91.08583,42.04512],[-91.08807,42.04465],[-91.09096,42.04406],[-91.09334,42.0436],[-91.09495,42.0428],[-91.09663,42.04198],[-91.09892,42.0409],[-91.10124,42.03979],[-91.10287,42.039],[-91.1048,42.03807],[-91.10717,42.03692],[-91.10958,42.03577],[-91.11185,42.03467],[-91.11342,42.03394],[-91.1152,42.03306],[-91.11747,42.03257],[-91.11996,42.03193],[-91.12221,42.0314],[-91.12406,42.03097],[-91.12582,42.03056],[-91.12816,42.03001],[-91.13015,42.02953],[-91.13323,42.02881],[-91.13623,42.02811],[-91.13889,42.02719],[-91.14155,42.02623],[-91.14394,42.02542],[-91.14583,42.02476],[-91.14805,42.02398],[-91.14973,42.02337],[-91.15171,42.02268],[-91.15422,42.02181],[-91.15643,42.02102],[-91.15875,42.0202],[-91.1611,42.01938],[-91.16325,42.01864],[-91.16498,42.01806],[-91.16622,42.01737],[-91.16803,42.01642],[-91.17092,42.01489],[-91.17316,42.01373],[-91.17418,42.01317],[-91.17595,42.01224],[-91.17723,42.01157],[-91.17929,42.0105],[-91.18086,42.00966],[-91.1832,42.00856],[-91.18563,42.00739],[-91.18803,42.00622],[-91.19043,42.00505],[-91.19267,42.00395],[-91.19468,42.00297],[-91.19663,42.00197],[-91.19829,42.00116],[-91.20012,42.00027],[-91.20181,41.99943],[-91.20304,41.99881],[-91.20418,41.99827],[-91.20517,41.99779],[-91.20625,41.99745],[-91.20743,41.9973],[-91.20859,41.99733],[-91.20997,41.99759],[-91.2115,41.99787],[-91.21293,41.99813],[-91.21451,41.99842],[-91.21609,41.99872],[-91.21764,41.999],[-91.21915,41.99928],[-91.21921,41.99727],[-91.21927,41.99554],[-91.21933,41.99384],[-91.21942,41.99183],[-91.22185,41.99095],[-91.22418,41.99012],[-91.2261,41.98942],[-91.22789,41.98879],[-91.2297,41.98813],[-91.23203,41.98729],[-91.23444,41.98645],[-91.2363,41.98579],[-91.23935,41.98469],[-91.24177,41.98383],[-91.24368,41.98316],[-91.24615,41.982],[-91.24848,41.98093],[-91.25104,41.97975],[-91.25285,41.97893],[-91.25491,41.97796],[-91.2562,41.97739],[-91.25874,41.97621],[-91.26118,41.97508],[-91.26385,41.97389],[-91.26605,41.97283],[-91.26834,41.97285],[-91.27073,41.97287],[-91.27348,41.9729],[-91.27582,41.97292],[-91.27837,41.97293],[-91.28112,41.97296],[-91.28324,41.97298],[-91.28546,41.973],[-91.28833,41.973],[-91.29072,41.973],[-91.29313,41.97299],[-91.29557,41.97298],[-91.29754,41.97297],[-91.30014,41.97297],[-91.30289,41.97296],[-91.30513,41.97294],[-91.30759,41.97294],[-91.31008,41.97293],[-91.31274,41.97292],[-91.3154,41.97293],[-91.31788,41.97292],[-91.32018,41.97292],[-91.32263,41.97292],[-91.32485,41.97292],[-91.32706,41.97292],[-91.32925,41.97292],[-91.332,41.97294],[-91.33424,41.97295],[-91.33695,41.97297],[-91.33928,41.97298],[-91.34202,41.97298],[-91.34487,41.97299],[-91.34717,41.97301],[-91.34927,41.973],[-91.3515,41.973],[-91.35382,41.97299],[-91.35616,41.97299],[-91.35805,41.97295],[-91.3599,41.97293],[-91.36255,41.9729],[-91.36556,41.97287],[-91.36802,41.97287],[-91.37038,41.97286],[-91.37287,41.97286],[-91.37536,41.97288],[-91.3777,41.97243],[-91.37928,41.97213],[-91.37962,41.97179]]}},{"type":"Feature","properties":{"id":"124873","type":"AC; OVERHEAD","status":"IN SERVICE","owner":null,"voltage":345,"voltClass":"345"},"geometry":{"type":"LineString","coordinates":[[-95.64539,40.36049],[-95.64398,40.36074],[-95.64205,40.36044],[-95.64136,40.36033],[-95.64019,40.36017],[-95.63872,40.35997],[-95.63583,40.36074],[-95.63347,40.36135],[-95.63116,40.36288],[-95.62982,40.36467],[-95.6288,40.36607],[-95.62743,40.36793],[-95.62645,40.36926],[-95.62529,40.37081],[-95.62401,40.37256],[-95.62275,40.37427],[-95.62136,40.37619],[-95.61927,40.37756],[-95.61711,40.37904],[-95.61519,40.38038],[-95.61301,40.38183],[-95.61112,40.38313],[-95.60906,40.38451],[-95.60698,40.38593],[-95.60516,40.38717],[-95.60335,40.3884],[-95.60155,40.38962],[-95.59966,40.39092],[-95.59763,40.3923],[-95.59571,40.39359],[-95.5937,40.39495],[-95.59178,40.39627],[-95.59021,40.39732],[-95.58906,40.3981],[-95.58719,40.39937],[-95.585,40.40087],[-95.58344,40.40194],[-95.58151,40.40326],[-95.57992,40.4043],[-95.57792,40.40568],[-95.57578,40.40712],[-95.57364,40.40859],[-95.57159,40.40998],[-95.56948,40.4114],[-95.5675,40.41276],[-95.56564,40.41401],[-95.56369,40.41533],[-95.56178,40.41663],[-95.55836,40.41892],[-95.55614,40.42007],[-95.55369,40.42134],[-95.55124,40.42258],[-95.54881,40.42381],[-95.54528,40.42561],[-95.54322,40.42668],[-95.53971,40.42846],[-95.53864,40.42901],[-95.53582,40.43042],[-95.53351,40.43161],[-95.532,40.43236],[-95.52951,40.43364],[-95.52793,40.43446],[-95.52543,40.4357],[-95.52323,40.43735],[-95.5221,40.43821],[-95.5201,40.4397],[-95.5187,40.44074],[-95.51739,40.44172],[-95.51386,40.44438],[-95.51231,40.4455],[-95.51048,40.44691],[-95.50845,40.44843],[-95.50534,40.45073],[-95.50413,40.45165],[-95.50266,40.45274],[-95.50002,40.45472],[-95.49755,40.45655],[-95.4958,40.45786],[-95.4932,40.45979],[-95.49071,40.46165],[-95.4892,40.4628],[-95.48826,40.4635],[-95.48493,40.46599],[-95.4839,40.46676],[-95.48242,40.46786],[-95.47996,40.46969],[-95.47808,40.47109],[-95.4771,40.47182],[-95.47562,40.47293],[-95.47274,40.47507],[-95.47084,40.47649],[-95.46936,40.47758],[-95.46802,40.4786],[-95.4669,40.47944],[-95.46397,40.48163],[-95.4618,40.48324],[-95.45992,40.48466],[-95.4586,40.48563],[-95.45729,40.4866],[-95.45519,40.48816],[-95.45275,40.48998],[-95.45095,40.49138],[-95.44882,40.49254],[-95.44762,40.49322],[-95.44541,40.49448],[-95.44346,40.4956],[-95.44059,40.49722],[-95.4385,40.4984],[-95.43581,40.49993],[-95.43402,40.50093],[-95.43228,40.50192],[-95.429,40.50379],[-95.42739,40.5047],[-95.42422,40.50651],[-95.42286,40.50729],[-95.42142,40.5081],[-95.41871,40.50963],[-95.4172,40.51049],[-95.41456,40.51196],[-95.41262,40.51308],[-95.41086,40.51408],[-95.40897,40.51515],[-95.40717,40.51617],[-95.404,40.51796],[-95.40221,40.51899],[-95.40086,40.51976],[-95.39749,40.52166],[-95.39497,40.52309],[-95.39492,40.52502],[-95.39494,40.5256],[-95.39447,40.5256]]}},{"type":"Feature","properties":{"id":"124974","type":"AC; OVERHEAD","status":"IN SERVICE","owner":"MIDAMERICAN ENERGY CO","voltage":161,"voltClass":"100-161"},"geometry":{"type":"LineString","coordinates":[[-92.55474,41.09284],[-92.55467,41.09146],[-92.5547,41.08894],[-92.55463,41.08371],[-92.55457,41.07889],[-92.55452,41.07474],[-92.5545,41.07057],[-92.55455,41.06448],[-92.55445,41.06127],[-92.55435,41.05877],[-92.5543,41.05556],[-92.55433,41.05217],[-92.55058,41.05226],[-92.54156,41.05239],[-92.53405,41.05245],[-92.52982,41.05244],[-92.52739,41.05245],[-92.52131,41.05247],[-92.51808,41.05249],[-92.51501,41.05249],[-92.5118,41.05248],[-92.50546,41.0525],[-92.50118,41.0525],[-92.49425,41.05245],[-92.49113,41.05245],[-92.49114,41.04917],[-92.4912,41.04565],[-92.4912,41.04199],[-92.49112,41.03752],[-92.49102,41.03267],[-92.49082,41.02888],[-92.49058,41.02359],[-92.49099,41.01891],[-92.49129,41.01573],[-92.49153,41.01313],[-92.49113,41.00723],[-92.49103,41.00186],[-92.49093,40.99976],[-92.49093,40.99826],[-92.49089,40.99407],[-92.49079,40.98947],[-92.49084,40.98645],[-92.49087,40.98369],[-92.49082,40.98255],[-92.48767,40.98253],[-92.48348,40.98254],[-92.4807,40.98253],[-92.47813,40.98252],[-92.47047,40.98249],[-92.4636,40.98243],[-92.45716,40.98243],[-92.45338,40.9814],[-92.44499,40.97912],[-92.44352,40.97875],[-92.4372,40.97878],[-92.42817,40.97873],[-92.41996,40.97872],[-92.41947,40.97873],[-92.41847,40.9788],[-92.41727,40.97887],[-92.41605,40.97891],[-92.41492,40.9789],[-92.41352,40.97888],[-92.40929,40.97882],[-92.40616,40.97866],[-92.4023,40.97853],[-92.39854,40.97848],[-92.393,40.97844],[-92.38758,40.97841],[-92.38334,40.97839],[-92.37766,40.97841],[-92.37625,40.9784],[-92.37535,40.97854],[-92.37377,40.97878],[-92.37377,40.9809],[-92.37379,40.98309],[-92.37383,40.98528],[-92.37394,40.98938],[-92.37399,40.99168],[-92.37407,40.99365],[-92.37425,40.9976],[-92.37403,41.00053],[-92.37384,41.00264],[-92.37372,41.00425],[-92.37294,41.00434]]}},{"type":"Feature","properties":{"id":"126800","type":"AC; OVERHEAD","status":"IN SERVICE","owner":"AMERICAN TRANSMISSION CO","voltage":138,"voltClass":"100-161"},"geometry":{"type":"LineString","coordinates":[[-90.70204,42.71871],[-90.68214,42.7185],[-90.67033,42.71837],[-90.65443,42.71826],[-90.63744,42.71829],[-90.62297,42.71827],[-90.60724,42.71819],[-90.59103,42.71828],[-90.57855,42.71833],[-90.56521,42.71834],[-90.55806,42.71827],[-90.54137,42.71823],[-90.52469,42.71819],[-90.51403,42.7184],[-90.50834,42.7185],[-90.50002,42.71998],[-90.49643,42.71847],[-90.4801,42.71843],[-90.46772,42.71834],[-90.46619,42.71832],[-90.46629,42.71863]]}},{"type":"Feature","properties":{"id":"127059","type":"AC; OVERHEAD","status":"IN SERVICE","owner":"OMAHA PUBLIC POWER DISTRICT","voltage":345,"voltClass":"345"},"geometry":{"type":"LineString","coordinates":[[-96.08002,41.27913],[-96.0794,41.27882],[-96.07939,41.27833],[-96.07962,41.27811],[-96.08078,41.27698],[-96.08112,41.27663],[-96.08233,41.27538],[-96.08397,41.27372],[-96.08587,41.2718],[-96.08585,41.26978],[-96.08586,41.26774],[-96.08584,41.26531],[-96.08542,41.26384],[-96.08497,41.26213],[-96.08491,41.26192],[-96.08432,41.25978],[-96.08324,41.25734],[-96.08224,41.2551],[-96.08225,41.25253],[-96.08014,41.2505],[-96.07842,41.24885],[-96.07804,41.24848],[-96.0762,41.2467],[-96.07288,41.24532],[-96.07041,41.24428],[-96.06742,41.24303],[-96.06504,41.24156],[-96.0626,41.24003],[-96.06116,41.23867],[-96.05968,41.23728],[-96.05819,41.23588],[-96.05659,41.2344],[-96.05346,41.23312],[-96.0513,41.23165],[-96.05123,41.23161],[-96.04862,41.23034],[-96.04636,41.22927],[-96.04415,41.22824],[-96.04266,41.2255],[-96.04136,41.22306],[-96.04084,41.22212],[-96.04021,41.22095],[-96.03973,41.22005],[-96.03956,41.21986],[-96.038,41.21811],[-96.03626,41.21604],[-96.0345,41.21402],[-96.03288,41.21216],[-96.03007,41.21107],[-96.02822,41.21029],[-96.0256,41.20927],[-96.02248,41.20806],[-96.02024,41.20723],[-96.01799,41.20636],[-96.01589,41.20549],[-96.0155,41.203],[-96.01507,41.20047],[-96.01466,41.19791],[-96.01426,41.19548],[-96.01259,41.1935],[-96.01086,41.1914],[-96.00928,41.18955],[-96.00762,41.1876],[-96.00594,41.18562],[-96.00423,41.18362],[-96.00258,41.18164],[-96.00127,41.1801],[-96.00077,41.17952],[-96.00039,41.17945],[-95.99747,41.17893],[-95.9966,41.17618],[-95.99572,41.17335],[-95.99485,41.1706],[-95.99474,41.17021],[-95.99439,41.16904],[-95.9916,41.16907],[-95.98814,41.16908],[-95.98472,41.16911],[-95.98137,41.16912],[-95.97832,41.16914],[-95.97685,41.16916],[-95.97633,41.16917],[-95.97506,41.16918],[-95.97194,41.16923],[-95.9698,41.16964]]}},{"type":"Feature","properties":{"id":"127234","type":"AC; OVERHEAD","status":"IN SERVICE","owner":null,"voltage":161,"voltClass":"100-161"},"geometry":{"type":"LineString","coordinates":[[-92.35455,42.59341],[-92.35537,42.59307],[-92.35534,42.59264],[-92.35532,42.59149],[-92.35719,42.58886],[-92.35731,42.58795],[-92.35734,42.58523],[-92.35732,42.58386],[-92.35726,42.57849],[-92.35725,42.57759],[-92.35716,42.57088],[-92.35712,42.56979],[-92.35692,42.56552],[-92.35692,42.56402],[-92.35689,42.5621],[-92.3569,42.5601],[-92.35697,42.55719],[-92.35702,42.55592],[-92.35706,42.55371],[-92.35712,42.55033],[-92.35713,42.54941],[-92.35724,42.54324],[-92.35726,42.54284],[-92.35663,42.54277]]}},{"type":"Feature","properties":{"id":"127530","type":"AC; OVERHEAD","status":"IN SERVICE","owner":"OMAHA PUBLIC POWER DISTRICT","voltage":345,"voltClass":"345"},"geometry":{"type":"LineString","coordinates":[[-96.36546,42.32936],[-96.36613,42.33006],[-96.36699,42.32993],[-96.3673,42.32988],[-96.36786,42.32976],[-96.36841,42.32965],[-96.37154,42.32902],[-96.37565,42.32797],[-96.37995,42.32732],[-96.38388,42.32693],[-96.38596,42.32661],[-96.38836,42.32623],[-96.39322,42.32549],[-96.40202,42.3254],[-96.4053,42.3254],[-96.40842,42.32538],[-96.41134,42.32536],[-96.4141,42.32532],[-96.41433,42.32303],[-96.41441,42.32066],[-96.41451,42.31818],[-96.41459,42.31591],[-96.41467,42.3138],[-96.41477,42.31134],[-96.41484,42.30932],[-96.41494,42.30684],[-96.41503,42.30446],[-96.41512,42.30202],[-96.41521,42.29952],[-96.41528,42.29782],[-96.41522,42.29525],[-96.41515,42.29243],[-96.41506,42.28875],[-96.41501,42.28631],[-96.4164,42.28545],[-96.41903,42.28382],[-96.42185,42.28207],[-96.42389,42.28082],[-96.42579,42.27964],[-96.42801,42.27826],[-96.42965,42.27725],[-96.4321,42.27573],[-96.43164,42.27374],[-96.43111,42.27146],[-96.43025,42.26773],[-96.42975,42.26556],[-96.42921,42.26326],[-96.42855,42.26041],[-96.4281,42.25848],[-96.42741,42.25552],[-96.42691,42.25332],[-96.42641,42.25118],[-96.4258,42.24855],[-96.42527,42.24626],[-96.42462,42.24347],[-96.42424,42.24183],[-96.42335,42.23992],[-96.42251,42.23808],[-96.42145,42.23579],[-96.42065,42.23407],[-96.41977,42.23218],[-96.41887,42.23023],[-96.41794,42.22823],[-96.4171,42.2264],[-96.41585,42.2237],[-96.41498,42.22182],[-96.41393,42.21956],[-96.41301,42.21755],[-96.41212,42.21564],[-96.41073,42.21264],[-96.40996,42.21097],[-96.40899,42.20888],[-96.40846,42.20724],[-96.40761,42.20466],[-96.40716,42.20329],[-96.40608,42.19999],[-96.40527,42.19752],[-96.40459,42.19543],[-96.40398,42.19357],[-96.40314,42.19101],[-96.40224,42.18826],[-96.40147,42.18591],[-96.40053,42.18302],[-96.39978,42.18073],[-96.39911,42.17865],[-96.39841,42.17652],[-96.39784,42.17474],[-96.39715,42.17262],[-96.39635,42.17015],[-96.39548,42.16751],[-96.39471,42.16511],[-96.39416,42.16342],[-96.39332,42.16085],[-96.39245,42.15817],[-96.39191,42.1565],[-96.39131,42.15466],[-96.39038,42.15181],[-96.38968,42.14964],[-96.38882,42.147],[-96.38771,42.14359],[-96.38695,42.14124],[-96.38614,42.13877],[-96.3846,42.13402],[-96.38411,42.13252],[-96.38334,42.13014],[-96.38265,42.128],[-96.38195,42.12586],[-96.38108,42.12349],[-96.38027,42.12125],[-96.37968,42.11964],[-96.3787,42.11697],[-96.37788,42.11471],[-96.37694,42.11215],[-96.37534,42.10776],[-96.37458,42.10568],[-96.37381,42.10358],[-96.37234,42.09955],[-96.37141,42.09701],[-96.37039,42.09422],[-96.36956,42.09194],[-96.36887,42.09005],[-96.368,42.08768],[-96.36696,42.08482],[-96.36596,42.08208],[-96.36502,42.07952],[-96.36426,42.07742],[-96.36323,42.07462],[-96.36238,42.0723],[-96.36154,42.06999],[-96.36058,42.06735],[-96.35964,42.06478],[-96.35832,42.06115],[-96.35669,42.05934],[-96.35535,42.05783],[-96.35386,42.05616],[-96.35186,42.05392],[-96.3503,42.05218],[-96.34874,42.05043],[-96.347,42.04848],[-96.34583,42.04717],[-96.3445,42.04569],[-96.34291,42.0439],[-96.34139,42.04221],[-96.33924,42.03979],[-96.33775,42.03812],[-96.33579,42.03593],[-96.33452,42.03451],[-96.33271,42.03247],[-96.33186,42.03152],[-96.33122,42.02996],[-96.33064,42.02851],[-96.32966,42.0261],[-96.32879,42.02397],[-96.32797,42.02195],[-96.32715,42.01993],[-96.32645,42.01821],[-96.32575,42.01648],[-96.3248,42.01415],[-96.32414,42.01253],[-96.32352,42.011],[-96.32266,42.00889],[-96.32172,42.00656],[-96.32095,42.00467],[-96.32013,42.00266],[-96.3179,42.00109],[-96.31564,41.9995],[-96.31359,41.99806],[-96.31176,41.99678],[-96.30979,41.99539],[-96.30688,41.99335],[-96.30474,41.99184],[-96.30322,41.99078],[-96.30089,41.98914],[-96.29853,41.98749],[-96.29648,41.98605],[-96.29458,41.98471],[-96.29216,41.98301],[-96.2903,41.98171],[-96.28835,41.98034],[-96.28359,41.97699],[-96.28144,41.97548],[-96.27922,41.97392],[-96.27688,41.97191],[-96.2736,41.96909],[-96.27142,41.96722],[-96.27013,41.96612],[-96.26795,41.96424],[-96.26653,41.96302],[-96.26409,41.96093],[-96.26255,41.95959],[-96.26104,41.9583],[-96.25875,41.95633],[-96.25611,41.95447],[-96.25411,41.95306],[-96.25208,41.95163],[-96.24941,41.94974],[-96.24752,41.94841],[-96.24635,41.94758],[-96.24488,41.94654],[-96.24208,41.94456],[-96.24013,41.94318],[-96.2385,41.94203],[-96.23647,41.9406],[-96.23434,41.9391],[-96.23252,41.93781],[-96.22975,41.93585],[-96.22772,41.93442],[-96.22604,41.93323],[-96.22377,41.93163],[-96.22339,41.92947],[-96.22304,41.92751],[-96.22268,41.92549],[-96.22232,41.9235],[-96.22191,41.92118],[-96.2215,41.91889],[-96.22114,41.9169],[-96.22077,41.91483],[-96.22038,41.9126],[-96.21999,41.91044],[-96.21961,41.90833],[-96.21923,41.90618],[-96.21885,41.90403],[-96.21842,41.90167],[-96.21807,41.89968],[-96.21761,41.89711],[-96.21717,41.89463],[-96.21673,41.89216],[-96.21627,41.88959],[-96.21585,41.88725],[-96.21545,41.88497],[-96.21505,41.88276],[-96.21462,41.88037],[-96.21299,41.87847],[-96.21194,41.87725],[-96.21004,41.87503],[-96.20806,41.87274],[-96.20638,41.87078],[-96.20473,41.86886],[-96.20321,41.86709],[-96.20188,41.86553],[-96.20036,41.86377],[-96.19889,41.86206],[-96.19733,41.86025],[-96.19579,41.85845],[-96.19458,41.85664],[-96.19327,41.85468],[-96.19212,41.85296],[-96.19074,41.8509],[-96.1895,41.84905],[-96.18817,41.84706],[-96.18689,41.84515],[-96.18554,41.84312],[-96.18425,41.8412],[-96.18304,41.83939],[-96.18169,41.83736],[-96.18029,41.83527],[-96.17886,41.83314],[-96.17757,41.8312],[-96.17612,41.82903],[-96.17472,41.82694],[-96.17333,41.82486],[-96.17206,41.82296],[-96.17073,41.82097],[-96.16924,41.81874],[-96.16786,41.81668],[-96.16648,41.8146],[-96.16557,41.81249],[-96.16461,41.81023],[-96.16362,41.80791],[-96.16268,41.8057],[-96.16167,41.80334],[-96.16074,41.80116],[-96.15976,41.79885],[-96.15882,41.79665],[-96.15798,41.79469],[-96.15714,41.79272],[-96.15623,41.79057],[-96.15632,41.78684],[-96.15638,41.78473],[-96.15645,41.7821],[-96.15649,41.78058],[-96.15656,41.77791],[-96.15662,41.77553],[-96.15668,41.77332],[-96.15675,41.77091],[-96.15681,41.76861],[-96.15687,41.76623],[-96.15693,41.76397],[-96.15699,41.76187],[-96.15704,41.75981],[-96.1571,41.75749],[-96.15716,41.75545],[-96.15722,41.75299],[-96.15728,41.7507],[-96.15734,41.74851],[-96.1574,41.74615],[-96.15746,41.744],[-96.15751,41.74189],[-96.15757,41.73981],[-96.15763,41.7376],[-96.15769,41.73537],[-96.15775,41.73313],[-96.1578,41.73106],[-96.15786,41.72873],[-96.15792,41.7265],[-96.15798,41.72424],[-96.15804,41.7221],[-96.1581,41.71987],[-96.15816,41.71745],[-96.15822,41.71508],[-96.15829,41.71269],[-96.15834,41.71061],[-96.1584,41.70858],[-96.15846,41.70633],[-96.15852,41.70406],[-96.15857,41.70187],[-96.15863,41.69969],[-96.15869,41.69742],[-96.15875,41.69514],[-96.15881,41.69303],[-96.15887,41.69071],[-96.15893,41.68848],[-96.15899,41.68615],[-96.15905,41.6838],[-96.15908,41.68268],[-96.15845,41.68049],[-96.15777,41.67813],[-96.15713,41.67591],[-96.15661,41.67412],[-96.15605,41.67216],[-96.15554,41.67039],[-96.1549,41.66816],[-96.15427,41.66598],[-96.15361,41.66369],[-96.15295,41.66141],[-96.15243,41.65962],[-96.15187,41.65766],[-96.15122,41.65539],[-96.15064,41.65339],[-96.14999,41.65115],[-96.14937,41.64898],[-96.14873,41.64677],[-96.14809,41.64452],[-96.14742,41.64222],[-96.14676,41.6399],[-96.14622,41.63804],[-96.14569,41.6362],[-96.14507,41.63404],[-96.14439,41.63168],[-96.14372,41.62934],[-96.14309,41.62717],[-96.14249,41.62509],[-96.14161,41.62299],[-96.14072,41.62085],[-96.13984,41.61875],[-96.13891,41.61652],[-96.13799,41.61432],[-96.13725,41.61255],[-96.13646,41.61067],[-96.13556,41.60851],[-96.13464,41.60631],[-96.1337,41.60405],[-96.1327,41.60166],[-96.13172,41.59932],[-96.13078,41.59707],[-96.1299,41.59497],[-96.12902,41.59286],[-96.12812,41.5907],[-96.12711,41.58828],[-96.12611,41.58591],[-96.12528,41.58391],[-96.12442,41.58185],[-96.12346,41.57954],[-96.12255,41.57737],[-96.12167,41.57527],[-96.12076,41.57309],[-96.11988,41.57099],[-96.11901,41.56891],[-96.11813,41.56681],[-96.11723,41.56464],[-96.11637,41.56258],[-96.11544,41.56035],[-96.11453,41.55819],[-96.11361,41.55598],[-96.11278,41.55398],[-96.11162,41.55121],[-96.11083,41.54908],[-96.10997,41.5466],[-96.10909,41.54407],[-96.10829,41.54259],[-96.10734,41.5402],[-96.10626,41.53763],[-96.10946,41.53766],[-96.11244,41.53774],[-96.11332,41.53566],[-96.11427,41.53354],[-96.11307,41.53205],[-96.1119,41.53058],[-96.11069,41.52905],[-96.10896,41.52685],[-96.10642,41.52683],[-96.10409,41.52683],[-96.10201,41.52679],[-96.09979,41.52601],[-96.09701,41.52503],[-96.09406,41.52405],[-96.09132,41.52304],[-96.08885,41.52218],[-96.0867,41.52142],[-96.08195,41.51976],[-96.08104,41.51873]]}},{"type":"Feature","properties":{"id":"127714","type":"AC; OVERHEAD","status":"IN SERVICE","owner":null,"voltage":161,"voltClass":"100-161"},"geometry":{"type":"LineString","coordinates":[[-95.46,42.15689],[-95.46016,42.15771],[-95.46369,42.15852],[-95.47179,42.16036],[-95.48038,42.16234],[-95.48912,42.16431],[-95.4981,42.16635],[-95.50847,42.1687],[-95.51837,42.17094],[-95.52728,42.17294],[-95.53446,42.17457],[-95.54259,42.17645],[-95.54669,42.17737],[-95.55554,42.17938],[-95.56502,42.18168],[-95.57273,42.18354],[-95.58236,42.18585],[-95.59308,42.18843],[-95.60713,42.1918],[-95.62034,42.19497],[-95.62352,42.19576],[-95.63131,42.19753],[-95.6381,42.19892],[-95.64796,42.20086],[-95.6581,42.20289],[-95.66711,42.20467],[-95.67472,42.20619],[-95.68272,42.2078],[-95.68532,42.2078],[-95.69465,42.20782],[-95.70208,42.20787],[-95.70477,42.20791],[-95.71395,42.2101],[-95.7188,42.21002],[-95.72401,42.21],[-95.73591,42.21001],[-95.74395,42.21004],[-95.74619,42.21006],[-95.74865,42.21026],[-95.75135,42.2103],[-95.7631,42.21043],[-95.76737,42.21047],[-95.76733,42.20998],[-95.76758,42.20968]]}},{"type":"Feature","properties":{"id":"127768","type":"AC; OVERHEAD","status":"IN SERVICE","owner":null,"voltage":161,"voltClass":"100-161"},"geometry":{"type":"LineString","coordinates":[[-90.65045,42.52581],[-90.65088,42.52539],[-90.65149,42.52467],[-90.65325,42.52552],[-90.65699,42.52732],[-90.65715,42.52985],[-90.65805,42.53069],[-90.65892,42.53162],[-90.66058,42.5334],[-90.66147,42.53428],[-90.66148,42.53702],[-90.66184,42.54336],[-90.66192,42.54431],[-90.66331,42.54429],[-90.6683,42.54425],[-90.67616,42.54415],[-90.68287,42.54412],[-90.68707,42.54414],[-90.6897,42.54419],[-90.6955,42.54222],[-90.69754,42.54354],[-90.70267,42.54675],[-90.70428,42.54777],[-90.70706,42.54777],[-90.71157,42.54782],[-90.71549,42.54989],[-90.71897,42.55165],[-90.72024,42.55232],[-90.72625,42.55411],[-90.73301,42.55611],[-90.73725,42.56055],[-90.73904,42.56222],[-90.7407,42.56381],[-90.74246,42.56554],[-90.75121,42.56553],[-90.76184,42.56559],[-90.76731,42.56559],[-90.77087,42.56216],[-90.7724,42.55783],[-90.77216,42.55488],[-90.77235,42.5504],[-90.77233,42.54926],[-90.77501,42.54647],[-90.77759,42.5424],[-90.7787,42.54075],[-90.77858,42.53854],[-90.77862,42.5326],[-90.7787,42.53205],[-90.77904,42.53165]]}},{"type":"Feature","properties":{"id":"127791","type":"AC; OVERHEAD","status":"IN SERVICE","owner":"UNION ELECTRIC CO - (MO)","voltage":161,"voltClass":"100-161"},"geometry":{"type":"LineString","coordinates":[[-91.42483,40.42813],[-91.42522,40.42829],[-91.42736,40.42813],[-91.43057,40.42816],[-91.43487,40.42901],[-91.4389,40.42906],[-91.45201,40.42936],[-91.4654,40.42957],[-91.47789,40.42958],[-91.49101,40.42964],[-91.50319,40.42968],[-91.51569,40.42973],[-91.51962,40.42973],[-91.53019,40.42975],[-91.54018,40.42985],[-91.54995,40.4299],[-91.56227,40.42993],[-91.56924,40.42998],[-91.57489,40.43002],[-91.57766,40.42754],[-91.58671,40.42741]]}},{"type":"Feature","properties":{"id":"125685","type":"AC; OVERHEAD","status":"IN SERVICE","owner":null,"voltage":161,"voltClass":"100-161"},"geometry":{"type":"LineString","coordinates":[[-95.66636,41.28206],[-95.66622,41.2819],[-95.66584,41.28089],[-95.66327,41.28283],[-95.65085,41.29242],[-95.64097,41.30007],[-95.62881,41.30953],[-95.62677,41.31101],[-95.61825,41.31611],[-95.60458,41.32431],[-95.59043,41.3328],[-95.5803,41.33882],[-95.56467,41.34822],[-95.55184,41.35586],[-95.53889,41.36362],[-95.52543,41.37178],[-95.5171,41.37693],[-95.51247,41.37921],[-95.49486,41.38766],[-95.49197,41.389],[-95.47754,41.39891],[-95.46497,41.40757],[-95.44379,41.42216],[-95.42785,41.43306],[-95.41734,41.44019],[-95.40335,41.44586],[-95.3881,41.45197],[-95.3792,41.45558],[-95.35939,41.46352],[-95.34954,41.46745],[-95.34951,41.46829],[-95.34927,41.46877]]}},{"type":"Feature","properties":{"id":"125905","type":"AC; OVERHEAD","status":"IN SERVICE","owner":"MIDAMERICAN ENERGY CO","voltage":345,"voltClass":"345"},"geometry":{"type":"LineString","coordinates":[[-90.27978,41.71389],[-90.2809,41.71422],[-90.28224,41.7142],[-90.28232,41.71558],[-90.2864,41.71556],[-90.29007,41.71548],[-90.29371,41.7154],[-90.29735,41.71533],[-90.30045,41.71528],[-90.30094,41.71527],[-90.30102,41.71761],[-90.30081,41.7201],[-90.30091,41.72252],[-90.30103,41.72502],[-90.30116,41.72728],[-90.30594,41.72716],[-90.30627,41.72652]]}},{"type":"Feature","properties":{"id":"126020","type":"OVERHEAD","status":null,"owner":"OMAHA PUBLIC POWER DISTRICT","voltage":161,"voltClass":"100-161"},"geometry":{"type":"LineString","coordinates":[[-95.94466,41.32909],[-95.94442,41.32762]]}},{"type":"Feature","properties":{"id":"126581","type":"AC; OVERHEAD","status":"IN SERVICE","owner":null,"voltage":345,"voltClass":"345"},"geometry":{"type":"LineString","coordinates":[[-91.55512,41.33476],[-91.55511,41.33399],[-91.55515,41.33303],[-91.55523,41.33071],[-91.55531,41.32837],[-91.55542,41.32632],[-91.55547,41.32431],[-91.55554,41.322],[-91.55633,41.31997],[-91.5572,41.31777],[-91.55792,41.31593],[-91.55856,41.31423],[-91.55933,41.31231],[-91.56002,41.3105],[-91.56101,41.30805],[-91.56171,41.30625],[-91.56269,41.30377],[-91.56355,41.30159],[-91.56452,41.29908],[-91.5656,41.29631],[-91.5661,41.29509],[-91.56677,41.29349],[-91.56713,41.29153],[-91.5675,41.28971],[-91.56902,41.2882],[-91.57059,41.28667],[-91.57226,41.28502],[-91.57342,41.28386],[-91.57503,41.28221],[-91.57753,41.27978],[-91.57761,41.2797],[-91.57855,41.27873],[-91.58057,41.27677],[-91.58291,41.27443],[-91.58472,41.27267],[-91.58574,41.27137],[-91.58724,41.26956],[-91.58869,41.26777],[-91.59018,41.26595],[-91.59169,41.26407],[-91.59361,41.26172],[-91.5951,41.25985],[-91.59661,41.25804],[-91.59799,41.25629],[-91.59948,41.2544],[-91.60111,41.25253],[-91.60239,41.25089],[-91.60267,41.24921],[-91.60301,41.24718],[-91.60334,41.24513],[-91.6037,41.24321],[-91.60403,41.24136],[-91.6043,41.23967],[-91.60472,41.23722],[-91.60496,41.23589],[-91.60534,41.23364],[-91.60575,41.23127],[-91.60626,41.22833],[-91.60657,41.22656],[-91.60718,41.22301],[-91.60748,41.22125],[-91.60801,41.21839],[-91.60798,41.21659],[-91.60797,41.2148],[-91.60797,41.21231],[-91.60796,41.20995],[-91.60795,41.20761],[-91.60794,41.20541],[-91.60793,41.20331],[-91.60794,41.20102],[-91.60794,41.19846],[-91.60792,41.19687],[-91.60793,41.19366],[-91.60792,41.19156],[-91.60791,41.18882],[-91.60792,41.18702],[-91.60789,41.18502],[-91.60791,41.18285],[-91.60789,41.18035],[-91.60788,41.17782],[-91.60788,41.17536],[-91.6079,41.17307],[-91.60788,41.17038],[-91.60786,41.16829],[-91.60788,41.16648],[-91.60787,41.16504],[-91.6079,41.1632],[-91.60761,41.16117],[-91.60733,41.15842],[-91.60711,41.15661],[-91.6069,41.15475],[-91.60672,41.15321],[-91.60656,41.15192],[-91.60621,41.14873],[-91.60626,41.14682],[-91.60633,41.14471],[-91.60641,41.14257],[-91.60646,41.14045],[-91.60652,41.13835],[-91.60658,41.13626],[-91.60665,41.1342],[-91.6067,41.13214],[-91.60675,41.13023],[-91.60679,41.12819],[-91.60689,41.12618],[-91.60692,41.12418],[-91.60697,41.12213],[-91.60704,41.12015],[-91.60711,41.11834],[-91.60714,41.11623],[-91.60722,41.11398],[-91.60728,41.11194],[-91.60735,41.10986],[-91.60741,41.10748],[-91.60753,41.10513],[-91.6075,41.10262],[-91.60748,41.10003],[-91.60751,41.09748],[-91.60752,41.09517],[-91.60749,41.09274],[-91.6075,41.09024],[-91.6075,41.0869],[-91.60753,41.08485],[-91.60753,41.08268],[-91.60752,41.07999],[-91.60753,41.0778],[-91.60752,41.07592],[-91.60752,41.07312],[-91.60754,41.07108],[-91.60753,41.06874],[-91.60754,41.06612],[-91.60756,41.06404],[-91.60754,41.06107],[-91.60755,41.05923],[-91.60758,41.05658],[-91.60756,41.05445],[-91.60757,41.05191],[-91.60756,41.0497],[-91.60758,41.0479],[-91.60758,41.04622],[-91.60759,41.04409],[-91.60759,41.04176],[-91.60755,41.03901],[-91.60834,41.03723],[-91.60958,41.03431],[-91.61033,41.03254],[-91.61164,41.02946],[-91.61225,41.028],[-91.61284,41.02666],[-91.61356,41.02499],[-91.61466,41.02239],[-91.61532,41.02078],[-91.61616,41.01883],[-91.61666,41.0177],[-91.61777,41.01502],[-91.61853,41.0132],[-91.61958,41.01085],[-91.62061,41.00836],[-91.62189,41.00532],[-91.6231,41.00251],[-91.62393,41.00057],[-91.62519,40.9976],[-91.62586,40.99598],[-91.62697,40.99343],[-91.6279,40.99117],[-91.62903,40.98856],[-91.63009,40.98604],[-91.63086,40.98429],[-91.63127,40.98291],[-91.63221,40.97998],[-91.63294,40.97773],[-91.63386,40.97477],[-91.63445,40.97295],[-91.63488,40.97161],[-91.63528,40.97044],[-91.6359,40.96847],[-91.63693,40.96525],[-91.63754,40.96332],[-91.63819,40.96127],[-91.63886,40.95935],[-91.63884,40.95721],[-91.63886,40.95524],[-91.63885,40.95194],[-91.63888,40.94936],[-91.63889,40.94739],[-91.6389,40.94397],[-91.63891,40.94202],[-91.63893,40.93947],[-91.63893,40.93745],[-91.63895,40.9346],[-91.63894,40.93241],[-91.63896,40.93091],[-91.63898,40.92728],[-91.63899,40.92582],[-91.63898,40.92393],[-91.63901,40.92073],[-91.63901,40.91941],[-91.63901,40.91746],[-91.63904,40.91492],[-91.63903,40.9129],[-91.63904,40.91077],[-91.63903,40.90888],[-91.639,40.90632],[-91.63899,40.90376],[-91.63898,40.90115],[-91.63895,40.89862],[-91.63894,40.89634],[-91.63894,40.89409],[-91.63893,40.89165],[-91.6389,40.88976],[-91.63888,40.88727],[-91.63889,40.88495],[-91.63888,40.88274],[-91.63887,40.88077],[-91.63888,40.87874],[-91.63884,40.8768],[-91.63882,40.87472],[-91.63881,40.8725],[-91.63881,40.87052],[-91.6388,40.86885],[-91.63881,40.86665],[-91.63879,40.86536],[-91.63879,40.86307],[-91.63879,40.8608],[-91.63876,40.85861],[-91.63873,40.85691],[-91.63934,40.85484],[-91.63994,40.85265],[-91.6407,40.85001],[-91.64126,40.84807],[-91.64173,40.84643],[-91.64316,40.84132],[-91.64391,40.83869],[-91.64447,40.83684],[-91.64449,40.83551],[-91.6444,40.83316],[-91.64448,40.83146],[-91.64439,40.8289],[-91.64434,40.82641],[-91.64434,40.8238],[-91.64434,40.82196],[-91.64432,40.81971],[-91.64425,40.81715],[-91.64423,40.81481],[-91.64425,40.8123],[-91.6442,40.81012],[-91.6442,40.80769],[-91.64418,40.80549],[-91.64419,40.80303],[-91.64416,40.80051],[-91.64415,40.79866],[-91.64411,40.79608],[-91.64411,40.79347],[-91.64411,40.79108],[-91.64409,40.7888],[-91.64408,40.78645],[-91.64405,40.78407],[-91.64403,40.7818],[-91.644,40.77948],[-91.644,40.77718],[-91.64398,40.77479],[-91.64394,40.77258],[-91.64391,40.77037],[-91.64426,40.7684],[-91.64472,40.76584],[-91.64512,40.76345],[-91.64549,40.76138],[-91.64584,40.75943],[-91.64615,40.75761],[-91.64651,40.75574],[-91.64651,40.75355],[-91.64648,40.75134],[-91.64652,40.74909],[-91.64657,40.74688],[-91.64657,40.74444],[-91.6466,40.7421],[-91.64663,40.73986],[-91.64666,40.73703],[-91.64668,40.73519],[-91.64668,40.73301],[-91.64673,40.73062],[-91.64672,40.72825],[-91.64678,40.7258],[-91.64683,40.72312],[-91.64685,40.72051],[-91.64685,40.71776],[-91.64692,40.71577],[-91.64691,40.71278],[-91.64692,40.71063],[-91.64698,40.70816],[-91.64702,40.70595],[-91.64703,40.70445],[-91.64703,40.70419],[-91.64702,40.70197],[-91.64705,40.70002],[-91.6471,40.69772],[-91.64711,40.69668],[-91.64712,40.69479],[-91.64716,40.69285],[-91.64719,40.69081],[-91.64719,40.68888],[-91.64722,40.68709],[-91.64721,40.6851],[-91.64723,40.68298],[-91.64726,40.68103],[-91.64728,40.67915],[-91.64729,40.67757],[-91.64721,40.67522],[-91.64725,40.67322],[-91.64736,40.67088],[-91.64743,40.66913],[-91.64746,40.66583],[-91.64745,40.66403],[-91.6475,40.66119],[-91.64752,40.65821],[-91.64757,40.65609],[-91.64758,40.65378],[-91.64738,40.65162],[-91.64719,40.64918],[-91.64699,40.64701],[-91.64683,40.64482],[-91.64665,40.64262],[-91.6464,40.6396],[-91.64623,40.63769],[-91.64598,40.63497],[-91.64587,40.63329],[-91.64568,40.63102],[-91.64547,40.62866],[-91.64529,40.6265],[-91.64505,40.62412],[-91.64526,40.62191],[-91.64552,40.61915],[-91.64572,40.61683],[-91.64588,40.61428],[-91.64605,40.61259],[-91.64629,40.60978],[-91.64645,40.60808],[-91.64665,40.6056],[-91.64684,40.60313],[-91.64696,40.60185],[-91.64708,40.60015],[-91.64726,40.59844],[-91.64723,40.5964],[-91.64726,40.59389],[-91.64726,40.59082],[-91.64726,40.58916],[-91.64728,40.58594],[-91.64731,40.58336],[-91.64731,40.58105],[-91.64732,40.57849],[-91.64734,40.57625],[-91.64735,40.57374],[-91.64736,40.56968],[-91.64738,40.56814],[-91.64738,40.5659],[-91.64737,40.56404],[-91.64741,40.5619],[-91.64743,40.55851],[-91.64742,40.55485],[-91.64747,40.55206],[-91.64747,40.55104],[-91.64828,40.54775],[-91.64967,40.54199],[-91.65019,40.54008],[-91.65037,40.53887],[-91.65063,40.53661],[-91.65081,40.53397],[-91.65103,40.53095],[-91.65122,40.52854],[-91.65144,40.52589],[-91.65167,40.52287],[-91.65182,40.52083],[-91.65209,40.51728],[-91.65224,40.5155],[-91.65245,40.51274],[-91.6526,40.5107],[-91.65271,40.50935],[-91.65286,40.50725],[-91.65302,40.5052],[-91.65314,40.50362],[-91.65331,40.50141],[-91.65342,40.49971],[-91.65361,40.49756],[-91.65377,40.49522],[-91.65401,40.49235],[-91.65414,40.49056],[-91.65423,40.48879],[-91.65448,40.48623],[-91.65459,40.48471],[-91.65471,40.48247],[-91.655,40.4803],[-91.65526,40.47813],[-91.6555,40.47596],[-91.65574,40.47368],[-91.65602,40.47134],[-91.65625,40.46913],[-91.65655,40.46673],[-91.65685,40.46412],[-91.65707,40.46213],[-91.6573,40.46003],[-91.65771,40.45642],[-91.65794,40.45463],[-91.65812,40.45292],[-91.65846,40.45001],[-91.65875,40.44749],[-91.65894,40.44569],[-91.6592,40.44334],[-91.65958,40.44041],[-91.65955,40.43793],[-91.65958,40.43585],[-91.65961,40.43332],[-91.65959,40.43223],[-91.6596,40.43092],[-91.65964,40.42784],[-91.65965,40.42619],[-91.65967,40.4239],[-91.6597,40.42196],[-91.6597,40.41961],[-91.65972,40.41851],[-91.65972,40.41667],[-91.65973,40.41345],[-91.65977,40.41113],[-91.65977,40.40925],[-91.6598,40.40713],[-91.65981,40.40434],[-91.65985,40.40214],[-91.65986,40.39889],[-91.65988,40.39685],[-91.65995,40.39483],[-91.65946,40.39273],[-91.65882,40.38985],[-91.65832,40.38749],[-91.65772,40.38461],[-91.65729,40.38271],[-91.65677,40.38022],[-91.65621,40.37756],[-91.65572,40.37541],[-91.65538,40.3737],[-91.65463,40.37022],[-91.65412,40.36792],[-91.65351,40.36502],[-91.65309,40.36297],[-91.6526,40.36074],[-91.65226,40.35914],[-91.65185,40.3572],[-91.65132,40.35475],[-91.65086,40.35264],[-91.6503,40.35001],[-91.64982,40.34766],[-91.64928,40.34516],[-91.64879,40.34279],[-91.64826,40.3404],[-91.64779,40.33825],[-91.64735,40.3361],[-91.64677,40.3334],[-91.64625,40.33105],[-91.64574,40.32849],[-91.6453,40.32639],[-91.64469,40.32366],[-91.64442,40.32213],[-91.64399,40.32052],[-91.64337,40.31813],[-91.64286,40.3161],[-91.64205,40.31287],[-91.64149,40.31058],[-91.64109,40.30905],[-91.64049,40.30662],[-91.6402,40.30535],[-91.63964,40.30317],[-91.63919,40.30136],[-91.63862,40.29907],[-91.63793,40.29631],[-91.63725,40.29361],[-91.63672,40.29145],[-91.63617,40.28921],[-91.63567,40.28735],[-91.63512,40.2851],[-91.63458,40.28294],[-91.63413,40.28102],[-91.63366,40.27935],[-91.63375,40.27757],[-91.63387,40.27502],[-91.63399,40.27281],[-91.63407,40.27104],[-91.63414,40.26912],[-91.63423,40.26709],[-91.63433,40.26494],[-91.63441,40.26251],[-91.63452,40.26005],[-91.63463,40.25783],[-91.63474,40.25562],[-91.63484,40.25347],[-91.63493,40.25141],[-91.63505,40.24801],[-91.63517,40.24521],[-91.63529,40.24278],[-91.63537,40.24046],[-91.63551,40.23754],[-91.63559,40.2353],[-91.6357,40.23277],[-91.6358,40.23059],[-91.63589,40.22825],[-91.636,40.22605],[-91.63609,40.22382],[-91.6362,40.22156],[-91.63629,40.2192],[-91.63639,40.21722],[-91.63648,40.2145],[-91.63662,40.21222],[-91.63672,40.20937],[-91.63679,40.20782],[-91.63687,40.20579],[-91.63697,40.20381],[-91.63704,40.20229],[-91.6371,40.20056],[-91.6372,40.19784],[-91.63724,40.19643],[-91.63731,40.19436],[-91.63737,40.19256],[-91.63743,40.19038],[-91.63751,40.18801],[-91.63759,40.18534],[-91.63764,40.18338],[-91.6377,40.18144],[-91.63779,40.17909],[-91.63784,40.17662],[-91.63793,40.17482],[-91.638,40.17241],[-91.63808,40.1697],[-91.63819,40.16678],[-91.63825,40.16441],[-91.63833,40.16209],[-91.63836,40.16028],[-91.63844,40.1581],[-91.63853,40.15421],[-91.63857,40.15228],[-91.63865,40.15022],[-91.63869,40.14833],[-91.63876,40.14668],[-91.63879,40.14486],[-91.63885,40.14239],[-91.63891,40.1404],[-91.63898,40.13793],[-91.63906,40.1353],[-91.63908,40.13293],[-91.63886,40.13039],[-91.63861,40.12802],[-91.63841,40.12593],[-91.63822,40.12406],[-91.63803,40.12189],[-91.63782,40.11988],[-91.63762,40.11798],[-91.63743,40.11615],[-91.63718,40.11355],[-91.6369,40.11077],[-91.63672,40.10875],[-91.63657,40.10662],[-91.63652,40.10465],[-91.6365,40.1025],[-91.63651,40.1],[-91.6365,40.09753],[-91.63651,40.09547],[-91.63651,40.09367],[-91.63652,40.09122],[-91.63653,40.08894],[-91.63655,40.08707],[-91.63655,40.08509],[-91.63654,40.08277],[-91.63656,40.0806],[-91.63656,40.07804],[-91.63657,40.07638],[-91.63656,40.07449],[-91.63658,40.07191],[-91.6366,40.06965],[-91.63659,40.06685],[-91.63661,40.06499],[-91.63661,40.06271],[-91.63658,40.06048],[-91.63655,40.05851],[-91.63655,40.05611],[-91.63651,40.0541],[-91.63649,40.05226],[-91.63647,40.05047],[-91.63644,40.04773],[-91.63643,40.04579],[-91.63641,40.04391],[-91.63638,40.04226],[-91.63636,40.03967],[-91.63634,40.03848],[-91.63631,40.03624],[-91.63629,40.03369],[-91.63626,40.03132],[-91.63623,40.02808],[-91.6362,40.02577],[-91.6362,40.02442],[-91.63616,40.02154],[-91.63615,40.01912],[-91.63612,40.01811],[-91.63609,40.01574],[-91.63608,40.01359],[-91.63603,40.0101],[-91.63602,40.00833],[-91.636,40.00645],[-91.63598,40.00392],[-91.63596,40.00152],[-91.63593,39.99994],[-91.63589,39.99847],[-91.63589,39.99613],[-91.63584,39.99376],[-91.63583,39.9921],[-91.63583,39.99032],[-91.63507,39.98911],[-91.63383,39.98709],[-91.63305,39.98575],[-91.63172,39.98361],[-91.63024,39.98113],[-91.62919,39.97937],[-91.62795,39.97736],[-91.62645,39.97492],[-91.62599,39.9726],[-91.62553,39.97056],[-91.62472,39.96682],[-91.62417,39.96429],[-91.62394,39.96317],[-91.62343,39.96094],[-91.62283,39.95814],[-91.6224,39.95619],[-91.62212,39.95483],[-91.62157,39.95239],[-91.62105,39.94995],[-91.62055,39.94763],[-91.62031,39.94665],[-91.61969,39.94376],[-91.61938,39.94226],[-91.61902,39.94072],[-91.61866,39.93931],[-91.61876,39.93701],[-91.61877,39.93493],[-91.61881,39.93267],[-91.61884,39.93028],[-91.6189,39.9277],[-91.61894,39.92584],[-91.61898,39.92295],[-91.61902,39.92105],[-91.61907,39.91812],[-91.61909,39.91609],[-91.61914,39.91379],[-91.61917,39.91131],[-91.61922,39.90888],[-91.61924,39.90658],[-91.61929,39.90419],[-91.61931,39.9018],[-91.61934,39.8995],[-91.61939,39.89726],[-91.61944,39.8947],[-91.61947,39.89232],[-91.61952,39.88941],[-91.61956,39.88774],[-91.61959,39.88556],[-91.6196,39.88361],[-91.61966,39.88144],[-91.6184,39.87922],[-91.61757,39.87771],[-91.61647,39.87571],[-91.6153,39.87358],[-91.61429,39.87175],[-91.61312,39.86967],[-91.61215,39.86789],[-91.61049,39.86487],[-91.60955,39.86315],[-91.60864,39.86152],[-91.60751,39.85949],[-91.60641,39.85746],[-91.60521,39.85534],[-91.6039,39.85292],[-91.60275,39.85093],[-91.60167,39.84889],[-91.60075,39.84723],[-91.59943,39.84488],[-91.59895,39.84277],[-91.59842,39.84051],[-91.59783,39.83813],[-91.59732,39.83602],[-91.59702,39.83493]]}},{"type":"Feature","properties":{"id":"161187","type":"AC; OVERHEAD","status":"IN SERVICE","owner":"LINCOLN ELECTRIC SYSTEM","voltage":115,"voltClass":"100-161"},"geometry":{"type":"LineString","coordinates":[[-96.64455,40.76147],[-96.64253,40.76287],[-96.64043,40.76437],[-96.6383,40.76589],[-96.63567,40.76776],[-96.63312,40.76959],[-96.63307,40.76963],[-96.63062,40.77137],[-96.62845,40.77292],[-96.62607,40.77461],[-96.62574,40.77491],[-96.62288,40.77696],[-96.61788,40.78052],[-96.61584,40.78197],[-96.6132,40.78385],[-96.61049,40.78578],[-96.60798,40.78756],[-96.60582,40.78911],[-96.60318,40.79099],[-96.60096,40.79258],[-96.59885,40.79407],[-96.59675,40.79558],[-96.59673,40.79823],[-96.59686,40.79818],[-96.59707,40.79818],[-96.59709,40.79832]]}},{"type":"Feature","properties":{"id":"125185","type":"AC; OVERHEAD","status":"IN SERVICE","owner":null,"voltage":161,"voltClass":"100-161"},"geometry":{"type":"LineString","coordinates":[[-92.08601,42.15144],[-92.08628,42.15135],[-92.09505,42.15224],[-92.09501,42.15385],[-92.09479,42.16327],[-92.0947,42.17362],[-92.09461,42.17949],[-92.09461,42.18807],[-92.10863,42.18821],[-92.12341,42.1883],[-92.1381,42.18825],[-92.15047,42.18824],[-92.16215,42.18822],[-92.16457,42.18824],[-92.16706,42.18826],[-92.16936,42.18827],[-92.17188,42.18829],[-92.17455,42.18829],[-92.17717,42.18831],[-92.17985,42.18832],[-92.18185,42.18832],[-92.184,42.18837],[-92.18643,42.18843],[-92.18835,42.18848],[-92.1908,42.18854],[-92.19352,42.18861],[-92.1955,42.18866],[-92.19798,42.18872],[-92.20062,42.18878],[-92.20235,42.18882],[-92.20474,42.18883],[-92.2067,42.18884],[-92.20913,42.18885],[-92.21192,42.18886],[-92.21394,42.18887],[-92.21665,42.18888],[-92.21935,42.18888],[-92.22157,42.18889],[-92.22405,42.1889],[-92.22638,42.1889],[-92.22884,42.1889],[-92.23123,42.1889],[-92.23392,42.18889],[-92.23622,42.18889],[-92.23861,42.18889],[-92.24035,42.18888],[-92.24063,42.18921]]}},{"type":"Feature","properties":{"id":"125190","type":"AC; OVERHEAD","status":"IN SERVICE","owner":"NEBRASKA PUBLIC POWER DISTRICT","voltage":115,"voltClass":"100-161"},"geometry":{"type":"LineString","coordinates":[[-96.5036,42.41685],[-96.50467,42.41774],[-96.50575,42.41774],[-96.50784,42.41773],[-96.51013,42.41771],[-96.51236,42.4177],[-96.51491,42.4177],[-96.51819,42.41771],[-96.52089,42.41772],[-96.52314,42.41774],[-96.52503,42.41673],[-96.52693,42.41573],[-96.52883,42.41472],[-96.53076,42.4137],[-96.53262,42.41273],[-96.53455,42.4117],[-96.53738,42.41168],[-96.54035,42.41166],[-96.54305,42.41165],[-96.54561,42.41163],[-96.54819,42.41161],[-96.55086,42.4116],[-96.55346,42.41153],[-96.55596,42.41146],[-96.55898,42.41138],[-96.56174,42.4113],[-96.56598,42.41119],[-96.56873,42.41112],[-96.57176,42.41107],[-96.57323,42.41108],[-96.57572,42.41112],[-96.57825,42.41116],[-96.58066,42.41121],[-96.58363,42.41125],[-96.58626,42.41131],[-96.58896,42.41142],[-96.59136,42.41156],[-96.59402,42.41171],[-96.59757,42.41192],[-96.6001,42.41207],[-96.6026,42.41222],[-96.60543,42.41239],[-96.60757,42.41252],[-96.60995,42.41265],[-96.61267,42.41265],[-96.61502,42.41264],[-96.61707,42.41264],[-96.61984,42.41263],[-96.62267,42.41263],[-96.62484,42.41262],[-96.62881,42.41261],[-96.63238,42.41267],[-96.63531,42.41273],[-96.63774,42.41277],[-96.64088,42.41275],[-96.64363,42.41274],[-96.646,42.41274],[-96.64869,42.41272],[-96.65113,42.41272],[-96.65343,42.41271],[-96.65558,42.4127],[-96.65858,42.41269],[-96.66283,42.41267],[-96.66534,42.41266],[-96.66777,42.41264],[-96.67088,42.41264],[-96.67418,42.41262],[-96.67662,42.41261],[-96.67952,42.4126],[-96.68208,42.41259],[-96.68459,42.41258],[-96.68677,42.41257],[-96.68949,42.41259],[-96.69283,42.41261],[-96.696,42.41262],[-96.69746,42.41263],[-96.70074,42.41264],[-96.70455,42.41266],[-96.7071,42.41267],[-96.70818,42.41268],[-96.71185,42.4127],[-96.71294,42.4127],[-96.71499,42.41272],[-96.71701,42.41272],[-96.7183,42.41274],[-96.72164,42.41275],[-96.7237,42.41276],[-96.72524,42.41271],[-96.72761,42.41263],[-96.72978,42.41255],[-96.73327,42.41243],[-96.73544,42.41245],[-96.73779,42.41248],[-96.73971,42.4125],[-96.74202,42.41252],[-96.74437,42.41256],[-96.74639,42.41258],[-96.74837,42.41261],[-96.75038,42.41263],[-96.75296,42.41266],[-96.75454,42.41267],[-96.75571,42.41268],[-96.75891,42.41272],[-96.76078,42.41274],[-96.76284,42.41276],[-96.76642,42.4128],[-96.77018,42.41285],[-96.77218,42.41287],[-96.77497,42.41285],[-96.77773,42.41283],[-96.78048,42.41282],[-96.78366,42.4128],[-96.78671,42.41278],[-96.78841,42.41277],[-96.79066,42.41275],[-96.79282,42.41454],[-96.79466,42.41608],[-96.79523,42.41655],[-96.79583,42.41704],[-96.79751,42.41844],[-96.79899,42.41968],[-96.80104,42.42138],[-96.80343,42.42337],[-96.80493,42.42461],[-96.80678,42.42615],[-96.80978,42.42864],[-96.81152,42.43008],[-96.81469,42.43273],[-96.81597,42.43379],[-96.81754,42.4351],[-96.8196,42.43681],[-96.8217,42.43855],[-96.82351,42.44005],[-96.82549,42.44169],[-96.82799,42.44376],[-96.82942,42.44497],[-96.83071,42.44496],[-96.83418,42.44496],[-96.83548,42.44496],[-96.83914,42.44496],[-96.84111,42.44496],[-96.84329,42.44496],[-96.84686,42.44496],[-96.84914,42.44496],[-96.85302,42.44496],[-96.85598,42.44496],[-96.8582,42.44496],[-96.86174,42.44496],[-96.86482,42.44506],[-96.86794,42.44517],[-96.87127,42.44528],[-96.87322,42.44535],[-96.87547,42.44544],[-96.87845,42.44554],[-96.88071,42.44554],[-96.88302,42.44554],[-96.88604,42.44554],[-96.88842,42.44554],[-96.89016,42.44549],[-96.89351,42.44539],[-96.89766,42.44527],[-96.90211,42.44527],[-96.90496,42.44527],[-96.90803,42.44527],[-96.91106,42.44527],[-96.91375,42.44527],[-96.91678,42.44528],[-96.91939,42.44528],[-96.92276,42.44528],[-96.92605,42.44528],[-96.92849,42.44528],[-96.93038,42.44528],[-96.93236,42.44528],[-96.9365,42.44529],[-96.94012,42.44529],[-96.94353,42.44529],[-96.94764,42.44529],[-96.95029,42.44529],[-96.95218,42.44521],[-96.95512,42.44508],[-96.95674,42.44501],[-96.95987,42.44502],[-96.96317,42.44503],[-96.96582,42.44505],[-96.96772,42.44506],[-96.97013,42.44507],[-96.97271,42.44508],[-96.97574,42.44509],[-96.9776,42.44509],[-96.9801,42.4451],[-96.98316,42.44512],[-96.98538,42.44513],[-96.98784,42.44514],[-96.98992,42.44515],[-96.99199,42.44515],[-96.99456,42.44516],[-96.99635,42.44517],[-96.99917,42.44517],[-97.00216,42.44516],[-97.00492,42.44516],[-97.00766,42.44516],[-97.01039,42.44516],[-97.01284,42.44516],[-97.01569,42.44515],[-97.01889,42.44514],[-97.02177,42.44514],[-97.02328,42.44514],[-97.02497,42.44513],[-97.02872,42.44528],[-97.03191,42.4454],[-97.03513,42.44552],[-97.03841,42.44553],[-97.04246,42.44554],[-97.04483,42.44555],[-97.04846,42.44555],[-97.05061,42.44556],[-97.05298,42.44556],[-97.05604,42.44558],[-97.06033,42.44559],[-97.06288,42.44559],[-97.06555,42.4456],[-97.06874,42.44561],[-97.07153,42.44561],[-97.07399,42.44562],[-97.07657,42.44563],[-97.07962,42.44564],[-97.08143,42.44564],[-97.08377,42.44565],[-97.08704,42.44556],[-97.08949,42.4455],[-97.09202,42.44544],[-97.09398,42.44538],[-97.09721,42.4454],[-97.10036,42.4454],[-97.1035,42.44541],[-97.10624,42.44542],[-97.10855,42.44543],[-97.11128,42.44543],[-97.11395,42.44544],[-97.11663,42.44545],[-97.12004,42.44546],[-97.12309,42.44547],[-97.12601,42.44548],[-97.12818,42.44548],[-97.13031,42.44549],[-97.13449,42.44551],[-97.13713,42.44552],[-97.14067,42.44552],[-97.14303,42.44553],[-97.14683,42.44554],[-97.1504,42.44555],[-97.15212,42.44557],[-97.15516,42.4445],[-97.15719,42.44382],[-97.15973,42.44296],[-97.16256,42.44201],[-97.16493,42.44119],[-97.16742,42.44034],[-97.16961,42.43961],[-97.17215,42.43873],[-97.17399,42.43811],[-97.17668,42.43719],[-97.17956,42.4362],[-97.18162,42.4355],[-97.1834,42.4349],[-97.18609,42.43398],[-97.18827,42.43323],[-97.19097,42.43232],[-97.19313,42.43158],[-97.19512,42.43087],[-97.19864,42.42961],[-97.20178,42.4285],[-97.20321,42.42799],[-97.20329,42.42619],[-97.20334,42.42421],[-97.20522,42.42421],[-97.20791,42.42422],[-97.20975,42.42423],[-97.21185,42.42424],[-97.21217,42.42424],[-97.21241,42.42429]]}},{"type":"Feature","properties":{"id":"125306","type":"AC; OVERHEAD","status":"IN SERVICE","owner":"MIDAMERICAN ENERGY CO","voltage":345,"voltClass":"345"},"geometry":{"type":"LineString","coordinates":[[-93.92074,41.50848],[-93.92018,41.50777],[-93.92016,41.50715],[-93.91942,41.50702],[-93.9158,41.50695],[-93.91047,41.50661],[-93.90651,41.50632],[-93.89724,41.50636],[-93.89712,41.50353],[-93.89715,41.49949],[-93.8972,41.49604],[-93.89719,41.48812],[-93.89726,41.47589],[-93.89722,41.47007],[-93.89742,41.46372],[-93.89808,41.45406],[-93.90172,41.44783],[-93.9066,41.43974],[-93.90664,41.43099],[-93.90659,41.41973],[-93.9067,41.40933],[-93.90663,41.40187],[-93.90664,41.39848],[-93.90666,41.39149],[-93.90685,41.38706],[-93.90714,41.37321],[-93.90726,41.36554],[-93.9074,41.35282],[-93.90756,41.34587],[-93.90761,41.34196],[-93.90863,41.34015],[-93.91066,41.33639],[-93.90914,41.33638],[-93.90864,41.3362]]}},{"type":"Feature","properties":{"id":"125318","type":"AC; OVERHEAD","status":"IN SERVICE","owner":"LINCOLN ELECTRIC SYSTEM","voltage":115,"voltClass":"100-161"},"geometry":{"type":"LineString","coordinates":[[-96.60655,40.83478],[-96.60639,40.83516],[-96.60548,40.83517],[-96.60551,40.83602],[-96.6055,40.83716],[-96.60549,40.8387],[-96.60549,40.84024],[-96.60548,40.8419],[-96.60548,40.84319],[-96.60547,40.84458],[-96.60547,40.84579],[-96.60547,40.84704],[-96.60546,40.84836],[-96.60546,40.84969],[-96.6054,40.85093],[-96.60535,40.8534],[-96.60534,40.85495],[-96.60533,40.85649],[-96.60531,40.85856],[-96.6053,40.86109],[-96.60528,40.86324],[-96.60528,40.86459],[-96.60527,40.86595],[-96.60526,40.86729],[-96.60525,40.86862],[-96.60524,40.87081],[-96.60524,40.87091],[-96.60523,40.87336],[-96.60479,40.87345]]}},{"type":"Feature","properties":{"id":"128723","type":"AC; OVERHEAD","status":"IN SERVICE","owner":"MIDAMERICAN ENERGY CO","voltage":345,"voltClass":"345"},"geometry":{"type":"LineString","coordinates":[[-91.6824,41.70713],[-91.68146,41.70815],[-91.68142,41.71132],[-91.6814,41.71335],[-91.68137,41.71537],[-91.69207,41.73013],[-91.7,41.74024],[-91.70152,41.74219],[-91.71897,41.76321],[-91.73912,41.78798],[-91.75509,41.80737],[-91.7718,41.81779],[-91.79486,41.84289],[-91.81981,41.87003],[-91.82228,41.87262],[-91.82249,41.89311],[-91.82329,41.91798],[-91.82898,41.93709],[-91.82905,41.93916],[-91.82912,41.94202],[-91.8292,41.94463],[-91.82873,41.959],[-91.82873,41.96219],[-91.82872,41.96469],[-91.82873,41.96764],[-91.82873,41.97093],[-91.8287,41.97382],[-91.8287,41.97635],[-91.82872,41.97916],[-91.82871,41.98235],[-91.8287,41.98577],[-91.8287,41.98596],[-91.82869,41.98839],[-91.8288,41.99178],[-91.82866,41.99496],[-91.82867,41.99751],[-91.82867,42.00018],[-91.82862,42.00338],[-91.8286,42.00666],[-91.82852,42.00996],[-91.82846,42.01336],[-91.8284,42.01662],[-91.82839,42.01998],[-91.8283,42.02323],[-91.82833,42.04068],[-91.82854,42.06012],[-91.82853,42.06273],[-91.82853,42.06486],[-91.82876,42.06787],[-91.82876,42.07129],[-91.82892,42.07345],[-91.82893,42.07668],[-91.82896,42.07937],[-91.82898,42.08198],[-91.82648,42.08458],[-91.82652,42.08711],[-91.82654,42.09006],[-91.82657,42.09274],[-91.82656,42.09527],[-91.82785,42.09793],[-91.82555,42.09794],[-91.82342,42.09794],[-91.82008,42.09795],[-91.81725,42.09792],[-91.81408,42.09792],[-91.81114,42.09793],[-91.80827,42.09792],[-91.80514,42.09791],[-91.80275,42.09792],[-91.79948,42.09792],[-91.79712,42.09703],[-91.79479,42.09613],[-91.79225,42.09613],[-91.78971,42.09612],[-91.78718,42.09609],[-91.7835,42.09608],[-91.7835,42.09649],[-91.7835,42.09759],[-91.78353,42.09909],[-91.78355,42.1006],[-91.78279,42.10062],[-91.78193,42.10063],[-91.78114,42.10002]]}},{"type":"Feature","properties":{"id":"128730","type":"AC; OVERHEAD","status":"IN SERVICE","owner":"MIDAMERICAN ENERGY CO","voltage":161,"voltClass":"100-161"},"geometry":{"type":"LineString","coordinates":[[-90.60136,41.58926],[-90.60092,41.58909],[-90.59773,41.58903],[-90.59047,41.58908],[-90.57914,41.58912],[-90.56882,41.58917],[-90.56591,41.58919],[-90.56377,41.58924],[-90.56245,41.58916],[-90.5585,41.58892],[-90.55169,41.58849],[-90.55066,41.58841],[-90.55039,41.58851]]}},{"type":"Feature","properties":{"id":"128764","type":"AC; OVERHEAD","status":"IN SERVICE","owner":null,"voltage":161,"voltClass":"100-161"},"geometry":{"type":"LineString","coordinates":[[-95.86701,41.22312],[-95.86738,41.22308],[-95.86886,41.22313],[-95.86891,41.22146],[-95.86894,41.2176],[-95.86995,41.21442],[-95.87349,41.20562],[-95.87439,41.19837],[-95.87498,41.19369],[-95.8736,41.19357],[-95.86679,41.193],[-95.8558,41.19209],[-95.842,41.18669],[-95.84155,41.18623],[-95.8411,41.18598],[-95.83573,41.18608],[-95.83271,41.18611],[-95.83268,41.18445],[-95.83262,41.18091],[-95.83257,41.17886],[-95.8326,41.1772],[-95.83312,41.1772],[-95.83545,41.17747],[-95.8376,41.17671],[-95.83743,41.17602]]}},{"type":"Feature","properties":{"id":"130113","type":"AC; OVERHEAD","status":"IN SERVICE","owner":"MIDAMERICAN ENERGY CO","voltage":161,"voltClass":"100-161"},"geometry":{"type":"LineString","coordinates":[[-95.50022,40.99358],[-95.50062,40.99317],[-95.50402,40.9951],[-95.51356,41.00058],[-95.51822,41.00325],[-95.51824,41.00546],[-95.51824,41.01313],[-95.51824,41.01626],[-95.52297,41.01627],[-95.53024,41.01623],[-95.54089,41.01622],[-95.5452,41.01868],[-95.55519,41.02472],[-95.56441,41.03033],[-95.5685,41.03288],[-95.57036,41.03364],[-95.58259,41.03924],[-95.59201,41.04352],[-95.60379,41.04939],[-95.61464,41.05494],[-95.62975,41.06256],[-95.64354,41.06924],[-95.65278,41.07373],[-95.67074,41.0827],[-95.68484,41.08993],[-95.69925,41.09735],[-95.71663,41.1061],[-95.71879,41.10712],[-95.73159,41.11313],[-95.73736,41.1154],[-95.74358,41.11905],[-95.74583,41.12045],[-95.75192,41.12362],[-95.76135,41.12856],[-95.77272,41.13451],[-95.78042,41.13855],[-95.78345,41.1423],[-95.78997,41.15048],[-95.79616,41.15152],[-95.80525,41.15544],[-95.80498,41.15597],[-95.80544,41.15619],[-95.80538,41.15638],[-95.80524,41.15659]]}},{"type":"Feature","properties":{"id":"130145","type":"AC; OVERHEAD","status":null,"owner":"MIDAMERICAN ENERGY CO","voltage":345,"voltClass":"345"},"geometry":{"type":"LineString","coordinates":[[-90.27959,41.71266],[-90.27978,41.71389]]}},{"type":"Feature","properties":{"id":"130135","type":"AC; OVERHEAD","status":"IN SERVICE","owner":"MIDAMERICAN ENERGY CO","voltage":161,"voltClass":"100-161"},"geometry":{"type":"LineString","coordinates":[[-93.75474,41.66127],[-93.75607,41.66157],[-93.76505,41.66162],[-93.77399,41.66164]]}},{"type":"Feature","properties":{"id":"129450","type":"AC; OVERHEAD","status":"IN SERVICE","owner":null,"voltage":115,"voltClass":"100-161"},"geometry":{"type":"LineString","coordinates":[[-92.56135,42.03638],[-92.56095,42.0365],[-92.5606,42.03649],[-92.5581,42.03616],[-92.55541,42.03612],[-92.5523,42.03611],[-92.55188,42.03586],[-92.54312,42.03579],[-92.53516,42.03574],[-92.53098,42.03573],[-92.52556,42.03576],[-92.51985,42.03575],[-92.51027,42.0357],[-92.50396,42.03572],[-92.49838,42.03575],[-92.49456,42.03616],[-92.49061,42.0362],[-92.48464,42.03593],[-92.47839,42.03579],[-92.47144,42.0358],[-92.46216,42.03582],[-92.45326,42.03584],[-92.4467,42.03582],[-92.43993,42.03569],[-92.43485,42.03565],[-92.42902,42.03563],[-92.42331,42.03565],[-92.41789,42.03566],[-92.41533,42.03565],[-92.41225,42.03574],[-92.40468,42.03576],[-92.39481,42.0358],[-92.3859,42.03577],[-92.38325,42.03371],[-92.37596,42.02819],[-92.36368,42.01888],[-92.36113,42.01695],[-92.35582,42.01292],[-92.34822,42.00716],[-92.34774,42.0068],[-92.34573,42.00528],[-92.34459,42.00448],[-92.34325,42.00347],[-92.34196,42.00171],[-92.3407,41.99999],[-92.33876,41.99723],[-92.33632,41.99376],[-92.33561,41.99275],[-92.33165,41.9873],[-92.32909,41.98641],[-92.32633,41.98548],[-92.32382,41.98549],[-92.32143,41.98551],[-92.31933,41.98552],[-92.3174,41.98553],[-92.31435,41.98554],[-92.31077,41.98555],[-92.30856,41.98556],[-92.30688,41.98561],[-92.30428,41.98569],[-92.30174,41.98569],[-92.29985,41.98571],[-92.29742,41.98573],[-92.29712,41.98573],[-92.29476,41.98575],[-92.29284,41.98576],[-92.28964,41.98579],[-92.28759,41.9858],[-92.28527,41.98582],[-92.282,41.98584],[-92.27837,41.98587],[-92.27494,41.98588],[-92.27214,41.98589],[-92.27014,41.9859],[-92.26792,41.9859],[-92.26577,41.98591],[-92.26333,41.98588],[-92.26118,41.9858],[-92.26078,41.98565]]}},{"type":"Feature","properties":{"id":"129579","type":"AC; OVERHEAD","status":"IN SERVICE","owner":"BOARD OF WATER ELECTRIC & COMMUNICATIONS","voltage":345,"voltClass":"345"},"geometry":{"type":"LineString","coordinates":[[-90.81175,41.56511],[-90.81214,41.5653],[-90.81491,41.56478],[-90.8192,41.5648],[-90.82341,41.56483],[-90.82744,41.56485],[-90.83179,41.56487],[-90.83611,41.5649],[-90.84022,41.56492],[-90.84481,41.56495],[-90.84975,41.56497],[-90.85429,41.565],[-90.85887,41.56502],[-90.85908,41.56503],[-90.86345,41.56505],[-90.86772,41.56507],[-90.87212,41.5651],[-90.87649,41.56512],[-90.88098,41.56521],[-90.88528,41.56524],[-90.88963,41.56527],[-90.89408,41.56507],[-90.92529,41.56343],[-90.92933,41.56348],[-90.93338,41.56354],[-90.93735,41.56359],[-90.94132,41.56364],[-90.9454,41.56369],[-90.94939,41.56374],[-90.95366,41.56379],[-90.95806,41.56385],[-90.96205,41.5639],[-90.9661,41.56395],[-90.97005,41.564],[-90.974,41.56405],[-90.97801,41.56411],[-90.98194,41.56416],[-90.98591,41.56421],[-90.98975,41.56426],[-90.99376,41.56431],[-90.9978,41.56436],[-91.0017,41.56441],[-91.00563,41.56446],[-91.00964,41.56451],[-91.01342,41.56431],[-91.01758,41.5641],[-91.02172,41.56389],[-91.02578,41.56368],[-91.02973,41.56348],[-91.03376,41.56327],[-91.03773,41.56307],[-91.04172,41.56286],[-91.04548,41.56267],[-91.04786,41.56255],[-91.04962,41.56246],[-91.05327,41.56227],[-91.05719,41.56207],[-91.0612,41.56212],[-91.06575,41.56217],[-91.06994,41.56222],[-91.07328,41.56227],[-91.07798,41.56232],[-91.08228,41.56238],[-91.08624,41.56243],[-91.09041,41.56248],[-91.09279,41.56251],[-91.09843,41.56257],[-91.1041,41.56264],[-91.1103,41.56272],[-91.11534,41.56278],[-91.11908,41.56283],[-91.12751,41.56293],[-91.13324,41.563],[-91.13845,41.56307],[-91.14422,41.56314],[-91.14856,41.56319],[-91.15268,41.56324],[-91.15675,41.56278],[-91.16135,41.56225],[-91.16577,41.56175],[-91.17002,41.56127],[-91.17413,41.5608],[-91.17867,41.56029],[-91.18295,41.5598],[-91.18725,41.55931],[-91.19164,41.55881],[-91.19563,41.55836],[-91.19965,41.5579],[-91.20377,41.55743],[-91.2078,41.55698],[-91.21189,41.55651],[-91.21601,41.55604],[-91.22006,41.55558],[-91.22339,41.55563],[-91.22339,41.55505],[-91.22371,41.55489]]}},{"type":"Feature","properties":{"id":"129644","type":"AC; OVERHEAD","status":"IN SERVICE","owner":"CEDAR FALLS UTILITIES","voltage":161,"voltClass":"100-161"},"geometry":{"type":"LineString","coordinates":[[-92.86168,42.04579],[-92.86128,42.04471],[-92.86067,42.04459],[-92.85902,42.04464],[-92.85393,42.0448],[-92.85388,42.0464],[-92.85388,42.04765],[-92.8538,42.05244],[-92.85377,42.05524],[-92.8538,42.05652],[-92.85406,42.06297],[-92.85408,42.07011],[-92.85398,42.07278],[-92.85407,42.07703],[-92.85406,42.08353],[-92.85417,42.09853],[-92.85422,42.10562],[-92.85418,42.11339],[-92.85414,42.11861],[-92.85706,42.12138],[-92.85523,42.12452],[-92.85425,42.12646],[-92.85426,42.13191],[-92.85431,42.13959],[-92.85447,42.15397],[-92.85455,42.1615],[-92.85455,42.17396],[-92.85458,42.18093],[-92.85469,42.19102],[-92.85479,42.19989],[-92.85475,42.20848],[-92.85483,42.21313],[-92.85231,42.21854],[-92.85459,42.2244],[-92.85594,42.22801],[-92.85594,42.22999],[-92.85588,42.23741],[-92.85581,42.23917],[-92.85518,42.24067],[-92.85519,42.24447],[-92.85531,42.25174],[-92.85539,42.25858],[-92.85539,42.26788],[-92.86264,42.26783],[-92.87511,42.26772],[-92.89314,42.26762],[-92.89511,42.26761],[-92.89508,42.27202],[-92.89513,42.27832],[-92.8954,42.28024],[-92.89585,42.28191],[-92.8952,42.28561],[-92.8952,42.28733],[-92.89528,42.29628],[-92.89521,42.30359],[-92.89522,42.31093],[-92.89538,42.32159],[-92.89541,42.3306],[-92.89556,42.33805],[-92.89557,42.34682],[-92.89568,42.35575],[-92.89566,42.36302],[-92.89575,42.37273],[-92.89577,42.37568],[-92.91604,42.3756],[-92.91604,42.38104],[-92.9161,42.38317]]}},{"type":"Feature","properties":{"id":"129659","type":"AC; OVERHEAD","status":"IN SERVICE","owner":null,"voltage":345,"voltClass":"345"},"geometry":{"type":"LineString","coordinates":[[-95.83408,41.17614],[-95.83336,41.17615],[-95.83272,41.17616],[-95.82995,41.17616],[-95.82709,41.17614],[-95.82429,41.17612],[-95.8195,41.17612],[-95.81826,41.17881],[-95.81708,41.18123],[-95.81352,41.1815],[-95.8086,41.18147],[-95.8037,41.1815],[-95.79872,41.18154],[-95.79422,41.18155],[-95.79246,41.18155],[-95.79799,41.17841],[-95.79797,41.1778],[-95.79709,41.17731]]}},{"type":"Feature","properties":{"id":"130344","type":"AC; OVERHEAD","status":"IN SERVICE","owner":"OMAHA PUBLIC POWER DISTRICT","voltage":161,"voltClass":"100-161"},"geometry":{"type":"LineString","coordinates":[[-96.09174,41.12562],[-96.09154,41.12573],[-96.0909,41.12573],[-96.09091,41.12715],[-96.09092,41.12872],[-96.09092,41.1303],[-96.09094,41.13138],[-96.09095,41.13274],[-96.09096,41.13398],[-96.09097,41.13542],[-96.09097,41.13669],[-96.09098,41.138],[-96.09097,41.13976],[-96.09097,41.14123],[-96.09096,41.14253],[-96.09095,41.14409],[-96.09095,41.14535],[-96.09095,41.14675],[-96.09093,41.1483],[-96.09094,41.14973],[-96.09095,41.1512],[-96.09096,41.15255],[-96.09096,41.15411],[-96.09097,41.15559],[-96.09099,41.15714],[-96.09101,41.15872],[-96.09103,41.16018],[-96.09105,41.16156],[-96.09109,41.16321],[-96.09108,41.16482],[-96.09108,41.16642],[-96.09107,41.16806],[-96.09009,41.1682],[-96.08909,41.16831],[-96.08881,41.169],[-96.08802,41.16915]]}},{"type":"Feature","properties":{"id":"130406","type":"AC; OVERHEAD","status":"IN SERVICE","owner":"MIDAMERICAN ENERGY CO","voltage":161,"voltClass":"100-161"},"geometry":{"type":"LineString","coordinates":[[-91.78114,42.10002],[-91.7803,42.09913],[-91.7803,42.09658],[-91.77866,42.09564],[-91.77615,42.09562],[-91.77363,42.09561],[-91.77108,42.09513],[-91.76942,42.09453],[-91.76526,42.09303],[-91.75883,42.09224],[-91.7556,42.09184],[-91.74976,42.09026],[-91.74321,42.08847],[-91.73952,42.08745],[-91.7354,42.08632],[-91.73115,42.08647],[-91.72846,42.08514],[-91.72552,42.08519],[-91.71982,42.08525],[-91.71666,42.08522],[-91.7177,42.08316],[-91.7186,42.08083],[-91.71675,42.08091],[-91.71404,42.08088],[-91.7115,42.08082],[-91.70889,42.08077],[-91.70619,42.0808],[-91.70627,42.08236],[-91.70629,42.0843],[-91.70456,42.08422],[-91.70179,42.08415],[-91.69914,42.0841],[-91.69647,42.08405],[-91.6941,42.08406],[-91.69223,42.08405],[-91.69222,42.08055],[-91.69218,42.07868],[-91.69216,42.07732],[-91.69223,42.07389],[-91.69226,42.07226],[-91.69229,42.07035],[-91.69229,42.06861],[-91.69173,42.06773],[-91.68977,42.0677],[-91.68755,42.06767],[-91.68758,42.06587],[-91.68519,42.06586],[-91.68279,42.06585],[-91.68273,42.06404],[-91.68278,42.06221],[-91.68022,42.0622],[-91.67764,42.06221],[-91.67384,42.0623],[-91.67232,42.06235],[-91.67156,42.06199]]}},{"type":"Feature","properties":{"id":"160730","type":"AC; OVERHEAD","status":"IN SERVICE","owner":"MIDAMERICAN ENERGY CO","voltage":161,"voltClass":"100-161"},"geometry":{"type":"LineString","coordinates":[[-92.5097,42.59178],[-92.51327,42.59221],[-92.51692,42.59221],[-92.51967,42.59223],[-92.53426,42.59258],[-92.5427,42.59218],[-92.55256,42.59213],[-92.56992,42.59224],[-92.58292,42.59218],[-92.60111,42.59216],[-92.62423,42.59233],[-92.64971,42.59239],[-92.65284,42.59246],[-92.67032,42.59217],[-92.68294,42.59213],[-92.68285,42.58099],[-92.68284,42.57009],[-92.68284,42.56299],[-92.69477,42.56318],[-92.71246,42.56326],[-92.72957,42.56323],[-92.73478,42.56328],[-92.75651,42.56328],[-92.78111,42.56321],[-92.78203,42.56321],[-92.78193,42.56357]]}},{"type":"Feature","properties":{"id":"130749","type":"AC; OVERHEAD","status":"IN SERVICE","owner":"OMAHA PUBLIC POWER DISTRICT","voltage":161,"voltClass":"100-161"},"geometry":{"type":"LineString","coordinates":[[-95.9698,41.16964],[-95.9696,41.17024],[-95.96798,41.17049],[-95.96613,41.17022],[-95.96362,41.16985],[-95.96345,41.16981],[-95.96322,41.16974],[-95.96135,41.16921],[-95.95914,41.16921],[-95.95717,41.16922],[-95.95461,41.16923],[-95.95237,41.16923],[-95.94968,41.16924],[-95.94794,41.16925],[-95.9461,41.16925],[-95.9435,41.16926],[-95.94191,41.16926],[-95.94017,41.16927],[-95.93835,41.16928],[-95.93609,41.16928],[-95.93331,41.16929],[-95.93123,41.16931],[-95.92884,41.16932],[-95.92631,41.17124],[-95.92394,41.17304],[-95.92364,41.17429],[-95.92365,41.17541],[-95.92365,41.17679],[-95.92393,41.17869],[-95.92392,41.18079],[-95.92391,41.18202],[-95.92391,41.18301],[-95.9239,41.1846],[-95.9239,41.18593],[-95.92391,41.18719],[-95.9255,41.18912],[-95.92515,41.19019],[-95.92511,41.19035],[-95.92642,41.19209],[-95.92777,41.19389],[-95.92905,41.19559],[-95.92978,41.1976],[-95.9305,41.19962],[-95.93126,41.20164],[-95.93093,41.20367],[-95.93069,41.20472],[-95.93013,41.20624],[-95.92976,41.20899],[-95.92914,41.21178],[-95.92804,41.21352],[-95.92714,41.21522],[-95.92636,41.21668],[-95.92404,41.21838],[-95.92178,41.22025],[-95.91973,41.22195],[-95.91846,41.22353],[-95.91843,41.22502],[-95.91843,41.22714],[-95.91842,41.22925],[-95.9183,41.23075],[-95.91828,41.23265],[-95.91827,41.23511],[-95.91826,41.23653],[-95.91825,41.24015],[-95.91823,41.24215],[-95.91945,41.24463],[-95.91988,41.24664],[-95.92,41.24693],[-95.92103,41.2494],[-95.92125,41.24956],[-95.92366,41.25138],[-95.92348,41.2517]]}},{"type":"Feature","properties":{"id":"130909","type":"AC; OVERHEAD","status":"IN SERVICE","owner":"MIDAMERICAN ENERGY CO","voltage":161,"voltClass":"100-161"},"geometry":{"type":"LineString","coordinates":[[-94.0922,42.56611],[-94.0927,42.56577],[-94.09272,42.56522],[-94.09723,42.56521],[-94.09952,42.5652],[-94.09951,42.56342],[-94.09949,42.55986],[-94.0995,42.55618],[-94.09963,42.55232],[-94.09972,42.54973],[-94.09963,42.54299],[-94.09971,42.53045],[-94.09985,42.52516],[-94.09977,42.51646],[-94.09978,42.50116],[-94.09975,42.49135],[-94.0997,42.48659],[-94.09972,42.48194],[-94.0997,42.4769],[-94.09971,42.47224],[-94.09976,42.46634],[-94.09984,42.46041],[-94.10217,42.46032],[-94.10644,42.46037],[-94.11146,42.45725],[-94.11337,42.45602],[-94.1209,42.45621],[-94.12567,42.45851],[-94.12787,42.45964],[-94.13372,42.46009],[-94.14505,42.46093],[-94.14678,42.4595],[-94.14842,42.45818],[-94.15358,42.45663],[-94.16048,42.45451],[-94.16317,42.45446],[-94.16918,42.45433],[-94.17439,42.45634],[-94.17615,42.45811],[-94.18056,42.46267],[-94.18594,42.4682],[-94.19013,42.47248],[-94.19046,42.47486],[-94.19093,42.47756],[-94.19093,42.47933],[-94.191,42.48089],[-94.19153,42.48309],[-94.19179,42.48434],[-94.1925,42.48686],[-94.19263,42.48725],[-94.19265,42.48732],[-94.19323,42.48753]]}},{"type":"Feature","properties":{"id":"128339","type":"AC; OVERHEAD","status":"IN SERVICE","owner":"UNION ELECTRIC CO - (MO)","voltage":161,"voltClass":"100-161"},"geometry":{"type":"LineString","coordinates":[[-91.42359,40.3845],[-91.42363,40.38494],[-91.43286,40.3857],[-91.43455,40.38488],[-91.43651,40.38398],[-91.43755,40.38335],[-91.43858,40.38251],[-91.44057,40.38027],[-91.44773,40.37245],[-91.45054,40.37033],[-91.45678,40.36428],[-91.45951,40.36311],[-91.46481,40.36082],[-91.468,40.35901],[-91.47451,40.35951],[-91.48392,40.3627],[-91.49068,40.36489],[-91.51784,40.3712],[-91.52298,40.37277],[-91.52812,40.37459],[-91.54877,40.38186],[-91.57077,40.38968],[-91.58302,40.38985],[-91.58567,40.39121],[-91.59362,40.39193]]}},{"type":"Feature","properties":{"id":"128558","type":"AC; OVERHEAD","status":"IN SERVICE","owner":"MIDAMERICAN ENERGY CO","voltage":230,"voltClass":"220-287"},"geometry":{"type":"LineString","coordinates":[[-96.30633,42.60293],[-96.30669,42.60173],[-96.30665,42.60117],[-96.30664,42.60093],[-96.30638,42.60086],[-96.30519,42.60029]]}},{"type":"Feature","properties":{"id":"162592","type":"AC; OVERHEAD","status":"IN SERVICE","owner":null,"voltage":138,"voltClass":"100-161"},"geometry":{"type":"LineString","coordinates":[[-91.35671,39.87853],[-91.3554,39.87824],[-91.35474,39.87837],[-91.35284,39.87905],[-91.35067,39.87909],[-91.349,39.87892],[-91.34887,39.88487],[-91.34902,39.89057],[-91.34915,39.89912],[-91.34906,39.90477],[-91.34885,39.90627],[-91.34886,39.90642],[-91.34904,39.90855],[-91.34908,39.9127],[-91.34881,39.92092],[-91.34857,39.92336],[-91.3485,39.92494],[-91.34831,39.92723],[-91.34887,39.93366],[-91.34881,39.93505],[-91.34881,39.93514],[-91.34878,39.93919],[-91.34877,39.93976],[-91.34858,39.94581],[-91.34844,39.95197],[-91.34839,39.9542],[-91.34839,39.95587],[-91.34841,39.958],[-91.34834,39.96022],[-91.34832,39.96241],[-91.34831,39.96415],[-91.34827,39.96634],[-91.34825,39.96662],[-91.34826,39.9671],[-91.34831,39.97736],[-91.34866,39.9855],[-91.35742,39.99376],[-91.35744,40.04061],[-91.35701,40.08802],[-91.35651,40.11417],[-91.35642,40.12073],[-91.35647,40.13311],[-91.3563,40.14733],[-91.35612,40.1656],[-91.35756,40.17925],[-91.35461,40.19862],[-91.35418,40.20175],[-91.35392,40.20788],[-91.35355,40.22922],[-91.35382,40.24061],[-91.35419,40.24988],[-91.35314,40.26656],[-91.35261,40.28245],[-91.35236,40.32823],[-91.35231,40.33131],[-91.35223,40.33913],[-91.35204,40.34566],[-91.36167,40.34968],[-91.36157,40.37191],[-91.36599,40.3816],[-91.36377,40.39203],[-91.36329,40.39369],[-91.3622,40.39358],[-91.35677,40.39611],[-91.35447,40.3972],[-91.35439,40.39761]]}},{"type":"Feature","properties":{"id":"131054","type":"AC; OVERHEAD","status":"IN SERVICE","owner":null,"voltage":230,"voltClass":"220-287"},"geometry":{"type":"LineString","coordinates":[[-96.30519,42.60029],[-96.30644,42.59994],[-96.30796,42.59999],[-96.31223,42.60052],[-96.31599,42.60149],[-96.31935,42.60316],[-96.32274,42.60485],[-96.3253,42.60609],[-96.32853,42.6077],[-96.3311,42.60896],[-96.33315,42.60987],[-96.33503,42.61063],[-96.33717,42.61133],[-96.33962,42.61206],[-96.34362,42.61344],[-96.34714,42.61464],[-96.35082,42.61607],[-96.35459,42.6176],[-96.35655,42.61858],[-96.35999,42.62063],[-96.36311,42.62256],[-96.36683,42.62484],[-96.37021,42.62698],[-96.37279,42.62846],[-96.37586,42.63061],[-96.37805,42.63195],[-96.38159,42.63393],[-96.38425,42.63523],[-96.38742,42.6368],[-96.39061,42.63829],[-96.39405,42.64006],[-96.3973,42.64166],[-96.40055,42.64326],[-96.40364,42.64479],[-96.40674,42.64632],[-96.40974,42.6478],[-96.41306,42.64943],[-96.41681,42.65128],[-96.41988,42.6528],[-96.42327,42.65447],[-96.42668,42.65614],[-96.43008,42.6578],[-96.43402,42.65865],[-96.43792,42.65952],[-96.44184,42.66036],[-96.44539,42.66115],[-96.44933,42.662],[-96.45321,42.66284],[-96.45565,42.66337],[-96.45928,42.66417],[-96.4628,42.66492],[-96.46564,42.66553],[-96.46831,42.6661],[-96.47064,42.66657],[-96.47386,42.66716],[-96.47747,42.66783],[-96.48057,42.66839],[-96.48405,42.66904],[-96.48827,42.66982],[-96.49183,42.67049],[-96.49492,42.67104],[-96.49902,42.67169],[-96.503,42.67318],[-96.50642,42.6746],[-96.50971,42.67585],[-96.51221,42.67678],[-96.51587,42.67815],[-96.51832,42.67908],[-96.52166,42.68032],[-96.52382,42.68115],[-96.5267,42.68224],[-96.53066,42.68374],[-96.53398,42.68498],[-96.53628,42.68584],[-96.53871,42.68676],[-96.54159,42.68784],[-96.54351,42.68857],[-96.54716,42.68997],[-96.55002,42.69106],[-96.5533,42.69228],[-96.55649,42.69346],[-96.55964,42.69466],[-96.56296,42.6959],[-96.56534,42.6968],[-96.56725,42.69752],[-96.57045,42.69888],[-96.57344,42.69985],[-96.57595,42.7008],[-96.57886,42.70188],[-96.58135,42.70283],[-96.58402,42.70383],[-96.58646,42.70475],[-96.58968,42.70596],[-96.59246,42.70651],[-96.59603,42.70723],[-96.6,42.70801],[-96.60413,42.70882],[-96.6086,42.70972],[-96.6124,42.71048],[-96.61633,42.71127],[-96.62027,42.71205],[-96.62407,42.7128],[-96.6248,42.71309],[-96.62507,42.71322],[-96.62828,42.71451],[-96.63216,42.71607],[-96.63613,42.71763],[-96.63919,42.71943],[-96.64224,42.72122],[-96.6453,42.72301],[-96.64846,42.72487],[-96.65154,42.72664],[-96.65461,42.72845],[-96.65769,42.73026],[-96.66075,42.73202],[-96.66381,42.73381],[-96.66729,42.73512],[-96.67079,42.73643],[-96.67426,42.73773],[-96.67777,42.73903],[-96.68124,42.74034],[-96.68474,42.74163],[-96.68819,42.74295],[-96.69166,42.74424],[-96.69512,42.74554],[-96.6986,42.74682],[-96.70211,42.74817],[-96.70558,42.74946],[-96.70908,42.75077],[-96.71252,42.75206],[-96.71587,42.75332],[-96.71919,42.75457],[-96.72266,42.75587],[-96.72615,42.75717],[-96.72959,42.75846],[-96.73308,42.75976],[-96.73674,42.76114],[-96.74038,42.76249],[-96.74353,42.76367],[-96.74704,42.76497],[-96.75035,42.76622],[-96.75368,42.76746],[-96.757,42.7687],[-96.76033,42.76995],[-96.76364,42.77119],[-96.76698,42.77242],[-96.7703,42.77366],[-96.77378,42.77497],[-96.77728,42.77628],[-96.78094,42.77763],[-96.78496,42.77913],[-96.78769,42.78016],[-96.79114,42.78144],[-96.79482,42.78284],[-96.79849,42.78418],[-96.80225,42.78562],[-96.80545,42.78678],[-96.80844,42.78791],[-96.81144,42.78903],[-96.81465,42.79007],[-96.8179,42.79112],[-96.82114,42.79217],[-96.8244,42.79322],[-96.82722,42.79426],[-96.83092,42.79563],[-96.83471,42.79702],[-96.83824,42.79833],[-96.84182,42.79964],[-96.8457,42.8011],[-96.84944,42.80245],[-96.85333,42.80388],[-96.8565,42.80504],[-96.85985,42.80628],[-96.86298,42.80745],[-96.86649,42.80873],[-96.86999,42.81002],[-96.87349,42.81131],[-96.877,42.81259],[-96.88051,42.81389],[-96.88396,42.81521],[-96.88749,42.81647],[-96.89097,42.81775],[-96.89435,42.81901],[-96.89784,42.82029],[-96.90119,42.82152],[-96.90434,42.8227],[-96.90769,42.82392],[-96.91103,42.82514],[-96.91451,42.82643],[-96.91803,42.82772],[-96.92152,42.829],[-96.92417,42.82998],[-96.92501,42.83028],[-96.92819,42.83144],[-96.93155,42.83267],[-96.93488,42.8339],[-96.93836,42.83519],[-96.94168,42.83641],[-96.945,42.83764],[-96.94835,42.83886],[-96.95186,42.84015],[-96.9538,42.84087],[-96.95483,42.84125],[-96.95836,42.84255],[-96.96171,42.84377],[-96.96503,42.84497],[-96.96836,42.84621],[-96.97171,42.84744],[-96.97527,42.84873],[-96.97896,42.8501],[-96.9823,42.85133],[-96.9852,42.85239],[-96.9892,42.85385],[-96.99286,42.8552],[-96.99653,42.85656],[-97.00021,42.8579],[-97.00405,42.85931],[-97.00757,42.86059],[-97.01123,42.86194],[-97.0149,42.86328],[-97.01858,42.86463],[-97.0223,42.86598],[-97.02514,42.86703],[-97.02892,42.8684],[-97.0325,42.86972],[-97.03608,42.87103],[-97.03957,42.87232],[-97.04311,42.87362],[-97.04662,42.8749],[-97.05012,42.87618],[-97.05361,42.87747],[-97.05713,42.87874],[-97.06063,42.88003],[-97.06428,42.88136],[-97.0675,42.88253],[-97.07083,42.88377],[-97.07433,42.88504],[-97.0779,42.88633],[-97.08164,42.88771],[-97.08505,42.88885],[-97.0887,42.89005],[-97.09234,42.89128],[-97.09585,42.89243],[-97.09942,42.89361],[-97.10301,42.8948],[-97.10658,42.89599],[-97.11014,42.89717],[-97.11372,42.89836],[-97.11734,42.89957],[-97.12091,42.90076],[-97.12454,42.90195],[-97.12785,42.90306],[-97.12818,42.90317],[-97.13157,42.9043],[-97.1349,42.90542],[-97.13847,42.90659],[-97.14209,42.9078],[-97.14582,42.90903],[-97.1489,42.91005],[-97.15248,42.91125],[-97.15606,42.91244],[-97.15979,42.91367],[-97.16353,42.91492],[-97.1671,42.91609],[-97.17062,42.91726],[-97.17393,42.9183],[-97.17736,42.9194],[-97.1808,42.92048],[-97.18426,42.92158],[-97.18769,42.92268],[-97.19114,42.92376],[-97.19456,42.92484],[-97.19798,42.92593],[-97.20141,42.92702],[-97.20485,42.92811],[-97.20845,42.92926],[-97.21203,42.93039],[-97.21558,42.93152],[-97.21921,42.93266],[-97.22279,42.9338],[-97.22633,42.93492],[-97.22972,42.93599],[-97.23355,42.93722],[-97.2375,42.93846],[-97.24103,42.93958],[-97.24479,42.94076],[-97.24849,42.94195],[-97.25216,42.9431],[-97.25574,42.94424],[-97.25934,42.94536],[-97.26311,42.94655],[-97.26689,42.94774],[-97.27067,42.94894],[-97.27423,42.95008],[-97.27785,42.95122],[-97.28128,42.95231],[-97.28521,42.95355],[-97.28876,42.95465],[-97.2923,42.95582],[-97.29926,42.95809],[-97.30298,42.95929],[-97.30655,42.96044],[-97.31033,42.96167],[-97.31408,42.9629],[-97.3177,42.96405],[-97.32112,42.96517],[-97.32469,42.96634],[-97.32825,42.9675],[-97.33187,42.96866],[-97.33544,42.96983],[-97.33905,42.97098],[-97.34139,42.97175],[-97.34377,42.9726],[-97.34745,42.97391],[-97.35116,42.97523],[-97.35484,42.97654],[-97.35853,42.97786],[-97.36237,42.97921],[-97.36558,42.98034],[-97.36912,42.9816],[-97.37264,42.98286],[-97.37621,42.98412],[-97.37974,42.98537],[-97.38327,42.98661],[-97.38694,42.98793],[-97.39064,42.98925],[-97.39434,42.99057],[-97.39788,42.99182],[-97.4012,42.993],[-97.40459,42.9942],[-97.40795,42.99539],[-97.41129,42.99656],[-97.41466,42.99777],[-97.41819,42.99902],[-97.42174,43.00027],[-97.4251,43.00147],[-97.42875,43.00276],[-97.43183,43.00383],[-97.43521,43.00501],[-97.43871,43.00626],[-97.44209,43.00746],[-97.44562,43.00871],[-97.4488,43.00985],[-97.45112,43.01067],[-97.45427,43.01266],[-97.45691,43.01435],[-97.45943,43.01594],[-97.46251,43.01791],[-97.46634,43.01926],[-97.46898,43.01963],[-97.47208,43.02006],[-97.4752,43.02049],[-97.47814,43.0209],[-97.48121,43.02133],[-97.48456,43.02251],[-97.48849,43.0239],[-97.49218,43.02521],[-97.49543,43.02636],[-97.49877,43.02754],[-97.50265,43.0289],[-97.50652,43.03026],[-97.51022,43.03157],[-97.51395,43.03289],[-97.51765,43.03421],[-97.52136,43.03551],[-97.52491,43.03676],[-97.52844,43.03801],[-97.53196,43.03925],[-97.5356,43.04054],[-97.53947,43.04192],[-97.54257,43.04302],[-97.54608,43.04426],[-97.54963,43.0455],[-97.55315,43.04675],[-97.55655,43.04794],[-97.56015,43.04922],[-97.5638,43.05051],[-97.56744,43.0518],[-97.57106,43.05306],[-97.5748,43.05437],[-97.57635,43.05436],[-97.57803,43.05426],[-97.57857,43.05491],[-97.57873,43.0552]]}},{"type":"Feature","properties":{"id":"131410","type":"AC; OVERHEAD","status":"IN SERVICE","owner":"MIDAMERICAN ENERGY CO","voltage":161,"voltClass":"100-161"},"geometry":{"type":"LineString","coordinates":[[-95.26885,42.55475],[-95.26834,42.55459],[-95.26812,42.55453],[-95.26352,42.55449],[-95.2513,42.55451],[-95.23777,42.55451],[-95.22446,42.55445],[-95.20856,42.55448],[-95.19004,42.55445],[-95.18226,42.55423],[-95.17804,42.55412],[-95.17345,42.55396],[-95.17081,42.5545],[-95.16814,42.55449],[-95.1631,42.55444],[-95.16073,42.55445],[-95.15591,42.55451],[-95.15115,42.55457],[-95.14592,42.55426],[-95.13804,42.55427],[-95.13552,42.55429],[-95.13055,42.55398],[-95.1283,42.55398],[-95.12583,42.55398],[-95.12101,42.5543],[-95.11859,42.5543],[-95.11127,42.55432],[-95.09663,42.55431],[-95.08918,42.55429],[-95.08408,42.5543],[-95.07674,42.55433],[-95.06213,42.55425],[-95.04703,42.55434],[-95.02986,42.55448],[-95.02501,42.55445],[-95.01141,42.55433],[-95.00048,42.55436],[-94.99346,42.55435],[-94.98834,42.55375],[-94.98337,42.55431],[-94.98096,42.55433],[-94.96736,42.55426],[-94.95634,42.55434],[-94.95369,42.55434],[-94.94161,42.55423],[-94.93917,42.55418],[-94.93661,42.55401],[-94.93438,42.55389],[-94.93027,42.55416],[-94.9212,42.55415],[-94.90947,42.55416],[-94.90451,42.55409],[-94.90444,42.56042],[-94.90449,42.56737],[-94.89731,42.56742],[-94.88726,42.56737],[-94.87252,42.5673],[-94.86027,42.56721],[-94.84788,42.56715],[-94.83538,42.56706],[-94.8158,42.56693],[-94.8038,42.56682],[-94.79096,42.5667],[-94.77828,42.56666],[-94.76309,42.56664],[-94.75557,42.56665],[-94.75537,42.56596]]}},{"type":"Feature","properties":{"id":"131467","type":"AC; OVERHEAD","status":"IN SERVICE","owner":"NORTHERN STATES POWER CO","voltage":161,"voltClass":"100-161"},"geometry":{"type":"LineString","coordinates":[[-91.00656,43.28778],[-91.00625,43.28776],[-91.00626,43.28732],[-91.0019,43.28725],[-90.99976,43.28726],[-90.98969,43.28544],[-90.98517,43.28518],[-90.97071,43.28494],[-90.95995,43.28502],[-90.95349,43.28507],[-90.93899,43.28495],[-90.91703,43.28471],[-90.89956,43.28444],[-90.88086,43.28428],[-90.86419,43.28413],[-90.85811,43.28406],[-90.85277,43.28791],[-90.84368,43.28759],[-90.83691,43.28731],[-90.82449,43.28684],[-90.82432,43.28692]]}},{"type":"Feature","properties":{"id":"131540","type":"AC; OVERHEAD","status":"IN SERVICE","owner":null,"voltage":161,"voltClass":"100-161"},"geometry":{"type":"LineString","coordinates":[[-95.13094,42.11471],[-95.13073,42.11501],[-95.13077,42.11528],[-95.12441,42.11528],[-95.1109,42.11526],[-95.1036,42.11589],[-95.10112,42.11612],[-95.09654,42.1153],[-95.09159,42.11442],[-95.08832,42.1147],[-95.08201,42.11526],[-95.07919,42.11518],[-95.07213,42.1151],[-95.06036,42.11508],[-95.04697,42.11503],[-95.03692,42.11498],[-95.02778,42.11492],[-95.01165,42.11489],[-94.99746,42.11498],[-94.98976,42.11495],[-94.97692,42.11482],[-94.968,42.11483],[-94.96032,42.11484],[-94.9464,42.1148],[-94.92798,42.11468],[-94.91712,42.11462],[-94.90295,42.1146],[-94.88571,42.1146],[-94.87173,42.11458],[-94.85941,42.11464],[-94.8516,42.1146],[-94.85163,42.11132],[-94.85169,42.10623],[-94.85182,42.10017],[-94.84683,42.10021],[-94.84188,42.10024],[-94.84204,42.09489],[-94.84218,42.08917],[-94.84217,42.08723],[-94.84187,42.08687],[-94.84162,42.08647]]}},{"type":"Feature","properties":{"id":"132276","type":"AC; OVERHEAD","status":"IN SERVICE","owner":null,"voltage":345,"voltClass":"345"},"geometry":{"type":"LineString","coordinates":[[-96.36546,42.32936],[-96.36304,42.32949],[-96.35987,42.32985],[-96.35722,42.33017],[-96.35417,42.33057],[-96.35135,42.33025],[-96.34793,42.32979],[-96.34417,42.32921],[-96.34041,42.32864],[-96.33672,42.32807],[-96.33308,42.32751],[-96.3294,42.32753],[-96.32573,42.32754],[-96.32197,42.32755],[-96.31827,42.32755],[-96.31458,42.32756],[-96.3108,42.32757],[-96.30717,42.32756],[-96.30334,42.32756],[-96.29938,42.32758],[-96.29616,42.32754],[-96.29423,42.32994],[-96.29178,42.33294],[-96.28945,42.33576],[-96.28711,42.33867],[-96.2848,42.34149],[-96.28262,42.34425],[-96.28026,42.34718],[-96.27786,42.35008],[-96.27559,42.35297],[-96.27323,42.35586],[-96.27083,42.35877],[-96.26818,42.36178],[-96.26575,42.3647],[-96.26313,42.3678],[-96.26117,42.37012],[-96.25887,42.37286],[-96.25647,42.37567],[-96.25401,42.37865],[-96.25175,42.38157],[-96.24917,42.38437],[-96.24662,42.38743],[-96.24433,42.39015],[-96.24183,42.39306],[-96.23939,42.39605],[-96.23688,42.39928],[-96.23438,42.40195],[-96.23172,42.40517],[-96.22983,42.40731],[-96.22759,42.41002],[-96.22533,42.41235],[-96.22212,42.41575],[-96.2198,42.41815],[-96.21753,42.42056],[-96.21483,42.42344],[-96.21229,42.4261],[-96.20834,42.43021],[-96.20487,42.4339],[-96.20278,42.43607],[-96.20046,42.43861],[-96.19726,42.44185],[-96.19574,42.44349],[-96.19304,42.44617],[-96.19004,42.44914],[-96.18748,42.45168],[-96.18461,42.45455],[-96.18272,42.4564],[-96.18089,42.45824],[-96.17874,42.46032],[-96.17735,42.46173],[-96.1757,42.46344],[-96.17308,42.466],[-96.17027,42.46881],[-96.16769,42.47137],[-96.16469,42.47428],[-96.16274,42.47623],[-96.16022,42.47875],[-96.15701,42.48194],[-96.15531,42.48375],[-96.15178,42.48712],[-96.14868,42.49013],[-96.14613,42.49271],[-96.1441,42.49465],[-96.14144,42.49748],[-96.14125,42.49768],[-96.13766,42.50147],[-96.13471,42.50456],[-96.13268,42.50668],[-96.13011,42.50935],[-96.12809,42.51162],[-96.12622,42.5135],[-96.12287,42.51703],[-96.12097,42.51905],[-96.11745,42.52277],[-96.11472,42.52568],[-96.11156,42.5289],[-96.10736,42.53333],[-96.10571,42.53507],[-96.10242,42.53861],[-96.10011,42.54109],[-96.09744,42.54393],[-96.09477,42.54681],[-96.09196,42.54981],[-96.08941,42.55253],[-96.08657,42.55557],[-96.08409,42.55821],[-96.08106,42.56144],[-96.07799,42.56475],[-96.07504,42.56791],[-96.07269,42.57041],[-96.07022,42.57305],[-96.06754,42.57592],[-96.06596,42.57825],[-96.06403,42.5811],[-96.06184,42.58434],[-96.05973,42.58741],[-96.05713,42.59129],[-96.0542,42.59559],[-96.05209,42.59867],[-96.04991,42.60189],[-96.04779,42.60504],[-96.0457,42.60815],[-96.04351,42.61136],[-96.04348,42.6114],[-96.04137,42.61447],[-96.03923,42.61761],[-96.03707,42.62079],[-96.03505,42.62376],[-96.03295,42.62683],[-96.03025,42.63078],[-96.02864,42.63318],[-96.02686,42.63578],[-96.02461,42.63909],[-96.02262,42.642],[-96.02026,42.64547],[-96.01763,42.64927],[-96.01501,42.65289],[-96.01308,42.65557],[-96.0112,42.65814],[-96.00904,42.66113],[-96.00663,42.66447],[-96.00449,42.66743],[-96.00208,42.67075],[-95.99992,42.67371],[-95.99771,42.67679],[-95.99548,42.67985],[-95.99333,42.6828],[-95.99114,42.68584],[-95.98897,42.68883],[-95.98695,42.69162],[-95.98466,42.69477],[-95.98248,42.69776],[-95.98018,42.70093],[-95.97811,42.70379],[-95.97618,42.70645],[-95.97399,42.70948],[-95.97162,42.71273],[-95.96969,42.7154],[-95.96719,42.71888],[-95.96519,42.72166],[-95.96272,42.72505],[-95.96051,42.72807],[-95.95814,42.73133],[-95.95602,42.73431],[-95.95391,42.7373],[-95.95162,42.7404],[-95.94934,42.74355],[-95.9471,42.74662],[-95.94399,42.75005],[-95.94029,42.75407],[-95.93674,42.75797],[-95.93303,42.76196],[-95.92959,42.76569],[-95.92674,42.76879],[-95.92431,42.77149],[-95.92143,42.77461],[-95.91895,42.77735],[-95.91658,42.77989],[-95.91608,42.78043],[-95.91312,42.78366],[-95.91078,42.78623],[-95.90806,42.78916],[-95.90534,42.79211],[-95.90271,42.795],[-95.90003,42.79788],[-95.89731,42.80085],[-95.89468,42.8037],[-95.89193,42.80666],[-95.89065,42.80802],[-95.88927,42.80958],[-95.88647,42.81262],[-95.88386,42.81547],[-95.88131,42.81825],[-95.87883,42.82094],[-95.87688,42.82313],[-95.87462,42.82559],[-95.87196,42.82849],[-95.8692,42.83149],[-95.86715,42.83373],[-95.86478,42.8363],[-95.86216,42.83915],[-95.85942,42.84216],[-95.85676,42.84505],[-95.854,42.84805],[-95.85133,42.85096],[-95.84866,42.85386],[-95.84614,42.85706],[-95.84386,42.85995],[-95.84157,42.86287],[-95.83914,42.86596],[-95.83673,42.869],[-95.83428,42.87213],[-95.83188,42.87517],[-95.82942,42.8783],[-95.82702,42.88134],[-95.82456,42.88445],[-95.8223,42.88733],[-95.82004,42.89003],[-95.81745,42.89286],[-95.81468,42.89586],[-95.81203,42.89875],[-95.80925,42.90177],[-95.80663,42.90466],[-95.80415,42.90742],[-95.80168,42.91029],[-95.79919,42.91317],[-95.79673,42.91609],[-95.79431,42.91892],[-95.79166,42.92196],[-95.78918,42.92487],[-95.78652,42.92798],[-95.78406,42.93084],[-95.78134,42.93401],[-95.77895,42.93681],[-95.77674,42.93938],[-95.77417,42.94237],[-95.7716,42.94538],[-95.76905,42.94835],[-95.76643,42.9514],[-95.76389,42.95436],[-95.76143,42.95723],[-95.75874,42.96038],[-95.7563,42.9632],[-95.75354,42.9664],[-95.75109,42.96925],[-95.74837,42.97242],[-95.74594,42.97524],[-95.74335,42.97825],[-95.74081,42.98121],[-95.73849,42.9845],[-95.73615,42.98803],[-95.73427,42.99092],[-95.73216,42.99413],[-95.73004,42.99736],[-95.72798,43.00055],[-95.72625,43.00318],[-95.72426,43.00621],[-95.72207,43.00955],[-95.72005,43.01263],[-95.71805,43.01568],[-95.71582,43.01905],[-95.71382,43.02212],[-95.71172,43.02532],[-95.70966,43.02846],[-95.70758,43.03162],[-95.7055,43.03483],[-95.7035,43.03789],[-95.70131,43.04125],[-95.69929,43.04432],[-95.69708,43.04769],[-95.69683,43.04806],[-95.69505,43.05077],[-95.69297,43.05393],[-95.69136,43.05638],[-95.68823,43.05642],[-95.68756,43.05679]]}},{"type":"Feature","properties":{"id":"132385","type":"AC; OVERHEAD","status":"IN SERVICE","owner":"MIDAMERICAN ENERGY CO","voltage":115,"voltClass":"100-161"},"geometry":{"type":"LineString","coordinates":[[-91.68138,41.94174],[-91.67883,41.94169],[-91.67584,41.94164],[-91.67576,41.9395],[-91.67431,41.93971],[-91.67294,41.93992],[-91.67031,41.94031],[-91.66643,41.9409],[-91.66473,41.94116],[-91.66036,41.94184],[-91.65886,41.94207],[-91.65595,41.94251],[-91.65339,41.9429],[-91.65198,41.94312],[-91.6501,41.9434],[-91.64754,41.94379],[-91.64603,41.94403],[-91.64328,41.94445],[-91.64131,41.94475],[-91.63903,41.9451],[-91.63895,41.94474]]}},{"type":"Feature","properties":{"id":"132461","type":"AC; OVERHEAD","status":"IN SERVICE","owner":"MIDAMERICAN ENERGY CO","voltage":161,"voltClass":"100-161"},"geometry":{"type":"LineString","coordinates":[[-93.81986,41.75157],[-93.81906,41.75164],[-93.81941,41.75233],[-93.82031,41.75358],[-93.8216,41.75461],[-93.82339,41.75588],[-93.82437,41.75654],[-93.82583,41.75758],[-93.82901,41.75983],[-93.83274,41.76256],[-93.83343,41.76305],[-93.83493,41.76401],[-93.83581,41.76442],[-93.83665,41.76479],[-93.83752,41.76519],[-93.8393,41.76599],[-93.84126,41.76686],[-93.84307,41.76766],[-93.84399,41.76806],[-93.84399,41.76886],[-93.84402,41.76975],[-93.84403,41.77056],[-93.844,41.77135],[-93.844,41.77223],[-93.84399,41.77552],[-93.84404,41.77882],[-93.84404,41.78133],[-93.84409,41.78495],[-93.84412,41.78742],[-93.84417,41.79232],[-93.84423,41.79625],[-93.84428,41.79858],[-93.84756,41.79861],[-93.85181,41.79862],[-93.85828,41.79862],[-93.86044,41.79863],[-93.86475,41.79864],[-93.86769,41.79864],[-93.87131,41.79864],[-93.87327,41.79866],[-93.87323,41.80111],[-93.87333,41.80695],[-93.87334,41.80777],[-93.87336,41.81261],[-93.87338,41.81339],[-93.87338,41.81418],[-93.8734,41.81667],[-93.87343,41.81912],[-93.87343,41.82066],[-93.87456,41.82065],[-93.87562,41.82067],[-93.87673,41.82067],[-93.87779,41.82064],[-93.8776,41.8213]]}},{"type":"Feature","properties":{"id":"132605","type":"AC; OVERHEAD","status":"IN SERVICE","owner":"UNION ELECTRIC CO - (MO)","voltage":161,"voltClass":"100-161"},"geometry":{"type":"LineString","coordinates":[[-92.59794,40.14873],[-92.59929,40.14876],[-92.60971,40.14883],[-92.61156,40.14884],[-92.61196,40.1511],[-92.61262,40.15443],[-92.61258,40.15463],[-92.61052,40.16373],[-92.60886,40.17138],[-92.60747,40.18517],[-92.60725,40.18708],[-92.60722,40.1874],[-92.607,40.19307],[-92.60697,40.19372],[-92.60696,40.19401],[-92.60689,40.19585],[-92.60687,40.19632],[-92.60649,40.20606],[-92.60622,40.21346],[-92.60638,40.22087],[-92.60659,40.22805],[-92.61671,40.2382],[-92.61655,40.24943],[-92.61646,40.25267],[-92.61613,40.26792],[-92.61493,40.27473],[-92.61431,40.27842],[-92.61345,40.28084],[-92.6121,40.28464],[-92.60982,40.29107],[-92.61506,40.29893],[-92.6187,40.30463],[-92.62158,40.30895],[-92.62273,40.31084],[-92.62268,40.31152],[-92.62253,40.31419],[-92.62212,40.32142],[-92.62181,40.3269],[-92.62153,40.3319],[-92.62086,40.34383],[-92.62072,40.34634],[-92.62048,40.35059],[-92.62054,40.35098],[-92.62358,40.36934],[-92.62446,40.37468],[-92.6245,40.37488],[-92.62548,40.38045],[-92.62673,40.38754],[-92.62748,40.39178],[-92.62773,40.39319],[-92.62801,40.39489],[-92.62799,40.39685],[-92.62792,40.40146],[-92.62798,40.40344],[-92.62794,40.40843],[-92.62804,40.41213],[-92.628,40.42161],[-92.62963,40.4343],[-92.62969,40.43461],[-92.63052,40.44164],[-92.63152,40.4489],[-92.63319,40.46212],[-92.63344,40.46393],[-92.63506,40.47583],[-92.63658,40.48769],[-92.6403,40.4994],[-92.64156,40.50349],[-92.64171,40.50404],[-92.64183,40.50545],[-92.64253,40.51284],[-92.64311,40.51889],[-92.6438,40.52518],[-92.644,40.52727],[-92.64435,40.53094],[-92.6444,40.53159],[-92.64464,40.53406],[-92.64486,40.53648],[-92.645,40.53872],[-92.64517,40.54363],[-92.64547,40.55508],[-92.64565,40.56235],[-92.64577,40.56523],[-92.64583,40.56799],[-92.64598,40.57258],[-92.64599,40.57909],[-92.64627,40.58196],[-92.64762,40.58982],[-92.64865,40.59547],[-92.64923,40.59798],[-92.64962,40.59964],[-92.65018,40.6024],[-92.65078,40.60492],[-92.65118,40.60671],[-92.65162,40.60874],[-92.65208,40.61072],[-92.65248,40.61269],[-92.65309,40.61521],[-92.65356,40.61741],[-92.6541,40.61967],[-92.65471,40.62254],[-92.65525,40.62495],[-92.65578,40.62729],[-92.65632,40.62967],[-92.65697,40.63251],[-92.65759,40.63526],[-92.65803,40.63725],[-92.6584,40.6389],[-92.6589,40.64114],[-92.6594,40.64335],[-92.65998,40.64595],[-92.66043,40.64794],[-92.66095,40.65023],[-92.66158,40.65308],[-92.66157,40.65448],[-92.6616,40.65636],[-92.66159,40.65885],[-92.66161,40.66048],[-92.66161,40.66288],[-92.6616,40.66463],[-92.66162,40.66777],[-92.66164,40.66928],[-92.66172,40.67224],[-92.66177,40.67407],[-92.66181,40.6764],[-92.66186,40.67857],[-92.66191,40.68078],[-92.66195,40.68281],[-92.66201,40.68501],[-92.66205,40.68701],[-92.6621,40.68948],[-92.66216,40.69206],[-92.66225,40.69453],[-92.66227,40.69691],[-92.66233,40.69984],[-92.66238,40.70226],[-92.66246,40.70542],[-92.66249,40.707],[-92.6625,40.70751],[-92.66253,40.70771],[-92.66274,40.70791]]}},{"type":"Feature","properties":{"id":"133407","type":"AC; OVERHEAD","status":"IN SERVICE","owner":"NORTHERN STATES POWER CO - WISCONSIN","voltage":161,"voltClass":"100-161"},"geometry":{"type":"LineString","coordinates":[[-91.23042,43.5614],[-91.2308,43.56096],[-91.24131,43.56056],[-91.24321,43.56055],[-91.25942,43.55992],[-91.28572,43.55892],[-91.29156,43.55356],[-91.29134,43.55187],[-91.29291,43.55034],[-91.29514,43.54729],[-91.29852,43.54316],[-91.30086,43.5403],[-91.30423,43.53629],[-91.30776,43.53204],[-91.31084,43.52838],[-91.31419,43.52431],[-91.31759,43.52027],[-91.32851,43.51708],[-91.32794,43.51549],[-91.32643,43.51141],[-91.32565,43.50922],[-91.32368,43.50372],[-91.32319,43.50075],[-91.32277,43.49776],[-91.32232,43.49486],[-91.32183,43.49045],[-91.32164,43.48917],[-91.32129,43.48669],[-91.32128,43.47867],[-91.32122,43.47199],[-91.32116,43.4669],[-91.3211,43.4644],[-91.32092,43.45619],[-91.32087,43.45409],[-91.32083,43.452],[-91.32076,43.44989],[-91.32238,43.44855],[-91.32396,43.44722],[-91.32475,43.44654],[-91.32466,43.44567],[-91.32448,43.44344],[-91.32428,43.44121],[-91.32406,43.43891],[-91.32573,43.43708],[-91.32745,43.43515],[-91.3297,43.43266],[-91.32965,43.43084],[-91.3296,43.42919],[-91.32955,43.4269],[-91.33032,43.42532],[-91.33108,43.42374],[-91.32945,43.42049],[-91.32886,43.41931],[-91.32806,43.41768],[-91.32711,43.41574],[-91.32653,43.41457],[-91.32443,43.41032],[-91.32335,43.40813],[-91.32246,43.40633],[-91.32162,43.40468],[-91.32173,43.40294],[-91.32196,43.39862],[-91.322,43.39718],[-91.32204,43.39562],[-91.32209,43.39339],[-91.32214,43.38964],[-91.32217,43.3879],[-91.32221,43.38503],[-91.32224,43.38326],[-91.32226,43.38153],[-91.3223,43.37915],[-91.3223,43.3777],[-91.32231,43.37514],[-91.32233,43.37409],[-91.32233,43.3724],[-91.32234,43.37048],[-91.32236,43.36682],[-91.32241,43.36661],[-91.32245,43.36644],[-91.32357,43.36343],[-91.32271,43.36084],[-91.32227,43.35952],[-91.32225,43.35597],[-91.3226,43.35474],[-91.32325,43.35237],[-91.32375,43.35064],[-91.32174,43.34838],[-91.32068,43.34719],[-91.31927,43.34555],[-91.31727,43.34413],[-91.31431,43.34198],[-91.31112,43.34119],[-91.30832,43.34049],[-91.30655,43.34004],[-91.30301,43.33917],[-91.30022,43.33847],[-91.29737,43.33775],[-91.29436,43.33699],[-91.29142,43.33625],[-91.28708,43.33517],[-91.28458,43.33455],[-91.28256,43.33404],[-91.27739,43.33403],[-91.27272,43.33402],[-91.27047,43.33402],[-91.26784,43.33405],[-91.2626,43.33401],[-91.25955,43.33402],[-91.25321,43.334],[-91.24965,43.334],[-91.24611,43.33393],[-91.24482,43.33391],[-91.23937,43.33332],[-91.23512,43.33286],[-91.23167,43.33249],[-91.23006,43.3323],[-91.22695,43.33333],[-91.22505,43.33395],[-91.224,43.33391],[-91.21741,43.33369],[-91.20923,43.33371],[-91.20688,43.33371],[-91.20312,43.33371],[-91.20155,43.33372],[-91.19996,43.33371],[-91.19825,43.33406],[-91.19727,43.33426],[-91.19599,43.33424],[-91.19454,43.33422],[-91.19218,43.33417],[-91.18939,43.33411],[-91.18566,43.33404],[-91.184,43.334],[-91.1817,43.33396],[-91.17848,43.33389],[-91.17673,43.33386],[-91.17252,43.33364],[-91.16833,43.33453],[-91.1682,43.33525],[-91.16783,43.33565]]}},{"type":"Feature","properties":{"id":"160655","type":"AC; OVERHEAD","status":"IN SERVICE","owner":"MIDAMERICAN ENERGY CO","voltage":161,"voltClass":"100-161"},"geometry":{"type":"LineString","coordinates":[[-93.52381,41.55373],[-93.52378,41.55298],[-93.52375,41.55082],[-93.52364,41.54541],[-93.5236,41.54315],[-93.52466,41.54324],[-93.5259,41.54292],[-93.52795,41.54302],[-93.52806,41.54223],[-93.52725,41.54169]]}},{"type":"Feature","properties":{"id":"160704","type":"AC; OVERHEAD","status":"IN SERVICE","owner":"MIDAMERICAN ENERGY CO","voltage":161,"voltClass":"100-161"},"geometry":{"type":"LineString","coordinates":[[-93.71431,41.52227],[-93.71438,41.52175],[-93.71303,41.52175],[-93.71269,41.52096],[-93.71263,41.51923],[-93.71249,41.5165],[-93.71111,41.51562],[-93.71022,41.51518],[-93.7093,41.51484],[-93.70835,41.5146],[-93.70732,41.51442],[-93.70623,41.51437],[-93.70568,41.51491]]}},{"type":"Feature","properties":{"id":"160659","type":"AC; OVERHEAD","status":"IN SERVICE","owner":"MIDAMERICAN ENERGY CO","voltage":161,"voltClass":"100-161"},"geometry":{"type":"LineString","coordinates":[[-94.12445,41.83678],[-94.12436,41.83642],[-94.12508,41.83507],[-94.12474,41.83505],[-94.12467,41.83514]]}},{"type":"Feature","properties":{"id":"160671","type":"AC; OVERHEAD","status":"IN SERVICE","owner":"MIDAMERICAN ENERGY CO","voltage":161,"voltClass":"100-161"},"geometry":{"type":"LineString","coordinates":[[-94.29945,42.51553],[-94.29943,42.51596],[-94.3048,42.51596],[-94.30485,42.51455],[-94.30486,42.51314],[-94.30527,42.51239],[-94.30527,42.50891],[-94.30855,42.50896],[-94.30954,42.50924],[-94.31248,42.50929],[-94.31249,42.50946],[-94.31278,42.5097]]}},{"type":"Feature","properties":{"id":"160686","type":"AC; OVERHEAD","status":"IN SERVICE","owner":null,"voltage":161,"voltClass":"100-161"},"geometry":{"type":"LineString","coordinates":[[-92.96191,42.04791],[-92.96238,42.0478],[-92.96249,42.0476],[-92.96305,42.0476],[-92.96324,42.04866],[-92.96601,42.0487],[-92.96591,42.04529],[-92.9695,42.04533],[-92.97072,42.04524],[-92.97055,42.04018],[-92.97047,42.03798],[-92.9674,42.03799],[-92.96108,42.03798],[-92.96098,42.03334],[-92.96071,42.033],[-92.96067,42.02689],[-92.96068,42.02382],[-92.96058,42.02146],[-92.96056,42.01927],[-92.9604,42.01499],[-92.96037,42.01279],[-92.96041,42.01069],[-92.96046,42.00921],[-92.96174,42.00764],[-92.96195,42.007],[-92.96077,42.007],[-92.96062,42.00536],[-92.96059,42.00453],[-92.95802,42.00437],[-92.95002,42.00391],[-92.94694,42.00379],[-92.94551,42.00387],[-92.94196,42.00389],[-92.941,42.00407],[-92.93501,42.00416],[-92.93497,42.00534],[-92.9357,42.0054],[-92.9359,42.00561]]}},{"type":"Feature","properties":{"id":"160657","type":"AC; OVERHEAD","status":"IN SERVICE","owner":null,"voltage":345,"voltClass":"345"},"geometry":{"type":"LineString","coordinates":[[-95.83408,41.17614],[-95.83338,41.17578],[-95.83231,41.17575],[-95.82712,41.17575],[-95.81901,41.1757],[-95.81613,41.17667],[-95.81279,41.17664],[-95.81268,41.17024],[-95.81257,41.1677],[-95.80554,41.16767],[-95.79847,41.16763],[-95.79851,41.17099],[-95.79849,41.1737],[-95.79793,41.17369],[-95.79726,41.17485]]}},{"type":"Feature","properties":{"id":"160658","type":"AC; OVERHEAD","status":"IN SERVICE","owner":null,"voltage":345,"voltClass":"345"},"geometry":{"type":"LineString","coordinates":[[-95.79709,41.17731],[-95.79569,41.17734],[-95.79568,41.17607],[-95.79624,41.17609],[-95.79726,41.17485]]}},{"type":"Feature","properties":{"id":"160707","type":"AC; OVERHEAD","status":"IN SERVICE","owner":null,"voltage":161,"voltClass":"100-161"},"geometry":{"type":"LineString","coordinates":[[-92.4276,42.46445],[-92.42709,42.46457],[-92.42709,42.46487],[-92.4237,42.46485],[-92.41677,42.4649],[-92.41487,42.46564],[-92.41484,42.46904],[-92.40727,42.46896],[-92.40151,42.46894],[-92.401,42.46958],[-92.40107,42.47401],[-92.40116,42.47748],[-92.4012,42.47848],[-92.3994,42.48029],[-92.39855,42.48113],[-92.39762,42.48168],[-92.39676,42.48277],[-92.396,42.48365],[-92.39515,42.48427],[-92.39456,42.48508],[-92.39281,42.48555],[-92.39136,42.48561],[-92.38642,42.48678],[-92.38376,42.48738],[-92.38315,42.48794],[-92.38181,42.48937],[-92.38014,42.49104],[-92.37954,42.49157],[-92.37807,42.49274],[-92.37715,42.49275],[-92.37709,42.49584],[-92.37704,42.49873],[-92.37699,42.50411],[-92.37694,42.50685],[-92.374,42.50843],[-92.37237,42.50922],[-92.37067,42.50921],[-92.36864,42.50926],[-92.36831,42.50906]]}},{"type":"Feature","properties":{"id":"160731","type":"AC; OVERHEAD","status":"IN SERVICE","owner":"MIDAMERICAN ENERGY CO","voltage":161,"voltClass":"100-161"},"geometry":{"type":"LineString","coordinates":[[-92.49413,42.53451],[-92.49482,42.53455],[-92.49516,42.53493],[-92.49518,42.53914],[-92.49519,42.53997],[-92.49522,42.54329],[-92.49526,42.54504],[-92.4953,42.54588],[-92.49539,42.54845],[-92.49509,42.54958],[-92.49524,42.55816],[-92.4993,42.56183],[-92.50219,42.56446],[-92.50286,42.56503],[-92.50375,42.56737],[-92.50698,42.56855],[-92.50787,42.5692],[-92.5083,42.56998],[-92.50717,42.57219],[-92.50645,42.57363],[-92.5077,42.57747],[-92.5096,42.58318],[-92.50973,42.58487],[-92.50969,42.58717],[-92.50965,42.59101],[-92.5097,42.59178]]}},{"type":"Feature","properties":{"id":"160735","type":"AC; OVERHEAD","status":"IN SERVICE","owner":"MIDAMERICAN ENERGY CO","voltage":161,"voltClass":"100-161"},"geometry":{"type":"LineString","coordinates":[[-92.35455,42.59341],[-92.35578,42.59321],[-92.35578,42.59263],[-92.35744,42.59261],[-92.36724,42.59269],[-92.37456,42.59303],[-92.37734,42.5937],[-92.37962,42.59318],[-92.38451,42.59307],[-92.39004,42.59245],[-92.39464,42.5924],[-92.41146,42.59243],[-92.42775,42.59238],[-92.44749,42.59213],[-92.45289,42.59207],[-92.46541,42.59207],[-92.48009,42.59202],[-92.49281,42.59202],[-92.49591,42.59206],[-92.4986,42.59228],[-92.50223,42.59229],[-92.5097,42.59178]]}},{"type":"Feature","properties":{"id":"160734","type":"AC; OVERHEAD","status":"IN SERVICE","owner":null,"voltage":161,"voltClass":"100-161"},"geometry":{"type":"LineString","coordinates":[[-92.34368,42.5064],[-92.34297,42.50703],[-92.34266,42.50778],[-92.34273,42.51308]]}},{"type":"Feature","properties":{"id":"160742","type":"AC; OVERHEAD","status":"IN SERVICE","owner":"MIDAMERICAN ENERGY CO","voltage":161,"voltClass":"100-161"},"geometry":{"type":"LineString","coordinates":[[-92.6641,43.03763],[-92.66336,43.0376],[-92.6633,43.04249],[-92.66319,43.04642],[-92.66307,43.04773],[-92.66169,43.04788],[-92.65975,43.04863],[-92.65828,43.04933],[-92.65418,43.04925],[-92.64748,43.04915],[-92.64336,43.04906],[-92.64335,43.05258],[-92.64318,43.05355],[-92.64315,43.0614],[-92.64323,43.06902],[-92.64336,43.0771],[-92.64338,43.07813],[-92.65237,43.07818],[-92.65785,43.07821],[-92.65883,43.07814],[-92.65996,43.07767],[-92.66224,43.07657],[-92.66345,43.07594],[-92.66442,43.07593],[-92.66654,43.07546],[-92.66659,43.07416],[-92.66659,43.07287],[-92.66704,43.07286],[-92.66704,43.07264]]}},{"type":"Feature","properties":{"id":"133848","type":"AC; OVERHEAD","status":"IN SERVICE","owner":"OMAHA PUBLIC POWER DISTRICT","voltage":345,"voltClass":"345"},"geometry":{"type":"LineString","coordinates":[[-95.9698,41.16964],[-95.96958,41.16895],[-95.96955,41.16823],[-95.96953,41.16788],[-95.96949,41.1651],[-95.96947,41.16335],[-95.96942,41.16121],[-95.96937,41.15918],[-95.97034,41.15713],[-95.97125,41.1551],[-95.97226,41.15291],[-95.9732,41.15079],[-95.97395,41.14914],[-95.97512,41.14657],[-95.97591,41.14464],[-95.97584,41.14246],[-95.97582,41.14099],[-95.97577,41.13873],[-95.9757,41.13624],[-95.97566,41.13446],[-95.97565,41.13275],[-95.97544,41.13049],[-95.97532,41.1289],[-95.97509,41.12623],[-95.97488,41.12352],[-95.9747,41.12119],[-95.97452,41.11881],[-95.97428,41.11651],[-95.97409,41.11432],[-95.97392,41.11169],[-95.97376,41.10934],[-95.97369,41.10883],[-95.97355,41.10731],[-95.97338,41.10486],[-95.97318,41.10238],[-95.97303,41.10052],[-95.97287,41.09824],[-95.97268,41.09583],[-95.97245,41.09329],[-95.97232,41.09167],[-95.97214,41.08924],[-95.97185,41.08767],[-95.9713,41.08489],[-95.97143,41.08333],[-95.97145,41.08303],[-95.97155,41.08113],[-95.97128,41.07835],[-95.97113,41.07677],[-95.97095,41.07446],[-95.97078,41.07264],[-95.97078,41.07056],[-95.97078,41.06852],[-95.97073,41.06653],[-95.97077,41.06435],[-95.97073,41.06255],[-95.96992,41.06052],[-95.96766,41.05451],[-95.96699,41.05324],[-95.96446,41.05113],[-95.96228,41.04923],[-95.96075,41.04781],[-95.9588,41.04611],[-95.95827,41.0454],[-95.95677,41.04339],[-95.95558,41.04181],[-95.95379,41.03946],[-95.95199,41.03707],[-95.95056,41.03516],[-95.94881,41.03284],[-95.9471,41.03052],[-95.94524,41.02816],[-95.94392,41.0264],[-95.9424,41.02437],[-95.94087,41.02243],[-95.93949,41.02043],[-95.93801,41.01899],[-95.93658,41.01728],[-95.93503,41.01549],[-95.93345,41.01356],[-95.93202,41.01188],[-95.93047,41.01012],[-95.92993,41.00939],[-95.92848,41.00775],[-95.92694,41.00586],[-95.92556,41.00428],[-95.92378,41.00211],[-95.92202,41.00006],[-95.92093,40.99875],[-95.91909,40.99659],[-95.91809,40.99538],[-95.91662,40.99365],[-95.91502,40.99172],[-95.91337,40.99003],[-95.91185,40.98842],[-95.91031,40.98681],[-95.9089,40.98535],[-95.90771,40.98409],[-95.90614,40.98244],[-95.90615,40.98187],[-95.90615,40.98152],[-95.90621,40.97962],[-95.90625,40.97769],[-95.90631,40.97574],[-95.90638,40.97347],[-95.90646,40.97109],[-95.90655,40.96859],[-95.90663,40.96655],[-95.90672,40.96372],[-95.90678,40.96184],[-95.90683,40.95989],[-95.90689,40.95791],[-95.90695,40.95605],[-95.90704,40.95303],[-95.90709,40.95122],[-95.90715,40.94929],[-95.90721,40.94687],[-95.90729,40.94469],[-95.90735,40.94272],[-95.90744,40.94034],[-95.90748,40.93828],[-95.90754,40.93645],[-95.90763,40.93382],[-95.90766,40.93196],[-95.90775,40.92931],[-95.90781,40.92736],[-95.90787,40.92546],[-95.90793,40.92316],[-95.908,40.92111],[-95.90806,40.91945],[-95.90814,40.91659],[-95.90819,40.91522],[-95.90818,40.9128],[-95.90817,40.91064],[-95.90818,40.90792],[-95.90816,40.9061],[-95.90817,40.90429],[-95.90816,40.90224],[-95.90818,40.89979],[-95.90816,40.89756],[-95.90816,40.89525],[-95.90815,40.89309],[-95.90816,40.89086],[-95.90816,40.8885],[-95.90814,40.88642],[-95.90813,40.88397],[-95.90814,40.88154],[-95.90813,40.87984],[-95.90816,40.87713],[-95.90815,40.87501],[-95.90815,40.87238],[-95.90813,40.87039],[-95.90813,40.86823],[-95.90813,40.86613],[-95.90817,40.86411],[-95.90795,40.86208],[-95.90779,40.8603],[-95.90761,40.85818],[-95.90743,40.85593],[-95.90726,40.85398],[-95.90706,40.85151],[-95.90687,40.84922],[-95.90672,40.84719],[-95.90652,40.84521],[-95.90628,40.84251],[-95.9063,40.84082],[-95.90631,40.83864],[-95.90633,40.83671],[-95.90632,40.83445],[-95.90634,40.83221],[-95.90633,40.83018],[-95.90632,40.82782],[-95.90635,40.8256],[-95.90638,40.82415],[-95.90638,40.82216],[-95.90639,40.81984],[-95.90641,40.81746],[-95.90642,40.81558],[-95.90643,40.81332],[-95.90643,40.81185],[-95.90648,40.80965],[-95.90649,40.80791],[-95.90649,40.80637],[-95.90651,40.80423],[-95.90652,40.8022],[-95.90652,40.80004],[-95.90655,40.79783],[-95.90655,40.79567],[-95.90657,40.79321],[-95.90658,40.79076],[-95.90661,40.78864],[-95.90662,40.78637],[-95.90659,40.78428],[-95.907,40.78175],[-95.9073,40.77972],[-95.90755,40.77797],[-95.90787,40.77578],[-95.90819,40.7736],[-95.90847,40.77186],[-95.9084,40.76951],[-95.90837,40.76708],[-95.90834,40.76452],[-95.90828,40.76214],[-95.90825,40.75985],[-95.90823,40.75711],[-95.90818,40.7551],[-95.90817,40.75245],[-95.90812,40.75011],[-95.90809,40.74794],[-95.90803,40.74556],[-95.90804,40.74423],[-95.9075,40.74154],[-95.90722,40.74001],[-95.9067,40.73723],[-95.90631,40.73503],[-95.90586,40.73261],[-95.90542,40.73032],[-95.90508,40.72844],[-95.90439,40.72488],[-95.9039,40.72239],[-95.90381,40.72048],[-95.90399,40.71853],[-95.90416,40.7165],[-95.90427,40.71504],[-95.90442,40.7131],[-95.90463,40.71053],[-95.90479,40.70846],[-95.90492,40.70682],[-95.90515,40.70393],[-95.90534,40.70166],[-95.90551,40.69943],[-95.90567,40.69719],[-95.90569,40.69694],[-95.90584,40.69513],[-95.90599,40.69316],[-95.90612,40.69158],[-95.90632,40.68947],[-95.90624,40.68732],[-95.90616,40.68438],[-95.9061,40.6823],[-95.9061,40.68215],[-95.90603,40.67972],[-95.90597,40.67725],[-95.90595,40.6759],[-95.90592,40.67494],[-95.90591,40.67459],[-95.90583,40.67139],[-95.9058,40.67004],[-95.90574,40.66781],[-95.90573,40.66575],[-95.90574,40.66305],[-95.90573,40.66272],[-95.90571,40.6615],[-95.90571,40.65846],[-95.90573,40.65648],[-95.90573,40.65361],[-95.9057,40.65147],[-95.9057,40.64885],[-95.90572,40.64674],[-95.90572,40.64463],[-95.90568,40.64245],[-95.90437,40.64093],[-95.90266,40.63902],[-95.90099,40.63713],[-95.89975,40.63575],[-95.89834,40.63415],[-95.89679,40.63243],[-95.89484,40.63031],[-95.89369,40.62906],[-95.89321,40.6285],[-95.88966,40.6285],[-95.88607,40.6285],[-95.8836,40.62853],[-95.88078,40.62853],[-95.87802,40.62854],[-95.87437,40.62856],[-95.87148,40.62856],[-95.8684,40.62858],[-95.86568,40.62859],[-95.86198,40.6286],[-95.85811,40.62862],[-95.85535,40.62864],[-95.85163,40.62867],[-95.84909,40.62871],[-95.84581,40.6287],[-95.84302,40.62871],[-95.84005,40.62871],[-95.83715,40.62871],[-95.83372,40.62873],[-95.83096,40.62874],[-95.82749,40.62875],[-95.82494,40.62875],[-95.82224,40.62876],[-95.82001,40.62877],[-95.81678,40.6288],[-95.81381,40.62883],[-95.81171,40.62886],[-95.80893,40.62888],[-95.80664,40.62891],[-95.80446,40.62893],[-95.8009,40.62894],[-95.80016,40.62731],[-95.7994,40.62556],[-95.79856,40.6236],[-95.79765,40.62151],[-95.79682,40.61963],[-95.79443,40.61957],[-95.79187,40.61952],[-95.78886,40.61947],[-95.78644,40.61942],[-95.78393,40.61939],[-95.78149,40.61935],[-95.78069,40.61817]]}},{"type":"Feature","properties":{"id":"133859","type":"AC; OVERHEAD","status":"IN SERVICE","owner":null,"voltage":161,"voltClass":"100-161"},"geometry":{"type":"LineString","coordinates":[[-95.14325,43.66999],[-95.1449,43.66997],[-95.14496,43.66912],[-95.14483,43.66741],[-95.14478,43.65971],[-95.14479,43.6557],[-95.14481,43.65267],[-95.14814,43.65268],[-95.15468,43.6527],[-95.17512,43.65294],[-95.20101,43.653],[-95.21768,43.65303],[-95.23516,43.65298],[-95.24176,43.65294],[-95.24493,43.65285],[-95.24498,43.64557],[-95.24499,43.64385],[-95.24504,43.6379],[-95.24498,43.63115],[-95.24502,43.6167],[-95.24504,43.58778],[-95.24511,43.58042],[-95.24518,43.57304],[-95.24511,43.55874],[-95.24504,43.5514],[-95.24493,43.54428],[-95.24481,43.537],[-95.24474,43.53158],[-95.24471,43.52596],[-95.24462,43.51525],[-95.24482,43.50614],[-95.24481,43.5005],[-95.24076,43.49802],[-95.24064,43.49144],[-95.24063,43.48833],[-95.24013,43.47326],[-95.24001,43.45949],[-95.24007,43.45003],[-95.24005,43.44572],[-95.24005,43.44376],[-95.23989,43.43152]]}},{"type":"Feature","properties":{"id":"133935","type":"AC; OVERHEAD","status":"IN SERVICE","owner":"MIDAMERICAN ENERGY CO","voltage":161,"voltClass":"100-161"},"geometry":{"type":"LineString","coordinates":[[-91.701,41.93014],[-91.70165,41.93073],[-91.70162,41.93155],[-91.70263,41.933],[-91.70473,41.93592],[-91.70324,41.93728],[-91.70205,41.93878],[-91.70049,41.94009],[-91.699,41.94094],[-91.69753,41.94178],[-91.69613,41.94265],[-91.69466,41.94426],[-91.69405,41.94597],[-91.69417,41.94802],[-91.69439,41.94938],[-91.69465,41.95081],[-91.69472,41.95208],[-91.69371,41.95213]]}},{"type":"Feature","properties":{"id":"163059","type":"AC; OVERHEAD","status":"IN SERVICE","owner":"COMMONWEALTH EDISON CO","voltage":138,"voltClass":"100-161"},"geometry":{"type":"LineString","coordinates":[[-90.1106,41.79284],[-90.11074,41.79301],[-90.11069,41.79363],[-90.11929,41.7937],[-90.13077,41.79378],[-90.14192,41.79389],[-90.14489,41.79391],[-90.14609,41.79401],[-90.15389,41.79414],[-90.16501,41.79441],[-90.17681,41.79463],[-90.17932,41.79466],[-90.17927,41.79094],[-90.18856,41.79111],[-90.1901,41.79342],[-90.1901,41.79402]]}},{"type":"Feature","properties":{"id":"133008","type":"AC; OVERHEAD","status":"IN SERVICE","owner":null,"voltage":115,"voltClass":"100-161"},"geometry":{"type":"LineString","coordinates":[[-96.4569,43.462],[-96.45686,43.46234],[-96.45675,43.46936],[-96.45675,43.47646],[-96.45673,43.4842],[-96.45666,43.49105],[-96.46831,43.49106],[-96.48057,43.49108],[-96.48414,43.49108],[-96.48829,43.49108],[-96.49219,43.49108],[-96.49984,43.49105],[-96.50511,43.49102],[-96.50621,43.49102]]}},{"type":"Feature","properties":{"id":"133145","type":"AC; OVERHEAD","status":"IN SERVICE","owner":"MIDAMERICAN ENERGY CO","voltage":345,"voltClass":"345"},"geometry":{"type":"LineString","coordinates":[[-91.09362,41.31319],[-91.09325,41.3125],[-91.0933,41.31155],[-91.09328,41.31032],[-91.09327,41.30978],[-91.09681,41.30983],[-91.10005,41.30987],[-91.10527,41.30994],[-91.10894,41.31008],[-91.10975,41.31011],[-91.11444,41.31023],[-91.11907,41.31147],[-91.12397,41.31273],[-91.12807,41.3118],[-91.13208,41.31088],[-91.13617,41.30995],[-91.13922,41.30921],[-91.14384,41.30927],[-91.14934,41.30917],[-91.15517,41.30918],[-91.15936,41.30921],[-91.16406,41.30922],[-91.16794,41.30898],[-91.17264,41.309],[-91.17646,41.30902],[-91.18072,41.30902],[-91.18493,41.30906],[-91.18906,41.30902],[-91.19263,41.30905],[-91.19622,41.30909],[-91.20083,41.30912],[-91.20576,41.30916],[-91.21049,41.3092],[-91.21526,41.30922],[-91.22002,41.30926],[-91.22476,41.30933],[-91.22904,41.30943],[-91.23452,41.30952],[-91.23918,41.30969],[-91.24399,41.30985],[-91.24878,41.30995],[-91.25392,41.31007],[-91.25893,41.31005],[-91.26397,41.31005],[-91.26871,41.31004],[-91.27344,41.31004],[-91.27809,41.31001],[-91.28289,41.31001],[-91.28763,41.31],[-91.29235,41.30999],[-91.29728,41.30998],[-91.30208,41.30997],[-91.30728,41.30998],[-91.3126,41.30998],[-91.32052,41.30995],[-91.32583,41.30997],[-91.33068,41.30996],[-91.33542,41.30996],[-91.34049,41.30966],[-91.34404,41.30995],[-91.34943,41.31005],[-91.35475,41.31018],[-91.35874,41.3101],[-91.36335,41.31004],[-91.36871,41.31003],[-91.374,41.30993],[-91.37881,41.31012],[-91.38315,41.31029],[-91.38818,41.31008],[-91.39282,41.31012],[-91.3976,41.31015],[-91.40231,41.31021],[-91.40708,41.31025],[-91.41202,41.31033],[-91.41672,41.31047],[-91.42122,41.31054],[-91.42613,41.31064],[-91.43043,41.31068],[-91.43294,41.31242],[-91.43563,41.31434],[-91.44026,41.31441],[-91.44522,41.31445],[-91.45013,41.3145],[-91.45514,41.31454],[-91.45993,41.31459],[-91.46479,41.31466],[-91.46975,41.31476],[-91.47457,41.31483],[-91.47952,41.3149],[-91.48449,41.315],[-91.48932,41.31501],[-91.49415,41.315],[-91.49887,41.31501],[-91.50356,41.31502],[-91.50849,41.31506],[-91.51337,41.3151],[-91.51821,41.31515],[-91.52305,41.3152],[-91.52775,41.31524],[-91.53256,41.31527],[-91.53743,41.31532],[-91.54242,41.31517],[-91.54734,41.31521],[-91.55174,41.3152],[-91.55171,41.31905],[-91.5522,41.32275],[-91.5527,41.3263],[-91.55313,41.32993],[-91.553,41.33366],[-91.55481,41.33367],[-91.55481,41.33412],[-91.55512,41.33476]]}},{"type":"Feature","properties":{"id":"133150","type":"AC; OVERHEAD","status":"IN SERVICE","owner":"OMAHA PUBLIC POWER DISTRICT","voltage":161,"voltClass":"100-161"},"geometry":{"type":"LineString","coordinates":[[-96.14078,41.12606],[-96.14064,41.12548],[-96.13854,41.12552],[-96.13818,41.12552],[-96.13553,41.12546],[-96.13369,41.12546],[-96.13144,41.12545],[-96.12816,41.12548],[-96.12563,41.12548],[-96.12386,41.12548],[-96.12091,41.12548],[-96.11868,41.12548],[-96.11516,41.12547],[-96.11305,41.12547],[-96.11077,41.12547],[-96.10769,41.12546],[-96.10577,41.12546],[-96.10258,41.12546],[-96.10034,41.12545],[-96.09758,41.12546],[-96.09526,41.12545],[-96.09216,41.12546],[-96.09174,41.12562]]}},{"type":"Feature","properties":{"id":"133163","type":"AC; OVERHEAD","status":"IN SERVICE","owner":"MIDAMERICAN ENERGY CO","voltage":161,"voltClass":"100-161"},"geometry":{"type":"LineString","coordinates":[[-92.64966,41.13878],[-92.64897,41.13828],[-92.64644,41.13697],[-92.64441,41.13581],[-92.64263,41.13495],[-92.64119,41.13385],[-92.63731,41.13137],[-92.63532,41.13012],[-92.63376,41.12909],[-92.63207,41.12799],[-92.63014,41.12679],[-92.62831,41.12565],[-92.62604,41.12422],[-92.62353,41.12264],[-92.62072,41.12087],[-92.61889,41.11972],[-92.6123,41.11553],[-92.60704,41.11223],[-92.60513,41.11102],[-92.60365,41.11009],[-92.60124,41.10853],[-92.59902,41.10717],[-92.59672,41.1057],[-92.59433,41.10418],[-92.59233,41.10294],[-92.59043,41.10171],[-92.58523,41.09848],[-92.58422,41.09784],[-92.57837,41.09413],[-92.57705,41.09328],[-92.57078,41.09321],[-92.56519,41.09325],[-92.56241,41.09323],[-92.56083,41.09315],[-92.55574,41.09282],[-92.55474,41.09284]]}},{"type":"Feature","properties":{"id":"160602","type":"AC; OVERHEAD","status":"IN SERVICE","owner":null,"voltage":161,"voltClass":"100-161"},"geometry":{"type":"LineString","coordinates":[[-91.08865,41.38778],[-91.08682,41.38774],[-91.08174,41.38765],[-91.07623,41.38754],[-91.06994,41.38741],[-91.06879,41.38738],[-91.06183,41.38725],[-91.06066,41.38795]]}},{"type":"Feature","properties":{"id":"133241","type":"AC; OVERHEAD","status":"IN SERVICE","owner":null,"voltage":345,"voltClass":"345"},"geometry":{"type":"LineString","coordinates":[[-95.79782,41.19829],[-95.79818,41.19805],[-95.79812,41.19705],[-95.80111,41.19547],[-95.80938,41.19119],[-95.82016,41.1857],[-95.82289,41.18433],[-95.82306,41.18236],[-95.82303,41.17643],[-95.82442,41.17632],[-95.8299,41.17642],[-95.83276,41.17644],[-95.83348,41.17648],[-95.83408,41.17614]]}},{"type":"Feature","properties":{"id":"160485","type":"AC; UNDERGROUND","status":null,"owner":"MIDAMERICAN ENERGY CO","voltage":161,"voltClass":"100-161"},"geometry":{"type":"LineString","coordinates":[[-91.55792,41.68517],[-91.56524,41.67568]]}},{"type":"Feature","properties":{"id":"160600","type":"AC; OVERHEAD","status":"IN SERVICE","owner":null,"voltage":161,"voltClass":"100-161"},"geometry":{"type":"LineString","coordinates":[[-91.08865,41.38778],[-91.08868,41.38782]]}},{"type":"Feature","properties":{"id":"160598","type":"AC; OVERHEAD","status":"IN SERVICE","owner":null,"voltage":161,"voltClass":"100-161"},"geometry":{"type":"LineString","coordinates":[[-91.06066,41.38795],[-91.06141,41.38758],[-91.06187,41.3873],[-91.06353,41.38734],[-91.06496,41.38736],[-91.0668,41.38739],[-91.06817,41.38741],[-91.06987,41.38745],[-91.07241,41.38749],[-91.0743,41.38753],[-91.07584,41.38757],[-91.07882,41.38762],[-91.08073,41.38766],[-91.08277,41.38771],[-91.08489,41.38775],[-91.08666,41.38778],[-91.0879,41.38781],[-91.08868,41.38782]]}},{"type":"Feature","properties":{"id":"160608","type":"AC; OVERHEAD","status":"IN SERVICE","owner":null,"voltage":161,"voltClass":"100-161"},"geometry":{"type":"LineString","coordinates":[[-91.09952,41.44968],[-91.09943,41.45039],[-91.09871,41.45079],[-91.08781,41.45072],[-91.0867,41.45071],[-91.08608,41.44996],[-91.08548,41.44925],[-91.07922,41.451],[-91.07923,41.45052],[-91.07643,41.45046],[-91.0728,41.45069],[-91.07129,41.45077],[-91.06941,41.45075],[-91.06288,41.4507],[-91.06067,41.45069],[-91.05804,41.45066],[-91.05639,41.45006],[-91.05541,41.44963],[-91.0533,41.44896],[-91.04898,41.44745],[-91.04442,41.44386],[-91.04185,41.44397],[-91.04175,41.44263],[-91.0418,41.44237],[-91.04161,41.44229]]}},{"type":"Feature","properties":{"id":"160609","type":"AC; OVERHEAD","status":"IN SERVICE","owner":"MIDAMERICAN ENERGY CO","voltage":161,"voltClass":"100-161"},"geometry":{"type":"LineString","coordinates":[[-91.64983,41.93851],[-91.64951,41.93922],[-91.64914,41.94032],[-91.64888,41.94081],[-91.64821,41.94147],[-91.64756,41.9421],[-91.6485,41.94374],[-91.64337,41.94452],[-91.63884,41.9452],[-91.63756,41.94539],[-91.63757,41.94544],[-91.63767,41.94603],[-91.63807,41.94716],[-91.63928,41.9493],[-91.63989,41.95041],[-91.63969,41.95092],[-91.64117,41.95354],[-91.64232,41.95558],[-91.64349,41.95769],[-91.64399,41.9587],[-91.64522,41.96073],[-91.64644,41.96298],[-91.64703,41.964],[-91.64793,41.96508],[-91.64892,41.96602],[-91.65004,41.96778],[-91.64978,41.96829]]}},{"type":"Feature","properties":{"id":"160610","type":"AC; OVERHEAD","status":"IN SERVICE","owner":"MIDAMERICAN ENERGY CO","voltage":161,"voltClass":"100-161"},"geometry":{"type":"LineString","coordinates":[[-91.64978,41.96829],[-91.64963,41.96867],[-91.6522,41.96875],[-91.65257,41.96896],[-91.65255,41.9708],[-91.65295,41.972],[-91.65374,41.97289],[-91.65828,41.97729],[-91.6625,41.98139],[-91.66431,41.98317],[-91.66575,41.98336],[-91.66724,41.98241],[-91.66777,41.98259]]}},{"type":"Feature","properties":{"id":"160644","type":"AC; OVERHEAD","status":"IN SERVICE","owner":"MIDAMERICAN ENERGY CO","voltage":161,"voltClass":"100-161"},"geometry":{"type":"LineString","coordinates":[[-92.69782,41.27163],[-92.69823,41.2718],[-92.69825,41.26881],[-92.68849,41.26884],[-92.68186,41.26891],[-92.67937,41.26898],[-92.67884,41.2637],[-92.67869,41.26169],[-92.67693,41.25647],[-92.67423,41.24839],[-92.67148,41.24005],[-92.67001,41.23547],[-92.66914,41.2337],[-92.66773,41.23182],[-92.6652,41.22864],[-92.66279,41.22561],[-92.65609,41.22126],[-92.65501,41.21735],[-92.65308,41.21112],[-92.6511,41.20666],[-92.65031,41.20495],[-92.64535,41.19711],[-92.64294,41.19333],[-92.64122,41.18454],[-92.64201,41.17596],[-92.64193,41.1731],[-92.64152,41.16854],[-92.64115,41.16524],[-92.64181,41.15722],[-92.64209,41.15507],[-92.64263,41.15316],[-92.64231,41.15181],[-92.64353,41.14702],[-92.64478,41.1441],[-92.64157,41.14408],[-92.64158,41.14454],[-92.64105,41.14451]]}},{"type":"Feature","properties":{"id":"133375","type":"AC; OVERHEAD","status":"IN SERVICE","owner":"BURT COUNTY PUBLIC POWER DIST","voltage":115,"voltClass":"100-161"},"geometry":{"type":"LineString","coordinates":[[-96.55975,42.00567],[-96.55944,42.00564],[-96.5592,42.00569]]}},{"type":"Feature","properties":{"id":"160643","type":"AC; OVERHEAD","status":"IN SERVICE","owner":"MIDAMERICAN ENERGY CO","voltage":161,"voltClass":"100-161"},"geometry":{"type":"LineString","coordinates":[[-92.64428,41.1436],[-92.6444,41.1438],[-92.64497,41.14368],[-92.64876,41.13853],[-92.64966,41.13878]]}},{"type":"Feature","properties":{"id":"131640","type":"AC; OVERHEAD","status":"IN SERVICE","owner":"OMAHA PUBLIC POWER DISTRICT","voltage":161,"voltClass":"100-161"},"geometry":{"type":"LineString","coordinates":[[-96.04193,41.12583],[-96.04135,41.12596],[-96.04117,41.1254],[-96.03818,41.1254],[-96.03489,41.12538],[-96.03254,41.12539],[-96.02951,41.12537],[-96.02673,41.12535],[-96.02493,41.127],[-96.02352,41.12819],[-96.02148,41.12999],[-96.01982,41.13148],[-96.01806,41.13301],[-96.01679,41.13413],[-96.01474,41.13594],[-96.01366,41.13687],[-96.01176,41.13856],[-96.01052,41.13967],[-96.00917,41.14087],[-96.00712,41.14263],[-96.00595,41.14366],[-96.00447,41.14497],[-96.00326,41.146],[-96.0016,41.14748],[-95.99998,41.14887],[-96.0023,41.14939],[-96.0044,41.14983],[-96.00853,41.15026],[-96.01124,41.15196],[-96.01513,41.15268],[-96.01885,41.15335],[-96.02244,41.15399],[-96.02635,41.1547],[-96.03032,41.15541],[-96.03389,41.15596],[-96.03412,41.15615]]}},{"type":"Feature","properties":{"id":"131698","type":"AC; OVERHEAD","status":"IN SERVICE","owner":"OMAHA PUBLIC POWER DISTRICT","voltage":161,"voltClass":"100-161"},"geometry":{"type":"LineString","coordinates":[[-96.10141,41.22062],[-96.10176,41.22089],[-96.10373,41.2202],[-96.10437,41.22064],[-96.10582,41.22196],[-96.10581,41.22548],[-96.10582,41.22793],[-96.10581,41.23014],[-96.1058,41.2326],[-96.1058,41.2344],[-96.10579,41.23639],[-96.10577,41.24014],[-96.10577,41.24228],[-96.10577,41.24506],[-96.10576,41.24741],[-96.10605,41.2479]]}},{"type":"Feature","properties":{"id":"131737","type":"AC; OVERHEAD","status":"IN SERVICE","owner":"MIDAMERICAN ENERGY CO","voltage":161,"voltClass":"100-161"},"geometry":{"type":"LineString","coordinates":[[-90.45728,41.54107],[-90.45733,41.54145],[-90.45312,41.54338],[-90.45022,41.54166],[-90.45021,41.54153],[-90.45001,41.54124]]}},{"type":"Feature","properties":{"id":"131757","type":"OVERHEAD","status":null,"owner":"MIDAMERICAN ENERGY CO","voltage":115,"voltClass":"100-161"},"geometry":{"type":"LineString","coordinates":[[-91.63917,41.94404],[-91.63895,41.94474]]}},{"type":"Feature","properties":{"id":"131899","type":"AC; OVERHEAD","status":"IN SERVICE","owner":null,"voltage":161,"voltClass":"100-161"},"geometry":{"type":"LineString","coordinates":[[-90.69968,42.05827],[-90.69963,42.05883],[-90.69953,42.06063],[-90.69956,42.06173],[-90.70164,42.06174],[-90.70337,42.06174],[-90.70642,42.06173],[-90.71098,42.06174],[-90.71372,42.06175],[-90.71621,42.06173],[-90.71975,42.06172],[-90.72238,42.06171],[-90.7268,42.06174],[-90.7292,42.06176],[-90.73242,42.06177],[-90.73531,42.06179],[-90.73812,42.06179],[-90.74267,42.06178],[-90.74502,42.06177],[-90.74761,42.06178],[-90.7499,42.06178],[-90.75119,42.06056],[-90.7521,42.05968],[-90.75401,42.05787],[-90.75696,42.05815],[-90.7592,42.05813],[-90.76159,42.05813],[-90.76433,42.05811],[-90.76724,42.05813],[-90.77052,42.0582],[-90.77371,42.05826],[-90.77709,42.05831],[-90.77969,42.05838],[-90.78218,42.05847],[-90.78511,42.05853],[-90.78594,42.05666],[-90.7867,42.05483],[-90.78857,42.05483],[-90.79064,42.05483],[-90.79474,42.05481],[-90.79951,42.05477],[-90.80164,42.05475],[-90.80432,42.05475],[-90.80691,42.05476],[-90.80908,42.05476],[-90.81206,42.05478],[-90.81712,42.05481],[-90.81923,42.05481],[-90.8218,42.05484],[-90.82457,42.05486],[-90.82899,42.0549],[-90.83217,42.05492],[-90.83403,42.05494],[-90.83603,42.05497],[-90.83893,42.05501],[-90.84052,42.05501],[-90.84304,42.05503],[-90.8448,42.05503],[-90.84947,42.05503],[-90.85296,42.05501],[-90.85654,42.05503],[-90.85879,42.05503],[-90.86243,42.05503],[-90.86609,42.05507],[-90.86798,42.05507],[-90.86985,42.05507],[-90.87336,42.05509],[-90.87599,42.05512],[-90.87797,42.05395],[-90.8795,42.05311],[-90.88128,42.05212],[-90.88507,42.04999],[-90.88826,42.0482],[-90.88993,42.04729],[-90.89171,42.04625],[-90.89491,42.0445],[-90.89832,42.04451],[-90.901,42.04452],[-90.90587,42.04451],[-90.90824,42.0445],[-90.91161,42.04453],[-90.91414,42.04455],[-90.91859,42.04456],[-90.92286,42.04452],[-90.92507,42.04451],[-90.92775,42.04447],[-90.93044,42.04449],[-90.93247,42.04448],[-90.93728,42.04447],[-90.93987,42.04455],[-90.94291,42.04462],[-90.94619,42.04471],[-90.94934,42.04479],[-90.95215,42.04478],[-90.95499,42.04477],[-90.95712,42.04477],[-90.96061,42.04478],[-90.96272,42.04478],[-90.96595,42.0448],[-90.9682,42.04482],[-90.9714,42.04482],[-90.97311,42.04569],[-90.97495,42.0466],[-90.97659,42.04572],[-90.97813,42.04489],[-90.98012,42.04491],[-90.98392,42.04492],[-90.98598,42.04492],[-90.98824,42.04495],[-90.9906,42.04494],[-90.9933,42.04496],[-90.99601,42.04498],[-90.99836,42.04497],[-91.00022,42.04497],[-91.00281,42.04498],[-91.00653,42.04497],[-91.0105,42.04499],[-91.0135,42.04499],[-91.01607,42.04499],[-91.01791,42.04497],[-91.01971,42.04497],[-91.02195,42.04496],[-91.02456,42.04496],[-91.0282,42.04497],[-91.0318,42.04496],[-91.03426,42.04495],[-91.03665,42.04493],[-91.03918,42.04492],[-91.04177,42.04492],[-91.04407,42.04492],[-91.04658,42.04491],[-91.04902,42.04491],[-91.0514,42.04491],[-91.05388,42.0449],[-91.05867,42.04485],[-91.06204,42.04482],[-91.06459,42.04481],[-91.06685,42.0448],[-91.06905,42.04478],[-91.07186,42.04478],[-91.07366,42.04479],[-91.07384,42.0458],[-91.07395,42.04658],[-91.07397,42.04687],[-91.07383,42.04715]]}},{"type":"Feature","properties":{"id":"131905","type":"AC; OVERHEAD","status":"IN SERVICE","owner":"MIDAMERICAN ENERGY CO","voltage":345,"voltClass":"345"},"geometry":{"type":"LineString","coordinates":[[-91.536,41.57063],[-91.53658,41.5715],[-91.53773,41.57146],[-91.55422,41.57132],[-91.55964,41.57131],[-91.57839,41.57435],[-91.59798,41.57761],[-91.62532,41.57769],[-91.65076,41.57777],[-91.67586,41.5779],[-91.69456,41.58072],[-91.71636,41.58111],[-91.75032,41.58176],[-91.77209,41.58213],[-91.78925,41.58731],[-91.81201,41.58763],[-91.84261,41.58807],[-91.86721,41.58838],[-91.88912,41.58823],[-91.91439,41.58794],[-91.92836,41.59301],[-91.94084,41.59744],[-91.9583,41.59762],[-91.98052,41.59785],[-92.00656,41.59815],[-92.0329,41.59845],[-92.05347,41.59863],[-92.0721,41.59879],[-92.09661,41.59902],[-92.11375,41.59924],[-92.12214,41.60039],[-92.14817,41.60373],[-92.17401,41.60707],[-92.17685,41.60743],[-92.17954,41.60778],[-92.18228,41.60814],[-92.18523,41.60852],[-92.18825,41.60892],[-92.19096,41.60927],[-92.19378,41.60964],[-92.1964,41.60998],[-92.199,41.61032],[-92.20155,41.61065],[-92.20434,41.61066],[-92.20718,41.61067],[-92.20988,41.61068],[-92.2129,41.6107],[-92.21602,41.61071],[-92.21883,41.61072],[-92.22172,41.61074],[-92.22456,41.61075],[-92.22736,41.61076],[-92.2304,41.61078],[-92.2323,41.61078],[-92.23395,41.61079],[-92.2376,41.61081],[-92.23944,41.61082],[-92.24099,41.61082],[-92.24576,41.61084],[-92.24876,41.61086],[-92.25298,41.61088],[-92.25538,41.61089],[-92.2583,41.6109],[-92.26106,41.61091],[-92.26379,41.61093],[-92.267,41.61094],[-92.26989,41.61095],[-92.27179,41.61096],[-92.27501,41.61098],[-92.27704,41.61098],[-92.28009,41.611],[-92.28238,41.61101],[-92.286,41.61102],[-92.28883,41.61104],[-92.29132,41.61105],[-92.29486,41.61106],[-92.29721,41.61107],[-92.30059,41.61109],[-92.3034,41.6111],[-92.30619,41.61111],[-92.31169,41.61114],[-92.31405,41.61115],[-92.31729,41.61116],[-92.32023,41.61118],[-92.32324,41.61119],[-92.32607,41.6112],[-92.32795,41.61121],[-92.32967,41.61122],[-92.33165,41.61123],[-92.33385,41.61124],[-92.33603,41.61125],[-92.33948,41.61126],[-92.34116,41.61127],[-92.34417,41.61128],[-92.34744,41.6113],[-92.34922,41.61131],[-92.35254,41.61132],[-92.3545,41.61133],[-92.35783,41.61135],[-92.35946,41.6113],[-92.36319,41.61142],[-92.36534,41.61149],[-92.36794,41.61158],[-92.37043,41.61166],[-92.37339,41.61176],[-92.37607,41.61185],[-92.37889,41.61194],[-92.38119,41.61202],[-92.38402,41.61211],[-92.38828,41.61225],[-92.39109,41.61235],[-92.39347,41.61243],[-92.39591,41.61251],[-92.39891,41.61249],[-92.40074,41.61248],[-92.40409,41.61246],[-92.4057,41.61245],[-92.40992,41.61242],[-92.41178,41.61241],[-92.41494,41.61239],[-92.41801,41.61237],[-92.42065,41.61236],[-92.42345,41.61234],[-92.42689,41.61232],[-92.42968,41.6123],[-92.433,41.61228],[-92.43497,41.61227],[-92.43735,41.61225],[-92.4401,41.61224],[-92.44189,41.61222],[-92.44391,41.61221],[-92.44649,41.6122],[-92.44779,41.61219],[-92.44946,41.61218],[-92.45168,41.61216],[-92.45393,41.61215],[-92.45595,41.61214],[-92.45919,41.61211],[-92.46207,41.61208],[-92.4644,41.61206],[-92.46832,41.61203],[-92.47057,41.61201],[-92.47245,41.612],[-92.47451,41.61198],[-92.47748,41.61196],[-92.48043,41.61193],[-92.48284,41.61191],[-92.48511,41.61189],[-92.48703,41.61188],[-92.48993,41.61185],[-92.49325,41.61182],[-92.49463,41.61181],[-92.49937,41.61177],[-92.5008,41.61176],[-92.50231,41.61175],[-92.50509,41.61172],[-92.50849,41.6117],[-92.5126,41.61166],[-92.51616,41.61163],[-92.51874,41.61161],[-92.52196,41.61158],[-92.52432,41.61156],[-92.52708,41.61154],[-92.52945,41.61152],[-92.53255,41.61149],[-92.53533,41.61147],[-92.53844,41.61145],[-92.54159,41.61142],[-92.54416,41.6114],[-92.54691,41.61137],[-92.54953,41.61135],[-92.55136,41.61134],[-92.55518,41.61131],[-92.55768,41.61128],[-92.56007,41.61126],[-92.5632,41.61124],[-92.56319,41.61087],[-92.5636,41.61047]]}},{"type":"Feature","properties":{"id":"132195","type":"AC; OVERHEAD","status":"IN SERVICE","owner":null,"voltage":161,"voltClass":"100-161"},"geometry":{"type":"LineString","coordinates":[[-93.2908,43.35623],[-93.29029,43.3564],[-93.29033,43.35736],[-93.29035,43.35946],[-93.29042,43.36507],[-93.29042,43.3674],[-93.29044,43.36933],[-93.29048,43.37391],[-93.29049,43.3762],[-93.29051,43.37834],[-93.29056,43.38235],[-93.29058,43.38641],[-93.29061,43.38784],[-93.29063,43.38974],[-93.29069,43.39149],[-93.29073,43.3935],[-93.29073,43.39567],[-93.28583,43.40048],[-93.28589,43.40413],[-93.28587,43.40564],[-93.28595,43.4081],[-93.28595,43.40985],[-93.28591,43.41326],[-93.28591,43.41523],[-93.28589,43.41773],[-93.28587,43.42001],[-93.28582,43.42428],[-93.28582,43.42594],[-93.28777,43.42946],[-93.29017,43.43386],[-93.29049,43.4355],[-93.29049,43.4376],[-93.2905,43.43967],[-93.2905,43.44202],[-93.29052,43.44408],[-93.29064,43.44567],[-93.29077,43.44768],[-93.29093,43.44977],[-93.29091,43.45159],[-93.29091,43.45334],[-93.29091,43.45519],[-93.29089,43.45719],[-93.29025,43.45878],[-93.29025,43.46081],[-93.29027,43.46255],[-93.29027,43.46418],[-93.28827,43.46622],[-93.28926,43.46828],[-93.28984,43.46951],[-93.29077,43.47143],[-93.29077,43.47307],[-93.29076,43.47455],[-93.29074,43.47632],[-93.29072,43.47856],[-93.29071,43.48063],[-93.29065,43.48231],[-93.29061,43.48405],[-93.29057,43.48595],[-93.29053,43.48782],[-93.29054,43.48941],[-93.29053,43.49154],[-93.29053,43.49337],[-93.29055,43.4951],[-93.28972,43.49697],[-93.28895,43.49868],[-93.28891,43.49948],[-93.28889,43.50236],[-93.28882,43.50674],[-93.28883,43.51027],[-93.28388,43.51154],[-93.28384,43.51396],[-93.28383,43.51772],[-93.28384,43.51989],[-93.28383,43.52217],[-93.28393,43.52429],[-93.28386,43.52648],[-93.28179,43.52844],[-93.27779,43.53206],[-93.27502,43.53206],[-93.26914,43.53211],[-93.26877,43.53212],[-93.26878,43.53455],[-93.2688,43.53627],[-93.26882,43.53826],[-93.26877,43.53918],[-93.268,43.54106],[-93.26685,43.54362],[-93.26559,43.54681],[-93.26771,43.55077],[-93.26841,43.55213],[-93.26922,43.55365],[-93.26961,43.55549],[-93.26926,43.55737],[-93.26907,43.55833],[-93.2702,43.55926],[-93.2696,43.55962],[-93.26938,43.55953]]}},{"type":"Feature","properties":{"id":"135127","type":"AC; OVERHEAD","status":"IN SERVICE","owner":"MIDAMERICAN ENERGY CO","voltage":345,"voltClass":"345"},"geometry":{"type":"LineString","coordinates":[[-93.81187,41.66003],[-93.81078,41.6608],[-93.8108,41.66168],[-93.8093,41.66183],[-93.79384,41.66191],[-93.77065,41.66193],[-93.74451,41.6618],[-93.71529,41.66161],[-93.70559,41.65881],[-93.68491,41.65898],[-93.68288,41.66347],[-93.67952,41.67232],[-93.67887,41.67271],[-93.67728,41.67163]]}},{"type":"Feature","properties":{"id":"135181","type":"AC; OVERHEAD","status":"IN SERVICE","owner":"MIDAMERICAN ENERGY CO","voltage":345,"voltClass":"345"},"geometry":{"type":"LineString","coordinates":[[-90.66408,42.40211],[-90.66287,42.40196],[-90.66077,42.40121],[-90.65634,42.40122],[-90.65054,42.40027],[-90.64644,42.39916],[-90.64276,42.3972],[-90.63175,42.39628],[-90.6284,42.39663],[-90.62073,42.39685],[-90.61257,42.39666],[-90.60485,42.39584],[-90.60083,42.39094],[-90.58937,42.37681],[-90.58143,42.3671],[-90.57593,42.35993],[-90.56701,42.34929],[-90.55839,42.33859],[-90.55041,42.32877],[-90.54324,42.31965],[-90.53016,42.30341],[-90.52555,42.29779],[-90.52231,42.29377],[-90.50833,42.27409],[-90.49936,42.2616],[-90.49331,42.25303],[-90.4916,42.25063],[-90.48311,42.23862],[-90.47185,42.22269],[-90.46379,42.21131],[-90.45729,42.20206],[-90.44989,42.19167],[-90.44507,42.18479],[-90.43185,42.16615],[-90.42073,42.15052],[-90.41503,42.14232],[-90.40292,42.12525],[-90.39601,42.11547],[-90.38275,42.09666],[-90.37535,42.08623],[-90.36121,42.06622],[-90.34771,42.05355],[-90.33676,42.04349],[-90.32392,42.03164],[-90.31186,42.02044],[-90.30139,42.0107],[-90.3013,41.99936],[-90.30625,41.9953],[-90.30611,41.97942],[-90.30617,41.97292],[-90.306,41.96312],[-90.30564,41.94214],[-90.30574,41.93916],[-90.30398,41.93693],[-90.303,41.93455],[-90.30243,41.93273],[-90.30083,41.93155],[-90.30086,41.92886],[-90.30087,41.92256],[-90.30072,41.91765],[-90.296,41.91426],[-90.29328,41.90946],[-90.29291,41.90651],[-90.29284,41.90262],[-90.29632,41.89778],[-90.29635,41.88799],[-90.29638,41.88088],[-90.29642,41.87349],[-90.29635,41.86643],[-90.29632,41.86279],[-90.29632,41.85184],[-90.29634,41.84448],[-90.29637,41.82801],[-90.29642,41.82291],[-90.29647,41.81745],[-90.29063,41.8141],[-90.29072,41.80863],[-90.29073,41.8037],[-90.29063,41.80075],[-90.29613,41.80075],[-90.29619,41.79696],[-90.29566,41.79468],[-90.29522,41.79286],[-90.2957,41.7917],[-90.2954,41.791]]}},{"type":"Feature","properties":{"id":"135347","type":"AC; OVERHEAD","status":"IN SERVICE","owner":"MIDAMERICAN ENERGY CO","voltage":161,"voltClass":"100-161"},"geometry":{"type":"LineString","coordinates":[[-92.6641,43.03763],[-92.66378,43.0374],[-92.66381,43.03712],[-92.66379,43.03494],[-92.66383,43.03105],[-92.65579,43.02952],[-92.65087,43.02856],[-92.64895,43.02872],[-92.64653,43.02889],[-92.64491,43.029],[-92.64425,43.02926],[-92.63989,43.0308],[-92.63466,43.03071],[-92.63031,43.03069],[-92.62117,43.03065],[-92.60853,43.03069],[-92.59616,43.03081],[-92.59363,43.03083],[-92.58567,43.03068],[-92.58113,43.03061],[-92.57387,43.03064],[-92.56394,43.03057],[-92.55907,43.03058],[-92.5514,43.0305],[-92.54918,43.03049],[-92.54233,43.02718],[-92.53816,43.02518],[-92.53096,43.02111],[-92.52751,43.02029],[-92.52529,43.01981],[-92.51592,43.01359],[-92.51109,43.00579],[-92.50536,43.00148],[-92.50185,42.99881],[-92.50038,42.99772],[-92.49847,42.99625],[-92.49664,42.99485],[-92.49535,42.99387],[-92.49535,42.9924],[-92.49537,42.98895],[-92.49534,42.98543],[-92.49064,42.98007],[-92.49066,42.97819],[-92.49067,42.97447],[-92.49066,42.96688],[-92.49062,42.962],[-92.49065,42.95921],[-92.48923,42.95804],[-92.48566,42.95501],[-92.48562,42.95091],[-92.48567,42.94156],[-92.48567,42.93252],[-92.48558,42.92357],[-92.48562,42.91987],[-92.48556,42.91235],[-92.48559,42.90516],[-92.48569,42.89856],[-92.48577,42.89146],[-92.48561,42.88217],[-92.48555,42.87472],[-92.48549,42.86894],[-92.48551,42.86017],[-92.48547,42.8566],[-92.4855,42.84971],[-92.48551,42.84197],[-92.48546,42.83837],[-92.48547,42.83486],[-92.48554,42.83121],[-92.48558,42.82564],[-92.48101,42.82562],[-92.47746,42.8256],[-92.47707,42.82564],[-92.47708,42.8259],[-92.4768,42.82605]]}},{"type":"Feature","properties":{"id":"160840","type":"AC; OVERHEAD","status":"IN SERVICE","owner":null,"voltage":161,"voltClass":"100-161"},"geometry":{"type":"LineString","coordinates":[[-91.1183,40.74116],[-91.11794,40.74063],[-91.11992,40.74073],[-91.12188,40.74086],[-91.12411,40.74068],[-91.12635,40.74054],[-91.12858,40.74039],[-91.13082,40.74024],[-91.13302,40.74008],[-91.13524,40.74069],[-91.13747,40.74054],[-91.13973,40.74038],[-91.1416,40.74014],[-91.14361,40.73968],[-91.14561,40.73925],[-91.14752,40.73882],[-91.14921,40.73843],[-91.1509,40.73804],[-91.15281,40.7376],[-91.15471,40.73716],[-91.15662,40.73674],[-91.15876,40.73625],[-91.16086,40.73578],[-91.1626,40.73538],[-91.1645,40.73495],[-91.16641,40.73454],[-91.16814,40.73412],[-91.16953,40.73381],[-91.17126,40.73342],[-91.17339,40.73296],[-91.17552,40.73245],[-91.17751,40.732],[-91.17974,40.73157],[-91.18189,40.73119],[-91.18402,40.73069],[-91.18552,40.73036],[-91.18761,40.72989],[-91.18964,40.72944],[-91.19136,40.72903],[-91.19297,40.72867],[-91.19503,40.7282],[-91.19647,40.72789],[-91.19839,40.72745],[-91.20211,40.72658],[-91.20378,40.72622],[-91.20539,40.72583],[-91.20541,40.72514],[-91.2075,40.72469],[-91.21003,40.72414],[-91.21178,40.7238],[-91.2135,40.72341],[-91.21542,40.72303],[-91.2175,40.72252],[-91.21922,40.722],[-91.22089,40.72113],[-91.22225,40.72003],[-91.22334,40.71875],[-91.22408,40.71764],[-91.22488,40.7164],[-91.22561,40.71524],[-91.22628,40.71366],[-91.22732,40.71199],[-91.2283,40.7105],[-91.22947,40.70917],[-91.23038,40.70785],[-91.23131,40.70636],[-91.23219,40.70497],[-91.23402,40.70214],[-91.2349,40.70081],[-91.23581,40.69931],[-91.23678,40.69775],[-91.23777,40.6955],[-91.23723,40.69497]]}},{"type":"Feature","properties":{"id":"134167","type":"AC; OVERHEAD","status":"IN SERVICE","owner":null,"voltage":230,"voltClass":"220-287"},"geometry":{"type":"LineString","coordinates":[[-96.44996,43.37602],[-96.45038,43.37638],[-96.45135,43.37715],[-96.45438,43.37958],[-96.45735,43.38203],[-96.46032,43.38448],[-96.46305,43.38668],[-96.46576,43.38887],[-96.46841,43.391],[-96.47095,43.39331],[-96.47344,43.39558],[-96.47579,43.3977],[-96.47816,43.39985],[-96.48051,43.40199],[-96.48322,43.40446],[-96.48602,43.40697],[-96.48881,43.40948],[-96.49037,43.41202],[-96.49199,43.41461],[-96.49238,43.4178],[-96.49276,43.42101],[-96.49313,43.42407],[-96.4935,43.4271],[-96.49388,43.43031],[-96.49428,43.43354],[-96.49464,43.4366],[-96.49502,43.43965],[-96.49537,43.44271],[-96.49576,43.44579],[-96.49612,43.44889],[-96.49651,43.45198],[-96.49689,43.45506],[-96.49725,43.45812],[-96.49761,43.46118],[-96.49764,43.46396],[-96.49765,43.46681],[-96.49766,43.46961],[-96.49769,43.47244],[-96.4977,43.47519],[-96.49772,43.478],[-96.49773,43.48094],[-96.49775,43.48406],[-96.49778,43.48733],[-96.49779,43.49062],[-96.49779,43.49102],[-96.49781,43.49323],[-96.49784,43.49644],[-96.49785,43.49968],[-96.49785,43.50036],[-96.49787,43.50288],[-96.49888,43.50554],[-96.49989,43.50824],[-96.50095,43.51102],[-96.50203,43.51387],[-96.5031,43.51669],[-96.50419,43.51956],[-96.50669,43.52208],[-96.50935,43.52476],[-96.51177,43.5272],[-96.51441,43.52988],[-96.51696,43.53247],[-96.52032,43.53463],[-96.52355,43.53674],[-96.52679,43.53883],[-96.53018,43.54102],[-96.53346,43.54315],[-96.5368,43.54531],[-96.54016,43.54748],[-96.54341,43.54957],[-96.54678,43.55176],[-96.55023,43.55334],[-96.55076,43.55359],[-96.55394,43.55507],[-96.55655,43.55627],[-96.5576,43.55676],[-96.5614,43.55852],[-96.56514,43.56],[-96.5687,43.56139],[-96.57225,43.5628],[-96.57599,43.56343],[-96.57972,43.56407],[-96.58333,43.56469],[-96.58698,43.56533],[-96.5907,43.56596],[-96.59406,43.5683],[-96.59525,43.57097],[-96.59631,43.57361],[-96.59913,43.57551],[-96.60191,43.57741],[-96.60479,43.57938],[-96.60746,43.5812],[-96.61098,43.58329],[-96.61395,43.58504],[-96.61715,43.58694],[-96.61782,43.58733],[-96.62054,43.58891],[-96.62387,43.59091],[-96.62728,43.59294],[-96.62999,43.59455],[-96.63063,43.59493],[-96.63131,43.59567],[-96.63339,43.59792],[-96.63377,43.59805],[-96.63693,43.59918],[-96.64139,43.59983],[-96.64169,43.59987],[-96.64588,43.60036],[-96.64715,43.60003],[-96.64757,43.60004],[-96.64825,43.60005],[-96.649,43.59915]]}},{"type":"Feature","properties":{"id":"134349","type":"AC; OVERHEAD","status":"IN SERVICE","owner":"OMAHA PUBLIC POWER DISTRICT","voltage":161,"voltClass":"100-161"},"geometry":{"type":"LineString","coordinates":[[-95.97596,41.12241],[-95.97605,41.12276],[-95.97612,41.12338],[-95.97613,41.12596],[-95.97613,41.12882],[-95.97607,41.13146],[-95.97606,41.13317],[-95.97609,41.13448],[-95.97614,41.13648],[-95.97637,41.13938],[-95.97628,41.14072],[-95.97627,41.14293],[-95.97629,41.14471],[-95.97639,41.14735],[-95.97648,41.14937],[-95.97649,41.15215],[-95.97651,41.15423],[-95.97657,41.15662],[-95.97656,41.15956],[-95.97662,41.16204],[-95.97666,41.1639],[-95.97668,41.16614],[-95.97668,41.16644],[-95.97667,41.16792],[-95.97557,41.16881],[-95.97506,41.16923],[-95.97401,41.17008],[-95.97188,41.17009],[-95.97126,41.17009],[-95.9698,41.16964]]}},{"type":"Feature","properties":{"id":"136398","type":"AC; OVERHEAD","status":"IN SERVICE","owner":"UNION ELECTRIC CO - (MO)","voltage":161,"voltClass":"100-161"},"geometry":{"type":"LineString","coordinates":[[-91.55117,39.8362],[-91.55065,39.83662],[-91.54975,39.83667],[-91.55025,39.84074],[-91.55044,39.8422],[-91.55078,39.84512],[-91.55112,39.8481],[-91.55189,39.8543],[-91.55226,39.85785],[-91.55345,39.86665],[-91.55391,39.87347],[-91.55408,39.87505],[-91.55432,39.87734],[-91.55457,39.88149],[-91.55483,39.88409],[-91.55499,39.88664],[-91.55526,39.88963],[-91.55551,39.8927],[-91.55577,39.89581],[-91.55597,39.89852],[-91.55612,39.90039],[-91.55676,39.9072],[-91.5575,39.91732],[-91.55801,39.92212],[-91.55949,39.93549],[-91.56016,39.94199],[-91.56059,39.94772],[-91.56135,39.96448],[-91.56138,39.96494],[-91.56171,39.97104],[-91.56182,39.97309],[-91.56212,39.98],[-91.56241,39.98652],[-91.56253,39.98786],[-91.56453,39.99008],[-91.56943,39.99558],[-91.57279,39.99947],[-91.57811,40.00629],[-91.57819,40.00638],[-91.58022,40.00897],[-91.58076,40.00964],[-91.58917,40.0203],[-91.59222,40.0243],[-91.59223,40.02681],[-91.59209,40.03366],[-91.59194,40.0406],[-91.59193,40.0414],[-91.59178,40.0481],[-91.59178,40.04841],[-91.59155,40.05888],[-91.59151,40.06086],[-91.5913,40.07023],[-91.59083,40.0923],[-91.59079,40.0942],[-91.59067,40.09925],[-91.59065,40.10689],[-91.59058,40.11793],[-91.59031,40.12836],[-91.59008,40.13439],[-91.58983,40.14428],[-91.58951,40.1558],[-91.58919,40.16689],[-91.58906,40.17269],[-91.58854,40.18613],[-91.5885,40.18771],[-91.59006,40.20036],[-91.59084,40.20672],[-91.59345,40.22806],[-91.59351,40.22849],[-91.5934,40.23503],[-91.59274,40.25038],[-91.59312,40.25514],[-91.59384,40.26366],[-91.59426,40.26885],[-91.59478,40.27436],[-91.59536,40.28185],[-91.59538,40.28191],[-91.59537,40.28199],[-91.59571,40.28634],[-91.59591,40.28897],[-91.59694,40.30076],[-91.59681,40.30511],[-91.59662,40.31753],[-91.59649,40.32752],[-91.59631,40.34244],[-91.59609,40.35169],[-91.59565,40.35953],[-91.59545,40.36249],[-91.59525,40.36555],[-91.5948,40.37367],[-91.5948,40.3737],[-91.59472,40.37504],[-91.59436,40.38045],[-91.59377,40.38963],[-91.59376,40.38979],[-91.59375,40.38996],[-91.59362,40.39193]]}},{"type":"Feature","properties":{"id":"136470","type":"AC; OVERHEAD","status":"IN SERVICE","owner":"MIDAMERICAN ENERGY CO","voltage":161,"voltClass":"100-161"},"geometry":{"type":"LineString","coordinates":[[-92.37294,41.00434],[-92.37357,41.00415],[-92.37373,41.00233],[-92.3739,41.00043],[-92.37418,40.99758],[-92.37412,40.99571],[-92.37395,40.99365],[-92.37387,40.99155],[-92.37381,40.98939],[-92.37375,40.98743],[-92.37372,40.98528],[-92.37369,40.9831],[-92.37367,40.9809],[-92.37359,40.9787],[-92.37402,40.97839],[-92.37536,40.97736],[-92.37704,40.97606],[-92.37898,40.97457],[-92.38089,40.9731],[-92.38294,40.97152],[-92.38491,40.97002],[-92.38722,40.96823],[-92.3894,40.96652],[-92.39135,40.96501],[-92.3936,40.96327],[-92.39429,40.96275],[-92.39531,40.96194],[-92.39741,40.9603],[-92.39957,40.95861],[-92.40171,40.95695],[-92.40401,40.95518],[-92.4066,40.95312],[-92.40894,40.95129],[-92.41174,40.94911],[-92.41305,40.94809],[-92.41449,40.94682],[-92.4174,40.94452],[-92.41902,40.94329],[-92.42126,40.94151],[-92.42296,40.9402],[-92.42433,40.93846],[-92.42618,40.93611],[-92.42748,40.93445],[-92.42898,40.93257],[-92.43103,40.93],[-92.43189,40.92889],[-92.43421,40.9281],[-92.43697,40.92717],[-92.43858,40.92568],[-92.44054,40.92385],[-92.44176,40.92272],[-92.44275,40.92179],[-92.44421,40.92044],[-92.44538,40.91934],[-92.4473,40.91752],[-92.44904,40.91593],[-92.45065,40.91443],[-92.45246,40.91274],[-92.45506,40.9103],[-92.45709,40.90842],[-92.45906,40.90657],[-92.46089,40.90487],[-92.46213,40.90372],[-92.46351,40.90221],[-92.46572,40.89986],[-92.46626,40.89927],[-92.46758,40.89783],[-92.46951,40.89574],[-92.47043,40.89474],[-92.47182,40.89326],[-92.47342,40.89151],[-92.47515,40.88966],[-92.47728,40.88735],[-92.47951,40.88495],[-92.48191,40.88231],[-92.48348,40.88058],[-92.48559,40.87834],[-92.4874,40.87646],[-92.48953,40.87409],[-92.49056,40.873],[-92.49204,40.87119],[-92.49397,40.86908],[-92.49565,40.86728],[-92.4972,40.86561],[-92.49873,40.86394],[-92.5005,40.86205],[-92.50243,40.85997],[-92.50411,40.85815],[-92.50569,40.85647],[-92.50714,40.85491],[-92.50893,40.85295],[-92.51046,40.85132],[-92.51201,40.84962],[-92.51398,40.84777],[-92.51648,40.84539],[-92.51822,40.84373],[-92.52075,40.84134],[-92.5225,40.83969],[-92.52457,40.83773],[-92.52677,40.83564],[-92.52848,40.83401],[-92.531,40.83165],[-92.53268,40.83003],[-92.53441,40.82841],[-92.53631,40.8266],[-92.53858,40.82444],[-92.53955,40.82353],[-92.54198,40.82121],[-92.54418,40.81913],[-92.54643,40.81696],[-92.548,40.81549],[-92.54915,40.81437],[-92.5516,40.81205],[-92.55377,40.80998],[-92.55568,40.80815],[-92.55659,40.80731],[-92.55811,40.80587],[-92.55965,40.80444],[-92.56103,40.8031],[-92.56341,40.80085],[-92.56485,40.79952],[-92.56664,40.79782],[-92.56865,40.79572],[-92.57079,40.79368],[-92.57289,40.79173],[-92.57463,40.79007],[-92.57639,40.78845],[-92.57795,40.78695],[-92.57962,40.78537],[-92.58135,40.78374],[-92.58296,40.7822],[-92.58511,40.78018],[-92.5872,40.77819],[-92.58915,40.77636],[-92.59091,40.77469],[-92.59284,40.77286],[-92.59458,40.77122],[-92.59704,40.7689],[-92.59885,40.76718],[-92.6004,40.7657],[-92.6023,40.76391],[-92.60436,40.76198],[-92.60619,40.76025],[-92.60864,40.75791],[-92.61069,40.75597],[-92.61208,40.75468],[-92.61339,40.75357],[-92.61471,40.75244],[-92.61672,40.75075],[-92.61934,40.74853],[-92.62159,40.74663],[-92.62314,40.74533],[-92.62451,40.74418],[-92.62718,40.74191],[-92.6297,40.7398],[-92.63167,40.73813],[-92.63379,40.73635],[-92.63565,40.73477],[-92.63834,40.73249],[-92.6385,40.73236],[-92.64019,40.73093],[-92.64237,40.7291],[-92.644,40.72772],[-92.64622,40.72586],[-92.6473,40.72449],[-92.64927,40.72237],[-92.65045,40.72114],[-92.65204,40.71944],[-92.65416,40.71714],[-92.65592,40.71535],[-92.65732,40.71385],[-92.65892,40.71215],[-92.6604,40.71056],[-92.66252,40.70831],[-92.66253,40.70815],[-92.66274,40.70791]]}},{"type":"Feature","properties":{"id":"161929","type":"AC; OVERHEAD","status":"IN SERVICE","owner":"MIDAMERICAN ENERGY CO","voltage":161,"voltClass":"100-161"},"geometry":{"type":"LineString","coordinates":[[-93.71466,41.66817],[-93.71499,41.66784],[-93.71565,41.66755],[-93.71657,41.66335],[-93.71514,41.66174],[-93.7152,41.6613],[-93.71227,41.66046],[-93.70565,41.65858],[-93.70237,41.65858],[-93.69877,41.65859],[-93.69557,41.6586],[-93.69234,41.65869],[-93.68741,41.65869],[-93.68467,41.65878],[-93.68256,41.66334],[-93.67942,41.67134],[-93.67728,41.67163]]}},{"type":"Feature","properties":{"id":"136711","type":"AC; OVERHEAD","status":"IN SERVICE","owner":"MIDAMERICAN ENERGY CO","voltage":161,"voltClass":"100-161"},"geometry":{"type":"LineString","coordinates":[[-95.25991,42.68678],[-95.25968,42.68643],[-95.25971,42.6856],[-95.2598,42.67497],[-95.25988,42.66934],[-95.25985,42.66751],[-95.25985,42.66558],[-95.25984,42.66361],[-95.25985,42.66096],[-95.25982,42.66025],[-95.25984,42.65475],[-95.25977,42.64742],[-95.25978,42.64495],[-95.2598,42.64088],[-95.25961,42.63827],[-95.2599,42.6335],[-95.25952,42.63174],[-95.25933,42.619],[-95.25943,42.61552],[-95.25941,42.61291],[-95.2595,42.60838],[-95.2595,42.60463],[-95.25944,42.59704],[-95.25934,42.59185],[-95.25913,42.58085],[-95.25917,42.57867],[-95.25891,42.56305],[-95.25936,42.56094],[-95.25937,42.56085],[-95.25938,42.5549],[-95.26116,42.55494],[-95.26354,42.555],[-95.26587,42.55503],[-95.26807,42.55507],[-95.26814,42.55507],[-95.26989,42.55506],[-95.26991,42.55468],[-95.26943,42.55468],[-95.26885,42.55475]]}},{"type":"Feature","properties":{"id":"134781","type":"AC; OVERHEAD","status":"IN SERVICE","owner":"OMAHA PUBLIC POWER DISTRICT","voltage":345,"voltClass":"345"},"geometry":{"type":"LineString","coordinates":[[-95.64539,40.36049],[-95.64577,40.36047],[-95.64769,40.35949],[-95.64923,40.36154],[-95.65088,40.36359],[-95.65204,40.36507],[-95.65388,40.36674],[-95.65522,40.36801],[-95.65654,40.36932],[-95.65821,40.37083],[-95.66032,40.37277],[-95.66195,40.37427],[-95.66468,40.37686],[-95.66593,40.378],[-95.6685,40.3804],[-95.6697,40.38152],[-95.67158,40.38324],[-95.67369,40.3852],[-95.67561,40.38525],[-95.67807,40.38527],[-95.68188,40.3853],[-95.68435,40.38532],[-95.68639,40.38532],[-95.68938,40.38535],[-95.69177,40.38538],[-95.69457,40.38537],[-95.69694,40.38536],[-95.7003,40.38534],[-95.70285,40.38534],[-95.70586,40.38534],[-95.70894,40.38534],[-95.71172,40.38533],[-95.71451,40.38532],[-95.7176,40.38533],[-95.72099,40.38532],[-95.72422,40.3853],[-95.72491,40.3853],[-95.72698,40.3853],[-95.72893,40.38529],[-95.73214,40.38529],[-95.73543,40.38529],[-95.73873,40.38528],[-95.74173,40.38527],[-95.74272,40.3868],[-95.74404,40.38897],[-95.74516,40.39081],[-95.74667,40.39325],[-95.74833,40.39591],[-95.74944,40.39767],[-95.75086,40.39999],[-95.7521,40.40196],[-95.7532,40.40379],[-95.75433,40.40554],[-95.75559,40.4076],[-95.75683,40.40961],[-95.75804,40.41158],[-95.75937,40.4137],[-95.76063,40.41577],[-95.76162,40.41732],[-95.76301,40.41959],[-95.76431,40.42167],[-95.76534,40.42331],[-95.76659,40.42533],[-95.76783,40.42734],[-95.76895,40.42916],[-95.77009,40.43098],[-95.77159,40.43341],[-95.77314,40.43595],[-95.77469,40.4384],[-95.77571,40.44004],[-95.77676,40.44173],[-95.7779,40.44356],[-95.77947,40.44607],[-95.78095,40.44851],[-95.78313,40.45212],[-95.78402,40.45382],[-95.78515,40.4559],[-95.7863,40.45796],[-95.78734,40.45988],[-95.78889,40.46267],[-95.7899,40.46457],[-95.79075,40.46615],[-95.7917,40.46789],[-95.79298,40.47023],[-95.7941,40.47226],[-95.79503,40.47397],[-95.79618,40.47603],[-95.7972,40.47795],[-95.7981,40.47958],[-95.79822,40.47979],[-95.79917,40.48154],[-95.80022,40.48348],[-95.80124,40.48534],[-95.80251,40.4876],[-95.80339,40.48927],[-95.80487,40.49196],[-95.80572,40.49355],[-95.8069,40.49574],[-95.80789,40.4975],[-95.80905,40.49968],[-95.81023,40.50181],[-95.81137,40.50393],[-95.81228,40.50556],[-95.81312,40.5071],[-95.81413,40.50895],[-95.81531,40.51109],[-95.81604,40.51245],[-95.81716,40.51451],[-95.81813,40.51624],[-95.8196,40.51896],[-95.82072,40.52097],[-95.822,40.52329],[-95.82272,40.52487],[-95.8236,40.52674],[-95.82442,40.52852],[-95.82516,40.53006],[-95.82193,40.53008],[-95.81917,40.53007],[-95.81635,40.53007],[-95.8131,40.53007],[-95.81005,40.53008],[-95.80722,40.53007],[-95.80397,40.53007],[-95.8008,40.53008],[-95.79841,40.53008],[-95.79565,40.53009],[-95.79151,40.53008],[-95.78831,40.53008],[-95.7871,40.53196],[-95.78574,40.53405],[-95.78439,40.53611],[-95.78318,40.53798],[-95.78201,40.53975],[-95.78083,40.54154],[-95.77965,40.54336],[-95.7785,40.54508],[-95.77756,40.54709],[-95.77658,40.54911],[-95.77564,40.55105],[-95.77466,40.55308],[-95.77367,40.55501],[-95.77374,40.55718],[-95.77376,40.55949],[-95.77444,40.56158],[-95.77513,40.56372],[-95.77579,40.56579],[-95.77645,40.56782],[-95.77719,40.57018],[-95.77787,40.57231],[-95.7785,40.57427],[-95.77926,40.57666],[-95.77998,40.57892],[-95.78066,40.58106],[-95.78141,40.58341],[-95.78147,40.58361],[-95.78183,40.58484],[-95.78257,40.58651],[-95.78335,40.58833],[-95.78403,40.58993],[-95.78491,40.59201],[-95.78583,40.59416],[-95.78672,40.5963],[-95.78772,40.59865],[-95.78856,40.60063],[-95.7895,40.6028],[-95.79032,40.60474],[-95.79122,40.60684],[-95.79208,40.60891],[-95.79299,40.61107],[-95.79387,40.61312],[-95.79478,40.61521],[-95.79266,40.61566],[-95.79072,40.61611],[-95.78877,40.61657],[-95.78676,40.61706],[-95.786,40.61722],[-95.7852,40.61739],[-95.78334,40.61782],[-95.78069,40.61817]]}},{"type":"Feature","properties":{"id":"134799","type":"AC; OVERHEAD","status":"IN SERVICE","owner":"CITY OF AMES - (IA)","voltage":161,"voltClass":"100-161"},"geometry":{"type":"LineString","coordinates":[[-93.60392,42.02603],[-93.60369,42.02579],[-93.60347,42.0253],[-93.60569,42.02517],[-93.60567,42.02298],[-93.60548,42.02167],[-93.60987,42.02171],[-93.61198,42.02173],[-93.6121,42.02321],[-93.61208,42.02419],[-93.61596,42.02382],[-93.61884,42.0236],[-93.61994,42.02359],[-93.6207,42.02405],[-93.62825,42.02654],[-93.63052,42.02706],[-93.63257,42.02714],[-93.63275,42.0287],[-93.63814,42.03048],[-93.63814,42.031],[-93.63776,42.03344],[-93.63748,42.03474],[-93.6399,42.03574],[-93.63988,42.03638],[-93.63989,42.03881],[-93.63998,42.04367],[-93.63998,42.04534],[-93.64735,42.04524],[-93.6485,42.04534],[-93.64954,42.04536],[-93.65063,42.04535],[-93.65456,42.04535],[-93.65912,42.04532],[-93.66045,42.04531],[-93.66181,42.04269],[-93.66288,42.03867],[-93.66294,42.03456],[-93.66903,42.03458],[-93.67832,42.03467],[-93.67912,42.03467],[-93.68003,42.03467],[-93.67997,42.03006],[-93.67924,42.03013]]}},{"type":"Feature","properties":{"id":"134812","type":"AC; OVERHEAD","status":"IN SERVICE","owner":"NORTHERN STATES POWER CO","voltage":161,"voltClass":"100-161"},"geometry":{"type":"LineString","coordinates":[[-91.00418,43.05918],[-91.00638,43.0595],[-91.00641,43.06567],[-91.00656,43.07822],[-91.00663,43.08212],[-91.00661,43.09007],[-91.00647,43.09838],[-91.00641,43.11156],[-91.00648,43.12098],[-91.00647,43.13147],[-91.00654,43.14361],[-91.00657,43.15732],[-91.00654,43.16694],[-91.00657,43.16909],[-91.00677,43.17162],[-91.00694,43.18069],[-91.00701,43.18949],[-91.00696,43.19647],[-91.00697,43.20508],[-91.00695,43.21234],[-91.00692,43.21643],[-91.00677,43.22566],[-91.00669,43.23203],[-91.00667,43.24281],[-91.00667,43.24963],[-91.00671,43.26269],[-91.00661,43.27293],[-91.00628,43.28729],[-91.00659,43.28731],[-91.00656,43.28778]]}},{"type":"Feature","properties":{"id":"135759","type":"AC; OVERHEAD","status":"IN SERVICE","owner":null,"voltage":161,"voltClass":"100-161"},"geometry":{"type":"LineString","coordinates":[[-95.79782,41.19829],[-95.79711,41.19825],[-95.79705,41.19781],[-95.8034,41.19452],[-95.8203,41.18584],[-95.82302,41.1844],[-95.82451,41.18355],[-95.8245,41.17663],[-95.8245,41.17471],[-95.82724,41.17474],[-95.82994,41.17477],[-95.83462,41.17479],[-95.83692,41.1748],[-95.83732,41.17557],[-95.83743,41.17602]]}},{"type":"Feature","properties":{"id":"135899","type":"AC; OVERHEAD","status":"IN SERVICE","owner":"OMAHA PUBLIC POWER DISTRICT","voltage":345,"voltClass":"345"},"geometry":{"type":"LineString","coordinates":[[-95.83408,41.17614],[-95.83385,41.17661],[-95.8327,41.17663],[-95.83267,41.17789],[-95.83264,41.17894],[-95.83272,41.18095],[-95.83273,41.18276],[-95.83282,41.18604],[-95.83567,41.18601],[-95.84116,41.18589],[-95.84352,41.18689],[-95.84598,41.18791],[-95.85348,41.19082],[-95.85595,41.19185],[-95.86144,41.19228],[-95.86688,41.19274],[-95.87503,41.19342],[-95.87804,41.19368],[-95.8856,41.1943],[-95.89075,41.19343],[-95.89335,41.19296],[-95.89873,41.19297],[-95.90957,41.19304],[-95.91794,41.19302],[-95.92033,41.19307],[-95.92334,41.19125],[-95.92515,41.19019],[-95.92611,41.18963],[-95.92417,41.18713],[-95.92404,41.18581],[-95.92403,41.18452],[-95.92409,41.18229],[-95.92553,41.18119],[-95.92804,41.18021],[-95.92984,41.17954],[-95.93262,41.17851],[-95.93524,41.17758],[-95.93814,41.17662],[-95.94048,41.17563],[-95.94283,41.1747],[-95.94525,41.17373],[-95.94746,41.17326],[-95.9502,41.17266],[-95.95247,41.17216],[-95.95483,41.17165],[-95.95734,41.1711],[-95.95953,41.17062],[-95.96107,41.17028],[-95.96309,41.16984],[-95.96346,41.16976],[-95.96425,41.16959],[-95.96597,41.16984],[-95.96708,41.17005],[-95.96787,41.17019],[-95.96818,41.17018],[-95.96869,41.17015],[-95.96887,41.17014],[-95.9698,41.16964]]}},{"type":"Feature","properties":{"id":"135926","type":"AC; OVERHEAD","status":"IN SERVICE","owner":"MIDAMERICAN ENERGY CO","voltage":161,"voltClass":"100-161"},"geometry":{"type":"LineString","coordinates":[[-91.9019,42.58591],[-91.90218,42.58555],[-91.90093,42.58514],[-91.89978,42.5844],[-91.8949,42.58124],[-91.89045,42.58136],[-91.88493,42.58147],[-91.8761,42.58159],[-91.86585,42.58166],[-91.8648,42.58097],[-91.86103,42.57857],[-91.85813,42.57838],[-91.85542,42.57822],[-91.85055,42.57829],[-91.84773,42.57846],[-91.84538,42.57829],[-91.83837,42.57821],[-91.83579,42.57821],[-91.8307,42.57793],[-91.82829,42.57792],[-91.82129,42.57787],[-91.81631,42.57809],[-91.80876,42.57804],[-91.80135,42.57798],[-91.78904,42.578],[-91.77919,42.5779],[-91.77678,42.57786],[-91.7668,42.57768],[-91.75481,42.57765],[-91.74463,42.57763],[-91.73711,42.57763],[-91.72927,42.57768],[-91.72154,42.57774],[-91.7119,42.57781],[-91.70299,42.57788],[-91.69247,42.57788],[-91.67844,42.57798],[-91.66495,42.57818],[-91.64853,42.57837],[-91.63419,42.57844],[-91.62089,42.57843],[-91.60649,42.57849],[-91.59359,42.5785],[-91.58593,42.5785],[-91.57901,42.57379],[-91.57898,42.56711],[-91.57935,42.55856],[-91.57928,42.55689],[-91.57923,42.55648],[-91.5792,42.55599]]}},{"type":"Feature","properties":{"id":"139793","type":"AC; OVERHEAD","status":"IN SERVICE","owner":"MIDAMERICAN ENERGY CO","voltage":345,"voltClass":"345"},"geometry":{"type":"LineString","coordinates":[[-92.5636,41.61047],[-92.56409,41.61066],[-92.56414,41.61122],[-92.57026,41.61121],[-92.59345,41.611],[-92.61941,41.6104],[-92.63018,41.61013],[-92.63908,41.61023],[-92.65633,41.61044],[-92.67302,41.61068],[-92.69121,41.61088],[-92.70692,41.61095],[-92.72199,41.61078],[-92.73807,41.61046],[-92.74895,41.61024],[-92.75385,41.61179],[-92.77585,41.61866],[-92.79793,41.61921],[-92.81139,41.61953],[-92.84434,41.62036],[-92.87425,41.62114],[-92.88383,41.6214],[-92.89262,41.62076],[-92.90116,41.62014],[-92.90555,41.62027],[-92.91671,41.62052],[-92.93398,41.62092],[-92.95099,41.62125],[-92.98454,41.62172],[-92.99828,41.62196],[-93.02725,41.6224],[-93.04845,41.62271],[-93.05094,41.62314],[-93.05918,41.62619],[-93.06507,41.62832],[-93.07369,41.63149],[-93.09769,41.64023],[-93.11031,41.64482],[-93.1266,41.65072],[-93.14193,41.65636],[-93.1463,41.658],[-93.15517,41.6577],[-93.17329,41.65721],[-93.19883,41.65644],[-93.22691,41.6556],[-93.24315,41.65511],[-93.25206,41.65479],[-93.25635,41.6576],[-93.26798,41.66491],[-93.29147,41.68022],[-93.29927,41.68541],[-93.30463,41.68534],[-93.34474,41.68505],[-93.36341,41.68565],[-93.37906,41.68624],[-93.39033,41.68664],[-93.40683,41.6872],[-93.42914,41.68459],[-93.45381,41.68169],[-93.4623,41.68067],[-93.48329,41.67819],[-93.49355,41.67784],[-93.49649,41.67568],[-93.49776,41.67497]]}},{"type":"Feature","properties":{"id":"136902","type":"AC; OVERHEAD","status":"IN SERVICE","owner":"MIDAMERICAN ENERGY CO","voltage":161,"voltClass":"100-161"},"geometry":{"type":"LineString","coordinates":[[-92.37294,41.00434],[-92.37244,41.00416],[-92.37233,41.00416],[-92.37204,41.00417],[-92.37112,41.00514],[-92.37026,41.006],[-92.36893,41.00744],[-92.36723,41.0093],[-92.36594,41.01065],[-92.3645,41.01218],[-92.36296,41.01381],[-92.36153,41.01537],[-92.36003,41.01696],[-92.35865,41.01845],[-92.35713,41.02023],[-92.35713,41.02217],[-92.35712,41.0241],[-92.35723,41.02624],[-92.35725,41.02839],[-92.35733,41.03045],[-92.3574,41.03272],[-92.35747,41.0348],[-92.35415,41.03484],[-92.35187,41.03489],[-92.34957,41.03492],[-92.34682,41.03496],[-92.3443,41.03501],[-92.34106,41.03504],[-92.33868,41.03498],[-92.33529,41.03488],[-92.33309,41.03484],[-92.33081,41.03486],[-92.32855,41.03488],[-92.32629,41.0349],[-92.32406,41.03492],[-92.32184,41.03494],[-92.31947,41.03494],[-92.31714,41.03494],[-92.31438,41.03495],[-92.31181,41.03497],[-92.30896,41.03499],[-92.30595,41.03502],[-92.30241,41.03504],[-92.29921,41.03504],[-92.29583,41.03506],[-92.2936,41.03504],[-92.291,41.03505],[-92.28831,41.03505],[-92.2857,41.03505],[-92.28289,41.03504],[-92.2801,41.03504],[-92.27744,41.03504],[-92.2743,41.03505],[-92.27203,41.03505],[-92.26815,41.03506],[-92.26509,41.03507],[-92.26207,41.03505],[-92.25955,41.03504],[-92.25648,41.03503],[-92.25348,41.03504],[-92.2509,41.03505],[-92.2482,41.03506],[-92.2455,41.03507],[-92.24247,41.03507],[-92.24027,41.03506],[-92.23663,41.03505],[-92.2337,41.03507],[-92.2303,41.03507],[-92.22737,41.03508],[-92.22328,41.03509],[-92.22022,41.03508],[-92.21724,41.03508],[-92.21362,41.03507],[-92.21043,41.03509],[-92.20723,41.0351],[-92.20539,41.0351],[-92.20248,41.0351],[-92.19917,41.03509],[-92.19608,41.03509],[-92.1931,41.03511],[-92.19017,41.03511],[-92.18693,41.03513],[-92.18355,41.03513],[-92.18006,41.03514],[-92.17701,41.03514],[-92.17412,41.03517],[-92.17113,41.03519],[-92.16814,41.0352],[-92.16516,41.03522],[-92.16199,41.03524],[-92.1588,41.03524],[-92.15561,41.03527],[-92.15255,41.03528],[-92.14965,41.03529],[-92.14747,41.03527],[-92.14413,41.03527],[-92.14141,41.03526],[-92.13882,41.03525],[-92.1362,41.03523],[-92.13318,41.03523],[-92.13112,41.03522],[-92.12853,41.03521],[-92.12586,41.0352],[-92.12358,41.03521],[-92.12118,41.0352],[-92.11895,41.03527],[-92.1166,41.03538],[-92.11366,41.03547],[-92.1116,41.03554],[-92.10786,41.0357],[-92.10554,41.03579],[-92.10313,41.03588],[-92.1005,41.03596],[-92.09812,41.03595],[-92.09473,41.03594],[-92.09154,41.03592],[-92.08799,41.03591],[-92.08449,41.03591],[-92.08156,41.03591],[-92.07928,41.03589],[-92.0762,41.03588],[-92.07374,41.03589],[-92.07034,41.03585],[-92.06798,41.03585],[-92.06434,41.03584],[-92.06204,41.03583],[-92.05917,41.03577],[-92.05635,41.03571],[-92.0528,41.03564],[-92.04964,41.03559],[-92.04703,41.03555],[-92.04447,41.03547],[-92.04141,41.03564],[-92.03946,41.03573],[-92.03662,41.03585],[-92.03332,41.03586],[-92.02925,41.03588],[-92.0266,41.03591],[-92.02496,41.03576],[-92.02155,41.0355],[-92.01913,41.03532],[-92.01687,41.03535],[-92.01347,41.03537],[-92.01075,41.03539],[-92.00792,41.03542],[-92.00535,41.03541],[-92.00319,41.03541],[-92.00063,41.03545],[-91.99681,41.03547],[-91.99391,41.03549],[-91.9909,41.0355],[-91.98781,41.0355],[-91.9855,41.0355],[-91.98287,41.03552],[-91.9803,41.03554],[-91.97725,41.03557],[-91.97428,41.03559],[-91.97174,41.03562],[-91.97146,41.03563],[-91.97124,41.03539]]}},{"type":"Feature","properties":{"id":"137153","type":"AC; OVERHEAD","status":"IN SERVICE","owner":null,"voltage":161,"voltClass":"100-161"},"geometry":{"type":"LineString","coordinates":[[-91.50451,43.0607],[-91.50486,43.06066],[-91.50491,43.06028],[-91.50722,43.05952],[-91.50925,43.05886],[-91.51848,43.05578],[-91.52042,43.05582],[-91.52544,43.05583],[-91.53356,43.05589],[-91.53886,43.05834],[-91.54138,43.05833],[-91.54403,43.05833],[-91.55685,43.0584],[-91.56587,43.05851],[-91.57759,43.05845],[-91.58989,43.05833],[-91.60836,43.05835],[-91.61905,43.05831],[-91.63228,43.05825],[-91.63882,43.05853],[-91.6419,43.05867],[-91.6449,43.05883],[-91.6497,43.05825],[-91.65209,43.05825],[-91.66473,43.05825],[-91.67662,43.05824],[-91.69454,43.05821],[-91.70623,43.0583],[-91.72349,43.05848],[-91.72616,43.05848],[-91.72856,43.0584],[-91.73359,43.05826],[-91.7437,43.05796],[-91.74983,43.05899],[-91.75446,43.0591],[-91.76441,43.05936],[-91.76849,43.05853],[-91.7744,43.05889],[-91.77715,43.05892],[-91.78689,43.05883],[-91.79364,43.05886],[-91.799,43.05895],[-91.80343,43.05895],[-91.81504,43.05887],[-91.8261,43.05873],[-91.83386,43.05881],[-91.84514,43.05885],[-91.84518,43.05764],[-91.84523,43.05254],[-91.84464,43.04924],[-91.84371,43.04399],[-91.84305,43.04043],[-91.84497,43.0389],[-91.84923,43.03543],[-91.85428,43.03135],[-91.85428,43.03005],[-91.85427,43.02631],[-91.85421,43.01437],[-91.85426,43.00636],[-91.84961,43.00091],[-91.84966,42.99388],[-91.84957,42.9827],[-91.8496,42.97892],[-91.84959,42.97718],[-91.84966,42.97038],[-91.85324,42.96622],[-91.85458,42.96466],[-91.85457,42.96254],[-91.85463,42.95892],[-91.85461,42.95712],[-91.85464,42.95349],[-91.85464,42.95152],[-91.85417,42.95121]]}},{"type":"Feature","properties":{"id":"137271","type":"AC; OVERHEAD","status":"IN SERVICE","owner":"OMAHA PUBLIC POWER DISTRICT","voltage":161,"voltClass":"100-161"},"geometry":{"type":"LineString","coordinates":[[-96.13806,41.21983],[-96.13832,41.21994],[-96.13852,41.21994],[-96.13852,41.22049],[-96.13947,41.22191],[-96.14106,41.22297],[-96.14272,41.22406],[-96.1442,41.22503],[-96.14563,41.22596],[-96.14713,41.22696],[-96.14876,41.22803],[-96.15042,41.2291],[-96.1521,41.23022],[-96.15376,41.23132],[-96.15548,41.23243],[-96.15718,41.23355],[-96.15874,41.2346],[-96.16008,41.23561],[-96.1609,41.23705],[-96.16097,41.2386],[-96.16106,41.24028],[-96.16138,41.24191],[-96.16233,41.24336],[-96.16427,41.24587],[-96.16536,41.24729],[-96.16615,41.24821],[-96.16796,41.24865],[-96.16978,41.2486],[-96.17105,41.24861],[-96.1726,41.2486],[-96.17312,41.24861],[-96.17427,41.2486],[-96.17761,41.24865],[-96.17766,41.24903]]}},{"type":"Feature","properties":{"id":"137291","type":"AC; OVERHEAD","status":"IN SERVICE","owner":"MIDAMERICAN ENERGY CO","voltage":161,"voltClass":"100-161"},"geometry":{"type":"LineString","coordinates":[[-91.37962,41.97179],[-91.37993,41.97201],[-91.38272,41.9715],[-91.38518,41.97106],[-91.38776,41.97058],[-91.39005,41.97017],[-91.39235,41.96975],[-91.39599,41.96906],[-91.39737,41.96907],[-91.39978,41.96906],[-91.40175,41.96906],[-91.40463,41.96905],[-91.40671,41.96905],[-91.40947,41.96905],[-91.41155,41.96905],[-91.41394,41.96904],[-91.41695,41.96904],[-91.4194,41.96903],[-91.42166,41.96903],[-91.4241,41.96902],[-91.42643,41.96897],[-91.42901,41.96899],[-91.43143,41.96898],[-91.43364,41.96899],[-91.4361,41.96901],[-91.43887,41.96901],[-91.44163,41.96903],[-91.44379,41.96902],[-91.44606,41.96901],[-91.44861,41.969],[-91.45129,41.96898],[-91.45383,41.96896],[-91.45606,41.96896],[-91.45836,41.96894],[-91.46073,41.96892],[-91.46326,41.96891],[-91.4656,41.96891],[-91.46819,41.9689],[-91.47054,41.96888],[-91.47312,41.96888],[-91.47557,41.96885],[-91.47798,41.96883],[-91.47981,41.9688],[-91.48225,41.96879],[-91.48407,41.96877],[-91.48578,41.96877],[-91.48857,41.96874],[-91.4915,41.96871],[-91.49453,41.9687],[-91.49746,41.96869],[-91.50003,41.96868],[-91.50291,41.9687],[-91.50471,41.96872],[-91.50641,41.96875],[-91.5095,41.96874],[-91.51312,41.96876],[-91.51552,41.96875],[-91.51727,41.96763],[-91.51891,41.96648],[-91.52106,41.96503],[-91.52285,41.96505],[-91.52511,41.96506],[-91.52857,41.96507],[-91.53102,41.96509],[-91.53378,41.96511],[-91.53613,41.96515],[-91.53798,41.96516],[-91.54052,41.96519],[-91.54336,41.96522],[-91.54605,41.96523],[-91.54878,41.96525],[-91.55163,41.96527],[-91.55409,41.96524],[-91.55457,41.96429],[-91.55522,41.96289],[-91.55634,41.96046],[-91.55647,41.95926],[-91.55668,41.95845],[-91.55709,41.95824]]}},{"type":"Feature","properties":{"id":"137382","type":"AC; OVERHEAD","status":"IN SERVICE","owner":"MIDAMERICAN ENERGY CO","voltage":345,"voltClass":"345"},"geometry":{"type":"LineString","coordinates":[[-93.81187,41.66003],[-93.81214,41.66069],[-93.81228,41.66176],[-93.82057,41.66168],[-93.83979,41.66153],[-93.85949,41.66165],[-93.88437,41.66168],[-93.91082,41.66175],[-93.9206,41.66166],[-93.92062,41.65662],[-93.9203,41.61935],[-93.92042,41.59622],[-93.92078,41.5732],[-93.92093,41.55102],[-93.92324,41.5427],[-93.92345,41.5294],[-93.92354,41.52191],[-93.92357,41.51766],[-93.92354,41.51027],[-93.92132,41.51011],[-93.92128,41.50931],[-93.92074,41.50848]]}},{"type":"Feature","properties":{"id":"137388","type":"AC; OVERHEAD","status":"IN SERVICE","owner":null,"voltage":161,"voltClass":"100-161"},"geometry":{"type":"LineString","coordinates":[[-90.64914,42.52519],[-90.65045,42.52581]]}},{"type":"Feature","properties":{"id":"138618","type":"AC; OVERHEAD","status":"IN SERVICE","owner":null,"voltage":161,"voltClass":"100-161"},"geometry":{"type":"LineString","coordinates":[[-90.74037,42.48644],[-90.74014,42.48613],[-90.74008,42.48962],[-90.73941,42.49012],[-90.73954,42.49094],[-90.73991,42.49357],[-90.74001,42.49658],[-90.74,42.49989],[-90.74003,42.50313],[-90.74003,42.50565],[-90.7401,42.50803],[-90.74032,42.51548],[-90.74029,42.51816],[-90.73996,42.51817],[-90.73981,42.51826]]}},{"type":"Feature","properties":{"id":"138738","type":"AC; OVERHEAD","status":"IN SERVICE","owner":"MIDAMERICAN ENERGY CO","voltage":161,"voltClass":"100-161"},"geometry":{"type":"LineString","coordinates":[[-90.46927,41.53478],[-90.46837,41.53596],[-90.46518,41.538],[-90.46271,41.53959],[-90.46114,41.54033],[-90.45925,41.5409],[-90.45755,41.54137],[-90.45728,41.54107]]}},{"type":"Feature","properties":{"id":"161256","type":"AC; OVERHEAD","status":"IN SERVICE","owner":null,"voltage":115,"voltClass":"100-161"},"geometry":{"type":"LineString","coordinates":[[-96.50621,43.49102],[-96.50726,43.49102],[-96.5157,43.49106],[-96.52336,43.49107],[-96.52686,43.49116],[-96.54675,43.49123],[-96.54673,43.49236],[-96.54674,43.49361],[-96.5467,43.49514],[-96.54667,43.49639],[-96.54666,43.49765],[-96.54665,43.49896],[-96.54663,43.50017],[-96.54663,43.50038],[-96.54658,43.50196],[-96.54654,43.50324],[-96.54651,43.50462],[-96.54649,43.50614],[-96.54646,43.5075],[-96.54796,43.5075],[-96.54964,43.50749],[-96.55114,43.50748],[-96.55327,43.50749],[-96.55484,43.5075],[-96.55686,43.50752],[-96.55907,43.50753],[-96.56078,43.50754],[-96.5626,43.50743],[-96.56433,43.50732],[-96.56615,43.50733],[-96.56801,43.50733],[-96.5698,43.50734],[-96.57162,43.50734],[-96.574,43.50735],[-96.57539,43.50736],[-96.57619,43.50736],[-96.57813,43.50738],[-96.58004,43.50739],[-96.58197,43.50741],[-96.58411,43.50743],[-96.58626,43.50746],[-96.58787,43.50745],[-96.58936,43.50743],[-96.59107,43.50744],[-96.59287,43.50745],[-96.59522,43.50746],[-96.59687,43.50746],[-96.59883,43.50745],[-96.60126,43.50747],[-96.6037,43.50743],[-96.60538,43.50741],[-96.60718,43.50739],[-96.60939,43.50736],[-96.61113,43.50734],[-96.61123,43.50396],[-96.62221,43.50399],[-96.62331,43.50386],[-96.6244,43.50357],[-96.6303,43.50144],[-96.63174,43.50054],[-96.64138,43.50051],[-96.64439,43.50051],[-96.64548,43.50027],[-96.64879,43.50024],[-96.6488,43.49723],[-96.64937,43.49654],[-96.64918,43.49496],[-96.64917,43.49258],[-96.64916,43.48759],[-96.64914,43.48364],[-96.64915,43.48226],[-96.65516,43.48223],[-96.66371,43.48223],[-96.66718,43.48221],[-96.66718,43.48327],[-96.66783,43.48321]]}},{"type":"Feature","properties":{"id":"138883","type":"AC; OVERHEAD","status":"IN SERVICE","owner":null,"voltage":161,"voltClass":"100-161"},"geometry":{"type":"LineString","coordinates":[[-92.08601,42.15144],[-92.08579,42.15115],[-92.08561,42.14983],[-92.08546,42.14831],[-92.08548,42.14681],[-92.0855,42.14479],[-92.08328,42.1448],[-92.08072,42.1448],[-92.07834,42.1448],[-92.07584,42.14478],[-92.07586,42.14297],[-92.0759,42.14115],[-92.07591,42.13922],[-92.07592,42.1374],[-92.07597,42.13576],[-92.07598,42.13462],[-92.07602,42.13352],[-92.07603,42.13249],[-92.07606,42.13033],[-92.07605,42.1285],[-92.07611,42.12669],[-92.07615,42.12469],[-92.07619,42.12325],[-92.07617,42.1217],[-92.07614,42.11985],[-92.07611,42.11779],[-92.0761,42.11578],[-92.07606,42.11386],[-92.07602,42.11203],[-92.07598,42.11027],[-92.07594,42.10854],[-92.07589,42.10667],[-92.07588,42.10476],[-92.07588,42.10302],[-92.07588,42.10114],[-92.07133,42.10124],[-92.06887,42.10129],[-92.06657,42.10136],[-92.06382,42.1014],[-92.06116,42.10144],[-92.05817,42.1015],[-92.05567,42.10155],[-92.05328,42.10159],[-92.05075,42.10163],[-92.04825,42.10171],[-92.04647,42.10169],[-92.0447,42.10166],[-92.04273,42.10164],[-92.04035,42.10161],[-92.03866,42.10159],[-92.03602,42.10156],[-92.0337,42.10153],[-92.03136,42.1015],[-92.02872,42.1015],[-92.02614,42.1015],[-92.0239,42.1015],[-92.0214,42.1015],[-92.01911,42.10149],[-92.01672,42.10149],[-92.01432,42.10149],[-92.01158,42.10149],[-92.00933,42.10149],[-92.00611,42.10145],[-92.0035,42.10144],[-91.99973,42.10143],[-91.99735,42.10142],[-91.99492,42.10141],[-91.99251,42.10141],[-91.99009,42.1014],[-91.98746,42.10139],[-91.98514,42.10138],[-91.98283,42.10138],[-91.98024,42.10137],[-91.97778,42.10136],[-91.97541,42.10138],[-91.9727,42.10138],[-91.9703,42.10137],[-91.96807,42.10135],[-91.9656,42.10135],[-91.96317,42.10134],[-91.96069,42.10134],[-91.95828,42.10134],[-91.95589,42.10133],[-91.95345,42.10133],[-91.95108,42.10133],[-91.94865,42.10132],[-91.94654,42.10132],[-91.94406,42.10135],[-91.94173,42.10137],[-91.93953,42.1014],[-91.93685,42.10143],[-91.93488,42.10145],[-91.93211,42.10149],[-91.93026,42.10151],[-91.92841,42.10153],[-91.92629,42.10154],[-91.92439,42.10155],[-91.92219,42.10156],[-91.91976,42.10157],[-91.91728,42.10158],[-91.91491,42.10159],[-91.91252,42.10158],[-91.90963,42.10155],[-91.90751,42.10158],[-91.90487,42.10159],[-91.90295,42.10159],[-91.89999,42.10161],[-91.89765,42.10159],[-91.89532,42.1014],[-91.89186,42.10158],[-91.89057,42.10172],[-91.88787,42.10167],[-91.88552,42.10167],[-91.88275,42.10168],[-91.88003,42.10171],[-91.87614,42.10173],[-91.87319,42.10179],[-91.87093,42.10182],[-91.86864,42.10184],[-91.86617,42.10187],[-91.86343,42.10189],[-91.86067,42.10192],[-91.859,42.10194],[-91.8565,42.10197],[-91.85404,42.10199],[-91.8517,42.10202],[-91.84937,42.10204],[-91.84804,42.1017],[-91.84525,42.10099],[-91.84216,42.1002],[-91.83941,42.0995],[-91.83708,42.09891],[-91.83458,42.09827],[-91.82832,42.09829],[-91.82604,42.0983],[-91.82393,42.0983],[-91.82057,42.09831],[-91.81725,42.09834],[-91.81408,42.09834],[-91.81116,42.09834],[-91.80826,42.09835],[-91.80513,42.09833],[-91.80274,42.09835],[-91.79947,42.09832],[-91.79706,42.09744],[-91.79482,42.09658],[-91.79225,42.09654],[-91.78971,42.09655],[-91.78717,42.0965],[-91.7846,42.09648],[-91.7835,42.09649],[-91.78294,42.09649],[-91.78297,42.09792],[-91.78299,42.09939],[-91.78216,42.09941],[-91.78114,42.10002]]}},{"type":"Feature","properties":{"id":"138931","type":"AC; OVERHEAD","status":"IN SERVICE","owner":"MIDAMERICAN ENERGY CO","voltage":161,"voltClass":"100-161"},"geometry":{"type":"LineString","coordinates":[[-90.57334,41.61733],[-90.57359,41.61809],[-90.57313,41.61811],[-90.56966,41.61811],[-90.56869,41.6175],[-90.56796,41.61662],[-90.56754,41.61494],[-90.5672,41.61385],[-90.56696,41.6133],[-90.56663,41.61265],[-90.56609,41.61256]]}},{"type":"Feature","properties":{"id":"139009","type":"AC; OVERHEAD","status":"IN SERVICE","owner":"AMERICAN TRANSMISSION CO","voltage":138,"voltClass":"100-161"},"geometry":{"type":"LineString","coordinates":[[-90.42257,42.96795],[-90.42438,42.96629],[-90.43201,42.95991],[-90.44122,42.95218],[-90.44463,42.9493],[-90.45251,42.94586],[-90.46413,42.94079],[-90.47206,42.93707],[-90.48734,42.92959],[-90.49317,42.92669],[-90.50381,42.92158],[-90.51562,42.91584],[-90.53288,42.90763],[-90.551,42.8992],[-90.56756,42.89143],[-90.57026,42.89018],[-90.58386,42.8829],[-90.59523,42.8769],[-90.60595,42.87119],[-90.61398,42.86708],[-90.62104,42.86343],[-90.62846,42.86001],[-90.64416,42.85279],[-90.65797,42.84635],[-90.67291,42.83942],[-90.68098,42.8357],[-90.68326,42.83467],[-90.68357,42.83461]]}},{"type":"Feature","properties":{"id":"139151","type":"AC; OVERHEAD","status":"IN SERVICE","owner":null,"voltage":161,"voltClass":"100-161"},"geometry":{"type":"LineString","coordinates":[[-92.36831,42.50906],[-92.36735,42.50965],[-92.36563,42.51089],[-92.36121,42.51148],[-92.35943,42.51173],[-92.35757,42.51173],[-92.35751,42.51314],[-92.35745,42.51638],[-92.35732,42.51848],[-92.35727,42.52106],[-92.35726,42.52443],[-92.35726,42.52709],[-92.3573,42.52898],[-92.35732,42.53359],[-92.35733,42.5385],[-92.35735,42.54135],[-92.35732,42.54266],[-92.35723,42.54745],[-92.35718,42.55162],[-92.35709,42.5548],[-92.35704,42.55697],[-92.35698,42.5602],[-92.35695,42.56235],[-92.35696,42.56449],[-92.35702,42.56657],[-92.35714,42.56871],[-92.3572,42.56979],[-92.35723,42.57086],[-92.35726,42.57295],[-92.35728,42.57384],[-92.3573,42.57598],[-92.35733,42.57799],[-92.35736,42.58108],[-92.35737,42.58306],[-92.3574,42.58507],[-92.35739,42.5861],[-92.35737,42.58797],[-92.35729,42.58889],[-92.35692,42.58939],[-92.3554,42.59154],[-92.35548,42.59307],[-92.35455,42.59341]]}},{"type":"Feature","properties":{"id":"139158","type":"AC; OVERHEAD","status":"IN SERVICE","owner":null,"voltage":161,"voltClass":"100-161"},"geometry":{"type":"LineString","coordinates":[[-95.86701,41.22312],[-95.86739,41.22331],[-95.86884,41.22325],[-95.86883,41.22439],[-95.86883,41.22536],[-95.86884,41.22591],[-95.86734,41.22543],[-95.86697,41.22543]]}},{"type":"Feature","properties":{"id":"138244","type":"AC; OVERHEAD","status":"IN SERVICE","owner":null,"voltage":161,"voltClass":"100-161"},"geometry":{"type":"LineString","coordinates":[[-90.65856,42.50377],[-90.65795,42.50397],[-90.6564,42.50663],[-90.65521,42.50827],[-90.6528,42.50945],[-90.64694,42.50972],[-90.64558,42.51112],[-90.6442,42.51254],[-90.64195,42.51475],[-90.64153,42.51609],[-90.64102,42.51715],[-90.64075,42.51822],[-90.64033,42.51977],[-90.63984,42.5214],[-90.64223,42.52217],[-90.64549,42.52434],[-90.64624,42.5274],[-90.64808,42.52874],[-90.65045,42.52581]]}},{"type":"Feature","properties":{"id":"161944","type":"AC; OVERHEAD","status":"IN SERVICE","owner":null,"voltage":345,"voltClass":"345"},"geometry":{"type":"LineString","coordinates":[[-95.58189,43.2079],[-95.5804,43.20837],[-95.57998,43.20892],[-95.57772,43.2119],[-95.5753,43.21506],[-95.57301,43.21807],[-95.57064,43.22118],[-95.56828,43.22428],[-95.56594,43.22736],[-95.56356,43.23048],[-95.56123,43.23356],[-95.55907,43.23641],[-95.55681,43.23936],[-95.55491,43.24186],[-95.55259,43.24492],[-95.55025,43.248],[-95.54794,43.25106],[-95.54566,43.254],[-95.54318,43.25685],[-95.54065,43.25979],[-95.53801,43.26279],[-95.53543,43.26578],[-95.53281,43.2688],[-95.53033,43.27165],[-95.52784,43.27451],[-95.5254,43.27732],[-95.52272,43.28041],[-95.52002,43.28352],[-95.51753,43.28638],[-95.51503,43.28925],[-95.51257,43.29207],[-95.51054,43.29439],[-95.50809,43.29721],[-95.50534,43.30038],[-95.50304,43.30303],[-95.50072,43.30569],[-95.49812,43.30867],[-95.49559,43.31157],[-95.49324,43.31428],[-95.4908,43.31709],[-95.4881,43.32017],[-95.48566,43.32299],[-95.48312,43.3259],[-95.48082,43.32856],[-95.4782,43.33159],[-95.47575,43.33438],[-95.47352,43.33694],[-95.47126,43.33952],[-95.46882,43.34234],[-95.46676,43.34471],[-95.46392,43.34796],[-95.46162,43.35064],[-95.45905,43.35356],[-95.45648,43.35653],[-95.45387,43.3595],[-95.45123,43.36254],[-95.44866,43.36552],[-95.4462,43.36831],[-95.44349,43.37115],[-95.44089,43.37384],[-95.43836,43.37643],[-95.43629,43.37856],[-95.43586,43.379],[-95.43289,43.38207],[-95.43023,43.38483],[-95.42729,43.38788],[-95.42459,43.39067],[-95.42177,43.39357],[-95.41894,43.3965],[-95.41616,43.39939],[-95.41283,43.40279],[-95.4096,43.40595],[-95.40698,43.4085],[-95.404,43.41139],[-95.40114,43.41419],[-95.39836,43.41693],[-95.39533,43.41985],[-95.39259,43.42252],[-95.38948,43.42553],[-95.3867,43.42823],[-95.38386,43.431],[-95.38086,43.43394],[-95.37814,43.43664],[-95.37507,43.43963],[-95.37241,43.44222],[-95.3694,43.44528],[-95.36685,43.44785],[-95.36417,43.45061],[-95.36138,43.45348],[-95.35866,43.45631],[-95.356,43.45904],[-95.35309,43.46199],[-95.35067,43.46446],[-95.34766,43.46755],[-95.34501,43.47027],[-95.34212,43.4733],[-95.33939,43.47606],[-95.3366,43.47895],[-95.33333,43.48232],[-95.33101,43.48473],[-95.32787,43.48791],[-95.32531,43.49052],[-95.32349,43.4924],[-95.32163,43.49436],[-95.31971,43.49623],[-95.31824,43.49776],[-95.31571,43.5004],[-95.31547,43.50067],[-95.31543,43.50448],[-95.31542,43.50776],[-95.3125,43.51086],[-95.30981,43.51357],[-95.30682,43.51669],[-95.30426,43.51943],[-95.30067,43.52315],[-95.29876,43.52695],[-95.29757,43.52967],[-95.29325,43.53113],[-95.28882,43.53258],[-95.28453,43.53398],[-95.28046,43.53531],[-95.27595,43.53684],[-95.27219,43.53851],[-95.26836,43.54029],[-95.26475,43.54199],[-95.26064,43.54383],[-95.2569,43.54559],[-95.2529,43.54741],[-95.24894,43.54921],[-95.24487,43.55108],[-95.24466,43.55118],[-95.24071,43.55298],[-95.23676,43.55479],[-95.23333,43.55636],[-95.22883,43.55846],[-95.22575,43.56097],[-95.22299,43.56391],[-95.2202,43.56682],[-95.21741,43.56975],[-95.21462,43.57268],[-95.21328,43.57408],[-95.21193,43.5755],[-95.20906,43.57849],[-95.20663,43.58105],[-95.20407,43.58371],[-95.2017,43.58619],[-95.19949,43.58844],[-95.19673,43.59109],[-95.19406,43.59361],[-95.19119,43.5963],[-95.18856,43.5988],[-95.18615,43.60111],[-95.18359,43.60353],[-95.18077,43.6062],[-95.17779,43.60903],[-95.1748,43.61186],[-95.1719,43.61462],[-95.16908,43.61732],[-95.16664,43.62014],[-95.16413,43.62306],[-95.1619,43.62564],[-95.15938,43.62859],[-95.15699,43.63137],[-95.15436,43.63441],[-95.15188,43.6373],[-95.14947,43.6401],[-95.14716,43.64276],[-95.14465,43.64569],[-95.14411,43.64902],[-95.14353,43.65252],[-95.14348,43.65578],[-95.14343,43.65934],[-95.14334,43.66288],[-95.14329,43.66638],[-95.14327,43.66717],[-95.14323,43.66887],[-95.14325,43.66999]]}},{"type":"Feature","properties":{"id":"138490","type":"AC; OVERHEAD","status":"IN SERVICE","owner":"MIDAMERICAN ENERGY CO","voltage":161,"voltClass":"100-161"},"geometry":{"type":"LineString","coordinates":[[-94.65827,42.56678],[-94.65807,42.56697],[-94.65757,42.56698],[-94.65562,42.56701],[-94.64798,42.56708],[-94.64052,42.56715],[-94.63093,42.56722],[-94.62352,42.56728],[-94.61851,42.5673],[-94.61605,42.56725],[-94.6066,42.56712],[-94.59651,42.567],[-94.58698,42.56692],[-94.5749,42.56683],[-94.57245,42.56667],[-94.56995,42.56648],[-94.56263,42.56641],[-94.55996,42.56639],[-94.55227,42.56639],[-94.54505,42.56623],[-94.53941,42.56603],[-94.53711,42.56606],[-94.53463,42.56607],[-94.53192,42.5661],[-94.52252,42.56617],[-94.51316,42.5662],[-94.50312,42.56621],[-94.49237,42.56617],[-94.48355,42.56604],[-94.47191,42.56608],[-94.46723,42.56607],[-94.45792,42.56609],[-94.44253,42.56616],[-94.43236,42.56606],[-94.42532,42.56599],[-94.41296,42.56595],[-94.40457,42.56595],[-94.39841,42.5659],[-94.38765,42.56595],[-94.38293,42.56594],[-94.37014,42.56604],[-94.35734,42.56607],[-94.34449,42.56597],[-94.3394,42.56593],[-94.32492,42.56593],[-94.31018,42.56587],[-94.30518,42.56588],[-94.30521,42.56297],[-94.3052,42.55844],[-94.30517,42.55268],[-94.30512,42.54501],[-94.30508,42.53872],[-94.30507,42.53594],[-94.30603,42.5347],[-94.30628,42.53382],[-94.30631,42.53299],[-94.30563,42.53137],[-94.30544,42.53051],[-94.3052,42.52871],[-94.30518,42.52684],[-94.30498,42.5255],[-94.30497,42.52332],[-94.30496,42.51837],[-94.30487,42.51652],[-94.30392,42.51644],[-94.29913,42.51642],[-94.29902,42.51587],[-94.29945,42.51553]]}},{"type":"Feature","properties":{"id":"138504","type":"OVERHEAD","status":"IN SERVICE","owner":"CITY OF AMES - (IA)","voltage":161,"voltClass":"100-161"},"geometry":{"type":"LineString","coordinates":[[-93.60392,42.02603],[-93.60483,42.02575],[-93.60477,42.02519],[-93.60567,42.02512],[-93.60562,42.02432],[-93.60562,42.0231],[-93.60553,42.02232],[-93.60542,42.02161],[-93.61092,42.02169],[-93.61203,42.02172],[-93.61207,42.02251],[-93.61215,42.0232],[-93.61211,42.02412],[-93.61532,42.02379],[-93.61821,42.02348],[-93.61885,42.02351],[-93.62014,42.02356],[-93.62079,42.02402],[-93.62186,42.02437],[-93.6243,42.02518],[-93.62522,42.02548],[-93.62632,42.02585],[-93.62747,42.02621],[-93.6284,42.02645],[-93.6295,42.0267],[-93.63064,42.02696],[-93.6315,42.027],[-93.63215,42.02703],[-93.63279,42.02705],[-93.63286,42.0276],[-93.63292,42.02802],[-93.63299,42.02863],[-93.63416,42.02907],[-93.6355,42.02951],[-93.63654,42.02986],[-93.63756,42.0302],[-93.63814,42.03041],[-93.63827,42.03025],[-93.63892,42.02947],[-93.63913,42.02909],[-93.63925,42.02898]]}},{"type":"Feature","properties":{"id":"138518","type":"AC; OVERHEAD","status":"IN SERVICE","owner":"NORTHERN STATES POWER CO - WISCONSIN","voltage":161,"voltClass":"100-161"},"geometry":{"type":"LineString","coordinates":[[-90.82432,43.28692],[-90.82362,43.28684],[-90.81552,43.28648],[-90.8028,43.29022],[-90.79527,43.29234],[-90.79276,43.29951],[-90.7892,43.30978],[-90.78789,43.31331],[-90.78611,43.31715],[-90.78212,43.32616],[-90.7817,43.32711],[-90.76295,43.34713],[-90.75248,43.35823],[-90.74127,43.37041],[-90.73201,43.38039],[-90.72214,43.39093],[-90.71575,43.39772],[-90.707,43.40725],[-90.69364,43.42162],[-90.68897,43.42611],[-90.67604,43.43824],[-90.67204,43.44202],[-90.66365,43.44986],[-90.65792,43.45532],[-90.64528,43.46715],[-90.63742,43.47454],[-90.63243,43.48341],[-90.62666,43.49365],[-90.62484,43.49692],[-90.61631,43.50587],[-90.61244,43.50997],[-90.60006,43.51595],[-90.57808,43.52645],[-90.56458,43.53299],[-90.55091,43.53779],[-90.53774,43.55007],[-90.53092,43.55642],[-90.52514,43.56177],[-90.51139,43.57442],[-90.50261,43.58245],[-90.49477,43.58978],[-90.48899,43.59501],[-90.4816,43.6019],[-90.47044,43.61206],[-90.46448,43.61761],[-90.46238,43.62118],[-90.46253,43.62594],[-90.46267,43.63549],[-90.46285,43.64108],[-90.45952,43.64622],[-90.46009,43.65168],[-90.46067,43.65699],[-90.46023,43.66592],[-90.46016,43.66689],[-90.45978,43.66688],[-90.45977,43.6671],[-90.45945,43.66727]]}},{"type":"Feature","properties":{"id":"137852","type":"AC; OVERHEAD","status":"IN SERVICE","owner":"AMERICAN TRANSMISSION CO","voltage":138,"voltClass":"100-161"},"geometry":{"type":"LineString","coordinates":[[-91.00717,42.72296],[-91.00689,42.72376],[-91.00447,42.72565],[-90.99962,42.72487],[-90.98699,42.723],[-90.9819,42.72229],[-90.97778,42.72074],[-90.97281,42.72066],[-90.96189,42.72066],[-90.95151,42.72059],[-90.94012,42.72057],[-90.92865,42.72064],[-90.91617,42.72052],[-90.89655,42.72047],[-90.88892,42.72067],[-90.88195,42.72058],[-90.87682,42.72052],[-90.86885,42.72039],[-90.85325,42.7202],[-90.84263,42.72],[-90.83973,42.71871],[-90.82606,42.71938],[-90.8166,42.71995],[-90.81065,42.72039],[-90.80504,42.7198],[-90.79526,42.71872],[-90.79158,42.7187],[-90.77863,42.71868],[-90.76761,42.71841],[-90.74516,42.71841],[-90.73588,42.71849],[-90.72117,42.71861],[-90.70204,42.71871]]}},{"type":"Feature","properties":{"id":"139915","type":"AC; OVERHEAD","status":"IN SERVICE","owner":"MIDAMERICAN ENERGY CO","voltage":115,"voltClass":"100-161"},"geometry":{"type":"LineString","coordinates":[[-91.66721,41.98675],[-91.66672,41.98716],[-91.66688,41.9873],[-91.66742,41.98848],[-91.66608,41.99038],[-91.6648,41.9922],[-91.66552,41.99292],[-91.66751,41.9949],[-91.66759,41.99558],[-91.66761,41.99691],[-91.66762,41.99826],[-91.66765,41.99979],[-91.66518,41.99975],[-91.6649,42.003],[-91.66462,42.00626],[-91.66455,42.00707],[-91.66457,42.00733],[-91.66376,42.00735],[-91.66355,42.00743]]}},{"type":"Feature","properties":{"id":"140001","type":"AC; OVERHEAD","status":"IN SERVICE","owner":null,"voltage":161,"voltClass":"100-161"},"geometry":{"type":"LineString","coordinates":[[-91.53893,40.92369],[-91.53915,40.92337],[-91.53914,40.92301],[-91.54022,40.923],[-91.54137,40.9239],[-91.54267,40.9249],[-91.54481,40.92652],[-91.54675,40.92796],[-91.54832,40.92912],[-91.55133,40.93137],[-91.5531,40.93268],[-91.55487,40.93397],[-91.5567,40.93535],[-91.5582,40.9365],[-91.55996,40.9378],[-91.5619,40.93926],[-91.56368,40.94054],[-91.56689,40.94289],[-91.56867,40.94428],[-91.5705,40.94576],[-91.57283,40.94751],[-91.57363,40.94806],[-91.57526,40.94926],[-91.57626,40.95],[-91.57937,40.95231],[-91.5816,40.95394],[-91.58461,40.95619],[-91.58685,40.95784],[-91.58941,40.95967],[-91.59106,40.96089],[-91.5933,40.96255],[-91.59554,40.96403],[-91.59797,40.96564],[-91.60142,40.96629],[-91.60481,40.96691],[-91.60833,40.96756],[-91.61054,40.96798],[-91.61319,40.96846],[-91.61564,40.96892],[-91.61858,40.96947],[-91.62138,40.96999],[-91.62385,40.97043],[-91.62567,40.97077],[-91.6277,40.9713],[-91.6303,40.97193],[-91.633,40.97258],[-91.63445,40.97295],[-91.63677,40.97354],[-91.64084,40.97458],[-91.64508,40.97564],[-91.64906,40.9767],[-91.65094,40.97718],[-91.65345,40.9778],[-91.65675,40.97863],[-91.65907,40.9792],[-91.6614,40.97978],[-91.66328,40.98026],[-91.66756,40.98137],[-91.67251,40.98261],[-91.67506,40.98328],[-91.67877,40.9842],[-91.6806,40.98467],[-91.68286,40.98525],[-91.68604,40.98605],[-91.68956,40.98693],[-91.69263,40.98771],[-91.69508,40.98834],[-91.69916,40.98936],[-91.70164,40.98998],[-91.70581,40.99103],[-91.70967,40.992],[-91.71262,40.99276],[-91.71586,40.99357],[-91.71861,40.99422],[-91.72236,40.99523],[-91.7252,40.99593],[-91.72794,40.99662],[-91.73077,40.99735],[-91.73462,40.99831],[-91.73695,40.9989],[-91.74052,40.9998],[-91.74363,41.00059],[-91.74711,41.00145],[-91.7491,41.00195],[-91.75331,41.00298],[-91.75506,41.00341],[-91.75781,41.00405],[-91.76022,41.00464],[-91.76199,41.00508],[-91.76621,41.0061],[-91.76886,41.00675],[-91.77104,41.00729],[-91.77304,41.00777],[-91.77565,41.00841],[-91.77961,41.00937],[-91.7814,41.0098],[-91.7833,41.01025],[-91.78511,41.01069],[-91.78785,41.01135],[-91.79016,41.01188],[-91.7943,41.01289],[-91.79626,41.01336],[-91.79825,41.01383],[-91.80364,41.01496],[-91.80813,41.0159],[-91.81242,41.01682],[-91.81454,41.01726],[-91.81738,41.01786],[-91.81911,41.01821],[-91.82233,41.0189],[-91.82622,41.01971],[-91.82962,41.02043],[-91.83271,41.02107],[-91.83549,41.02166],[-91.83774,41.02215],[-91.84193,41.02302],[-91.84382,41.02341],[-91.84573,41.02382],[-91.84785,41.02424],[-91.85072,41.02485],[-91.85493,41.02568],[-91.85776,41.02627],[-91.8618,41.02708],[-91.86448,41.02761],[-91.86658,41.02804],[-91.86882,41.02849],[-91.87086,41.02891],[-91.87359,41.02947],[-91.8767,41.03018],[-91.88002,41.03084],[-91.8835,41.03155],[-91.88582,41.03202],[-91.88904,41.03268],[-91.89197,41.03328],[-91.89485,41.03388],[-91.89767,41.03443],[-91.90055,41.03506],[-91.90327,41.0351],[-91.90609,41.03514],[-91.90993,41.03522],[-91.91227,41.03527],[-91.91466,41.03533],[-91.91708,41.03538],[-91.92006,41.03543],[-91.92193,41.03547],[-91.92441,41.03554],[-91.92678,41.03559],[-91.92914,41.03564],[-91.93158,41.0357],[-91.93408,41.03573],[-91.93656,41.03575],[-91.93905,41.03575],[-91.9418,41.03574],[-91.94405,41.03574],[-91.94672,41.03574],[-91.94915,41.03574],[-91.95156,41.03573],[-91.95374,41.03573],[-91.95642,41.03573],[-91.95915,41.03571],[-91.96165,41.03568],[-91.96406,41.03565],[-91.9683,41.03566],[-91.97074,41.03562],[-91.97101,41.03564],[-91.97124,41.03539]]}},{"type":"Feature","properties":{"id":"140036","type":"AC; OVERHEAD","status":"IN SERVICE","owner":"MIDAMERICAN ENERGY CO","voltage":115,"voltClass":"100-161"},"geometry":{"type":"LineString","coordinates":[[-92.26078,41.98565],[-92.26054,41.98578],[-92.26014,41.98583],[-92.25782,41.98595],[-92.25543,41.98595],[-92.253,41.98596],[-92.25056,41.98597],[-92.24699,41.98597],[-92.24408,41.98597],[-92.24246,41.98582],[-92.24079,41.98568],[-92.23857,41.98582],[-92.23639,41.98598],[-92.23433,41.98599],[-92.2312,41.986],[-92.22933,41.986],[-92.2265,41.98601],[-92.22398,41.98602],[-92.22132,41.98603],[-92.21886,41.98602],[-92.2166,41.98602],[-92.2144,41.98602],[-92.21172,41.98602],[-92.20927,41.98602],[-92.20679,41.98601],[-92.20432,41.98601],[-92.20176,41.98601],[-92.19936,41.986],[-92.19706,41.98596],[-92.19475,41.98591],[-92.19285,41.98587],[-92.19049,41.98583],[-92.18827,41.98578],[-92.18511,41.98572],[-92.18248,41.98567],[-92.18004,41.98563],[-92.17727,41.98561],[-92.17514,41.9856],[-92.17246,41.98559],[-92.16966,41.98558],[-92.16733,41.98557],[-92.16552,41.98556],[-92.16281,41.98556],[-92.16038,41.98553],[-92.15818,41.98551],[-92.15554,41.98548],[-92.15308,41.98545],[-92.15082,41.98543],[-92.14842,41.9854],[-92.14591,41.98541],[-92.14328,41.98541],[-92.1412,41.98541],[-92.13853,41.98541],[-92.13615,41.98541],[-92.13376,41.98541],[-92.13143,41.98541],[-92.12909,41.98542],[-92.12671,41.98542],[-92.12419,41.98542],[-92.12204,41.98542],[-92.11939,41.98543],[-92.11638,41.98543],[-92.11448,41.98543],[-92.11157,41.98543],[-92.10925,41.98543],[-92.10692,41.98542],[-92.10463,41.98542],[-92.10235,41.98541],[-92.1,41.98541],[-92.0977,41.9854],[-92.09517,41.9854],[-92.09268,41.98539],[-92.09032,41.98539],[-92.08781,41.98539],[-92.08572,41.98538],[-92.08317,41.98538],[-92.0811,41.98537],[-92.0782,41.98536],[-92.07578,41.98536],[-92.07287,41.98536],[-92.06994,41.98536],[-92.06753,41.98538],[-92.06599,41.9854],[-92.064,41.98542],[-92.06215,41.98543],[-92.05984,41.98546],[-92.05745,41.98633],[-92.05504,41.98721],[-92.05263,41.98724],[-92.0505,41.98726],[-92.04792,41.9873],[-92.04546,41.98666],[-92.04273,41.98593],[-92.04037,41.9855],[-92.03797,41.98551],[-92.03547,41.98551],[-92.03313,41.98552],[-92.03075,41.98552],[-92.02836,41.98553],[-92.02598,41.98552],[-92.02395,41.98551],[-92.02125,41.9855],[-92.01852,41.98549],[-92.01582,41.98548],[-92.01368,41.98547],[-92.01129,41.98546],[-92.00861,41.98544],[-92.00619,41.98543],[-92.00386,41.98542],[-92.00157,41.98541],[-91.99905,41.98539],[-91.99645,41.98538],[-91.99416,41.98537],[-91.99174,41.98536],[-91.98925,41.98534],[-91.98611,41.98533],[-91.98305,41.98531],[-91.97972,41.98529],[-91.9771,41.98528],[-91.97485,41.98528],[-91.97233,41.98527],[-91.97013,41.98526],[-91.96778,41.98525],[-91.96493,41.98524],[-91.96302,41.98524],[-91.96018,41.98523],[-91.95818,41.98523],[-91.95538,41.98522],[-91.9532,41.98522],[-91.95083,41.98521],[-91.94851,41.98521],[-91.94599,41.9852],[-91.94345,41.9852],[-91.94093,41.98519],[-91.93853,41.98518],[-91.93612,41.98517],[-91.93329,41.98515],[-91.93137,41.98514],[-91.92872,41.98513],[-91.92633,41.98511],[-91.9239,41.9851],[-91.9214,41.98509],[-91.91892,41.98507],[-91.91653,41.98506],[-91.91393,41.98504],[-91.91148,41.98503],[-91.9092,41.98503],[-91.90709,41.98505],[-91.90467,41.98507],[-91.90199,41.98509],[-91.89981,41.9851],[-91.89712,41.98513],[-91.8948,41.98515],[-91.89199,41.98517],[-91.88993,41.98519],[-91.88762,41.98521],[-91.88509,41.98523],[-91.88272,41.98526],[-91.88013,41.98529],[-91.87778,41.98532],[-91.87551,41.98535],[-91.87288,41.98538],[-91.87041,41.9854],[-91.86813,41.98542],[-91.86577,41.98545],[-91.86334,41.98548],[-91.86098,41.9855],[-91.8585,41.98553],[-91.85565,41.98556],[-91.85348,41.98557],[-91.85128,41.9856],[-91.84882,41.98565],[-91.84673,41.9857],[-91.84391,41.98575],[-91.8414,41.9858],[-91.83905,41.98585],[-91.83655,41.9859],[-91.83426,41.98595],[-91.83148,41.98597],[-91.82918,41.98596],[-91.8287,41.98596],[-91.82841,41.98596],[-91.8259,41.98595],[-91.82343,41.98594],[-91.82051,41.98593],[-91.80892,41.98604],[-91.79684,41.98598],[-91.78929,41.98603],[-91.77269,41.98612],[-91.75026,41.98591],[-91.74562,41.98586],[-91.74012,41.98582],[-91.73788,41.9859],[-91.73652,41.98584],[-91.73627,41.98593]]}},{"type":"Feature","properties":{"id":"140337","type":"AC; OVERHEAD","status":"IN SERVICE","owner":"CITY OF MILFORD - (IA)","voltage":161,"voltClass":"100-161"},"geometry":{"type":"LineString","coordinates":[[-95.23988,43.43135],[-95.23988,43.43143],[-95.23989,43.43152]]}},{"type":"Feature","properties":{"id":"140357","type":"AC; OVERHEAD","status":"IN SERVICE","owner":"MIDAMERICAN ENERGY CO","voltage":161,"voltClass":"100-161"},"geometry":{"type":"LineString","coordinates":[[-90.52954,41.64452],[-90.52953,41.64592],[-90.52954,41.64731],[-90.52953,41.64868],[-90.52953,41.65031],[-90.52953,41.65351],[-90.52962,41.65514],[-90.52961,41.65682],[-90.5296,41.65862],[-90.52958,41.66049],[-90.52957,41.66225],[-90.52955,41.66387],[-90.52954,41.66552],[-90.52956,41.66732],[-90.52957,41.66916],[-90.5295,41.67082],[-90.52948,41.6725],[-90.52942,41.67579],[-90.52941,41.67745],[-90.52935,41.679],[-90.52929,41.68122],[-90.52806,41.68173],[-90.52765,41.68115]]}},{"type":"Feature","properties":{"id":"140397","type":"AC; OVERHEAD","status":"IN SERVICE","owner":null,"voltage":345,"voltClass":"345"},"geometry":{"type":"LineString","coordinates":[[-96.36546,42.32936],[-96.36631,42.33042],[-96.36709,42.33029],[-96.36734,42.33025],[-96.36811,42.3301],[-96.36843,42.33004],[-96.37173,42.32942],[-96.3758,42.32839],[-96.38005,42.32772],[-96.38448,42.32728],[-96.38673,42.32693],[-96.38879,42.32661],[-96.39331,42.32588],[-96.3985,42.32586],[-96.40403,42.32583],[-96.40974,42.32578],[-96.4147,42.32571],[-96.41493,42.32263],[-96.41504,42.3194],[-96.41515,42.31599],[-96.41523,42.31336],[-96.41533,42.31019],[-96.41545,42.30667],[-96.41556,42.30317],[-96.41568,42.29951],[-96.41574,42.29767],[-96.4158,42.29573],[-96.41567,42.29063],[-96.41562,42.28871],[-96.41677,42.28572],[-96.4197,42.28391],[-96.42326,42.28171],[-96.42587,42.2801],[-96.42993,42.27759],[-96.43244,42.27604],[-96.43481,42.27473],[-96.43802,42.27307],[-96.44269,42.27064],[-96.44719,42.26831],[-96.45041,42.26664],[-96.45315,42.26521],[-96.45682,42.26331],[-96.4608,42.26162],[-96.46477,42.25984],[-96.4706,42.259],[-96.4773,42.25802],[-96.48241,42.25726],[-96.48777,42.25638],[-96.49193,42.2564],[-96.49613,42.25641],[-96.50117,42.2565],[-96.50646,42.25612],[-96.50998,42.25636],[-96.51637,42.25639],[-96.52317,42.25646],[-96.53013,42.25654],[-96.53637,42.25658],[-96.54079,42.25657],[-96.54081,42.25404],[-96.54082,42.25053],[-96.54083,42.24515],[-96.54083,42.24224],[-96.54085,42.23922],[-96.54085,42.23495],[-96.54085,42.23153],[-96.54082,42.2286],[-96.54074,42.22437],[-96.54076,42.2217],[-96.54089,42.21767],[-96.54091,42.21408],[-96.54093,42.20944],[-96.54095,42.20479],[-96.54093,42.1999],[-96.54091,42.19662],[-96.54131,42.19437],[-96.54312,42.1916],[-96.54564,42.18776],[-96.54565,42.18617],[-96.54563,42.18449],[-96.55134,42.18442],[-96.55607,42.18432],[-96.56199,42.1842],[-96.56728,42.18423],[-96.57274,42.18425],[-96.57861,42.18422],[-96.58232,42.18421],[-96.58857,42.1842],[-96.59173,42.18421],[-96.59685,42.18422],[-96.60035,42.18426],[-96.60582,42.18427],[-96.60959,42.18431],[-96.61394,42.18434],[-96.61784,42.18436],[-96.62275,42.18435],[-96.62855,42.18435],[-96.6332,42.18438],[-96.63882,42.18444],[-96.64332,42.18444],[-96.64805,42.18479],[-96.6517,42.18456],[-96.65322,42.18446],[-96.65912,42.18447],[-96.66343,42.18446],[-96.6676,42.18444],[-96.67305,42.18431],[-96.67753,42.1843],[-96.68167,42.18412],[-96.68749,42.18402],[-96.69343,42.18396],[-96.69812,42.18391],[-96.70161,42.1839],[-96.70643,42.18425],[-96.71135,42.1843],[-96.71547,42.18441],[-96.71912,42.1844],[-96.72357,42.18443],[-96.72855,42.18447],[-96.7343,42.1845],[-96.74056,42.1845],[-96.74525,42.18452],[-96.74951,42.18453],[-96.75478,42.18453],[-96.7601,42.18456],[-96.76525,42.18456],[-96.7699,42.18456],[-96.7748,42.18458],[-96.77968,42.18456],[-96.78412,42.18475],[-96.78906,42.18462],[-96.79427,42.18446],[-96.79422,42.18089],[-96.79423,42.17743],[-96.79423,42.17375],[-96.79424,42.17079],[-96.79429,42.1665],[-96.79431,42.16309],[-96.79426,42.15882],[-96.79419,42.15512],[-96.79418,42.15193],[-96.79413,42.14823],[-96.79417,42.14441],[-96.79419,42.14131],[-96.79424,42.13857],[-96.79431,42.13382],[-96.79646,42.13002],[-96.79649,42.12681],[-96.79965,42.12681],[-96.80365,42.12682],[-96.80938,42.12679],[-96.81585,42.12673],[-96.82118,42.1267],[-96.82795,42.12705],[-96.83267,42.12705],[-96.83942,42.12702],[-96.84395,42.12699],[-96.84867,42.12696],[-96.85402,42.12695],[-96.85889,42.12695],[-96.86477,42.12693],[-96.8701,42.12692],[-96.87501,42.12691],[-96.88005,42.1269],[-96.8854,42.12682],[-96.89144,42.12674],[-96.89649,42.12665],[-96.90133,42.12664],[-96.90763,42.12666],[-96.91344,42.12671],[-96.91929,42.12676],[-96.92419,42.12679],[-96.92855,42.12679],[-96.93339,42.12681],[-96.93732,42.1268],[-96.94163,42.12681],[-96.94588,42.12682],[-96.95113,42.12683],[-96.95711,42.12683],[-96.9614,42.12681],[-96.96691,42.12682],[-96.972,42.12681],[-96.97615,42.12681],[-96.98002,42.12682],[-96.98469,42.1268],[-96.99015,42.12679],[-96.99394,42.12678],[-96.99854,42.12679],[-97.00333,42.12622],[-97.00864,42.12678],[-97.01347,42.12676],[-97.01762,42.12622],[-97.02287,42.12677],[-97.02775,42.12676],[-97.03315,42.12677],[-97.03768,42.12676],[-97.04243,42.12677],[-97.04731,42.12677],[-97.05289,42.12679],[-97.05716,42.12681],[-97.06218,42.12683],[-97.06668,42.12684],[-97.0717,42.12685],[-97.07624,42.12685],[-97.08116,42.12684],[-97.08618,42.12679],[-97.09108,42.12679],[-97.09609,42.12689],[-97.10028,42.12689],[-97.10576,42.1269],[-97.11085,42.12689],[-97.11558,42.12688],[-97.12074,42.12688],[-97.12521,42.12688],[-97.1307,42.12686],[-97.13453,42.12687],[-97.14006,42.1269],[-97.14446,42.12692],[-97.14936,42.12684],[-97.15438,42.12686],[-97.15489,42.12686],[-97.16058,42.12683],[-97.16404,42.12681],[-97.17048,42.12689],[-97.17476,42.12687],[-97.17906,42.12689],[-97.18336,42.12691],[-97.18733,42.12694],[-97.19432,42.12698],[-97.19865,42.12698],[-97.20453,42.12699],[-97.20988,42.12701],[-97.21489,42.12697],[-97.21897,42.12697],[-97.22375,42.12702],[-97.22839,42.12702],[-97.23246,42.12732],[-97.23763,42.12703],[-97.24216,42.12701],[-97.24327,42.12701],[-97.24834,42.12702],[-97.25144,42.12613],[-97.25486,42.12706],[-97.25912,42.12706],[-97.26293,42.12704],[-97.26746,42.12704],[-97.27103,42.12706],[-97.27747,42.12706],[-97.28307,42.12705],[-97.28914,42.12705],[-97.29602,42.12703],[-97.30116,42.127],[-97.30524,42.12699],[-97.30948,42.12698],[-97.31635,42.12715],[-97.31948,42.12715],[-97.31951,42.1229],[-97.31952,42.11902],[-97.31954,42.11578],[-97.31964,42.11234],[-97.32145,42.10951],[-97.32333,42.10657],[-97.32467,42.104],[-97.32638,42.10057],[-97.32804,42.09739],[-97.32972,42.09419],[-97.33131,42.09117],[-97.33523,42.08987],[-97.33988,42.08832],[-97.34446,42.0867],[-97.34883,42.08515],[-97.3532,42.08369],[-97.35326,42.08337],[-97.35371,42.08099],[-97.354,42.07858],[-97.35482,42.07825]]}},{"type":"Feature","properties":{"id":"167224","type":"AC; OVERHEAD","status":"IN SERVICE","owner":"MIDAMERICAN ENERGY CO","voltage":161,"voltClass":"100-161"},"geometry":{"type":"LineString","coordinates":[[-94.66021,40.93658],[-94.66031,40.93686],[-94.66032,40.93768],[-94.6657,40.93414],[-94.67094,40.9307],[-94.67925,40.9253],[-94.68647,40.92072],[-94.695,40.9153],[-94.70205,40.9109],[-94.71551,40.90235],[-94.72162,40.89848],[-94.73072,40.89272],[-94.74036,40.88645],[-94.75694,40.87593],[-94.76685,40.86966],[-94.77333,40.86552],[-94.7753,40.86428],[-94.77768,40.86274],[-94.78141,40.86026],[-94.78577,40.85807],[-94.79259,40.85454],[-94.80415,40.84872],[-94.80927,40.84621],[-94.8171,40.84233],[-94.82389,40.83895],[-94.83088,40.83558],[-94.83751,40.83233],[-94.84428,40.82903],[-94.85546,40.82332],[-94.86293,40.81924],[-94.87292,40.8138],[-94.87913,40.81039],[-94.88896,40.80504],[-94.89542,40.80138],[-94.90271,40.79802],[-94.90905,40.79512],[-94.9185,40.79079],[-94.92753,40.7866],[-94.93409,40.78189],[-94.94239,40.77597],[-94.94622,40.77317],[-94.94878,40.77229],[-94.95877,40.76868],[-94.96646,40.76602],[-94.97346,40.76119],[-94.97847,40.75769],[-94.9828,40.75472],[-94.987,40.75208],[-94.99824,40.74598],[-95.00009,40.74497],[-95.0014,40.74395],[-95.0028,40.74291],[-95.00313,40.74282]]}},{"type":"Feature","properties":{"id":"175196","type":"AC; OVERHEAD","status":"IN SERVICE","owner":null,"voltage":161,"voltClass":"100-161"},"geometry":{"type":"LineString","coordinates":[[-94.3488,41.11542],[-94.34821,41.11515],[-94.3479,41.11512],[-94.34433,41.11515],[-94.34,41.11516],[-94.33969,41.11438],[-94.34386,41.1126],[-94.35236,41.10896],[-94.3646,41.10389],[-94.37611,41.09902],[-94.38511,41.09527],[-94.39517,41.09102],[-94.406,41.0865],[-94.40823,41.08556],[-94.41043,41.08434],[-94.41786,41.08042],[-94.42597,41.07602],[-94.43453,41.07149],[-94.44465,41.06612],[-94.4524,41.06201],[-94.45974,41.05822],[-94.46878,41.05378],[-94.47108,41.05263],[-94.48049,41.04802],[-94.48957,41.04352],[-94.49578,41.04055],[-94.50446,41.03615],[-94.51539,41.03078],[-94.52647,41.02537],[-94.53064,41.02335],[-94.53314,41.02181],[-94.54166,41.01668],[-94.55205,41.01041],[-94.56024,41.00547],[-94.56644,41.00172],[-94.56805,41.00038],[-94.5699,40.9988],[-94.57179,40.9972],[-94.57806,40.99202],[-94.58132,40.98931],[-94.58458,40.9866],[-94.58779,40.98478],[-94.59929,40.97837],[-94.60477,40.97526],[-94.60655,40.97402],[-94.6088,40.97249],[-94.61457,40.96849],[-94.62055,40.96437],[-94.62876,40.95874],[-94.63598,40.95378],[-94.64485,40.94774],[-94.65229,40.94292],[-94.65827,40.93903],[-94.66008,40.93783],[-94.66012,40.93686],[-94.66021,40.93658]]}},{"type":"Feature","properties":{"id":"140543","type":"AC; OVERHEAD","status":null,"owner":"KCP&L GREATER MISSOURI OPERATIONS CO.","voltage":345,"voltClass":"345"},"geometry":{"type":"LineString","coordinates":[[-95.39811,40.52832],[-95.39456,40.5283],[-95.39447,40.5256]]}},{"type":"Feature","properties":{"id":"140685","type":"AC; OVERHEAD","status":"IN SERVICE","owner":null,"voltage":345,"voltClass":"345"},"geometry":{"type":"LineString","coordinates":[[-96.54722,40.84003],[-96.54611,40.8406],[-96.54606,40.84145],[-96.54424,40.84217],[-96.54181,40.8431],[-96.53932,40.84407],[-96.5368,40.84504],[-96.53389,40.84616],[-96.5315,40.84708],[-96.52882,40.84812],[-96.5265,40.84903],[-96.52433,40.84901],[-96.52227,40.84901],[-96.51916,40.84901],[-96.5165,40.84901],[-96.51308,40.84901],[-96.51059,40.849],[-96.50713,40.849],[-96.50406,40.849],[-96.50111,40.849],[-96.49788,40.84899],[-96.49497,40.84897],[-96.49154,40.84898],[-96.48828,40.84898],[-96.48551,40.84897],[-96.48263,40.84897],[-96.48,40.84898],[-96.4763,40.84896],[-96.47355,40.84895],[-96.4715,40.85058],[-96.46925,40.85236],[-96.46692,40.85418],[-96.46494,40.85574],[-96.46288,40.85738],[-96.4607,40.85915],[-96.45842,40.86095],[-96.45706,40.86198],[-96.45477,40.86371],[-96.4525,40.86552],[-96.45103,40.8667],[-96.44868,40.86851],[-96.44665,40.87013],[-96.44505,40.87137],[-96.44265,40.87324],[-96.44094,40.87463],[-96.43899,40.87614],[-96.43674,40.87789],[-96.43504,40.87921],[-96.43262,40.88113],[-96.43093,40.88246],[-96.42881,40.88413],[-96.42679,40.88572],[-96.4246,40.88742],[-96.42274,40.88892],[-96.42063,40.89052],[-96.41816,40.89246],[-96.41635,40.89398],[-96.4143,40.8957],[-96.41202,40.89759],[-96.41027,40.89905],[-96.40836,40.90075],[-96.40623,40.90245],[-96.40401,40.90434],[-96.40236,40.90568],[-96.40079,40.907],[-96.40065,40.90712],[-96.39903,40.90853],[-96.39679,40.91034],[-96.39497,40.91182],[-96.39317,40.91325],[-96.39164,40.91457],[-96.38956,40.91627],[-96.3875,40.9181],[-96.38517,40.91995],[-96.38358,40.92125],[-96.38173,40.9228],[-96.37985,40.92435],[-96.37812,40.92579],[-96.37585,40.92767],[-96.37393,40.9293],[-96.37167,40.93114],[-96.36944,40.93302],[-96.36775,40.9344],[-96.36539,40.93635],[-96.36336,40.93804],[-96.36106,40.93993],[-96.35874,40.94188],[-96.35711,40.94325],[-96.35466,40.94478],[-96.35225,40.94629],[-96.35053,40.94736],[-96.34822,40.94879],[-96.34564,40.95042],[-96.34297,40.95206],[-96.34095,40.95338],[-96.33862,40.95477],[-96.33658,40.95606],[-96.33465,40.95738],[-96.33278,40.95864],[-96.33035,40.96005],[-96.32779,40.96163],[-96.32551,40.96303],[-96.32314,40.96452],[-96.32055,40.96616],[-96.31845,40.96747],[-96.31566,40.96919],[-96.31306,40.97085],[-96.31127,40.97195],[-96.30898,40.97343],[-96.30631,40.97503],[-96.30393,40.97645],[-96.30133,40.97814],[-96.29889,40.97964],[-96.29656,40.98109],[-96.29384,40.98281],[-96.29199,40.98395],[-96.28928,40.98562],[-96.28653,40.98735],[-96.28405,40.98892],[-96.28134,40.9906],[-96.27908,40.99206],[-96.27667,40.99351],[-96.27657,40.99566],[-96.27645,40.99776],[-96.27636,40.9999],[-96.27627,41.00256],[-96.27617,41.00437],[-96.27602,41.00693],[-96.27584,41.01114],[-96.27569,41.01363],[-96.27558,41.01627],[-96.27473,41.0244],[-96.27396,41.03192],[-96.27391,41.03373],[-96.27377,41.03556],[-96.27363,41.03752],[-96.2735,41.03995],[-96.27336,41.0423],[-96.2732,41.04501],[-96.27306,41.0475],[-96.27297,41.04924],[-96.27286,41.05094],[-96.27274,41.05253],[-96.27273,41.05468],[-96.27266,41.05687],[-96.27262,41.05911],[-96.27217,41.06145],[-96.27206,41.06329],[-96.27196,41.06515],[-96.27178,41.06824],[-96.27163,41.07084],[-96.2715,41.07314],[-96.27143,41.0744],[-96.27126,41.07736],[-96.27109,41.08038],[-96.271,41.082],[-96.27086,41.08444],[-96.27036,41.08551],[-96.2697,41.08712],[-96.26895,41.08874],[-96.26801,41.09078],[-96.26709,41.09282],[-96.26604,41.09525],[-96.26494,41.09772],[-96.26407,41.09971],[-96.26305,41.10196],[-96.26202,41.10428],[-96.26106,41.10637],[-96.26132,41.10884],[-96.26155,41.11132],[-96.26187,41.11396],[-96.2621,41.11611],[-96.26231,41.11788],[-96.2625,41.11957],[-96.26266,41.12122],[-96.26326,41.12664],[-96.26379,41.12848],[-96.26447,41.13088],[-96.26497,41.13263],[-96.26543,41.13419],[-96.2659,41.13572],[-96.26644,41.13769],[-96.2669,41.1393],[-96.26738,41.14076],[-96.26731,41.14321],[-96.26724,41.14566],[-96.26718,41.14791],[-96.26712,41.15019],[-96.26706,41.15252],[-96.26702,41.15386],[-96.26696,41.15588],[-96.26689,41.15865],[-96.26546,41.15967],[-96.26289,41.1615],[-96.26105,41.16281],[-96.25892,41.16433],[-96.25687,41.16579],[-96.25497,41.16715],[-96.25248,41.16716],[-96.25018,41.16717],[-96.24714,41.16718],[-96.24502,41.16719],[-96.24166,41.1672],[-96.23827,41.16722],[-96.23508,41.16723],[-96.23285,41.16724],[-96.22982,41.16726],[-96.2234,41.16728],[-96.22013,41.1673],[-96.21653,41.16731],[-96.21413,41.16732],[-96.2107,41.16734],[-96.20814,41.16735],[-96.20535,41.16736],[-96.20237,41.16737],[-96.19991,41.16738],[-96.1986,41.16831]]}},{"type":"Feature","properties":{"id":"140774","type":"AC; OVERHEAD","status":"IN SERVICE","owner":"MIDAMERICAN ENERGY CO","voltage":161,"voltClass":"100-161"},"geometry":{"type":"LineString","coordinates":[[-95.26885,42.55475],[-95.26966,42.55447],[-95.28728,42.5543],[-95.30513,42.55422],[-95.30659,42.55423],[-95.32705,42.5542],[-95.32706,42.55386],[-95.32734,42.55342]]}},{"type":"Feature","properties":{"id":"167946","type":"AC; OVERHEAD","status":"IN SERVICE","owner":"MIDAMERICAN ENERGY CO","voltage":345,"voltClass":"345"},"geometry":{"type":"LineString","coordinates":[[-94.11687,42.10594],[-94.11589,42.10595],[-94.11591,42.10347],[-94.11586,42.09983],[-94.11586,42.09623],[-94.11579,42.0927],[-94.11576,42.08985],[-94.11581,42.08573],[-94.11576,42.08179],[-94.11555,42.07815],[-94.11557,42.07492],[-94.11559,42.0709],[-94.11563,42.0672],[-94.11565,42.0637],[-94.11563,42.05974],[-94.11565,42.05633],[-94.11566,42.05322],[-94.11565,42.04919],[-94.11568,42.04551],[-94.11573,42.04188],[-94.11587,42.03784],[-94.11584,42.03499],[-94.11565,42.03078],[-94.11559,42.027],[-94.11552,42.02279],[-94.11558,42.01905],[-94.11567,42.01558],[-94.11567,42.01208],[-94.1157,42.00805],[-94.11569,42.0045],[-94.11573,42.00047],[-94.1158,41.99654],[-94.1158,41.99352],[-94.11434,41.99123],[-94.11247,41.9886],[-94.11099,41.98637],[-94.11094,41.98307],[-94.11094,41.97906],[-94.11096,41.97563],[-94.11096,41.97191],[-94.111,41.96854],[-94.11117,41.96465],[-94.11051,41.96057],[-94.10992,41.95703],[-94.10939,41.95301],[-94.10913,41.95002],[-94.10847,41.94648],[-94.10781,41.94311],[-94.10714,41.93934],[-94.10664,41.93607],[-94.10665,41.93284],[-94.10668,41.92916],[-94.10667,41.92498],[-94.10665,41.92089],[-94.10594,41.91764],[-94.10205,41.9177],[-94.09793,41.91772],[-94.0923,41.91773],[-94.08691,41.91773],[-94.08197,41.91769],[-94.07719,41.91766],[-94.07222,41.91767],[-94.06751,41.91765],[-94.06268,41.91767],[-94.05771,41.91762],[-94.05286,41.91758],[-94.04813,41.91756],[-94.04358,41.91758],[-94.03827,41.91761],[-94.03341,41.91776],[-94.0281,41.91776],[-94.02312,41.91776],[-94.01839,41.91775],[-94.0139,41.91774],[-94.00878,41.91774],[-94.0041,41.91776],[-93.99915,41.91774],[-93.99437,41.91765],[-93.98942,41.91761],[-93.98441,41.9177],[-93.97982,41.91773],[-93.97497,41.91775],[-93.96999,41.91778],[-93.96465,41.91782],[-93.96039,41.91787],[-93.95553,41.91792],[-93.95079,41.91848],[-93.94573,41.91795],[-93.94086,41.91792],[-93.93557,41.91796],[-93.93121,41.91799],[-93.92655,41.91798],[-93.92158,41.91796],[-93.91728,41.91795],[-93.91257,41.91792],[-93.90776,41.91792],[-93.90342,41.91834],[-93.8981,41.91796],[-93.89398,41.91795],[-93.89078,41.91793],[-93.88863,41.91792],[-93.88862,41.91539],[-93.88859,41.91212],[-93.88855,41.90712],[-93.88852,41.90334],[-93.88851,41.89976],[-93.88849,41.89607],[-93.88962,41.89216],[-93.89083,41.88777],[-93.89067,41.88474],[-93.89067,41.88143],[-93.89066,41.87776],[-93.89064,41.87303],[-93.89064,41.87044],[-93.89064,41.86808],[-93.89061,41.8641],[-93.89068,41.86003],[-93.89068,41.85598],[-93.89065,41.85194],[-93.89184,41.84872],[-93.89303,41.8455],[-93.89417,41.84238],[-93.89277,41.8389],[-93.89147,41.83539],[-93.88993,41.83132],[-93.88855,41.82767],[-93.88715,41.82401],[-93.88577,41.82033],[-93.88435,41.81661],[-93.88303,41.81307],[-93.88157,41.80933],[-93.88024,41.80585],[-93.8788,41.80212],[-93.87746,41.79849],[-93.87619,41.79512],[-93.87482,41.7916],[-93.87339,41.7878],[-93.87201,41.78418],[-93.86944,41.78105],[-93.86767,41.77757],[-93.86577,41.77381],[-93.8638,41.76994],[-93.8621,41.76663],[-93.86009,41.76269],[-93.85804,41.75867],[-93.85611,41.75479],[-93.85433,41.75136],[-93.85256,41.74779],[-93.8509,41.74459],[-93.84905,41.74091],[-93.84729,41.73742],[-93.84538,41.73371],[-93.84363,41.73027],[-93.84173,41.72656],[-93.84013,41.72339],[-93.83835,41.71989],[-93.83676,41.71672],[-93.83494,41.71313],[-93.83372,41.70949],[-93.83254,41.70595],[-93.83145,41.70271],[-93.83027,41.69917],[-93.82902,41.69542],[-93.82667,41.69186],[-93.82431,41.68823],[-93.82436,41.68456],[-93.82423,41.68007],[-93.82393,41.67642],[-93.82387,41.67294],[-93.82386,41.66918],[-93.82365,41.66586],[-93.81929,41.66585],[-93.81494,41.66589],[-93.81186,41.66369],[-93.80945,41.66198],[-93.81099,41.66192],[-93.81099,41.66088],[-93.81187,41.66003]]}},{"type":"Feature","properties":{"id":"175110","type":"AC; OVERHEAD","status":"IN SERVICE","owner":null,"voltage":161,"voltClass":"100-161"},"geometry":{"type":"LineString","coordinates":[[-93.22803,43.11305],[-93.22812,43.11267],[-93.22812,43.11226],[-93.23142,43.11226],[-93.23142,43.11054],[-93.23145,43.10558],[-93.23146,43.1041],[-93.23149,43.09758]]}},{"type":"Feature","properties":{"id":"175111","type":"AC; OVERHEAD","status":"IN SERVICE","owner":null,"voltage":161,"voltClass":"100-161"},"geometry":{"type":"LineString","coordinates":[[-93.29313,43.09588],[-93.29268,43.09605],[-93.28916,43.09607],[-93.28917,43.09743],[-93.27776,43.09743],[-93.26742,43.09741],[-93.26176,43.09738],[-93.26066,43.09763],[-93.25646,43.09762],[-93.24659,43.09765],[-93.23589,43.09761],[-93.23149,43.09758]]}},{"type":"Feature","properties":{"id":"167154","type":"AC; OVERHEAD","status":"IN SERVICE","owner":"MIDAMERICAN ENERGY CO","voltage":161,"voltClass":"100-161"},"geometry":{"type":"LineString","coordinates":[[-96.32084,42.35937],[-96.32084,42.36122],[-96.32105,42.37382],[-96.32111,42.38101],[-96.32119,42.38632],[-96.32129,42.39386],[-96.3067,42.39419],[-96.30701,42.42811],[-96.30547,42.42934],[-96.30359,42.43084],[-96.30206,42.43204],[-96.30197,42.46689],[-96.30698,42.46681],[-96.30932,42.46677],[-96.31205,42.46671],[-96.31437,42.46657],[-96.31672,42.46645],[-96.31907,42.46632],[-96.32157,42.46618],[-96.32155,42.46296],[-96.32154,42.46058],[-96.32551,42.46038],[-96.32709,42.4603],[-96.32788,42.46027],[-96.32944,42.45964],[-96.33006,42.45973]]}},{"type":"Feature","properties":{"id":"169038","type":"AC; OVERHEAD","status":"IN SERVICE","owner":"MIDAMERICAN ENERGY CO","voltage":161,"voltClass":"100-161"},"geometry":{"type":"LineString","coordinates":[[-96.32084,42.35937],[-96.33049,42.35934],[-96.33659,42.35944],[-96.33956,42.35948],[-96.34573,42.35956],[-96.3473,42.35941],[-96.35031,42.35956],[-96.36002,42.35813],[-96.36991,42.35687],[-96.37006,42.35671],[-96.3696,42.35146],[-96.36934,42.34761],[-96.36919,42.34581],[-96.3692,42.34034],[-96.36889,42.33557],[-96.36958,42.3355]]}},{"type":"Feature","properties":{"id":"142921","type":"AC; OVERHEAD","status":"IN SERVICE","owner":"MIDAMERICAN ENERGY CO","voltage":161,"voltClass":"100-161"},"geometry":{"type":"LineString","coordinates":[[-96.30144,42.33092],[-96.30213,42.33085],[-96.30287,42.33041],[-96.30388,42.33041],[-96.30712,42.33041],[-96.31024,42.33041],[-96.31421,42.3304],[-96.31631,42.33041],[-96.3185,42.3304],[-96.31977,42.33041],[-96.3219,42.33041],[-96.32415,42.3304],[-96.32638,42.3304],[-96.32866,42.33039],[-96.33082,42.3304],[-96.33637,42.33039],[-96.33972,42.33039],[-96.3441,42.33038],[-96.34839,42.33038],[-96.34937,42.33038],[-96.35052,42.33018],[-96.35252,42.32959],[-96.35347,42.32943],[-96.35605,42.32895],[-96.35921,42.32845],[-96.36134,42.32814],[-96.36243,42.32797],[-96.36364,42.32781],[-96.36455,42.32751],[-96.36547,42.3272],[-96.36666,42.32701],[-96.36778,42.32684],[-96.37,42.32651],[-96.37112,42.32634],[-96.37338,42.32599],[-96.37441,42.32604],[-96.37555,42.32607],[-96.37633,42.32568],[-96.37712,42.32529],[-96.37812,42.32508]]}},{"type":"Feature","properties":{"id":"169039","type":"AC; OVERHEAD","status":"IN SERVICE","owner":"MIDAMERICAN ENERGY CO","voltage":161,"voltClass":"100-161"},"geometry":{"type":"LineString","coordinates":[[-96.30144,42.33092],[-96.30226,42.33105],[-96.30549,42.3353],[-96.30975,42.34098],[-96.31331,42.34576],[-96.318,42.35196],[-96.32088,42.35581],[-96.32331,42.35906],[-96.32084,42.35937]]}},{"type":"Feature","properties":{"id":"169046","type":"AC; OVERHEAD","status":"IN SERVICE","owner":null,"voltage":115,"voltClass":"100-161"},"geometry":{"type":"LineString","coordinates":[[-96.5036,42.41685],[-96.50316,42.41575],[-96.50256,42.41577],[-96.50264,42.41777],[-96.50229,42.41812],[-96.50229,42.41894],[-96.50119,42.4191],[-96.49194,42.41908],[-96.4657,42.41902],[-96.463,42.41901],[-96.46301,42.42277],[-96.4437,42.42271],[-96.4437,42.42464],[-96.44341,42.42559],[-96.4434,42.43028],[-96.4434,42.43215],[-96.43866,42.4321],[-96.43392,42.43339],[-96.43426,42.43706],[-96.42895,42.43714],[-96.41966,42.43725],[-96.41605,42.43726],[-96.41604,42.43653],[-96.41442,42.43652],[-96.41443,42.43404],[-96.41389,42.4333],[-96.40615,42.43329],[-96.40615,42.43242],[-96.40543,42.4326]]}},{"type":"Feature","properties":{"id":"169047","type":"AC; OVERHEAD","status":"IN SERVICE","owner":null,"voltage":115,"voltClass":"100-161"},"geometry":{"type":"LineString","coordinates":[[-96.40543,42.4326],[-96.4045,42.43242],[-96.40444,42.43788],[-96.4044,42.4445],[-96.4173,42.44447],[-96.41876,42.44448],[-96.41876,42.45158],[-96.41876,42.45264],[-96.41879,42.45884],[-96.41926,42.45998],[-96.41919,42.46202],[-96.41926,42.46243],[-96.42099,42.46275],[-96.42058,42.4636],[-96.42007,42.46641],[-96.42367,42.46638],[-96.42763,42.46645],[-96.43298,42.46649],[-96.43402,42.46661],[-96.43551,42.46668],[-96.43552,42.46597],[-96.43753,42.46591],[-96.43741,42.46093],[-96.43959,42.4598],[-96.44046,42.45903],[-96.44684,42.4559],[-96.45317,42.45274],[-96.45535,42.45175],[-96.45651,42.45124],[-96.45635,42.44574],[-96.45613,42.44047],[-96.45601,42.43644],[-96.45996,42.43694],[-96.46366,42.4374],[-96.46873,42.43737],[-96.47643,42.43739],[-96.47766,42.43742],[-96.47895,42.43721],[-96.4828,42.4372],[-96.4828,42.43572],[-96.49273,42.43696],[-96.50005,42.43787],[-96.50257,42.43819],[-96.50287,42.43657],[-96.50266,42.42348],[-96.50257,42.4187],[-96.50269,42.41778],[-96.50261,42.41583],[-96.50312,42.41582],[-96.5036,42.41685]]}},{"type":"Feature","properties":{"id":"146208","type":"AC; OVERHEAD","status":null,"owner":"MIDAMERICAN ENERGY CO","voltage":345,"voltClass":"345"},"geometry":{"type":"LineString","coordinates":[[-96.36546,42.32936],[-96.36599,42.32971],[-96.3669,42.32957],[-96.36732,42.3295],[-96.36768,42.32942],[-96.36839,42.32926],[-96.36886,42.32915],[-96.37211,42.32827],[-96.37533,42.32714],[-96.37832,42.32594],[-96.37901,42.32537],[-96.37812,42.32508]]}},{"type":"Feature","properties":{"id":"169074","type":"AC; OVERHEAD","status":"IN SERVICE","owner":"MIDAMERICAN ENERGY CO","voltage":161,"voltClass":"100-161"},"geometry":{"type":"LineString","coordinates":[[-96.37812,42.32508],[-96.37793,42.32579],[-96.3792,42.32706],[-96.38102,42.32798],[-96.38474,42.32762],[-96.38862,42.33152],[-96.38865,42.3368],[-96.3887,42.34442],[-96.38382,42.34955],[-96.37051,42.34931],[-96.36963,42.34928],[-96.35538,42.35139],[-96.35534,42.35121],[-96.35501,42.3513]]}},{"type":"Feature","properties":{"id":"169075","type":"AC; OVERHEAD","status":"IN SERVICE","owner":"MIDAMERICAN ENERGY CO","voltage":161,"voltClass":"100-161"},"geometry":{"type":"LineString","coordinates":[[-96.35501,42.3513],[-96.3553,42.35129],[-96.35533,42.3514],[-96.35474,42.35148],[-96.35044,42.35213],[-96.34393,42.35207],[-96.33062,42.35193],[-96.31883,42.35197],[-96.31809,42.35197],[-96.32347,42.35915],[-96.32397,42.35994],[-96.33032,42.36839],[-96.33466,42.37431],[-96.34014,42.38162],[-96.3408,42.38266],[-96.34441,42.38738],[-96.34675,42.39048],[-96.34792,42.39185],[-96.35216,42.39764],[-96.35414,42.40038],[-96.3566,42.40335],[-96.35776,42.40493],[-96.35989,42.40769],[-96.36077,42.40906],[-96.36156,42.41047],[-96.36221,42.41212],[-96.36421,42.41837],[-96.36808,42.4306],[-96.36944,42.43489],[-96.36963,42.43579],[-96.36951,42.43649],[-96.36947,42.43952],[-96.36945,42.44116],[-96.36932,42.45211],[-96.37465,42.45669],[-96.37608,42.45773],[-96.37569,42.46289],[-96.37544,42.46456],[-96.37537,42.46524],[-96.37578,42.46807],[-96.37606,42.46875],[-96.37663,42.46936],[-96.37735,42.46987],[-96.37892,42.47099],[-96.37958,42.47161],[-96.3801,42.4723],[-96.38035,42.47309],[-96.38031,42.47461],[-96.3803,42.47513],[-96.38172,42.47571],[-96.38171,42.47749],[-96.3841,42.47862],[-96.38571,42.47802],[-96.38976,42.48269],[-96.38858,42.48311],[-96.3902,42.4876],[-96.39095,42.48763],[-96.39101,42.4905],[-96.393,42.49045],[-96.39381,42.4903],[-96.39409,42.49042]]}},{"type":"Feature","properties":{"id":"139413","type":"AC; OVERHEAD","status":"IN SERVICE","owner":"MIDAMERICAN ENERGY CO","voltage":161,"voltClass":"100-161"},"geometry":{"type":"LineString","coordinates":[[-96.36889,42.43977],[-96.36922,42.43993],[-96.36952,42.43992],[-96.3695,42.44145],[-96.36946,42.44296],[-96.36943,42.44371],[-96.36945,42.44446],[-96.36946,42.44611],[-96.36943,42.44776],[-96.3694,42.45208],[-96.37338,42.4555],[-96.37469,42.45662],[-96.37608,42.45766],[-96.3775,42.45863],[-96.37774,42.45946],[-96.37853,42.46212],[-96.37996,42.46687],[-96.38088,42.46984],[-96.38159,42.47219],[-96.38153,42.47336],[-96.38158,42.47547],[-96.38152,42.47628],[-96.38108,42.47786],[-96.38103,42.47878],[-96.38101,42.47966],[-96.38106,42.48322],[-96.38105,42.4841],[-96.38102,42.48584],[-96.38104,42.48682],[-96.3811,42.4887],[-96.38109,42.49056],[-96.38111,42.49111],[-96.38401,42.4911],[-96.38861,42.49107],[-96.39101,42.49115],[-96.39301,42.49063],[-96.39377,42.49045],[-96.39409,42.49042]]}},{"type":"Feature","properties":{"id":"143569","type":"AC; OVERHEAD","status":"IN SERVICE","owner":"MIDAMERICAN ENERGY CO","voltage":161,"voltClass":"100-161"},"geometry":{"type":"LineString","coordinates":[[-96.39409,42.49042],[-96.39398,42.49069],[-96.39316,42.49081],[-96.39275,42.4915],[-96.39226,42.49231],[-96.39179,42.49312],[-96.39117,42.49413],[-96.39063,42.49498],[-96.3901,42.49585],[-96.3896,42.49661],[-96.38895,42.49758],[-96.38897,42.49833],[-96.38897,42.49923],[-96.38898,42.49996],[-96.38898,42.50112],[-96.389,42.5023],[-96.38899,42.50328],[-96.38901,42.50432],[-96.38901,42.5053],[-96.38902,42.5063],[-96.38902,42.50729],[-96.38906,42.50838],[-96.38889,42.50909],[-96.38827,42.50969],[-96.38761,42.51026],[-96.38838,42.51074],[-96.38767,42.51135],[-96.38684,42.5121],[-96.38606,42.5128],[-96.38516,42.5136],[-96.38422,42.51446],[-96.3834,42.51519],[-96.38256,42.51596],[-96.38168,42.51675],[-96.3811,42.51743],[-96.38031,42.51831],[-96.3796,42.51912],[-96.38039,42.51915],[-96.37982,42.51998],[-96.37925,42.52081],[-96.37869,42.52163],[-96.37814,42.52245],[-96.37757,42.52329],[-96.37702,42.5241],[-96.37646,42.52493],[-96.37593,42.52569],[-96.3754,42.52649],[-96.37489,42.52725],[-96.37434,42.52806],[-96.37379,42.52886],[-96.37324,42.52968],[-96.3727,42.53049],[-96.37216,42.5313],[-96.37159,42.53213],[-96.37093,42.53295],[-96.37027,42.53374],[-96.37077,42.53471],[-96.37121,42.53554]]}},{"type":"Feature","properties":{"id":"105426","type":"AC; OVERHEAD","status":"IN SERVICE","owner":"OMAHA PUBLIC POWER DISTRICT","voltage":161,"voltClass":"100-161"},"geometry":{"type":"LineString","coordinates":[[-95.78069,40.61817],[-95.78141,40.61674],[-95.7871,40.61735],[-95.78965,40.61732],[-95.79247,40.61731],[-95.79496,40.6173],[-95.79754,40.61728],[-95.79988,40.61727],[-95.80193,40.61726],[-95.80395,40.61726],[-95.80703,40.61722],[-95.80891,40.61722],[-95.81222,40.61722],[-95.81498,40.6172],[-95.817,40.61717],[-95.81939,40.61716],[-95.82436,40.61716],[-95.82746,40.61709],[-95.83086,40.61709],[-95.83317,40.6171],[-95.83517,40.61708],[-95.83769,40.61706],[-95.84058,40.61706],[-95.84383,40.61704],[-95.84704,40.61701],[-95.84985,40.617],[-95.8525,40.61701],[-95.85447,40.61697],[-95.85791,40.61694],[-95.86007,40.61695],[-95.86243,40.61695],[-95.86508,40.61692],[-95.86829,40.61691],[-95.87118,40.61688],[-95.87424,40.61688],[-95.87703,40.61686],[-95.87964,40.61684],[-95.88171,40.61683],[-95.88477,40.61681],[-95.8869,40.6168],[-95.89026,40.61679],[-95.89317,40.61676],[-95.89624,40.61677],[-95.89943,40.61677],[-95.90229,40.61677],[-95.90502,40.6168],[-95.90578,40.6168],[-95.9074,40.6168],[-95.90974,40.61682],[-95.91174,40.61684],[-95.91478,40.61685],[-95.91727,40.61684],[-95.91963,40.61685],[-95.92237,40.61688],[-95.92487,40.6169],[-95.92489,40.61834],[-95.92499,40.62432],[-95.92511,40.63747],[-95.92503,40.63836],[-95.92517,40.63884],[-95.92531,40.64587],[-95.92543,40.65204],[-95.92547,40.65432],[-95.92549,40.65705],[-95.92549,40.65933],[-95.9255,40.66054],[-95.92551,40.66154],[-95.92552,40.66391],[-95.92552,40.66695],[-95.92549,40.66813],[-95.92552,40.67061],[-95.92556,40.67316],[-95.92561,40.67541],[-95.92585,40.67861],[-95.92587,40.6804],[-95.92589,40.68215],[-95.92583,40.6837],[-95.92586,40.68633],[-95.92589,40.68838],[-95.92879,40.68952],[-95.9311,40.69045],[-95.93397,40.69156],[-95.93701,40.69274],[-95.93824,40.69442],[-95.94004,40.6968],[-95.94009,40.69953],[-95.94009,40.70221],[-95.94021,40.70425],[-95.94031,40.70592],[-95.94034,40.70832],[-95.94031,40.71144],[-95.94026,40.7131],[-95.94025,40.7153],[-95.94023,40.71723],[-95.94023,40.71735],[-95.94017,40.71907],[-95.94005,40.72213],[-95.93998,40.72435],[-95.93991,40.72595],[-95.94329,40.72915],[-95.94431,40.73097],[-95.94573,40.73349],[-95.94715,40.73597],[-95.94824,40.73788],[-95.94973,40.74048],[-95.94973,40.74207],[-95.94972,40.74484],[-95.94973,40.74732],[-95.94972,40.7503],[-95.94974,40.75251],[-95.94976,40.75499],[-95.94977,40.75761],[-95.94976,40.75991],[-95.94974,40.76242],[-95.94961,40.76512],[-95.94946,40.76751],[-95.94964,40.76957],[-95.94984,40.77201],[-95.94989,40.77426],[-95.94991,40.77655],[-95.94991,40.77885],[-95.94997,40.78141],[-95.94994,40.78393],[-95.9499,40.78631],[-95.94991,40.7888],[-95.94993,40.79132],[-95.94991,40.79379],[-95.94989,40.79577],[-95.94971,40.79856],[-95.94897,40.80098],[-95.94813,40.8038],[-95.94564,40.81171],[-95.94516,40.81324],[-95.94393,40.81713],[-95.94487,40.81888],[-95.9492,40.82693],[-95.94953,40.8278],[-95.94964,40.83669],[-95.94971,40.84244],[-95.94983,40.85224],[-95.94984,40.8569],[-95.94988,40.87136],[-95.94988,40.87525],[-95.94972,40.88591],[-95.94962,40.89544],[-95.94953,40.90043],[-95.94937,40.91499],[-95.94937,40.91557],[-95.9459,40.92385],[-95.94562,40.92711],[-95.94491,40.9295],[-95.94484,40.93251],[-95.94436,40.93306],[-95.94364,40.93389],[-95.94234,40.93504],[-95.9422,40.93574],[-95.93996,40.93923],[-95.93975,40.94115],[-95.93951,40.94409],[-95.94003,40.95146],[-95.93988,40.96575],[-95.93973,40.97317],[-95.93362,40.98056],[-95.93067,40.9841],[-95.93028,40.98456],[-95.93026,40.98796],[-95.93028,41.00238],[-95.93015,41.01813],[-95.93023,41.03692],[-95.93023,41.04587],[-95.92937,41.05328],[-95.92919,41.05499],[-95.92993,41.05632],[-95.93421,41.06321],[-95.93751,41.06533],[-95.93751,41.06631],[-95.93754,41.06737],[-95.93751,41.07509],[-95.9413,41.07762],[-95.94275,41.0787],[-95.94345,41.0799],[-95.94398,41.08097],[-95.94445,41.08208],[-95.94555,41.0867],[-95.94667,41.08757],[-95.94972,41.08877],[-95.95229,41.08872],[-95.95229,41.08966],[-95.95372,41.08969],[-95.95367,41.0902],[-95.95357,41.09045]]}},{"type":"Feature","properties":{"id":"169124","type":"AC; OVERHEAD","status":"IN SERVICE","owner":"OMAHA PUBLIC POWER DISTRICT","voltage":161,"voltClass":"100-161"},"geometry":{"type":"LineString","coordinates":[[-95.95357,41.09045],[-95.95411,41.09058],[-95.95455,41.09054],[-95.9546,41.08965],[-95.96208,41.08941],[-95.96599,41.08942],[-95.96755,41.08948],[-95.96944,41.08993],[-95.97186,41.0914],[-95.9738,41.09255],[-95.97498,41.09325],[-95.97595,41.09326],[-95.97618,41.09661],[-95.97617,41.10624],[-95.9761,41.11087],[-95.9761,41.11555],[-95.97596,41.11809],[-95.97608,41.1221],[-95.97596,41.12241]]}},{"type":"Feature","properties":{"id":"167223","type":"AC; OVERHEAD","status":"IN SERVICE","owner":"MIDAMERICAN ENERGY CO","voltage":161,"voltClass":"100-161"},"geometry":{"type":"LineString","coordinates":[[-92.69782,41.27163],[-92.69824,41.27196],[-92.69825,41.27249],[-92.69825,41.27623],[-92.6983,41.28694],[-92.69834,41.29841],[-92.69834,41.29985],[-92.7027,41.30582],[-92.70356,41.30719],[-92.70351,41.31056],[-92.70357,41.31627],[-92.70364,41.32374],[-92.70375,41.33386],[-92.70374,41.33556],[-92.70343,41.34293],[-92.70347,41.35015],[-92.70365,41.35585],[-92.70366,41.36333],[-92.70387,41.37783],[-92.70397,41.38567],[-92.70395,41.3906],[-92.70403,41.40564],[-92.70422,41.41337],[-92.70435,41.42063],[-92.70435,41.42783],[-92.7043,41.43718],[-92.70405,41.43752]]}},{"type":"Feature","properties":{"id":"169303","type":"AC; OVERHEAD","status":"IN SERVICE","owner":"MIDAMERICAN ENERGY CO","voltage":161,"voltClass":"100-161"},"geometry":{"type":"LineString","coordinates":[[-92.70405,41.43752],[-92.7043,41.43796],[-92.70427,41.44234],[-92.70388,41.44946],[-92.70329,41.45155],[-92.70352,41.45403],[-92.70446,41.45708],[-92.70444,41.46427],[-92.70502,41.47654],[-92.70477,41.4786],[-92.70454,41.4914],[-92.70451,41.49995],[-92.70458,41.50439],[-92.70471,41.51096],[-92.70468,41.5172],[-92.70483,41.52541],[-92.7049,41.52759],[-92.70493,41.52962],[-92.7051,41.53594],[-92.70517,41.54478],[-92.70517,41.54603],[-92.70517,41.55242],[-92.7052,41.55806],[-92.70523,41.5643],[-92.7052,41.56681],[-92.69966,41.56991],[-92.69801,41.57081],[-92.69848,41.57142]]}},{"type":"Feature","properties":{"id":"169304","type":"AC; OVERHEAD","status":"IN SERVICE","owner":"MIDAMERICAN ENERGY CO","voltage":161,"voltClass":"100-161"},"geometry":{"type":"LineString","coordinates":[[-92.70405,41.43752],[-92.70296,41.43742]]}},{"type":"Feature","properties":{"id":"130896","type":"AC; OVERHEAD","status":"IN SERVICE","owner":"MIDAMERICAN ENERGY CO","voltage":161,"voltClass":"100-161"},"geometry":{"type":"LineString","coordinates":[[-96.37121,42.53554],[-96.37173,42.53653],[-96.37149,42.54038],[-96.37146,42.5415],[-96.37136,42.5442],[-96.37129,42.54616],[-96.37122,42.5482],[-96.3711,42.55274],[-96.37105,42.55502],[-96.371,42.55717],[-96.3709,42.56115],[-96.37089,42.56195],[-96.36648,42.56198],[-96.36115,42.56203],[-96.36114,42.56618],[-96.36113,42.57072],[-96.36112,42.57226],[-96.36113,42.57487],[-96.36113,42.57808],[-96.3611,42.58235],[-96.36102,42.58722],[-96.36104,42.58895],[-96.36101,42.59091],[-96.35853,42.59083],[-96.3512,42.59078],[-96.33789,42.59071],[-96.33186,42.59067],[-96.33183,42.59441],[-96.33111,42.59452],[-96.33037,42.59462],[-96.32943,42.59488]]}},{"type":"Feature","properties":{"id":"167677","type":"AC; OVERHEAD","status":"IN SERVICE","owner":null,"voltage":161,"voltClass":"100-161"},"geometry":{"type":"LineString","coordinates":[[-93.23149,43.09758],[-93.22447,43.09754],[-93.21415,43.09753],[-93.20304,43.09748],[-93.19248,43.09747],[-93.18746,43.09744],[-93.18203,43.09741],[-93.17144,43.09738],[-93.16066,43.09734],[-93.14992,43.09733],[-93.14049,43.09737],[-93.1296,43.09751],[-93.12288,43.09757],[-93.12126,43.09734],[-93.11239,43.09732],[-93.1056,43.09731],[-93.10299,43.09732],[-93.10246,43.09795],[-93.10254,43.10371],[-93.10267,43.1047],[-93.10265,43.11005],[-93.10265,43.11108],[-93.10281,43.11213],[-93.10278,43.11677],[-93.10271,43.12357],[-93.10266,43.12545],[-93.1028,43.12656],[-93.10278,43.13141],[-93.10281,43.1389],[-93.10281,43.14758],[-93.10282,43.14859],[-93.10313,43.15547],[-93.1032,43.15843],[-93.1032,43.1644],[-93.10325,43.16928],[-93.10296,43.1693],[-93.10306,43.18085],[-93.10311,43.18884],[-93.10312,43.19083],[-93.10302,43.19706],[-93.10292,43.19829],[-93.10294,43.2013],[-93.10301,43.20539],[-93.10335,43.20726],[-93.10344,43.21133],[-93.10345,43.21342],[-93.11204,43.2181],[-93.12423,43.22478],[-93.12534,43.22547],[-93.12632,43.22625],[-93.12724,43.22716],[-93.1279,43.22796],[-93.13019,43.23228],[-93.13078,43.23329],[-93.13164,43.23428],[-93.13276,43.23507],[-93.13662,43.23748],[-93.14415,43.2421],[-93.14843,43.24472],[-93.15991,43.25175],[-93.16516,43.255],[-93.18657,43.25492],[-93.20108,43.25494],[-93.20261,43.2546],[-93.20231,43.24802],[-93.2038,43.24799],[-93.20397,43.24809]]}},{"type":"Feature","properties":{"id":"175109","type":"AC; OVERHEAD","status":"IN SERVICE","owner":"MIDAMERICAN ENERGY CO","voltage":345,"voltClass":"345"},"geometry":{"type":"LineString","coordinates":[[-94.1165,42.37139],[-94.11679,42.37065],[-94.11657,42.36825],[-94.11653,42.36468],[-94.11641,42.36134],[-94.11617,42.35767],[-94.11589,42.35405],[-94.11562,42.35044],[-94.11535,42.34681],[-94.11534,42.3431],[-94.11637,42.33936],[-94.11633,42.33573],[-94.1164,42.33223],[-94.11631,42.32868],[-94.11632,42.32517],[-94.11629,42.32139],[-94.1163,42.31778],[-94.11627,42.31416],[-94.11629,42.31063],[-94.11626,42.30708],[-94.11633,42.30334],[-94.11632,42.29977],[-94.11632,42.2964],[-94.11624,42.29283],[-94.1162,42.28958],[-94.1161,42.286],[-94.11598,42.28246],[-94.11592,42.27875],[-94.11589,42.27517],[-94.11591,42.27133],[-94.11585,42.26756],[-94.11586,42.26444],[-94.11583,42.26128],[-94.11581,42.25802],[-94.11583,42.25453],[-94.11578,42.25199],[-94.11578,42.24927],[-94.11583,42.24617],[-94.1158,42.2426],[-94.11589,42.23906],[-94.11588,42.23527],[-94.11586,42.23169],[-94.11589,42.22809],[-94.11619,42.22456],[-94.11599,42.2208],[-94.11601,42.2172],[-94.11598,42.21345],[-94.11606,42.21002],[-94.11604,42.20618],[-94.11605,42.20254],[-94.11607,42.19902],[-94.11606,42.19528],[-94.11599,42.19187],[-94.11606,42.18823],[-94.11609,42.18465],[-94.11611,42.18104],[-94.11612,42.17739],[-94.11607,42.1737],[-94.11608,42.17006],[-94.11606,42.16626],[-94.1158,42.16271],[-94.1158,42.15917],[-94.1158,42.15551],[-94.11578,42.15175],[-94.11575,42.14769],[-94.11568,42.14459],[-94.11563,42.14143],[-94.11561,42.13749],[-94.1156,42.13409],[-94.11558,42.13078],[-94.11554,42.12742],[-94.11561,42.12298],[-94.11565,42.11869],[-94.11575,42.11433],[-94.11586,42.11011],[-94.11589,42.10697],[-94.11589,42.10632],[-94.11663,42.1063],[-94.11687,42.10594]]}},{"type":"Feature","properties":{"id":"121983","type":"AC; OVERHEAD","status":"IN SERVICE","owner":null,"voltage":345,"voltClass":"345"},"geometry":{"type":"LineString","coordinates":[[-90.31752,40.34269],[-90.31632,40.34427],[-90.31041,40.34447],[-90.30038,40.34857],[-90.28525,40.35477],[-90.2748,40.35906],[-90.26698,40.36148],[-90.24997,40.36668],[-90.23578,40.37134],[-90.22052,40.37642],[-90.21423,40.37847],[-90.2091,40.3801],[-90.20329,40.39174],[-90.20161,40.39512],[-90.20104,40.39667],[-90.19662,40.40511],[-90.19054,40.41704],[-90.18084,40.41826],[-90.16014,40.41621],[-90.13821,40.42157],[-90.10907,40.42737],[-90.09718,40.42977],[-90.08795,40.4316],[-90.05876,40.4408],[-90.04901,40.44396],[-90.04512,40.44524],[-90.02751,40.45303],[-90.00772,40.46073],[-89.99579,40.46089],[-89.98507,40.46003],[-89.9849,40.4616],[-89.98531,40.46225]]}},{"type":"Feature","properties":{"id":"119581","type":"OVERHEAD","status":null,"owner":"WAVERLY MUNICIPAL ELEC UTILITY","voltage":345,"voltClass":"345"},"geometry":{"type":"LineString","coordinates":[[-91.09331,41.3174],[-91.09362,41.31319]]}},{"type":"Feature","properties":{"id":"105287","type":"OVERHEAD","status":null,"owner":null,"voltage":161,"voltClass":"100-161"},"geometry":{"type":"LineString","coordinates":[[-90.82364,41.45709],[-90.82364,41.45767]]}},{"type":"Feature","properties":{"id":"146282","type":"AC; OVERHEAD","status":"IN SERVICE","owner":"OMAHA PUBLIC POWER DISTRICT","voltage":345,"voltClass":"345"},"geometry":{"type":"LineString","coordinates":[[-95.64539,40.36049],[-95.64616,40.35985],[-95.64636,40.35975],[-95.64679,40.35953],[-95.64783,40.35901],[-95.65085,40.35936],[-95.65396,40.35966],[-95.65467,40.35974],[-95.65637,40.35992],[-95.65992,40.35984],[-95.66273,40.35987],[-95.66533,40.35985],[-95.66828,40.35983],[-95.67095,40.35977],[-95.67306,40.35977],[-95.67597,40.35974],[-95.67974,40.35969],[-95.68223,40.3597],[-95.68476,40.35966],[-95.68725,40.35965],[-95.68986,40.35963],[-95.69378,40.35958],[-95.69708,40.35956],[-95.7004,40.35953],[-95.70299,40.35949],[-95.70516,40.35949],[-95.70861,40.35949],[-95.71064,40.35952],[-95.71383,40.35953],[-95.71629,40.35955],[-95.71947,40.35958],[-95.72206,40.35959],[-95.72475,40.35959],[-95.7276,40.35963],[-95.73056,40.35965],[-95.73336,40.35969],[-95.73601,40.35969],[-95.73904,40.35974],[-95.74229,40.35974],[-95.74528,40.35975],[-95.74839,40.35977],[-95.75097,40.35979],[-95.75392,40.35981],[-95.75721,40.35984],[-95.76045,40.35984],[-95.76343,40.35988],[-95.76638,40.3599],[-95.76937,40.35991],[-95.77239,40.35992],[-95.77537,40.35994],[-95.77831,40.35996],[-95.78126,40.35998],[-95.78441,40.36],[-95.78732,40.36002],[-95.79027,40.36003],[-95.79383,40.36005],[-95.7954,40.36006],[-95.79861,40.36009],[-95.80174,40.3601],[-95.8046,40.36012],[-95.80758,40.36013],[-95.8108,40.36016],[-95.81396,40.36018],[-95.81712,40.3602],[-95.81994,40.36021],[-95.82219,40.36022],[-95.82522,40.36023],[-95.82788,40.36026],[-95.83101,40.36028],[-95.83455,40.3603],[-95.83706,40.36031],[-95.83934,40.36032],[-95.84252,40.36035],[-95.84483,40.36036],[-95.84775,40.36037],[-95.85096,40.36038],[-95.85333,40.3604],[-95.85589,40.36041],[-95.85831,40.36043],[-95.86165,40.36044],[-95.86467,40.36046],[-95.86704,40.36048],[-95.87023,40.36051],[-95.87281,40.36052],[-95.87597,40.36053],[-95.87931,40.36055],[-95.88183,40.36057],[-95.88439,40.36058],[-95.88674,40.36059],[-95.8896,40.36062],[-95.89271,40.36063],[-95.89594,40.36065],[-95.89834,40.36066],[-95.90161,40.36067],[-95.90475,40.36069],[-95.90488,40.36069],[-95.90807,40.36071],[-95.91073,40.36073],[-95.91387,40.36075],[-95.9173,40.36076],[-95.92074,40.36078],[-95.92347,40.36079],[-95.9237,40.36079],[-95.9239,40.36079],[-95.92702,40.36081],[-95.9304,40.36082],[-95.93373,40.36084],[-95.93616,40.36086],[-95.93883,40.36086],[-95.9416,40.36233],[-95.94387,40.36358],[-95.94631,40.36487],[-95.94907,40.36634],[-95.95186,40.36783],[-95.95405,40.369],[-95.95587,40.36997],[-95.95835,40.37131],[-95.96115,40.37281],[-95.9634,40.37401],[-95.96619,40.3755],[-95.96907,40.37704],[-95.97164,40.37842],[-95.97364,40.37947],[-95.9764,40.38096],[-95.97916,40.38242],[-95.98133,40.3836],[-95.98401,40.38503],[-95.98668,40.38645],[-95.98885,40.3876],[-95.99124,40.38892],[-95.99371,40.38977],[-95.99574,40.39048],[-95.99819,40.39139],[-96.00114,40.39242],[-96.00354,40.39326],[-96.00629,40.39424],[-96.00911,40.39525],[-96.01186,40.39623],[-96.01438,40.39713],[-96.01739,40.3982],[-96.02049,40.39931],[-96.02295,40.4002],[-96.02612,40.40132],[-96.02914,40.4024],[-96.03196,40.40343],[-96.03428,40.40424],[-96.03698,40.40521],[-96.03919,40.406],[-96.04192,40.40698],[-96.04452,40.40791],[-96.04706,40.40882],[-96.05011,40.40967],[-96.05212,40.41022],[-96.05459,40.41091],[-96.05741,40.4117],[-96.06004,40.41242],[-96.06314,40.41329],[-96.06609,40.41409],[-96.06919,40.41496],[-96.07177,40.41568],[-96.0748,40.41652],[-96.07754,40.41728],[-96.08044,40.41809],[-96.08334,40.41888],[-96.08552,40.4195],[-96.0883,40.42026],[-96.09116,40.42104],[-96.09396,40.42181],[-96.09692,40.42262],[-96.09979,40.42342],[-96.10203,40.42404],[-96.1045,40.42472],[-96.10729,40.42549],[-96.11058,40.42639],[-96.11372,40.42725],[-96.11624,40.42796],[-96.1198,40.42892],[-96.12267,40.42971],[-96.12541,40.43046],[-96.12761,40.43107],[-96.1301,40.43176],[-96.13338,40.43265],[-96.13541,40.43321],[-96.13856,40.43408],[-96.14154,40.43489],[-96.14396,40.43601],[-96.14685,40.43735],[-96.14936,40.43851],[-96.15222,40.43986],[-96.15461,40.44098],[-96.15731,40.44225],[-96.16026,40.44364],[-96.16288,40.44485],[-96.16506,40.44588],[-96.16692,40.44675],[-96.16931,40.44786],[-96.17184,40.44906],[-96.17468,40.45038],[-96.17726,40.45159],[-96.17939,40.45259],[-96.18133,40.45349],[-96.18396,40.45473],[-96.18409,40.45479],[-96.18684,40.45607],[-96.18967,40.4574],[-96.19196,40.45846],[-96.19415,40.45949],[-96.19612,40.46051],[-96.19865,40.46159],[-96.20068,40.46255],[-96.20355,40.46389],[-96.20622,40.46514],[-96.2092,40.46654],[-96.21115,40.46744],[-96.21316,40.46838],[-96.21524,40.46935],[-96.21768,40.47049],[-96.21998,40.47157],[-96.22219,40.47261],[-96.2244,40.47364],[-96.22632,40.47454],[-96.22868,40.47563],[-96.23138,40.47688],[-96.23377,40.478],[-96.23596,40.47901],[-96.23894,40.47943],[-96.24114,40.47971],[-96.24443,40.48014],[-96.24759,40.48054],[-96.25056,40.48091],[-96.25297,40.4812],[-96.25582,40.48156],[-96.25905,40.48197],[-96.26149,40.48226],[-96.26396,40.48257],[-96.26709,40.48296],[-96.26988,40.48331],[-96.27225,40.4836],[-96.27541,40.484],[-96.27862,40.4844],[-96.2818,40.4848],[-96.2845,40.48512],[-96.28664,40.4854],[-96.2896,40.48577],[-96.29243,40.48611],[-96.29535,40.48647],[-96.29811,40.48682],[-96.30036,40.48712],[-96.30387,40.48754],[-96.30669,40.48789],[-96.309,40.4882],[-96.3119,40.48853],[-96.31512,40.48894],[-96.31853,40.48936],[-96.32119,40.4897],[-96.32353,40.48998],[-96.32673,40.49037],[-96.32972,40.49074],[-96.33241,40.49104],[-96.33488,40.49127],[-96.33795,40.49155],[-96.34048,40.49177],[-96.34339,40.49203],[-96.34643,40.49229],[-96.3496,40.49257],[-96.35287,40.49285],[-96.35616,40.49314],[-96.35888,40.49338],[-96.36172,40.49364],[-96.36393,40.49384],[-96.36702,40.49412],[-96.37036,40.4944],[-96.37386,40.49471],[-96.37686,40.49498],[-96.37967,40.49523],[-96.38241,40.49548],[-96.38553,40.49575],[-96.38811,40.49597],[-96.39096,40.49622],[-96.39284,40.4964],[-96.39342,40.49645],[-96.39614,40.49668],[-96.39842,40.49688],[-96.40135,40.49714],[-96.40404,40.49739],[-96.40779,40.4977],[-96.41037,40.49793],[-96.4141,40.49826],[-96.41687,40.49851],[-96.41974,40.49876],[-96.42397,40.49913],[-96.42604,40.49931],[-96.42823,40.50048],[-96.43085,40.50192],[-96.43325,40.50325],[-96.43591,40.50471],[-96.43773,40.50572],[-96.43994,40.50694],[-96.44234,40.50827],[-96.44513,40.5098],[-96.44707,40.51088],[-96.44985,40.51242],[-96.45242,40.51385],[-96.45499,40.51526],[-96.45743,40.5166],[-96.45942,40.51771],[-96.46174,40.51898],[-96.46424,40.52038],[-96.46606,40.52139],[-96.46879,40.52289],[-96.47094,40.52406],[-96.4739,40.52569],[-96.47641,40.52707],[-96.4783,40.52811],[-96.48071,40.52946],[-96.48312,40.53076],[-96.48514,40.53202],[-96.48743,40.53344],[-96.48935,40.53463],[-96.49135,40.53586],[-96.49339,40.53713],[-96.49597,40.53874],[-96.49807,40.54002],[-96.50008,40.54126],[-96.50243,40.54272],[-96.50521,40.54359],[-96.50861,40.54464],[-96.5097,40.545],[-96.51039,40.54522],[-96.51258,40.54588],[-96.51593,40.54692],[-96.51862,40.54776],[-96.52149,40.54863],[-96.52455,40.54958],[-96.52706,40.55036],[-96.52948,40.55111],[-96.53166,40.5518],[-96.53455,40.55269],[-96.53765,40.55365],[-96.54041,40.55451],[-96.54269,40.5552],[-96.54572,40.55614],[-96.54836,40.55696],[-96.55081,40.55771],[-96.5538,40.55867],[-96.55629,40.55873],[-96.55905,40.55882],[-96.56134,40.55888],[-96.56457,40.559],[-96.56719,40.55909],[-96.56987,40.55917],[-96.57325,40.55929],[-96.57584,40.55937],[-96.57844,40.55945],[-96.58145,40.55954],[-96.58403,40.55962],[-96.58668,40.5597],[-96.58909,40.55977],[-96.59221,40.55988],[-96.59512,40.55996],[-96.59821,40.56003],[-96.60088,40.56009],[-96.60311,40.56014],[-96.60569,40.56018],[-96.60757,40.56023],[-96.61022,40.56023],[-96.61289,40.5602],[-96.61578,40.56014],[-96.61864,40.5601],[-96.62197,40.56003],[-96.62536,40.55998],[-96.62821,40.55993],[-96.63138,40.55988],[-96.63372,40.55984],[-96.63705,40.55978],[-96.63984,40.55973],[-96.64329,40.55967],[-96.64674,40.56023],[-96.64851,40.56053],[-96.65142,40.56099],[-96.65476,40.56153],[-96.65791,40.56205],[-96.66124,40.56206],[-96.66456,40.5621],[-96.66764,40.56214],[-96.6706,40.56217],[-96.67338,40.56219],[-96.6769,40.56223],[-96.67955,40.56226],[-96.68285,40.56229],[-96.6861,40.56233],[-96.68838,40.56236],[-96.69085,40.56239],[-96.69376,40.56242],[-96.69622,40.56244],[-96.69864,40.56246],[-96.70165,40.5625],[-96.70447,40.56252],[-96.70738,40.56256],[-96.71011,40.5626],[-96.71268,40.5626],[-96.71538,40.56262],[-96.71792,40.56267],[-96.72103,40.56269],[-96.72375,40.56272],[-96.72657,40.56274],[-96.72965,40.56278],[-96.73291,40.56281],[-96.73579,40.56284],[-96.7389,40.56287],[-96.74134,40.5629],[-96.74415,40.56293],[-96.74947,40.563],[-96.75212,40.56302],[-96.75541,40.56304],[-96.7583,40.56308],[-96.761,40.56311],[-96.76344,40.56314],[-96.7659,40.56315],[-96.76807,40.56321],[-96.76847,40.56322],[-96.772,40.56323],[-96.77516,40.56327],[-96.77848,40.56331],[-96.78085,40.56334],[-96.78213,40.56335],[-96.78403,40.56337],[-96.78699,40.5634],[-96.7886,40.56351]]}},{"type":"Feature","properties":{"id":"110035","type":"OVERHEAD","status":null,"owner":"OMAHA PUBLIC POWER DISTRICT","voltage":345,"voltClass":"345"},"geometry":{"type":"LineString","coordinates":[[-95.77484,40.62066],[-95.77608,40.6204]]}},{"type":"Feature","properties":{"id":"117544","type":"OVERHEAD","status":null,"owner":null,"voltage":161,"voltClass":"100-161"},"geometry":{"type":"LineString","coordinates":[[-94.23567,42.00642],[-94.2384,42.00629]]}},{"type":"Feature","properties":{"id":"120936","type":"OVERHEAD","status":null,"owner":"WAPA-- WESTERN AREA POWER ADMINISTRATION","voltage":161,"voltClass":"100-161"},"geometry":{"type":"LineString","coordinates":[[-94.6592,41.46673],[-94.66159,41.46501]]}},{"type":"Feature","properties":{"id":"138606","type":"OVERHEAD","status":null,"owner":"OMAHA PUBLIC POWER DISTRICT","voltage":161,"voltClass":"100-161"},"geometry":{"type":"LineString","coordinates":[[-95.92268,41.25149],[-95.92348,41.2517]]}},{"type":"Feature","properties":{"id":"120989","type":"OVERHEAD","status":null,"owner":null,"voltage":161,"voltClass":"100-161"},"geometry":{"type":"LineString","coordinates":[[-94.66691,41.54563],[-94.66351,41.54661]]}},{"type":"Feature","properties":{"id":"108681","type":"OVERHEAD","status":null,"owner":"MIDAMERICAN ENERGY CO","voltage":345,"voltClass":"345"},"geometry":{"type":"LineString","coordinates":[[-93.52797,41.55644],[-93.52605,41.55623]]}},{"type":"Feature","properties":{"id":"140256","type":"OVERHEAD","status":null,"owner":"MIDAMERICAN ENERGY CO","voltage":161,"voltClass":"100-161"},"geometry":{"type":"LineString","coordinates":[[-93.22861,42.62818],[-93.23246,42.62875]]}},{"type":"Feature","properties":{"id":"127493","type":"OVERHEAD","status":null,"owner":null,"voltage":161,"voltClass":"100-161"},"geometry":{"type":"LineString","coordinates":[[-95.0002,41.40892],[-95.00122,41.40931]]}},{"type":"Feature","properties":{"id":"123647","type":"OVERHEAD","status":null,"owner":null,"voltage":161,"voltClass":"100-161"},"geometry":{"type":"LineString","coordinates":[[-93.27241,42.08382],[-93.27174,42.08578]]}},{"type":"Feature","properties":{"id":"133857","type":"OVERHEAD","status":null,"owner":null,"voltage":138,"voltClass":"100-161"},"geometry":{"type":"LineString","coordinates":[[-91.0085,42.7225],[-91.00717,42.72296]]}},{"type":"Feature","properties":{"id":"113123","type":"OVERHEAD","status":null,"owner":"MIDAMERICAN ENERGY CO","voltage":161,"voltClass":"100-161"},"geometry":{"type":"LineString","coordinates":[[-93.20477,43.24766],[-93.20397,43.24809]]}},{"type":"Feature","properties":{"id":"144796","type":"OVERHEAD","status":"IN SERVICE","owner":"MIDAMERICAN ENERGY CO","voltage":345,"voltClass":"345"},"geometry":{"type":"LineString","coordinates":[[-93.52605,41.55623],[-93.5256,41.55506],[-93.52381,41.55373]]}},{"type":"Feature","properties":{"id":"103268","type":"OVERHEAD","status":null,"owner":"OMAHA PUBLIC POWER DISTRICT","voltage":345,"voltClass":"345"},"geometry":{"type":"LineString","coordinates":[[-95.96649,40.94896],[-95.96421,40.94898]]}},{"type":"Feature","properties":{"id":"142740","type":"AC; OVERHEAD","status":"IN SERVICE","owner":null,"voltage":161,"voltClass":"100-161"},"geometry":{"type":"LineString","coordinates":[[-95.13094,42.11471],[-95.13103,42.11503],[-95.13105,42.11531],[-95.13256,42.11532],[-95.14339,42.11542],[-95.14657,42.11543],[-95.17103,42.1154],[-95.18503,42.1154],[-95.19261,42.11551],[-95.20712,42.11577],[-95.21469,42.1158],[-95.22387,42.11575],[-95.23653,42.11586],[-95.25145,42.11594],[-95.25698,42.11597],[-95.27036,42.11765],[-95.27912,42.11874],[-95.28895,42.11995],[-95.29714,42.121],[-95.3041,42.12185],[-95.31091,42.12272],[-95.31892,42.12371],[-95.32069,42.12391],[-95.3235,42.12427],[-95.32505,42.12459],[-95.32882,42.12535],[-95.33212,42.12603],[-95.3426,42.12868],[-95.35525,42.13185],[-95.36837,42.13522],[-95.3769,42.1374],[-95.38311,42.13899],[-95.39271,42.14141],[-95.40627,42.14483],[-95.41594,42.14728],[-95.42649,42.14995],[-95.43531,42.15204],[-95.44373,42.15397],[-95.45366,42.15623],[-95.45972,42.15762],[-95.46,42.15689]]}},{"type":"Feature","properties":{"id":"125486","type":"OVERHEAD","status":null,"owner":null,"voltage":161,"voltClass":"100-161"},"geometry":{"type":"LineString","coordinates":[[-95.45169,42.15782],[-95.46,42.15689]]}},{"type":"Feature","properties":{"id":"131162","type":"OVERHEAD","status":null,"owner":null,"voltage":345,"voltClass":"345"},"geometry":{"type":"LineString","coordinates":[[-95.6769,43.0503],[-95.68756,43.05679]]}},{"type":"Feature","properties":{"id":"124454","type":"OVERHEAD","status":null,"owner":"MIDAMERICAN ENERGY CO","voltage":161,"voltClass":"100-161"},"geometry":{"type":"LineString","coordinates":[[-93.6195,41.59022],[-93.61969,41.59096]]}},{"type":"Feature","properties":{"id":"148245","type":"OVERHEAD","status":null,"owner":null,"voltage":161,"voltClass":"100-161"},"geometry":{"type":"LineString","coordinates":[[-93.6345,42.56328],[-93.63593,42.56422]]}},{"type":"Feature","properties":{"id":"124958","type":"OVERHEAD","status":null,"owner":null,"voltage":161,"voltClass":"100-161"},"geometry":{"type":"LineString","coordinates":[[-94.91925,41.51391],[-94.91984,41.5149]]}},{"type":"Feature","properties":{"id":"120874","type":"OVERHEAD","status":null,"owner":"CEDAR FALLS UTILITIES","voltage":161,"voltClass":"100-161"},"geometry":{"type":"LineString","coordinates":[[-92.91344,42.38024],[-92.9161,42.38317]]}},{"type":"Feature","properties":{"id":"111941","type":"OVERHEAD","status":null,"owner":null,"voltage":161,"voltClass":"100-161"},"geometry":{"type":"LineString","coordinates":[[-92.41989,42.44086],[-92.41925,42.4409]]}},{"type":"Feature","properties":{"id":"141344","type":"OVERHEAD","status":null,"owner":"WAPA-- WESTERN AREA POWER ADMINISTRATION","voltage":161,"voltClass":"100-161"},"geometry":{"type":"LineString","coordinates":[[-94.61338,41.46706],[-94.60633,41.46528]]}},{"type":"Feature","properties":{"id":"139589","type":"OVERHEAD","status":null,"owner":"MIDAMERICAN ENERGY CO","voltage":345,"voltClass":"345"},"geometry":{"type":"LineString","coordinates":[[-94.12314,42.37696],[-94.11707,42.37264],[-94.1165,42.37139]]}},{"type":"Feature","properties":{"id":"149768","type":"OVERHEAD","status":null,"owner":null,"voltage":161,"voltClass":"100-161"},"geometry":{"type":"LineString","coordinates":[[-95.11275,42.12562],[-95.13084,42.11436],[-95.13094,42.11471]]}},{"type":"Feature","properties":{"id":"126049","type":"OVERHEAD","status":null,"owner":null,"voltage":161,"voltClass":"100-161"},"geometry":{"type":"LineString","coordinates":[[-92.945,41.89115],[-92.94268,41.89005]]}},{"type":"Feature","properties":{"id":"135830","type":"OVERHEAD","status":null,"owner":null,"voltage":345,"voltClass":"345"},"geometry":{"type":"LineString","coordinates":[[-95.83713,41.18011],[-95.83731,41.17872],[-95.83598,41.17622],[-95.83408,41.17614]]}},{"type":"Feature","properties":{"id":"110424","type":"OVERHEAD","status":null,"owner":"MIDAMERICAN ENERGY CO","voltage":345,"voltClass":"345"},"geometry":{"type":"LineString","coordinates":[[-96.37974,42.32477],[-96.37812,42.32508]]}},{"type":"Feature","properties":{"id":"142592","type":"OVERHEAD","status":null,"owner":"MIDAMERICAN ENERGY CO","voltage":161,"voltClass":"100-161"},"geometry":{"type":"LineString","coordinates":[[-90.23435,41.81022],[-90.23464,41.81004],[-90.23456,41.80965],[-90.23337,41.80836],[-90.23383,41.80792]]}},{"type":"Feature","properties":{"id":"103403","type":"OVERHEAD","status":null,"owner":"MIDAMERICAN ENERGY CO","voltage":161,"voltClass":"100-161"},"geometry":{"type":"LineString","coordinates":[[-90.23383,41.80792],[-90.23347,41.80838],[-90.23465,41.80957],[-90.23476,41.81008],[-90.23435,41.81022]]}},{"type":"Feature","properties":{"id":"150070","type":"OVERHEAD","status":null,"owner":"MIDAMERICAN ENERGY CO","voltage":161,"voltClass":"100-161"},"geometry":{"type":"LineString","coordinates":[[-94.75282,42.56486],[-94.75537,42.56596]]}},{"type":"Feature","properties":{"id":"106427","type":"OVERHEAD","status":null,"owner":"MIDAMERICAN ENERGY CO","voltage":161,"voltClass":"100-161"},"geometry":{"type":"LineString","coordinates":[[-92.5553,41.09627],[-92.55474,41.09284]]}},{"type":"Feature","properties":{"id":"118026","type":"OVERHEAD","status":null,"owner":"OMAHA PUBLIC POWER DISTRICT","voltage":345,"voltClass":"345"},"geometry":{"type":"LineString","coordinates":[[-96.08104,41.51873],[-96.07751,41.52052]]}}]}