{"type":"FeatureCollection","features":[{"type":"Feature","properties":{"id":"141856","type":"AC; OVERHEAD","status":"IN SERVICE","owner":null,"voltage":115,"voltClass":"100-161"},"geometry":{"type":"LineString","coordinates":[[-71.19696,42.73257],[-71.19725,42.73251],[-71.19731,42.73246],[-71.19853,42.73135],[-71.19996,42.72966],[-71.20083,42.72867],[-71.20116,42.72881],[-71.20139,42.72859],[-71.20155,42.72833]]}},{"type":"Feature","properties":{"id":"143476","type":"AC; OVERHEAD","status":"IN SERVICE","owner":"PUBLIC SERVICE CO OF NH","voltage":115,"voltClass":"100-161"},"geometry":{"type":"LineString","coordinates":[[-72.27418,43.68398],[-72.27919,43.68645],[-72.28863,43.67855],[-72.29032,43.67541],[-72.29733,43.67114],[-72.29695,43.6697],[-72.29851,43.6667]]}},{"type":"Feature","properties":{"id":"143697","type":"AC; OVERHEAD","status":"IN SERVICE","owner":"PUBLIC SERVICE CO OF NH","voltage":115,"voltClass":"100-161"},"geometry":{"type":"LineString","coordinates":[[-71.38348,42.87856],[-71.38348,42.87889],[-71.38348,42.8791],[-71.38237,42.8797],[-71.38191,42.88002],[-71.3813,42.8805],[-71.38049,42.88108],[-71.37907,42.88205],[-71.37803,42.88285],[-71.37629,42.88414],[-71.37474,42.88521],[-71.37304,42.88645],[-71.37173,42.88738],[-71.37021,42.8885],[-71.3686,42.88975],[-71.36708,42.89083],[-71.36545,42.89204],[-71.36399,42.89308],[-71.36311,42.89366],[-71.36194,42.89449],[-71.36036,42.89561],[-71.35909,42.89653],[-71.35768,42.89758],[-71.35593,42.8988],[-71.35491,42.8995],[-71.35351,42.89976],[-71.35159,42.90009],[-71.34946,42.90048],[-71.34741,42.9008],[-71.34559,42.90112],[-71.34343,42.90153],[-71.34197,42.90208],[-71.34221,42.90261],[-71.34105,42.90282],[-71.34038,42.90277]]}},{"type":"Feature","properties":{"id":"143813","type":"AC; OVERHEAD","status":null,"owner":"PUBLIC SERVICE CO OF NH","voltage":115,"voltClass":"100-161"},"geometry":{"type":"LineString","coordinates":[[-71.28039,44.72229],[-71.28097,44.72216],[-71.28819,44.71533],[-71.29548,44.70841],[-71.29604,44.7079],[-71.29415,44.70657],[-71.29387,44.70508],[-71.29238,44.70394],[-71.29227,44.70383]]}},{"type":"Feature","properties":{"id":"140852","type":"AC; OVERHEAD","status":"IN SERVICE","owner":"PUBLIC SERVICE CO OF NH","voltage":115,"voltClass":"100-161"},"geometry":{"type":"LineString","coordinates":[[-72.44188,43.13262],[-72.44202,43.13224],[-72.44051,43.13257],[-72.43878,43.13298],[-72.43725,43.13331],[-72.4384,43.1354],[-72.43905,43.13641],[-72.43884,43.13718],[-72.43825,43.13928],[-72.43862,43.141],[-72.44042,43.14888],[-72.44207,43.15367],[-72.44411,43.15917],[-72.44168,43.16681],[-72.43509,43.17267],[-72.43171,43.18997],[-72.43071,43.19398],[-72.42997,43.19657],[-72.42892,43.20009],[-72.42714,43.20623],[-72.42402,43.21744],[-72.42316,43.2209],[-72.42227,43.22379],[-72.42186,43.22494],[-72.41666,43.22789],[-72.41596,43.22868],[-72.41411,43.23074],[-72.40372,43.24227],[-72.40253,43.24352],[-72.40051,43.24566],[-72.39895,43.24739],[-72.39666,43.24996],[-72.39472,43.25827],[-72.39358,43.26306],[-72.39234,43.26851],[-72.39159,43.27196],[-72.39048,43.27461],[-72.38796,43.28084],[-72.38543,43.28706],[-72.38365,43.29144],[-72.38237,43.29467],[-72.38153,43.29646],[-72.37751,43.30355],[-72.37577,43.30688],[-72.37381,43.3104],[-72.37258,43.3127],[-72.37328,43.31595],[-72.37436,43.32082],[-72.37459,43.3219],[-72.37485,43.32312],[-72.37532,43.32535],[-72.37578,43.32729],[-72.37815,43.33826],[-72.37923,43.34331],[-72.38042,43.34869],[-72.38117,43.35212],[-72.38202,43.35609],[-72.38068,43.36032],[-72.37855,43.36715],[-72.37843,43.36774],[-72.37892,43.36845],[-72.37944,43.37283],[-72.38038,43.38113],[-72.38066,43.38331],[-72.3834,43.3887],[-72.38445,43.3907],[-72.38557,43.39283],[-72.38395,43.39476],[-72.38309,43.39574]]}},{"type":"Feature","properties":{"id":"140874","type":"AC; OVERHEAD","status":"IN SERVICE","owner":"PUBLIC SERVICE CO OF NH","voltage":115,"voltClass":"100-161"},"geometry":{"type":"LineString","coordinates":[[-71.47007,43.14061],[-71.47016,43.14028],[-71.47084,43.13971],[-71.47159,43.13905],[-71.4731,43.1408],[-71.47562,43.1438],[-71.4765,43.1447],[-71.4787,43.14697],[-71.47937,43.14764],[-71.48237,43.15075],[-71.48434,43.15277],[-71.48808,43.15273],[-71.4918,43.1527],[-71.49681,43.15604],[-71.49997,43.15817],[-71.50412,43.16092],[-71.50849,43.1621],[-71.50804,43.1627],[-71.50755,43.16334],[-71.50696,43.16412],[-71.5057,43.16637],[-71.50352,43.17008],[-71.50226,43.17219],[-71.50126,43.17394],[-71.49918,43.17539],[-71.49535,43.17817],[-71.49243,43.1803],[-71.48857,43.1831],[-71.48823,43.1863],[-71.48802,43.18826],[-71.48777,43.19059],[-71.48732,43.19463],[-71.48715,43.19664],[-71.48686,43.19914],[-71.48662,43.20116],[-71.48627,43.20474],[-71.48613,43.20587],[-71.48583,43.2088],[-71.48574,43.20969],[-71.48971,43.21161],[-71.4922,43.21284],[-71.49191,43.21514],[-71.49144,43.21923],[-71.49106,43.22234],[-71.49116,43.22493],[-71.49429,43.22778],[-71.50718,43.23973],[-71.51245,43.24458],[-71.51554,43.24744],[-71.52008,43.25171],[-71.52311,43.2545],[-71.52775,43.25884],[-71.53115,43.26198],[-71.53599,43.26642],[-71.541,43.27103],[-71.54532,43.27503],[-71.54644,43.27605],[-71.54613,43.27624],[-71.54418,43.27623],[-71.54387,43.2764],[-71.54355,43.27666]]}},{"type":"Feature","properties":{"id":"140908","type":"AC; OVERHEAD","status":"IN SERVICE","owner":"PUBLIC SERVICE CO OF NH","voltage":115,"voltClass":"100-161"},"geometry":{"type":"LineString","coordinates":[[-72.28604,42.92968],[-72.28633,42.92946],[-72.28671,42.92942],[-72.28677,42.92629],[-72.28405,42.92362],[-72.28422,42.92157],[-72.28495,42.91241],[-72.28511,42.90896],[-72.28351,42.90489],[-72.27727,42.88927],[-72.27703,42.88848],[-72.27742,42.8844],[-72.27805,42.87723],[-72.27817,42.8765],[-72.2719,42.87397],[-72.26544,42.87143],[-72.25977,42.86845],[-72.24452,42.86053],[-72.22301,42.84937],[-72.21122,42.84315],[-72.20054,42.84569],[-72.18086,42.85031],[-72.17034,42.83929],[-72.16874,42.8355],[-72.16692,42.83032],[-72.16701,42.83022],[-72.16728,42.83004]]}},{"type":"Feature","properties":{"id":"142255","type":"AC; OVERHEAD","status":"IN SERVICE","owner":"PUBLIC SERVICE CO OF NH","voltage":115,"voltClass":"100-161"},"geometry":{"type":"LineString","coordinates":[[-72.28654,43.63259],[-72.2863,43.63279],[-72.28585,43.63295],[-72.28566,43.63349],[-72.2849,43.63434],[-72.28315,43.63396],[-72.2825,43.6337],[-72.28084,43.63296],[-72.28197,43.63656],[-72.28247,43.6378],[-72.28264,43.63834],[-72.28303,43.63943],[-72.28341,43.64055],[-72.28403,43.64228],[-72.28439,43.64343],[-72.28483,43.64456],[-72.28672,43.64988],[-72.28899,43.65657],[-72.2905,43.66104],[-72.29851,43.6667]]}},{"type":"Feature","properties":{"id":"142256","type":"AC; OVERHEAD","status":"IN SERVICE","owner":"PUBLIC SERVICE CO OF NH","voltage":230,"voltClass":"220-287"},"geometry":{"type":"LineString","coordinates":[[-71.57983,43.06441],[-71.57781,43.05997],[-71.57219,43.04804],[-71.56775,43.03849],[-71.56288,43.02803],[-71.55672,43.01464],[-71.55617,43.01339],[-71.55328,43.0109],[-71.5396,42.99946],[-71.52018,42.98306],[-71.51297,42.97691],[-71.50798,42.97268],[-71.5069,42.97069],[-71.50328,42.9641],[-71.49535,42.94958],[-71.48968,42.93914],[-71.48099,42.92325],[-71.47603,42.91403],[-71.47552,42.91304],[-71.47044,42.90761],[-71.46911,42.90619],[-71.46483,42.90155],[-71.45702,42.89312],[-71.45168,42.88721],[-71.44575,42.88029],[-71.44035,42.87403],[-71.4394,42.87434],[-71.43919,42.87396]]}},{"type":"Feature","properties":{"id":"142263","type":"AC; OVERHEAD","status":null,"owner":"PUBLIC SERVICE CO OF NH","voltage":230,"voltClass":"220-287"},"geometry":{"type":"LineString","coordinates":[[-72.00304,44.32097],[-72.00282,44.3215],[-72.00258,44.3237],[-72.001,44.32478],[-72.00097,44.32505]]}},{"type":"Feature","properties":{"id":"142755","type":"AC; OVERHEAD","status":"IN SERVICE","owner":"PUBLIC SERVICE CO OF NH","voltage":115,"voltClass":"100-161"},"geometry":{"type":"LineString","coordinates":[[-70.78729,43.09487],[-70.78752,43.09451],[-70.78796,43.0943],[-70.78822,43.09457],[-70.7887,43.09505],[-70.78887,43.0955],[-70.78912,43.0961],[-70.78966,43.09625],[-70.79123,43.09668],[-70.79307,43.0972],[-70.79384,43.0976],[-70.79448,43.09795],[-70.79522,43.09753],[-70.79586,43.09764],[-70.79647,43.09775],[-70.79687,43.09775],[-70.79779,43.09731],[-70.7982,43.09711],[-70.79827,43.09708],[-70.79843,43.09704]]}},{"type":"Feature","properties":{"id":"143028","type":"AC; OVERHEAD","status":"IN SERVICE","owner":"PUBLIC SERVICE CO OF NH","voltage":115,"voltClass":"100-161"},"geometry":{"type":"LineString","coordinates":[[-71.44707,42.78098],[-71.44777,42.78017],[-71.44836,42.77927],[-71.44933,42.77739],[-71.44966,42.77664],[-71.45402,42.77469],[-71.45623,42.77371],[-71.45694,42.77335],[-71.45235,42.76731],[-71.45463,42.7659],[-71.45472,42.76508],[-71.45437,42.76497]]}},{"type":"Feature","properties":{"id":"145860","type":"AC; OVERHEAD","status":"IN SERVICE","owner":"PUBLIC SERVICE CO OF NH","voltage":115,"voltClass":"100-161"},"geometry":{"type":"LineString","coordinates":[[-71.42933,42.77674],[-71.42956,42.7765],[-71.4296,42.77582],[-71.42902,42.77579],[-71.429,42.77527],[-71.42898,42.77483],[-71.4289,42.77471]]}},{"type":"Feature","properties":{"id":"146072","type":"AC; OVERHEAD","status":"IN SERVICE","owner":"PUBLIC SERVICE CO OF NH","voltage":115,"voltClass":"100-161"},"geometry":{"type":"LineString","coordinates":[[-72.14651,42.80121],[-72.1477,42.80108],[-72.14836,42.80023]]}},{"type":"Feature","properties":{"id":"146237","type":"AC; OVERHEAD","status":"IN SERVICE","owner":"PUBLIC SERVICE CO OF NH","voltage":115,"voltClass":"100-161"},"geometry":{"type":"LineString","coordinates":[[-70.93137,43.16017],[-70.93182,43.16016],[-70.93276,43.16016],[-70.93397,43.16014],[-70.93499,43.16013],[-70.93703,43.16005],[-70.93869,43.16001],[-70.9406,43.15998],[-70.94266,43.15992],[-70.94393,43.15988],[-70.94566,43.15982],[-70.94664,43.15981],[-70.94766,43.15961],[-70.94955,43.15926],[-70.95129,43.15915],[-70.95271,43.15906],[-70.95424,43.15897],[-70.95599,43.15885],[-70.95683,43.15877],[-70.95891,43.15878],[-70.96086,43.15878],[-70.96251,43.15877],[-70.96328,43.15877],[-70.9644,43.15876],[-70.96592,43.15875],[-70.96731,43.15876],[-70.96897,43.15874],[-70.97069,43.15875],[-70.97213,43.15873],[-70.97394,43.15873],[-70.97595,43.15871],[-70.97777,43.15871],[-70.97984,43.15871],[-70.9817,43.1587],[-70.98327,43.15869],[-70.98573,43.15869],[-70.98818,43.15867],[-70.99027,43.15868],[-70.99184,43.15867],[-70.9935,43.15867],[-70.99495,43.15867],[-70.99663,43.15866],[-70.99873,43.15865],[-71.00021,43.15864],[-71.00184,43.15864],[-71.00408,43.15863],[-71.00613,43.15862],[-71.00723,43.15862],[-71.0079,43.15861],[-71.01176,43.15861],[-71.01347,43.15845],[-71.01489,43.15832],[-71.01633,43.1582],[-71.01788,43.15806],[-71.01967,43.1579],[-71.0215,43.15773],[-71.02334,43.15757],[-71.02463,43.15746],[-71.02549,43.15738],[-71.02743,43.1572],[-71.02943,43.15703],[-71.03126,43.15688],[-71.03303,43.15673],[-71.03483,43.15657],[-71.03642,43.15644],[-71.03799,43.15629],[-71.04053,43.15607],[-71.04251,43.1559],[-71.04421,43.15575],[-71.04613,43.15558],[-71.04738,43.15547],[-71.04943,43.15529],[-71.05138,43.15512],[-71.05361,43.15492],[-71.05526,43.15478],[-71.05729,43.15459],[-71.05863,43.15447],[-71.06057,43.15431],[-71.06275,43.15411],[-71.06469,43.15394],[-71.06591,43.15384],[-71.0676,43.15368],[-71.06999,43.15347],[-71.0712,43.15337],[-71.0736,43.15316],[-71.07532,43.153],[-71.07674,43.15287],[-71.07829,43.15274],[-71.07979,43.1526],[-71.081,43.15249],[-71.0818,43.15243],[-71.08397,43.15223],[-71.08607,43.15204],[-71.088,43.15189],[-71.09001,43.15165],[-71.09177,43.15147],[-71.09368,43.15126],[-71.09542,43.1511],[-71.09698,43.15095],[-71.09939,43.1507],[-71.10133,43.15052],[-71.1032,43.15033],[-71.10568,43.15009],[-71.1087,43.1498],[-71.11205,43.14948],[-71.11461,43.14921],[-71.11705,43.14897],[-71.11934,43.14874],[-71.12143,43.14855],[-71.12354,43.14834],[-71.12596,43.14809],[-71.1282,43.14789],[-71.13066,43.14764],[-71.13251,43.14746],[-71.13502,43.14721],[-71.13734,43.14701],[-71.13941,43.14681],[-71.14149,43.1466],[-71.14357,43.1464],[-71.14561,43.14619],[-71.14769,43.14599],[-71.15007,43.14575],[-71.15171,43.14559],[-71.15387,43.14539],[-71.15575,43.14521],[-71.15739,43.14505],[-71.15879,43.1449],[-71.16113,43.1448],[-71.16308,43.14471],[-71.16487,43.14463],[-71.16672,43.14454],[-71.16869,43.14444],[-71.17071,43.14435],[-71.17231,43.14428],[-71.17378,43.14421],[-71.17592,43.14411],[-71.17786,43.14402],[-71.18017,43.14392],[-71.18257,43.14381],[-71.18465,43.14369],[-71.18496,43.14312],[-71.18416,43.14256],[-71.1848,43.14171]]}},{"type":"Feature","properties":{"id":"146350","type":"AC; OVERHEAD","status":"IN SERVICE","owner":"PUBLIC SERVICE CO OF NH","voltage":115,"voltClass":"100-161"},"geometry":{"type":"LineString","coordinates":[[-71.1848,43.14171],[-71.184,43.14224],[-71.18334,43.14186],[-71.1821,43.14301],[-71.18143,43.14363],[-71.18002,43.14371],[-71.17834,43.1438],[-71.17695,43.14386],[-71.17535,43.14394],[-71.17384,43.14401],[-71.17227,43.14408],[-71.17078,43.14414],[-71.16872,43.14424],[-71.16761,43.14429],[-71.16611,43.14436],[-71.16422,43.14445],[-71.16262,43.14452],[-71.16061,43.14461],[-71.15883,43.14468],[-71.15718,43.14485],[-71.15581,43.14499],[-71.15411,43.14516],[-71.15284,43.14528],[-71.15099,43.14545],[-71.14995,43.14556],[-71.148,43.14575],[-71.1467,43.14587],[-71.14547,43.14602],[-71.14416,43.14614],[-71.14225,43.14631],[-71.14001,43.14654],[-71.13902,43.14664],[-71.13772,43.14676],[-71.13553,43.14697],[-71.13359,43.14718],[-71.132,43.14732],[-71.13043,43.14747],[-71.12897,43.1476],[-71.12727,43.14777],[-71.12559,43.14796],[-71.12424,43.14809],[-71.12289,43.14821],[-71.12146,43.14836],[-71.12035,43.14846],[-71.11888,43.14861],[-71.11745,43.14875],[-71.11529,43.14896],[-71.11439,43.14904],[-71.11318,43.14916],[-71.11138,43.14933],[-71.10976,43.14948],[-71.10812,43.14966],[-71.10706,43.14975],[-71.10574,43.14989],[-71.10471,43.14998],[-71.10306,43.15016],[-71.1,43.15046],[-71.09883,43.15056],[-71.09676,43.15077],[-71.0955,43.1509],[-71.09415,43.15102],[-71.09282,43.15114],[-71.09146,43.15127],[-71.08997,43.15151],[-71.08844,43.15163],[-71.08664,43.15179],[-71.08545,43.15189],[-71.08382,43.15205],[-71.08235,43.15218],[-71.08116,43.15229],[-71.07981,43.1524],[-71.07875,43.1525],[-71.077,43.15265],[-71.07542,43.15279],[-71.07457,43.15286],[-71.07302,43.153],[-71.07111,43.15316],[-71.06917,43.15334],[-71.06738,43.1535],[-71.06588,43.15364],[-71.0646,43.15375],[-71.06292,43.15389],[-71.06072,43.15409],[-71.05959,43.15419],[-71.05817,43.15431],[-71.05611,43.15449],[-71.05339,43.15473],[-71.05166,43.15488],[-71.05017,43.15502],[-71.04804,43.15521],[-71.04698,43.1553],[-71.04552,43.15543],[-71.04396,43.15556],[-71.04248,43.15569],[-71.04134,43.1558],[-71.0401,43.1559],[-71.03765,43.15612],[-71.03643,43.15624],[-71.03486,43.15637],[-71.03291,43.15654],[-71.03113,43.15669],[-71.02966,43.15683],[-71.02806,43.15694],[-71.02618,43.15711],[-71.02419,43.15729],[-71.02274,43.15742],[-71.02152,43.15753],[-71.02023,43.15764],[-71.01869,43.15778],[-71.01732,43.1579],[-71.0162,43.158],[-71.01458,43.15814],[-71.01329,43.15826],[-71.01172,43.1584],[-71.00911,43.15841],[-71.00791,43.15843],[-71.00734,43.15843],[-71.00723,43.15862],[-71.00718,43.15869],[-71.00709,43.15889],[-71.00684,43.15951],[-71.00692,43.16026],[-71.00702,43.16105],[-71.00723,43.16276],[-71.00733,43.16369],[-71.00745,43.16469],[-71.00758,43.16575],[-71.00772,43.1671],[-71.00785,43.1681],[-71.00797,43.16912],[-71.00812,43.17038],[-71.00828,43.17168],[-71.00838,43.17258],[-71.00853,43.17378],[-71.00867,43.17503],[-71.00879,43.17596],[-71.00892,43.17713],[-71.00907,43.1784],[-71.00918,43.17939],[-71.00933,43.18068],[-71.00948,43.18188],[-71.00965,43.18336],[-71.00981,43.18479],[-71.00991,43.18563],[-71.01002,43.18655],[-71.01018,43.18789],[-71.01027,43.18868],[-71.01039,43.1897],[-71.01055,43.191],[-71.01071,43.19243],[-71.01084,43.19356],[-71.01116,43.19439],[-71.01149,43.19525],[-71.01188,43.19634],[-71.01227,43.19732],[-71.01266,43.19835],[-71.01306,43.19942],[-71.01357,43.20079],[-71.01395,43.20175],[-71.01431,43.20269],[-71.01491,43.20436],[-71.01532,43.20539],[-71.01576,43.20658],[-71.01611,43.20749],[-71.01647,43.20844],[-71.01683,43.20937],[-71.01737,43.21076],[-71.01709,43.21137],[-71.01653,43.21253],[-71.01585,43.21388],[-71.01504,43.21551],[-71.01474,43.21599],[-71.0139,43.21732],[-71.01309,43.21855],[-71.01239,43.21967],[-71.01172,43.22071],[-71.01081,43.22214],[-71.01003,43.22335],[-71.00934,43.22445],[-71.00866,43.22552],[-71.00798,43.22658],[-71.00737,43.22754],[-71.00646,43.22893],[-71.0058,43.23002],[-71.00525,43.23087],[-71.00465,43.23179],[-71.00408,43.23271],[-71.00347,43.23364],[-71.00278,43.23475],[-71.00199,43.23598],[-71.00138,43.23696],[-71.00052,43.23829],[-71.00002,43.23906],[-70.99927,43.2402],[-70.99868,43.24122],[-70.99806,43.24207],[-70.99756,43.24294],[-70.99708,43.24367],[-70.99647,43.24464],[-70.99579,43.2457],[-70.99517,43.24669],[-70.99434,43.24797],[-70.99366,43.24904],[-70.99303,43.25002],[-70.99231,43.25115],[-70.99165,43.25219],[-70.99088,43.25338],[-70.99018,43.25449],[-70.98969,43.25523],[-70.98873,43.25671],[-70.98849,43.25712],[-70.98824,43.25806],[-70.98794,43.25906],[-70.98763,43.26009],[-70.98734,43.26107],[-70.98704,43.26206],[-70.98673,43.26307],[-70.98638,43.26422],[-70.98603,43.26542],[-70.98577,43.2663],[-70.98553,43.26715],[-70.98526,43.26807],[-70.98498,43.26902],[-70.98602,43.2709],[-70.98681,43.27233],[-70.98733,43.27328],[-70.9881,43.2747],[-70.98848,43.27535],[-70.98923,43.2767],[-70.9898,43.27775],[-70.99035,43.27871],[-70.99078,43.27952],[-70.99119,43.28023],[-70.99163,43.28103],[-70.99222,43.28209],[-70.99278,43.28312],[-70.99329,43.28401],[-70.99385,43.28502],[-70.99436,43.28596],[-70.99504,43.28717],[-70.99556,43.2881],[-70.99604,43.289],[-70.99677,43.29029],[-70.99731,43.29128],[-70.99766,43.29191],[-70.99788,43.29231],[-70.99809,43.2927],[-70.99853,43.2929],[-71.00013,43.2937],[-71.00141,43.29433],[-71.00084,43.29513],[-71.00008,43.29618],[-70.9994,43.29716],[-70.99869,43.29815],[-70.99804,43.29905],[-70.99735,43.3],[-70.99637,43.30138],[-70.99552,43.30257],[-70.99562,43.30329],[-70.99576,43.304],[-70.99591,43.30474],[-70.996,43.30529],[-70.99616,43.30626],[-70.99931,43.30812],[-70.99877,43.30853],[-70.99844,43.3088]]}},{"type":"Feature","properties":{"id":"146386","type":"AC; OVERHEAD","status":"IN SERVICE","owner":"PUBLIC SERVICE CO OF NH","voltage":345,"voltClass":"345"},"geometry":{"type":"LineString","coordinates":[[-70.86883,42.94984],[-70.87045,42.94854],[-70.86913,42.94751],[-70.86764,42.94547],[-70.8652,42.94227],[-70.85969,42.93827],[-70.85854,42.93744],[-70.85646,42.93665],[-70.85033,42.93437],[-70.84663,42.93301],[-70.84275,42.93115],[-70.84347,42.92942],[-70.8523,42.90993],[-70.85569,42.90235],[-70.85404,42.90117],[-70.85387,42.90077]]}},{"type":"Feature","properties":{"id":"143936","type":"AC; OVERHEAD","status":"IN SERVICE","owner":"PUBLIC SERVICE CO OF NH","voltage":115,"voltClass":"100-161"},"geometry":{"type":"LineString","coordinates":[[-71.4683,43.53642],[-71.4681,43.53655],[-71.4678,43.53684],[-71.46731,43.53677],[-71.46666,43.53667],[-71.46628,43.53661],[-71.46577,43.53654],[-71.46539,43.53666],[-71.46492,43.5368],[-71.46438,43.53695],[-71.46391,43.5371],[-71.46332,43.53728],[-71.46236,43.53757],[-71.4613,43.53791],[-71.46053,43.53815],[-71.45941,43.53793],[-71.45843,43.53775],[-71.45765,43.53764],[-71.45695,43.53761],[-71.45623,43.53759],[-71.45554,43.53784],[-71.45499,43.53804],[-71.45451,43.53734],[-71.45405,43.53666],[-71.45361,43.53621],[-71.45308,43.53567],[-71.45266,43.53515],[-71.45231,43.53475],[-71.4512,43.53407],[-71.45038,43.53352],[-71.44973,43.53309],[-71.44994,43.53244],[-71.4502,43.5316],[-71.45036,43.5311],[-71.45048,43.53077],[-71.4504,43.5307]]}},{"type":"Feature","properties":{"id":"144101","type":"AC; OVERHEAD","status":"IN SERVICE","owner":null,"voltage":345,"voltClass":"345"},"geometry":{"type":"LineString","coordinates":[[-71.37684,42.79156],[-71.37586,42.78259],[-71.37521,42.77721],[-71.3714,42.76172],[-71.36933,42.75329],[-71.37234,42.75008],[-71.39086,42.72993],[-71.39836,42.72183],[-71.40307,42.71999],[-71.41322,42.71634],[-71.41411,42.71574],[-71.42173,42.71104],[-71.42666,42.70404],[-71.42947,42.69994],[-71.43037,42.69869],[-71.43143,42.69719],[-71.43261,42.69553],[-71.43335,42.69437],[-71.43493,42.6935],[-71.43721,42.69215],[-71.43867,42.69128],[-71.44017,42.69042],[-71.44086,42.69001],[-71.44254,42.68901],[-71.44402,42.68814],[-71.44648,42.68661],[-71.44713,42.68618],[-71.44863,42.68496],[-71.45004,42.6838],[-71.45169,42.68243],[-71.45245,42.68178],[-71.45293,42.68103],[-71.45387,42.67952],[-71.4547,42.67829],[-71.45547,42.67732],[-71.45659,42.67694],[-71.45855,42.67635],[-71.46013,42.67585],[-71.46215,42.67526],[-71.46374,42.67479],[-71.46554,42.67318],[-71.46682,42.67205],[-71.46865,42.67039],[-71.47003,42.66962],[-71.47135,42.66893],[-71.47283,42.66811],[-71.47455,42.66715],[-71.47628,42.66619],[-71.47835,42.66507],[-71.47935,42.66453],[-71.48065,42.6638],[-71.48199,42.66306],[-71.48384,42.66204],[-71.4853,42.66184],[-71.48757,42.66153],[-71.48993,42.66115],[-71.4924,42.66082],[-71.49434,42.66053],[-71.49707,42.66014],[-71.49787,42.66002],[-71.49862,42.65919],[-71.4998,42.65789],[-71.50037,42.65728],[-71.50154,42.65598],[-71.50257,42.65483],[-71.50366,42.65365],[-71.50478,42.65241],[-71.50625,42.65078],[-71.50747,42.6494],[-71.51029,42.64891],[-71.51216,42.64857],[-71.51601,42.64785],[-71.5172,42.64763],[-71.51834,42.64742],[-71.52068,42.64697],[-71.52337,42.64648],[-71.52347,42.64647],[-71.52366,42.64643],[-71.52458,42.64626],[-71.52514,42.64548],[-71.52599,42.64427],[-71.52686,42.64302],[-71.52824,42.64112],[-71.52886,42.64029],[-71.52983,42.63894],[-71.53085,42.63753],[-71.53196,42.63598],[-71.5327,42.63502],[-71.53328,42.63419],[-71.53435,42.63278],[-71.53532,42.63151],[-71.53655,42.62985],[-71.53732,42.62883],[-71.53788,42.6281],[-71.5376,42.62694],[-71.53731,42.62564],[-71.53685,42.6236],[-71.53655,42.62239],[-71.53712,42.61992],[-71.53743,42.61866],[-71.53775,42.61747],[-71.53802,42.61631],[-71.53838,42.61476],[-71.53872,42.61342],[-71.53904,42.61209],[-71.53958,42.60991],[-71.5397,42.60939],[-71.53986,42.60824],[-71.54012,42.60638],[-71.54036,42.60475],[-71.54062,42.60286],[-71.5409,42.60093],[-71.54111,42.59945],[-71.54134,42.59788],[-71.54147,42.59676],[-71.54223,42.59567],[-71.54298,42.59455],[-71.54406,42.59299],[-71.54526,42.59122],[-71.54581,42.59041],[-71.5455,42.59013],[-71.54537,42.59001],[-71.54527,42.58992],[-71.5436,42.5884],[-71.54228,42.58718],[-71.54071,42.58573],[-71.53955,42.58466],[-71.53799,42.58323],[-71.53649,42.58187],[-71.53499,42.58048],[-71.53314,42.57879],[-71.53257,42.57825],[-71.53153,42.57729],[-71.53042,42.57628],[-71.52862,42.57462],[-71.52784,42.57389],[-71.52694,42.57306],[-71.52802,42.57176],[-71.52868,42.57091],[-71.52906,42.57044],[-71.52974,42.56964],[-71.52999,42.56934],[-71.53039,42.56844]]}},{"type":"Feature","properties":{"id":"144268","type":"AC; OVERHEAD","status":"IN SERVICE","owner":"PUBLIC SERVICE CO OF NH","voltage":115,"voltClass":"100-161"},"geometry":{"type":"LineString","coordinates":[[-72.38454,42.79306],[-72.38423,42.79394],[-72.38301,42.79613],[-72.37926,42.80284],[-72.37713,42.80668],[-72.37301,42.81074],[-72.36888,42.81636],[-72.36173,42.82601],[-72.36041,42.82631],[-72.35844,42.83006],[-72.35441,42.83788],[-72.34619,42.84005],[-72.33737,42.84374],[-72.32777,42.84777],[-72.32489,42.84903],[-72.32468,42.85194],[-72.32413,42.85915],[-72.3238,42.86394],[-72.32326,42.86729],[-72.32315,42.86954],[-72.32153,42.87132],[-72.3194,42.87291],[-72.31809,42.87363],[-72.318,42.87353],[-72.31767,42.87342]]}},{"type":"Feature","properties":{"id":"144433","type":"AC; OVERHEAD","status":"IN SERVICE","owner":"PUBLIC SERVICE CO OF NH","voltage":115,"voltClass":"100-161"},"geometry":{"type":"LineString","coordinates":[[-71.49428,44.59419],[-71.49401,44.59413],[-71.4913,44.59478],[-71.48526,44.59629],[-71.47457,44.59894],[-71.46661,44.60086],[-71.45779,44.60301],[-71.45189,44.60448],[-71.44648,44.60815],[-71.43806,44.61367],[-71.43259,44.61732],[-71.42553,44.62199],[-71.42302,44.6237],[-71.40617,44.62292],[-71.40078,44.62266],[-71.3897,44.62515],[-71.38147,44.62699],[-71.37181,44.62915],[-71.3607,44.62744],[-71.34872,44.62737],[-71.33615,44.62727],[-71.30825,44.62708],[-71.29771,44.62703],[-71.28253,44.62691],[-71.27227,44.62684],[-71.25378,44.62668]]}},{"type":"Feature","properties":{"id":"146558","type":"AC; OVERHEAD","status":"IN SERVICE","owner":"VERMONT ELECTRIC POWER CO","voltage":115,"voltClass":"100-161"},"geometry":{"type":"LineString","coordinates":[[-72.52252,44.19419],[-72.5216,44.19402],[-72.52136,44.19282],[-72.52128,44.19202],[-72.52083,44.18611],[-72.52035,44.18303],[-72.52015,44.18112],[-72.5207,44.17992],[-72.52255,44.17555],[-72.52366,44.17283],[-72.52399,44.17204],[-72.52531,44.16877],[-72.52628,44.16654],[-72.52614,44.16573],[-72.52485,44.15667],[-72.52435,44.15348],[-72.52428,44.15282],[-72.52382,44.14881],[-72.52354,44.1483],[-72.52341,44.1482],[-72.523,44.14785],[-72.52114,44.14661],[-72.52101,44.14652],[-72.5209,44.14644],[-72.51891,44.14507],[-72.51512,44.14054],[-72.51031,44.13473],[-72.50838,44.13242],[-72.50525,44.12863],[-72.50395,44.12713],[-72.50251,44.12538],[-72.50056,44.123],[-72.49985,44.12213],[-72.49851,44.12054],[-72.49879,44.11888]]}},{"type":"Feature","properties":{"id":"146864","type":"AC; OVERHEAD","status":"IN SERVICE","owner":"PUBLIC SERVICE CO OF NH","voltage":115,"voltClass":"100-161"},"geometry":{"type":"LineString","coordinates":[[-71.4504,43.5307],[-71.45055,43.53065],[-71.45103,43.52925],[-71.45198,43.52611],[-71.45211,43.52548],[-71.45205,43.52516]]}},{"type":"Feature","properties":{"id":"145208","type":"AC; OVERHEAD","status":"IN SERVICE","owner":"PUBLIC SERVICE CO OF NH","voltage":115,"voltClass":"100-161"},"geometry":{"type":"LineString","coordinates":[[-71.42933,42.77674],[-71.42925,42.77712],[-71.42923,42.77745],[-71.42811,42.7781],[-71.42764,42.77903],[-71.42718,42.78002],[-71.42677,42.78084],[-71.42618,42.78212],[-71.42578,42.78313],[-71.42549,42.78371],[-71.42491,42.7849],[-71.42445,42.7859],[-71.42402,42.78684],[-71.42331,42.78838],[-71.42272,42.78956],[-71.42208,42.79076],[-71.42162,42.79177],[-71.42116,42.79273],[-71.42082,42.79348],[-71.42031,42.79452],[-71.41983,42.79552],[-71.41938,42.7965],[-71.41894,42.79751],[-71.41862,42.79822],[-71.41853,42.80038],[-71.41845,42.80447],[-71.41855,42.80598],[-71.41831,42.80659],[-71.41809,42.80728],[-71.41772,42.80832],[-71.41738,42.80938],[-71.41706,42.81038],[-71.41665,42.8116],[-71.41553,42.81483],[-71.41635,42.81838],[-71.41667,42.82011],[-71.41696,42.82145],[-71.41748,42.82403],[-71.41794,42.82611],[-71.41861,42.82932],[-71.41889,42.83058],[-71.41918,42.8319],[-71.41944,42.8332],[-71.41965,42.83413],[-71.42023,42.83692],[-71.42097,42.8404],[-71.42148,42.84266],[-71.4217,42.84372],[-71.42194,42.84485],[-71.42146,42.84567],[-71.42057,42.84723],[-71.41982,42.84855],[-71.41971,42.84871],[-71.41939,42.84927],[-71.41908,42.84982],[-71.41855,42.85074],[-71.41795,42.85177],[-71.41676,42.85392],[-71.4162,42.85488],[-71.41442,42.85786],[-71.4137,42.85906],[-71.41299,42.86032],[-71.41243,42.86128],[-71.41101,42.86376],[-71.41028,42.865],[-71.4095,42.86629],[-71.40815,42.86871],[-71.40747,42.8699],[-71.40694,42.87083],[-71.40616,42.87215],[-71.40533,42.8736],[-71.40482,42.87452],[-71.404,42.87586],[-71.39566,42.87728],[-71.38624,42.87891],[-71.38301,42.87944],[-71.38228,42.87962],[-71.38115,42.88039],[-71.3804,42.88094],[-71.37908,42.88184],[-71.37817,42.88249],[-71.3767,42.88357],[-71.37551,42.88445],[-71.37396,42.88557],[-71.37281,42.88641],[-71.37159,42.8873],[-71.37036,42.88824],[-71.3692,42.88904],[-71.3666,42.89089],[-71.36296,42.89354],[-71.36158,42.89452],[-71.3604,42.89534],[-71.35895,42.89639],[-71.35781,42.89721],[-71.35628,42.89831],[-71.3555,42.89888],[-71.35477,42.89942],[-71.35256,42.89982],[-71.35101,42.90009],[-71.34947,42.90036],[-71.3477,42.90066],[-71.3416,42.90172],[-71.34188,42.9025],[-71.34124,42.90267],[-71.34088,42.90275],[-71.34038,42.90277]]}},{"type":"Feature","properties":{"id":"144575","type":"AC; OVERHEAD","status":"IN SERVICE","owner":null,"voltage":345,"voltClass":"345"},"geometry":{"type":"LineString","coordinates":[[-70.55337,43.66332],[-70.55395,43.66311],[-70.5546,43.66272],[-70.55502,43.66167],[-70.55667,43.66063],[-70.55809,43.65973],[-70.55926,43.65869],[-70.56029,43.65777],[-70.56202,43.65623],[-70.56352,43.6549],[-70.56488,43.65369],[-70.56603,43.65267],[-70.56646,43.65229],[-70.56661,43.65215],[-70.56818,43.65177],[-70.57023,43.65128],[-70.57225,43.65079],[-70.5744,43.65027],[-70.5762,43.64983],[-70.57834,43.64932],[-70.58052,43.64879],[-70.58242,43.64833],[-70.58439,43.64786],[-70.58598,43.64703],[-70.58788,43.64603],[-70.58962,43.64512],[-70.59106,43.64437],[-70.59359,43.64305],[-70.59527,43.64136],[-70.59573,43.6409],[-70.59647,43.64015],[-70.59789,43.63873],[-70.59904,43.63758],[-70.60024,43.63638],[-70.60162,43.63499],[-70.60281,43.6338],[-70.60376,43.63285],[-70.60507,43.63153],[-70.60622,43.63038],[-70.60727,43.62933],[-70.60847,43.62813],[-70.60989,43.62671],[-70.61102,43.62557],[-70.61208,43.62451],[-70.61324,43.62335],[-70.61454,43.62204],[-70.61581,43.62077],[-70.61712,43.61946],[-70.61825,43.61832],[-70.62012,43.61645],[-70.62183,43.61473],[-70.6233,43.61325],[-70.62438,43.61218],[-70.62553,43.61102],[-70.62695,43.6096],[-70.6281,43.60844],[-70.62911,43.60743],[-70.63035,43.60619],[-70.63153,43.605],[-70.63221,43.60433],[-70.63333,43.60384],[-70.63537,43.60295],[-70.63813,43.60174],[-70.64021,43.60084],[-70.64302,43.59961],[-70.6454,43.59858],[-70.64753,43.59765],[-70.64925,43.5969],[-70.65097,43.59615],[-70.65267,43.59541],[-70.6549,43.59444],[-70.65713,43.59346],[-70.6593,43.59252],[-70.66116,43.59171],[-70.66266,43.59105],[-70.6644,43.59029],[-70.66646,43.58939],[-70.66801,43.58872],[-70.66973,43.58797],[-70.67113,43.58736],[-70.67365,43.58626],[-70.67617,43.58516],[-70.6778,43.58445],[-70.67907,43.5839],[-70.6807,43.58319],[-70.68284,43.58226],[-70.68432,43.58161],[-70.6851,43.58127],[-70.68611,43.58078],[-70.68785,43.57994],[-70.68879,43.57949],[-70.69035,43.57874],[-70.69241,43.57775],[-70.69453,43.57672],[-70.69673,43.57566],[-70.69702,43.57552],[-70.69786,43.57512],[-70.7001,43.57404],[-70.70262,43.57283],[-70.70482,43.57177],[-70.70713,43.57065],[-70.71044,43.56906],[-70.71145,43.56857],[-70.71322,43.56772],[-70.71499,43.56686],[-70.71636,43.56621],[-70.71915,43.56486],[-70.72049,43.56422],[-70.72251,43.56324],[-70.72488,43.5621],[-70.72699,43.56108],[-70.72872,43.56025],[-70.73058,43.55936],[-70.734,43.5577],[-70.73603,43.55673],[-70.73736,43.55609],[-70.73923,43.55518],[-70.74105,43.55431],[-70.74401,43.55288],[-70.74604,43.5519],[-70.74808,43.55092],[-70.74979,43.55009],[-70.75105,43.54949],[-70.75304,43.54853],[-70.7562,43.54701],[-70.75838,43.54595],[-70.7606,43.54488],[-70.76274,43.54385],[-70.76504,43.54274],[-70.76707,43.54177],[-70.76975,43.54047],[-70.77104,43.53962],[-70.77358,43.53795],[-70.77512,43.53694],[-70.77679,43.53584],[-70.77918,43.53427],[-70.78083,43.53318],[-70.78352,43.53141],[-70.78583,43.52989],[-70.78738,43.52887],[-70.78929,43.52761],[-70.79038,43.5269],[-70.79177,43.52598],[-70.79286,43.52526],[-70.79548,43.52354],[-70.79721,43.5224],[-70.79885,43.52132],[-70.80025,43.5204],[-70.80301,43.51858],[-70.80405,43.5179],[-70.80522,43.51713],[-70.80714,43.51586],[-70.80855,43.51493],[-70.80991,43.51404],[-70.8109,43.51339],[-70.81252,43.51232],[-70.81389,43.51142],[-70.81533,43.51047],[-70.81774,43.50888],[-70.8191,43.50799],[-70.82102,43.50672],[-70.8216,43.50634],[-70.8226,43.50493],[-70.8234,43.50379],[-70.82426,43.50257],[-70.82564,43.50061],[-70.82669,43.49912],[-70.82768,43.49772],[-70.82831,43.49682],[-70.82902,43.49581],[-70.82996,43.49447],[-70.8307,43.49343],[-70.83155,43.49222],[-70.83222,43.49127],[-70.83349,43.48946],[-70.83504,43.48726],[-70.83603,43.48586],[-70.83735,43.48398],[-70.8384,43.48249],[-70.83936,43.48113],[-70.84029,43.4798],[-70.84111,43.47865],[-70.84202,43.47736],[-70.8429,43.4761],[-70.84373,43.47522],[-70.84435,43.47458],[-70.84618,43.47264],[-70.84799,43.47073],[-70.84894,43.46973],[-70.8501,43.46851],[-70.85101,43.46756],[-70.8525,43.46598],[-70.85407,43.46432],[-70.85511,43.46323],[-70.85619,43.46209],[-70.85767,43.46052],[-70.85897,43.45916],[-70.86021,43.45786],[-70.8621,43.45586],[-70.86332,43.45457],[-70.86469,43.45313],[-70.86595,43.4518],[-70.86727,43.4504],[-70.86866,43.44894],[-70.86987,43.44766],[-70.87124,43.44622],[-70.87295,43.44442],[-70.87407,43.44323],[-70.87545,43.44178],[-70.87664,43.44052],[-70.8779,43.4392],[-70.87923,43.43779],[-70.88075,43.43619],[-70.88242,43.43443],[-70.88394,43.43283],[-70.88517,43.43153],[-70.88665,43.42997],[-70.88804,43.4285],[-70.88955,43.4269],[-70.89118,43.42519],[-70.89247,43.42382],[-70.89364,43.42259],[-70.89451,43.42168],[-70.89589,43.42022],[-70.89705,43.41899],[-70.89841,43.41756],[-70.89962,43.41628],[-70.90094,43.41489],[-70.90219,43.41357],[-70.90355,43.41214],[-70.9047,43.41092],[-70.90611,43.40944],[-70.90721,43.40828],[-70.90862,43.40678],[-70.91016,43.40517],[-70.91152,43.40372],[-70.91296,43.4022],[-70.91438,43.40071],[-70.91548,43.39955],[-70.91666,43.3983],[-70.91791,43.39698],[-70.91915,43.39567],[-70.92075,43.39398],[-70.92225,43.3924],[-70.92386,43.3907],[-70.9248,43.3897],[-70.92629,43.38814],[-70.92737,43.387],[-70.92874,43.38555],[-70.92991,43.38431],[-70.9313,43.38284],[-70.93242,43.38166],[-70.93348,43.38055],[-70.93432,43.37966],[-70.93524,43.37869],[-70.93674,43.37811],[-70.93873,43.37736],[-70.94076,43.37659],[-70.94297,43.37574],[-70.94559,43.37475],[-70.94736,43.37408],[-70.9488,43.37353],[-70.95024,43.37298],[-70.95232,43.37219],[-70.95451,43.37136],[-70.95681,43.37048],[-70.95889,43.36969],[-70.96111,43.36885],[-70.96284,43.36819],[-70.96378,43.36739],[-70.96525,43.36615],[-70.9666,43.36501],[-70.96811,43.36374],[-70.97001,43.36213],[-70.9719,43.36053],[-70.97407,43.3587],[-70.97492,43.35799],[-70.97598,43.35709],[-70.97739,43.3559],[-70.97864,43.35484],[-70.9808,43.35302],[-70.98188,43.3521],[-70.98361,43.35064],[-70.98463,43.34978],[-70.98631,43.34836],[-70.98786,43.34705],[-70.98915,43.34596],[-70.99059,43.34475],[-70.99209,43.34348],[-70.99326,43.34249],[-70.99504,43.34098],[-70.99626,43.33996],[-70.99793,43.33854],[-70.99957,43.33716],[-71.00094,43.336],[-71.0024,43.33477],[-71.00341,43.33391],[-71.00476,43.33277],[-71.00602,43.33171],[-71.00748,43.33047],[-71.00914,43.32907],[-71.01083,43.32764],[-71.01239,43.32632],[-71.01327,43.32558],[-71.01496,43.32415],[-71.01663,43.32273],[-71.0183,43.32132],[-71.01904,43.3207],[-71.02059,43.31939],[-71.0223,43.31795],[-71.02378,43.31669],[-71.0251,43.31558],[-71.0264,43.31448],[-71.02772,43.31336],[-71.02952,43.31184],[-71.0318,43.30991],[-71.03359,43.3084],[-71.03549,43.30679],[-71.03651,43.30593],[-71.03791,43.30475],[-71.03895,43.30387],[-71.04037,43.30266],[-71.0424,43.30149],[-71.04434,43.30038],[-71.04543,43.29975],[-71.04708,43.29847],[-71.04827,43.29754],[-71.05003,43.29618],[-71.0523,43.29441],[-71.05293,43.29392],[-71.05446,43.29273],[-71.05642,43.29121],[-71.05796,43.29001],[-71.05906,43.28916],[-71.06082,43.28779],[-71.06271,43.28632],[-71.06417,43.28518],[-71.06562,43.28406],[-71.06782,43.28235],[-71.06998,43.28067],[-71.07136,43.2796],[-71.07317,43.27819],[-71.0751,43.2767],[-71.07656,43.27556],[-71.07905,43.27308],[-71.08027,43.27186],[-71.08099,43.27114],[-71.08184,43.27029],[-71.08321,43.26893],[-71.08415,43.268],[-71.08581,43.26634],[-71.0877,43.26445],[-71.08862,43.26354],[-71.09016,43.26201],[-71.09118,43.26099],[-71.09199,43.26018],[-71.09284,43.25934],[-71.09405,43.25813],[-71.09544,43.25674],[-71.09687,43.25532],[-71.09825,43.25394],[-71.09975,43.25244],[-71.10144,43.25076],[-71.10205,43.25015],[-71.10335,43.24886],[-71.10444,43.24777],[-71.10586,43.24636],[-71.10724,43.24498],[-71.10831,43.24391],[-71.1099,43.24233],[-71.11168,43.24055],[-71.11285,43.23939],[-71.11412,43.23813],[-71.11526,43.23699],[-71.11636,43.23589],[-71.11744,43.23481],[-71.11869,43.23356],[-71.1196,43.23266],[-71.12093,43.23133],[-71.12237,43.22989],[-71.1239,43.22837],[-71.12462,43.22765],[-71.12701,43.22527],[-71.1286,43.22369],[-71.1296,43.22269],[-71.13113,43.22116],[-71.13246,43.21983],[-71.13366,43.21863],[-71.13501,43.21728],[-71.13643,43.21587],[-71.13787,43.21443],[-71.13887,43.21344],[-71.13898,43.21183],[-71.1391,43.21018],[-71.1392,43.20886],[-71.1393,43.20739],[-71.13942,43.20576],[-71.13954,43.20411],[-71.13964,43.20265],[-71.1397,43.2018],[-71.1398,43.2005],[-71.13991,43.19886],[-71.14,43.19769],[-71.14012,43.19602],[-71.1402,43.19491],[-71.14031,43.19338],[-71.14039,43.19214],[-71.1405,43.1907],[-71.14055,43.18992],[-71.14172,43.18866],[-71.14237,43.18797],[-71.14362,43.18663],[-71.14485,43.1853],[-71.14592,43.18391],[-71.14708,43.18241],[-71.14807,43.18114],[-71.14912,43.17978],[-71.15022,43.17836],[-71.15128,43.17699],[-71.15243,43.17551],[-71.1529,43.17491],[-71.15463,43.17324],[-71.15628,43.17162],[-71.15809,43.16989],[-71.16015,43.16796],[-71.16151,43.16662],[-71.16286,43.16534],[-71.16442,43.16379],[-71.16637,43.16192],[-71.16806,43.16031],[-71.16979,43.15862],[-71.17082,43.15764],[-71.17194,43.15658],[-71.17338,43.15521],[-71.17472,43.15392],[-71.1761,43.1526],[-71.17773,43.15102],[-71.17931,43.14951],[-71.18047,43.1484],[-71.18212,43.14685],[-71.1836,43.14541],[-71.18429,43.14476],[-71.18566,43.14345],[-71.18597,43.14314],[-71.18666,43.14248],[-71.18544,43.14176],[-71.1848,43.14171]]}},{"type":"Feature","properties":{"id":"144856","type":"AC; OVERHEAD","status":"IN SERVICE","owner":"VERMONT ELECTRIC POWER CO","voltage":115,"voltClass":"100-161"},"geometry":{"type":"LineString","coordinates":[[-71.98388,44.41793],[-71.98401,44.41816],[-71.98465,44.41872],[-71.98579,44.41968],[-71.98555,44.42096],[-71.98522,44.42219],[-71.98471,44.42448],[-71.98327,44.4313],[-71.98338,44.43325],[-71.98397,44.44286],[-71.98969,44.44936],[-71.98851,44.45594],[-71.98716,44.4637],[-71.98633,44.46931],[-71.98621,44.4699],[-71.98594,44.4704],[-71.98489,44.47481],[-71.98454,44.47569],[-71.98313,44.47914],[-71.98226,44.48118],[-71.98265,44.48343],[-71.98463,44.49535],[-71.98501,44.49774],[-71.98269,44.49952],[-71.97742,44.50356],[-71.97869,44.50516],[-71.98172,44.50706],[-71.98517,44.5114],[-71.98589,44.51229],[-71.98716,44.51391],[-71.9879,44.51481],[-71.98808,44.5158],[-71.98838,44.5172],[-71.98872,44.51838],[-71.98894,44.52022],[-71.9899,44.52465],[-71.9907,44.52829],[-71.9914,44.53149],[-71.99167,44.53268],[-71.99203,44.53414],[-71.9935,44.53421],[-71.99358,44.53465]]}},{"type":"Feature","properties":{"id":"145066","type":"AC; OVERHEAD","status":"IN SERVICE","owner":"FITCHBURG GAS AND ELECTRIC LIGHT COMPANY","voltage":345,"voltClass":"345"},"geometry":{"type":"LineString","coordinates":[[-71.24232,42.62278],[-71.24209,42.62352],[-71.24484,42.62699],[-71.2437,42.62994],[-71.24232,42.63358],[-71.24113,42.63649],[-71.24033,42.63782],[-71.23961,42.63962],[-71.23932,42.64051],[-71.23877,42.6419],[-71.2382,42.64332],[-71.23844,42.64485],[-71.23877,42.64698],[-71.23903,42.64878],[-71.23931,42.65046],[-71.23956,42.652],[-71.23997,42.65458],[-71.24024,42.65678],[-71.24061,42.65875],[-71.24075,42.65978],[-71.24095,42.66122],[-71.2435,42.66361],[-71.24587,42.66573],[-71.24903,42.66866],[-71.25094,42.67043],[-71.25202,42.67159],[-71.25305,42.67266],[-71.25428,42.67403],[-71.25565,42.67548],[-71.25696,42.67686],[-71.25805,42.67803],[-71.25927,42.67935],[-71.26181,42.68215],[-71.26317,42.68359],[-71.26476,42.68524],[-71.26467,42.68581],[-71.26345,42.68689],[-71.26184,42.68817],[-71.26041,42.68956],[-71.25896,42.69086],[-71.25756,42.69209],[-71.25596,42.69348],[-71.254,42.69516],[-71.2524,42.69659],[-71.25137,42.69751],[-71.24987,42.69881],[-71.24834,42.70017],[-71.24759,42.70059],[-71.24718,42.70232],[-71.24681,42.70376],[-71.24644,42.70532],[-71.24619,42.70636],[-71.24599,42.70719],[-71.24576,42.70823],[-71.24534,42.70977],[-71.24446,42.71127],[-71.24354,42.71204],[-71.24213,42.71318],[-71.24042,42.71457],[-71.23921,42.71561],[-71.23738,42.7171],[-71.23518,42.71771],[-71.23292,42.71833],[-71.23082,42.71893],[-71.22878,42.7195],[-71.22707,42.71998],[-71.22475,42.7206],[-71.22298,42.7211],[-71.22068,42.72171],[-71.21845,42.72233],[-71.21618,42.72296],[-71.2138,42.72362],[-71.21234,42.72408],[-71.20967,42.72541],[-71.20837,42.72499],[-71.20618,42.72421],[-71.20397,42.72344],[-71.20221,42.72486],[-71.20073,42.72604],[-71.20119,42.72798],[-71.19985,42.72956],[-71.19832,42.73131],[-71.19709,42.73234],[-71.19702,42.7324],[-71.19555,42.73264],[-71.19474,42.73277],[-71.19273,42.73308],[-71.19069,42.73341],[-71.18874,42.73422],[-71.18772,42.7347],[-71.18615,42.73501],[-71.18465,42.73574],[-71.18335,42.73638],[-71.18147,42.73731],[-71.1788,42.73862],[-71.17786,42.73909],[-71.17573,42.73995],[-71.1736,42.7408],[-71.17237,42.74147],[-71.17019,42.74266],[-71.16914,42.74305],[-71.16776,42.74355],[-71.16644,42.74426],[-71.16434,42.74487],[-71.16156,42.74564],[-71.15885,42.74641],[-71.15701,42.74693],[-71.15519,42.74745],[-71.15326,42.74799],[-71.15088,42.74867],[-71.14919,42.74904],[-71.14759,42.74938],[-71.1459,42.74974],[-71.14393,42.75015],[-71.14221,42.75051],[-71.1405,42.75087],[-71.13868,42.75126],[-71.13661,42.75171],[-71.13462,42.75213],[-71.13264,42.75254],[-71.13083,42.75293],[-71.12791,42.75254],[-71.12505,42.75314],[-71.12348,42.75348],[-71.1222,42.75246],[-71.12097,42.75147],[-71.11937,42.75016],[-71.1186,42.74903],[-71.11779,42.74785],[-71.11648,42.74633],[-71.11524,42.7449],[-71.11515,42.74464]]}},{"type":"Feature","properties":{"id":"145079","type":"AC; OVERHEAD","status":"IN SERVICE","owner":"CENTRAL MAINE POWER CO","voltage":345,"voltClass":"345"},"geometry":{"type":"LineString","coordinates":[[-70.81773,43.16764],[-70.81804,43.16784],[-70.81868,43.16765],[-70.81965,43.16785],[-70.8203,43.16844],[-70.81939,43.16892],[-70.81831,43.16974],[-70.81722,43.17057],[-70.8161,43.17141],[-70.81519,43.17209],[-70.81425,43.17247],[-70.81328,43.1732],[-70.81219,43.17401],[-70.81108,43.17484],[-70.8101,43.17558],[-70.80931,43.17617],[-70.80838,43.17686],[-70.80729,43.17768],[-70.80621,43.17848],[-70.80511,43.17931],[-70.80399,43.18014],[-70.80288,43.18097],[-70.80241,43.18203],[-70.80191,43.18312],[-70.80141,43.18425],[-70.80092,43.18533],[-70.80041,43.18647],[-70.79992,43.18757],[-70.79942,43.18868],[-70.79897,43.18968],[-70.79842,43.1909],[-70.79797,43.19189],[-70.78826,43.2085],[-70.78792,43.2094],[-70.78746,43.21089],[-70.78676,43.2124],[-70.78606,43.21367],[-70.78478,43.21518],[-70.78424,43.21608],[-70.78363,43.21707],[-70.7831,43.21794],[-70.78257,43.21883],[-70.78184,43.22003],[-70.78136,43.22082],[-70.78074,43.22184],[-70.78005,43.22296],[-70.77945,43.22396],[-70.77876,43.22509],[-70.77821,43.226],[-70.77761,43.22698],[-70.77692,43.22812],[-70.77648,43.22918],[-70.77602,43.23029],[-70.7757,43.23131],[-70.77538,43.23247],[-70.77511,43.23355],[-70.77476,43.23468],[-70.77445,43.23584],[-70.77417,43.2368],[-70.77385,43.23798],[-70.77354,43.23906],[-70.77322,43.24013],[-70.77296,43.24117],[-70.772,43.24218],[-70.77109,43.24313],[-70.77015,43.24411],[-70.76929,43.24502],[-70.76831,43.24605],[-70.76757,43.24683],[-70.7667,43.24773],[-70.76575,43.24874],[-70.76404,43.25053],[-70.76307,43.25155],[-70.76242,43.25223],[-70.76141,43.25329],[-70.76066,43.25408],[-70.75984,43.25494],[-70.75936,43.25544],[-70.7592,43.25631],[-70.75884,43.25821],[-70.75868,43.25907],[-70.75825,43.2598],[-70.75773,43.26069],[-70.75723,43.26154],[-70.75665,43.26254],[-70.75598,43.26369],[-70.75538,43.26472],[-70.75478,43.26574],[-70.75413,43.26685],[-70.75354,43.26787],[-70.75295,43.26887],[-70.75228,43.27001],[-70.75172,43.27097],[-70.75103,43.27216],[-70.75072,43.27268],[-70.75018,43.27362],[-70.74953,43.27472],[-70.74893,43.27575],[-70.74827,43.27687],[-70.74768,43.2779],[-70.74703,43.27901],[-70.74621,43.27967],[-70.74544,43.28028],[-70.74442,43.2811],[-70.74321,43.28207],[-70.74237,43.28274],[-70.74184,43.28316],[-70.73933,43.28427],[-70.73806,43.28483],[-70.73706,43.28528],[-70.73358,43.28682],[-70.71364,43.30097],[-70.7071,43.31458],[-70.70429,43.3202],[-70.67478,43.33154],[-70.66031,43.3371],[-70.64586,43.35937],[-70.62998,43.38407],[-70.62432,43.3899],[-70.62159,43.39265],[-70.62084,43.39339],[-70.61922,43.39496],[-70.61713,43.39547],[-70.61684,43.39612],[-70.61784,43.39694]]}},{"type":"Feature","properties":{"id":"145564","type":"AC; OVERHEAD","status":"IN SERVICE","owner":"CENTRAL MAINE POWER CO","voltage":115,"voltClass":"100-161"},"geometry":{"type":"LineString","coordinates":[[-70.82087,43.16825],[-70.81966,43.16894],[-70.81534,43.17229],[-70.81423,43.17265],[-70.80306,43.18106],[-70.79824,43.19172],[-70.78846,43.20847],[-70.78764,43.21081],[-70.78652,43.21361],[-70.78503,43.21515],[-70.77713,43.22817],[-70.77618,43.2304],[-70.77317,43.24125],[-70.75958,43.25543],[-70.75891,43.25905],[-70.75794,43.26071],[-70.74688,43.27948],[-70.74249,43.28684],[-70.74171,43.28838],[-70.7262,43.29241],[-70.72251,43.29502],[-70.7182,43.29804],[-70.71386,43.30108],[-70.71067,43.30781],[-70.70865,43.31181],[-70.70662,43.31609],[-70.70461,43.32026],[-70.69964,43.32216],[-70.67601,43.33127],[-70.66063,43.33719],[-70.65262,43.34956],[-70.64675,43.35859],[-70.63842,43.37167],[-70.63322,43.37971],[-70.63059,43.38385],[-70.62815,43.38628],[-70.61971,43.39475],[-70.61903,43.39539],[-70.61851,43.39591],[-70.61819,43.39642],[-70.61784,43.39694]]}},{"type":"Feature","properties":{"id":"149427","type":"AC; OVERHEAD","status":"IN SERVICE","owner":"PUBLIC SERVICE CO OF NH","voltage":230,"voltClass":"220-287"},"geometry":{"type":"LineString","coordinates":[[-71.43919,42.87396],[-71.43908,42.87335],[-71.44018,42.87291]]}},{"type":"Feature","properties":{"id":"149472","type":"AC; OVERHEAD","status":"IN SERVICE","owner":"PUBLIC SERVICE CO OF NH","voltage":230,"voltClass":"220-287"},"geometry":{"type":"LineString","coordinates":[[-71.44038,42.87313],[-71.44018,42.87291]]}},{"type":"Feature","properties":{"id":"149744","type":"AC; OVERHEAD","status":"IN SERVICE","owner":"PUBLIC SERVICE CO OF NH","voltage":115,"voltClass":"100-161"},"geometry":{"type":"LineString","coordinates":[[-71.47582,42.86054],[-71.4753,42.86014],[-71.4742,42.8593],[-71.47317,42.85852],[-71.47208,42.85769],[-71.47196,42.85695],[-71.47177,42.85577],[-71.47159,42.85465],[-71.47138,42.85333],[-71.47118,42.85206],[-71.47105,42.85127],[-71.4708,42.8497],[-71.47066,42.84882],[-71.47052,42.84793],[-71.47036,42.84694],[-71.4702,42.84594],[-71.47003,42.84489],[-71.46986,42.84384],[-71.46967,42.84267],[-71.4695,42.84157],[-71.46933,42.84055],[-71.46917,42.83954],[-71.46901,42.83856],[-71.46889,42.83781],[-71.46869,42.83657],[-71.46858,42.83585],[-71.46838,42.83458],[-71.4682,42.83346],[-71.46802,42.83235],[-71.46796,42.83196]]}},{"type":"Feature","properties":{"id":"148487","type":"AC; OVERHEAD","status":null,"owner":"PUBLIC SERVICE CO OF NH","voltage":115,"voltClass":"100-161"},"geometry":{"type":"LineString","coordinates":[[-71.47007,43.14061],[-71.4687,43.14159]]}},{"type":"Feature","properties":{"id":"147226","type":"AC; OVERHEAD","status":"IN SERVICE","owner":"CENTRAL MAINE POWER CO","voltage":115,"voltClass":"100-161"},"geometry":{"type":"LineString","coordinates":[[-70.62934,44.38943],[-70.62967,44.38968],[-70.63007,44.38958],[-70.63017,44.38928],[-70.63069,44.38906],[-70.63253,44.38826],[-70.6323,44.38798],[-70.63132,44.38673],[-70.63066,44.3859],[-70.63005,44.38462],[-70.62917,44.38275],[-70.62849,44.38131],[-70.62769,44.37963],[-70.62714,44.37847],[-70.6267,44.37755],[-70.62613,44.37635],[-70.62611,44.37427],[-70.62609,44.37271],[-70.62607,44.37109],[-70.62605,44.3688],[-70.62603,44.36746],[-70.62602,44.36622],[-70.626,44.36465],[-70.62598,44.36329],[-70.62597,44.36194],[-70.62594,44.35995],[-70.62593,44.35837],[-70.62591,44.35722],[-70.62561,44.35691],[-70.62559,44.35572],[-70.62557,44.35396],[-70.62555,44.35321],[-70.62586,44.35205],[-70.62585,44.35125],[-70.62584,44.35059],[-70.62582,44.34942],[-70.62579,44.34761],[-70.62577,44.34594],[-70.62574,44.34442],[-70.62571,44.34251],[-70.62568,44.34066],[-70.62564,44.33597],[-70.62794,44.33507],[-70.62973,44.33437],[-70.63188,44.33352],[-70.6338,44.33277],[-70.6359,44.33195],[-70.6384,44.33096],[-70.64004,44.33032],[-70.64247,44.32937],[-70.64431,44.32864],[-70.64582,44.32805],[-70.64716,44.32753],[-70.64898,44.32681],[-70.65145,44.32585],[-70.65294,44.32526],[-70.65482,44.32452],[-70.65714,44.32361],[-70.6595,44.32269],[-70.66086,44.32215],[-70.66338,44.32117],[-70.6646,44.32069],[-70.66542,44.31975],[-70.66619,44.31887],[-70.66671,44.31828],[-70.66843,44.31632],[-70.66972,44.31485],[-70.67107,44.31331],[-70.67222,44.31199],[-70.67302,44.31109],[-70.6745,44.30939],[-70.67525,44.30854],[-70.67628,44.30737],[-70.67627,44.3065],[-70.67626,44.30523],[-70.67624,44.30356],[-70.67623,44.30226],[-70.67621,44.3009],[-70.6762,44.29967],[-70.67619,44.29878],[-70.67618,44.29785],[-70.67617,44.29613],[-70.67616,44.29484],[-70.67614,44.29327],[-70.67613,44.29185],[-70.67611,44.2905],[-70.6761,44.28909],[-70.67609,44.28778],[-70.67608,44.28662],[-70.67605,44.284],[-70.67604,44.28263],[-70.67602,44.28079],[-70.67601,44.27947],[-70.67599,44.27779],[-70.67599,44.27698],[-70.67597,44.27508],[-70.67713,44.27467],[-70.67869,44.27413],[-70.68053,44.27349],[-70.6818,44.27304],[-70.6836,44.27242],[-70.68573,44.27168],[-70.68843,44.27074],[-70.69145,44.26969],[-70.69421,44.26873],[-70.69676,44.26784],[-70.69902,44.26705],[-70.7005,44.26654],[-70.70196,44.26603],[-70.70391,44.26535],[-70.706,44.26462],[-70.70771,44.26403],[-70.70896,44.2623],[-70.70984,44.26109],[-70.71078,44.25977],[-70.71163,44.2586],[-70.71234,44.25762],[-70.71306,44.25662],[-70.71394,44.2554],[-70.71473,44.25431],[-70.71545,44.25331],[-70.71641,44.25198],[-70.71744,44.25056],[-70.71868,44.24883],[-70.71919,44.24812],[-70.71817,44.24733],[-70.71678,44.24628],[-70.71578,44.24553],[-70.71427,44.24437],[-70.71317,44.24352],[-70.71193,44.24255],[-70.71044,44.24141],[-70.70824,44.23968],[-70.70709,44.2391],[-70.70602,44.23818],[-70.7046,44.23707],[-70.70282,44.2357],[-70.70172,44.23487],[-70.70033,44.23401],[-70.69807,44.23229],[-70.69719,44.23135],[-70.69607,44.23047],[-70.6947,44.22941],[-70.69335,44.22836],[-70.6921,44.22739],[-70.691,44.22655],[-70.69004,44.22579],[-70.68882,44.22486],[-70.68634,44.22293],[-70.68491,44.22189],[-70.68432,44.22117],[-70.6781,44.21456],[-70.66547,44.20602],[-70.65984,44.19344],[-70.65576,44.19105],[-70.64942,44.1873],[-70.64013,44.18192],[-70.63826,44.17359],[-70.63515,44.15973],[-70.63352,44.15246],[-70.63385,44.1521],[-70.63372,44.1518]]}},{"type":"Feature","properties":{"id":"147306","type":"AC; OVERHEAD","status":"IN SERVICE","owner":null,"voltage":115,"voltClass":"100-161"},"geometry":{"type":"LineString","coordinates":[[-70.86348,43.19821],[-70.86343,43.19777],[-70.86341,43.19748],[-70.86067,43.19586],[-70.85928,43.19489],[-70.85778,43.19372],[-70.84441,43.18297],[-70.83925,43.17887],[-70.83077,43.17476],[-70.82614,43.17212],[-70.82441,43.171],[-70.82141,43.16908],[-70.82091,43.16849],[-70.82087,43.16825]]}},{"type":"Feature","properties":{"id":"147376","type":"AC; OVERHEAD","status":"IN SERVICE","owner":"PUBLIC SERVICE CO OF NH","voltage":230,"voltClass":"220-287"},"geometry":{"type":"LineString","coordinates":[[-71.24666,42.62386],[-71.24499,42.62553],[-71.24456,42.62666],[-71.2444,42.62707],[-71.24383,42.6286],[-71.24335,42.62981],[-71.24263,42.63167],[-71.24181,42.63382],[-71.24122,42.63528],[-71.24066,42.63673],[-71.23996,42.63805],[-71.23841,42.64215],[-71.23793,42.6432],[-71.23818,42.64466],[-71.23845,42.64669],[-71.23905,42.65055],[-71.2393,42.65217],[-71.23946,42.65312],[-71.23974,42.65483],[-71.24002,42.65679],[-71.24032,42.65872],[-71.24052,42.65995],[-71.24072,42.66128],[-71.24338,42.66372],[-71.24572,42.66584],[-71.24705,42.66712],[-71.24881,42.66872],[-71.25076,42.67051],[-71.25175,42.67158],[-71.25274,42.67269],[-71.25413,42.67413],[-71.25542,42.67551],[-71.25669,42.67694],[-71.25781,42.6781],[-71.25894,42.67934],[-71.26038,42.68086],[-71.26155,42.68216],[-71.26289,42.68359],[-71.26444,42.68526],[-71.26494,42.68561],[-71.2662,42.68689],[-71.26947,42.69042],[-71.27169,42.69277],[-71.27519,42.69655],[-71.2812,42.70303],[-71.2847,42.70682],[-71.28611,42.70831],[-71.29398,42.71684],[-71.29713,42.72017],[-71.3005,42.72419],[-71.3034,42.72788],[-71.30679,42.7321],[-71.30919,42.73513],[-71.31837,42.74673],[-71.3195,42.74814],[-71.32793,42.75877],[-71.33051,42.76207],[-71.33273,42.76425],[-71.35572,42.78736],[-71.35767,42.78947],[-71.36165,42.79344],[-71.36406,42.79593],[-71.37088,42.80204],[-71.37535,42.8061],[-71.37891,42.80938],[-71.40126,42.82871],[-71.40327,42.83101],[-71.41191,42.84103],[-71.41553,42.84524],[-71.41914,42.84943],[-71.4222,42.85295],[-71.42591,42.85724],[-71.42965,42.8615],[-71.43689,42.87008],[-71.43883,42.8723],[-71.43867,42.87335],[-71.43883,42.87359],[-71.43919,42.87396]]}},{"type":"Feature","properties":{"id":"149995","type":"AC; OVERHEAD","status":"IN SERVICE","owner":"PUBLIC SERVICE CO OF NH","voltage":115,"voltClass":"100-161"},"geometry":{"type":"LineString","coordinates":[[-71.48772,42.87146],[-71.48782,42.87161],[-71.48695,42.87181],[-71.48733,42.87228],[-71.48785,42.87293],[-71.48841,42.87364],[-71.489,42.87437],[-71.48971,42.87515],[-71.49042,42.87602],[-71.49125,42.87705],[-71.49194,42.87788],[-71.49246,42.87854],[-71.49288,42.87906],[-71.49362,42.87997],[-71.49433,42.88084],[-71.49517,42.88188],[-71.49597,42.88286],[-71.49673,42.88377],[-71.49758,42.88481],[-71.49843,42.8859],[-71.49926,42.8869],[-71.50017,42.88802],[-71.50094,42.88899],[-71.50158,42.88977],[-71.50234,42.89077],[-71.50307,42.89167],[-71.50455,42.8935],[-71.50537,42.89441],[-71.50609,42.89536],[-71.50686,42.89637],[-71.50764,42.89727],[-71.50838,42.8982],[-71.50911,42.8991],[-71.50942,42.89981],[-71.51031,42.90163],[-71.51088,42.9028],[-71.5114,42.90386],[-71.51205,42.9045],[-71.51286,42.90527],[-71.51365,42.90605],[-71.5152,42.90754],[-71.51655,42.90866],[-71.51719,42.90927],[-71.51778,42.90983],[-71.51821,42.91098],[-71.51852,42.91172],[-71.51886,42.91259],[-71.51921,42.91351],[-71.5198,42.91503],[-71.52013,42.91585],[-71.52084,42.91764],[-71.52139,42.91907],[-71.52184,42.92018],[-71.52239,42.92162],[-71.52284,42.92271],[-71.52338,42.92408],[-71.52362,42.92469],[-71.524,42.92563],[-71.52462,42.92723],[-71.52486,42.92784],[-71.52537,42.92915],[-71.52581,42.93028],[-71.52621,42.93126],[-71.52665,42.93233],[-71.52724,42.93383],[-71.52755,42.93465],[-71.5278,42.93529],[-71.52829,42.93652],[-71.5287,42.93744],[-71.5292,42.93878],[-71.52948,42.93965],[-71.52978,42.94041],[-71.53031,42.94156],[-71.53103,42.94346],[-71.53153,42.94481],[-71.53229,42.94677],[-71.53274,42.94793],[-71.53308,42.94882],[-71.53342,42.94963],[-71.53394,42.95088],[-71.53443,42.95223],[-71.53487,42.95329],[-71.5352,42.95416],[-71.53559,42.95509],[-71.53596,42.956],[-71.53633,42.95699],[-71.53681,42.95817],[-71.53715,42.95894],[-71.5377,42.96036],[-71.53806,42.96121],[-71.53881,42.96317],[-71.53963,42.96521],[-71.54048,42.96732],[-71.54093,42.96842],[-71.54145,42.96973],[-71.54167,42.97033],[-71.5422,42.97162],[-71.54263,42.9727],[-71.54293,42.97343],[-71.54331,42.97436],[-71.54387,42.97581],[-71.54419,42.97657],[-71.5447,42.97783],[-71.54496,42.97851],[-71.54544,42.97969],[-71.54603,42.98116],[-71.54645,42.9822],[-71.54702,42.98361],[-71.54743,42.9846],[-71.54766,42.98519],[-71.54808,42.98629],[-71.54854,42.98734],[-71.54884,42.98809],[-71.5492,42.98897],[-71.54995,42.99085],[-71.55031,42.99177],[-71.55059,42.99241],[-71.55145,42.99457],[-71.55199,42.9959],[-71.55242,42.99699],[-71.55289,42.99817],[-71.55314,42.99883],[-71.55366,42.99965],[-71.55431,43.0007],[-71.55531,43.00241],[-71.55586,43.00336],[-71.55649,43.00439],[-71.55834,43.00743],[-71.55901,43.00851],[-71.55999,43.00908],[-71.56062,43.00947],[-71.56172,43.01012],[-71.56264,43.01064],[-71.5641,43.01151],[-71.56514,43.01212],[-71.5661,43.01269],[-71.5668,43.01309],[-71.56883,43.0143],[-71.57006,43.01501],[-71.57091,43.01552],[-71.56921,43.01577],[-71.56901,43.01596]]}},{"type":"Feature","properties":{"id":"150680","type":"AC; OVERHEAD","status":"IN SERVICE","owner":"PUBLIC SERVICE CO OF NH","voltage":115,"voltClass":"100-161"},"geometry":{"type":"LineString","coordinates":[[-71.238,44.61082],[-71.23862,44.61056],[-71.23879,44.61062]]}},{"type":"Feature","properties":{"id":"150752","type":"AC; OVERHEAD","status":null,"owner":"GREEN MOUNTAIN POWER CORP","voltage":115,"voltClass":"100-161"},"geometry":{"type":"LineString","coordinates":[[-72.4419,43.13337],[-72.44188,43.13262]]}},{"type":"Feature","properties":{"id":"150983","type":"AC; OVERHEAD","status":null,"owner":"PUBLIC SERVICE CO OF NH","voltage":345,"voltClass":"345"},"geometry":{"type":"LineString","coordinates":[[-70.85387,42.90077],[-70.85165,42.89983],[-70.851,42.89962],[-70.84968,42.89952]]}},{"type":"Feature","properties":{"id":"157146","type":"AC; OVERHEAD","status":"IN SERVICE","owner":"PUBLIC SERVICE CO OF NH","voltage":345,"voltClass":"345"},"geometry":{"type":"LineString","coordinates":[[-71.48342,42.83054],[-71.48421,42.83122],[-71.48447,42.82996],[-71.48687,42.82985],[-71.48831,42.8298],[-71.49067,42.82971],[-71.4934,42.82957],[-71.49553,42.82945],[-71.49674,42.82962],[-71.49864,42.8299],[-71.50137,42.83028],[-71.50269,42.83046],[-71.5054,42.83081],[-71.50694,42.83103],[-71.5092,42.83135],[-71.51169,42.83168],[-71.51487,42.8321],[-71.51719,42.83242],[-71.5194,42.83271],[-71.52235,42.83307],[-71.52489,42.83342],[-71.52691,42.83369],[-71.52988,42.8341],[-71.5322,42.8344],[-71.54673,42.83643],[-71.56613,42.82945],[-71.58216,42.82367],[-71.58428,42.82291],[-71.58954,42.8168],[-71.59201,42.81],[-71.59201,42.80909],[-71.5927,42.80904]]}},{"type":"Feature","properties":{"id":"157147","type":"AC; OVERHEAD","status":"IN SERVICE","owner":"PUBLIC SERVICE CO OF NH","voltage":115,"voltClass":"100-161"},"geometry":{"type":"LineString","coordinates":[[-72.15,42.8033],[-72.14951,42.80063],[-72.14836,42.80023]]}},{"type":"Feature","properties":{"id":"157148","type":"AC; OVERHEAD","status":"IN SERVICE","owner":"PUBLIC SERVICE CO OF NH","voltage":115,"voltClass":"100-161"},"geometry":{"type":"LineString","coordinates":[[-72.14651,42.80121],[-72.15,42.8033]]}},{"type":"Feature","properties":{"id":"157149","type":"AC; OVERHEAD","status":"IN SERVICE","owner":"PUBLIC SERVICE CO OF NH","voltage":345,"voltClass":"345"},"geometry":{"type":"LineString","coordinates":[[-71.34211,42.90486],[-71.34257,42.90491],[-71.34496,42.90395],[-71.34554,42.90283],[-71.34601,42.90188],[-71.34811,42.90148],[-71.35011,42.90113],[-71.35198,42.90087],[-71.35389,42.90053],[-71.35542,42.90024],[-71.35636,42.89954],[-71.35813,42.89823],[-71.35952,42.8972],[-71.36146,42.89584],[-71.36374,42.8942],[-71.36614,42.89251],[-71.36681,42.89203],[-71.36878,42.89053],[-71.36982,42.88974],[-71.37121,42.88876],[-71.37263,42.88783],[-71.37412,42.88672],[-71.37585,42.88547],[-71.37796,42.88395],[-71.37961,42.88271],[-71.38134,42.88152],[-71.38254,42.88064],[-71.38326,42.88028],[-71.38573,42.87991],[-71.3878,42.87954],[-71.38948,42.87925],[-71.39127,42.87894],[-71.39358,42.87853],[-71.39544,42.87823],[-71.39798,42.8778],[-71.40015,42.87744],[-71.40332,42.877],[-71.40483,42.87686],[-71.40588,42.87507],[-71.40692,42.8733],[-71.40764,42.87202],[-71.40841,42.87072],[-71.40965,42.86851],[-71.41031,42.86732],[-71.41135,42.86562],[-71.41228,42.86398],[-71.413,42.8627],[-71.41396,42.86106],[-71.41486,42.85953],[-71.41533,42.85867],[-71.41611,42.85735],[-71.41664,42.85642],[-71.41771,42.85453],[-71.41852,42.85316],[-71.41887,42.85252],[-71.41987,42.85078],[-71.42149,42.85035],[-71.42133,42.84856],[-71.42123,42.84699],[-71.42204,42.8455],[-71.42316,42.8436],[-71.4241,42.84197],[-71.42597,42.84156],[-71.4275,42.84121],[-71.42955,42.84077],[-71.43164,42.84032],[-71.43374,42.83986],[-71.43571,42.83942],[-71.43768,42.83895],[-71.43972,42.8385],[-71.44228,42.83794],[-71.44434,42.83749],[-71.44635,42.83701],[-71.44851,42.83655],[-71.45044,42.83614],[-71.45262,42.83563],[-71.45444,42.83524],[-71.45641,42.83482],[-71.45851,42.83435],[-71.46061,42.83388],[-71.46267,42.8334],[-71.46445,42.83302],[-71.46613,42.83263],[-71.46777,42.83227],[-71.46929,42.83195],[-71.47194,42.83136],[-71.47405,42.83088],[-71.47645,42.83029],[-71.47845,42.83024],[-71.4821,42.8301],[-71.48282,42.83128],[-71.48342,42.83054]]}},{"type":"Feature","properties":{"id":"104518","type":"AC; OVERHEAD","status":"IN SERVICE","owner":"PUBLIC SERVICE CO OF NH","voltage":115,"voltClass":"100-161"},"geometry":{"type":"LineString","coordinates":[[-71.88467,44.32901],[-71.8844,44.32967],[-71.88418,44.33053],[-71.88394,44.3315],[-71.88266,44.33222],[-71.88166,44.33275],[-71.88087,44.3332],[-71.87993,44.33371],[-71.88082,44.33442],[-71.88208,44.3354],[-71.88126,44.33626],[-71.88094,44.33663],[-71.87977,44.33783],[-71.8787,44.33896],[-71.87822,44.33947],[-71.8782,44.3413],[-71.88202,44.34672],[-71.88668,44.34969],[-71.88924,44.35235],[-71.8911,44.35415],[-71.89288,44.35835],[-71.89338,44.35969],[-71.89542,44.36217],[-71.89833,44.36579],[-71.90152,44.36981],[-71.90648,44.3694],[-71.91596,44.36864],[-71.9311,44.36746],[-71.93448,44.37275],[-71.93748,44.37746],[-71.94034,44.38189],[-71.94191,44.38442],[-71.94609,44.38616],[-71.95089,44.38817],[-71.95434,44.38958],[-71.96602,44.39446],[-71.96932,44.39581],[-71.97491,44.39898],[-71.98265,44.40329],[-71.98244,44.4079],[-71.98213,44.41583],[-71.98202,44.41678],[-71.98388,44.41793]]}},{"type":"Feature","properties":{"id":"158515","type":"DC; OVERHEAD","status":"IN SERVICE","owner":"VERMONT ELECTRIC POWER CO","voltage":450,"voltClass":"DC"},"geometry":{"type":"LineString","coordinates":[[-71.9933,44.31942],[-71.99194,44.32085],[-71.98817,44.3246],[-71.98302,44.32576],[-71.96499,44.33131],[-71.95562,44.33421],[-71.94154,44.33427],[-71.91634,44.33433],[-71.89825,44.33434],[-71.88921,44.33433],[-71.88528,44.33495],[-71.8826,44.33542],[-71.87912,44.3391],[-71.87868,44.33955],[-71.87519,44.34124],[-71.87305,44.34227],[-71.87055,44.34342],[-71.86841,44.34438],[-71.86553,44.34562],[-71.86246,44.34694],[-71.86033,44.3485],[-71.85833,44.34994],[-71.85539,44.35207],[-71.85326,44.35358],[-71.85225,44.3556],[-71.85121,44.35762],[-71.85011,44.35984],[-71.8491,44.36186],[-71.84807,44.36381],[-71.84576,44.36562],[-71.84345,44.36735],[-71.84069,44.36945],[-71.83929,44.37056],[-71.83773,44.37171],[-71.83582,44.37307],[-71.83452,44.3741],[-71.83207,44.37609],[-71.83058,44.37719],[-71.82736,44.37954],[-71.82419,44.3819],[-71.8224,44.38317],[-71.82107,44.38415],[-71.81756,44.38675],[-71.8149,44.38865],[-71.81189,44.39087],[-71.81015,44.39215],[-71.80785,44.39385],[-71.80665,44.39474],[-71.80496,44.39595],[-71.80133,44.39861],[-71.79914,44.40019],[-71.79855,44.40198],[-71.79764,44.40456],[-71.79665,44.40738],[-71.79613,44.40894],[-71.79532,44.41134],[-71.79443,44.41386],[-71.79356,44.41644],[-71.79267,44.41891],[-71.79179,44.42152],[-71.791,44.42374],[-71.79046,44.42535],[-71.78967,44.4277],[-71.78881,44.43012],[-71.78799,44.43234],[-71.78696,44.43545],[-71.78628,44.43752],[-71.78534,44.44016],[-71.78456,44.4424],[-71.78359,44.44512],[-71.78356,44.44757],[-71.78362,44.44964],[-71.78357,44.45158],[-71.78356,44.45383],[-71.78242,44.45633],[-71.78128,44.45897],[-71.78011,44.46163],[-71.77889,44.46421],[-71.77777,44.46677],[-71.77667,44.46942],[-71.77552,44.47193],[-71.77438,44.4745],[-71.77316,44.47704],[-71.77221,44.47931],[-71.77096,44.48212],[-71.76991,44.48462],[-71.76879,44.48709],[-71.76756,44.48979],[-71.7668,44.4921],[-71.76619,44.49446],[-71.76539,44.49699],[-71.76452,44.49964],[-71.76349,44.50233],[-71.76261,44.50503],[-71.76181,44.50743],[-71.76106,44.5096],[-71.76038,44.5119],[-71.75961,44.51399],[-71.75881,44.51642],[-71.75784,44.51906],[-71.75461,44.5209],[-71.75214,44.52237],[-71.74921,44.52413],[-71.74626,44.52585],[-71.74373,44.52739],[-71.74102,44.52903],[-71.73859,44.53042],[-71.73522,44.53239],[-71.73269,44.53394],[-71.73102,44.53488],[-71.72866,44.53626],[-71.72645,44.5376],[-71.72267,44.5398],[-71.72061,44.54105],[-71.71842,44.54232],[-71.71584,44.54384],[-71.71243,44.54585],[-71.70983,44.54736],[-71.70725,44.5489],[-71.70782,44.55071],[-71.70887,44.55406],[-71.70944,44.55585],[-71.71001,44.55753],[-71.71066,44.55972],[-71.71127,44.56167],[-71.71204,44.56393],[-71.71254,44.56554],[-71.71336,44.56818],[-71.71409,44.57064],[-71.71504,44.57361],[-71.71577,44.5759],[-71.71471,44.57847],[-71.71388,44.58057],[-71.71315,44.58231],[-71.71154,44.58602],[-71.71185,44.58752],[-71.71216,44.58877],[-71.71257,44.59084],[-71.71298,44.5927],[-71.7138,44.59648],[-71.71414,44.59825],[-71.71481,44.60125],[-71.71534,44.60366],[-71.71585,44.60606],[-71.71628,44.60808],[-71.71677,44.61033],[-71.71718,44.61243],[-71.71774,44.61499],[-71.71831,44.61763],[-71.71886,44.6201],[-71.71937,44.62244],[-71.72001,44.62549],[-71.72041,44.62733],[-71.721,44.63017],[-71.72155,44.63268],[-71.72191,44.63434],[-71.72236,44.63638],[-71.72286,44.63885],[-71.72333,44.64102],[-71.72378,44.64303],[-71.72435,44.64567],[-71.72492,44.64838],[-71.72578,44.65087],[-71.7265,44.65315],[-71.72797,44.65741],[-71.72867,44.65955],[-71.72896,44.66148],[-71.72943,44.66472],[-71.73004,44.66865],[-71.73035,44.67058],[-71.73068,44.67313],[-71.73105,44.67562],[-71.73142,44.67782],[-71.73188,44.68108],[-71.73211,44.68269],[-71.73271,44.68489],[-71.73331,44.68694],[-71.73407,44.68973],[-71.73458,44.69137],[-71.73538,44.69432],[-71.73607,44.69679],[-71.7368,44.69916],[-71.73727,44.70098],[-71.73592,44.7038],[-71.73522,44.70532],[-71.73409,44.70757],[-71.73259,44.71065],[-71.73149,44.71292],[-71.73025,44.71554],[-71.72937,44.71736],[-71.72796,44.72029],[-71.72683,44.72255],[-71.72601,44.72428],[-71.72363,44.72603],[-71.72108,44.7279],[-71.71895,44.72948],[-71.71679,44.73107],[-71.714,44.73312],[-71.71164,44.73487],[-71.70943,44.7365],[-71.70752,44.73787],[-71.70591,44.73903],[-71.70253,44.74149],[-71.69963,44.74367],[-71.69844,44.74457],[-71.69523,44.74693],[-71.69226,44.74905],[-71.69043,44.75041],[-71.68697,44.7531],[-71.68444,44.75501],[-71.68204,44.75674],[-71.6797,44.75848],[-71.67754,44.76003],[-71.67551,44.76164],[-71.67538,44.7649],[-71.67522,44.76723],[-71.67511,44.77013],[-71.67498,44.77261],[-71.67485,44.77418],[-71.67484,44.77703],[-71.67464,44.78004],[-71.67719,44.78171],[-71.67961,44.78333],[-71.68239,44.78516],[-71.68474,44.78667],[-71.68743,44.78845],[-71.68966,44.7899],[-71.69178,44.7913],[-71.69398,44.79286],[-71.69425,44.79544],[-71.69444,44.79808],[-71.69467,44.80054],[-71.69476,44.8023],[-71.69491,44.80409],[-71.69513,44.80636],[-71.69522,44.80886],[-71.69535,44.81135],[-71.69554,44.81394],[-71.69579,44.81661],[-71.69598,44.81909],[-71.69614,44.82127],[-71.69637,44.82398],[-71.69672,44.82842],[-71.697,44.83105],[-71.69715,44.83386],[-71.6973,44.83656],[-71.69741,44.8385],[-71.69767,44.84149],[-71.69789,44.84372],[-71.69994,44.84576],[-71.70193,44.84804],[-71.70407,44.85019],[-71.70628,44.85245],[-71.70842,44.85473],[-71.71072,44.85708],[-71.71273,44.85918],[-71.71481,44.86133],[-71.71713,44.8637],[-71.71932,44.86597],[-71.72154,44.86824],[-71.7236,44.87039],[-71.72367,44.87268],[-71.72387,44.87495],[-71.72407,44.8776],[-71.72426,44.88052],[-71.72437,44.88194],[-71.72454,44.8849],[-71.72472,44.88731],[-71.7248,44.88952],[-71.72504,44.89233],[-71.72515,44.89495],[-71.72533,44.89744],[-71.72705,44.8989],[-71.72965,44.90107],[-71.73163,44.90273],[-71.73433,44.90497],[-71.73665,44.9069],[-71.73891,44.9088],[-71.74103,44.91058],[-71.74257,44.91185],[-71.7443,44.91388],[-71.74646,44.91636],[-71.7484,44.91852],[-71.75053,44.921],[-71.75243,44.92317],[-71.75441,44.92542],[-71.75629,44.9276],[-71.7585,44.9301],[-71.76048,44.93236],[-71.76055,44.93489],[-71.76071,44.93729],[-71.76078,44.9395],[-71.76099,44.94226],[-71.76099,44.94421],[-71.76112,44.94726],[-71.76121,44.94972],[-71.76136,44.95266],[-71.76149,44.95525],[-71.7616,44.9578],[-71.76173,44.96045],[-71.76063,44.9626],[-71.75938,44.96513],[-71.7583,44.96764],[-71.75711,44.96977],[-71.75604,44.9719],[-71.75492,44.97413],[-71.75371,44.9766],[-71.75231,44.9794],[-71.75009,44.98393],[-71.74879,44.98652],[-71.74567,44.9928],[-71.74456,44.99508],[-71.74405,44.99631],[-71.74293,44.99843],[-71.74194,45.00054],[-71.74091,45.00258],[-71.73992,45.00467],[-71.73889,45.00669],[-71.73776,45.009],[-71.73669,45.01109],[-71.73637,45.01172],[-71.73622,45.01195],[-71.72025,45.01433],[-71.67956,45.02803],[-71.665,45.04356],[-71.65997,45.0607],[-71.64735,45.0824],[-71.64153,45.09256],[-71.62314,45.10541],[-71.62337,45.11426],[-71.60401,45.12694],[-71.60269,45.15955],[-71.60315,45.18913],[-71.62137,45.19621],[-71.63947,45.23676],[-71.65118,45.24275],[-71.65152,45.26988],[-71.6811,45.28216],[-71.69686,45.30374],[-71.70078,45.30566],[-71.70382,45.3073],[-71.72952,45.33625],[-71.72862,45.34469],[-71.73189,45.35106],[-71.75545,45.3648],[-71.77252,45.38413],[-71.7727,45.39056],[-71.76925,45.40704],[-71.76961,45.425],[-71.79566,45.43678],[-71.79876,45.44588],[-71.79917,45.45629],[-71.80967,45.4723],[-71.81085,45.48862],[-71.82918,45.49924],[-71.84133,45.50143],[-71.85395,45.50889],[-71.87588,45.52085],[-71.90011,45.53354],[-71.90643,45.53872],[-71.93055,45.55258],[-71.93706,45.55635],[-71.94159,45.5572],[-71.95206,45.56044],[-71.95221,45.56053]]}},{"type":"Feature","properties":{"id":"109691","type":"AC; OVERHEAD","status":"IN SERVICE","owner":"PUBLIC SERVICE CO OF NH","voltage":115,"voltClass":"100-161"},"geometry":{"type":"LineString","coordinates":[[-72.50682,42.79601],[-72.50738,42.79598],[-72.51007,42.79585],[-72.51093,42.79474],[-72.5145,42.78965],[-72.51794,42.78491],[-72.51896,42.78428],[-72.51913,42.78338]]}},{"type":"Feature","properties":{"id":"142836","type":"AC; OVERHEAD","status":"IN SERVICE","owner":"PUBLIC SERVICE CO OF NH","voltage":230,"voltClass":"220-287"},"geometry":{"type":"LineString","coordinates":[[-71.88467,44.32901],[-71.88466,44.3295],[-71.88408,44.33243]]}},{"type":"Feature","properties":{"id":"147674","type":"AC; OVERHEAD","status":"IN SERVICE","owner":"PUBLIC SERVICE CO OF NH","voltage":115,"voltClass":"100-161"},"geometry":{"type":"LineString","coordinates":[[-71.48772,42.87146],[-71.48766,42.87119],[-71.48668,42.87145],[-71.48609,42.87073],[-71.48542,42.86991],[-71.48462,42.86894],[-71.48417,42.86839],[-71.48283,42.86676],[-71.48216,42.86595],[-71.48148,42.86512],[-71.4809,42.86441],[-71.48028,42.86394],[-71.47925,42.86315],[-71.47834,42.86246],[-71.47732,42.86168],[-71.47634,42.86094],[-71.47582,42.86054]]}},{"type":"Feature","properties":{"id":"104594","type":"AC; OVERHEAD","status":"IN SERVICE","owner":null,"voltage":345,"voltClass":"345"},"geometry":{"type":"LineString","coordinates":[[-71.1848,43.14171],[-71.18436,43.14117],[-71.18358,43.14077],[-71.18154,43.14279],[-71.18077,43.14344],[-71.17843,43.14356],[-71.17458,43.14374],[-71.1718,43.14386],[-71.16819,43.14402],[-71.16677,43.14409],[-71.16452,43.1442],[-71.1626,43.1443],[-71.16062,43.14439],[-71.15873,43.14444],[-71.15739,43.1446],[-71.15403,43.14493],[-71.1505,43.14527],[-71.14666,43.14565],[-71.14402,43.14591],[-71.13994,43.14631],[-71.13732,43.14657],[-71.13361,43.14693],[-71.13165,43.14712],[-71.12942,43.14734],[-71.12719,43.14756],[-71.12483,43.14779],[-71.12134,43.14813],[-71.11787,43.14847],[-71.11499,43.14875],[-71.1127,43.14896],[-71.109,43.14933],[-71.10528,43.14968],[-71.10282,43.14993],[-71.10009,43.15022],[-71.0961,43.15059],[-71.09393,43.15079],[-71.0915,43.15104],[-71.08992,43.15129],[-71.0888,43.15136],[-71.08612,43.1516],[-71.08383,43.1518],[-71.08182,43.15199],[-71.07943,43.15219],[-71.07668,43.15244],[-71.0753,43.15257],[-71.07358,43.15271],[-71.07111,43.15293],[-71.06748,43.15326],[-71.06506,43.15347],[-71.06286,43.15366],[-71.06058,43.15386],[-71.05731,43.15415],[-71.05398,43.15445],[-71.05087,43.15472],[-71.04763,43.15501],[-71.04588,43.15515],[-71.0441,43.15532],[-71.0416,43.15555],[-71.03741,43.1559],[-71.03552,43.15607],[-71.03297,43.1563],[-71.03031,43.15654],[-71.02737,43.15677],[-71.02358,43.15711],[-71.02145,43.15729],[-71.0186,43.15755],[-71.01625,43.15776],[-71.01361,43.15799],[-71.0117,43.15817],[-71.00985,43.15817],[-71.00721,43.1582],[-71.00703,43.15819],[-71.00462,43.15819],[-71.00181,43.1582],[-70.99875,43.15821],[-70.99514,43.15822],[-70.99181,43.15824],[-70.98966,43.15825],[-70.98569,43.15824],[-70.98218,43.15825],[-70.98034,43.15827],[-70.97697,43.15828],[-70.97456,43.15829],[-70.9722,43.15831],[-70.96907,43.1583],[-70.96547,43.15832],[-70.96139,43.15833],[-70.95893,43.15834],[-70.95681,43.15833],[-70.95419,43.15853],[-70.95238,43.15866],[-70.94934,43.15883],[-70.9477,43.15916],[-70.94657,43.15938],[-70.94595,43.15938],[-70.94386,43.15945],[-70.94235,43.1595],[-70.93971,43.15956],[-70.93728,43.15964],[-70.93392,43.15973],[-70.93145,43.15938],[-70.92979,43.16037],[-70.9275,43.16071],[-70.9241,43.16121],[-70.92048,43.16177],[-70.91679,43.1623],[-70.91326,43.16283],[-70.90962,43.16336],[-70.9069,43.16375],[-70.90477,43.16415],[-70.9015,43.16474],[-70.89969,43.16508],[-70.89687,43.16503],[-70.89324,43.16491],[-70.89058,43.1648],[-70.88837,43.1648],[-70.88645,43.16473],[-70.88264,43.1646],[-70.88019,43.16448],[-70.87642,43.1653],[-70.87341,43.16595],[-70.87191,43.16623],[-70.86939,43.16624],[-70.867,43.16628],[-70.86482,43.16628],[-70.86243,43.16631],[-70.8593,43.16638],[-70.85785,43.1662],[-70.85601,43.16598],[-70.85383,43.16573],[-70.85128,43.16544],[-70.84952,43.16712],[-70.84775,43.16895],[-70.84562,43.16979],[-70.84322,43.17071],[-70.84044,43.17185],[-70.83802,43.17275],[-70.8358,43.17361],[-70.83395,43.17432],[-70.83199,43.17507],[-70.82788,43.17281],[-70.82571,43.17166],[-70.82453,43.17089],[-70.82187,43.16899],[-70.81955,43.16693],[-70.81864,43.16741],[-70.81773,43.16764]]}},{"type":"Feature","properties":{"id":"114943","type":"AC; OVERHEAD","status":"IN SERVICE","owner":null,"voltage":345,"voltClass":"345"},"geometry":{"type":"LineString","coordinates":[[-71.11515,42.74464],[-71.1137,42.74424]]}},{"type":"Feature","properties":{"id":"100723","type":"AC; OVERHEAD","status":"IN SERVICE","owner":"PUBLIC SERVICE CO OF NH","voltage":115,"voltClass":"100-161"},"geometry":{"type":"LineString","coordinates":[[-70.93137,43.16017],[-70.93094,43.16031],[-70.92987,43.16058],[-70.928,43.16086],[-70.92583,43.16118],[-70.9241,43.16144],[-70.92301,43.16161],[-70.92116,43.16187],[-70.91936,43.16214],[-70.91729,43.16244],[-70.91574,43.16266],[-70.91403,43.16292],[-70.9129,43.16309],[-70.9107,43.16341],[-70.90901,43.16365],[-70.90805,43.1638],[-70.90698,43.16397],[-70.90571,43.16382],[-70.903,43.16358],[-70.90168,43.16345],[-70.89982,43.16329],[-70.89801,43.16312],[-70.89647,43.16297],[-70.89467,43.16278],[-70.89379,43.1627],[-70.89172,43.16251],[-70.89011,43.16236],[-70.88854,43.16223],[-70.88664,43.16204],[-70.88506,43.1619],[-70.88354,43.16176],[-70.88234,43.16166],[-70.88085,43.16082],[-70.87942,43.16003],[-70.87827,43.1594],[-70.87696,43.15869],[-70.87539,43.15782],[-70.87443,43.15732],[-70.87302,43.15803],[-70.87176,43.15866],[-70.87028,43.15938],[-70.86908,43.15996],[-70.86747,43.16072],[-70.86602,43.16145],[-70.86371,43.1626],[-70.86286,43.16246],[-70.8609,43.16222],[-70.85953,43.16204],[-70.8589,43.16246],[-70.85808,43.16299],[-70.85644,43.16393],[-70.85585,43.1643],[-70.85479,43.16472],[-70.8535,43.16497],[-70.85221,43.16519],[-70.85165,43.16596],[-70.85169,43.16693],[-70.85179,43.16824],[-70.85186,43.16928],[-70.85193,43.1703],[-70.85201,43.17128],[-70.85208,43.17237],[-70.85217,43.17373],[-70.85225,43.17474],[-70.85306,43.17567],[-70.8541,43.17683],[-70.8549,43.17778],[-70.85563,43.17858],[-70.85514,43.18038],[-70.85478,43.18171],[-70.85442,43.18302],[-70.8541,43.18404],[-70.85389,43.18478],[-70.85382,43.18502],[-70.85438,43.18611],[-70.85481,43.18701],[-70.8554,43.18818],[-70.85594,43.18936],[-70.8568,43.19],[-70.85826,43.19114],[-70.85846,43.19178],[-70.85945,43.19254],[-70.86075,43.19355],[-70.86209,43.19462],[-70.86292,43.19526],[-70.86342,43.19604],[-70.86365,43.19743],[-70.86367,43.19787],[-70.86348,43.19821]]}},{"type":"Feature","properties":{"id":"100970","type":"AC; OVERHEAD","status":"IN SERVICE","owner":"PUBLIC SERVICE CO OF NH","voltage":115,"voltClass":"100-161"},"geometry":{"type":"LineString","coordinates":[[-72.38309,43.39574],[-72.38294,43.3959],[-72.37918,43.40004],[-72.37786,43.40311],[-72.37624,43.40687],[-72.37516,43.40937],[-72.37326,43.41385],[-72.37058,43.42],[-72.36736,43.42752],[-72.36524,43.4323],[-72.36244,43.43873],[-72.36106,43.44199],[-72.35977,43.44501],[-72.3591,43.44705],[-72.35794,43.45032],[-72.35703,43.45316],[-72.35431,43.46165],[-72.35384,43.46235],[-72.35378,43.46295],[-72.35199,43.46839],[-72.35038,43.47221],[-72.34882,43.47605],[-72.34594,43.48281],[-72.34401,43.48762],[-72.34351,43.48878],[-72.34089,43.49483],[-72.33927,43.49855],[-72.33349,43.51235],[-72.33129,43.51748],[-72.328,43.52522],[-72.32675,43.52816],[-72.32605,43.52981],[-72.32181,43.53964],[-72.32085,43.5419],[-72.32032,43.54338],[-72.3179,43.55096],[-72.3167,43.55452],[-72.31432,43.56201],[-72.30665,43.58593],[-72.30645,43.58668],[-72.30348,43.59553],[-72.30267,43.59658],[-72.29917,43.60152],[-72.28819,43.61646],[-72.28395,43.62223],[-72.28168,43.62528],[-72.28079,43.62642],[-72.27986,43.62775],[-72.27928,43.62847],[-72.28007,43.63074],[-72.2806,43.6325],[-72.28075,43.63278],[-72.28324,43.63381],[-72.28412,43.63402],[-72.28486,43.63418],[-72.28504,43.63395],[-72.28549,43.63344],[-72.28566,43.63286],[-72.28617,43.63264],[-72.28654,43.63259]]}},{"type":"Feature","properties":{"id":"101045","type":"AC; OVERHEAD","status":"IN SERVICE","owner":"PUBLIC SERVICE CO OF NH","voltage":115,"voltClass":"100-161"},"geometry":{"type":"LineString","coordinates":[[-71.45205,43.52516],[-71.45233,43.52493],[-71.45309,43.52268],[-71.45398,43.51979],[-71.45447,43.51463],[-71.45988,43.51136],[-71.46377,43.50921],[-71.4659,43.50811],[-71.46929,43.50627],[-71.47233,43.50471],[-71.47444,43.50359],[-71.48036,43.50039],[-71.49268,43.49381],[-71.49977,43.48999],[-71.50225,43.48861],[-71.50451,43.48738],[-71.50817,43.4854],[-71.509,43.48499],[-71.51025,43.4843],[-71.51615,43.48039],[-71.5184,43.4789],[-71.52223,43.47795],[-71.52349,43.47761],[-71.52781,43.47621],[-71.53012,43.47439],[-71.53075,43.47391],[-71.53251,43.47248],[-71.53635,43.47151],[-71.54019,43.47051],[-71.54302,43.46857],[-71.54479,43.46644],[-71.55175,43.46569],[-71.55561,43.46528],[-71.56882,43.46453],[-71.57091,43.46387],[-71.57209,43.4635],[-71.57354,43.46303],[-71.57465,43.4627],[-71.57658,43.46209],[-71.57811,43.4616],[-71.5795,43.46117],[-71.58104,43.46068],[-71.58268,43.46017],[-71.58603,43.46105],[-71.58775,43.46152],[-71.58954,43.46199],[-71.59138,43.46206],[-71.59327,43.46214],[-71.59516,43.46221],[-71.59682,43.462],[-71.59868,43.46177],[-71.59964,43.46165],[-71.60075,43.4615],[-71.6026,43.46127],[-71.60389,43.46112],[-71.60632,43.4608],[-71.60827,43.46056],[-71.60977,43.46037],[-71.61106,43.46019],[-71.61145,43.46013],[-71.61847,43.45929],[-71.6229,43.46031],[-71.63105,43.4582],[-71.63586,43.45789],[-71.6404,43.45661],[-71.64853,43.45096],[-71.65331,43.44999],[-71.65609,43.45051],[-71.65642,43.45007],[-71.65746,43.44894],[-71.65863,43.4483],[-71.66004,43.44929],[-71.66571,43.45154],[-71.66941,43.45288],[-71.67255,43.45539],[-71.67333,43.45571],[-71.67387,43.4558]]}},{"type":"Feature","properties":{"id":"101086","type":"AC; OVERHEAD","status":"IN SERVICE","owner":"PUBLIC SERVICE CO OF NH","voltage":345,"voltClass":"345"},"geometry":{"type":"LineString","coordinates":[[-72.51913,42.78338],[-72.51945,42.78447],[-72.51874,42.7852],[-72.51615,42.78882],[-72.511,42.7955],[-72.50212,42.796],[-72.49989,42.79611],[-72.49044,42.79661],[-72.48376,42.79763],[-72.48204,42.79794],[-72.47639,42.79883],[-72.47431,42.79844],[-72.45787,42.7953],[-72.45337,42.79347],[-72.4479,42.79129],[-72.44035,42.79216],[-72.43493,42.79284],[-72.42819,42.7929],[-72.40991,42.79316],[-72.403,42.79325],[-72.39464,42.79333],[-72.3794,42.79354],[-72.37774,42.79253],[-72.36547,42.78529],[-72.35693,42.78019],[-72.34934,42.78055],[-72.34403,42.78075],[-72.33594,42.78112],[-72.3224,42.78174],[-72.2976,42.78286],[-72.29152,42.78311],[-72.28803,42.78368],[-72.27768,42.78537],[-72.25845,42.78844],[-72.24511,42.79057],[-72.22682,42.79348],[-72.19908,42.79793],[-72.19144,42.79915],[-72.18736,42.80024],[-72.17241,42.80424],[-72.1578,42.80823],[-72.15417,42.80567],[-72.15024,42.803],[-72.14982,42.79949],[-72.14917,42.79964],[-72.14836,42.80023]]}},{"type":"Feature","properties":{"id":"101185","type":"AC; OVERHEAD","status":"IN SERVICE","owner":null,"voltage":115,"voltClass":"100-161"},"geometry":{"type":"LineString","coordinates":[[-70.82087,43.16825],[-70.82054,43.16817],[-70.76849,43.11988],[-70.77231,43.10922],[-70.77281,43.10799],[-70.77355,43.10553],[-70.77629,43.10317],[-70.78009,43.10099],[-70.78611,43.09761],[-70.78602,43.09735]]}},{"type":"Feature","properties":{"id":"101233","type":"AC; OVERHEAD","status":"IN SERVICE","owner":"PUBLIC SERVICE CO OF NH","voltage":115,"voltClass":"100-161"},"geometry":{"type":"LineString","coordinates":[[-71.22617,44.6178],[-71.22651,44.61738],[-71.22872,44.61748],[-71.23462,44.61595],[-71.23544,44.6148],[-71.23586,44.61418],[-71.23677,44.61327],[-71.23755,44.6127],[-71.23815,44.61211],[-71.2393,44.61122],[-71.23879,44.61062]]}},{"type":"Feature","properties":{"id":"101370","type":"AC; OVERHEAD","status":"IN SERVICE","owner":"PUBLIC SERVICE CO OF NH","voltage":230,"voltClass":"220-287"},"geometry":{"type":"LineString","coordinates":[[-72.00304,44.32097],[-72.00332,44.32013],[-72.00369,44.31962],[-72.00589,44.32054],[-72.0076,44.31871],[-72.01361,44.31585],[-72.01992,44.31286],[-72.02504,44.30633],[-72.03045,44.29947],[-72.03953,44.30181],[-72.04152,44.30283],[-72.04327,44.30374],[-72.04473,44.30449],[-72.04906,44.30428],[-72.05241,44.30412],[-72.05761,44.30387],[-72.05923,44.30277],[-72.06162,44.30113],[-72.06281,44.30032],[-72.06461,44.29909],[-72.06618,44.29802],[-72.06801,44.29677],[-72.06919,44.29596],[-72.07043,44.2952],[-72.07136,44.29216],[-72.07263,44.28775],[-72.07303,44.28587],[-72.07364,44.28427],[-72.0743,44.28208],[-72.07532,44.27871],[-72.07968,44.27484],[-72.08131,44.27345],[-72.08567,44.26368],[-72.08674,44.25428],[-72.0881,44.25288],[-72.08889,44.25197],[-72.08956,44.25024],[-72.09045,44.24744],[-72.09122,44.24533],[-72.09187,44.24369],[-72.09195,44.24215],[-72.09202,44.2405],[-72.09206,44.23882],[-72.0938,44.2383],[-72.09655,44.2375],[-72.09854,44.23693],[-72.10495,44.23504],[-72.12354,44.23063],[-72.12579,44.22723],[-72.12682,44.22529],[-72.12835,44.22478],[-72.15975,44.21284],[-72.16442,44.20739],[-72.16962,44.20438],[-72.17276,44.20269],[-72.17445,44.20227],[-72.1766,44.20173],[-72.1795,44.201],[-72.18231,44.2003],[-72.18518,44.19969],[-72.18821,44.19905],[-72.1903,44.19863],[-72.19265,44.19814],[-72.19522,44.19759],[-72.19819,44.19697],[-72.20251,44.19605],[-72.20748,44.19499],[-72.21889,44.19175],[-72.23209,44.19134],[-72.24136,44.19112],[-72.2442,44.19093],[-72.26659,44.19159],[-72.26825,44.19143],[-72.27073,44.19118],[-72.27568,44.19069],[-72.32727,44.14775],[-72.33428,44.13046],[-72.34515,44.13308],[-72.35006,44.13216],[-72.37077,44.13576],[-72.37292,44.13465],[-72.37522,44.13346],[-72.37685,44.13369],[-72.37895,44.13398],[-72.38136,44.13432],[-72.38254,44.13411],[-72.38511,44.13366],[-72.38753,44.13324],[-72.38957,44.13289],[-72.39122,44.1326],[-72.39392,44.13213],[-72.39666,44.13166],[-72.39957,44.13115],[-72.40199,44.13073],[-72.40417,44.13035],[-72.40718,44.12982],[-72.40969,44.12939],[-72.41255,44.12889],[-72.41429,44.12859],[-72.4165,44.1282],[-72.41908,44.12776],[-72.42177,44.12729],[-72.42445,44.12682],[-72.42697,44.12638],[-72.42903,44.12659],[-72.43181,44.12687],[-72.43399,44.12709],[-72.43525,44.12722],[-72.43664,44.12605],[-72.43808,44.12483],[-72.43938,44.12373],[-72.44142,44.12318],[-72.44317,44.1227],[-72.46654,44.11629],[-72.47032,44.1151],[-72.47306,44.11502],[-72.47623,44.11493],[-72.47928,44.11484],[-72.48094,44.11479],[-72.48485,44.11531],[-72.48717,44.11563],[-72.48909,44.1159],[-72.4914,44.11623],[-72.49388,44.11656],[-72.49624,44.11692],[-72.4978,44.11784],[-72.49879,44.11888]]}},{"type":"Feature","properties":{"id":"100127","type":"AC; OVERHEAD","status":"IN SERVICE","owner":"PUBLIC SERVICE CO OF NH","voltage":115,"voltClass":"100-161"},"geometry":{"type":"LineString","coordinates":[[-71.56901,43.01596],[-71.5688,43.01611],[-71.56836,43.01616],[-71.56561,43.01783],[-71.56263,43.01969],[-71.55615,43.02117],[-71.55175,43.02218],[-71.54814,43.02322],[-71.54414,43.02439],[-71.53973,43.02598],[-71.5304,43.02906],[-71.51999,43.03226],[-71.5101,43.03532],[-71.50359,43.03731],[-71.49271,43.04071],[-71.47953,43.0448],[-71.47817,43.04521],[-71.47677,43.04566],[-71.47515,43.04618],[-71.47314,43.04681],[-71.47105,43.04751],[-71.46875,43.04826],[-71.46646,43.04895],[-71.46486,43.04941],[-71.46402,43.04969],[-71.46211,43.05032],[-71.46117,43.05063],[-71.45897,43.05135],[-71.45635,43.05218],[-71.45498,43.0526],[-71.45184,43.05356],[-71.44785,43.0548],[-71.44643,43.05526],[-71.44497,43.05643],[-71.44449,43.0566],[-71.44419,43.05659]]}},{"type":"Feature","properties":{"id":"100552","type":"AC; OVERHEAD","status":"IN SERVICE","owner":"PUBLIC SERVICE CO OF NH","voltage":115,"voltClass":"100-161"},"geometry":{"type":"LineString","coordinates":[[-71.70946,43.59674],[-71.70935,43.59681],[-71.70931,43.59699],[-71.70878,43.59802],[-71.70846,43.59931],[-71.70766,43.60317],[-71.70682,43.60684],[-71.69772,43.61208],[-71.69729,43.61265],[-71.69675,43.61335],[-71.6962,43.61418],[-71.69483,43.61491],[-71.69213,43.61633],[-71.68714,43.61915],[-71.68226,43.6218],[-71.67839,43.62391],[-71.66808,43.62969],[-71.66223,43.6329],[-71.66125,43.63341],[-71.65822,43.63789],[-71.65745,43.63903],[-71.65468,43.63951],[-71.65268,43.64032],[-71.65182,43.64099],[-71.64933,43.64061],[-71.64741,43.64033],[-71.64625,43.64368],[-71.6455,43.64585],[-71.64656,43.65107],[-71.64691,43.65284],[-71.64667,43.65645],[-71.64645,43.65969],[-71.64624,43.66237],[-71.64585,43.66773],[-71.64566,43.67021],[-71.64557,43.67177],[-71.64546,43.67319],[-71.64761,43.67373],[-71.64642,43.67611],[-71.64508,43.67892],[-71.64478,43.68318],[-71.64472,43.68521],[-71.64555,43.68839]]}},{"type":"Feature","properties":{"id":"100596","type":"AC; OVERHEAD","status":"IN SERVICE","owner":"PUBLIC SERVICE CO OF NH","voltage":345,"voltClass":"345"},"geometry":{"type":"LineString","coordinates":[[-70.79227,43.0981],[-70.79323,43.09758],[-70.79374,43.09982],[-70.79208,43.10148],[-70.79309,43.10194],[-70.79439,43.10257],[-70.79575,43.10329],[-70.79685,43.1035],[-70.79881,43.10231],[-70.80149,43.1016],[-70.80453,43.10264],[-70.80576,43.10339],[-70.80697,43.10456],[-70.80642,43.10503],[-70.80596,43.10533]]}},{"type":"Feature","properties":{"id":"101596","type":"AC; OVERHEAD","status":"IN SERVICE","owner":"PUBLIC SERVICE CO OF NH","voltage":115,"voltClass":"100-161"},"geometry":{"type":"LineString","coordinates":[[-71.78184,44.25262],[-71.77945,44.25444],[-71.77791,44.25516],[-71.77062,44.25487],[-71.76059,44.25446],[-71.75966,44.25441],[-71.75871,44.2546],[-71.75793,44.25558],[-71.7569,44.25659],[-71.75553,44.25804],[-71.75512,44.25794],[-71.75381,44.25765],[-71.75343,44.25756],[-71.75222,44.25791],[-71.75132,44.25842],[-71.75038,44.25893],[-71.74923,44.25954],[-71.74803,44.26018],[-71.74681,44.26083],[-71.74589,44.26131],[-71.74458,44.26199],[-71.74375,44.2628],[-71.74268,44.2638],[-71.74176,44.26468],[-71.74084,44.26554],[-71.73977,44.26653],[-71.73896,44.26731],[-71.73782,44.26797],[-71.73665,44.26869],[-71.73541,44.26945],[-71.73416,44.27021],[-71.73276,44.27106],[-71.73158,44.27177],[-71.7304,44.27247],[-71.73006,44.27329],[-71.72965,44.27426],[-71.72922,44.27528],[-71.72876,44.27639],[-71.72831,44.27751],[-71.72787,44.27855],[-71.7275,44.27945],[-71.72711,44.28037],[-71.72641,44.28205],[-71.72623,44.2825],[-71.72548,44.28431],[-71.72516,44.28508],[-71.72486,44.28581],[-71.72424,44.2873],[-71.72384,44.28825],[-71.72342,44.28927],[-71.72292,44.29047],[-71.72237,44.29183],[-71.72189,44.29296],[-71.72151,44.29385],[-71.72126,44.2945],[-71.72067,44.29586],[-71.72027,44.29686],[-71.71981,44.29795],[-71.71919,44.29948],[-71.71868,44.3007],[-71.71818,44.30186],[-71.71771,44.30305],[-71.71726,44.30409],[-71.71678,44.30526],[-71.7163,44.3064],[-71.71576,44.30773],[-71.71519,44.30901],[-71.71481,44.30996],[-71.71438,44.31103],[-71.71409,44.31173],[-71.71153,44.31253],[-71.70977,44.31308],[-71.70849,44.31348],[-71.7069,44.31399],[-71.70541,44.31446],[-71.70434,44.31481],[-71.70212,44.31551],[-71.70068,44.31596],[-71.69908,44.31647],[-71.69754,44.31695],[-71.69543,44.31762],[-71.6941,44.31805],[-71.69275,44.31847],[-71.69112,44.31898],[-71.68966,44.31944],[-71.68837,44.31986],[-71.6867,44.32041],[-71.68502,44.32095],[-71.68323,44.32154],[-71.68154,44.32205],[-71.68014,44.32249],[-71.67867,44.32296],[-71.67765,44.32328],[-71.6769,44.32351],[-71.67515,44.32407],[-71.67391,44.32446],[-71.67169,44.32517],[-71.67058,44.32552],[-71.66829,44.32623],[-71.66768,44.3272],[-71.66709,44.32809],[-71.66652,44.32894],[-71.66589,44.32987],[-71.66491,44.33133],[-71.66441,44.33206],[-71.66385,44.33288],[-71.66339,44.33355],[-71.6627,44.33458],[-71.66209,44.3355],[-71.66155,44.33631],[-71.6609,44.33727],[-71.6602,44.33831],[-71.65943,44.33947],[-71.65887,44.34031],[-71.65809,44.34144],[-71.65754,44.34225],[-71.65687,44.34326],[-71.6561,44.3444],[-71.65532,44.34557],[-71.65453,44.34676],[-71.65383,44.34779],[-71.65324,44.34868],[-71.6523,44.35008],[-71.65154,44.35121],[-71.65102,44.35195],[-71.65046,44.35276],[-71.64996,44.35351],[-71.64924,44.35461],[-71.64869,44.35542],[-71.64813,44.35627],[-71.64747,44.35724],[-71.64681,44.35823],[-71.64623,44.35908],[-71.64565,44.35993],[-71.64503,44.36086],[-71.64426,44.362],[-71.64364,44.36292],[-71.64289,44.36403],[-71.64234,44.36483],[-71.64163,44.36585],[-71.64097,44.36687],[-71.6403,44.36786],[-71.63964,44.36884],[-71.63897,44.36983],[-71.63846,44.37057],[-71.63781,44.37156],[-71.63716,44.37253],[-71.6366,44.37334],[-71.6358,44.37452],[-71.63506,44.3756],[-71.63446,44.37649],[-71.63367,44.37765],[-71.63291,44.37879],[-71.63209,44.37997],[-71.6313,44.38117],[-71.63106,44.38199],[-71.6296,44.38218],[-71.62818,44.38238],[-71.62563,44.38272],[-71.62456,44.38286],[-71.62315,44.38306],[-71.62102,44.38334],[-71.62021,44.38345],[-71.61886,44.38365],[-71.61702,44.38389],[-71.61573,44.38406],[-71.61426,44.38426],[-71.61387,44.38431],[-71.61344,44.38437],[-71.61257,44.38333],[-71.61184,44.38255],[-71.61083,44.38148],[-71.61017,44.38078],[-71.60958,44.38011],[-71.60866,44.37934],[-71.6084,44.37931]]}},{"type":"Feature","properties":{"id":"101633","type":"AC; OVERHEAD","status":"IN SERVICE","owner":"PUBLIC SERVICE CO OF NH","voltage":230,"voltClass":"220-287"},"geometry":{"type":"LineString","coordinates":[[-71.38348,42.87856],[-71.38385,42.87878],[-71.38404,42.87941],[-71.38477,42.87928],[-71.38712,42.87888],[-71.38899,42.87858],[-71.3913,42.87819],[-71.39365,42.87778],[-71.39537,42.87749],[-71.3979,42.87708],[-71.39967,42.87675],[-71.40184,42.87637],[-71.40345,42.87606],[-71.40439,42.8759],[-71.40632,42.87558],[-71.40797,42.87531],[-71.41008,42.87496],[-71.411,42.87546],[-71.41206,42.8761],[-71.41367,42.87706],[-71.41496,42.87778],[-71.41665,42.8788],[-71.4186,42.87995],[-71.41974,42.88056],[-71.4216,42.88165],[-71.42329,42.88262],[-71.42492,42.88356],[-71.42665,42.88458],[-71.42743,42.88501],[-71.42837,42.8862],[-71.42957,42.88772],[-71.43082,42.88923],[-71.43155,42.89011],[-71.43247,42.89104],[-71.43215,42.89126],[-71.43198,42.89137]]}},{"type":"Feature","properties":{"id":"101729","type":"AC; OVERHEAD","status":"IN SERVICE","owner":"PUBLIC SERVICE CO OF NH","voltage":115,"voltClass":"100-161"},"geometry":{"type":"LineString","coordinates":[[-71.502,43.0031],[-71.50258,43.00352],[-71.50371,43.00439],[-71.50525,43.00562],[-71.50656,43.00668],[-71.50732,43.00727],[-71.50864,43.00827],[-71.50968,43.00909],[-71.51063,43.00981],[-71.51141,43.01042],[-71.51249,43.01142],[-71.51371,43.01253],[-71.51453,43.01329],[-71.51578,43.01444],[-71.51679,43.01533],[-71.51774,43.01619],[-71.51834,43.01673],[-71.51931,43.01758],[-71.52013,43.01767],[-71.52185,43.01781],[-71.52336,43.01796],[-71.5249,43.01811],[-71.5263,43.01825],[-71.5279,43.01838],[-71.52995,43.01854],[-71.5313,43.01866],[-71.533,43.01882],[-71.53417,43.01895],[-71.53556,43.01908],[-71.53753,43.01925],[-71.53923,43.0194],[-71.54029,43.0195],[-71.5414,43.01961],[-71.54255,43.0197],[-71.54407,43.01985],[-71.5458,43.02001],[-71.54664,43.02008],[-71.54876,43.02026],[-71.55035,43.02042],[-71.55168,43.02053],[-71.55292,43.02064],[-71.55502,43.02086],[-71.55636,43.02096],[-71.55745,43.02069],[-71.55895,43.02035],[-71.55937,43.02026],[-71.55988,43.02014],[-71.56113,43.01984],[-71.5625,43.01956],[-71.56368,43.01874],[-71.56438,43.01834],[-71.56545,43.0177],[-71.56807,43.01607],[-71.56879,43.01597],[-71.56901,43.01596]]}},{"type":"Feature","properties":{"id":"101972","type":"AC; OVERHEAD","status":null,"owner":"PUBLIC SERVICE CO OF NH","voltage":115,"voltClass":"100-161"},"geometry":{"type":"LineString","coordinates":[[-71.20633,43.84769],[-71.20671,43.84807]]}},{"type":"Feature","properties":{"id":"102076","type":"AC; OVERHEAD","status":"IN SERVICE","owner":"PUBLIC SERVICE CO OF NH","voltage":230,"voltClass":"220-287"},"geometry":{"type":"LineString","coordinates":[[-71.88408,44.33243],[-71.88716,44.33382],[-71.88762,44.33404],[-71.89751,44.33407],[-71.91596,44.33401],[-71.93346,44.33402],[-71.95556,44.33399],[-71.96535,44.33087],[-71.98287,44.32551],[-71.99068,44.32371],[-71.99921,44.32181],[-72.0015,44.32074],[-72.00188,44.32078],[-72.00304,44.32097]]}},{"type":"Feature","properties":{"id":"102307","type":"AC; OVERHEAD","status":"IN SERVICE","owner":"PUBLIC SERVICE CO OF NH","voltage":115,"voltClass":"100-161"},"geometry":{"type":"LineString","coordinates":[[-71.21251,43.84755],[-71.21138,43.84751],[-71.20986,43.84744],[-71.20819,43.84784],[-71.20715,43.84813],[-71.20671,43.84807]]}},{"type":"Feature","properties":{"id":"102419","type":"AC; OVERHEAD","status":"IN SERVICE","owner":"CENTRAL MAINE POWER CO","voltage":115,"voltClass":"100-161"},"geometry":{"type":"LineString","coordinates":[[-70.82087,43.16825],[-70.82085,43.16857],[-70.81985,43.1691],[-70.81857,43.17007],[-70.81744,43.17089],[-70.81639,43.17167],[-70.81538,43.17243],[-70.81426,43.17292],[-70.80328,43.18113],[-70.7985,43.19161],[-70.79656,43.19511],[-70.78867,43.20856],[-70.78839,43.20938],[-70.78776,43.21119],[-70.7869,43.21365],[-70.78513,43.21538],[-70.77741,43.22829],[-70.77648,43.23036],[-70.77342,43.2413],[-70.76749,43.24742],[-70.76374,43.25154],[-70.75972,43.25551],[-70.75915,43.25917],[-70.75331,43.2691],[-70.74653,43.2805],[-70.74209,43.28795],[-70.74275,43.28822]]}},{"type":"Feature","properties":{"id":"102629","type":"AC; OVERHEAD","status":null,"owner":"GREEN MOUNTAIN POWER CORP","voltage":115,"voltClass":"100-161"},"geometry":{"type":"LineString","coordinates":[[-72.3036,43.66781],[-72.30378,43.6685]]}},{"type":"Feature","properties":{"id":"102759","type":"AC; OVERHEAD","status":"IN SERVICE","owner":"VERMONT ELECTRIC POWER CO","voltage":115,"voltClass":"100-161"},"geometry":{"type":"LineString","coordinates":[[-71.99358,44.53465],[-71.99339,44.5356],[-71.99289,44.53804],[-71.99211,44.54228],[-71.98871,44.54705],[-71.98943,44.54779],[-71.99136,44.5499],[-71.99186,44.55049],[-71.99111,44.55153],[-71.9904,44.55258],[-71.99113,44.55372],[-71.99033,44.55613],[-71.98984,44.5576],[-71.98932,44.55907],[-71.98845,44.56166],[-71.99156,44.56538],[-71.99482,44.56916],[-71.99672,44.57143],[-71.99879,44.57382],[-71.99919,44.57431],[-72.00106,44.57645],[-72.00208,44.57775],[-72.00307,44.57835],[-72.00502,44.57962],[-72.00897,44.58219],[-72.01391,44.58624],[-72.01498,44.58744],[-72.01864,44.59209],[-72.02022,44.59404],[-72.0289,44.60282],[-72.03734,44.61117],[-72.04132,44.61505],[-72.04331,44.61702],[-72.04798,44.6216],[-72.05989,44.63334],[-72.06667,44.64],[-72.06995,44.64329],[-72.0741,44.64472],[-72.08263,44.64752],[-72.08768,44.6492],[-72.08982,44.65291],[-72.09484,44.65445],[-72.10083,44.65673],[-72.10527,44.65831],[-72.11383,44.66126],[-72.12068,44.6636],[-72.12231,44.66428],[-72.12263,44.66388],[-72.12295,44.6637]]}},{"type":"Feature","properties":{"id":"102806","type":"AC; OVERHEAD","status":"IN SERVICE","owner":"PUBLIC SERVICE CO OF NH","voltage":230,"voltClass":"220-287"},"geometry":{"type":"LineString","coordinates":[[-71.88446,44.33229],[-71.88285,44.33154],[-71.88239,44.33134],[-71.87826,44.33379],[-71.87516,44.3354],[-71.87497,44.33591]]}},{"type":"Feature","properties":{"id":"104920","type":"AC; OVERHEAD","status":"IN SERVICE","owner":"GREEN MOUNTAIN POWER CORP","voltage":345,"voltClass":"345"},"geometry":{"type":"LineString","coordinates":[[-72.51913,42.78338],[-72.51893,42.78203],[-72.51703,42.78103],[-72.51582,42.78012]]}},{"type":"Feature","properties":{"id":"104878","type":"AC; OVERHEAD","status":"IN SERVICE","owner":"PUBLIC SERVICE CO OF NH","voltage":115,"voltClass":"100-161"},"geometry":{"type":"LineString","coordinates":[[-71.21251,43.84755],[-71.21285,43.84755],[-71.21998,43.84781],[-71.23194,43.84825],[-71.23692,43.84842],[-71.24641,43.84689],[-71.25383,43.84569],[-71.26202,43.84439],[-71.26913,43.84325],[-71.27134,43.84291],[-71.2767,43.84145],[-71.28475,43.8392],[-71.29151,43.83734],[-71.29945,43.83514],[-71.30564,43.83337],[-71.3074,43.83354],[-71.30989,43.83488],[-71.31899,43.83978],[-71.32358,43.84231],[-71.32899,43.84265],[-71.34073,43.84337],[-71.34409,43.84361],[-71.34926,43.84395],[-71.35993,43.8446],[-71.36952,43.84524],[-71.37859,43.84582],[-71.38807,43.84643],[-71.39241,43.84672],[-71.40288,43.84737],[-71.41118,43.8479],[-71.4186,43.84837],[-71.44244,43.84984],[-71.44834,43.85017],[-71.4565,43.85362],[-71.4645,43.85697],[-71.47523,43.85643],[-71.48875,43.85571],[-71.49783,43.85307],[-71.50354,43.85137],[-71.51219,43.84885],[-71.52319,43.84794],[-71.53392,43.84708],[-71.53938,43.84044],[-71.54616,43.8384],[-71.55542,43.83561],[-71.56262,43.83346],[-71.56589,43.83245],[-71.56829,43.83259],[-71.57556,43.8329],[-71.5792,43.83194],[-71.58018,43.83178],[-71.58264,43.831],[-71.58538,43.83023],[-71.59062,43.82879],[-71.59568,43.82841],[-71.60055,43.82811],[-71.60731,43.8276],[-71.61197,43.82727],[-71.61352,43.82715],[-71.61862,43.82796],[-71.62271,43.82856],[-71.62426,43.82875],[-71.62949,43.82954],[-71.63808,43.83084],[-71.63975,43.82829],[-71.63992,43.82806],[-71.6403,43.82816]]}},{"type":"Feature","properties":{"id":"105108","type":"AC; OVERHEAD","status":"IN SERVICE","owner":"PUBLIC SERVICE CO OF NH","voltage":115,"voltClass":"100-161"},"geometry":{"type":"LineString","coordinates":[[-71.20671,43.84807],[-71.20606,43.84819],[-71.20508,43.84808],[-71.20454,43.84816],[-71.20209,43.84869],[-71.20028,43.84828],[-71.19508,43.8472],[-71.19449,43.84707],[-71.19386,43.84694],[-71.1927,43.84963],[-71.19081,43.85428],[-71.19053,43.85495],[-71.18987,43.85636],[-71.18828,43.86015],[-71.18915,43.86139],[-71.18889,43.86202],[-71.18822,43.86372],[-71.18789,43.86457],[-71.18724,43.86561],[-71.18614,43.86688],[-71.18512,43.86795],[-71.18364,43.86959],[-71.17967,43.87398],[-71.17906,43.87476],[-71.17859,43.87623],[-71.17869,43.87793],[-71.17875,43.87862],[-71.1789,43.8798],[-71.17902,43.88156],[-71.17927,43.88521],[-71.17938,43.88605],[-71.1795,43.88669],[-71.17937,43.88717],[-71.17942,43.88825],[-71.17951,43.88951],[-71.17784,43.88994],[-71.17628,43.89019],[-71.17111,43.89337],[-71.1682,43.895],[-71.16654,43.89481],[-71.16354,43.90176],[-71.16204,43.90513],[-71.1598,43.91041],[-71.15759,43.91549],[-71.15552,43.92027],[-71.15498,43.92161],[-71.15254,43.92708],[-71.15048,43.93192],[-71.14887,43.93564],[-71.14777,43.93811],[-71.14727,43.93946],[-71.14736,43.94006],[-71.14839,43.94317],[-71.14892,43.94476],[-71.14975,43.94717],[-71.14965,43.94763],[-71.14497,43.9518],[-71.1412,43.95495],[-71.14091,43.9552],[-71.13874,43.9571],[-71.13298,43.96207],[-71.13129,43.9635],[-71.12829,43.96615],[-71.12455,43.96939],[-71.12014,43.97294],[-71.11845,43.97438],[-71.11452,43.97553],[-71.10868,43.97731],[-71.10861,43.97896],[-71.10559,43.9796],[-71.10613,43.98125],[-71.10509,43.98241],[-71.10394,43.98551],[-71.10491,43.98665],[-71.10382,43.9896],[-71.10302,43.99193],[-71.10219,43.99399],[-71.10086,43.99562],[-71.09855,43.9986],[-71.09635,44.00133],[-71.09505,44.00298],[-71.0895,44.00557],[-71.08712,44.00667],[-71.08671,44.00685],[-71.08704,44.00776],[-71.08758,44.00763]]}},{"type":"Feature","properties":{"id":"104740","type":"AC; OVERHEAD","status":"IN SERVICE","owner":"PUBLIC SERVICE CO OF NH","voltage":230,"voltClass":"220-287"},"geometry":{"type":"LineString","coordinates":[[-71.43137,42.95303],[-71.43184,42.9531],[-71.43239,42.95254],[-71.43422,42.95244],[-71.43482,42.95348],[-71.43603,42.95329],[-71.4368,42.95321],[-71.43742,42.95315],[-71.4379,42.9531],[-71.4387,42.95302],[-71.43915,42.95296],[-71.44007,42.95284],[-71.44097,42.95275],[-71.44133,42.95271],[-71.44203,42.95262],[-71.44268,42.95228],[-71.44329,42.95201],[-71.44398,42.95172],[-71.44624,42.95156],[-71.44607,42.95084],[-71.44598,42.9502],[-71.44585,42.94941],[-71.4455,42.94756],[-71.44537,42.94701],[-71.44521,42.94633],[-71.44571,42.94617],[-71.44618,42.94602],[-71.4469,42.94578],[-71.44841,42.94532],[-71.44988,42.94481],[-71.45003,42.94477],[-71.45102,42.94471],[-71.45277,42.9446],[-71.45322,42.94457],[-71.45409,42.94452],[-71.45477,42.94448],[-71.45647,42.94437],[-71.45739,42.94432],[-71.45861,42.94423],[-71.46153,42.94408],[-71.46248,42.9448],[-71.46282,42.94476],[-71.46304,42.94455]]}},{"type":"Feature","properties":{"id":"104808","type":"AC; OVERHEAD","status":null,"owner":"PUBLIC SERVICE CO OF NH","voltage":115,"voltClass":"100-161"},"geometry":{"type":"LineString","coordinates":[[-71.19687,43.83565],[-71.19718,43.83594]]}},{"type":"Feature","properties":{"id":"104809","type":"AC; OVERHEAD","status":"IN SERVICE","owner":"PUBLIC SERVICE CO OF NH","voltage":230,"voltClass":"220-287"},"geometry":{"type":"LineString","coordinates":[[-71.43919,42.87396],[-71.43945,42.87362],[-71.44038,42.87313]]}},{"type":"Feature","properties":{"id":"105632","type":"AC; OVERHEAD","status":"IN SERVICE","owner":"PUBLIC SERVICE CO OF NH","voltage":115,"voltClass":"100-161"},"geometry":{"type":"LineString","coordinates":[[-71.4289,42.77471],[-71.42854,42.77457],[-71.42853,42.77422],[-71.4295,42.77391],[-71.42948,42.77319],[-71.42945,42.77196],[-71.42946,42.77159],[-71.42933,42.77124],[-71.42862,42.77052],[-71.42854,42.76984],[-71.42822,42.76946],[-71.42799,42.76901],[-71.42772,42.7685],[-71.4275,42.76772],[-71.42862,42.767],[-71.42912,42.76668],[-71.42943,42.76648],[-71.43001,42.76572],[-71.43079,42.7647],[-71.43178,42.7634],[-71.43148,42.76298],[-71.43082,42.76239],[-71.43054,42.76184],[-71.43027,42.76122],[-71.42996,42.76034],[-71.42971,42.75956],[-71.42948,42.75882],[-71.42924,42.75812],[-71.42994,42.7574],[-71.43056,42.75678],[-71.43144,42.75664],[-71.43253,42.756],[-71.43365,42.75522],[-71.43471,42.75448],[-71.43563,42.75385],[-71.43667,42.75314],[-71.43819,42.75209],[-71.43892,42.75158],[-71.439,42.75083],[-71.43916,42.75009],[-71.43933,42.74929],[-71.43954,42.74845],[-71.43987,42.747],[-71.43967,42.74625],[-71.43948,42.74562],[-71.43906,42.74443],[-71.4387,42.74335],[-71.43828,42.74225],[-71.43797,42.74136],[-71.43769,42.74049],[-71.43714,42.73865],[-71.43936,42.73793],[-71.44171,42.73734],[-71.44307,42.73704],[-71.44415,42.73677],[-71.44463,42.73665],[-71.44496,42.73653],[-71.44577,42.73623],[-71.44659,42.73592],[-71.44703,42.73573],[-71.4475,42.73539],[-71.44885,42.73472],[-71.44974,42.73419],[-71.45034,42.73328],[-71.45179,42.73281],[-71.45226,42.73268],[-71.45244,42.7324]]}},{"type":"Feature","properties":{"id":"105766","type":"AC; OVERHEAD","status":"IN SERVICE","owner":"PUBLIC SERVICE CO OF NH","voltage":230,"voltClass":"220-287"},"geometry":{"type":"LineString","coordinates":[[-71.88467,44.32901],[-71.88515,44.32928],[-71.88446,44.33229]]}},{"type":"Feature","properties":{"id":"105873","type":"AC; OVERHEAD","status":"IN SERVICE","owner":"PUBLIC SERVICE CO OF NH","voltage":345,"voltClass":"345"},"geometry":{"type":"LineString","coordinates":[[-71.34211,42.90486],[-71.34438,42.90386],[-71.34537,42.90223],[-71.34571,42.90164],[-71.35528,42.89998],[-71.36846,42.89042],[-71.36971,42.8894],[-71.37117,42.88847],[-71.37228,42.88768],[-71.37366,42.88666],[-71.3755,42.88533],[-71.37773,42.88373],[-71.37982,42.8822],[-71.38132,42.88116],[-71.38273,42.8801],[-71.38538,42.87968],[-71.38759,42.87933],[-71.38976,42.87897],[-71.39285,42.8784],[-71.39515,42.87801],[-71.39746,42.87758],[-71.39963,42.8772],[-71.40153,42.8769],[-71.40321,42.87659],[-71.40469,42.87638],[-71.40551,42.87497],[-71.40656,42.87316],[-71.40721,42.87205],[-71.40804,42.87058],[-71.409,42.86897],[-71.40914,42.86873],[-71.40984,42.86745],[-71.41085,42.86576],[-71.41193,42.86388],[-71.41268,42.86254],[-71.41346,42.8612],[-71.41457,42.85934],[-71.41564,42.85746],[-71.41629,42.85637],[-71.41699,42.85509],[-71.41803,42.85333],[-71.41893,42.85179],[-71.4197,42.85039],[-71.41868,42.84937],[-71.41686,42.84727],[-71.41594,42.84624],[-71.41472,42.84482],[-71.41369,42.84365],[-71.41262,42.84239],[-71.41135,42.84092],[-71.40995,42.83932],[-71.40885,42.83798],[-71.40784,42.83683],[-71.40688,42.83574],[-71.40569,42.83436],[-71.40457,42.83306],[-71.40351,42.83179],[-71.40197,42.83006],[-71.40098,42.82883],[-71.39956,42.82763],[-71.39769,42.82605],[-71.39655,42.82509],[-71.39457,42.82335],[-71.39261,42.82163],[-71.391,42.8203],[-71.38998,42.81942],[-71.38808,42.81776],[-71.38693,42.81675],[-71.38532,42.81537],[-71.38249,42.81295],[-71.3812,42.81182],[-71.37951,42.81036],[-71.37839,42.80946],[-71.37784,42.80889],[-71.3765,42.80769],[-71.37571,42.80704],[-71.37429,42.80565],[-71.3732,42.80461],[-71.37334,42.80432],[-71.37375,42.80346],[-71.37436,42.80217],[-71.37508,42.80074],[-71.37582,42.79918],[-71.37631,42.79805],[-71.3768,42.79701],[-71.37737,42.79593],[-71.37706,42.79369],[-71.37692,42.79228],[-71.37684,42.79156]]}},{"type":"Feature","properties":{"id":"106496","type":"AC; OVERHEAD","status":"IN SERVICE","owner":null,"voltage":345,"voltClass":"345"},"geometry":{"type":"LineString","coordinates":[[-70.81773,43.16764],[-70.81911,43.16655],[-70.76882,43.11982],[-70.77277,43.10895],[-70.77297,43.108],[-70.7737,43.10558],[-70.77645,43.10322],[-70.78264,43.09969],[-70.7849,43.09842],[-70.78927,43.09593],[-70.79238,43.09679],[-70.79212,43.09778],[-70.79227,43.0981]]}},{"type":"Feature","properties":{"id":"108014","type":"AC; OVERHEAD","status":"IN SERVICE","owner":null,"voltage":345,"voltClass":"345"},"geometry":{"type":"LineString","coordinates":[[-71.11515,42.74464],[-71.1148,42.74354],[-71.11455,42.74349]]}},{"type":"Feature","properties":{"id":"108056","type":"AC; OVERHEAD","status":"IN SERVICE","owner":"PUBLIC SERVICE CO OF NH","voltage":115,"voltClass":"100-161"},"geometry":{"type":"LineString","coordinates":[[-70.99844,43.3088],[-70.99796,43.30887],[-70.99682,43.30816],[-70.99681,43.30781],[-70.99716,43.30742],[-70.99776,43.30772],[-70.9978,43.30794]]}},{"type":"Feature","properties":{"id":"108084","type":"AC; OVERHEAD","status":"IN SERVICE","owner":"PUBLIC SERVICE CO OF NH","voltage":115,"voltClass":"100-161"},"geometry":{"type":"LineString","coordinates":[[-71.48982,43.5549],[-71.49008,43.55496],[-71.49059,43.5545],[-71.491,43.55415],[-71.4911,43.55432],[-71.49148,43.55453],[-71.49224,43.55493],[-71.49288,43.55527],[-71.49359,43.55565],[-71.49424,43.556],[-71.49483,43.55631],[-71.49557,43.55672],[-71.49665,43.55729],[-71.49732,43.55765],[-71.498,43.55801],[-71.49864,43.55836],[-71.49943,43.55876],[-71.50012,43.55914],[-71.50093,43.55958],[-71.50174,43.56014],[-71.50251,43.56068],[-71.50329,43.56122],[-71.50412,43.56179],[-71.50455,43.56229],[-71.50484,43.5626],[-71.5054,43.56328],[-71.50583,43.56379],[-71.50562,43.56445],[-71.50548,43.56497],[-71.50531,43.56549],[-71.50575,43.56615],[-71.50619,43.56682],[-71.50659,43.56745],[-71.50704,43.56811],[-71.50746,43.56873],[-71.50757,43.56934],[-71.50771,43.56995],[-71.50784,43.57055],[-71.5083,43.57116],[-71.50875,43.57175],[-71.50927,43.57243],[-71.50976,43.57305],[-71.51026,43.57368],[-71.5107,43.57423],[-71.51117,43.57482],[-71.51165,43.57541],[-71.51211,43.576],[-71.51255,43.57653],[-71.51257,43.57714],[-71.51259,43.57782],[-71.51261,43.57839],[-71.51303,43.57865],[-71.5136,43.579],[-71.51406,43.57929],[-71.51469,43.57968],[-71.51541,43.58013],[-71.51652,43.58122],[-71.51714,43.58182],[-71.51774,43.58239],[-71.51839,43.58309],[-71.51909,43.58389],[-71.51956,43.58442],[-71.52004,43.58494],[-71.52018,43.58535],[-71.5204,43.58595],[-71.52062,43.58656],[-71.52083,43.58713],[-71.52097,43.58819],[-71.52107,43.58894],[-71.52116,43.58954],[-71.52124,43.59021],[-71.52131,43.59094],[-71.5213,43.59177],[-71.52124,43.59246],[-71.52118,43.59315],[-71.52111,43.59384],[-71.52103,43.59459],[-71.52098,43.59527],[-71.52091,43.59598],[-71.52084,43.59667],[-71.52078,43.59733],[-71.5207,43.59808],[-71.52067,43.59852],[-71.5206,43.59914],[-71.52055,43.59987],[-71.52053,43.60022],[-71.52136,43.60092],[-71.52206,43.60151],[-71.52289,43.6022],[-71.52358,43.60278],[-71.52428,43.60336],[-71.5249,43.60388],[-71.52544,43.60433],[-71.52611,43.60487],[-71.52699,43.6056],[-71.52778,43.60626],[-71.52854,43.60691],[-71.53037,43.60838],[-71.53202,43.60981],[-71.53278,43.61045],[-71.5332,43.61076],[-71.53427,43.61167],[-71.53502,43.6123],[-71.53568,43.61284],[-71.53699,43.61388],[-71.53817,43.61497],[-71.5391,43.61614],[-71.54052,43.61681],[-71.54205,43.61813],[-71.54245,43.61889],[-71.5431,43.62024],[-71.54359,43.62112],[-71.54403,43.62202],[-71.54473,43.62335],[-71.54735,43.62579],[-71.54942,43.62767],[-71.55374,43.63165],[-71.55553,43.63326],[-71.55687,43.63448],[-71.55729,43.63486],[-71.55807,43.63532],[-71.55995,43.63648],[-71.5627,43.63812],[-71.5642,43.63903],[-71.56649,43.64043],[-71.56862,43.64172],[-71.56988,43.64248],[-71.57121,43.64331],[-71.57285,43.64427],[-71.57421,43.64506],[-71.57644,43.6464],[-71.57894,43.64793],[-71.58032,43.6486],[-71.58122,43.64908],[-71.58546,43.65147],[-71.58617,43.652],[-71.58715,43.65275],[-71.58891,43.65408],[-71.59073,43.65548],[-71.59104,43.65714],[-71.59141,43.65879],[-71.59172,43.6604],[-71.5919,43.66132],[-71.59204,43.66223],[-71.59263,43.66272],[-71.59406,43.66395],[-71.5954,43.66509],[-71.5963,43.6658],[-71.59665,43.66611],[-71.59731,43.66668],[-71.59797,43.66722],[-71.5991,43.66831],[-71.6016,43.67046],[-71.60422,43.67202],[-71.61052,43.6758],[-71.61339,43.67753],[-71.61777,43.68021],[-71.61941,43.68112],[-71.62199,43.68267],[-71.62448,43.68417],[-71.63066,43.68787],[-71.6342,43.69002],[-71.63461,43.6901],[-71.63548,43.69001],[-71.63641,43.69094],[-71.6372,43.69143]]}},{"type":"Feature","properties":{"id":"108181","type":"AC; OVERHEAD","status":"IN SERVICE","owner":"PUBLIC SERVICE CO OF NH","voltage":115,"voltClass":"100-161"},"geometry":{"type":"LineString","coordinates":[[-71.47007,43.14061],[-71.4705,43.14068],[-71.47197,43.13981],[-71.47261,43.14058],[-71.47336,43.14146],[-71.47402,43.14225],[-71.47472,43.14306],[-71.4754,43.14387],[-71.47625,43.14478],[-71.47711,43.14571],[-71.4789,43.14755],[-71.48421,43.15298],[-71.49172,43.15292],[-71.50176,43.15966],[-71.50392,43.16111],[-71.50787,43.1622],[-71.50744,43.16262],[-71.5074,43.16275]]}},{"type":"Feature","properties":{"id":"108694","type":"AC; OVERHEAD","status":"IN SERVICE","owner":"PUBLIC SERVICE CO OF NH","voltage":115,"voltClass":"100-161"},"geometry":{"type":"LineString","coordinates":[[-71.67387,43.4558],[-71.67378,43.45563],[-71.67478,43.45288],[-71.67704,43.44738],[-71.67864,43.44361],[-71.67784,43.44082],[-71.67642,43.43573],[-71.67412,43.42742],[-71.67213,43.42043],[-71.67093,43.41667],[-71.66995,43.41342],[-71.66761,43.40619],[-71.66338,43.40222],[-71.66033,43.39931],[-71.65504,43.39423],[-71.64619,43.38585],[-71.64083,43.38078],[-71.6368,43.37619],[-71.62654,43.36442],[-71.61206,43.34792],[-71.60705,43.34224],[-71.56872,43.29898],[-71.56064,43.28991],[-71.55659,43.28581],[-71.55064,43.28033],[-71.54344,43.27369],[-71.536,43.2669],[-71.5287,43.26016],[-71.52134,43.25338],[-71.50764,43.24061],[-71.49985,43.23342],[-71.49396,43.22799],[-71.49081,43.22502],[-71.49078,43.2222],[-71.49112,43.21879],[-71.49181,43.21298],[-71.48532,43.20985],[-71.48596,43.20378],[-71.48658,43.198],[-71.48749,43.18958],[-71.48777,43.18709],[-71.48819,43.18305],[-71.49071,43.1812],[-71.49483,43.17826],[-71.49895,43.17529],[-71.501,43.17383],[-71.50143,43.17308],[-71.50554,43.16619],[-71.50676,43.1641],[-71.50721,43.16323],[-71.50736,43.16294],[-71.5074,43.16275]]}},{"type":"Feature","properties":{"id":"108872","type":"AC; OVERHEAD","status":"IN SERVICE","owner":"PUBLIC SERVICE CO OF NH","voltage":115,"voltClass":"100-161"},"geometry":{"type":"LineString","coordinates":[[-72.09901,43.3917],[-72.09899,43.39198],[-72.10033,43.39238],[-72.11268,43.39725],[-72.11688,43.39801],[-72.12196,43.39889],[-72.12474,43.39942],[-72.1319,43.40065],[-72.13636,43.40144],[-72.14226,43.40253],[-72.14364,43.40276],[-72.15191,43.40421],[-72.15521,43.40479],[-72.1605,43.40572],[-72.16445,43.40641],[-72.16823,43.40707],[-72.18188,43.40949],[-72.18505,43.41003],[-72.19126,43.41047],[-72.19482,43.41072],[-72.21141,43.41612],[-72.21775,43.41809],[-72.22276,43.41981],[-72.35182,43.4005],[-72.35271,43.40068],[-72.35927,43.39966],[-72.36362,43.4012],[-72.36809,43.40066],[-72.37914,43.3994],[-72.38238,43.39574],[-72.38684,43.39673],[-72.3921,43.39483],[-72.39489,43.39383],[-72.40411,43.39442],[-72.40649,43.39456],[-72.40651,43.39515],[-72.40754,43.39522]]}},{"type":"Feature","properties":{"id":"109035","type":"AC; OVERHEAD","status":"IN SERVICE","owner":"PUBLIC SERVICE CO OF NH","voltage":115,"voltClass":"100-161"},"geometry":{"type":"LineString","coordinates":[[-72.09901,43.3917],[-72.09881,43.39184],[-72.09853,43.39286],[-72.09786,43.39414],[-72.09234,43.41263],[-72.08975,43.42135],[-72.08905,43.42358],[-72.07293,43.44484],[-72.06931,43.44311],[-72.0422,43.44101],[-72.00967,43.45118],[-72.00374,43.45296],[-71.99475,43.45091],[-71.98695,43.44629],[-71.89814,43.42574],[-71.86345,43.41984],[-71.85533,43.42292],[-71.84119,43.42818],[-71.80242,43.42059],[-71.79689,43.41774],[-71.78345,43.42604],[-71.76693,43.43617],[-71.76547,43.43711],[-71.72862,43.44653],[-71.70425,43.44635],[-71.69186,43.44915],[-71.68456,43.45082],[-71.67556,43.45293],[-71.67448,43.45527],[-71.67412,43.45573],[-71.67387,43.4558]]}},{"type":"Feature","properties":{"id":"109192","type":"AC; OVERHEAD","status":"IN SERVICE","owner":"PUBLIC SERVICE CO OF NH","voltage":115,"voltClass":"100-161"},"geometry":{"type":"LineString","coordinates":[[-70.78729,43.09487],[-70.78697,43.09472],[-70.78672,43.09388]]}},{"type":"Feature","properties":{"id":"107600","type":"AC; OVERHEAD","status":"IN SERVICE","owner":"PUBLIC SERVICE CO OF NH","voltage":115,"voltClass":"100-161"},"geometry":{"type":"LineString","coordinates":[[-72.48298,42.79792],[-72.4838,42.79792],[-72.48471,42.79777],[-72.49061,42.79684],[-72.49084,42.79682],[-72.50682,42.79601]]}},{"type":"Feature","properties":{"id":"107824","type":"AC; OVERHEAD","status":null,"owner":"PUBLIC SERVICE CO OF NH","voltage":115,"voltClass":"100-161"},"geometry":{"type":"LineString","coordinates":[[-70.78602,43.09735],[-70.78547,43.09762],[-70.7854,43.09781],[-70.78402,43.0967],[-70.78336,43.09668],[-70.78311,43.09679],[-70.78359,43.0974],[-70.7838,43.09759]]}},{"type":"Feature","properties":{"id":"107897","type":"AC; OVERHEAD","status":"IN SERVICE","owner":null,"voltage":115,"voltClass":"100-161"},"geometry":{"type":"LineString","coordinates":[[-72.40754,43.39522],[-72.40669,43.39498],[-72.40684,43.39435],[-72.40337,43.39415],[-72.39803,43.39383],[-72.39569,43.39365],[-72.39482,43.3936],[-72.39196,43.39467],[-72.38673,43.39658],[-72.38309,43.39574]]}},{"type":"Feature","properties":{"id":"107901","type":"AC; OVERHEAD","status":"IN SERVICE","owner":"CENTRAL MAINE POWER CO","voltage":115,"voltClass":"100-161"},"geometry":{"type":"LineString","coordinates":[[-70.73465,43.42911],[-70.73429,43.42903],[-70.72999,43.42888],[-70.71743,43.42292],[-70.70401,43.41202],[-70.70383,43.41187],[-70.70316,43.41133],[-70.6905,43.40995],[-70.68699,43.40713],[-70.68802,43.40644],[-70.67422,43.3955],[-70.66077,43.39374],[-70.64548,43.39172],[-70.63299,43.39007],[-70.62574,43.38914],[-70.62127,43.39356],[-70.61998,43.39483],[-70.61927,43.39557],[-70.61857,43.39653],[-70.61823,43.39715],[-70.61784,43.39694]]}},{"type":"Feature","properties":{"id":"106898","type":"AC; OVERHEAD","status":"IN SERVICE","owner":"PUBLIC SERVICE CO OF NH","voltage":115,"voltClass":"100-161"},"geometry":{"type":"LineString","coordinates":[[-71.34211,42.90486],[-71.34265,42.90384],[-71.34169,42.90299],[-71.34152,42.90245],[-71.34084,42.90257],[-71.34038,42.90277]]}},{"type":"Feature","properties":{"id":"107071","type":"AC; OVERHEAD","status":"IN SERVICE","owner":"PUBLIC SERVICE CO OF NH","voltage":115,"voltClass":"100-161"},"geometry":{"type":"LineString","coordinates":[[-71.08758,44.00763],[-71.08696,44.00688],[-71.0839,44.00836],[-71.07478,44.01265],[-71.07182,44.01407],[-71.06636,44.01663],[-71.05736,44.02089],[-71.05015,44.02433],[-71.04362,44.02744],[-71.03811,44.03006],[-71.03264,44.03275],[-71.02959,44.03418],[-71.02169,44.03793],[-71.01403,44.0416],[-71.00821,44.04443],[-71.0061,44.04736],[-71.0034,44.05109],[-71.00154,44.05374],[-71.0002,44.05569],[-70.99945,44.05677],[-70.99632,44.06114],[-70.99291,44.06584],[-70.98997,44.06992],[-70.98668,44.0745],[-70.97427,44.07242],[-70.9692,44.07157],[-70.96831,44.07235],[-70.96722,44.07331],[-70.96461,44.07577],[-70.96167,44.07853],[-70.95329,44.08033],[-70.9376,44.08374],[-70.93633,44.0893],[-70.93101,44.09444],[-70.92693,44.09845],[-70.92555,44.09981],[-70.9188,44.10158],[-70.91578,44.1093],[-70.91401,44.11383],[-70.9035,44.11861],[-70.89953,44.12046],[-70.89267,44.12099],[-70.88896,44.12164],[-70.88842,44.12177],[-70.88847,44.12194]]}},{"type":"Feature","properties":{"id":"107173","type":"AC; OVERHEAD","status":"IN SERVICE","owner":"PUBLIC SERVICE CO OF NH","voltage":115,"voltClass":"100-161"},"geometry":{"type":"LineString","coordinates":[[-71.46796,42.83196],[-71.46794,42.83186]]}},{"type":"Feature","properties":{"id":"111943","type":"AC; OVERHEAD","status":"IN SERVICE","owner":null,"voltage":115,"voltClass":"100-161"},"geometry":{"type":"LineString","coordinates":[[-71.0776,42.7134],[-71.07517,42.71416],[-71.07376,42.71459],[-71.07218,42.71507],[-71.0706,42.71554],[-71.06952,42.71586],[-71.06864,42.71614],[-71.06762,42.71644],[-71.06564,42.71703],[-71.06387,42.71757],[-71.06249,42.71796],[-71.06133,42.71792],[-71.05989,42.71787],[-71.05776,42.7178],[-71.05595,42.71774],[-71.05385,42.71767],[-71.05263,42.71763],[-71.05145,42.71759],[-71.04932,42.71752],[-71.04792,42.71747],[-71.04702,42.71809],[-71.0458,42.71893],[-71.04406,42.72013],[-71.04328,42.72067],[-71.04211,42.72147],[-71.04132,42.72202],[-71.03968,42.72315],[-71.03891,42.72368],[-71.03781,42.72444],[-71.03654,42.72532],[-71.03523,42.72622],[-71.03301,42.72683],[-71.03116,42.72733],[-71.02982,42.7277],[-71.02801,42.7282],[-71.02612,42.72872],[-71.02486,42.72907],[-71.02395,42.72932],[-71.02302,42.72957],[-71.02119,42.73008],[-71.01918,42.73063],[-71.01813,42.73146],[-71.01686,42.73242],[-71.01537,42.73356],[-71.01428,42.73438],[-71.01347,42.73503],[-71.01326,42.73519],[-71.0126,42.73568],[-71.01181,42.73622],[-71.0122,42.73646]]}},{"type":"Feature","properties":{"id":"112449","type":"AC; OVERHEAD","status":"IN SERVICE","owner":null,"voltage":115,"voltClass":"100-161"},"geometry":{"type":"LineString","coordinates":[[-71.0776,42.7134],[-71.07775,42.71355],[-71.07813,42.71391],[-71.07881,42.71457],[-71.07972,42.71545],[-71.08153,42.7172],[-71.08218,42.71782],[-71.08278,42.71839],[-71.08342,42.719],[-71.08425,42.71978],[-71.08503,42.72055],[-71.08588,42.72136],[-71.08678,42.72222],[-71.08772,42.72315],[-71.08853,42.72393],[-71.08937,42.72473],[-71.09019,42.72552],[-71.09102,42.72632],[-71.09175,42.72703],[-71.09262,42.72785],[-71.09349,42.72872],[-71.09488,42.73003],[-71.09577,42.73089],[-71.09653,42.73163],[-71.09728,42.73234],[-71.09814,42.73318],[-71.09973,42.73469],[-71.10042,42.73535],[-71.10098,42.7359],[-71.1016,42.73649],[-71.10248,42.73733],[-71.10302,42.73786],[-71.10357,42.73839],[-71.10423,42.73903],[-71.10506,42.73983],[-71.10606,42.74077],[-71.10666,42.74135],[-71.10739,42.74206],[-71.10817,42.74279],[-71.11019,42.74306],[-71.11205,42.74328],[-71.11308,42.74352],[-71.11392,42.7437],[-71.1137,42.74424]]}},{"type":"Feature","properties":{"id":"111380","type":"AC; OVERHEAD","status":"IN SERVICE","owner":"PUBLIC SERVICE CO OF NH","voltage":115,"voltClass":"100-161"},"geometry":{"type":"LineString","coordinates":[[-70.78729,43.09487],[-70.78724,43.09502],[-70.78786,43.09574],[-70.78682,43.09636],[-70.78588,43.09698],[-70.78602,43.09735]]}},{"type":"Feature","properties":{"id":"111417","type":"AC; OVERHEAD","status":"IN SERVICE","owner":"VERMONT ELECTRIC POWER CO","voltage":115,"voltClass":"100-161"},"geometry":{"type":"LineString","coordinates":[[-72.3118,43.68329],[-72.31126,43.68298],[-72.30828,43.68387],[-72.3068,43.68279],[-72.30628,43.68258],[-72.30573,43.68195],[-72.30479,43.68029],[-72.30384,43.67856],[-72.30341,43.67773],[-72.30403,43.67647],[-72.30392,43.6754],[-72.30388,43.67435],[-72.30381,43.6736],[-72.30462,43.67246],[-72.30519,43.6718],[-72.30507,43.67069],[-72.30506,43.66954],[-72.30442,43.66914]]}},{"type":"Feature","properties":{"id":"111527","type":"AC; OVERHEAD","status":"IN SERVICE","owner":"PUBLIC SERVICE CO OF NH","voltage":115,"voltClass":"100-161"},"geometry":{"type":"LineString","coordinates":[[-70.99844,43.3088],[-70.99811,43.30907],[-70.99718,43.30979],[-70.99526,43.31007],[-70.99374,43.31124],[-70.99297,43.31188],[-70.98652,43.31478],[-70.98217,43.31671],[-70.97821,43.31849],[-70.96797,43.31681],[-70.97625,43.32849],[-70.98311,43.33812],[-70.9847,43.33851],[-70.98649,43.34727],[-70.98821,43.35493],[-70.99209,43.37287],[-70.99255,43.37479],[-70.9911,43.37535],[-70.99316,43.37851],[-70.9949,43.38595]]}},{"type":"Feature","properties":{"id":"111563","type":"AC; OVERHEAD","status":"IN SERVICE","owner":"PUBLIC SERVICE CO OF NH","voltage":115,"voltClass":"100-161"},"geometry":{"type":"LineString","coordinates":[[-71.44419,43.05659],[-71.44401,43.05675],[-71.44292,43.05683],[-71.44176,43.05691],[-71.44084,43.05698],[-71.43882,43.05765],[-71.43666,43.05832],[-71.4348,43.05892],[-71.43297,43.05903],[-71.43117,43.05915],[-71.42948,43.05929],[-71.4277,43.05965],[-71.42644,43.05989],[-71.42414,43.06034],[-71.42301,43.06056],[-71.42111,43.06092],[-71.41975,43.06118],[-71.41812,43.0615],[-71.41648,43.06182],[-71.41451,43.0622],[-71.41235,43.06262],[-71.40993,43.06308],[-71.40752,43.06353],[-71.40591,43.06382],[-71.40352,43.06428],[-71.40148,43.06469],[-71.39972,43.06505],[-71.39811,43.06536],[-71.39744,43.0655],[-71.39465,43.06605],[-71.3921,43.06657],[-71.38932,43.06714],[-71.38669,43.06765],[-71.38456,43.06806],[-71.38291,43.0684],[-71.38136,43.06871],[-71.37921,43.06914],[-71.37572,43.06984],[-71.3744,43.07012],[-71.37268,43.07073],[-71.37047,43.07149],[-71.36827,43.07223],[-71.36694,43.07269],[-71.36436,43.07358],[-71.36207,43.07438],[-71.36076,43.07484],[-71.35957,43.07524],[-71.35742,43.07625],[-71.35631,43.07674],[-71.35513,43.07728],[-71.35323,43.07816],[-71.35082,43.07929],[-71.3493,43.07999],[-71.34744,43.08086],[-71.34379,43.08296],[-71.34191,43.08406],[-71.34093,43.08462],[-71.33925,43.0856],[-71.33807,43.08628],[-71.33633,43.08726],[-71.33505,43.08802],[-71.33385,43.08874],[-71.3316,43.09002],[-71.32942,43.09134],[-71.3282,43.09203],[-71.32648,43.09305],[-71.32464,43.09414],[-71.32277,43.0952],[-71.32105,43.09632],[-71.31948,43.09722],[-71.31836,43.09791],[-71.31673,43.09886],[-71.31488,43.09995],[-71.31284,43.10115],[-71.31088,43.10231],[-71.30885,43.10349],[-71.30698,43.10457],[-71.30493,43.10576],[-71.30298,43.1069],[-71.30171,43.10763],[-71.30041,43.10834],[-71.29982,43.10871],[-71.29825,43.11],[-71.29698,43.1111],[-71.296,43.11193],[-71.29488,43.11294],[-71.29378,43.11387],[-71.29273,43.11454],[-71.29094,43.11564],[-71.28949,43.11657],[-71.28786,43.11759],[-71.28645,43.11848],[-71.28484,43.1195],[-71.28332,43.12045],[-71.28229,43.12111],[-71.28083,43.12203],[-71.28013,43.12248],[-71.27879,43.12331],[-71.27711,43.12434],[-71.27525,43.12558],[-71.2742,43.12623],[-71.273,43.127],[-71.27189,43.12768],[-71.27059,43.12853],[-71.26915,43.12945],[-71.26831,43.12998],[-71.26711,43.13077],[-71.26612,43.13095],[-71.26497,43.13119],[-71.26291,43.13162],[-71.26144,43.13192],[-71.25901,43.13242],[-71.25694,43.13284],[-71.25519,43.13322],[-71.25442,43.13338],[-71.25091,43.13411],[-71.24882,43.13455],[-71.24696,43.13495],[-71.24427,43.13549],[-71.24261,43.13584],[-71.24129,43.13613],[-71.2395,43.13651],[-71.23782,43.13686],[-71.23663,43.13711],[-71.23404,43.13764],[-71.23193,43.13809],[-71.23038,43.13841],[-71.22742,43.139],[-71.22665,43.13916],[-71.22527,43.13944],[-71.22169,43.14019],[-71.2201,43.1405],[-71.21826,43.14091],[-71.21681,43.14122],[-71.215,43.1416],[-71.21268,43.14208],[-71.21082,43.14248],[-71.20866,43.14256],[-71.20718,43.14263],[-71.20473,43.14275],[-71.20294,43.14284],[-71.20082,43.14294],[-71.19695,43.14312],[-71.19485,43.14321],[-71.19305,43.14331],[-71.1915,43.14337],[-71.1894,43.14347],[-71.1863,43.14362],[-71.18597,43.14343],[-71.18566,43.14345],[-71.18514,43.14347],[-71.18294,43.14358],[-71.18171,43.14362],[-71.18229,43.14307],[-71.18336,43.14205],[-71.18394,43.14241],[-71.1848,43.14171]]}},{"type":"Feature","properties":{"id":"111803","type":"AC; OVERHEAD","status":"IN SERVICE","owner":"PUBLIC SERVICE CO OF NH","voltage":115,"voltClass":"100-161"},"geometry":{"type":"LineString","coordinates":[[-72.44188,43.13262],[-72.44185,43.13286],[-72.44149,43.13319],[-72.44125,43.13325]]}},{"type":"Feature","properties":{"id":"110385","type":"AC; OVERHEAD","status":"IN SERVICE","owner":"VERMONT ELECTRIC POWER CO","voltage":115,"voltClass":"100-161"},"geometry":{"type":"LineString","coordinates":[[-72.30442,43.66914],[-72.30378,43.6685]]}},{"type":"Feature","properties":{"id":"110419","type":"AC; OVERHEAD","status":"IN SERVICE","owner":"PUBLIC SERVICE CO OF NH","voltage":230,"voltClass":"220-287"},"geometry":{"type":"LineString","coordinates":[[-72.00304,44.32097],[-72.00412,44.32059],[-72.01036,44.31528],[-72.01355,44.29844],[-72.01661,44.28186],[-72.01613,44.27813],[-72.01475,44.26876],[-72.01231,44.25119],[-72.01001,44.23586],[-72.0087,44.2326],[-71.99587,44.19841],[-71.99461,44.19402],[-71.98387,44.15612],[-71.98012,44.14294],[-71.97929,44.13817],[-71.97128,44.0932],[-71.97108,44.09214],[-71.97019,44.08361],[-71.96735,44.05542],[-71.96352,44.0181],[-71.95908,44.01312],[-71.94121,43.99258],[-71.94617,43.95634],[-71.94421,43.94964],[-71.92894,43.89811],[-71.92011,43.86815],[-71.91476,43.84971],[-71.91107,43.84315],[-71.8933,43.81147],[-71.87904,43.78606],[-71.86777,43.76573],[-71.86606,43.76174],[-71.85076,43.72791],[-71.84218,43.70907],[-71.84043,43.70511],[-71.83809,43.69809],[-71.833,43.68341],[-71.83033,43.67744],[-71.82563,43.66642],[-71.81992,43.65355],[-71.81691,43.64678],[-71.81129,43.63403],[-71.81031,43.63083],[-71.80543,43.61552],[-71.79811,43.59238],[-71.7873,43.55876],[-71.78473,43.551],[-71.78345,43.54688],[-71.77774,43.52883],[-71.77735,43.52499],[-71.77413,43.4891],[-71.77354,43.48332],[-71.77196,43.47814],[-71.76929,43.46969],[-71.76131,43.44376],[-71.75956,43.44029],[-71.75198,43.42633],[-71.74854,43.42011],[-71.73532,43.39355],[-71.72332,43.36963],[-71.71331,43.34906],[-71.70459,43.33036],[-71.70338,43.32771],[-71.69999,43.3227],[-71.67678,43.28787],[-71.66611,43.27197],[-71.65417,43.25414],[-71.65074,43.24889],[-71.6508,43.24489],[-71.65093,43.23904],[-71.65198,43.23423],[-71.65483,43.22217],[-71.65186,43.21693],[-71.64264,43.20077],[-71.63978,43.19508],[-71.63766,43.19087],[-71.63732,43.18923],[-71.63269,43.16644],[-71.63031,43.16191],[-71.61254,43.12776],[-71.60116,43.10564],[-71.59983,43.10325],[-71.59116,43.08649],[-71.5873,43.07874],[-71.58362,43.07089],[-71.58046,43.06402],[-71.57854,43.05995],[-71.56547,43.03195],[-71.56354,43.02797],[-71.56148,43.02343],[-71.55932,43.01888],[-71.5568,43.01317],[-71.55119,43.00848],[-71.53449,42.9944],[-71.52335,42.985],[-71.50854,42.9724],[-71.50668,42.96902],[-71.50094,42.9584],[-71.49492,42.94738],[-71.47903,42.91842],[-71.4761,42.91282],[-71.47359,42.91008],[-71.46527,42.90111],[-71.45878,42.89413],[-71.45118,42.8857],[-71.44844,42.88249],[-71.44038,42.87313]]}},{"type":"Feature","properties":{"id":"110842","type":"AC; OVERHEAD","status":"IN SERVICE","owner":"GREEN MOUNTAIN POWER CORP","voltage":345,"voltClass":"345"},"geometry":{"type":"LineString","coordinates":[[-72.51582,42.78012],[-72.51672,42.78142],[-72.51832,42.78221],[-72.51913,42.78338]]}},{"type":"Feature","properties":{"id":"111186","type":"AC; OVERHEAD","status":"IN SERVICE","owner":"PUBLIC SERVICE CO OF NH","voltage":115,"voltClass":"100-161"},"geometry":{"type":"LineString","coordinates":[[-72.28604,42.92968],[-72.2863,42.92982],[-72.28683,42.92974],[-72.28731,42.93005],[-72.2897,42.92982],[-72.28997,42.93072],[-72.28987,42.93138],[-72.29021,42.93426],[-72.29231,42.93793],[-72.2944,42.94159],[-72.29704,42.94281],[-72.29833,42.94341],[-72.29965,42.9446],[-72.29917,42.94727],[-72.29881,42.9498],[-72.30034,42.9527],[-72.30255,42.9569],[-72.29749,42.95918],[-72.29336,42.96105],[-72.2926,42.9615],[-72.28663,42.96421],[-72.28037,42.96705],[-72.2657,42.97378],[-72.26464,42.9742],[-72.26021,42.97352],[-72.2569,42.97301],[-72.25169,42.97527],[-72.23645,42.9819],[-72.21846,42.98974],[-72.20572,42.99518],[-72.19869,42.99831],[-72.18893,43.00269],[-72.18544,43.00421],[-72.17107,43.01045],[-72.15623,43.01693],[-72.15451,43.01947],[-72.14723,43.03044],[-72.1438,43.0326],[-72.14082,43.03272],[-72.13262,43.03319],[-72.1316,43.03338],[-72.11788,43.03602],[-72.11291,43.03597],[-72.11192,43.03596],[-72.10858,43.03676],[-72.0907,43.04106],[-72.08805,43.04171],[-72.08562,43.04493],[-72.0805,43.0518],[-72.0792,43.05428],[-72.07667,43.05973],[-72.07333,43.06257],[-72.0664,43.06845],[-72.06581,43.06895],[-72.05949,43.06735],[-72.05656,43.06659],[-72.05105,43.06517],[-72.04667,43.06472],[-72.03977,43.064],[-72.03218,43.0632],[-72.02747,43.06505],[-72.01689,43.06924],[-72.01016,43.07336],[-72.00513,43.07364],[-71.98606,43.07474],[-71.98405,43.07472],[-71.98215,43.07487],[-71.9803,43.07541],[-71.97444,43.07608],[-71.97134,43.07608],[-71.96825,43.0777],[-71.96323,43.08017],[-71.95925,43.08605],[-71.95888,43.08916],[-71.95404,43.09363],[-71.9497,43.09673],[-71.94515,43.0978],[-71.93781,43.10111],[-71.93487,43.10562],[-71.93033,43.10816],[-71.92996,43.10851],[-71.92734,43.11087],[-71.92653,43.11212],[-71.92632,43.11206],[-71.92601,43.11209]]}},{"type":"Feature","properties":{"id":"109521","type":"AC; OVERHEAD","status":"IN SERVICE","owner":"PUBLIC SERVICE CO OF NH","voltage":115,"voltClass":"100-161"},"geometry":{"type":"LineString","coordinates":[[-71.42933,42.77674],[-71.42926,42.77595],[-71.42858,42.77587],[-71.42858,42.77551],[-71.4286,42.77485],[-71.4289,42.77471]]}},{"type":"Feature","properties":{"id":"109598","type":"AC; OVERHEAD","status":"IN SERVICE","owner":"PUBLIC SERVICE CO OF NH","voltage":230,"voltClass":"220-287"},"geometry":{"type":"LineString","coordinates":[[-72.00304,44.32097],[-72.00424,44.32423],[-72.00522,44.3274],[-72.00541,44.32834],[-72.00539,44.32909],[-72.00428,44.33101],[-72.00347,44.33238],[-72.00145,44.33426],[-72.00008,44.33517],[-71.99896,44.33608],[-71.99801,44.33684],[-71.99605,44.33785],[-71.99555,44.33808],[-71.99406,44.33891],[-71.99261,44.33962],[-71.99176,44.34013],[-71.98929,44.34142],[-71.98889,44.34165],[-71.98777,44.34228],[-71.98605,44.34208],[-71.98247,44.34381],[-71.98155,44.34366],[-71.98074,44.34345],[-71.9788,44.34294],[-71.97758,44.34263],[-71.97503,44.34203],[-71.97379,44.34174],[-71.97237,44.34139],[-71.96972,44.34077],[-71.96719,44.34018],[-71.96383,44.33937],[-71.95834,44.34059],[-71.95435,44.34138],[-71.95258,44.34177],[-71.95204,44.34188],[-71.95185,44.34192],[-71.95162,44.34195],[-71.94904,44.34219],[-71.94739,44.34226],[-71.9403,44.3427],[-71.934,44.34314],[-71.9328,44.34318],[-71.93098,44.34328],[-71.92799,44.34347],[-71.92364,44.34369],[-71.92101,44.34509],[-71.91837,44.34402],[-71.90919,44.34452],[-71.90858,44.34454],[-71.89071,44.33779],[-71.88835,44.33489],[-71.88765,44.3351],[-71.88543,44.33572],[-71.88087,44.33397]]}},{"type":"Feature","properties":{"id":"109624","type":"AC; OVERHEAD","status":"IN SERVICE","owner":"PUBLIC SERVICE CO OF NH","voltage":230,"voltClass":"220-287"},"geometry":{"type":"LineString","coordinates":[[-71.4583,42.93392],[-71.45882,42.9358],[-71.45941,42.93677],[-71.46018,42.9394],[-71.46152,42.94375],[-71.46215,42.94388],[-71.46359,42.94358],[-71.46366,42.94463],[-71.46333,42.94467],[-71.46304,42.94455]]}},{"type":"Feature","properties":{"id":"109674","type":"AC; OVERHEAD","status":"IN SERVICE","owner":"PUBLIC SERVICE CO OF NH","voltage":115,"voltClass":"100-161"},"geometry":{"type":"LineString","coordinates":[[-71.20357,42.74262],[-71.20492,42.74279],[-71.2047,42.74174],[-71.2045,42.74091],[-71.20417,42.73937],[-71.20362,42.73876],[-71.19828,42.73312],[-71.19749,42.73279],[-71.19696,42.73257]]}},{"type":"Feature","properties":{"id":"109710","type":"AC; OVERHEAD","status":"IN SERVICE","owner":"PUBLIC SERVICE CO OF NH","voltage":115,"voltClass":"100-161"},"geometry":{"type":"LineString","coordinates":[[-71.87356,44.3393],[-71.87806,44.33919],[-71.87952,44.33772],[-71.88061,44.33658],[-71.88105,44.33608],[-71.88171,44.33544],[-71.87951,44.3337],[-71.88055,44.3331],[-71.88242,44.33214],[-71.88364,44.33139],[-71.88427,44.32922],[-71.88467,44.32901]]}},{"type":"Feature","properties":{"id":"113917","type":"AC; OVERHEAD","status":"IN SERVICE","owner":null,"voltage":115,"voltClass":"100-161"},"geometry":{"type":"LineString","coordinates":[[-71.04756,42.62928],[-71.04753,42.62939],[-71.04712,42.63091],[-71.04687,42.63189],[-71.04643,42.6335],[-71.04635,42.63401],[-71.0466,42.63494],[-71.04687,42.6357],[-71.04717,42.6366],[-71.04766,42.63811],[-71.04796,42.63893],[-71.04829,42.6399],[-71.04881,42.6415],[-71.04904,42.64218],[-71.04941,42.64329],[-71.04979,42.64444],[-71.05013,42.64545],[-71.05049,42.64655],[-71.05091,42.64778],[-71.05133,42.64899],[-71.05175,42.65024],[-71.05206,42.65115],[-71.05238,42.65215],[-71.05276,42.65329],[-71.05311,42.6543],[-71.05356,42.65564],[-71.054,42.65695],[-71.05429,42.6578],[-71.05455,42.65861],[-71.05472,42.65911],[-71.05499,42.6599],[-71.05533,42.66094],[-71.05572,42.66211],[-71.05611,42.66325],[-71.0567,42.66503],[-71.05689,42.66556],[-71.05734,42.66691],[-71.05767,42.66787],[-71.05794,42.66869],[-71.05828,42.66971],[-71.05868,42.6709],[-71.05915,42.67229],[-71.05919,42.6724],[-71.05932,42.67281],[-71.05962,42.67368],[-71.05984,42.67434],[-71.06012,42.67567],[-71.06033,42.67672],[-71.06054,42.67773],[-71.06076,42.67882],[-71.06095,42.67975],[-71.06114,42.6806],[-71.06135,42.68168],[-71.06159,42.68285],[-71.06187,42.68417],[-71.06209,42.68529],[-71.06228,42.68621],[-71.06259,42.68772],[-71.06283,42.68887],[-71.06306,42.69001],[-71.06324,42.69089],[-71.06354,42.69233],[-71.0637,42.69311],[-71.06389,42.69407],[-71.06408,42.69498],[-71.06424,42.69574],[-71.06497,42.69639],[-71.06558,42.69693],[-71.06679,42.69802],[-71.06761,42.69874],[-71.06842,42.69946],[-71.07001,42.70089],[-71.07084,42.70163],[-71.07172,42.70243],[-71.07255,42.70316],[-71.07328,42.70381],[-71.07543,42.70572],[-71.07562,42.70653],[-71.07583,42.70733],[-71.07615,42.7086],[-71.07634,42.7093],[-71.07669,42.71053],[-71.07698,42.71171],[-71.07731,42.71312],[-71.07748,42.71328],[-71.0776,42.7134]]}},{"type":"Feature","properties":{"id":"115311","type":"AC; OVERHEAD","status":null,"owner":"PUBLIC SERVICE CO OF NH","voltage":115,"voltClass":"100-161"},"geometry":{"type":"LineString","coordinates":[[-71.22603,44.61798],[-71.22617,44.6178]]}},{"type":"Feature","properties":{"id":"115354","type":"AC; OVERHEAD","status":"IN SERVICE","owner":"PUBLIC SERVICE CO OF NH","voltage":230,"voltClass":"220-287"},"geometry":{"type":"LineString","coordinates":[[-71.9933,44.31942],[-71.99554,44.31877],[-71.99581,44.31846],[-71.99823,44.31933],[-72.00156,44.32053],[-72.00208,44.32075],[-72.00304,44.32097]]}},{"type":"Feature","properties":{"id":"115850","type":"AC; OVERHEAD","status":"IN SERVICE","owner":"PUBLIC SERVICE CO OF NH","voltage":115,"voltClass":"100-161"},"geometry":{"type":"LineString","coordinates":[[-71.2545,44.62783],[-71.25441,44.62755],[-71.25378,44.62668]]}},{"type":"Feature","properties":{"id":"112796","type":"AC; OVERHEAD","status":"IN SERVICE","owner":"GREEN MOUNTAIN POWER CORP","voltage":115,"voltClass":"100-161"},"geometry":{"type":"LineString","coordinates":[[-72.66044,43.42909],[-72.65969,43.42972],[-72.65972,43.43023],[-72.65447,43.42897],[-72.64458,43.4265],[-72.62602,43.42198],[-72.62339,43.42132],[-72.62004,43.42048],[-72.61782,43.41993],[-72.61637,43.41957],[-72.61497,43.41922],[-72.61207,43.4185],[-72.60904,43.41774],[-72.60658,43.41713],[-72.60267,43.41615],[-72.60016,43.41698],[-72.58959,43.42046],[-72.5622,43.41507],[-72.54882,43.41396],[-72.50549,43.41008],[-72.49725,43.40641],[-72.49326,43.40619],[-72.44925,43.40419],[-72.44692,43.40551],[-72.44421,43.4072],[-72.44202,43.40856],[-72.44073,43.40937],[-72.4394,43.4102],[-72.43692,43.41174],[-72.43433,43.41046],[-72.43064,43.40864],[-72.42905,43.40785],[-72.42541,43.40605],[-72.42201,43.40454],[-72.41922,43.40317],[-72.41936,43.40217],[-72.41955,43.40125],[-72.42041,43.3988],[-72.42015,43.39863],[-72.41562,43.39566],[-72.41342,43.39531],[-72.41169,43.39509],[-72.40874,43.39467],[-72.40856,43.39529],[-72.40754,43.39522]]}},{"type":"Feature","properties":{"id":"112797","type":"AC; OVERHEAD","status":"IN SERVICE","owner":"PUBLIC SERVICE CO OF NH","voltage":230,"voltClass":"220-287"},"geometry":{"type":"LineString","coordinates":[[-71.99929,44.32323],[-72.00041,44.32291],[-72.00193,44.32115],[-72.00304,44.32097]]}},{"type":"Feature","properties":{"id":"113007","type":"AC; OVERHEAD","status":null,"owner":"PUBLIC SERVICE CO OF NH","voltage":115,"voltClass":"100-161"},"geometry":{"type":"LineString","coordinates":[[-71.56901,43.01596],[-71.56862,43.01585],[-71.56793,43.01596],[-71.56806,43.01682]]}},{"type":"Feature","properties":{"id":"113095","type":"AC; OVERHEAD","status":"IN SERVICE","owner":null,"voltage":115,"voltClass":"100-161"},"geometry":{"type":"LineString","coordinates":[[-71.0122,42.73646],[-71.01225,42.73699],[-71.01183,42.73729],[-71.01124,42.7377],[-71.01072,42.73834],[-71.00987,42.73943],[-71.00847,42.74107],[-71.00764,42.74214],[-71.00663,42.74344],[-71.00546,42.74492],[-71.00428,42.74643],[-71.00322,42.74777],[-71.00205,42.74925],[-71.001,42.75061],[-70.99961,42.75235],[-70.99886,42.75336],[-70.99807,42.75437],[-70.99725,42.75541],[-70.99648,42.7564],[-70.99587,42.75805],[-70.99528,42.75964],[-70.99476,42.76104],[-70.99418,42.76261],[-70.99366,42.76405],[-70.99314,42.76546],[-70.99259,42.76696],[-70.99205,42.76837],[-70.9915,42.76989],[-70.99093,42.77141],[-70.99059,42.77234],[-70.98954,42.77383],[-70.9886,42.77515],[-70.98774,42.77635],[-70.9868,42.77768],[-70.98589,42.77896],[-70.98505,42.78015],[-70.98427,42.78125],[-70.98378,42.78274],[-70.98328,42.78426],[-70.98275,42.78584],[-70.98223,42.78741],[-70.98172,42.78894],[-70.98131,42.7902],[-70.98081,42.79192],[-70.98041,42.79332],[-70.97974,42.7951],[-70.97939,42.79604],[-70.97904,42.79725],[-70.97859,42.79872],[-70.97819,42.80015],[-70.97784,42.80143],[-70.97749,42.80271],[-70.97714,42.80398],[-70.97681,42.8052],[-70.97723,42.8064],[-70.97774,42.8078],[-70.9774,42.80928],[-70.97709,42.81066],[-70.97678,42.81205],[-70.97647,42.81347],[-70.97612,42.81502],[-70.97575,42.81671],[-70.97539,42.81833],[-70.97542,42.81957],[-70.97545,42.82074],[-70.97549,42.82201],[-70.97566,42.82293],[-70.97608,42.82634],[-70.97494,42.82751],[-70.9742,42.82862],[-70.97334,42.82994],[-70.97269,42.83091],[-70.9718,42.83225],[-70.97243,42.8326],[-70.97242,42.83295]]}},{"type":"Feature","properties":{"id":"113425","type":"AC; OVERHEAD","status":"IN SERVICE","owner":"PUBLIC SERVICE CO OF NH","voltage":115,"voltClass":"100-161"},"geometry":{"type":"LineString","coordinates":[[-70.78672,43.09388],[-70.78742,43.09392],[-70.78833,43.09486],[-70.78835,43.09565],[-70.78721,43.09632],[-70.786,43.09707],[-70.78602,43.09735]]}},{"type":"Feature","properties":{"id":"113511","type":"AC; OVERHEAD","status":"IN SERVICE","owner":"PUBLIC SERVICE CO OF NH","voltage":115,"voltClass":"100-161"},"geometry":{"type":"LineString","coordinates":[[-71.42933,42.77674],[-71.42911,42.77649],[-71.4291,42.77615],[-71.42877,42.77602],[-71.42879,42.77489],[-71.4289,42.77471]]}},{"type":"Feature","properties":{"id":"114955","type":"AC; OVERHEAD","status":"IN SERVICE","owner":"VERMONT ELECTRIC POWER CO","voltage":115,"voltClass":"100-161"},"geometry":{"type":"LineString","coordinates":[[-72.12295,44.6637],[-72.12279,44.66393],[-72.12253,44.66436],[-72.1269,44.66612],[-72.13059,44.66762],[-72.12958,44.67423],[-72.12996,44.67773],[-72.13009,44.67914],[-72.13156,44.68337],[-72.13247,44.68608],[-72.13344,44.68735],[-72.13531,44.69003],[-72.13732,44.69303],[-72.13881,44.69465],[-72.14003,44.69666],[-72.14191,44.69931],[-72.14275,44.70049],[-72.14489,44.70207],[-72.14615,44.70305],[-72.1476,44.70414],[-72.14922,44.70531],[-72.15089,44.70664],[-72.15229,44.70766],[-72.15369,44.70872],[-72.1552,44.70986],[-72.15659,44.71092],[-72.15818,44.71211],[-72.15967,44.71324],[-72.16083,44.71413],[-72.16236,44.71526],[-72.16349,44.71613],[-72.16481,44.71709],[-72.16619,44.71817],[-72.16764,44.71928],[-72.16898,44.72027],[-72.17034,44.7213],[-72.17172,44.72233],[-72.17301,44.7233],[-72.17476,44.72485],[-72.17549,44.72558],[-72.17667,44.72675],[-72.17739,44.72686],[-72.1792,44.72712],[-72.18139,44.72742],[-72.18411,44.7278],[-72.18669,44.72817],[-72.18967,44.72858],[-72.19095,44.72875],[-72.1927,44.729],[-72.19446,44.72926],[-72.19672,44.72958],[-72.19872,44.72984],[-72.2,44.73044],[-72.20127,44.73104],[-72.20309,44.73185],[-72.20418,44.733],[-72.20525,44.73415],[-72.2061,44.735],[-72.2068,44.73586],[-72.20813,44.73662],[-72.20929,44.73729],[-72.20991,44.73855],[-72.21047,44.73967],[-72.21128,44.74131],[-72.21184,44.7424],[-72.21247,44.74365],[-72.21309,44.74489],[-72.2138,44.74628],[-72.21439,44.74744],[-72.21506,44.74885],[-72.21545,44.74962],[-72.2161,44.75092],[-72.21695,44.75261],[-72.21766,44.75395],[-72.21907,44.75502],[-72.22051,44.75611],[-72.22141,44.75679],[-72.22277,44.75785],[-72.22431,44.75903],[-72.22587,44.76019],[-72.22729,44.76129],[-72.22871,44.76236],[-72.22911,44.76412],[-72.22947,44.76561],[-72.22983,44.76725],[-72.23021,44.76885],[-72.23058,44.77042],[-72.23265,44.7712],[-72.23409,44.77171],[-72.23581,44.77233],[-72.23763,44.773],[-72.23906,44.77353],[-72.24101,44.77424],[-72.24286,44.77493],[-72.24457,44.77642],[-72.24629,44.77703],[-72.24805,44.77768],[-72.24993,44.77839],[-72.25143,44.77892],[-72.25292,44.77946],[-72.25441,44.77999],[-72.25559,44.78042],[-72.25665,44.78097],[-72.25764,44.7815],[-72.2594,44.78476],[-72.26134,44.78861],[-72.26286,44.79145],[-72.26446,44.79419],[-72.26582,44.79696],[-72.26657,44.79831],[-72.26869,44.80206],[-72.26938,44.80336],[-72.2699,44.80453],[-72.27066,44.80587],[-72.2716,44.8074],[-72.27214,44.8085],[-72.27242,44.80927],[-72.27205,44.81245],[-72.27182,44.81405],[-72.27156,44.81584],[-72.27141,44.81709],[-72.27202,44.81816],[-72.27265,44.81941],[-72.27325,44.82062],[-72.27393,44.82208],[-72.27461,44.82341],[-72.27531,44.82475],[-72.2759,44.8259],[-72.27661,44.82726],[-72.27737,44.82868],[-72.27806,44.82998],[-72.27949,44.83269],[-72.28019,44.83403],[-72.28076,44.83519],[-72.28156,44.83676],[-72.28208,44.83778],[-72.28264,44.83891],[-72.28344,44.84057],[-72.28402,44.84171],[-72.28486,44.84331],[-72.28525,44.84402],[-72.28422,44.84467]]}},{"type":"Feature","properties":{"id":"114974","type":"AC; OVERHEAD","status":"IN SERVICE","owner":"PUBLIC SERVICE CO OF NH","voltage":115,"voltClass":"100-161"},"geometry":{"type":"LineString","coordinates":[[-71.87356,44.3393],[-71.87451,44.33625],[-71.87497,44.33591]]}},{"type":"Feature","properties":{"id":"116531","type":"AC; OVERHEAD","status":null,"owner":"VERMONT ELECTRIC COOPERATIVE, INC.","voltage":115,"voltClass":"100-161"},"geometry":{"type":"LineString","coordinates":[[-72.12185,44.66312],[-72.12295,44.6637]]}},{"type":"Feature","properties":{"id":"116624","type":"AC; OVERHEAD","status":"IN SERVICE","owner":"PUBLIC SERVICE CO OF NH","voltage":230,"voltClass":"220-287"},"geometry":{"type":"LineString","coordinates":[[-71.24666,42.62386],[-71.24564,42.62567],[-71.24545,42.62727],[-71.24478,42.62879],[-71.24429,42.63003],[-71.24358,42.63187],[-71.24295,42.63338],[-71.24225,42.63521],[-71.24161,42.6369],[-71.24105,42.63748],[-71.24032,42.63932],[-71.23996,42.64033],[-71.2393,42.64197],[-71.23878,42.64327],[-71.239,42.64466],[-71.23928,42.64652],[-71.23984,42.65021],[-71.24007,42.65161],[-71.24026,42.65295],[-71.24052,42.65466],[-71.24083,42.65672],[-71.24113,42.65867],[-71.24124,42.65941],[-71.24148,42.66102],[-71.2438,42.66314],[-71.24515,42.66439],[-71.2462,42.66533],[-71.24785,42.66687],[-71.24968,42.66855],[-71.25138,42.67013],[-71.25269,42.67151],[-71.25354,42.67242],[-71.25611,42.67518],[-71.25737,42.67653],[-71.25852,42.67775],[-71.25963,42.67899],[-71.26095,42.6804],[-71.26245,42.68207],[-71.26419,42.68394],[-71.265,42.68486],[-71.26758,42.68751],[-71.27015,42.69023],[-71.27492,42.69546],[-71.27934,42.70019],[-71.28466,42.70593],[-71.29226,42.71409],[-71.297,42.71916],[-71.29905,42.72133],[-71.30952,42.73454],[-71.3128,42.73865],[-71.31645,42.74334],[-71.32276,42.7513],[-71.32847,42.7585],[-71.33104,42.76175],[-71.33945,42.7702],[-71.35043,42.78122],[-71.366,42.79676],[-71.37247,42.80265],[-71.37487,42.80487],[-71.38939,42.81762],[-71.40183,42.82842],[-71.40809,42.83566],[-71.41068,42.83869],[-71.41765,42.84675],[-71.43049,42.86159],[-71.43537,42.86725],[-71.43632,42.86847],[-71.43816,42.87059],[-71.44018,42.87291]]}},{"type":"Feature","properties":{"id":"117680","type":"AC; OVERHEAD","status":"IN SERVICE","owner":"FITCHBURG GAS AND ELECTRIC LIGHT COMPANY","voltage":115,"voltClass":"100-161"},"geometry":{"type":"LineString","coordinates":[[-71.20155,42.72833],[-71.20122,42.7285],[-71.20111,42.72861],[-71.20095,42.72851],[-71.20112,42.72831],[-71.20139,42.72804],[-71.20096,42.7261],[-71.20234,42.72497],[-71.20405,42.7236],[-71.20618,42.72439],[-71.2083,42.72514],[-71.20969,42.72558],[-71.21244,42.72418],[-71.21386,42.72376],[-71.21624,42.72312],[-71.21853,42.72248],[-71.22074,42.72185],[-71.22309,42.72122],[-71.22485,42.72073],[-71.22716,42.72012],[-71.22886,42.71966],[-71.2309,42.71907],[-71.23299,42.71848],[-71.23526,42.71784],[-71.23749,42.71718],[-71.23935,42.71569],[-71.24057,42.71467],[-71.24222,42.7133],[-71.24369,42.71213],[-71.24459,42.71136],[-71.24556,42.7098],[-71.24595,42.70825],[-71.24618,42.7072],[-71.24639,42.70638],[-71.24666,42.70535],[-71.24702,42.70378],[-71.24742,42.70217],[-71.24778,42.70067],[-71.24851,42.70027],[-71.25001,42.69889],[-71.25154,42.69759],[-71.25257,42.69669],[-71.25381,42.69562],[-71.25525,42.69435],[-71.25659,42.69318],[-71.25771,42.6922],[-71.25909,42.69096],[-71.26058,42.68965],[-71.26492,42.68584],[-71.26569,42.68528]]}},{"type":"Feature","properties":{"id":"117714","type":"AC; OVERHEAD","status":"IN SERVICE","owner":"PUBLIC SERVICE CO OF NH","voltage":345,"voltClass":"345"},"geometry":{"type":"LineString","coordinates":[[-72.14836,42.80023],[-72.14707,42.80035],[-72.14645,42.80043],[-72.14203,42.79735],[-72.11284,42.7772],[-72.10606,42.77254],[-72.08627,42.75893],[-72.07237,42.7494],[-72.0625,42.7426],[-72.05982,42.74077],[-72.0518,42.74046],[-72.03102,42.73974],[-72.00792,42.73888],[-71.99948,42.73859],[-71.99093,42.73827],[-71.98897,42.74119],[-71.98471,42.74738],[-71.98071,42.75317],[-71.97275,42.75574],[-71.95541,42.76135],[-71.95305,42.7621],[-71.9464,42.76423],[-71.93501,42.76785],[-71.93012,42.76942],[-71.92687,42.77049],[-71.92212,42.772],[-71.91974,42.77277],[-71.91502,42.77426],[-71.9094,42.77608],[-71.90839,42.7764],[-71.8996,42.77717],[-71.88597,42.77835],[-71.88147,42.77874],[-71.87171,42.77963],[-71.86761,42.77995],[-71.85904,42.78073],[-71.85081,42.78139],[-71.8434,42.78205],[-71.83912,42.78239],[-71.83108,42.78225],[-71.8224,42.78205],[-71.81977,42.78313],[-71.81373,42.78557],[-71.8114,42.78654],[-71.80337,42.78682],[-71.79505,42.78717],[-71.79032,42.78622],[-71.76104,42.78022],[-71.73506,42.77484],[-71.73304,42.7752],[-71.72768,42.77603],[-71.72216,42.77632],[-71.71342,42.77685],[-71.70241,42.77751],[-71.69435,42.77795],[-71.69081,42.7797],[-71.67851,42.78556],[-71.67191,42.78878],[-71.66489,42.79217],[-71.66051,42.7929],[-71.63553,42.79728],[-71.62114,42.79976],[-71.61837,42.80266],[-71.60927,42.81214],[-71.60456,42.81153],[-71.59335,42.81003],[-71.5934,42.80974],[-71.5927,42.80904]]}},{"type":"Feature","properties":{"id":"118339","type":"AC; OVERHEAD","status":"IN SERVICE","owner":"PUBLIC SERVICE CO OF NH","voltage":115,"voltClass":"100-161"},"geometry":{"type":"LineString","coordinates":[[-71.47582,42.86054],[-71.47728,42.86021],[-71.47889,42.8599],[-71.48032,42.85963],[-71.482,42.85934],[-71.48341,42.85902],[-71.48433,42.8588],[-71.48627,42.85837],[-71.48772,42.85792],[-71.48853,42.85785],[-71.48998,42.85802],[-71.49467,42.85728],[-71.50125,42.8585],[-71.50388,42.85899],[-71.51336,42.85904],[-71.52006,42.85914],[-71.53539,42.85929],[-71.54327,42.85933],[-71.55619,42.85948],[-71.56293,42.85948],[-71.57016,42.85962],[-71.57621,42.85837],[-71.59066,42.8553],[-71.59938,42.85354],[-71.6045,42.85075],[-71.6248,42.8398],[-71.63042,42.8368],[-71.63106,42.83496],[-71.63129,42.83393],[-71.63215,42.83127],[-71.63267,42.82958],[-71.63399,42.82801],[-71.63634,42.82717],[-71.63706,42.82649],[-71.63824,42.8254],[-71.64024,42.82356],[-71.6441,42.82023]]}},{"type":"Feature","properties":{"id":"118403","type":"AC; OVERHEAD","status":"IN SERVICE","owner":"PUBLIC SERVICE CO OF NH","voltage":115,"voltClass":"100-161"},"geometry":{"type":"LineString","coordinates":[[-71.46155,42.90573],[-71.46188,42.90576],[-71.4622,42.90574],[-71.46221,42.90595],[-71.46238,42.90595],[-71.46431,42.90586],[-71.46576,42.90601],[-71.46751,42.90619],[-71.46885,42.90632],[-71.47055,42.90645],[-71.47267,42.90665],[-71.47506,42.90687],[-71.47699,42.90705],[-71.47814,42.90716],[-71.48059,42.90737],[-71.48278,42.90759],[-71.48511,42.90764],[-71.48715,42.9077],[-71.48918,42.90775],[-71.49059,42.9078],[-71.49266,42.90787],[-71.49507,42.90793],[-71.49659,42.90796],[-71.499,42.90802],[-71.50001,42.90804],[-71.50226,42.90811],[-71.50473,42.90818],[-71.50678,42.90825],[-71.5092,42.90831],[-71.51164,42.90837],[-71.514,42.90845],[-71.51599,42.90848],[-71.51684,42.90915],[-71.51762,42.90991],[-71.51817,42.91134],[-71.51863,42.91248],[-71.51901,42.91352],[-71.5196,42.915],[-71.52021,42.91668],[-71.52083,42.91823],[-71.52149,42.91993],[-71.52277,42.92323],[-71.52344,42.92491],[-71.52391,42.92604],[-71.52449,42.92762],[-71.52493,42.92864],[-71.5256,42.93036],[-71.52601,42.93134],[-71.5264,42.93238],[-71.52698,42.93384],[-71.52767,42.93555],[-71.5281,42.93668],[-71.52897,42.93888],[-71.5295,42.94024],[-71.53008,42.94168],[-71.53081,42.94349],[-71.53183,42.94611],[-71.53248,42.9478],[-71.53309,42.94927],[-71.5337,42.95082],[-71.53424,42.95215],[-71.53463,42.95316],[-71.53505,42.95429],[-71.53563,42.9557],[-71.53628,42.9573],[-71.53752,42.96037],[-71.53836,42.9625],[-71.53895,42.96395],[-71.53958,42.96555],[-71.54023,42.96714],[-71.54032,42.96735],[-71.54081,42.96858],[-71.54146,42.97017],[-71.54201,42.9716],[-71.54268,42.97325],[-71.54322,42.97458],[-71.54392,42.97633],[-71.54456,42.97795],[-71.54489,42.97876],[-71.54533,42.97985],[-71.5459,42.98126],[-71.54622,42.98205],[-71.54692,42.98377],[-71.54743,42.98521],[-71.54787,42.98619],[-71.54841,42.98753],[-71.54915,42.98946],[-71.54973,42.99088],[-71.55023,42.99217],[-71.55073,42.99336],[-71.55123,42.99463],[-71.55181,42.99605],[-71.55235,42.9974],[-71.55295,42.9989],[-71.55363,43.00001],[-71.55444,43.00137],[-71.55538,43.00286],[-71.55637,43.00448],[-71.55727,43.00602],[-71.55893,43.00875],[-71.56001,43.00932],[-71.56158,43.01027],[-71.56331,43.0113],[-71.56506,43.01234],[-71.56616,43.013],[-71.56776,43.01395],[-71.56906,43.01471],[-71.57002,43.01526],[-71.56994,43.01554],[-71.56916,43.01566],[-71.56901,43.01596]]}},{"type":"Feature","properties":{"id":"118445","type":"AC; OVERHEAD","status":"IN SERVICE","owner":"PUBLIC SERVICE CO OF NH","voltage":230,"voltClass":"220-287"},"geometry":{"type":"LineString","coordinates":[[-71.46155,42.90573],[-71.46135,42.90567],[-71.46066,42.9057],[-71.46031,42.90602],[-71.45984,42.90605],[-71.45505,42.90421],[-71.4547,42.90576],[-71.45459,42.90989],[-71.45456,42.9107],[-71.45487,42.91264],[-71.45555,42.91258],[-71.45568,42.91339],[-71.45502,42.91346],[-71.45589,42.91864],[-71.45628,42.92009],[-71.45565,42.92349],[-71.45529,42.92569],[-71.45523,42.92658],[-71.45529,42.9275],[-71.45706,42.93011],[-71.45765,42.93096],[-71.45815,42.93315],[-71.4583,42.93392]]}},{"type":"Feature","properties":{"id":"118562","type":"AC; OVERHEAD","status":"IN SERVICE","owner":null,"voltage":115,"voltClass":"100-161"},"geometry":{"type":"LineString","coordinates":[[-71.16703,42.74453],[-71.16704,42.74411],[-71.16784,42.74369],[-71.16923,42.7432],[-71.17037,42.74279],[-71.17245,42.74163],[-71.17369,42.74094],[-71.17585,42.74007],[-71.17795,42.73922],[-71.17895,42.73874],[-71.18153,42.73748],[-71.18349,42.73648],[-71.18538,42.73559],[-71.18627,42.73514],[-71.18778,42.73486],[-71.18891,42.73436],[-71.19069,42.73356],[-71.19696,42.73257]]}},{"type":"Feature","properties":{"id":"118742","type":"AC; OVERHEAD","status":"IN SERVICE","owner":null,"voltage":115,"voltClass":"100-161"},"geometry":{"type":"LineString","coordinates":[[-71.26569,42.68528],[-71.27271,42.6928],[-71.27733,42.69779],[-71.28263,42.70345],[-71.29248,42.71405],[-71.29717,42.71916],[-71.30032,42.72262],[-71.30214,42.72494],[-71.30491,42.72846],[-71.30866,42.73317],[-71.31116,42.73628],[-71.30986,42.73664]]}},{"type":"Feature","properties":{"id":"116845","type":"AC; OVERHEAD","status":"IN SERVICE","owner":"PUBLIC SERVICE CO OF NH","voltage":230,"voltClass":"220-287"},"geometry":{"type":"LineString","coordinates":[[-72.00304,44.32097],[-72.00396,44.3202],[-72.00485,44.31914],[-72.00698,44.31736],[-72.00886,44.31578],[-72.00971,44.31515],[-72.01078,44.30929],[-72.01273,44.29893],[-72.01593,44.28176],[-72.01119,44.24838],[-72.00938,44.23624],[-72.00876,44.23451],[-72.00362,44.22099],[-71.99821,44.20662],[-71.99517,44.1985],[-71.99417,44.19504],[-71.98682,44.16911],[-71.9836,44.15776],[-71.9799,44.14473],[-71.97944,44.14302],[-71.97882,44.13933],[-71.97384,44.11167],[-71.9704,44.0923],[-71.97024,44.09074],[-71.96906,44.07976],[-71.96849,44.07406],[-71.96661,44.05544],[-71.96458,44.0351],[-71.96319,44.02137],[-71.96288,44.01831],[-71.94623,43.9992],[-71.94061,43.99279],[-71.94132,43.98731],[-71.94521,43.95839],[-71.94546,43.95632],[-71.94424,43.95213],[-71.93722,43.92843],[-71.92142,43.87499],[-71.91614,43.85728],[-71.91455,43.85143],[-71.91413,43.84994],[-71.91037,43.84316],[-71.90509,43.83391],[-71.89591,43.81745],[-71.8856,43.79903],[-71.87723,43.78406],[-71.86788,43.76718],[-71.86708,43.76586],[-71.8643,43.75957],[-71.8555,43.74008],[-71.84569,43.71839],[-71.8398,43.70524],[-71.83811,43.70035],[-71.83233,43.6836],[-71.81559,43.64538],[-71.81063,43.63424],[-71.8087,43.62813],[-71.80612,43.62006],[-71.79821,43.59511],[-71.79037,43.57053],[-71.78042,43.53928],[-71.77705,43.52892],[-71.77656,43.52334],[-71.77379,43.49364],[-71.77283,43.48336],[-71.77097,43.47736],[-71.76831,43.4689],[-71.76795,43.46782],[-71.76288,43.4512],[-71.75999,43.44249],[-71.74938,43.42305],[-71.73442,43.3932],[-71.72598,43.37637],[-71.71891,43.36222],[-71.71274,43.34934],[-71.7041,43.33089],[-71.70271,43.32793],[-71.69982,43.32357],[-71.68495,43.30139],[-71.67707,43.28937],[-71.67594,43.28772],[-71.6609,43.2653],[-71.65012,43.24898],[-71.65016,43.24351],[-71.65019,43.23897],[-71.65171,43.23259],[-71.65413,43.22226],[-71.65146,43.21752],[-71.64101,43.19904],[-71.63701,43.19099],[-71.63596,43.18566],[-71.63202,43.16655],[-71.63058,43.1638],[-71.623,43.14916],[-71.61904,43.14166],[-71.61593,43.13571],[-71.61501,43.13397],[-71.61161,43.12731],[-71.60542,43.11526],[-71.60279,43.11029],[-71.60085,43.10646],[-71.59803,43.10114],[-71.59603,43.09734],[-71.59236,43.09023],[-71.58843,43.08261],[-71.57983,43.06441]]}},{"type":"Feature","properties":{"id":"117188","type":"AC; OVERHEAD","status":"IN SERVICE","owner":"PUBLIC SERVICE CO OF NH","voltage":115,"voltClass":"100-161"},"geometry":{"type":"LineString","coordinates":[[-71.4683,43.53642],[-71.46849,43.53632],[-71.46865,43.5362],[-71.47304,43.53792],[-71.47697,43.53941],[-71.47807,43.53918],[-71.47832,43.53912],[-71.4791,43.53887],[-71.47997,43.53865],[-71.48034,43.53914],[-71.4806,43.53949],[-71.48083,43.53978],[-71.48116,43.5402],[-71.48153,43.54068],[-71.48185,43.54111],[-71.48227,43.54168],[-71.4827,43.54221],[-71.48316,43.54281],[-71.48374,43.54356],[-71.48414,43.54408],[-71.48461,43.54469],[-71.48514,43.54536],[-71.48556,43.54596],[-71.48579,43.54637],[-71.48638,43.54719],[-71.48677,43.5478],[-71.48712,43.54834],[-71.48757,43.549],[-71.48796,43.54959],[-71.48844,43.5503],[-71.48891,43.55101],[-71.48923,43.55149],[-71.48974,43.55226],[-71.49015,43.55288],[-71.49053,43.55345],[-71.49095,43.55407],[-71.49051,43.55446],[-71.49007,43.55484],[-71.48982,43.5549]]}},{"type":"Feature","properties":{"id":"121493","type":"AC; OVERHEAD","status":"IN SERVICE","owner":"PUBLIC SERVICE CO OF NH","voltage":230,"voltClass":"220-287"},"geometry":{"type":"LineString","coordinates":[[-71.42396,42.90471],[-71.4238,42.90448],[-71.42365,42.90382],[-71.42423,42.90205],[-71.42464,42.90029],[-71.42476,42.89906],[-71.42434,42.89748],[-71.42393,42.89559],[-71.42393,42.89315],[-71.42567,42.89297],[-71.42779,42.89284],[-71.42905,42.89208],[-71.43012,42.89142],[-71.43165,42.89046],[-71.43196,42.88987],[-71.43172,42.88892],[-71.43152,42.88791],[-71.43176,42.88622],[-71.4314,42.8848],[-71.43098,42.88305],[-71.43277,42.88218],[-71.43467,42.88117],[-71.43586,42.87995],[-71.43651,42.87929],[-71.43528,42.87746],[-71.43327,42.87526],[-71.43623,42.8749],[-71.43857,42.8746],[-71.43905,42.87425],[-71.43919,42.87396]]}},{"type":"Feature","properties":{"id":"121565","type":"AC; OVERHEAD","status":"IN SERVICE","owner":null,"voltage":115,"voltClass":"100-161"},"geometry":{"type":"LineString","coordinates":[[-72.16728,42.83004],[-72.16777,42.83009],[-72.16851,42.8315],[-72.17363,42.84188],[-72.17702,42.84549],[-72.18514,42.85402],[-72.18778,42.85694],[-72.21239,42.88302],[-72.21658,42.88743],[-72.22107,42.89212],[-72.22368,42.89675],[-72.22695,42.90257],[-72.22904,42.9064],[-72.23057,42.9089],[-72.23194,42.91129],[-72.23683,42.92],[-72.2423,42.92979],[-72.24818,42.94014],[-72.24998,42.9432],[-72.25233,42.94735],[-72.25336,42.9491],[-72.26293,42.95761],[-72.26614,42.96049],[-72.27883,42.97189],[-72.29286,42.98902],[-72.30412,43.00236],[-72.30469,43.00439],[-72.3068,43.01171],[-72.3085,43.01745],[-72.31042,43.01856],[-72.31886,43.02006],[-72.32211,43.0239],[-72.32714,43.02596],[-72.33505,43.03641],[-72.33818,43.04049],[-72.34674,43.0521],[-72.35663,43.06504],[-72.36005,43.06962],[-72.36787,43.07985],[-72.37866,43.09113],[-72.38894,43.10189],[-72.39382,43.10476],[-72.39665,43.10643],[-72.4022,43.10976],[-72.40377,43.11069],[-72.41435,43.11697],[-72.42061,43.1206],[-72.42722,43.12477],[-72.4307,43.12677],[-72.44188,43.13262]]}},{"type":"Feature","properties":{"id":"121714","type":"AC; OVERHEAD","status":"IN SERVICE","owner":"GREEN MOUNTAIN POWER CORP","voltage":115,"voltClass":"100-161"},"geometry":{"type":"LineString","coordinates":[[-72.60341,44.24996],[-72.60335,44.24918],[-72.60112,44.24872],[-72.60003,44.24852],[-72.59914,44.24784],[-72.59799,44.24699],[-72.59694,44.24621],[-72.59559,44.24521],[-72.59406,44.24409],[-72.59333,44.24357],[-72.59243,44.24288],[-72.59124,44.24202],[-72.58969,44.24087],[-72.58888,44.24027],[-72.58781,44.23948],[-72.58634,44.2384],[-72.58482,44.23728],[-72.58402,44.23669],[-72.58246,44.23554],[-72.58151,44.23484],[-72.58067,44.23423],[-72.58026,44.23392],[-72.57951,44.23337],[-72.57881,44.23285],[-72.57771,44.23204],[-72.57611,44.23087],[-72.5752,44.23019],[-72.57407,44.22936],[-72.57318,44.2287],[-72.57188,44.22775],[-72.57083,44.22697],[-72.56961,44.22632],[-72.56811,44.22552],[-72.56676,44.2248],[-72.56528,44.22401],[-72.56408,44.22336],[-72.56266,44.22261],[-72.56096,44.2217],[-72.55915,44.22073],[-72.55726,44.21972],[-72.55646,44.21912],[-72.55526,44.21823],[-72.55423,44.21746],[-72.55315,44.21666],[-72.55216,44.21592],[-72.55128,44.21527],[-72.55001,44.21432],[-72.54912,44.21366],[-72.54817,44.21295],[-72.547,44.21208],[-72.54628,44.21154],[-72.54523,44.21076],[-72.54391,44.20978],[-72.54209,44.20843],[-72.54084,44.20749],[-72.5384,44.20567],[-72.53652,44.20428],[-72.53587,44.20379],[-72.53458,44.20283],[-72.53351,44.20203],[-72.5325,44.20128],[-72.53139,44.20045],[-72.53021,44.19958],[-72.5297,44.19919],[-72.52817,44.19805],[-72.52729,44.1974],[-72.5259,44.19636],[-72.5251,44.19577],[-72.52411,44.19503],[-72.52321,44.19435],[-72.52252,44.19419]]}},{"type":"Feature","properties":{"id":"121869","type":"AC; OVERHEAD","status":"IN SERVICE","owner":"VERMONT ELECTRIC POWER CO","voltage":115,"voltClass":"100-161"},"geometry":{"type":"LineString","coordinates":[[-72.47106,43.96079],[-72.47064,43.96059],[-72.46692,43.95753],[-72.46596,43.95671],[-72.46506,43.956],[-72.46434,43.9554],[-72.46182,43.95332],[-72.45993,43.95175],[-72.45856,43.95063],[-72.45693,43.94928],[-72.45255,43.94567],[-72.44909,43.94281],[-72.44715,43.94115],[-72.44216,43.93704],[-72.43872,43.93392],[-72.43646,43.93185],[-72.43299,43.92854],[-72.42685,43.92259],[-72.42399,43.91979],[-72.42281,43.91884],[-72.41905,43.91527],[-72.416,43.91225],[-72.4119,43.90853],[-72.41091,43.90736],[-72.40855,43.90478],[-72.40851,43.90474],[-72.40722,43.90313],[-72.40382,43.89941],[-72.39851,43.89361],[-72.39815,43.89324],[-72.39814,43.89269],[-72.39795,43.88933],[-72.39788,43.88769],[-72.39639,43.88605],[-72.39334,43.8826],[-72.39049,43.87848],[-72.38564,43.87008],[-72.38525,43.86943],[-72.38437,43.86788],[-72.38287,43.86534],[-72.38182,43.86351],[-72.38018,43.86069],[-72.37956,43.85736],[-72.37908,43.85467],[-72.37818,43.85005],[-72.37771,43.84761],[-72.37743,43.846],[-72.37717,43.84489],[-72.3769,43.84334],[-72.3763,43.84008],[-72.37587,43.83798],[-72.37532,43.83511],[-72.3716,43.83033],[-72.37037,43.82876],[-72.36448,43.8211],[-72.36243,43.81839],[-72.36198,43.81726],[-72.36078,43.81453],[-72.36003,43.81267],[-72.3594,43.81108],[-72.35266,43.79795],[-72.35263,43.79789],[-72.35181,43.79625],[-72.34758,43.78773],[-72.34294,43.7784],[-72.34237,43.77732],[-72.34174,43.77604],[-72.34132,43.77523],[-72.34119,43.77498],[-72.33711,43.76714],[-72.33585,43.76472],[-72.33553,43.76408],[-72.33468,43.76245],[-72.33054,43.75452],[-72.33059,43.75241],[-72.33062,43.75124],[-72.3307,43.74814],[-72.33067,43.74672],[-72.33071,43.74275],[-72.33074,43.74153],[-72.33085,43.73858],[-72.33083,43.73641],[-72.33086,43.73464],[-72.3309,43.73227],[-72.33092,43.73033],[-72.33092,43.72944],[-72.33097,43.72475],[-72.33103,43.72298],[-72.3312,43.7222],[-72.33153,43.72062],[-72.33193,43.71892],[-72.33239,43.7168],[-72.33293,43.71461],[-72.33017,43.70823],[-72.32952,43.70636],[-72.32881,43.70468],[-72.32868,43.70437],[-72.32651,43.69958],[-72.32551,43.69711],[-72.32489,43.69664],[-72.32279,43.69493],[-72.32164,43.69398],[-72.32063,43.6931],[-72.31968,43.6922],[-72.3151,43.68851],[-72.31482,43.68833],[-72.31335,43.6874],[-72.3129,43.6871],[-72.31093,43.68594],[-72.31195,43.68381],[-72.3118,43.68329]]}},{"type":"Feature","properties":{"id":"120836","type":"AC; OVERHEAD","status":"IN SERVICE","owner":"CENTRAL MAINE POWER CO","voltage":115,"voltClass":"100-161"},"geometry":{"type":"LineString","coordinates":[[-70.69575,43.57679],[-70.69599,43.57668],[-70.6965,43.5761],[-70.69702,43.57552],[-70.69737,43.57515],[-70.69769,43.57479],[-70.6983,43.57412],[-70.69924,43.57304],[-70.70054,43.57158],[-70.70193,43.57004],[-70.70378,43.56795],[-70.70561,43.56589],[-70.70731,43.56398],[-70.70911,43.56198],[-70.7099,43.56111],[-70.71168,43.5591],[-70.71332,43.55724],[-70.71457,43.55587],[-70.71575,43.55456],[-70.71733,43.55279],[-70.71763,43.5519],[-70.71824,43.54994],[-70.71873,43.54842],[-70.71902,43.54743],[-70.71942,43.5461],[-70.71985,43.54477],[-70.72017,43.5437],[-70.72055,43.5425],[-70.72093,43.54134],[-70.72229,43.54096],[-70.7238,43.54049],[-70.72549,43.54001],[-70.72598,43.53922],[-70.72683,43.53776],[-70.72682,43.53607],[-70.72681,43.53467],[-70.7268,43.53289],[-70.7268,43.53166],[-70.72678,43.53033],[-70.72604,43.5299],[-70.72474,43.52913],[-70.72543,43.52703],[-70.72608,43.52498],[-70.72678,43.52272],[-70.72745,43.52059],[-70.728,43.51889],[-70.72878,43.51636],[-70.72942,43.51427],[-70.7307,43.5123],[-70.73116,43.51156],[-70.73224,43.50984],[-70.7336,43.50765],[-70.7343,43.50688],[-70.73637,43.50466],[-70.73789,43.503],[-70.73933,43.50145],[-70.7411,43.49956],[-70.743,43.49751],[-70.74413,43.49631],[-70.74576,43.49452],[-70.74722,43.49294],[-70.74954,43.49042],[-70.75124,43.48856],[-70.75209,43.48766],[-70.75404,43.48556],[-70.75616,43.48322],[-70.75769,43.48165],[-70.75998,43.4791],[-70.7608,43.47824],[-70.76269,43.47612],[-70.76428,43.4744],[-70.76612,43.4725],[-70.76854,43.46978],[-70.76964,43.46859],[-70.77113,43.467],[-70.77289,43.46502],[-70.7752,43.46259],[-70.7771,43.46052],[-70.77831,43.45917],[-70.77891,43.45846],[-70.77914,43.45817],[-70.7792,43.4581],[-70.77759,43.4575],[-70.77695,43.45712],[-70.7752,43.45605],[-70.77409,43.45537],[-70.77308,43.45473],[-70.77157,43.4538],[-70.76983,43.45273],[-70.76831,43.45179],[-70.76673,43.45081],[-70.76576,43.45021],[-70.76398,43.44912],[-70.7628,43.44839],[-70.76168,43.44772],[-70.7608,43.44716],[-70.75872,43.44585],[-70.75801,43.44543],[-70.756,43.44417],[-70.75507,43.44357],[-70.75414,43.44298],[-70.75275,43.44212],[-70.75126,43.44118],[-70.75016,43.44049],[-70.74999,43.44039],[-70.74892,43.43972],[-70.74804,43.4392],[-70.74381,43.43656],[-70.73999,43.43324],[-70.73809,43.43152],[-70.73554,43.42937],[-70.73478,43.42927],[-70.73465,43.42911]]}},{"type":"Feature","properties":{"id":"119666","type":"AC; OVERHEAD","status":"IN SERVICE","owner":null,"voltage":345,"voltClass":"345"},"geometry":{"type":"LineString","coordinates":[[-71.11455,42.74349],[-71.11455,42.7438],[-71.1137,42.74424]]}},{"type":"Feature","properties":{"id":"119680","type":"AC; OVERHEAD","status":"IN SERVICE","owner":"PUBLIC SERVICE CO OF NH","voltage":115,"voltClass":"100-161"},"geometry":{"type":"LineString","coordinates":[[-71.67699,44.01159],[-71.67933,44.01212],[-71.68626,44.0144],[-71.69738,44.01605],[-71.69945,44.01818],[-71.70362,44.02237],[-71.70773,44.02648],[-71.71001,44.02876],[-71.70967,44.03173],[-71.71344,44.03892],[-71.7155,44.04283],[-71.71784,44.04732],[-71.72214,44.05553],[-71.72439,44.0598],[-71.71637,44.07007],[-71.71356,44.07386],[-71.72223,44.07988],[-71.7362,44.0896],[-71.74412,44.09499],[-71.75023,44.09922],[-71.75791,44.09942],[-71.76781,44.10383],[-71.77117,44.10535],[-71.77734,44.11162],[-71.78169,44.11608],[-71.7894,44.12402],[-71.79242,44.12712],[-71.79614,44.1309],[-71.79949,44.13434],[-71.80213,44.13706],[-71.8027,44.13764],[-71.80206,44.14174],[-71.80075,44.15016],[-71.79943,44.15847],[-71.7987,44.16311],[-71.80102,44.17025],[-71.80223,44.17403],[-71.80468,44.18161],[-71.80705,44.18899],[-71.80996,44.19793],[-71.81175,44.20358],[-71.81412,44.21072],[-71.81564,44.2155],[-71.81783,44.22233],[-71.81899,44.22596],[-71.80857,44.23343],[-71.80076,44.23912],[-71.79479,44.24337],[-71.79129,44.24605],[-71.78184,44.25262]]}},{"type":"Feature","properties":{"id":"119774","type":"AC; OVERHEAD","status":"IN SERVICE","owner":"PUBLIC SERVICE CO OF NH","voltage":115,"voltClass":"100-161"},"geometry":{"type":"LineString","coordinates":[[-71.17947,44.46309],[-71.17984,44.46281],[-71.18055,44.46146],[-71.18209,44.45842],[-71.18266,44.45731],[-71.18267,44.45529],[-71.18243,44.45416],[-71.1825,44.45042],[-71.18257,44.44629],[-71.18446,44.44161],[-71.18537,44.4374],[-71.18679,44.4312],[-71.18764,44.42745],[-71.18865,44.42285],[-71.18889,44.42173],[-71.18844,44.42146],[-71.189,44.41876],[-71.18967,44.416],[-71.19052,44.41218],[-71.19152,44.4075],[-71.18938,44.40494],[-71.1926,44.40484],[-71.20101,44.40451],[-71.21394,44.40404],[-71.21408,44.40016],[-71.21434,44.39386],[-71.21981,44.38769],[-71.22523,44.38157],[-71.23408,44.37953],[-71.23694,44.37641],[-71.23883,44.37635],[-71.2405,44.37629],[-71.24203,44.37624],[-71.2435,44.37619],[-71.24537,44.37613],[-71.24662,44.37608],[-71.2482,44.37603],[-71.24991,44.37599],[-71.25107,44.37572],[-71.25241,44.37542],[-71.25377,44.37511],[-71.25529,44.37476],[-71.25708,44.37437],[-71.25882,44.37398],[-71.26065,44.37357],[-71.26227,44.3732],[-71.26368,44.37289],[-71.26525,44.37254],[-71.26686,44.37217],[-71.26815,44.37186],[-71.26944,44.37196],[-71.27068,44.37203],[-71.27206,44.37129],[-71.27296,44.37079],[-71.27465,44.37083],[-71.27611,44.37085],[-71.27759,44.37087],[-71.27891,44.37088],[-71.2804,44.3709],[-71.2818,44.37092],[-71.28306,44.37095],[-71.28422,44.37096],[-71.28583,44.37097],[-71.28702,44.37099],[-71.28884,44.37101],[-71.29053,44.37104],[-71.29161,44.37088],[-71.29328,44.37065],[-71.29493,44.37042],[-71.29631,44.37023],[-71.29772,44.37003],[-71.29909,44.36984],[-71.29999,44.36944],[-71.30093,44.36902],[-71.30217,44.36848],[-71.30325,44.36799],[-71.30486,44.36763],[-71.30659,44.36725],[-71.30809,44.36691],[-71.30955,44.36639],[-71.31094,44.36591],[-71.31231,44.36544],[-71.31379,44.36492],[-71.31519,44.36442],[-71.3166,44.36388],[-71.31822,44.36332],[-71.31938,44.36291],[-71.32127,44.36267],[-71.32299,44.36246],[-71.32422,44.3623],[-71.32598,44.36207],[-71.3274,44.3619],[-71.32913,44.36169],[-71.33065,44.36152],[-71.332,44.36076],[-71.33335,44.36004],[-71.33428,44.35953],[-71.33527,44.359],[-71.33668,44.35824],[-71.33793,44.35756],[-71.33887,44.35706],[-71.34014,44.35637],[-71.34129,44.35575],[-71.34277,44.35496],[-71.34349,44.35456],[-71.34451,44.35399],[-71.34554,44.354],[-71.34667,44.35397],[-71.34832,44.35394],[-71.34959,44.35391],[-71.35108,44.35388],[-71.35254,44.35386],[-71.35407,44.35383],[-71.35545,44.35379],[-71.35733,44.35375],[-71.35913,44.35372],[-71.36138,44.35365],[-71.36273,44.35361],[-71.36389,44.35357],[-71.36512,44.35354],[-71.36702,44.35348],[-71.36854,44.35343],[-71.37013,44.35338],[-71.37173,44.35333],[-71.37336,44.35327],[-71.37428,44.35325],[-71.3761,44.3532],[-71.37782,44.35314],[-71.37971,44.35309],[-71.3813,44.35304],[-71.38297,44.35299],[-71.38404,44.35297],[-71.38537,44.35317],[-71.38651,44.35334],[-71.38787,44.35356],[-71.38953,44.35382],[-71.39153,44.35412],[-71.39308,44.35436],[-71.39427,44.35455],[-71.39607,44.35486],[-71.3979,44.35515],[-71.39999,44.35544],[-71.40177,44.35571],[-71.40324,44.35595],[-71.40488,44.35621],[-71.40694,44.35653],[-71.40841,44.35676],[-71.4102,44.35706],[-71.41164,44.35728],[-71.41338,44.35754],[-71.41475,44.35776],[-71.41643,44.35802],[-71.41775,44.35821],[-71.41953,44.35849],[-71.42106,44.35873],[-71.42258,44.35896],[-71.42405,44.35919],[-71.42566,44.35944],[-71.42716,44.35966],[-71.42868,44.35989],[-71.43018,44.36013],[-71.4317,44.36036],[-71.4332,44.36059],[-71.43465,44.3608],[-71.43606,44.361],[-71.43757,44.36123],[-71.43901,44.36144],[-71.44028,44.36163],[-71.44177,44.36184],[-71.44341,44.36209],[-71.44487,44.36231],[-71.44635,44.36254],[-71.44796,44.36279],[-71.44961,44.36304],[-71.45141,44.36331],[-71.45299,44.36355],[-71.45415,44.36373],[-71.45603,44.364],[-71.4575,44.36424],[-71.45922,44.3645],[-71.46045,44.3647],[-71.4623,44.36498],[-71.4643,44.36528],[-71.46656,44.36562],[-71.46785,44.3658],[-71.46935,44.36661],[-71.4707,44.36729],[-71.47215,44.36803],[-71.47318,44.36856],[-71.47475,44.36841],[-71.47656,44.36824],[-71.47816,44.36808],[-71.47908,44.368],[-71.48104,44.36782],[-71.48256,44.36767],[-71.48394,44.36754],[-71.48597,44.36735],[-71.48745,44.3672],[-71.489,44.36705],[-71.49045,44.36691],[-71.49217,44.36675],[-71.49372,44.3666],[-71.49529,44.36645],[-71.49672,44.36632],[-71.49828,44.36617],[-71.4999,44.36602],[-71.5014,44.36588],[-71.50291,44.36573],[-71.50441,44.36559],[-71.50603,44.36543],[-71.50757,44.36529],[-71.50908,44.36514],[-71.51065,44.365],[-71.51224,44.36485],[-71.5138,44.36469],[-71.51533,44.36455],[-71.51682,44.36441],[-71.51845,44.36424],[-71.51978,44.36463],[-71.52111,44.36502],[-71.52267,44.36547],[-71.52409,44.36589],[-71.52544,44.36629],[-71.52703,44.36674],[-71.52777,44.36696],[-71.52896,44.36731],[-71.53096,44.3679],[-71.53199,44.3682],[-71.53333,44.36857],[-71.53485,44.36901],[-71.53569,44.36926],[-71.53799,44.36992],[-71.53952,44.37037],[-71.54084,44.37074],[-71.54211,44.37114],[-71.54416,44.37173],[-71.54582,44.37222],[-71.54716,44.37261],[-71.5488,44.37309],[-71.5504,44.37356],[-71.55185,44.37399],[-71.55323,44.37438],[-71.55459,44.37478],[-71.5558,44.37514],[-71.55733,44.37558],[-71.55876,44.376],[-71.5601,44.3764],[-71.56145,44.3768],[-71.56254,44.37668],[-71.56363,44.37656],[-71.56494,44.37641],[-71.56628,44.37627],[-71.56819,44.37607],[-71.56976,44.3759],[-71.57132,44.37574],[-71.57272,44.37559],[-71.57456,44.37539],[-71.5763,44.37521],[-71.57756,44.37507],[-71.57932,44.37593],[-71.58064,44.3766],[-71.58195,44.37725],[-71.58339,44.37797],[-71.58474,44.37863],[-71.58606,44.37928],[-71.58759,44.37912],[-71.58927,44.37894],[-71.59095,44.37875],[-71.5924,44.37859],[-71.59399,44.37842],[-71.59551,44.37826],[-71.59717,44.37808],[-71.59875,44.37791],[-71.6005,44.37772],[-71.60186,44.37756],[-71.60327,44.37741],[-71.60482,44.37725],[-71.60568,44.37767],[-71.60721,44.37841],[-71.60784,44.37884],[-71.60833,44.37913],[-71.6084,44.37931]]}},{"type":"Feature","properties":{"id":"119837","type":"AC; OVERHEAD","status":"IN SERVICE","owner":"PUBLIC SERVICE CO OF NH","voltage":115,"voltClass":"100-161"},"geometry":{"type":"LineString","coordinates":[[-71.6084,44.37931],[-71.60932,44.38021],[-71.61022,44.38118],[-71.61141,44.38246],[-71.61238,44.38349],[-71.61328,44.38457],[-71.61422,44.38447],[-71.61601,44.38424],[-71.61758,44.38402],[-71.61909,44.38381],[-71.6205,44.38363],[-71.62111,44.38355],[-71.6247,44.38305],[-71.62549,44.38295],[-71.62643,44.38282],[-71.62789,44.38262],[-71.62932,44.38243],[-71.63103,44.3822],[-71.63203,44.38209],[-71.65052,44.37691],[-71.6602,44.37439],[-71.66992,44.37739],[-71.67185,44.37801],[-71.67421,44.37877],[-71.67631,44.37946],[-71.67743,44.37982],[-71.67883,44.3803],[-71.67963,44.38056],[-71.68093,44.38098],[-71.68227,44.38143],[-71.68339,44.38176],[-71.68469,44.3822],[-71.68593,44.38259],[-71.68844,44.38344],[-71.69005,44.38396],[-71.69131,44.38442],[-71.69265,44.38488],[-71.69385,44.38525],[-71.69529,44.38571],[-71.6964,44.38606],[-71.6976,44.38645],[-71.69904,44.38692],[-71.70024,44.38733],[-71.70151,44.38772],[-71.70306,44.38824],[-71.70422,44.38862],[-71.70553,44.38905],[-71.70735,44.38964],[-71.70867,44.39006],[-71.71065,44.3907],[-71.71241,44.39135],[-71.71326,44.39167],[-71.71499,44.39233],[-71.7163,44.39276],[-71.71829,44.39352],[-71.72001,44.39417],[-71.72156,44.39473],[-71.72296,44.39524],[-71.7241,44.3957],[-71.72482,44.39595],[-71.72651,44.39659],[-71.728,44.39711],[-71.72922,44.39758],[-71.73092,44.39822],[-71.73247,44.39879],[-71.73382,44.39928],[-71.73557,44.39992],[-71.73691,44.40044],[-71.7381,44.40088],[-71.73929,44.40132],[-71.74163,44.40218],[-71.74757,44.40439],[-71.75456,44.40698],[-71.75884,44.40952],[-71.77705,44.40743],[-71.79952,44.39894],[-71.80067,44.3985],[-71.80379,44.39621],[-71.83247,44.37531],[-71.84775,44.36373],[-71.8529,44.35344],[-71.86198,44.34688],[-71.87276,44.3419],[-71.87356,44.3393]]}},{"type":"Feature","properties":{"id":"120030","type":"AC; OVERHEAD","status":"IN SERVICE","owner":null,"voltage":115,"voltClass":"100-161"},"geometry":{"type":"LineString","coordinates":[[-72.15,42.8033],[-72.15909,42.8097],[-72.16252,42.8176],[-72.16593,42.82552],[-72.16782,42.83001],[-72.16859,42.83146],[-72.17371,42.84183],[-72.17709,42.84543],[-72.18521,42.85396],[-72.18785,42.85688],[-72.21245,42.88296],[-72.21664,42.88736],[-72.22115,42.89207],[-72.22376,42.89671],[-72.22703,42.90252],[-72.22912,42.90636],[-72.23065,42.90886],[-72.23201,42.91125],[-72.2369,42.91995],[-72.24238,42.92974],[-72.24825,42.94009],[-72.25006,42.94315],[-72.25241,42.9473],[-72.25343,42.94904],[-72.26299,42.95754],[-72.2662,42.96042],[-72.2789,42.97183],[-72.29292,42.98896],[-72.3042,43.00232],[-72.30477,43.00436],[-72.30689,43.01169],[-72.30858,43.01739],[-72.31045,43.01847],[-72.31891,43.01998],[-72.32217,43.02383],[-72.32719,43.02589],[-72.33512,43.03636],[-72.33825,43.04044],[-72.34681,43.05205],[-72.3567,43.06499],[-72.36012,43.06957],[-72.36794,43.0798],[-72.37872,43.09107],[-72.38899,43.10182],[-72.39387,43.10468],[-72.39669,43.10635],[-72.40224,43.10968],[-72.40382,43.11061],[-72.41439,43.11689],[-72.42066,43.12053],[-72.42726,43.12469],[-72.43075,43.12669],[-72.44183,43.1325],[-72.44188,43.13262]]}},{"type":"Feature","properties":{"id":"120381","type":"AC; OVERHEAD","status":"IN SERVICE","owner":"PUBLIC SERVICE CO OF NH","voltage":115,"voltClass":"100-161"},"geometry":{"type":"LineString","coordinates":[[-72.40754,43.39522],[-72.40863,43.39547],[-72.40883,43.39484],[-72.4117,43.39528],[-72.4155,43.39586],[-72.42,43.39902],[-72.41931,43.40123],[-72.4191,43.40215],[-72.41893,43.4033],[-72.42355,43.40557],[-72.42352,43.40805],[-72.42282,43.41155],[-72.42237,43.41356],[-72.42217,43.41463],[-72.4219,43.41603],[-72.42149,43.41824],[-72.42111,43.42022],[-72.42093,43.42115],[-72.42068,43.42252],[-72.41922,43.42297],[-72.41608,43.42395],[-72.41167,43.42533],[-72.40874,43.42625],[-72.40666,43.4269],[-72.40346,43.42951],[-72.40039,43.43197],[-72.40019,43.43532],[-72.40068,43.43636],[-72.40119,43.4374],[-72.4017,43.44139],[-72.40197,43.44353],[-72.40445,43.4538],[-72.40412,43.45527],[-72.40584,43.45661],[-72.40825,43.45837],[-72.40867,43.46018],[-72.40996,43.46126],[-72.40869,43.46437],[-72.4103,43.46758],[-72.40995,43.47096],[-72.40979,43.47513],[-72.4095,43.48253],[-72.41077,43.4872],[-72.40884,43.48851],[-72.40864,43.48988]]}},{"type":"Feature","properties":{"id":"120610","type":"AC; OVERHEAD","status":"IN SERVICE","owner":"PUBLIC SERVICE CO OF NH","voltage":115,"voltClass":"100-161"},"geometry":{"type":"LineString","coordinates":[[-71.56901,43.01596],[-71.56919,43.0159],[-71.57082,43.01567],[-71.57231,43.01546],[-71.57367,43.01492],[-71.57543,43.01425],[-71.57652,43.01384],[-71.57738,43.0135],[-71.57888,43.01293],[-71.58029,43.01237],[-71.58183,43.01179],[-71.5835,43.0111],[-71.58605,43.01148],[-71.58686,43.01162],[-71.58782,43.01175],[-71.5893,43.01195],[-71.59108,43.01221],[-71.59219,43.01238],[-71.5937,43.01257],[-71.59537,43.01281],[-71.59677,43.01301],[-71.59866,43.01328],[-71.60035,43.01351],[-71.60217,43.01377],[-71.60361,43.01397],[-71.60452,43.0141],[-71.60804,43.01464],[-71.60913,43.01503],[-71.61041,43.01562],[-71.61203,43.01627],[-71.6133,43.01677],[-71.61455,43.01727],[-71.61604,43.01785],[-71.61728,43.01835],[-71.61853,43.01886],[-71.62041,43.01961],[-71.62171,43.02016],[-71.62305,43.0207],[-71.62432,43.02121],[-71.6257,43.02176],[-71.62804,43.0227],[-71.62936,43.02324],[-71.63083,43.02381],[-71.63193,43.02424],[-71.63315,43.02472],[-71.63391,43.02504],[-71.63517,43.02555],[-71.63613,43.02593],[-71.63671,43.02623],[-71.63813,43.02641],[-71.63939,43.02657],[-71.64083,43.02675],[-71.64228,43.02693],[-71.64313,43.02797],[-71.64403,43.02907],[-71.64483,43.02938],[-71.64668,43.03011],[-71.64808,43.03066],[-71.6497,43.03129],[-71.65026,43.03151],[-71.65152,43.032],[-71.6529,43.03231],[-71.65468,43.03272],[-71.65561,43.03293],[-71.65674,43.03318],[-71.65761,43.03353],[-71.65826,43.03299],[-71.65921,43.03222],[-71.66005,43.03251]]}},{"type":"Feature","properties":{"id":"120623","type":"AC; OVERHEAD","status":"IN SERVICE","owner":"PUBLIC SERVICE CO OF NH","voltage":115,"voltClass":"100-161"},"geometry":{"type":"LineString","coordinates":[[-71.54355,43.27666],[-71.54399,43.27658],[-71.54436,43.2764],[-71.54627,43.27642],[-71.54665,43.2762],[-71.5499,43.27917],[-71.55355,43.28259],[-71.55707,43.28572],[-71.55949,43.28781],[-71.56033,43.28904],[-71.56328,43.29241],[-71.56801,43.29764],[-71.57203,43.30221],[-71.57591,43.30652],[-71.57834,43.30924],[-71.58285,43.31431],[-71.58909,43.32124],[-71.60017,43.3338],[-71.60796,43.34275],[-71.61286,43.34836],[-71.61397,43.34968],[-71.61727,43.35341],[-71.62143,43.35825],[-71.62483,43.36202],[-71.62713,43.36459],[-71.63042,43.36834],[-71.63528,43.37389],[-71.63832,43.37737],[-71.64196,43.38137],[-71.64593,43.38513],[-71.64668,43.38585],[-71.6476,43.38663],[-71.64835,43.38738],[-71.6524,43.3913],[-71.65728,43.39592],[-71.6593,43.39779],[-71.66229,43.40068],[-71.66541,43.4036],[-71.66791,43.4061],[-71.66946,43.41084],[-71.67038,43.41357],[-71.67176,43.41831],[-71.67304,43.42252],[-71.67398,43.42569],[-71.6748,43.42849],[-71.67622,43.43325],[-71.67739,43.43739],[-71.67844,43.44132],[-71.67908,43.44358],[-71.67754,43.44728],[-71.67552,43.45209],[-71.67437,43.45496],[-71.67393,43.45566],[-71.67387,43.4558]]}},{"type":"Feature","properties":{"id":"119119","type":"AC; OVERHEAD","status":"IN SERVICE","owner":null,"voltage":345,"voltClass":"345"},"geometry":{"type":"LineString","coordinates":[[-70.55337,43.66332],[-70.55374,43.66293],[-70.55428,43.66257],[-70.55472,43.66151],[-70.5557,43.66089],[-70.5567,43.66026],[-70.55785,43.65953],[-70.55892,43.65857],[-70.56013,43.65749],[-70.56181,43.65599],[-70.56361,43.65438],[-70.56541,43.65276],[-70.56611,43.65213],[-70.56639,43.65188],[-70.56832,43.65142],[-70.57019,43.65097],[-70.57207,43.65052],[-70.57411,43.65003],[-70.57605,43.64957],[-70.57815,43.64906],[-70.58023,43.64856],[-70.58229,43.64807],[-70.58419,43.64762],[-70.58547,43.64695],[-70.5868,43.64625],[-70.58865,43.64528],[-70.59004,43.64456],[-70.59176,43.64366],[-70.59333,43.64284],[-70.59505,43.64111],[-70.59561,43.64055],[-70.59609,43.64007],[-70.59726,43.6389],[-70.59836,43.63779],[-70.59949,43.63665],[-70.60061,43.63553],[-70.60213,43.634],[-70.60332,43.6328],[-70.60472,43.6314],[-70.60629,43.62982],[-70.60769,43.62842],[-70.60917,43.62693],[-70.6109,43.62519],[-70.61242,43.62367],[-70.61385,43.62223],[-70.61516,43.62091],[-70.61647,43.6196],[-70.61797,43.61809],[-70.61959,43.61646],[-70.62111,43.61494],[-70.62265,43.61339],[-70.62412,43.61191],[-70.62566,43.61037],[-70.62697,43.60905],[-70.62858,43.60743],[-70.6303,43.6057],[-70.6319,43.6041],[-70.63323,43.6036],[-70.63509,43.60279],[-70.63775,43.60162],[-70.6399,43.60069],[-70.64282,43.5994],[-70.64521,43.59836],[-70.64752,43.59734],[-70.64945,43.59652],[-70.65128,43.5957],[-70.65279,43.59505],[-70.65457,43.59427],[-70.65679,43.5933],[-70.6589,43.59238],[-70.66087,43.59152],[-70.66251,43.59081],[-70.66462,43.5899],[-70.66687,43.5889],[-70.66857,43.58817],[-70.67052,43.58732],[-70.67309,43.58618],[-70.67586,43.58499],[-70.67803,43.58402],[-70.6805,43.583],[-70.68319,43.58181],[-70.685,43.58099],[-70.6882,43.57945],[-70.69015,43.5784],[-70.69208,43.57749],[-70.69401,43.57655],[-70.69589,43.57567],[-70.69769,43.57479],[-70.69798,43.57465],[-70.7002,43.57356],[-70.70188,43.57276],[-70.70435,43.57162],[-70.70738,43.57015],[-70.71229,43.56782],[-70.71325,43.56736],[-70.7176,43.56524],[-70.72361,43.56231],[-70.72453,43.56186],[-70.7265,43.56092],[-70.7282,43.56011],[-70.72991,43.55928],[-70.73162,43.55846],[-70.7339,43.55737],[-70.73626,43.55624],[-70.73848,43.55517],[-70.74071,43.5541],[-70.74273,43.55314],[-70.7454,43.55186],[-70.74816,43.55053],[-70.75035,43.54948],[-70.7519,43.54874],[-70.75374,43.54786],[-70.75589,43.54683],[-70.75782,43.5459],[-70.7593,43.54519],[-70.76104,43.54435],[-70.76274,43.54354],[-70.76499,43.54246],[-70.76742,43.5413],[-70.76956,43.54027],[-70.77074,43.53949],[-70.77375,43.5375],[-70.77556,43.53631],[-70.77876,43.5342],[-70.78049,43.53306],[-70.78315,43.53131],[-70.78591,43.52949],[-70.7871,43.52871],[-70.78932,43.52724],[-70.79073,43.52631],[-70.79246,43.52517],[-70.79509,43.52343],[-70.79661,43.52243],[-70.79873,43.52103],[-70.80024,43.52004],[-70.80316,43.51811],[-70.80471,43.51709],[-70.80662,43.51583],[-70.80776,43.51508],[-70.80904,43.51423],[-70.81055,43.51324],[-70.81263,43.51186],[-70.8145,43.51063],[-70.81724,43.50883],[-70.81845,43.50803],[-70.81971,43.50719],[-70.8213,43.50614],[-70.82214,43.50496],[-70.82325,43.50339],[-70.8241,43.50219],[-70.82555,43.50013],[-70.82649,43.49879],[-70.82725,43.49772],[-70.82805,43.49658],[-70.82933,43.49477],[-70.83027,43.49344],[-70.83171,43.4914],[-70.83309,43.48944],[-70.83463,43.48726],[-70.83574,43.48569],[-70.83663,43.48442],[-70.83758,43.48308],[-70.8384,43.48192],[-70.83933,43.4806],[-70.84049,43.47895],[-70.84145,43.47759],[-70.84262,43.47593],[-70.84345,43.47506],[-70.84415,43.47432],[-70.84573,43.47265],[-70.84791,43.47036],[-70.8491,43.46911],[-70.85053,43.46759],[-70.85205,43.466],[-70.85336,43.46462],[-70.85454,43.46337],[-70.85565,43.4622],[-70.85658,43.46122],[-70.85773,43.46001],[-70.85888,43.4588],[-70.86032,43.45728],[-70.8622,43.45529],[-70.86302,43.45444],[-70.86454,43.45283],[-70.86562,43.45169],[-70.86707,43.45017],[-70.86846,43.4487],[-70.86972,43.44737],[-70.871,43.44602],[-70.87287,43.44405],[-70.87402,43.44284],[-70.87541,43.44137],[-70.8766,43.44011],[-70.87765,43.43901],[-70.87865,43.43795],[-70.87971,43.43684],[-70.88079,43.4357],[-70.88224,43.43416],[-70.88324,43.43311],[-70.88457,43.43171],[-70.88544,43.43079],[-70.88697,43.42918],[-70.88811,43.42798],[-70.88957,43.42644],[-70.89073,43.42521],[-70.89197,43.42391],[-70.89326,43.42255],[-70.89433,43.42142],[-70.89616,43.41949],[-70.89749,43.41808],[-70.89877,43.41673],[-70.9,43.41543],[-70.90107,43.41431],[-70.90198,43.41335],[-70.90316,43.41211],[-70.90423,43.41098],[-70.90581,43.40931],[-70.90695,43.4081],[-70.90847,43.4065],[-70.91002,43.40487],[-70.91098,43.40385],[-70.91222,43.40255],[-70.91338,43.40132],[-70.91463,43.4],[-70.91641,43.39813],[-70.91786,43.3966],[-70.91908,43.39531],[-70.92062,43.39368],[-70.92195,43.39228],[-70.92352,43.39062],[-70.92461,43.38948],[-70.92646,43.38752],[-70.92751,43.38641],[-70.92876,43.3851],[-70.92987,43.38393],[-70.93115,43.38257],[-70.93216,43.3815],[-70.93316,43.38045],[-70.93403,43.37953],[-70.93497,43.37847],[-70.93676,43.37779],[-70.9388,43.37701],[-70.94064,43.37631],[-70.94269,43.37553],[-70.94501,43.37465],[-70.94665,43.37403],[-70.94833,43.37339],[-70.95046,43.37258],[-70.9523,43.37188],[-70.95458,43.37102],[-70.95697,43.37011],[-70.95905,43.36931],[-70.96079,43.36865],[-70.96261,43.36796],[-70.96418,43.36664],[-70.96579,43.36528],[-70.96759,43.36376],[-70.96958,43.36209],[-70.97113,43.36079],[-70.9726,43.35955],[-70.97419,43.35821],[-70.97474,43.35774],[-70.97596,43.35672],[-70.97722,43.35565],[-70.97856,43.35453],[-70.9806,43.35281],[-70.98174,43.35184],[-70.98323,43.35059],[-70.98437,43.34963],[-70.98595,43.3483],[-70.98665,43.34771],[-70.98804,43.34654],[-70.98928,43.34549],[-70.9904,43.34455],[-70.99159,43.34355],[-70.99298,43.34238],[-70.99455,43.34105],[-70.99572,43.34007],[-70.99742,43.33863],[-70.99855,43.33768],[-70.99987,43.33658],[-71.00115,43.3355],[-71.00293,43.33399],[-71.0047,43.3325],[-71.00596,43.33143],[-71.00739,43.33022],[-71.00887,43.32896],[-71.01006,43.32796],[-71.01111,43.32706],[-71.01233,43.32604],[-71.01379,43.32479],[-71.01516,43.32364],[-71.0169,43.32215],[-71.01809,43.32115],[-71.01886,43.3205],[-71.02023,43.31933],[-71.02161,43.31816],[-71.02276,43.31718],[-71.02334,43.3167],[-71.02444,43.31576],[-71.02584,43.31457],[-71.02732,43.31332],[-71.02915,43.31177],[-71.03117,43.31005],[-71.03323,43.3083],[-71.03539,43.30647],[-71.03596,43.30599],[-71.0375,43.30469],[-71.03845,43.30387],[-71.04013,43.30245],[-71.04205,43.30137],[-71.04393,43.3003],[-71.04524,43.29957],[-71.04651,43.29858],[-71.04745,43.29784],[-71.04824,43.29723],[-71.0497,43.29609],[-71.05177,43.29448],[-71.05305,43.29348],[-71.05505,43.29192],[-71.05612,43.29109],[-71.05751,43.29001],[-71.05873,43.28906],[-71.05997,43.28809],[-71.0611,43.28721],[-71.0626,43.28604],[-71.0638,43.2851],[-71.06524,43.28398],[-71.0673,43.28237],[-71.06809,43.28176],[-71.06986,43.28038],[-71.07121,43.27933],[-71.07275,43.27813],[-71.07418,43.27701],[-71.07518,43.27624],[-71.07625,43.2754],[-71.07726,43.27439],[-71.07861,43.27305],[-71.07981,43.27186],[-71.08078,43.27089],[-71.08186,43.26981],[-71.08357,43.26811],[-71.08464,43.26704],[-71.08582,43.26586],[-71.08731,43.26438],[-71.08829,43.2634],[-71.09002,43.26168],[-71.09136,43.26035],[-71.09148,43.26023],[-71.09236,43.25935],[-71.09393,43.25779],[-71.09519,43.25653],[-71.09656,43.25516],[-71.09798,43.25375],[-71.09946,43.25227],[-71.10156,43.25018],[-71.10321,43.24853],[-71.10392,43.24782],[-71.10458,43.24717],[-71.10568,43.24608],[-71.10709,43.24467],[-71.10941,43.24235],[-71.11129,43.24048],[-71.11224,43.23953],[-71.11304,43.23873],[-71.11435,43.23744],[-71.11565,43.23614],[-71.1167,43.23508],[-71.11823,43.23357],[-71.11922,43.23258],[-71.12053,43.23127],[-71.12182,43.22998],[-71.12355,43.22826],[-71.12415,43.22766],[-71.12639,43.22543],[-71.12723,43.22459],[-71.12873,43.2231],[-71.13066,43.22117],[-71.13193,43.2199],[-71.13324,43.2186],[-71.13452,43.21732],[-71.13584,43.216],[-71.13702,43.21483],[-71.13766,43.21419],[-71.13851,43.21334],[-71.13864,43.21155],[-71.13875,43.21002],[-71.13885,43.2086],[-71.13896,43.20708],[-71.13906,43.20565],[-71.13919,43.20384],[-71.13932,43.202],[-71.13943,43.20046],[-71.13955,43.19891],[-71.13965,43.19751],[-71.13978,43.19566],[-71.13988,43.19422],[-71.14005,43.19186],[-71.14013,43.19079],[-71.1402,43.18981],[-71.14143,43.18849],[-71.14202,43.18785],[-71.14357,43.18618],[-71.14453,43.18515],[-71.14525,43.18421],[-71.14659,43.18248],[-71.14782,43.18088],[-71.14894,43.17944],[-71.14999,43.17808],[-71.15098,43.17679],[-71.15214,43.17528],[-71.15255,43.17476],[-71.15426,43.17309],[-71.15602,43.17137],[-71.15754,43.16994],[-71.15796,43.16956],[-71.15968,43.1679],[-71.16119,43.16651],[-71.16254,43.1652],[-71.16477,43.16302],[-71.166,43.16183],[-71.16717,43.16069],[-71.16798,43.15991],[-71.16937,43.15859],[-71.17083,43.15717],[-71.17294,43.15518],[-71.17456,43.1536],[-71.17608,43.15215],[-71.17748,43.15082],[-71.17888,43.14947],[-71.18012,43.1483],[-71.18147,43.14699],[-71.18332,43.14522],[-71.18479,43.14382],[-71.18514,43.14347],[-71.18563,43.14299],[-71.1862,43.14244],[-71.18785,43.14089],[-71.18847,43.14028],[-71.19019,43.13859],[-71.1908,43.13801],[-71.19244,43.13645],[-71.19485,43.13413],[-71.19591,43.13311],[-71.19714,43.13194],[-71.19843,43.13071],[-71.19934,43.12982],[-71.20088,43.12835],[-71.20228,43.127],[-71.20359,43.12579],[-71.20434,43.12459],[-71.20532,43.12308],[-71.20637,43.12149],[-71.20733,43.12001],[-71.20831,43.11852],[-71.20871,43.11789],[-71.21013,43.11571],[-71.21099,43.11439],[-71.21175,43.11326],[-71.2128,43.11169],[-71.21363,43.11039],[-71.21441,43.10924],[-71.21504,43.10817],[-71.21597,43.10674],[-71.21676,43.10554],[-71.21725,43.1048],[-71.21839,43.10305],[-71.21917,43.10186],[-71.2199,43.10073],[-71.22141,43.09845],[-71.22284,43.09627],[-71.22325,43.09567],[-71.22348,43.09509],[-71.224,43.09397],[-71.22484,43.09223],[-71.22606,43.08964],[-71.22687,43.08793],[-71.22753,43.08655],[-71.22805,43.08546],[-71.2286,43.08428],[-71.22974,43.08187],[-71.23046,43.08034],[-71.23099,43.07925],[-71.23189,43.07731],[-71.23225,43.07655],[-71.23294,43.07521],[-71.23346,43.07267],[-71.2337,43.07157],[-71.23406,43.06997],[-71.23435,43.06862],[-71.23459,43.06749],[-71.23504,43.06546],[-71.23565,43.06285],[-71.2359,43.06159],[-71.23622,43.06023],[-71.23659,43.05864],[-71.23664,43.05841],[-71.23694,43.05687],[-71.23721,43.05567],[-71.23825,43.0543],[-71.23908,43.05316],[-71.24036,43.05149],[-71.2414,43.05005],[-71.2428,43.04819],[-71.24394,43.04666],[-71.24472,43.04561],[-71.24496,43.04527],[-71.24628,43.04359],[-71.24723,43.04231],[-71.24841,43.04074],[-71.24965,43.0391],[-71.25082,43.03754],[-71.25173,43.03634],[-71.25294,43.03473],[-71.25469,43.0324],[-71.25589,43.03079],[-71.25667,43.02978],[-71.25657,43.02807],[-71.25652,43.02665],[-71.25643,43.02426],[-71.25636,43.02223],[-71.25629,43.02052],[-71.25622,43.01864],[-71.25613,43.01661],[-71.25606,43.01556],[-71.25724,43.01428],[-71.25852,43.01287],[-71.25971,43.01156],[-71.26124,43.00986],[-71.26228,43.00867],[-71.2639,43.00686],[-71.26539,43.00524],[-71.26653,43.00398],[-71.26749,43.00286],[-71.26857,43.00164],[-71.26949,43.00061],[-71.27081,42.99914],[-71.27181,42.99802],[-71.27358,42.99604],[-71.2747,42.99479],[-71.27585,42.99349],[-71.2773,42.99188],[-71.27825,42.99084],[-71.27978,42.98912],[-71.28074,42.98804],[-71.28296,42.98556],[-71.28416,42.98423],[-71.28573,42.98247],[-71.28664,42.98149],[-71.28749,42.98053],[-71.28924,42.97857],[-71.2897,42.97736],[-71.29013,42.9763],[-71.2907,42.97469],[-71.2914,42.97298],[-71.29212,42.97112],[-71.29288,42.96883],[-71.29334,42.9677],[-71.2938,42.96644],[-71.29435,42.96501],[-71.29505,42.96307],[-71.29567,42.96155],[-71.29634,42.95976],[-71.29728,42.95727],[-71.29795,42.95553],[-71.29851,42.95401],[-71.29893,42.95285],[-71.29991,42.95164],[-71.30099,42.95022],[-71.3019,42.94904],[-71.30299,42.94763],[-71.30433,42.9459],[-71.30588,42.94385],[-71.30669,42.9428],[-71.30805,42.94101],[-71.30941,42.93927],[-71.3106,42.93756],[-71.31327,42.93412],[-71.31431,42.93274],[-71.3154,42.93133],[-71.31639,42.93005],[-71.31736,42.92881],[-71.31832,42.92758],[-71.31943,42.92609],[-71.32067,42.92445],[-71.32173,42.9231],[-71.323,42.92151],[-71.32453,42.91967],[-71.32592,42.91807],[-71.32733,42.91643],[-71.32869,42.91491],[-71.3296,42.91384],[-71.33096,42.91225],[-71.33188,42.91121],[-71.33284,42.91006],[-71.33412,42.90863],[-71.33479,42.90787],[-71.33627,42.90724],[-71.33846,42.90633],[-71.33996,42.9057],[-71.34178,42.90495],[-71.34211,42.90486]]}},{"type":"Feature","properties":{"id":"119514","type":"AC; OVERHEAD","status":"IN SERVICE","owner":"PUBLIC SERVICE CO OF NH","voltage":345,"voltClass":"345"},"geometry":{"type":"LineString","coordinates":[[-71.1848,43.14171],[-71.18554,43.14154],[-71.18639,43.14196],[-71.18692,43.14223],[-71.18814,43.14105],[-71.18874,43.14044],[-71.19049,43.13873],[-71.19107,43.13818],[-71.19264,43.1367],[-71.19486,43.13458],[-71.19581,43.13365],[-71.19714,43.13238],[-71.1981,43.13146],[-71.19897,43.13062],[-71.19994,43.12969],[-71.20104,43.12864],[-71.20256,43.12715],[-71.20393,43.12591],[-71.20484,43.12445],[-71.20572,43.12312],[-71.20664,43.12169],[-71.20775,43.11999],[-71.20866,43.11861],[-71.20914,43.11788],[-71.21051,43.11577],[-71.21152,43.11423],[-71.21223,43.1132],[-71.21327,43.11161],[-71.21434,43.10993],[-71.21511,43.10866],[-71.2161,43.10713],[-71.21655,43.10648],[-71.21733,43.10531],[-71.21783,43.10456],[-71.21918,43.10249],[-71.22016,43.101],[-71.22186,43.09839],[-71.22286,43.09686],[-71.22359,43.09576],[-71.22387,43.09514],[-71.22441,43.09397],[-71.22483,43.09307],[-71.22541,43.09186],[-71.22625,43.09009],[-71.22706,43.08838],[-71.22759,43.08723],[-71.22813,43.08612],[-71.22883,43.08463],[-71.23005,43.08205],[-71.23045,43.08119],[-71.23128,43.07943],[-71.23219,43.07751],[-71.2333,43.07527],[-71.23389,43.07244],[-71.23407,43.07152],[-71.23444,43.06991],[-71.23475,43.06843],[-71.23502,43.06729],[-71.23535,43.06576],[-71.23551,43.06506],[-71.23599,43.06288],[-71.23631,43.06144],[-71.23691,43.05878],[-71.23715,43.05759],[-71.23736,43.05664],[-71.23753,43.05576],[-71.23836,43.05472],[-71.23976,43.05283],[-71.24068,43.05163],[-71.24158,43.05041],[-71.24264,43.04893],[-71.24347,43.04786],[-71.24499,43.04577],[-71.24574,43.04485],[-71.24668,43.04364],[-71.24753,43.04249],[-71.24882,43.04076],[-71.25004,43.03915],[-71.2512,43.0376],[-71.25229,43.03618],[-71.25325,43.0349],[-71.2547,43.03296],[-71.25521,43.03227],[-71.25602,43.03123],[-71.25702,43.02984],[-71.25695,43.0282],[-71.2569,43.02678],[-71.25686,43.02566],[-71.2568,43.02413],[-71.25674,43.02257],[-71.25667,43.0209],[-71.25661,43.0189],[-71.25656,43.0175],[-71.25645,43.01565],[-71.25742,43.01462],[-71.25841,43.01351],[-71.25961,43.01219],[-71.2611,43.01052],[-71.26235,43.00912],[-71.26412,43.00714],[-71.26491,43.0063],[-71.26596,43.00513],[-71.26755,43.00329],[-71.26904,43.00164],[-71.27042,43.00007],[-71.27122,42.99917],[-71.27301,42.99719],[-71.2741,42.99597],[-71.27536,42.99455],[-71.27625,42.99355],[-71.27764,42.99203],[-71.27868,42.99085],[-71.27998,42.98938],[-71.28099,42.98826],[-71.2832,42.98578],[-71.28425,42.9846],[-71.2856,42.98311],[-71.28675,42.98184],[-71.28861,42.97978],[-71.28962,42.97866],[-71.29012,42.97729],[-71.29056,42.97617],[-71.2912,42.97437],[-71.29178,42.97269],[-71.29237,42.97131],[-71.29295,42.96975],[-71.29358,42.96807],[-71.2941,42.9667],[-71.29459,42.96536],[-71.29533,42.96344],[-71.29606,42.96145],[-71.29687,42.95936],[-71.29763,42.95738],[-71.29818,42.95597],[-71.29885,42.95412],[-71.29928,42.95297],[-71.30012,42.95193],[-71.30115,42.95056],[-71.30215,42.94926],[-71.30297,42.94818],[-71.30397,42.9469],[-71.30474,42.94591],[-71.30608,42.94415],[-71.30693,42.94306],[-71.30794,42.94175],[-71.30884,42.94059],[-71.30993,42.93916],[-71.3109,42.93766],[-71.31205,42.93625],[-71.3133,42.93463],[-71.31418,42.93351],[-71.31511,42.93226],[-71.31599,42.93111],[-71.31685,42.93],[-71.31767,42.92897],[-71.31847,42.92793],[-71.31977,42.9262],[-71.32075,42.92493],[-71.32138,42.92408],[-71.32253,42.92261],[-71.32327,42.92163],[-71.32374,42.92111],[-71.32526,42.91935],[-71.32663,42.91772],[-71.32757,42.91667],[-71.32889,42.91522],[-71.32979,42.91414],[-71.33115,42.91255],[-71.33233,42.91118],[-71.3331,42.9103],[-71.33451,42.90867],[-71.335,42.90804],[-71.33729,42.90712],[-71.3399,42.90605],[-71.34191,42.90513],[-71.34211,42.90486]]}},{"type":"Feature","properties":{"id":"119589","type":"AC; OVERHEAD","status":"IN SERVICE","owner":"PUBLIC SERVICE CO OF NH","voltage":230,"voltClass":"220-287"},"geometry":{"type":"LineString","coordinates":[[-71.43198,42.89137],[-71.43221,42.89134],[-71.43264,42.89128],[-71.43344,42.89224],[-71.43446,42.89342],[-71.43558,42.89485],[-71.43682,42.89626],[-71.43804,42.89767],[-71.43994,42.89844],[-71.44207,42.89927],[-71.44421,42.90007],[-71.44633,42.90093],[-71.44816,42.90162],[-71.44954,42.90216],[-71.45128,42.90284],[-71.45267,42.90339],[-71.4549,42.90424],[-71.45589,42.90464],[-71.45816,42.90556],[-71.45982,42.90621],[-71.46042,42.90614],[-71.46077,42.9058],[-71.46133,42.90578],[-71.46155,42.90573]]}},{"type":"Feature","properties":{"id":"122786","type":"AC; OVERHEAD","status":null,"owner":"PUBLIC SERVICE CO OF NH","voltage":345,"voltClass":"345"},"geometry":{"type":"LineString","coordinates":[[-70.79227,43.0981],[-70.79188,43.09839],[-70.79128,43.09901],[-70.79109,43.09974]]}},{"type":"Feature","properties":{"id":"122823","type":"AC; OVERHEAD","status":null,"owner":"PUBLIC SERVICE CO OF NH","voltage":230,"voltClass":"220-287"},"geometry":{"type":"LineString","coordinates":[[-72.00304,44.32097],[-72.00303,44.3216],[-72.00287,44.32377],[-72.00113,44.325],[-72.00097,44.32505]]}},{"type":"Feature","properties":{"id":"122026","type":"AC; OVERHEAD","status":"IN SERVICE","owner":"VERMONT ELECTRIC POWER CO","voltage":345,"voltClass":"345"},"geometry":{"type":"LineString","coordinates":[[-72.66044,43.42909],[-72.65948,43.42769],[-72.65937,43.42645],[-72.65931,43.42556],[-72.65868,43.42035],[-72.65701,43.41551],[-72.65382,43.4053],[-72.65446,43.39618],[-72.65513,43.38829],[-72.65513,43.38825],[-72.65513,43.38816],[-72.65516,43.3866],[-72.65545,43.38601],[-72.65951,43.37497],[-72.65941,43.37067],[-72.65931,43.36203],[-72.65929,43.35809],[-72.65929,43.35464],[-72.6606,43.35257],[-72.66731,43.34204],[-72.66762,43.34156],[-72.66801,43.341],[-72.66952,43.33881],[-72.66972,43.33855],[-72.67957,43.32304],[-72.68084,43.32135],[-72.68088,43.31782],[-72.681,43.31522],[-72.68137,43.30756],[-72.68143,43.30342],[-72.6818,43.29825],[-72.6819,43.29416],[-72.68205,43.28946],[-72.68221,43.28598],[-72.68234,43.28221],[-72.68259,43.27859],[-72.6837,43.27775],[-72.68633,43.27576],[-72.68832,43.27431],[-72.6892,43.27275],[-72.69534,43.26373],[-72.69676,43.26164],[-72.70006,43.25676],[-72.69821,43.25221],[-72.69388,43.24162],[-72.69266,43.23864],[-72.69136,43.23542],[-72.69068,43.23379],[-72.68968,43.23127],[-72.68577,43.22182],[-72.68304,43.21521],[-72.68455,43.19747],[-72.68459,43.19713],[-72.68465,43.19368],[-72.68563,43.18253],[-72.68582,43.18023],[-72.68616,43.17622],[-72.68669,43.16922],[-72.68728,43.16159],[-72.68761,43.15842],[-72.68161,43.14989],[-72.67601,43.14184],[-72.67479,43.14011],[-72.67165,43.13557],[-72.66837,43.13084],[-72.66685,43.12858],[-72.66513,43.12617],[-72.66409,43.12468],[-72.66293,43.12119],[-72.66201,43.11851],[-72.66121,43.11604],[-72.65856,43.10745],[-72.65051,43.1045],[-72.65203,43.09988],[-72.64997,43.0904],[-72.64134,43.08935],[-72.63881,43.08688],[-72.63864,43.08672],[-72.63613,43.08275],[-72.63169,43.07573],[-72.62751,43.06942],[-72.62362,43.06319],[-72.6207,43.0588],[-72.63077,43.03476],[-72.63242,43.03095],[-72.63271,43.02969],[-72.62141,42.99895],[-72.62082,42.99736],[-72.61992,42.99492],[-72.61897,42.99234],[-72.61849,42.99102],[-72.61917,42.99017],[-72.62033,42.98872],[-72.62215,42.98644],[-72.62365,42.98456],[-72.62457,42.9834],[-72.62552,42.98222],[-72.62651,42.98097],[-72.62776,42.97941],[-72.62927,42.97752],[-72.63027,42.97626],[-72.63169,42.97448],[-72.63307,42.97275],[-72.63344,42.97229],[-72.63352,42.97068],[-72.6336,42.96906],[-72.63373,42.96656],[-72.63377,42.96573],[-72.63388,42.96358],[-72.63393,42.96253],[-72.63395,42.96214],[-72.63428,42.95591],[-72.63486,42.9548],[-72.63588,42.95291],[-72.63659,42.95156],[-72.63786,42.94911],[-72.63978,42.94527],[-72.64052,42.94334],[-72.64129,42.94134],[-72.64183,42.93993],[-72.64239,42.93834],[-72.6432,42.93661],[-72.64383,42.93525],[-72.64496,42.93276],[-72.6458,42.93093],[-72.64659,42.92921],[-72.64764,42.92695],[-72.64814,42.92584],[-72.64923,42.92334],[-72.64997,42.92172],[-72.65042,42.92077],[-72.65134,42.91888],[-72.65183,42.91775],[-72.6518,42.91515],[-72.65178,42.91371],[-72.65177,42.91247],[-72.65174,42.90998],[-72.65172,42.90843],[-72.65171,42.90737],[-72.6517,42.90572],[-72.65167,42.90324],[-72.65165,42.90195],[-72.65164,42.90033],[-72.65162,42.89902],[-72.6516,42.89725],[-72.65159,42.89601],[-72.65156,42.89385],[-72.65155,42.89219],[-72.65152,42.88997],[-72.65154,42.888],[-72.65123,42.88683],[-72.6509,42.88556],[-72.65018,42.88281],[-72.64996,42.88197],[-72.64951,42.88024],[-72.64924,42.87922],[-72.64896,42.87815],[-72.64869,42.87712],[-72.64849,42.87637],[-72.648,42.87447],[-72.64746,42.87243],[-72.64709,42.86981],[-72.64688,42.86827],[-72.64657,42.86601],[-72.64622,42.86356],[-72.64602,42.86216],[-72.6458,42.86055],[-72.64564,42.85944],[-72.64533,42.85721],[-72.64497,42.85468],[-72.6446,42.85197],[-72.64431,42.84992],[-72.64405,42.84803],[-72.64377,42.84612],[-72.64127,42.84495],[-72.63962,42.84419],[-72.63668,42.84283],[-72.63488,42.84201],[-72.63343,42.84107],[-72.63242,42.84044],[-72.63071,42.83938],[-72.62788,42.83762],[-72.62606,42.83646],[-72.62465,42.8356],[-72.62379,42.83474],[-72.62164,42.83264],[-72.6199,42.83093],[-72.61793,42.829],[-72.6166,42.82769],[-72.61557,42.82668],[-72.61361,42.82475],[-72.6117,42.82288],[-72.61091,42.82211],[-72.60944,42.82068],[-72.60815,42.81941],[-72.60664,42.81794],[-72.60515,42.81647],[-72.6042,42.81554],[-72.60281,42.81418],[-72.60089,42.81228],[-72.60037,42.81179],[-72.59926,42.8107],[-72.59718,42.80866],[-72.59497,42.80649],[-72.59269,42.80433],[-72.59126,42.80285],[-72.5895,42.80103],[-72.58808,42.79962],[-72.58647,42.79806],[-72.58491,42.7979],[-72.58372,42.79778],[-72.58106,42.79751],[-72.57749,42.79715],[-72.57527,42.79692],[-72.57368,42.79677],[-72.57071,42.79646],[-72.56767,42.79616],[-72.56564,42.79596],[-72.56241,42.79563],[-72.5594,42.79534],[-72.55562,42.79495],[-72.5541,42.7948],[-72.55149,42.79454],[-72.54832,42.79421],[-72.54705,42.79409],[-72.54525,42.7939],[-72.54311,42.79368],[-72.54127,42.7935],[-72.53857,42.79322],[-72.53665,42.79304],[-72.53559,42.79292],[-72.53353,42.79346],[-72.53094,42.7925],[-72.52928,42.79096],[-72.52751,42.78933],[-72.52503,42.78879],[-72.52289,42.78831],[-72.5208,42.78755],[-72.51939,42.78607],[-72.51971,42.7842],[-72.51913,42.78338]]}},{"type":"Feature","properties":{"id":"122030","type":"AC; OVERHEAD","status":"IN SERVICE","owner":"PUBLIC SERVICE CO OF NH","voltage":115,"voltClass":"100-161"},"geometry":{"type":"LineString","coordinates":[[-71.48342,42.83054],[-71.48327,42.83039],[-71.48319,42.82992],[-71.48204,42.82988],[-71.47884,42.83003],[-71.47725,42.83005],[-71.47641,42.83009],[-71.47498,42.83041],[-71.4738,42.83066],[-71.47241,42.831],[-71.47119,42.83128],[-71.46998,42.83154],[-71.46939,42.83166],[-71.46796,42.83196]]}},{"type":"Feature","properties":{"id":"122310","type":"AC; OVERHEAD","status":"IN SERVICE","owner":"PUBLIC SERVICE CO OF NH","voltage":115,"voltClass":"100-161"},"geometry":{"type":"LineString","coordinates":[[-71.49428,44.59419],[-71.49445,44.59401],[-71.49615,44.59359],[-71.49771,44.5932],[-71.50025,44.59258],[-71.50066,44.59145],[-71.50112,44.59017],[-71.50177,44.58843],[-71.50224,44.58713],[-71.50275,44.58574],[-71.50307,44.58488],[-71.5038,44.58289],[-71.5042,44.58177],[-71.50478,44.5802],[-71.50524,44.5789],[-71.50583,44.57729],[-71.50639,44.5758],[-71.50682,44.5746],[-71.50711,44.57381],[-71.50743,44.57293],[-71.50807,44.57119],[-71.50859,44.56978],[-71.50901,44.56871],[-71.50936,44.56772],[-71.50976,44.56662],[-71.51025,44.56528],[-71.51068,44.56412],[-71.51102,44.56311],[-71.51153,44.56178],[-71.51198,44.56057],[-71.51267,44.55865],[-71.51317,44.55732],[-71.51358,44.5562],[-71.51416,44.55463],[-71.51476,44.55301],[-71.51523,44.55172],[-71.51576,44.55023],[-71.51637,44.5486],[-71.517,44.54691],[-71.51729,44.5461],[-71.51767,44.54509],[-71.51835,44.54326],[-71.51879,44.54208],[-71.51927,44.54078],[-71.51997,44.53891],[-71.52037,44.53783],[-71.52086,44.53654],[-71.52132,44.53533],[-71.52184,44.53389],[-71.52231,44.53263],[-71.52289,44.53105],[-71.52322,44.53016],[-71.52355,44.52931],[-71.5241,44.52779],[-71.52486,44.52578],[-71.52535,44.52445],[-71.52561,44.52376],[-71.52628,44.52193],[-71.52681,44.52056],[-71.52739,44.51899],[-71.52776,44.51804],[-71.52811,44.5171],[-71.52859,44.51573],[-71.52892,44.51483],[-71.52953,44.51316],[-71.53011,44.51167],[-71.53051,44.51056],[-71.53091,44.50948],[-71.53126,44.50852],[-71.53192,44.5068],[-71.53232,44.50574],[-71.53272,44.50463],[-71.5332,44.50326],[-71.53384,44.50166],[-71.53422,44.50061],[-71.53464,44.49946],[-71.53511,44.49818],[-71.53559,44.4969],[-71.53608,44.49559],[-71.53746,44.49195],[-71.53762,44.49149],[-71.53802,44.49048],[-71.53846,44.48923],[-71.53893,44.48799],[-71.53935,44.4868],[-71.53978,44.4855],[-71.54012,44.48455],[-71.54073,44.48303],[-71.54092,44.48251],[-71.54118,44.48119],[-71.54143,44.48002],[-71.54169,44.47879],[-71.542,44.47739],[-71.54219,44.47633],[-71.54236,44.47556],[-71.54188,44.47436],[-71.54126,44.47287],[-71.54085,44.47169],[-71.54035,44.47054],[-71.53979,44.46915],[-71.5392,44.46772],[-71.53854,44.4663],[-71.54017,44.46394],[-71.54082,44.463],[-71.54147,44.462],[-71.54226,44.46109],[-71.54284,44.45815],[-71.54302,44.4573],[-71.54327,44.45627],[-71.54358,44.45488],[-71.54383,44.45362],[-71.54417,44.45236],[-71.54462,44.45052],[-71.54498,44.44917],[-71.54522,44.44794],[-71.54551,44.44667],[-71.54583,44.44534],[-71.54609,44.44413],[-71.54677,44.44127],[-71.54716,44.4396],[-71.54752,44.43808],[-71.54789,44.43647],[-71.54817,44.43536],[-71.54843,44.43418],[-71.54869,44.43305],[-71.54903,44.43158],[-71.54927,44.43035],[-71.54955,44.42905],[-71.54994,44.42743],[-71.55025,44.42617],[-71.55058,44.42468],[-71.5509,44.42342],[-71.55124,44.42195],[-71.55155,44.42058],[-71.55181,44.41954],[-71.55226,44.41753],[-71.55292,44.41476],[-71.55321,44.41349],[-71.55351,44.41228],[-71.55379,44.41095],[-71.55413,44.40951],[-71.55446,44.40823],[-71.55477,44.40685],[-71.55509,44.40546],[-71.55545,44.4041],[-71.55573,44.40275],[-71.55602,44.40141],[-71.5563,44.40024],[-71.55662,44.39888],[-71.55687,44.39782],[-71.55712,44.39674],[-71.55748,44.39525],[-71.55815,44.39247],[-71.55848,44.39096],[-71.55886,44.38949],[-71.55921,44.38796],[-71.55951,44.38666],[-71.55984,44.38528],[-71.56015,44.38404],[-71.5604,44.38292],[-71.56075,44.38139],[-71.56109,44.38004],[-71.56142,44.37858],[-71.56177,44.3772],[-71.56358,44.37702],[-71.56506,44.37686],[-71.56704,44.37664],[-71.56863,44.37648],[-71.57063,44.37628],[-71.57218,44.37611],[-71.57401,44.37591],[-71.57589,44.37571],[-71.57746,44.37554],[-71.57875,44.3762],[-71.58005,44.37684],[-71.58117,44.37742],[-71.58296,44.3783],[-71.58461,44.37913],[-71.58589,44.37978],[-71.58708,44.37964],[-71.58892,44.37944],[-71.59096,44.37921],[-71.59277,44.37901],[-71.59495,44.37878],[-71.59668,44.37859],[-71.59877,44.37837],[-71.60052,44.37817],[-71.60192,44.37802],[-71.60388,44.37781],[-71.60526,44.37764],[-71.60602,44.37803],[-71.60707,44.37854],[-71.60772,44.37895],[-71.6082,44.37923],[-71.6084,44.37931]]}},{"type":"Feature","properties":{"id":"123502","type":"AC; OVERHEAD","status":"IN SERVICE","owner":"PUBLIC SERVICE CO OF NH","voltage":115,"voltClass":"100-161"},"geometry":{"type":"LineString","coordinates":[[-71.56901,43.01596],[-71.56927,43.01601],[-71.5708,43.01588],[-71.57092,43.01984],[-71.57024,43.02087],[-71.5689,43.02279],[-71.56804,43.02407],[-71.5675,43.02486],[-71.56687,43.02577],[-71.56651,43.02628],[-71.56583,43.02726],[-71.56517,43.02824],[-71.56483,43.02873],[-71.56445,43.02929],[-71.56434,43.02986],[-71.56375,43.03034],[-71.56291,43.03155],[-71.56211,43.0327],[-71.56157,43.03349],[-71.5609,43.03446],[-71.56025,43.03551],[-71.55954,43.03656],[-71.55877,43.0377],[-71.55822,43.03851],[-71.55727,43.03984],[-71.55666,43.04072],[-71.55601,43.04169],[-71.55544,43.04252],[-71.55452,43.04386],[-71.55398,43.04465],[-71.55352,43.04531],[-71.55293,43.04615],[-71.5525,43.04677],[-71.55145,43.04831],[-71.55108,43.0493],[-71.55069,43.05035],[-71.55039,43.05117],[-71.54988,43.05254],[-71.54962,43.05325],[-71.54883,43.05538],[-71.54843,43.05645],[-71.54813,43.05728],[-71.54777,43.05826],[-71.54733,43.05942],[-71.54711,43.06008],[-71.54669,43.06114],[-71.54642,43.06189],[-71.54601,43.06307],[-71.54568,43.06392],[-71.5454,43.06468],[-71.54511,43.06545],[-71.5448,43.06631],[-71.54428,43.0677],[-71.54373,43.0692],[-71.54347,43.06989],[-71.54307,43.07093],[-71.54274,43.07187],[-71.5424,43.07282],[-71.54216,43.07348],[-71.54167,43.07476],[-71.54137,43.07558],[-71.54098,43.07664],[-71.54053,43.07788],[-71.54001,43.07924],[-71.53963,43.08026],[-71.53923,43.08137],[-71.53874,43.08272],[-71.53834,43.08379],[-71.53787,43.08506],[-71.53752,43.08603],[-71.53702,43.08734],[-71.53678,43.088],[-71.53627,43.08933],[-71.53583,43.09062],[-71.53536,43.09208],[-71.53495,43.09318],[-71.5346,43.09413],[-71.53428,43.09501],[-71.53358,43.09687],[-71.53316,43.09807],[-71.53282,43.09887],[-71.532,43.10098],[-71.53177,43.10164],[-71.5315,43.10235],[-71.53113,43.10335],[-71.53085,43.10416],[-71.53043,43.10527],[-71.53005,43.10626],[-71.52975,43.10708],[-71.52943,43.108],[-71.52913,43.10884],[-71.5284,43.10903],[-71.52691,43.10947],[-71.52554,43.10987],[-71.52398,43.11029],[-71.52225,43.11079],[-71.52111,43.11111],[-71.51994,43.11145],[-71.51866,43.11182],[-71.51713,43.11224],[-71.51571,43.11265],[-71.51379,43.1132],[-71.51264,43.11351],[-71.51103,43.11398],[-71.50996,43.11429],[-71.50847,43.11471],[-71.5071,43.11509],[-71.50526,43.11561],[-71.50375,43.11604],[-71.50272,43.11632],[-71.5017,43.11685],[-71.50065,43.11738],[-71.49895,43.11826],[-71.49782,43.11883],[-71.49642,43.11956],[-71.49501,43.12028],[-71.49389,43.12084],[-71.49292,43.12133],[-71.49181,43.12191],[-71.49051,43.12257],[-71.48884,43.12342],[-71.48761,43.12406],[-71.48645,43.12465],[-71.48505,43.12537],[-71.48364,43.12608],[-71.48225,43.12678],[-71.48123,43.12732],[-71.47979,43.12802],[-71.47861,43.12862],[-71.47791,43.12959],[-71.47715,43.1306],[-71.47651,43.13144],[-71.47522,43.13306],[-71.4745,43.13406],[-71.47367,43.13518],[-71.47323,43.1358],[-71.47173,43.13775],[-71.47134,43.13825],[-71.47189,43.1391],[-71.47162,43.13931],[-71.47098,43.1398],[-71.47021,43.1404],[-71.47007,43.14061]]}},{"type":"Feature","properties":{"id":"123985","type":"AC; OVERHEAD","status":"IN SERVICE","owner":"PUBLIC SERVICE CO OF NH","voltage":115,"voltClass":"100-161"},"geometry":{"type":"LineString","coordinates":[[-72.48298,42.79792],[-72.48204,42.79821],[-72.47639,42.7991],[-72.45588,42.79513],[-72.45638,42.7944],[-72.45249,42.79284],[-72.44794,42.79103],[-72.44311,42.79159],[-72.43491,42.79256],[-72.43042,42.79265],[-72.38514,42.79324],[-72.38468,42.79316],[-72.38454,42.79306]]}},{"type":"Feature","properties":{"id":"124175","type":"AC; OVERHEAD","status":"IN SERVICE","owner":"PUBLIC SERVICE CO OF NH","voltage":230,"voltClass":"220-287"},"geometry":{"type":"LineString","coordinates":[[-71.87497,44.33591],[-71.87535,44.33555],[-71.88253,44.33173],[-71.88408,44.33243]]}},{"type":"Feature","properties":{"id":"124406","type":"AC; OVERHEAD","status":"IN SERVICE","owner":"PUBLIC SERVICE CO OF NH","voltage":345,"voltClass":"345"},"geometry":{"type":"LineString","coordinates":[[-70.79227,43.0981],[-70.79337,43.09577],[-70.79687,43.09423],[-70.79929,43.09315],[-70.79487,43.08874],[-70.79362,43.08755],[-70.79133,43.08351],[-70.7847,43.07805],[-70.78288,43.07652],[-70.78366,43.07446],[-70.78339,43.07284],[-70.7833,43.07239],[-70.78417,43.07144],[-70.78511,43.06925],[-70.78564,43.06727],[-70.78584,43.06662],[-70.79022,43.06307],[-70.79355,43.06037],[-70.79135,43.05608],[-70.79111,43.05563],[-70.79551,43.05062],[-70.80586,43.03883],[-70.80716,43.03735],[-70.81229,43.03494],[-70.81316,43.03169],[-70.81499,43.02487],[-70.81611,43.0205],[-70.81944,43.01673],[-70.82785,43.00709],[-70.82892,43.00579],[-70.83772,43.005],[-70.84829,43.00404],[-70.85146,43.00375],[-70.85328,42.99995],[-70.85467,42.99687],[-70.85493,42.99355],[-70.85509,42.99137],[-70.85372,42.98834],[-70.85284,42.98641],[-70.85404,42.98167],[-70.85608,42.97361],[-70.85735,42.96889],[-70.85873,42.9653],[-70.86153,42.95762],[-70.86238,42.95638],[-70.86645,42.95341],[-70.86923,42.95139],[-70.86785,42.95017],[-70.86883,42.94984]]}},{"type":"Feature","properties":{"id":"124655","type":"AC; OVERHEAD","status":"IN SERVICE","owner":null,"voltage":115,"voltClass":"100-161"},"geometry":{"type":"LineString","coordinates":[[-72.50682,42.79601],[-72.50779,42.79698],[-72.5106,42.80003],[-72.51555,42.80521],[-72.51975,42.80963],[-72.52116,42.81113],[-72.5281,42.815],[-72.53215,42.81725],[-72.5342,42.82065],[-72.5357,42.82316],[-72.53763,42.82646],[-72.54136,42.83268],[-72.54201,42.83378],[-72.54465,42.83364],[-72.54756,42.83355],[-72.54931,42.835],[-72.55072,42.83625],[-72.551,42.83745],[-72.55105,42.83769]]}},{"type":"Feature","properties":{"id":"124848","type":"AC; OVERHEAD","status":"IN SERVICE","owner":"PUBLIC SERVICE CO OF NH","voltage":115,"voltClass":"100-161"},"geometry":{"type":"LineString","coordinates":[[-71.47007,43.14061],[-71.47041,43.14059],[-71.47083,43.14033],[-71.47052,43.13959],[-71.47022,43.13891],[-71.47106,43.13776],[-71.47195,43.1366],[-71.47287,43.13542],[-71.47322,43.13498],[-71.47399,43.13389],[-71.47471,43.13294],[-71.47635,43.13091],[-71.47717,43.12977],[-71.47764,43.12915],[-71.47819,43.12834],[-71.47979,43.12756],[-71.48065,43.12711],[-71.48183,43.1265],[-71.48272,43.12605],[-71.48332,43.12573],[-71.48486,43.12495],[-71.4861,43.12432],[-71.48703,43.12385],[-71.48679,43.123],[-71.48656,43.12223],[-71.48634,43.12142],[-71.48611,43.12058],[-71.48603,43.12029],[-71.48582,43.11957],[-71.48546,43.11828],[-71.48503,43.11678],[-71.48472,43.11567],[-71.48451,43.11492],[-71.48411,43.11352],[-71.48382,43.11247],[-71.48354,43.1115],[-71.48335,43.11075],[-71.48302,43.10965],[-71.48279,43.1088],[-71.48245,43.10773],[-71.48261,43.10636],[-71.48273,43.1051],[-71.48281,43.1044],[-71.48284,43.10367],[-71.48301,43.1023],[-71.48308,43.10161],[-71.48316,43.10062],[-71.48329,43.09945],[-71.48341,43.09803],[-71.48349,43.09729],[-71.4836,43.09603],[-71.4837,43.0949],[-71.48378,43.09403],[-71.4839,43.09285],[-71.48405,43.09129],[-71.48414,43.09027],[-71.48421,43.08946],[-71.48437,43.08759],[-71.48444,43.08686],[-71.48455,43.08583],[-71.48467,43.08453],[-71.48479,43.08328],[-71.48493,43.08201],[-71.48503,43.08072],[-71.48514,43.07949],[-71.48524,43.07851],[-71.4853,43.07786],[-71.4854,43.07682],[-71.48551,43.07564],[-71.48556,43.07509],[-71.48563,43.07436],[-71.48576,43.07331],[-71.48534,43.07235],[-71.48475,43.0709],[-71.48437,43.06996],[-71.48396,43.06895],[-71.48361,43.06809],[-71.48297,43.06649],[-71.48258,43.06551],[-71.4822,43.06462],[-71.48188,43.06382],[-71.48157,43.06304],[-71.48123,43.06217],[-71.48079,43.06101],[-71.48031,43.05976],[-71.47978,43.05843],[-71.47921,43.05703],[-71.47881,43.05599],[-71.47834,43.05483],[-71.47793,43.05388],[-71.47736,43.05246],[-71.47706,43.05178],[-71.47751,43.05094],[-71.47803,43.0499],[-71.47867,43.04855],[-71.47925,43.04728],[-71.47968,43.04644],[-71.48022,43.0453],[-71.48061,43.04434],[-71.48097,43.04347],[-71.48153,43.04241],[-71.48202,43.04119],[-71.48237,43.04048],[-71.48313,43.04008],[-71.48423,43.03944],[-71.48587,43.03834],[-71.48602,43.03788],[-71.4863,43.037],[-71.48671,43.03547],[-71.48703,43.03444],[-71.48731,43.03345],[-71.48766,43.03245],[-71.48791,43.03153],[-71.48819,43.03055],[-71.4885,43.02946],[-71.4888,43.02861],[-71.48897,43.0279],[-71.48921,43.02704],[-71.48953,43.02593],[-71.48971,43.02528],[-71.48995,43.02457],[-71.49075,43.02348],[-71.49148,43.02246],[-71.49204,43.02171],[-71.49304,43.02035],[-71.49344,43.01976],[-71.49419,43.01871],[-71.49488,43.01777],[-71.49589,43.01645],[-71.49578,43.01501],[-71.49571,43.01406],[-71.49566,43.01324],[-71.4956,43.01224],[-71.49556,43.01147],[-71.49551,43.01054],[-71.49543,43.00931],[-71.49533,43.0078],[-71.49527,43.00711],[-71.49521,43.00587],[-71.49514,43.00522],[-71.49509,43.00437],[-71.49502,43.00304],[-71.49357,43.00306],[-71.49081,43.00312],[-71.48941,43.00316],[-71.48801,43.0032],[-71.48653,43.00326],[-71.48524,43.00327],[-71.48366,43.00331],[-71.48175,43.00338],[-71.48086,43.00341],[-71.47957,43.00342],[-71.47854,43.00347],[-71.47765,43.00346],[-71.47685,43.00344],[-71.47439,43.00339],[-71.47346,43.00333],[-71.47316,43.00321]]}},{"type":"Feature","properties":{"id":"127005","type":"AC; OVERHEAD","status":"IN SERVICE","owner":"CENTRAL MAINE POWER CO","voltage":115,"voltClass":"100-161"},"geometry":{"type":"LineString","coordinates":[[-70.62934,44.38943],[-70.62942,44.38916],[-70.62983,44.38885],[-70.63083,44.38843],[-70.63198,44.38793],[-70.63135,44.38716],[-70.6304,44.386],[-70.62995,44.38503],[-70.62948,44.38405],[-70.62905,44.38313],[-70.62861,44.3822],[-70.62818,44.3813],[-70.62772,44.38034],[-70.62723,44.3793],[-70.62672,44.37821],[-70.62628,44.3773],[-70.62585,44.37639],[-70.62584,44.37554],[-70.62583,44.37441],[-70.62582,44.37394],[-70.62582,44.37343],[-70.6258,44.37225],[-70.62579,44.37124],[-70.62578,44.37027],[-70.62576,44.3689],[-70.62575,44.36799],[-70.62574,44.36692],[-70.62573,44.36598],[-70.62571,44.36486],[-70.6257,44.36365],[-70.62569,44.36269],[-70.62567,44.36156],[-70.62566,44.36044],[-70.62565,44.35948],[-70.62563,44.35816],[-70.62562,44.35729],[-70.62533,44.35696],[-70.62532,44.35607],[-70.62529,44.35392],[-70.62528,44.35318],[-70.62555,44.35203],[-70.62554,44.35129],[-70.62554,44.35062],[-70.62553,44.35007],[-70.62551,44.349],[-70.6255,44.34798],[-70.62549,44.34692],[-70.62547,44.34582],[-70.62546,44.34485],[-70.62544,44.34348],[-70.62543,44.34254],[-70.62541,44.34129],[-70.6254,44.34031],[-70.62538,44.33897],[-70.62537,44.33797],[-70.62536,44.33699],[-70.62534,44.33586],[-70.62662,44.33535],[-70.62759,44.33497],[-70.62915,44.33436],[-70.63043,44.33386],[-70.63159,44.3334],[-70.63326,44.33275],[-70.63438,44.33231],[-70.63573,44.33178],[-70.63723,44.33119],[-70.63857,44.33066],[-70.63982,44.33017],[-70.6414,44.32955],[-70.6427,44.32904],[-70.64413,44.32848],[-70.64553,44.32793],[-70.64663,44.3275],[-70.64733,44.32722],[-70.64864,44.32671],[-70.65017,44.32611],[-70.65156,44.32556],[-70.65401,44.3246],[-70.65586,44.32387],[-70.65713,44.32337],[-70.65856,44.32281],[-70.65994,44.32227],[-70.66104,44.32184],[-70.66262,44.32122],[-70.66354,44.32086],[-70.6644,44.32052],[-70.66541,44.31938],[-70.66612,44.31856],[-70.66793,44.31651],[-70.66886,44.31545],[-70.66961,44.3146],[-70.67059,44.31348],[-70.67135,44.31262],[-70.67206,44.31182],[-70.67286,44.3109],[-70.67372,44.30992],[-70.67448,44.30906],[-70.67533,44.3081],[-70.67602,44.30732],[-70.676,44.30595],[-70.67599,44.30495],[-70.67598,44.30371],[-70.67597,44.3026],[-70.67595,44.30139],[-70.67594,44.30026],[-70.67593,44.29905],[-70.67592,44.29829],[-70.67591,44.29701],[-70.6759,44.29598],[-70.67589,44.29489],[-70.67588,44.29374],[-70.67586,44.29261],[-70.67585,44.29153],[-70.67584,44.29051],[-70.67583,44.28917],[-70.67582,44.28816],[-70.6758,44.28683],[-70.67579,44.28585],[-70.67578,44.28453],[-70.67577,44.28342],[-70.67576,44.28283],[-70.67575,44.28144],[-70.67574,44.2806],[-70.67573,44.27961],[-70.67572,44.27827],[-70.67571,44.27727],[-70.67569,44.27592],[-70.67568,44.27495],[-70.67706,44.27447],[-70.67845,44.27399],[-70.67956,44.2736],[-70.68082,44.27316],[-70.68214,44.2727],[-70.68376,44.27214],[-70.68505,44.27169],[-70.68577,44.27144],[-70.68773,44.27076],[-70.68907,44.27029],[-70.69079,44.2697],[-70.69152,44.26944],[-70.69348,44.26876],[-70.69465,44.26835],[-70.69622,44.26781],[-70.69753,44.26735],[-70.69905,44.26682],[-70.70046,44.26633],[-70.70165,44.26592],[-70.70325,44.26536],[-70.70457,44.2649],[-70.70618,44.26435],[-70.70747,44.26389],[-70.70816,44.26295],[-70.70883,44.26202],[-70.7096,44.26095],[-70.71102,44.25898],[-70.71154,44.25827],[-70.71207,44.25753],[-70.71289,44.2564],[-70.71339,44.25571],[-70.71423,44.25455],[-70.71478,44.25378],[-70.71528,44.2531],[-70.71601,44.25208],[-70.71677,44.25103],[-70.71739,44.25017],[-70.71827,44.24895],[-70.71887,44.24813],[-70.71768,44.24722],[-70.71671,44.24647],[-70.71544,44.24549],[-70.71451,44.24477],[-70.71347,44.24397],[-70.7123,44.24307],[-70.71143,44.2424],[-70.71025,44.24149],[-70.7092,44.24068],[-70.70811,44.23984],[-70.70749,44.23961],[-70.70647,44.2388],[-70.70548,44.23802],[-70.70448,44.23725],[-70.70326,44.2363],[-70.70252,44.23572],[-70.70141,44.23486],[-70.69968,44.23421],[-70.69755,44.23255],[-70.69711,44.23152],[-70.6963,44.2309],[-70.69528,44.23011],[-70.69421,44.22929],[-70.69307,44.2284],[-70.69199,44.22757],[-70.69103,44.22683],[-70.69006,44.22608],[-70.68882,44.22512],[-70.68788,44.2244],[-70.68669,44.22348],[-70.6858,44.22278],[-70.68482,44.22203],[-70.68427,44.22144],[-70.68337,44.22048],[-70.68258,44.21964],[-70.68179,44.21879],[-70.68105,44.218],[-70.68023,44.21713],[-70.67942,44.21626],[-70.67865,44.21544],[-70.67793,44.21466],[-70.67672,44.21384],[-70.67601,44.21336],[-70.67477,44.21252],[-70.67342,44.2116],[-70.67256,44.21103],[-70.67175,44.21048],[-70.67072,44.20978],[-70.66945,44.20891],[-70.66844,44.20823],[-70.66735,44.2075],[-70.66654,44.20694],[-70.6653,44.2061],[-70.66486,44.20512],[-70.66442,44.20412],[-70.66398,44.20314],[-70.66349,44.20203],[-70.66305,44.20103],[-70.66259,44.20002],[-70.66211,44.19892],[-70.66163,44.19786],[-70.66113,44.19672],[-70.66067,44.19568],[-70.6602,44.19463],[-70.65971,44.19354],[-70.65853,44.19285],[-70.65723,44.19209],[-70.65607,44.19142],[-70.65511,44.19086],[-70.65396,44.19019],[-70.65278,44.18951],[-70.65173,44.18889],[-70.65064,44.18826],[-70.64891,44.18725],[-70.6478,44.1866],[-70.6468,44.18602],[-70.64561,44.18533],[-70.64451,44.18469],[-70.64339,44.18404],[-70.64244,44.18349],[-70.64122,44.18278],[-70.63988,44.182],[-70.63968,44.18112],[-70.63947,44.18019],[-70.63924,44.17914],[-70.63899,44.17803],[-70.63876,44.177],[-70.63849,44.17582],[-70.63826,44.17477],[-70.63801,44.17365],[-70.63775,44.17247],[-70.63749,44.17133],[-70.63727,44.17036],[-70.63698,44.16905],[-70.63675,44.16804],[-70.63649,44.16688],[-70.63625,44.16578],[-70.63602,44.16477],[-70.63576,44.16361],[-70.63551,44.16248],[-70.63525,44.16134],[-70.63501,44.16024],[-70.63476,44.15913],[-70.63449,44.15793],[-70.63425,44.15684],[-70.63398,44.15562],[-70.63373,44.15454],[-70.63347,44.15338],[-70.6333,44.15259],[-70.63325,44.15239],[-70.63322,44.15224],[-70.63364,44.15194],[-70.63372,44.1518]]}},{"type":"Feature","properties":{"id":"127372","type":"AC; OVERHEAD","status":"IN SERVICE","owner":"PUBLIC SERVICE CO OF NH","voltage":345,"voltClass":"345"},"geometry":{"type":"LineString","coordinates":[[-71.37684,42.79156],[-71.37781,42.79077]]}},{"type":"Feature","properties":{"id":"125621","type":"AC; OVERHEAD","status":"IN SERVICE","owner":"PUBLIC SERVICE CO OF NH","voltage":115,"voltClass":"100-161"},"geometry":{"type":"LineString","coordinates":[[-71.47007,43.14061],[-71.47,43.14023],[-71.4707,43.13956],[-71.47143,43.13889],[-71.47102,43.13824],[-71.47156,43.13756],[-71.47302,43.13565],[-71.47341,43.13509],[-71.47427,43.13391],[-71.47508,43.13284],[-71.47644,43.13113],[-71.47696,43.13048],[-71.47765,43.12953],[-71.47842,43.12847],[-71.47995,43.12768],[-71.48118,43.12709],[-71.48209,43.12662],[-71.48354,43.12587],[-71.48498,43.12515],[-71.48624,43.12449],[-71.48739,43.12391],[-71.48874,43.12324],[-71.49012,43.12254],[-71.49161,43.12177],[-71.49248,43.12132],[-71.49366,43.12072],[-71.49488,43.12009],[-71.49633,43.11935],[-71.49768,43.11865],[-71.49875,43.11811],[-71.50039,43.11726],[-71.50158,43.11666],[-71.50256,43.11615],[-71.50357,43.11587],[-71.50485,43.1155],[-71.50641,43.11506],[-71.50809,43.11458],[-71.50978,43.1141],[-71.51104,43.11376],[-71.51262,43.1133],[-71.51376,43.11299],[-71.51525,43.11255],[-71.51673,43.11215],[-71.51777,43.11185],[-71.51995,43.11124],[-71.52104,43.11092],[-71.52163,43.11075],[-71.52282,43.11039],[-71.52392,43.11009],[-71.52531,43.10969],[-71.5265,43.10935],[-71.52758,43.10904],[-71.52885,43.10869],[-71.52926,43.10767],[-71.52968,43.10649],[-71.53001,43.10559],[-71.53032,43.10476],[-71.53083,43.10346],[-71.53117,43.10241],[-71.53189,43.1005],[-71.53244,43.09905],[-71.53287,43.09806],[-71.53338,43.09671],[-71.53403,43.09496],[-71.53438,43.09399],[-71.53468,43.09316],[-71.53504,43.09213],[-71.53551,43.09086],[-71.53592,43.08952],[-71.53649,43.08813],[-71.53682,43.08716],[-71.5372,43.08611],[-71.53753,43.08522],[-71.53802,43.08383],[-71.53836,43.08294],[-71.53897,43.08128],[-71.53927,43.0805],[-71.53978,43.0791],[-71.54043,43.07736],[-71.54071,43.07659],[-71.54104,43.07568],[-71.54144,43.0746],[-71.54191,43.07334],[-71.54218,43.07258],[-71.54258,43.07152],[-71.54311,43.07004],[-71.54342,43.06922],[-71.54404,43.06759],[-71.54453,43.06625],[-71.54484,43.06542],[-71.54514,43.06457],[-71.5455,43.06361],[-71.54597,43.06236],[-71.54627,43.06155],[-71.54669,43.0604],[-71.54711,43.05928],[-71.54746,43.0583],[-71.54786,43.05721],[-71.5483,43.05607],[-71.54884,43.05459],[-71.54921,43.05358],[-71.5496,43.05252],[-71.54993,43.05165],[-71.55044,43.05029],[-71.55092,43.04897],[-71.55118,43.04823],[-71.55218,43.04676],[-71.5527,43.04603],[-71.55324,43.04525],[-71.55388,43.04433],[-71.5549,43.04287],[-71.55539,43.04214],[-71.5558,43.04154],[-71.55668,43.04026],[-71.55792,43.03843],[-71.55851,43.03761],[-71.55909,43.03675],[-71.55982,43.03569],[-71.56043,43.0348],[-71.56108,43.03384],[-71.56179,43.03268],[-71.56273,43.03136],[-71.56356,43.03014],[-71.56396,43.02941],[-71.56454,43.02867],[-71.56487,43.0282],[-71.56521,43.02773],[-71.56619,43.0263],[-71.56665,43.02562],[-71.56737,43.02459],[-71.56792,43.02378],[-71.56852,43.02292],[-71.56922,43.02191],[-71.57066,43.01978],[-71.57061,43.01904],[-71.57053,43.01601],[-71.56925,43.01617],[-71.56901,43.01596]]}},{"type":"Feature","properties":{"id":"127630","type":"AC; OVERHEAD","status":"IN SERVICE","owner":"PUBLIC SERVICE CO OF NH","voltage":115,"voltClass":"100-161"},"geometry":{"type":"LineString","coordinates":[[-72.31767,42.87342],[-72.31782,42.87365],[-72.31792,42.87373],[-72.31498,42.87555],[-72.31473,42.87625],[-72.29946,42.88208],[-72.29769,42.88402],[-72.29429,42.88768],[-72.29291,42.89074],[-72.28839,42.90087],[-72.28464,42.90154],[-72.285,42.90362],[-72.28555,42.90677],[-72.28527,42.91063],[-72.28428,42.92355],[-72.28704,42.9263],[-72.28696,42.9296],[-72.28604,42.92968]]}},{"type":"Feature","properties":{"id":"127799","type":"AC; OVERHEAD","status":"IN SERVICE","owner":"PUBLIC SERVICE CO OF NH","voltage":115,"voltClass":"100-161"},"geometry":{"type":"LineString","coordinates":[[-72.29851,43.6667],[-72.29972,43.66739],[-72.30353,43.66871],[-72.30442,43.66914]]}},{"type":"Feature","properties":{"id":"127823","type":"AC; OVERHEAD","status":"IN SERVICE","owner":null,"voltage":345,"voltClass":"345"},"geometry":{"type":"LineString","coordinates":[[-71.11455,42.74349],[-71.11347,42.74326],[-71.11222,42.74295],[-71.11032,42.74274],[-71.1083,42.74248],[-71.10805,42.74245],[-71.10653,42.74097],[-71.105,42.73952],[-71.10347,42.73804],[-71.10199,42.73662],[-71.10172,42.73625],[-71.10123,42.7356],[-71.0985,42.73297],[-71.09688,42.73142],[-71.09549,42.73008],[-71.09311,42.72779],[-71.09022,42.72504],[-71.08887,42.72375],[-71.08735,42.72226],[-71.08608,42.72101],[-71.08481,42.7198],[-71.08351,42.71854],[-71.0826,42.71768],[-71.08162,42.71672],[-71.08008,42.71523],[-71.07919,42.71438],[-71.07819,42.71341],[-71.07795,42.71349],[-71.07775,42.71355],[-71.07671,42.71386],[-71.07487,42.71441],[-71.07313,42.71494],[-71.0712,42.71552],[-71.06957,42.71601],[-71.06838,42.71636],[-71.06598,42.71708],[-71.06429,42.71759],[-71.0625,42.71813],[-71.06021,42.71805],[-71.05776,42.71797],[-71.0552,42.71788],[-71.05259,42.71779],[-71.05013,42.71771],[-71.048,42.71764],[-71.04628,42.71882],[-71.04448,42.72006],[-71.04302,42.72106],[-71.04144,42.72215],[-71.03981,42.72327],[-71.0382,42.72439],[-71.03659,42.72549],[-71.03535,42.72634],[-71.03293,42.72702],[-71.03045,42.7277],[-71.02833,42.72829],[-71.02594,42.72895],[-71.02388,42.72952],[-71.02148,42.73018],[-71.01929,42.73078],[-71.01797,42.73181],[-71.0164,42.73302],[-71.01455,42.73445],[-71.01343,42.73531],[-71.01264,42.73592],[-71.01309,42.73662],[-71.01231,42.73718],[-71.01183,42.73729],[-71.01098,42.73749],[-71.00976,42.73911],[-71.00872,42.7404],[-71.00754,42.74197],[-71.00626,42.7436],[-71.00528,42.74482],[-71.00416,42.74628],[-71.00305,42.74769],[-71.00186,42.74921],[-71.00081,42.75058],[-70.99946,42.75231],[-70.99877,42.75318],[-70.99803,42.75412],[-70.99704,42.75537],[-70.99625,42.75634],[-70.9956,42.75817],[-70.99505,42.75966],[-70.9945,42.76115],[-70.99395,42.76265],[-70.99329,42.76444],[-70.99265,42.76622],[-70.99206,42.76783],[-70.99144,42.76947],[-70.99081,42.77122],[-70.9904,42.77229],[-70.98933,42.7738],[-70.98842,42.7751],[-70.98736,42.7766],[-70.9863,42.77807],[-70.98524,42.77956],[-70.98408,42.7812],[-70.98359,42.78272],[-70.98309,42.7842],[-70.98262,42.78564],[-70.9822,42.78689],[-70.98174,42.78831],[-70.98138,42.7894],[-70.98081,42.79119],[-70.98048,42.79252],[-70.98015,42.79349],[-70.97945,42.79524],[-70.97885,42.79706],[-70.97828,42.79906],[-70.97778,42.80085],[-70.97738,42.80234],[-70.97692,42.80401],[-70.97659,42.80521],[-70.97699,42.80632],[-70.97753,42.80781],[-70.97711,42.80963],[-70.97671,42.81151],[-70.97635,42.81312],[-70.97597,42.81478],[-70.97556,42.81662],[-70.97515,42.81833],[-70.97521,42.81998],[-70.97523,42.82127],[-70.97532,42.82291],[-70.97551,42.82632],[-70.97421,42.82825],[-70.97326,42.8297],[-70.97246,42.83085],[-70.97145,42.83239],[-70.97242,42.83295]]}},{"type":"Feature","properties":{"id":"127936","type":"AC; OVERHEAD","status":"IN SERVICE","owner":"PUBLIC SERVICE CO OF NH","voltage":230,"voltClass":"220-287"},"geometry":{"type":"LineString","coordinates":[[-71.9933,44.31942],[-71.99327,44.31761],[-71.99356,44.31736],[-71.99597,44.3182],[-71.99852,44.3191],[-72.00236,44.31995],[-72.00274,44.32012],[-72.00304,44.32097]]}},{"type":"Feature","properties":{"id":"127982","type":"AC; OVERHEAD","status":"IN SERVICE","owner":"PUBLIC SERVICE CO OF NH","voltage":230,"voltClass":"220-287"},"geometry":{"type":"LineString","coordinates":[[-71.57983,43.06441],[-71.57341,43.06596],[-71.56109,43.06904],[-71.55083,43.07169],[-71.54864,43.07225],[-71.54241,43.0738],[-71.5416,43.07595],[-71.53841,43.08455],[-71.53543,43.09264],[-71.53181,43.10243],[-71.5294,43.10901],[-71.52485,43.11033],[-71.50757,43.11522],[-71.50283,43.11654],[-71.4967,43.1197],[-71.48286,43.12671],[-71.47886,43.1288],[-71.47342,43.136],[-71.47262,43.13707],[-71.47293,43.13863],[-71.47052,43.14036],[-71.47007,43.14061]]}},{"type":"Feature","properties":{"id":"125916","type":"AC; OVERHEAD","status":"IN SERVICE","owner":null,"voltage":115,"voltClass":"100-161"},"geometry":{"type":"LineString","coordinates":[[-71.07767,42.71322],[-71.07494,42.71403],[-71.07327,42.71453],[-71.07213,42.71488],[-71.07062,42.71533],[-71.06942,42.71569],[-71.06842,42.716],[-71.06747,42.71627],[-71.06555,42.71686],[-71.06382,42.71739],[-71.06245,42.71781],[-71.06129,42.71777],[-71.05988,42.71772],[-71.0578,42.71765],[-71.056,42.7176],[-71.0538,42.71752],[-71.05262,42.71749],[-71.05141,42.71745],[-71.04922,42.71737],[-71.04782,42.71733],[-71.04703,42.71787],[-71.04564,42.71883],[-71.0439,42.72003],[-71.04311,42.72058],[-71.04195,42.72137],[-71.04113,42.72193],[-71.03973,42.7229],[-71.03875,42.72358],[-71.0372,42.72464],[-71.03638,42.72521],[-71.03514,42.72607],[-71.03294,42.72667],[-71.03112,42.72718],[-71.02977,42.72755],[-71.0278,42.72809],[-71.02608,42.72856],[-71.02478,42.72892],[-71.02389,42.72916],[-71.02297,42.72942],[-71.02189,42.72972],[-71.02056,42.73008],[-71.01907,42.73049],[-71.01795,42.73135],[-71.0167,42.73231],[-71.01521,42.73346],[-71.01413,42.73428],[-71.01313,42.73505],[-71.01244,42.73558],[-71.01177,42.7361],[-71.01148,42.7363],[-71.01168,42.7364],[-71.0122,42.73646]]}},{"type":"Feature","properties":{"id":"126262","type":"AC; OVERHEAD","status":"IN SERVICE","owner":"GREEN MOUNTAIN POWER CORP","voltage":345,"voltClass":"345"},"geometry":{"type":"LineString","coordinates":[[-72.4684,42.61117],[-72.46867,42.61138],[-72.46798,42.6152],[-72.46776,42.61646],[-72.4675,42.61789],[-72.46544,42.61839],[-72.46306,42.61898],[-72.46074,42.61955],[-72.45849,42.6201],[-72.45661,42.62056],[-72.45431,42.6218],[-72.45201,42.62303],[-72.44968,42.62429],[-72.44792,42.62524],[-72.44579,42.62638],[-72.44409,42.6273],[-72.44177,42.62854],[-72.43955,42.62974],[-72.43818,42.63048],[-72.43596,42.63167],[-72.43575,42.6328],[-72.43546,42.63441],[-72.43511,42.63628],[-72.43485,42.63772],[-72.4346,42.63908],[-72.43435,42.64042],[-72.43403,42.64218],[-72.43378,42.64356],[-72.43351,42.64505],[-72.43328,42.64629],[-72.43299,42.64786],[-72.43266,42.64965],[-72.43114,42.65144],[-72.42991,42.65288],[-72.42821,42.65487],[-72.42703,42.65626],[-72.42608,42.65738],[-72.42514,42.65848],[-72.4244,42.65934],[-72.42337,42.66055],[-72.42249,42.66158],[-72.42113,42.66318],[-72.41977,42.66477],[-72.41866,42.66608],[-72.41752,42.66741],[-72.41633,42.66882],[-72.41533,42.66999],[-72.41412,42.6714],[-72.41247,42.67334],[-72.41185,42.67407],[-72.41063,42.67549],[-72.40876,42.67769],[-72.40711,42.67963],[-72.40579,42.68118],[-72.40473,42.68242],[-72.40389,42.68341],[-72.40293,42.68453],[-72.40304,42.68626],[-72.40311,42.68748],[-72.4032,42.68885],[-72.40329,42.69028],[-72.40342,42.69225],[-72.40357,42.69464],[-72.40365,42.69601],[-72.40375,42.6975],[-72.40389,42.69981],[-72.40394,42.70058],[-72.40478,42.70301],[-72.40513,42.70405],[-72.40546,42.70501],[-72.4067,42.70861],[-72.40735,42.71052],[-72.40783,42.71191],[-72.40835,42.71343],[-72.40769,42.71495],[-72.40697,42.71659],[-72.40633,42.71806],[-72.4052,42.72066],[-72.40449,42.7223],[-72.40348,42.72461],[-72.40174,42.72862],[-72.39798,42.73733],[-72.40652,42.74283],[-72.41145,42.746],[-72.43968,42.74752],[-72.44726,42.74793],[-72.45309,42.75482],[-72.45544,42.75756],[-72.45934,42.7732],[-72.46242,42.78559],[-72.46284,42.78718],[-72.45902,42.79206],[-72.45703,42.79461],[-72.458,42.79502],[-72.46882,42.79709],[-72.4764,42.79858],[-72.47851,42.79824],[-72.48461,42.79726],[-72.49031,42.79633],[-72.49107,42.79631],[-72.50483,42.79564],[-72.5108,42.79525],[-72.51275,42.79258],[-72.51575,42.78847],[-72.51808,42.78495],[-72.51917,42.78439],[-72.51913,42.78338]]}},{"type":"Feature","properties":{"id":"128141","type":"AC; OVERHEAD","status":"IN SERVICE","owner":"PUBLIC SERVICE CO OF NH","voltage":115,"voltClass":"100-161"},"geometry":{"type":"LineString","coordinates":[[-70.9978,43.30794],[-70.99815,43.30787],[-70.99846,43.30844],[-70.99844,43.3088]]}},{"type":"Feature","properties":{"id":"128714","type":"AC; OVERHEAD","status":"IN SERVICE","owner":"VERMONT ELECTRIC POWER CO","voltage":345,"voltClass":"345"},"geometry":{"type":"LineString","coordinates":[[-72.51913,42.78338],[-72.52009,42.78409],[-72.51969,42.78605],[-72.52094,42.78745],[-72.52295,42.78819],[-72.52509,42.78865],[-72.52761,42.7892],[-72.52943,42.79087],[-72.53107,42.79239],[-72.53354,42.79331],[-72.53556,42.79278],[-72.53675,42.79277],[-72.53852,42.79294],[-72.5413,42.79322],[-72.54314,42.79341],[-72.54527,42.79363],[-72.5471,42.79382],[-72.54836,42.79394],[-72.55153,42.79426],[-72.55397,42.7945],[-72.5555,42.79466],[-72.55945,42.79505],[-72.56247,42.79536],[-72.56572,42.79569],[-72.56774,42.79589],[-72.5702,42.79612],[-72.57371,42.79649],[-72.5753,42.79665],[-72.57761,42.79688],[-72.58107,42.79723],[-72.58374,42.7975],[-72.58495,42.79763],[-72.58659,42.79778],[-72.58831,42.79945],[-72.58935,42.80053],[-72.59155,42.80269],[-72.59306,42.80417],[-72.59512,42.8062],[-72.59746,42.8085],[-72.59954,42.81054],[-72.60066,42.81162],[-72.60113,42.81208],[-72.60312,42.81402],[-72.60448,42.81538],[-72.60544,42.8163],[-72.60666,42.8175],[-72.60844,42.81928],[-72.60974,42.82052],[-72.61121,42.82196],[-72.61181,42.82255],[-72.61368,42.82437],[-72.61607,42.82672],[-72.61677,42.82741],[-72.61824,42.82884],[-72.62042,42.83099],[-72.62194,42.83248],[-72.62411,42.83458],[-72.62494,42.8354],[-72.62629,42.83625],[-72.62781,42.8372],[-72.63094,42.83917],[-72.63267,42.84024],[-72.63368,42.84086],[-72.63511,42.84179],[-72.63689,42.84261],[-72.6398,42.84395],[-72.64149,42.84472],[-72.64415,42.84596],[-72.64439,42.84765],[-72.6447,42.84987],[-72.64498,42.85194],[-72.64538,42.85455],[-72.64574,42.85717],[-72.64613,42.86003],[-72.64639,42.86197],[-72.64661,42.86353],[-72.64694,42.86599],[-72.64723,42.86819],[-72.64745,42.86979],[-72.64781,42.8724],[-72.64835,42.87443],[-72.64902,42.877],[-72.64949,42.87877],[-72.64989,42.88032],[-72.65039,42.88221],[-72.65125,42.88551],[-72.65158,42.88678],[-72.65191,42.88802],[-72.65189,42.88988],[-72.65186,42.89219],[-72.65188,42.89383],[-72.6519,42.89601],[-72.65192,42.89718],[-72.65194,42.89902],[-72.65196,42.90034],[-72.65198,42.90194],[-72.65199,42.90327],[-72.65202,42.90572],[-72.65204,42.90737],[-72.65206,42.90842],[-72.65208,42.90998],[-72.65211,42.9127],[-72.65213,42.91391],[-72.65214,42.91515],[-72.65217,42.91779],[-72.65159,42.91913],[-72.65083,42.92081],[-72.65034,42.92182],[-72.64956,42.92344],[-72.64849,42.92594],[-72.64792,42.92734],[-72.64678,42.9297],[-72.64594,42.93143],[-72.64533,42.93282],[-72.6444,42.93497],[-72.64358,42.9367],[-72.64279,42.93843],[-72.64221,42.94],[-72.64167,42.94142],[-72.64096,42.94343],[-72.64017,42.94538],[-72.63812,42.94942],[-72.6347,42.95597],[-72.63429,42.96261],[-72.65231,42.96815]]}},{"type":"Feature","properties":{"id":"128778","type":"AC; OVERHEAD","status":"IN SERVICE","owner":"PUBLIC SERVICE CO OF NH","voltage":115,"voltClass":"100-161"},"geometry":{"type":"LineString","coordinates":[[-70.81227,43.04243],[-70.81202,43.04244],[-70.81138,43.04189],[-70.8107,43.04192],[-70.80895,43.04204],[-70.80706,43.04219],[-70.80498,43.04234],[-70.80338,43.0424],[-70.80256,43.04331],[-70.80169,43.0443],[-70.80093,43.04518],[-70.79988,43.04638],[-70.79898,43.0474],[-70.79794,43.04857],[-70.79727,43.04934],[-70.79655,43.05016],[-70.79554,43.05132],[-70.79456,43.05242],[-70.79361,43.05351],[-70.79264,43.05462],[-70.79173,43.05566],[-70.79228,43.0567],[-70.79256,43.05723],[-70.79335,43.05875],[-70.79383,43.05967],[-70.79422,43.06042],[-70.79294,43.06147],[-70.79174,43.06247],[-70.79059,43.0634],[-70.78942,43.06436],[-70.78814,43.06541],[-70.7869,43.06641],[-70.78634,43.06683],[-70.78592,43.06837],[-70.78576,43.06912],[-70.78474,43.07165],[-70.78395,43.0725],[-70.7843,43.07449],[-70.78354,43.07643],[-70.78409,43.07686],[-70.78552,43.07807],[-70.78611,43.07855],[-70.78727,43.07953],[-70.78832,43.08035],[-70.78935,43.08118],[-70.79077,43.0824],[-70.79187,43.08324],[-70.79412,43.08731],[-70.79713,43.09026],[-70.8001,43.09325],[-70.7971,43.0946],[-70.79577,43.09516],[-70.79499,43.09552],[-70.79373,43.09605],[-70.79256,43.0966],[-70.78927,43.09565],[-70.78622,43.09729],[-70.78602,43.09735]]}},{"type":"Feature","properties":{"id":"129265","type":"AC; OVERHEAD","status":"IN SERVICE","owner":"CENTRAL MAINE POWER CO","voltage":115,"voltClass":"100-161"},"geometry":{"type":"LineString","coordinates":[[-70.74275,43.28822],[-70.74247,43.28836],[-70.74189,43.2884],[-70.74162,43.28854],[-70.73775,43.28959],[-70.7283,43.29204],[-70.7263,43.2926],[-70.71863,43.29795],[-70.71417,43.30113],[-70.71086,43.30787],[-70.70645,43.31692],[-70.70481,43.32035],[-70.69061,43.32581],[-70.67545,43.33165],[-70.66072,43.33729],[-70.65362,43.34839],[-70.65117,43.35225],[-70.64629,43.35971],[-70.64015,43.36939],[-70.63753,43.37345],[-70.63143,43.38295],[-70.63076,43.38394],[-70.62601,43.38874],[-70.6211,43.39352],[-70.61947,43.39519],[-70.61868,43.396],[-70.61838,43.3965],[-70.61784,43.39694]]}},{"type":"Feature","properties":{"id":"129580","type":"AC; OVERHEAD","status":"IN SERVICE","owner":"PUBLIC SERVICE CO OF NH","voltage":115,"voltClass":"100-161"},"geometry":{"type":"LineString","coordinates":[[-71.25343,44.62668],[-71.25099,44.62666],[-71.2444,44.61873],[-71.23886,44.6119],[-71.238,44.61082]]}},{"type":"Feature","properties":{"id":"129653","type":"AC; OVERHEAD","status":"IN SERVICE","owner":null,"voltage":115,"voltClass":"100-161"},"geometry":{"type":"LineString","coordinates":[[-71.1137,42.74424],[-71.11358,42.74483],[-71.11529,42.74525],[-71.11628,42.7464],[-71.1176,42.74793],[-71.1184,42.74911],[-71.11919,42.75028],[-71.1208,42.75156],[-71.12205,42.75258],[-71.12384,42.75398],[-71.1253,42.75368],[-71.12788,42.75312],[-71.13023,42.75322],[-71.1327,42.75269],[-71.13469,42.75228],[-71.13668,42.75185],[-71.13872,42.75141],[-71.14058,42.75102],[-71.14229,42.75066],[-71.14402,42.7503],[-71.14598,42.74988],[-71.14762,42.74952],[-71.14926,42.74919],[-71.15096,42.74883],[-71.15336,42.74814],[-71.15526,42.7476],[-71.15653,42.74724],[-71.158,42.74682],[-71.1594,42.74643],[-71.16184,42.74574],[-71.16436,42.74503],[-71.16646,42.74441],[-71.16681,42.74423],[-71.16703,42.74453]]}},{"type":"Feature","properties":{"id":"129725","type":"AC; OVERHEAD","status":"IN SERVICE","owner":null,"voltage":115,"voltClass":"100-161"},"geometry":{"type":"LineString","coordinates":[[-71.1137,42.74424],[-71.1141,42.74362],[-71.11328,42.74339],[-71.11226,42.74314],[-71.11031,42.74289],[-71.10853,42.7427],[-71.1083,42.74248],[-71.10768,42.74188],[-71.10696,42.74118],[-71.10634,42.74058],[-71.10548,42.73977],[-71.10482,42.73915],[-71.10395,42.7383],[-71.10305,42.73743],[-71.10221,42.73661],[-71.10172,42.73625],[-71.10127,42.73592],[-71.1006,42.73525],[-71.09991,42.73459],[-71.09834,42.73307],[-71.09747,42.73223],[-71.09674,42.73152],[-71.09599,42.73081],[-71.09497,42.72983],[-71.09371,42.72863],[-71.09282,42.72776],[-71.09197,42.72695],[-71.09125,42.72625],[-71.09039,42.72547],[-71.08958,42.72466],[-71.08873,42.72385],[-71.08789,42.72305],[-71.08693,42.72209],[-71.08605,42.72124],[-71.08522,42.72044],[-71.08444,42.71968],[-71.08362,42.71889],[-71.08299,42.71829],[-71.0824,42.71773],[-71.08162,42.71698],[-71.07982,42.71525],[-71.07901,42.71447],[-71.07831,42.71379],[-71.07795,42.71349],[-71.07795,42.71348],[-71.07767,42.71322]]}},{"type":"Feature","properties":{"id":"130348","type":"AC; OVERHEAD","status":null,"owner":"PUBLIC SERVICE CO OF NH","voltage":230,"voltClass":"220-287"},"geometry":{"type":"LineString","coordinates":[[-72.00304,44.32097],[-72.00317,44.32169],[-72.00314,44.32388],[-72.00118,44.32512],[-72.00097,44.32505]]}},{"type":"Feature","properties":{"id":"130450","type":"AC; OVERHEAD","status":"IN SERVICE","owner":"PUBLIC SERVICE CO OF NH","voltage":115,"voltClass":"100-161"},"geometry":{"type":"LineString","coordinates":[[-71.78184,44.25262],[-71.78196,44.25273],[-71.78227,44.25314],[-71.78203,44.26306],[-71.78567,44.26736],[-71.78655,44.26825],[-71.79582,44.27932],[-71.79942,44.28365],[-71.80043,44.28489],[-71.80334,44.28821],[-71.80359,44.28849],[-71.80268,44.29081],[-71.80162,44.29254],[-71.80138,44.29493],[-71.80127,44.29609],[-71.80045,44.29715],[-71.79995,44.30013],[-71.79954,44.30215],[-71.80142,44.3023],[-71.80414,44.30256],[-71.81338,44.30323],[-71.82134,44.30417],[-71.82954,44.30514],[-71.83687,44.30592],[-71.845,44.30679],[-71.85232,44.30752],[-71.86025,44.30835],[-71.86144,44.31037],[-71.8649,44.31051],[-71.8677,44.31225],[-71.86845,44.31628],[-71.86875,44.31779],[-71.86944,44.31781],[-71.8691,44.32167],[-71.876,44.3238],[-71.87954,44.3249],[-71.88264,44.32761],[-71.88482,44.32792],[-71.88464,44.32873],[-71.88467,44.32901]]}},{"type":"Feature","properties":{"id":"130933","type":"AC; OVERHEAD","status":"IN SERVICE","owner":"VERMONT ELECTRIC POWER CO","voltage":115,"voltClass":"100-161"},"geometry":{"type":"LineString","coordinates":[[-72.47106,43.96079],[-72.47104,43.96096],[-72.4727,43.96229],[-72.47685,43.9791],[-72.4781,43.98426],[-72.47898,43.98791],[-72.47919,43.99344],[-72.47936,43.99994],[-72.47964,44.00702],[-72.47967,44.00739],[-72.47971,44.00797],[-72.47973,44.00861],[-72.48018,44.0101],[-72.48069,44.01166],[-72.48093,44.01242],[-72.48116,44.01323],[-72.48249,44.01747],[-72.48315,44.01965],[-72.4838,44.02166],[-72.48498,44.02552],[-72.48703,44.03198],[-72.48762,44.03385],[-72.48786,44.03463],[-72.48803,44.03515],[-72.48972,44.04067],[-72.49001,44.04183],[-72.49061,44.04369],[-72.49155,44.04667],[-72.49072,44.0476],[-72.48969,44.04891],[-72.48766,44.05167],[-72.48532,44.0547],[-72.48266,44.05808],[-72.48282,44.05853],[-72.4874,44.07676],[-72.48921,44.08407],[-72.48959,44.08562],[-72.49763,44.11817],[-72.49879,44.11888]]}},{"type":"Feature","properties":{"id":"128162","type":"AC; OVERHEAD","status":"IN SERVICE","owner":"PUBLIC SERVICE CO OF NH","voltage":115,"voltClass":"100-161"},"geometry":{"type":"LineString","coordinates":[[-71.46794,42.83186],[-71.4678,42.831],[-71.46763,42.82993],[-71.46746,42.82884],[-71.46727,42.82767],[-71.46708,42.82648],[-71.46648,42.82558],[-71.46599,42.82484],[-71.46525,42.82373],[-71.46446,42.82253],[-71.46396,42.82176],[-71.46339,42.82091],[-71.46278,42.81999],[-71.46227,42.81921],[-71.46164,42.81827],[-71.46107,42.8174],[-71.46023,42.81614],[-71.4596,42.81518],[-71.45892,42.81416],[-71.45829,42.8132],[-71.4578,42.81246],[-71.4571,42.81141],[-71.45647,42.81046],[-71.45588,42.80957],[-71.45518,42.80851],[-71.45458,42.80759],[-71.45396,42.80667],[-71.45332,42.8057],[-71.45269,42.80474],[-71.45209,42.80385],[-71.45152,42.80298],[-71.45159,42.80195],[-71.45165,42.80084],[-71.45175,42.80003],[-71.45159,42.79936],[-71.45135,42.79829],[-71.45111,42.7972],[-71.45086,42.79609],[-71.45063,42.79509],[-71.45039,42.79403],[-71.45016,42.79302],[-71.44993,42.79197],[-71.44979,42.79136],[-71.44953,42.79023],[-71.4493,42.78918],[-71.4491,42.7883],[-71.44891,42.78747],[-71.44871,42.7866],[-71.44842,42.78529],[-71.44817,42.78419],[-71.44793,42.78315],[-71.44762,42.78212],[-71.44744,42.78095],[-71.44707,42.78098]]}},{"type":"Feature","properties":{"id":"131127","type":"AC; OVERHEAD","status":null,"owner":"PUBLIC SERVICE CO OF NH","voltage":230,"voltClass":"220-287"},"geometry":{"type":"LineString","coordinates":[[-71.87497,44.33591],[-71.87511,44.3361]]}},{"type":"Feature","properties":{"id":"131206","type":"AC; OVERHEAD","status":null,"owner":"PUBLIC SERVICE CO OF NH","voltage":230,"voltClass":"220-287"},"geometry":{"type":"LineString","coordinates":[[-71.42396,42.90471],[-71.42399,42.90482],[-71.42483,42.90459],[-71.42503,42.90435]]}},{"type":"Feature","properties":{"id":"131503","type":"AC; OVERHEAD","status":null,"owner":"PUBLIC SERVICE CO OF NH","voltage":230,"voltClass":"220-287"},"geometry":{"type":"LineString","coordinates":[[-72.00304,44.32097],[-72.0026,44.32139],[-72.00234,44.32361],[-72.00081,44.3247],[-72.00097,44.32505]]}},{"type":"Feature","properties":{"id":"132277","type":"AC; OVERHEAD","status":"IN SERVICE","owner":"PUBLIC SERVICE CO OF NH","voltage":115,"voltClass":"100-161"},"geometry":{"type":"LineString","coordinates":[[-71.44707,42.78098],[-71.44633,42.78103],[-71.44472,42.78126],[-71.44367,42.78141],[-71.44269,42.78155],[-71.44102,42.78179],[-71.44019,42.78124],[-71.43897,42.78044],[-71.43804,42.77983],[-71.43665,42.77891],[-71.43521,42.77797],[-71.4343,42.77737],[-71.43374,42.777],[-71.43242,42.77674],[-71.43123,42.77647],[-71.43027,42.77627],[-71.42975,42.77734],[-71.42958,42.77733],[-71.42958,42.77706],[-71.42933,42.77674]]}},{"type":"Feature","properties":{"id":"132619","type":"AC; OVERHEAD","status":"IN SERVICE","owner":"PUBLIC SERVICE CO OF NH","voltage":115,"voltClass":"100-161"},"geometry":{"type":"LineString","coordinates":[[-70.78672,43.09388],[-70.78209,43.09362],[-70.78105,43.09356],[-70.78016,43.09351],[-70.77931,43.09347],[-70.77868,43.0929]]}},{"type":"Feature","properties":{"id":"132625","type":"AC; OVERHEAD","status":"IN SERVICE","owner":"PUBLIC SERVICE CO OF NH","voltage":115,"voltClass":"100-161"},"geometry":{"type":"LineString","coordinates":[[-71.48342,42.83054],[-71.48359,42.83027],[-71.48355,42.82985],[-71.48203,42.82978],[-71.47884,42.82986],[-71.47637,42.82997],[-71.46903,42.83164],[-71.46794,42.83186]]}},{"type":"Feature","properties":{"id":"132670","type":"AC; OVERHEAD","status":null,"owner":"PUBLIC SERVICE CO OF NH","voltage":345,"voltClass":"345"},"geometry":{"type":"LineString","coordinates":[[-70.80596,43.10533],[-70.80545,43.10504],[-70.8051,43.10491]]}},{"type":"Feature","properties":{"id":"133593","type":"AC; OVERHEAD","status":null,"owner":"PUBLIC SERVICE CO OF NH","voltage":115,"voltClass":"100-161"},"geometry":{"type":"LineString","coordinates":[[-71.49428,44.59419],[-71.49454,44.59429],[-71.49469,44.59482],[-71.49399,44.59485],[-71.49399,44.59505]]}},{"type":"Feature","properties":{"id":"133121","type":"AC; OVERHEAD","status":"IN SERVICE","owner":"PUBLIC SERVICE CO OF NH","voltage":115,"voltClass":"100-161"},"geometry":{"type":"LineString","coordinates":[[-71.67699,44.01159],[-71.67619,44.01121],[-71.67456,44.0107],[-71.67123,44.00969],[-71.67093,44.00905],[-71.66949,44.00571],[-71.66993,44.00114],[-71.66822,43.99703],[-71.66906,43.99494],[-71.6706,43.99129],[-71.67012,43.98902],[-71.66909,43.98486],[-71.66801,43.98008],[-71.67277,43.97284],[-71.67083,43.97101],[-71.66877,43.96917],[-71.66994,43.96713],[-71.67287,43.9617],[-71.67374,43.96001],[-71.67379,43.95824],[-71.67385,43.9565],[-71.67253,43.95502],[-71.67122,43.95348],[-71.66789,43.94953],[-71.66564,43.94463],[-71.66369,43.94034],[-71.66183,43.93624],[-71.6608,43.93391],[-71.6541,43.91927],[-71.652,43.91457],[-71.64975,43.90953],[-71.64927,43.9085],[-71.65029,43.90579],[-71.65313,43.89801],[-71.65413,43.8953],[-71.65505,43.89275],[-71.65681,43.8879],[-71.65725,43.8867],[-71.65811,43.88429],[-71.6589,43.88207],[-71.65789,43.88034],[-71.65258,43.87566],[-71.65042,43.874],[-71.64685,43.87111],[-71.64555,43.87007],[-71.64552,43.8687],[-71.64556,43.86594],[-71.64551,43.8551],[-71.6455,43.85283],[-71.64109,43.85273],[-71.64115,43.85022],[-71.6412,43.84927],[-71.64123,43.84808],[-71.64126,43.8469],[-71.63954,43.84577],[-71.63702,43.8441],[-71.63975,43.83369],[-71.64015,43.83219],[-71.64038,43.83146],[-71.63965,43.82905],[-71.6403,43.82816]]}},{"type":"Feature","properties":{"id":"131914","type":"DC; OVERHEAD","status":"IN SERVICE","owner":null,"voltage":450,"voltClass":"DC"},"geometry":{"type":"LineString","coordinates":[[-71.5243,42.57056],[-71.52301,42.57209],[-71.52555,42.57311],[-71.52742,42.57389],[-71.52859,42.57494],[-71.53018,42.57641],[-71.53131,42.57744],[-71.53234,42.57843],[-71.53349,42.57945],[-71.53477,42.58061],[-71.53626,42.58201],[-71.53776,42.58337],[-71.53921,42.58471],[-71.54035,42.58578],[-71.54205,42.58734],[-71.54338,42.58854],[-71.54511,42.59014],[-71.54522,42.59024],[-71.54545,42.59045],[-71.54481,42.5914],[-71.54379,42.59289],[-71.54264,42.59459],[-71.54195,42.59557],[-71.54118,42.59671],[-71.54102,42.59787],[-71.5408,42.59943],[-71.5406,42.60091],[-71.54031,42.60297],[-71.54005,42.60477],[-71.53985,42.6062],[-71.53956,42.60829],[-71.53942,42.60935],[-71.53918,42.61026],[-71.53875,42.61206],[-71.53832,42.61373],[-71.53787,42.61556],[-71.5375,42.61714],[-71.53714,42.61859],[-71.53682,42.61986],[-71.53652,42.62128],[-71.53624,42.6225],[-71.5365,42.62358],[-71.53687,42.62539],[-71.53723,42.62697],[-71.53747,42.62815],[-71.53627,42.62975],[-71.53505,42.6314],[-71.53412,42.63266],[-71.53296,42.63414],[-71.53169,42.63585],[-71.5306,42.63739],[-71.52921,42.63931],[-71.52818,42.64074],[-71.52661,42.64291],[-71.52573,42.64417],[-71.52485,42.64539],[-71.52435,42.64608],[-71.52386,42.64617],[-71.52366,42.6462],[-71.52295,42.64632],[-71.52063,42.64675],[-71.5187,42.6471],[-71.51743,42.64732],[-71.51595,42.64761],[-71.51207,42.64833],[-71.50917,42.64886],[-71.50729,42.64922],[-71.5057,42.65098],[-71.50473,42.65205],[-71.50338,42.65353],[-71.5023,42.65472],[-71.50052,42.65669],[-71.49953,42.65777],[-71.49767,42.6598],[-71.49441,42.66027],[-71.49211,42.66061],[-71.48987,42.66092],[-71.48756,42.66132],[-71.48514,42.66171],[-71.4836,42.66188],[-71.48182,42.66287],[-71.48,42.6639],[-71.47816,42.66491],[-71.47615,42.66604],[-71.47457,42.66687],[-71.47263,42.66794],[-71.47115,42.66874],[-71.46987,42.66945],[-71.46839,42.67018],[-71.46653,42.67187],[-71.46542,42.67289],[-71.46416,42.67398],[-71.46349,42.67458],[-71.46195,42.67502],[-71.46,42.67566],[-71.45843,42.67614],[-71.45682,42.67663],[-71.45512,42.67716],[-71.45442,42.67821],[-71.4536,42.67945],[-71.45258,42.68095],[-71.45208,42.68165],[-71.451,42.68259],[-71.44966,42.68368],[-71.44838,42.68482],[-71.44694,42.68608],[-71.44395,42.68788],[-71.44239,42.68872],[-71.44091,42.68968],[-71.44,42.69023],[-71.43844,42.6911],[-71.43704,42.69197],[-71.43476,42.69335],[-71.4331,42.69427],[-71.43235,42.69539],[-71.43118,42.69695],[-71.43008,42.69856],[-71.4291,42.6999],[-71.42907,42.69993],[-71.42708,42.70291],[-71.42144,42.71089],[-71.41296,42.71618],[-71.40489,42.7191],[-71.39806,42.72158],[-71.38555,42.7352],[-71.37448,42.74725],[-71.36898,42.75327],[-71.37029,42.75878],[-71.37498,42.77804],[-71.37632,42.78897],[-71.37706,42.79595],[-71.37454,42.80118],[-71.37331,42.80375],[-71.38471,42.81393],[-71.39503,42.82279],[-71.40165,42.82856],[-71.40793,42.83592],[-71.40959,42.83775],[-71.41809,42.84761],[-71.43357,42.86566],[-71.44366,42.87745],[-71.45449,42.88995],[-71.46792,42.90444],[-71.47576,42.9129],[-71.48025,42.92106],[-71.48307,42.92624],[-71.49223,42.94298],[-71.49754,42.95274],[-71.50494,42.96635],[-71.50837,42.97256],[-71.51483,42.97808],[-71.53425,42.99454],[-71.54927,43.00724],[-71.55641,43.01328],[-71.55983,43.0205],[-71.56744,43.03694],[-71.57717,43.05773],[-71.58406,43.07256],[-71.59259,43.08988],[-71.59727,43.09895],[-71.60026,43.10469],[-71.60841,43.12011],[-71.61192,43.12739],[-71.61852,43.14],[-71.62877,43.15972],[-71.63234,43.16649],[-71.63581,43.18318],[-71.6374,43.19099],[-71.64362,43.2031],[-71.65028,43.21481],[-71.65448,43.22231],[-71.65188,43.23378],[-71.65065,43.23903],[-71.65057,43.24249],[-71.65047,43.24892],[-71.65706,43.25911],[-71.65847,43.26112],[-71.66578,43.27209],[-71.68289,43.2976],[-71.68667,43.30336],[-71.69567,43.31669],[-71.70303,43.32784],[-71.71668,43.35701],[-71.72173,43.36713],[-71.72615,43.37594],[-71.73157,43.3867],[-71.73274,43.38903],[-71.7404,43.40464],[-71.7422,43.40823],[-71.74694,43.41772],[-71.74822,43.42023],[-71.75156,43.42632],[-71.75692,43.43623],[-71.76096,43.4439],[-71.76176,43.44646],[-71.76302,43.45059],[-71.77023,43.47378],[-71.7732,43.4833],[-71.77323,43.48369],[-71.77401,43.49147],[-71.77567,43.50996],[-71.77623,43.51591],[-71.77699,43.52373],[-71.77744,43.5289],[-71.78038,43.53805],[-71.78789,43.56204],[-71.78929,43.56612],[-71.79565,43.58591],[-71.80829,43.62582],[-71.81102,43.63417],[-71.81349,43.63979],[-71.82174,43.65849],[-71.82512,43.66599],[-71.8301,43.67773],[-71.83266,43.68354],[-71.83308,43.68475],[-71.83613,43.69364],[-71.83819,43.69954],[-71.8401,43.70518],[-71.85028,43.72763],[-71.85452,43.7371],[-71.85527,43.73864],[-71.85783,43.74435],[-71.86749,43.76574],[-71.87028,43.77067],[-71.8917,43.80922],[-71.90705,43.83656],[-71.91452,43.84978],[-71.94409,43.95043],[-71.94583,43.95634],[-71.94206,43.98419],[-71.94101,43.99276],[-71.95617,44.01002],[-71.96322,44.01827],[-71.96425,44.02875],[-71.96668,44.0526],[-71.96996,44.08507],[-71.9707,44.0923],[-71.97372,44.10911],[-71.97827,44.13473],[-71.9798,44.14301],[-71.99547,44.19838],[-72.00731,44.22963],[-72.00971,44.23603],[-72.01253,44.25492],[-72.01524,44.27481],[-72.01628,44.28175],[-72.01557,44.2854],[-72.01094,44.31044],[-72.01001,44.31524],[-72.00609,44.31852],[-72.00341,44.31864],[-72.00066,44.31971],[-71.99693,44.3214],[-71.99392,44.32209],[-71.99209,44.32114],[-71.99245,44.32075],[-71.9933,44.31942]]}},{"type":"Feature","properties":{"id":"131927","type":"AC; OVERHEAD","status":"IN SERVICE","owner":"PUBLIC SERVICE CO OF NH","voltage":115,"voltClass":"100-161"},"geometry":{"type":"LineString","coordinates":[[-71.21201,43.84686],[-71.2125,43.84735],[-71.21251,43.84755]]}},{"type":"Feature","properties":{"id":"131994","type":"AC; OVERHEAD","status":"IN SERVICE","owner":"PUBLIC SERVICE CO OF NH","voltage":115,"voltClass":"100-161"},"geometry":{"type":"LineString","coordinates":[[-70.93137,43.16017],[-70.93179,43.16002],[-70.93285,43.15997],[-70.93454,43.15992],[-70.93662,43.15988],[-70.93851,43.15983],[-70.94053,43.15978],[-70.94238,43.15973],[-70.94377,43.15968],[-70.94595,43.15963],[-70.94661,43.1596],[-70.94766,43.15941],[-70.94942,43.15907],[-70.95232,43.15888],[-70.95396,43.15876],[-70.95542,43.15867],[-70.9568,43.15857],[-70.95887,43.15858],[-70.9605,43.15858],[-70.96154,43.15858],[-70.96376,43.15856],[-70.96551,43.15856],[-70.96664,43.15855],[-70.96855,43.15854],[-70.96958,43.15853],[-70.971,43.15854],[-70.97246,43.15853],[-70.97424,43.15852],[-70.97619,43.15852],[-70.97735,43.15851],[-70.97906,43.1585],[-70.98058,43.1585],[-70.98165,43.1585],[-70.98261,43.15849],[-70.98538,43.15848],[-70.9865,43.15848],[-70.98812,43.15849],[-70.99003,43.15848],[-70.99192,43.15846],[-70.99513,43.15845],[-70.99656,43.15844],[-70.9981,43.15844],[-70.99999,43.15844],[-71.00168,43.15844],[-71.00362,43.15843],[-71.00509,43.15843],[-71.00632,43.15842],[-71.00695,43.15843],[-71.00664,43.15945],[-71.00718,43.16419],[-71.00952,43.18395],[-71.01067,43.19359],[-71.01355,43.20118],[-71.01717,43.21078],[-71.01464,43.21591],[-71.01434,43.21638],[-71.01352,43.21766],[-71.01303,43.21846],[-71.01241,43.21941],[-71.01207,43.21993],[-71.01133,43.22111],[-71.01073,43.22205],[-71.01007,43.22306],[-71.00896,43.22481],[-71.00821,43.22598],[-71.00743,43.22714],[-71.00551,43.23016],[-71.00467,43.23145],[-71.00396,43.23257],[-71.00335,43.23353],[-71.00223,43.2353],[-71.00137,43.23666],[-71.00043,43.2381],[-70.99948,43.23959],[-70.99856,43.24108],[-70.99758,43.2426],[-70.99694,43.24359],[-70.99593,43.24519],[-70.99537,43.24609],[-70.99496,43.24673],[-70.99396,43.24825],[-70.99295,43.24985],[-70.99209,43.25122],[-70.99129,43.25249],[-70.99037,43.25391],[-70.98942,43.25535],[-70.98835,43.25706],[-70.98809,43.25804],[-70.98761,43.25966],[-70.98713,43.26128],[-70.98678,43.26245],[-70.98624,43.26414],[-70.9858,43.26564],[-70.98524,43.26752],[-70.98479,43.26902],[-70.98542,43.27013],[-70.98637,43.27187],[-70.98713,43.27324],[-70.98765,43.27419],[-70.98819,43.27517],[-70.98881,43.27624],[-70.98929,43.27716],[-70.98999,43.27837],[-70.99077,43.27979],[-70.99119,43.28055],[-70.99182,43.28168],[-70.99251,43.28297],[-70.99309,43.28397],[-70.99417,43.28592],[-70.99493,43.28729],[-70.99574,43.28875],[-70.99661,43.29032],[-70.9972,43.29142],[-70.99759,43.29212],[-70.99794,43.29277],[-70.99863,43.29309],[-70.9999,43.29374],[-71.00119,43.29437],[-71.00071,43.29506],[-70.99947,43.2968],[-70.99859,43.29803],[-70.9978,43.29912],[-70.99682,43.30047],[-70.99622,43.30129],[-70.99534,43.30255],[-70.99533,43.30258],[-70.99554,43.30382],[-70.99579,43.30515],[-70.996,43.30631],[-70.99901,43.30813],[-70.99862,43.30844],[-70.99844,43.3088]]}},{"type":"Feature","properties":{"id":"135228","type":"AC; OVERHEAD","status":"IN SERVICE","owner":"PUBLIC SERVICE CO OF NH","voltage":115,"voltClass":"100-161"},"geometry":{"type":"LineString","coordinates":[[-71.45437,42.76497],[-71.4541,42.76522],[-71.45422,42.76579],[-71.4524,42.767],[-71.45203,42.7672],[-71.45126,42.76764],[-71.44967,42.76839],[-71.44747,42.76939],[-71.44559,42.77039],[-71.44383,42.76997],[-71.4427,42.76968],[-71.44131,42.77016],[-71.43964,42.77073],[-71.43843,42.77112],[-71.43651,42.77177],[-71.43464,42.77234],[-71.43293,42.77298],[-71.43132,42.7735],[-71.42986,42.77399],[-71.42995,42.77577],[-71.42944,42.77602],[-71.42933,42.77674]]}},{"type":"Feature","properties":{"id":"135610","type":"AC; OVERHEAD","status":"IN SERVICE","owner":null,"voltage":115,"voltClass":"100-161"},"geometry":{"type":"LineString","coordinates":[[-71.07767,42.71322],[-71.0775,42.71307],[-71.07719,42.71166],[-71.07686,42.7105],[-71.07654,42.70927],[-71.07636,42.70856],[-71.07604,42.7073],[-71.07583,42.70647],[-71.07565,42.70561],[-71.07345,42.7037],[-71.07272,42.70305],[-71.07188,42.70231],[-71.071,42.70152],[-71.07018,42.70078],[-71.06856,42.69934],[-71.06776,42.69864],[-71.06696,42.69792],[-71.06634,42.69738],[-71.06572,42.6968],[-71.06511,42.69627],[-71.06442,42.69566],[-71.06428,42.69488],[-71.06411,42.69405],[-71.06391,42.69308],[-71.06375,42.6923],[-71.06345,42.69084],[-71.06328,42.69],[-71.06303,42.68882],[-71.06282,42.68769],[-71.06251,42.68621],[-71.0623,42.68526],[-71.06208,42.68415],[-71.06181,42.68282],[-71.06157,42.68163],[-71.06136,42.68056],[-71.06116,42.67971],[-71.06098,42.67881],[-71.06083,42.67807],[-71.0606,42.67696],[-71.06037,42.67584],[-71.06006,42.67431],[-71.05971,42.67327],[-71.05939,42.67233],[-71.0577,42.67279],[-71.05771,42.6733]]}},{"type":"Feature","properties":{"id":"136271","type":"AC; OVERHEAD","status":"IN SERVICE","owner":"PUBLIC SERVICE CO OF NH","voltage":230,"voltClass":"220-287"},"geometry":{"type":"LineString","coordinates":[[-72.00304,44.32097],[-72.00311,44.32003],[-72.0033,44.31968],[-72.00281,44.31961],[-71.99914,44.32153],[-71.99151,44.32327],[-71.98333,44.32519],[-71.98279,44.32532],[-71.97139,44.32878],[-71.95543,44.33367],[-71.94213,44.3338],[-71.8879,44.33389],[-71.88446,44.33229]]}},{"type":"Feature","properties":{"id":"136561","type":"AC; OVERHEAD","status":"IN SERVICE","owner":"PUBLIC SERVICE CO OF NH","voltage":115,"voltClass":"100-161"},"geometry":{"type":"LineString","coordinates":[[-71.64555,43.68839],[-71.64155,43.68948],[-71.64054,43.69085],[-71.63803,43.69133],[-71.63754,43.69169],[-71.6372,43.69143]]}},{"type":"Feature","properties":{"id":"137281","type":"AC; OVERHEAD","status":null,"owner":"GREEN MOUNTAIN POWER CORP","voltage":345,"voltClass":"345"},"geometry":{"type":"LineString","coordinates":[[-72.51326,42.77891],[-72.51582,42.78012]]}},{"type":"Feature","properties":{"id":"134611","type":"AC; OVERHEAD","status":"IN SERVICE","owner":"PUBLIC SERVICE CO OF NH","voltage":115,"voltClass":"100-161"},"geometry":{"type":"LineString","coordinates":[[-71.67387,43.4558],[-71.67404,43.45593],[-71.67372,43.45705],[-71.67201,43.46117],[-71.67077,43.46421],[-71.6698,43.46655],[-71.67013,43.46991],[-71.67056,43.47366],[-71.67079,43.47598],[-71.67117,43.47997],[-71.67314,43.48298],[-71.67822,43.48503],[-71.68366,43.49348],[-71.68754,43.4995],[-71.68967,43.50292],[-71.69314,43.50443],[-71.69726,43.50616],[-71.69776,43.50681],[-71.70047,43.51058],[-71.7032,43.51428],[-71.70488,43.51701],[-71.70606,43.52194],[-71.70637,43.52307],[-71.70539,43.52951],[-71.70914,43.5354],[-71.71462,43.54393],[-71.71006,43.5501],[-71.70777,43.55396],[-71.70958,43.56572],[-71.71068,43.57292],[-71.71237,43.5835],[-71.71182,43.58543],[-71.7101,43.59349],[-71.70959,43.59591],[-71.70939,43.59662],[-71.70946,43.59674]]}},{"type":"Feature","properties":{"id":"134660","type":"AC; OVERHEAD","status":null,"owner":"PUBLIC SERVICE CO OF NH","voltage":115,"voltClass":"100-161"},"geometry":{"type":"LineString","coordinates":[[-71.17947,44.46309],[-71.17925,44.46355],[-71.18056,44.46453],[-71.18415,44.46527],[-71.18405,44.46536]]}},{"type":"Feature","properties":{"id":"134728","type":"AC; OVERHEAD","status":"IN SERVICE","owner":"PUBLIC SERVICE CO OF NH","voltage":115,"voltClass":"100-161"},"geometry":{"type":"LineString","coordinates":[[-71.238,44.61082],[-71.23573,44.60804],[-71.22797,44.60557],[-71.21012,44.59997],[-71.20419,44.58893],[-71.20223,44.58526],[-71.20132,44.58359],[-71.20072,44.58244],[-71.20013,44.58134],[-71.19899,44.57923],[-71.1983,44.578],[-71.1976,44.57668],[-71.19696,44.57548],[-71.19619,44.57404],[-71.19554,44.57282],[-71.19483,44.57152],[-71.1943,44.57054],[-71.19354,44.56914],[-71.19279,44.56773],[-71.19219,44.5666],[-71.19149,44.56529],[-71.19082,44.56406],[-71.18989,44.56236],[-71.18935,44.56132],[-71.18863,44.55998],[-71.18779,44.55843],[-71.18718,44.55729],[-71.18656,44.55615],[-71.18584,44.55479],[-71.18528,44.55374],[-71.18454,44.55236],[-71.18379,44.55098],[-71.18314,44.5498],[-71.18188,44.54734],[-71.17746,44.53907],[-71.17475,44.53398],[-71.17128,44.52758],[-71.16871,44.52275],[-71.16662,44.51891],[-71.16125,44.50917],[-71.15648,44.50814],[-71.15339,44.50698],[-71.15155,44.50633],[-71.15218,44.49439],[-71.15251,44.49027],[-71.15273,44.4866],[-71.15324,44.47886],[-71.15326,44.4784],[-71.15348,44.47457],[-71.15385,44.46758],[-71.16369,44.45558],[-71.16959,44.45547],[-71.17799,44.45532],[-71.18244,44.45526],[-71.18245,44.45732],[-71.17947,44.46309]]}},{"type":"Feature","properties":{"id":"138083","type":"AC; OVERHEAD","status":"IN SERVICE","owner":"PUBLIC SERVICE CO OF NH","voltage":115,"voltClass":"100-161"},"geometry":{"type":"LineString","coordinates":[[-71.25378,44.62668],[-71.25343,44.62668]]}},{"type":"Feature","properties":{"id":"138385","type":"AC; OVERHEAD","status":"IN SERVICE","owner":"CENTRAL MAINE POWER CO","voltage":115,"voltClass":"100-161"},"geometry":{"type":"LineString","coordinates":[[-70.88847,44.12194],[-70.88751,44.12177],[-70.87869,44.1209],[-70.87404,44.12046],[-70.87151,44.11942],[-70.8694,44.11807],[-70.86434,44.11475],[-70.85962,44.11164],[-70.84834,44.10425],[-70.8473,44.10205],[-70.84512,44.09777],[-70.84468,44.09784],[-70.84362,44.09801],[-70.84199,44.09828],[-70.84058,44.0985],[-70.83912,44.09874],[-70.83776,44.09896],[-70.83652,44.09916],[-70.83539,44.09934],[-70.83396,44.09957],[-70.83221,44.09985],[-70.83123,44.10001],[-70.82938,44.10031],[-70.82874,44.10041],[-70.8272,44.10114],[-70.82626,44.10159],[-70.82511,44.10213],[-70.82407,44.10262],[-70.82276,44.10324],[-70.82147,44.10385],[-70.82007,44.10451],[-70.81904,44.10499],[-70.81748,44.10573],[-70.81637,44.10625],[-70.81488,44.10696],[-70.81373,44.10751],[-70.81285,44.10755],[-70.81096,44.10766],[-70.80966,44.10773],[-70.80828,44.1078],[-70.80637,44.10791],[-70.80553,44.10795],[-70.80406,44.10803],[-70.80282,44.1081],[-70.80125,44.10818],[-70.7996,44.10827],[-70.7981,44.10836],[-70.79643,44.10845],[-70.79492,44.10853],[-70.79316,44.10862],[-70.79165,44.10871],[-70.7905,44.10877],[-70.78949,44.10882],[-70.78768,44.10892],[-70.78625,44.109],[-70.78502,44.10907],[-70.78316,44.10917],[-70.78192,44.10924],[-70.7802,44.10933],[-70.77896,44.1094],[-70.77707,44.1095],[-70.77594,44.10956],[-70.77418,44.10966],[-70.7726,44.10974],[-70.77134,44.10981],[-70.76949,44.10991],[-70.76845,44.10997],[-70.76744,44.11002],[-70.76619,44.11009],[-70.76501,44.11015],[-70.76345,44.11024],[-70.76184,44.11033],[-70.76039,44.11041],[-70.75878,44.11049],[-70.75732,44.11057],[-70.75562,44.11067],[-70.75463,44.11072],[-70.75354,44.11128],[-70.75255,44.11179],[-70.75161,44.11227],[-70.75019,44.113],[-70.74946,44.11338],[-70.74846,44.11389],[-70.74766,44.1143],[-70.7463,44.115],[-70.74502,44.11566],[-70.7441,44.11613],[-70.74275,44.11682],[-70.74196,44.11723],[-70.73948,44.1185],[-70.73875,44.11887],[-70.73759,44.11947],[-70.73632,44.12012],[-70.73508,44.12076],[-70.73368,44.12148],[-70.73254,44.12207],[-70.7317,44.1225],[-70.72993,44.12252],[-70.72848,44.12254],[-70.72704,44.12256],[-70.72535,44.12259],[-70.72393,44.12261],[-70.72242,44.12263],[-70.72069,44.12265],[-70.7192,44.12267],[-70.71766,44.1227],[-70.71631,44.12271],[-70.71446,44.12274],[-70.71303,44.12276],[-70.71128,44.12279],[-70.70989,44.12281],[-70.70804,44.12283],[-70.70669,44.12285],[-70.70524,44.12287],[-70.70406,44.12289],[-70.70287,44.1229],[-70.70123,44.12293],[-70.70065,44.12401],[-70.70029,44.12468],[-70.69987,44.12547],[-70.69925,44.12663],[-70.69875,44.12755],[-70.69821,44.12856],[-70.69682,44.12924],[-70.6957,44.12979],[-70.69415,44.13054],[-70.69309,44.13105],[-70.69175,44.13171],[-70.69056,44.13229],[-70.68906,44.13302],[-70.68788,44.13359],[-70.68662,44.1342],[-70.68521,44.13489],[-70.68397,44.13549],[-70.6827,44.13611],[-70.68132,44.13679],[-70.68002,44.13742],[-70.67862,44.1381],[-70.67745,44.13867],[-70.67595,44.1394],[-70.6749,44.13991],[-70.67361,44.14053],[-70.67223,44.14121],[-70.67104,44.14179],[-70.66992,44.14233],[-70.66869,44.14293],[-70.66749,44.14351],[-70.66621,44.1438],[-70.66472,44.14413],[-70.66341,44.14442],[-70.66205,44.14472],[-70.66037,44.14509],[-70.65897,44.1454],[-70.65731,44.14577],[-70.65592,44.14607],[-70.65451,44.14638],[-70.65284,44.14675],[-70.65136,44.14708],[-70.64969,44.14745],[-70.64827,44.14776],[-70.64691,44.14807],[-70.6454,44.1484],[-70.64381,44.14875],[-70.6426,44.14902],[-70.64078,44.14942],[-70.63966,44.14967],[-70.63784,44.15007],[-70.63729,44.15019],[-70.6366,44.1506],[-70.63574,44.15111],[-70.6354,44.1513],[-70.63495,44.15154],[-70.63464,44.1517],[-70.63415,44.15195],[-70.63372,44.1518]]}},{"type":"Feature","properties":{"id":"137470","type":"AC; OVERHEAD","status":"IN SERVICE","owner":"PUBLIC SERVICE CO OF NH","voltage":115,"voltClass":"100-161"},"geometry":{"type":"LineString","coordinates":[[-71.1848,43.14171],[-71.18436,43.14243],[-71.18563,43.14299],[-71.18597,43.14314],[-71.18641,43.14334],[-71.18988,43.14319],[-71.19162,43.14312],[-71.19342,43.14304],[-71.19539,43.14293],[-71.19785,43.14281],[-71.20106,43.14267],[-71.20296,43.1426],[-71.20437,43.14251],[-71.20678,43.1424],[-71.20841,43.14234],[-71.21063,43.14224],[-71.21239,43.14187],[-71.21439,43.14143],[-71.21674,43.14094],[-71.21803,43.14067],[-71.21891,43.14049],[-71.2213,43.13998],[-71.225,43.13923],[-71.22636,43.13894],[-71.22707,43.13879],[-71.22828,43.13857],[-71.23066,43.13806],[-71.23208,43.13777],[-71.23397,43.13737],[-71.23621,43.13691],[-71.23824,43.1365],[-71.23999,43.13612],[-71.24209,43.13568],[-71.24394,43.13529],[-71.24617,43.13481],[-71.24821,43.13439],[-71.24987,43.13404],[-71.25178,43.13364],[-71.25402,43.13316],[-71.25562,43.13358],[-71.28017,43.13929],[-71.30083,43.14406],[-71.32376,43.14936],[-71.33195,43.15126],[-71.35168,43.15584],[-71.3599,43.16049],[-71.37097,43.16676],[-71.38029,43.17207],[-71.38773,43.17302],[-71.39957,43.17461],[-71.41135,43.17616],[-71.41889,43.17797],[-71.43298,43.18126],[-71.44965,43.18517],[-71.45823,43.18723],[-71.46527,43.1889],[-71.47062,43.18846],[-71.47906,43.18773],[-71.48354,43.18426],[-71.48572,43.18465],[-71.48744,43.18337],[-71.50086,43.17376],[-71.50144,43.1727],[-71.50384,43.16864],[-71.50534,43.16611],[-71.50653,43.16411],[-71.50705,43.16319],[-71.50723,43.16289],[-71.5074,43.16275]]}},{"type":"Feature","properties":{"id":"137491","type":"AC; OVERHEAD","status":"IN SERVICE","owner":"PUBLIC SERVICE CO OF NH","voltage":230,"voltClass":"220-287"},"geometry":{"type":"LineString","coordinates":[[-71.43198,42.89137],[-71.43175,42.89139],[-71.43132,42.89091],[-71.4303,42.89155],[-71.42922,42.89223],[-71.42789,42.89301],[-71.42557,42.89319],[-71.42417,42.89334],[-71.4242,42.89556],[-71.42463,42.89741],[-71.42501,42.89906],[-71.42495,42.90033],[-71.42455,42.90208],[-71.42396,42.90372],[-71.42395,42.90446],[-71.42396,42.90471]]}},{"type":"Feature","properties":{"id":"137548","type":"AC; OVERHEAD","status":"IN SERVICE","owner":"PUBLIC SERVICE CO OF NH","voltage":115,"voltClass":"100-161"},"geometry":{"type":"LineString","coordinates":[[-71.2545,44.62783],[-71.25547,44.62861],[-71.25737,44.63081],[-71.26185,44.63459],[-71.26495,44.63794],[-71.26696,44.64047],[-71.26687,44.64374],[-71.26867,44.64614],[-71.27433,44.65012],[-71.27319,44.65381],[-71.27432,44.65637],[-71.27496,44.65781],[-71.27699,44.65997],[-71.27987,44.66278],[-71.2825,44.66587],[-71.28339,44.66702],[-71.28412,44.66954],[-71.28444,44.67078],[-71.28584,44.67179],[-71.28714,44.6737],[-71.28859,44.67773],[-71.28998,44.67997],[-71.29041,44.68326],[-71.28974,44.68602],[-71.29054,44.68922],[-71.29025,44.69027],[-71.2908,44.69302],[-71.29066,44.6944],[-71.2908,44.69571],[-71.29143,44.69706],[-71.2921,44.6985],[-71.29085,44.70125],[-71.29074,44.70253],[-71.29126,44.70304],[-71.29227,44.70383]]}},{"type":"Feature","properties":{"id":"137792","type":"AC; OVERHEAD","status":"IN SERVICE","owner":"PUBLIC SERVICE CO OF NH","voltage":345,"voltClass":"345"},"geometry":{"type":"LineString","coordinates":[[-70.97242,42.83295],[-70.97131,42.83259],[-70.97053,42.83377],[-70.96947,42.83534],[-70.96867,42.83654],[-70.96829,42.83711],[-70.96503,42.83917],[-70.9656,42.84026],[-70.96611,42.84123],[-70.96688,42.84271],[-70.96768,42.84425],[-70.96845,42.84573],[-70.96908,42.84696],[-70.9691,42.84833],[-70.96855,42.84952],[-70.96774,42.85124],[-70.96723,42.85228],[-70.96709,42.85259],[-70.96653,42.85375],[-70.96581,42.85528],[-70.96503,42.85693],[-70.96429,42.8585],[-70.96357,42.8598],[-70.9629,42.86104],[-70.96195,42.86274],[-70.96109,42.86429],[-70.96028,42.86578],[-70.95936,42.86746],[-70.95851,42.86898],[-70.95778,42.87032],[-70.95693,42.87183],[-70.95624,42.87308],[-70.95625,42.8731],[-70.95644,42.87403],[-70.95722,42.87723],[-70.95482,42.88255],[-70.95324,42.88626],[-70.95933,42.89037],[-70.96154,42.89192],[-70.96037,42.89373],[-70.95592,42.90045],[-70.95326,42.90434],[-70.94282,42.90465],[-70.92976,42.90221],[-70.9235,42.90102],[-70.91356,42.90048],[-70.88331,42.89884],[-70.87496,42.89834],[-70.85803,42.90013],[-70.85422,42.9005],[-70.85387,42.90077]]}},{"type":"Feature","properties":{"id":"137908","type":"AC; OVERHEAD","status":"IN SERVICE","owner":"PUBLIC SERVICE CO OF NH","voltage":115,"voltClass":"100-161"},"geometry":{"type":"LineString","coordinates":[[-71.66005,43.03251],[-71.66046,43.03264],[-71.6609,43.03278],[-71.66171,43.03304],[-71.66137,43.03337],[-71.66054,43.03414],[-71.66041,43.03458],[-71.66194,43.03517],[-71.66323,43.03566],[-71.66437,43.0361],[-71.66554,43.03654],[-71.66754,43.03654],[-71.66949,43.03654],[-71.67061,43.03654],[-71.67211,43.03653],[-71.67342,43.03653],[-71.67585,43.03653],[-71.67747,43.03652],[-71.67863,43.03652],[-71.68044,43.03652],[-71.68225,43.0365],[-71.68406,43.03649],[-71.68635,43.03647],[-71.68865,43.03645],[-71.69028,43.03644],[-71.69279,43.03642],[-71.69489,43.03641],[-71.69597,43.03639],[-71.69789,43.03635],[-71.69918,43.03633],[-71.70085,43.03629],[-71.70316,43.03625],[-71.70429,43.03623],[-71.70534,43.03621],[-71.70664,43.03618],[-71.70848,43.03614],[-71.70974,43.03611],[-71.71173,43.03607],[-71.71352,43.03604],[-71.71455,43.03602],[-71.71641,43.03598],[-71.71655,43.03597],[-71.7182,43.03594],[-71.71982,43.03591],[-71.72222,43.03586],[-71.72398,43.03582],[-71.72545,43.03579],[-71.7266,43.03577],[-71.72877,43.03571],[-71.7311,43.03565],[-71.7327,43.03561],[-71.73351,43.03559],[-71.73625,43.03552],[-71.73809,43.03547],[-71.73996,43.03543],[-71.74116,43.0354],[-71.74284,43.03535],[-71.74494,43.03526],[-71.74699,43.03517],[-71.74833,43.03511],[-71.75004,43.03503],[-71.75129,43.03498],[-71.753,43.0349],[-71.75438,43.03484],[-71.75583,43.03478],[-71.75737,43.03471],[-71.75853,43.03466],[-71.7598,43.0346],[-71.76138,43.03453],[-71.76279,43.03447],[-71.76494,43.03437],[-71.76896,43.03419],[-71.77115,43.0341],[-71.77249,43.03404],[-71.7736,43.03451],[-71.77661,43.03581],[-71.77803,43.03642],[-71.77931,43.03697],[-71.78056,43.0375],[-71.78181,43.03804],[-71.78275,43.03845],[-71.78421,43.03907],[-71.78555,43.03964],[-71.78678,43.04018],[-71.78834,43.04085],[-71.78981,43.04148],[-71.79113,43.04204],[-71.79247,43.04262],[-71.79344,43.04303],[-71.79496,43.04369],[-71.7965,43.04435],[-71.79805,43.04501],[-71.79996,43.04583],[-71.80116,43.04635],[-71.80218,43.04679],[-71.80318,43.04745],[-71.80452,43.04834],[-71.80588,43.04924],[-71.80685,43.04989],[-71.80766,43.05043],[-71.80887,43.05123],[-71.80991,43.05192],[-71.8114,43.05291],[-71.81275,43.05381],[-71.81441,43.05491],[-71.81604,43.056],[-71.8167,43.05643],[-71.81743,43.05692],[-71.81868,43.05775],[-71.8199,43.05856],[-71.82103,43.05931],[-71.82259,43.06035],[-71.82369,43.06107],[-71.82461,43.06169],[-71.82599,43.0626],[-71.82761,43.06333],[-71.82832,43.06365],[-71.82932,43.0641],[-71.83143,43.06504],[-71.83358,43.066],[-71.83512,43.06669],[-71.83658,43.06732],[-71.83799,43.06793],[-71.8392,43.06846],[-71.84045,43.069],[-71.8419,43.06962],[-71.84326,43.07021],[-71.84401,43.07053],[-71.846,43.07139],[-71.8473,43.07195],[-71.84859,43.07251],[-71.84975,43.07301],[-71.85112,43.0736],[-71.85274,43.0743],[-71.8538,43.07476],[-71.8552,43.07536],[-71.85651,43.07593],[-71.85769,43.07644],[-71.85907,43.07703],[-71.86034,43.07758],[-71.86126,43.07798],[-71.86209,43.07887],[-71.86293,43.07979],[-71.86379,43.08072],[-71.86466,43.08166],[-71.86553,43.08261],[-71.8664,43.08355],[-71.86759,43.08483],[-71.86905,43.08641],[-71.86999,43.08743],[-71.87092,43.08844],[-71.87191,43.08951],[-71.87296,43.09065],[-71.87402,43.0918],[-71.877,43.09502],[-71.87797,43.09534],[-71.87952,43.09586],[-71.88109,43.09639],[-71.88269,43.09692],[-71.88458,43.09755],[-71.88603,43.09804],[-71.88775,43.09861],[-71.88937,43.09916],[-71.89101,43.0997],[-71.89244,43.10017],[-71.89368,43.10059],[-71.89546,43.10118],[-71.89689,43.1017],[-71.89809,43.10213],[-71.89916,43.10253],[-71.90046,43.103],[-71.90195,43.10354],[-71.90344,43.10408],[-71.90493,43.10462],[-71.90672,43.10527],[-71.90848,43.10591],[-71.91138,43.10696],[-71.91309,43.10759],[-71.91483,43.10822],[-71.91629,43.10875],[-71.91818,43.10944],[-71.91995,43.11008],[-71.92167,43.1107],[-71.92337,43.11132],[-71.92488,43.11172],[-71.92583,43.11197],[-71.92601,43.11209]]}},{"type":"Feature","properties":{"id":"139975","type":"AC; OVERHEAD","status":"IN SERVICE","owner":"PUBLIC SERVICE CO OF NH","voltage":345,"voltClass":"345"},"geometry":{"type":"LineString","coordinates":[[-71.34211,42.90486],[-71.34159,42.90482],[-71.34099,42.90506],[-71.33752,42.90646],[-71.33453,42.90775],[-71.33104,42.9118],[-71.32403,42.91979],[-71.31678,42.91601],[-71.31045,42.91274],[-71.30482,42.9157],[-71.30395,42.91615],[-71.29865,42.92147],[-71.29654,42.92364],[-71.28625,42.92177],[-71.27757,42.92025],[-71.27026,42.9234],[-71.24445,42.93452],[-71.23958,42.93574],[-71.21362,42.9422],[-71.19486,42.94696],[-71.18811,42.95125],[-71.18744,42.95168],[-71.17675,42.95234],[-71.14524,42.95417],[-71.14217,42.94937],[-71.12785,42.92694],[-71.11975,42.92505],[-71.10776,42.92224],[-71.10426,42.91779],[-71.08964,42.89933],[-71.08485,42.9018],[-71.07503,42.90689],[-71.06909,42.90485],[-71.05976,42.91141],[-71.05492,42.91394],[-71.05284,42.91505],[-71.04439,42.91218],[-71.04428,42.90672],[-71.04414,42.90158],[-71.03411,42.90147],[-71.00955,42.90129],[-71.00125,42.90196],[-70.9798,42.90372],[-70.97208,42.90397],[-70.94573,42.90478],[-70.94283,42.90487],[-70.93544,42.90352],[-70.92338,42.90126],[-70.92073,42.90112],[-70.8987,42.89992],[-70.87515,42.89865],[-70.87476,42.89863],[-70.86573,42.89951],[-70.85425,42.90068],[-70.85387,42.90077]]}},{"type":"Feature","properties":{"id":"140505","type":"AC; OVERHEAD","status":"IN SERVICE","owner":"PUBLIC SERVICE CO OF NH","voltage":115,"voltClass":"100-161"},"geometry":{"type":"LineString","coordinates":[[-71.19718,43.83594],[-71.197,43.83628],[-71.19774,43.8364],[-71.19971,43.83718],[-71.199,43.83884],[-71.19943,43.84091],[-71.20058,43.84637],[-71.20475,43.84594],[-71.20617,43.84604],[-71.20669,43.84596],[-71.20694,43.84688],[-71.20703,43.84733],[-71.20721,43.84779],[-71.20671,43.84807]]}},{"type":"Feature","properties":{"id":"140582","type":"AC; OVERHEAD","status":"IN SERVICE","owner":"PUBLIC SERVICE CO OF NH","voltage":115,"voltClass":"100-161"},"geometry":{"type":"LineString","coordinates":[[-71.2545,44.62783],[-71.25411,44.62767],[-71.25343,44.62668]]}},{"type":"Feature","properties":{"id":"146473","type":"AC; OVERHEAD","status":"IN SERVICE","owner":"PUBLIC SERVICE CO OF NH","voltage":115,"voltClass":"100-161"},"geometry":{"type":"LineString","coordinates":[[-71.30986,42.73664],[-71.31133,42.73654],[-71.31218,42.73762],[-71.31347,42.73926],[-71.31429,42.74031],[-71.31545,42.7418],[-71.31662,42.74324],[-71.31791,42.74489],[-71.31912,42.74643],[-71.32072,42.74842],[-71.32181,42.74979],[-71.32424,42.75284],[-71.32547,42.75439],[-71.32687,42.75619],[-71.32852,42.75828],[-71.33056,42.76085],[-71.33123,42.76171],[-71.33331,42.76375],[-71.33477,42.76521],[-71.33674,42.76725],[-71.33807,42.76858],[-71.3398,42.77033],[-71.34084,42.77138],[-71.34328,42.77383],[-71.34542,42.77599],[-71.34725,42.77782],[-71.34939,42.77998],[-71.35127,42.78187],[-71.35263,42.78323],[-71.35403,42.78459],[-71.35572,42.78633],[-71.35759,42.78823],[-71.36103,42.79162],[-71.36695,42.79744],[-71.3703,42.7956],[-71.37597,42.79251],[-71.37789,42.79152],[-71.38538,42.78738],[-71.39348,42.78508],[-71.40309,42.78216],[-71.41013,42.78007],[-71.41705,42.778],[-71.42242,42.77642],[-71.42616,42.7753],[-71.42835,42.77546],[-71.4286,42.77709],[-71.42889,42.77742],[-71.42909,42.77742],[-71.42911,42.77714],[-71.42933,42.77674]]}},{"type":"Feature","properties":{"id":"157150","type":null,"status":null,"owner":null,"voltage":345,"voltClass":"345"},"geometry":{"type":"LineString","coordinates":[[-71.24232,42.62278],[-71.24235,42.62356],[-71.24518,42.62703],[-71.24156,42.63619],[-71.24064,42.63768],[-71.23849,42.64325],[-71.23872,42.64483],[-71.23999,42.65307],[-71.24101,42.66002],[-71.24118,42.66115],[-71.24761,42.66698],[-71.24926,42.66854],[-71.25114,42.67031],[-71.26447,42.68465],[-71.2697,42.69024],[-71.2756,42.69656],[-71.28012,42.70143],[-71.28138,42.70278],[-71.28729,42.70916],[-71.29883,42.72156],[-71.30305,42.72686],[-71.31064,42.73649],[-71.31182,42.73799],[-71.31868,42.74654],[-71.32573,42.75545],[-71.33081,42.76187],[-71.33869,42.76983],[-71.35231,42.78355],[-71.36306,42.79439],[-71.3667,42.79784],[-71.36677,42.79789],[-71.37064,42.8014],[-71.37309,42.80363],[-71.37279,42.80473],[-71.37276,42.8048],[-71.40072,42.82907],[-71.41931,42.85045],[-71.40432,42.87615],[-71.38261,42.87984],[-71.35504,42.89974],[-71.34535,42.9014],[-71.34405,42.90373],[-71.34211,42.90486]]}},{"type":"Feature","properties":{"id":"102947","type":"AC; OVERHEAD","status":"IN SERVICE","owner":"PUBLIC SERVICE CO OF NH","voltage":115,"voltClass":"100-161"},"geometry":{"type":"LineString","coordinates":[[-70.81247,43.04226],[-70.813,43.04224],[-70.81319,43.0423]]}},{"type":"Feature","properties":{"id":"168055","type":"AC; OVERHEAD","status":"IN SERVICE","owner":null,"voltage":115,"voltClass":"100-161"},"geometry":{"type":"LineString","coordinates":[[-71.92716,42.61638],[-71.92917,42.61798],[-71.93084,42.6193],[-71.9325,42.62062],[-71.934,42.62181],[-71.93665,42.62391],[-71.93886,42.62566],[-71.94074,42.62716],[-71.94271,42.62872],[-71.94429,42.62997],[-71.94597,42.63131],[-71.94771,42.63269],[-71.94923,42.63471],[-71.95102,42.6371],[-71.95263,42.63925],[-71.9541,42.64122],[-71.95577,42.64344],[-71.9572,42.64535],[-71.9584,42.64695],[-71.96013,42.64925],[-71.96169,42.65134],[-71.9636,42.65389],[-71.96472,42.65539],[-71.96637,42.65758],[-71.96772,42.65939],[-71.96904,42.66114],[-71.97071,42.66337],[-71.9725,42.66489],[-71.97475,42.6668],[-71.97642,42.66821],[-71.97866,42.6701],[-71.98137,42.6724],[-71.98303,42.6738],[-71.98513,42.67558],[-71.98718,42.67732],[-71.98903,42.67889],[-71.99095,42.68051],[-71.99312,42.68234],[-71.99514,42.68406],[-71.99642,42.68514],[-71.99655,42.68525],[-71.99746,42.6874],[-71.99847,42.68977],[-71.99961,42.69245],[-72.00061,42.69482],[-72.00152,42.69694],[-72.00275,42.69985],[-72.00372,42.70213],[-72.00435,42.70362],[-72.00653,42.7051],[-72.00864,42.70653],[-72.01139,42.7084],[-72.01332,42.70972],[-72.02008,42.71448],[-72.02361,42.71685],[-72.02969,42.72087],[-72.04247,42.72947],[-72.04702,42.73268],[-72.06075,42.74214],[-72.0872,42.76033],[-72.09837,42.76797],[-72.11644,42.78039],[-72.12873,42.78897],[-72.14543,42.80043],[-72.14651,42.80121]]}},{"type":"Feature","properties":{"id":"123820","type":"AC; OVERHEAD","status":"IN SERVICE","owner":null,"voltage":115,"voltClass":"100-161"},"geometry":{"type":"LineString","coordinates":[[-71.99799,42.6847],[-71.9966,42.68549],[-71.99742,42.68742],[-71.99843,42.68979],[-71.99956,42.69247],[-72.00057,42.69483],[-72.00147,42.69696],[-72.00271,42.69987],[-72.00368,42.70215],[-72.00431,42.70365],[-72.0065,42.70514],[-72.00861,42.70657],[-72.01136,42.70844],[-72.01329,42.70976],[-72.02005,42.71452],[-72.02359,42.71689],[-72.02967,42.72091],[-72.04244,42.72951],[-72.04699,42.73273],[-72.06072,42.74218],[-72.08717,42.76037],[-72.09834,42.76801],[-72.11641,42.78043],[-72.1287,42.78901],[-72.1454,42.80047],[-72.14648,42.80125],[-72.15002,42.80338],[-72.15905,42.80973],[-72.16247,42.81762],[-72.16589,42.82554],[-72.16761,42.82962],[-72.16728,42.83004]]}},{"type":"Feature","properties":{"id":"138525","type":"AC; OVERHEAD","status":"IN SERVICE","owner":"PUBLIC SERVICE CO OF NH","voltage":115,"voltClass":"100-161"},"geometry":{"type":"LineString","coordinates":[[-72.14836,42.80023],[-72.14806,42.80109],[-72.14654,42.80187],[-72.15853,42.8099],[-72.1596,42.80932],[-72.1636,42.81818],[-72.16229,42.8184],[-72.16698,42.82933],[-72.16728,42.83004]]}},{"type":"Feature","properties":{"id":"132214","type":"AC; OVERHEAD","status":"IN SERVICE","owner":"PUBLIC SERVICE CO OF NH","voltage":115,"voltClass":"100-161"},"geometry":{"type":"LineString","coordinates":[[-71.42933,42.77674],[-71.42946,42.77714],[-71.42945,42.77751],[-71.42826,42.77815],[-71.42637,42.78216],[-71.42596,42.78317],[-71.42566,42.78376],[-71.42508,42.78495],[-71.42462,42.78595],[-71.42419,42.78689],[-71.42345,42.78834],[-71.42289,42.7896],[-71.42225,42.7908],[-71.42179,42.79181],[-71.42133,42.79278],[-71.42099,42.79352],[-71.42048,42.79456],[-71.42,42.79557],[-71.41955,42.79655],[-71.41873,42.79827],[-71.41873,42.80073],[-71.41865,42.80453],[-71.41873,42.806],[-71.41848,42.80662],[-71.41826,42.80731],[-71.41789,42.80835],[-71.41755,42.80941],[-71.41723,42.81041],[-71.41671,42.81193],[-71.41573,42.81484],[-71.41653,42.81836],[-71.41685,42.82011],[-71.41769,42.82404],[-71.41853,42.82797],[-71.41879,42.82927],[-71.41909,42.83055],[-71.4194,42.83208],[-71.41965,42.83325],[-71.41986,42.8342],[-71.42012,42.83553],[-71.42041,42.83686],[-71.42115,42.84038],[-71.42165,42.84264],[-71.42187,42.8437],[-71.42213,42.84487],[-71.42162,42.84572],[-71.421,42.84684],[-71.42022,42.84824],[-71.41987,42.84877],[-71.41956,42.84932],[-71.41925,42.84987],[-71.41872,42.85079],[-71.41811,42.85182],[-71.41692,42.85397],[-71.41637,42.85493],[-71.41585,42.8558],[-71.41549,42.85642],[-71.41257,42.86141],[-71.41192,42.86254],[-71.40975,42.8663],[-71.40891,42.86778],[-71.40831,42.86876],[-71.40763,42.86995],[-71.40711,42.87088],[-71.40639,42.87208],[-71.4055,42.87365],[-71.40499,42.87457],[-71.40433,42.87565],[-71.39364,42.87747],[-71.38218,42.87944],[-71.36645,42.89079],[-71.35902,42.89613],[-71.35465,42.89929],[-71.35227,42.89975],[-71.34386,42.90117],[-71.33977,42.90189],[-71.33971,42.90262],[-71.34038,42.90277]]}},{"type":"Feature","properties":{"id":"134332","type":"AC; OVERHEAD","status":"IN SERVICE","owner":"PUBLIC SERVICE CO OF NH","voltage":115,"voltClass":"100-161"},"geometry":{"type":"LineString","coordinates":[[-71.34038,42.90277],[-71.34092,42.90299],[-71.34198,42.9028],[-71.3457,42.90507],[-71.34613,42.90567],[-71.34913,42.90789],[-71.35112,42.90933],[-71.35726,42.91381],[-71.3608,42.91636],[-71.36203,42.91726],[-71.3641,42.91878],[-71.36671,42.91957],[-71.37697,42.92275],[-71.38282,42.92457],[-71.38563,42.92543],[-71.38898,42.92647],[-71.39806,42.93222],[-71.39954,42.93317],[-71.40233,42.93499],[-71.4039,42.93593],[-71.40513,42.93666],[-71.40631,42.93745],[-71.40732,42.9381],[-71.40828,42.93871],[-71.40981,42.93964],[-71.41116,42.93952],[-71.41236,42.93937],[-71.41319,42.93928],[-71.41421,42.93918],[-71.41604,42.93898],[-71.41701,42.93884],[-71.41828,42.93957],[-71.41983,42.94054],[-71.42074,42.94143],[-71.42156,42.94229],[-71.42196,42.94356],[-71.4224,42.94488],[-71.4228,42.94617],[-71.42321,42.9474],[-71.42369,42.94885],[-71.42411,42.9503],[-71.42449,42.9515],[-71.42644,42.95183],[-71.42823,42.95213],[-71.43023,42.95249],[-71.43122,42.95279],[-71.43137,42.95303]]}},{"type":"Feature","properties":{"id":"108674","type":"AC; OVERHEAD","status":"IN SERVICE","owner":"PUBLIC SERVICE CO OF NH","voltage":115,"voltClass":"100-161"},"geometry":{"type":"LineString","coordinates":[[-71.23632,42.93591],[-71.23601,42.93675],[-71.23616,42.93707],[-71.237,42.93686],[-71.23862,42.9364],[-71.24029,42.93598],[-71.24223,42.93551],[-71.24364,42.93517],[-71.24474,42.93492],[-71.24593,42.9344],[-71.24785,42.93358],[-71.24886,42.93314],[-71.25083,42.9323],[-71.25223,42.93168],[-71.25385,42.93097],[-71.25542,42.9303],[-71.257,42.92963],[-71.25785,42.92924],[-71.25928,42.92863],[-71.26073,42.928],[-71.2621,42.92741],[-71.26344,42.92684],[-71.26477,42.92626],[-71.26619,42.92564],[-71.26746,42.92512],[-71.26886,42.9245],[-71.27021,42.92391],[-71.2721,42.92307],[-71.27351,42.92245],[-71.27509,42.92177],[-71.27647,42.92119],[-71.27755,42.92069],[-71.27862,42.92089],[-71.2805,42.92123],[-71.28188,42.92144],[-71.28389,42.9218],[-71.2851,42.92203],[-71.28693,42.92235],[-71.28864,42.92266],[-71.29013,42.92296],[-71.2924,42.92338],[-71.29372,42.92361],[-71.2954,42.92389],[-71.29661,42.92413],[-71.29752,42.92337],[-71.29865,42.9222],[-71.29972,42.92107],[-71.30055,42.9202],[-71.30148,42.91928],[-71.30238,42.91834],[-71.30337,42.91737],[-71.30425,42.91645],[-71.3074,42.91484],[-71.30902,42.91408],[-71.31033,42.91339],[-71.31204,42.91246],[-71.31323,42.91182],[-71.31465,42.91114],[-71.31617,42.91037],[-71.31787,42.90948],[-71.319,42.90888],[-71.3199,42.90842],[-71.32149,42.90766],[-71.32411,42.90628],[-71.32696,42.90484],[-71.32856,42.90399],[-71.32961,42.90379],[-71.33283,42.90322],[-71.33416,42.90297],[-71.33604,42.90265],[-71.33697,42.9025],[-71.33821,42.90228],[-71.33895,42.90214],[-71.33877,42.90164],[-71.33905,42.90151]]}},{"type":"Feature","properties":{"id":"110909","type":"AC; OVERHEAD","status":"IN SERVICE","owner":"PUBLIC SERVICE CO OF NH","voltage":115,"voltClass":"100-161"},"geometry":{"type":"LineString","coordinates":[[-71.34038,42.90277],[-71.34,42.903],[-71.3395,42.90308],[-71.33912,42.902],[-71.33757,42.90224],[-71.336,42.90249],[-71.33369,42.90288],[-71.33227,42.90314],[-71.32982,42.90357],[-71.3283,42.90381],[-71.32621,42.9049],[-71.32519,42.90548],[-71.32364,42.90631],[-71.3227,42.90678],[-71.32097,42.9076],[-71.31962,42.90832],[-71.31884,42.90877],[-71.31756,42.90948],[-71.31575,42.91035],[-71.314,42.91126],[-71.31262,42.91193],[-71.31172,42.91238],[-71.30964,42.91348],[-71.30873,42.91394],[-71.30766,42.91446],[-71.30617,42.91525],[-71.30406,42.91631],[-71.3032,42.91725],[-71.30221,42.91823],[-71.30114,42.91929],[-71.30022,42.92024],[-71.29943,42.92104],[-71.29837,42.92214],[-71.2974,42.9231],[-71.29653,42.9239],[-71.29515,42.92364],[-71.29308,42.92329],[-71.29029,42.92276],[-71.28848,42.92243],[-71.28695,42.92217],[-71.28542,42.92191],[-71.28425,42.92168],[-71.28218,42.92132],[-71.28075,42.92107],[-71.27852,42.92068],[-71.27751,42.92049],[-71.27612,42.92111],[-71.27479,42.92168],[-71.27292,42.9225],[-71.2719,42.92294],[-71.26995,42.92378],[-71.26825,42.92452],[-71.26638,42.92533],[-71.26481,42.926],[-71.26308,42.92675],[-71.26107,42.9276],[-71.25983,42.92815],[-71.25777,42.92904],[-71.25598,42.92981],[-71.25411,42.93061],[-71.25267,42.93125],[-71.25145,42.93177],[-71.24949,42.93261],[-71.24823,42.93318],[-71.24583,42.93421],[-71.24462,42.93474],[-71.24316,42.93508],[-71.24176,42.93543],[-71.24014,42.93585],[-71.23866,42.93622],[-71.238,42.93603],[-71.2374,42.93569],[-71.23683,42.93529],[-71.23632,42.93591]]}},{"type":"Feature","properties":{"id":"103786","type":"AC; OVERHEAD","status":"IN SERVICE","owner":"PUBLIC SERVICE CO OF NH","voltage":115,"voltClass":"100-161"},"geometry":{"type":"LineString","coordinates":[[-71.34038,42.90277],[-71.341,42.90311],[-71.34147,42.90302],[-71.34212,42.9039],[-71.34211,42.90486]]}},{"type":"Feature","properties":{"id":"145685","type":"AC; OVERHEAD","status":"IN SERVICE","owner":"PUBLIC SERVICE CO OF NH","voltage":115,"voltClass":"100-161"},"geometry":{"type":"LineString","coordinates":[[-71.34038,42.90277],[-71.34003,42.9029],[-71.33967,42.90295],[-71.33954,42.90265],[-71.33959,42.90231],[-71.33938,42.90148],[-71.33905,42.90151]]}},{"type":"Feature","properties":{"id":"143244","type":"AC; OVERHEAD","status":"IN SERVICE","owner":"PUBLIC SERVICE CO OF NH","voltage":115,"voltClass":"100-161"},"geometry":{"type":"LineString","coordinates":[[-71.34038,42.90277],[-71.34011,42.90313],[-71.33975,42.90321],[-71.3399,42.90371],[-71.34021,42.90395],[-71.34051,42.90418],[-71.34097,42.90451],[-71.34211,42.90486]]}},{"type":"Feature","properties":{"id":"172657","type":"AC; OVERHEAD","status":"IN SERVICE","owner":"PUBLIC SERVICE CO OF NH","voltage":115,"voltClass":"100-161"},"geometry":{"type":"LineString","coordinates":[[-71.23632,42.93591],[-71.2356,42.93698],[-71.23354,42.9375],[-71.23029,42.93829],[-71.22881,42.93867],[-71.22637,42.93928],[-71.22477,42.93967],[-71.22318,42.94008],[-71.22209,42.94035],[-71.22009,42.94086],[-71.2185,42.94124],[-71.21603,42.94186],[-71.21366,42.94243],[-71.2124,42.94276],[-71.21044,42.94325],[-71.20849,42.94373],[-71.20685,42.94414],[-71.20531,42.94453],[-71.20372,42.94493],[-71.20193,42.94537],[-71.19963,42.94594],[-71.19929,42.94603],[-71.19791,42.94638],[-71.19618,42.9468],[-71.19497,42.94711],[-71.1936,42.94799],[-71.19226,42.94885],[-71.19068,42.94985],[-71.18972,42.95047],[-71.18874,42.9511],[-71.18749,42.95194],[-71.18587,42.95202],[-71.18444,42.95209],[-71.18214,42.95223],[-71.18045,42.95234],[-71.17849,42.95245],[-71.17718,42.95252],[-71.17483,42.95264],[-71.17333,42.95275],[-71.17178,42.95284],[-71.17025,42.95294],[-71.16799,42.95305],[-71.16618,42.95317],[-71.16451,42.95326],[-71.16239,42.95337],[-71.16082,42.95346],[-71.15935,42.95354],[-71.1573,42.95367],[-71.15527,42.95379],[-71.15315,42.95391],[-71.15167,42.95399],[-71.14985,42.95411],[-71.14773,42.95422],[-71.14558,42.95434],[-71.1449,42.95466]]}},{"type":"Feature","properties":{"id":"172658","type":"AC; OVERHEAD","status":"IN SERVICE","owner":"PUBLIC SERVICE CO OF NH","voltage":115,"voltClass":"100-161"},"geometry":{"type":"LineString","coordinates":[[-71.34038,42.90277],[-71.34033,42.90323],[-71.33932,42.9034],[-71.33909,42.90256],[-71.33826,42.90242],[-71.32864,42.90409],[-71.31961,42.9087],[-71.31628,42.91042],[-71.3137,42.91174],[-71.30775,42.9148],[-71.3044,42.91654],[-71.29863,42.92239],[-71.2968,42.92424],[-71.28712,42.92248],[-71.28146,42.92149],[-71.27763,42.92084],[-71.26994,42.92413],[-71.26488,42.92632],[-71.25883,42.92891],[-71.2523,42.93179],[-71.24597,42.93452],[-71.24482,42.93503],[-71.24055,42.93607],[-71.23629,42.93713],[-71.23282,42.93789],[-71.22991,42.9386],[-71.22853,42.93896],[-71.22677,42.93939],[-71.22464,42.93993],[-71.22284,42.94039],[-71.22105,42.94082],[-71.21946,42.94121],[-71.21656,42.94195],[-71.21433,42.94249],[-71.2124,42.94299],[-71.21119,42.94328],[-71.20854,42.94395],[-71.20732,42.94424],[-71.2062,42.94452],[-71.20435,42.94498],[-71.20256,42.94544],[-71.20129,42.94574],[-71.19974,42.94613],[-71.19793,42.94658],[-71.19633,42.947],[-71.19508,42.94729],[-71.19394,42.94804],[-71.19242,42.94902],[-71.19114,42.94983],[-71.18997,42.95059],[-71.18867,42.95144],[-71.18763,42.95211],[-71.18593,42.95225],[-71.18443,42.95231],[-71.18212,42.95245],[-71.18106,42.95251],[-71.17948,42.95261],[-71.17749,42.95271],[-71.17563,42.9528],[-71.17426,42.95288],[-71.17226,42.953],[-71.17106,42.95309],[-71.16975,42.95315],[-71.16784,42.95326],[-71.16607,42.95337],[-71.16453,42.95346],[-71.16264,42.95356],[-71.16083,42.95366],[-71.15927,42.95376],[-71.15781,42.95385],[-71.15645,42.95394],[-71.15509,42.95401],[-71.15384,42.95408],[-71.15241,42.95415],[-71.15075,42.95426],[-71.14917,42.95436],[-71.14744,42.95443],[-71.14594,42.95457]]}},{"type":"Feature","properties":{"id":"172659","type":"AC; OVERHEAD","status":"IN SERVICE","owner":"PUBLIC SERVICE CO OF NH","voltage":115,"voltClass":"100-161"},"geometry":{"type":"LineString","coordinates":[[-71.23715,42.93642],[-71.23698,42.93663],[-71.23626,42.93681],[-71.23632,42.93591]]}},{"type":"Feature","properties":{"id":"172660","type":"AC; OVERHEAD","status":"IN SERVICE","owner":"PUBLIC SERVICE CO OF NH","voltage":115,"voltClass":"100-161"},"geometry":{"type":"LineString","coordinates":[[-71.23715,42.93642],[-71.23759,42.93652],[-71.23791,42.93643],[-71.23725,42.9358],[-71.23687,42.93548],[-71.23632,42.93591]]}},{"type":"Feature","properties":{"id":"115496","type":"AC; OVERHEAD","status":"IN SERVICE","owner":"PUBLIC SERVICE CO OF NH","voltage":115,"voltClass":"100-161"},"geometry":{"type":"LineString","coordinates":[[-71.14594,42.95457],[-71.14569,42.9546],[-71.14474,42.95498],[-71.1431,42.95574],[-71.14239,42.95605],[-71.14166,42.9564],[-71.14048,42.95694],[-71.13913,42.95756],[-71.13777,42.95819],[-71.13611,42.95894],[-71.13467,42.95961],[-71.13375,42.96003],[-71.13266,42.96052],[-71.13085,42.96137],[-71.12955,42.96197],[-71.12812,42.96262],[-71.1266,42.96335],[-71.12533,42.96391],[-71.12409,42.96449],[-71.12288,42.96506],[-71.12161,42.96563],[-71.12018,42.96627],[-71.11885,42.96689],[-71.11747,42.96753],[-71.11643,42.96801],[-71.11524,42.96856],[-71.11331,42.96943],[-71.11227,42.96991],[-71.11057,42.97069],[-71.10917,42.97148],[-71.10779,42.9722],[-71.1061,42.97317],[-71.10481,42.97389],[-71.10365,42.97454],[-71.102,42.97545],[-71.10085,42.9761],[-71.09932,42.97695],[-71.09843,42.97743],[-71.09668,42.97803],[-71.09516,42.97856],[-71.09331,42.9792],[-71.09215,42.97961],[-71.09085,42.98007],[-71.08925,42.98061],[-71.08825,42.98099],[-71.08672,42.98154],[-71.08519,42.98206],[-71.08478,42.98221],[-71.0846,42.98345],[-71.08381,42.98369]]}},{"type":"Feature","properties":{"id":"125666","type":"AC; OVERHEAD","status":"IN SERVICE","owner":"PUBLIC SERVICE CO OF NH","voltage":115,"voltClass":"100-161"},"geometry":{"type":"LineString","coordinates":[[-71.1449,42.95466],[-71.14467,42.95441],[-71.14388,42.95351],[-71.14498,42.95312],[-71.14432,42.95209],[-71.14375,42.95121],[-71.14326,42.95043],[-71.1426,42.94946],[-71.14193,42.94841],[-71.14112,42.94711],[-71.14055,42.94624],[-71.13973,42.94491],[-71.13899,42.94376],[-71.13819,42.9426],[-71.13766,42.94171],[-71.13712,42.94085],[-71.13635,42.93961],[-71.13583,42.93883],[-71.13495,42.93746],[-71.13424,42.93636],[-71.13351,42.93523],[-71.13279,42.93414],[-71.13209,42.93301],[-71.13108,42.93137],[-71.13009,42.92977],[-71.12937,42.92866],[-71.12868,42.92757],[-71.12809,42.9267],[-71.12669,42.92634],[-71.12463,42.92587],[-71.12229,42.92532],[-71.12061,42.92494],[-71.11909,42.92457],[-71.11766,42.92424],[-71.11593,42.92384],[-71.11423,42.92346],[-71.11282,42.92314],[-71.11101,42.9227],[-71.10959,42.92239],[-71.10792,42.92199],[-71.10681,42.9206],[-71.10586,42.91945],[-71.10511,42.91845],[-71.10381,42.91682],[-71.10258,42.91527],[-71.10136,42.9137],[-71.10005,42.91199],[-71.09961,42.91143],[-71.09866,42.91024],[-71.09781,42.90919],[-71.09706,42.90824],[-71.0965,42.90754],[-71.09556,42.90637],[-71.0947,42.90525],[-71.0937,42.90397],[-71.09213,42.902],[-71.09097,42.90056],[-71.09009,42.89947],[-71.08801,42.89658],[-71.08821,42.89599]]}},{"type":"Feature","properties":{"id":"167839","type":"AC; OVERHEAD","status":"IN SERVICE","owner":"PUBLIC SERVICE CO OF NH","voltage":115,"voltClass":"100-161"},"geometry":{"type":"LineString","coordinates":[[-71.1449,42.95466],[-71.14401,42.95507],[-71.14178,42.95611],[-71.14046,42.95671],[-71.13894,42.95741],[-71.13782,42.9579],[-71.1359,42.9588],[-71.13404,42.95964],[-71.13287,42.96017],[-71.13078,42.96116],[-71.12938,42.96181],[-71.1277,42.96258],[-71.12611,42.9633],[-71.12443,42.96409],[-71.12282,42.96483],[-71.12143,42.96546],[-71.11975,42.96623],[-71.11781,42.9671],[-71.11669,42.96764],[-71.11533,42.96827],[-71.11315,42.96926],[-71.11183,42.96987],[-71.11042,42.97053],[-71.10919,42.97121],[-71.10823,42.97176],[-71.10693,42.97247],[-71.10351,42.97435],[-71.1021,42.97513],[-71.10088,42.97581],[-71.09923,42.97671],[-71.09829,42.97726],[-71.09636,42.97791],[-71.09475,42.97846],[-71.09274,42.97917],[-71.09152,42.97959],[-71.08964,42.98024],[-71.08838,42.98071],[-71.08714,42.98117],[-71.08588,42.98159],[-71.07882,42.98396],[-71.07766,42.98436],[-71.07623,42.98486],[-71.07482,42.98533],[-71.07318,42.98591],[-71.07134,42.98654],[-71.06966,42.98712],[-71.06819,42.98761],[-71.06639,42.98824],[-71.06497,42.98874],[-71.06383,42.98914],[-71.06218,42.98968],[-71.06077,42.99017],[-71.05944,42.99063],[-71.05782,42.99119],[-71.05624,42.99173],[-71.05464,42.99229],[-71.05308,42.99283],[-71.05125,42.99346],[-71.04978,42.99396],[-71.04783,42.99465],[-71.04631,42.99517],[-71.04456,42.99577],[-71.04274,42.99639],[-71.04148,42.99683],[-71.04002,42.99734],[-71.03827,42.99793],[-71.03634,42.99859],[-71.03495,42.99908],[-71.03351,42.99957],[-71.03176,43.00018],[-71.02985,43.00083],[-71.02781,43.00154],[-71.02632,43.00205],[-71.02517,43.00244],[-71.02392,43.00288],[-71.02179,43.0036],[-71.02013,43.00417],[-71.01836,43.00478],[-71.01638,43.00547],[-71.01526,43.00585],[-71.01369,43.00638],[-71.01247,43.00681],[-71.01132,43.00721],[-71.00914,43.00796],[-71.00751,43.00852],[-71.00574,43.00913],[-71.00424,43.00965],[-71.00274,43.01016],[-71.00127,43.01066],[-70.99995,43.01111],[-70.99857,43.01161],[-70.99691,43.01219],[-70.99567,43.0126],[-70.99403,43.01316],[-70.99214,43.01382],[-70.98993,43.01458],[-70.98898,43.0149],[-70.98743,43.01543],[-70.9858,43.01546],[-70.984,43.01547],[-70.98231,43.01549],[-70.98027,43.0155],[-70.97915,43.01552],[-70.97718,43.01553],[-70.97494,43.01556],[-70.97336,43.01557],[-70.97187,43.0156],[-70.9693,43.01563],[-70.96791,43.01565],[-70.96527,43.01566],[-70.96465,43.01566],[-70.96395,43.01567],[-70.96221,43.01569],[-70.96049,43.0157],[-70.95832,43.01571],[-70.95682,43.01573],[-70.95434,43.01575],[-70.95411,43.01575],[-70.95333,43.01576],[-70.95206,43.01577],[-70.9502,43.0158],[-70.94777,43.01581],[-70.94593,43.01585],[-70.94472,43.01518],[-70.94369,43.01467],[-70.94171,43.0137],[-70.94043,43.01305],[-70.9382,43.01194],[-70.93707,43.01218],[-70.9352,43.01258],[-70.93373,43.01291],[-70.93179,43.01334],[-70.92945,43.01384],[-70.92846,43.01404],[-70.92642,43.01448],[-70.92484,43.01483],[-70.9229,43.01526],[-70.92125,43.01492],[-70.91941,43.01458],[-70.91747,43.01421],[-70.91627,43.014],[-70.91429,43.01361],[-70.91273,43.01332],[-70.911,43.013],[-70.90921,43.01268],[-70.90749,43.01235],[-70.90563,43.01201],[-70.90387,43.01168],[-70.90216,43.01134],[-70.90083,43.01111],[-70.89924,43.0108],[-70.89753,43.01048],[-70.8959,43.01017],[-70.89448,43.0099],[-70.893,43.00963],[-70.8912,43.00929],[-70.88955,43.00898],[-70.88789,43.00867],[-70.88728,43.00885],[-70.8869,43.00881]]}},{"type":"Feature","properties":{"id":"172656","type":"AC; OVERHEAD","status":"IN SERVICE","owner":"PUBLIC SERVICE CO OF NH","voltage":115,"voltClass":"100-161"},"geometry":{"type":"LineString","coordinates":[[-71.08821,42.89599],[-71.08826,42.89666],[-71.10248,42.91475],[-71.10774,42.92136],[-71.1081,42.92183],[-71.11601,42.92372],[-71.12693,42.92624],[-71.12825,42.92658],[-71.13847,42.94249],[-71.14524,42.95317],[-71.14594,42.95457]]}},{"type":"Feature","properties":{"id":"148163","type":"AC; OVERHEAD","status":"IN SERVICE","owner":"PUBLIC SERVICE CO OF NH","voltage":115,"voltClass":"100-161"},"geometry":{"type":"LineString","coordinates":[[-71.08381,42.98369],[-71.08299,42.98398],[-71.08163,42.98323],[-71.07917,42.98409],[-71.07792,42.98452],[-71.07644,42.98501],[-71.07507,42.98548],[-71.07357,42.986],[-71.07211,42.98652],[-71.07071,42.98699],[-71.06903,42.98755],[-71.06758,42.98805],[-71.06613,42.98855],[-71.06467,42.98906],[-71.06281,42.9897],[-71.06144,42.99019],[-71.06009,42.99065],[-71.05811,42.99133],[-71.05667,42.99183],[-71.05503,42.99239],[-71.05343,42.99294],[-71.0519,42.99347],[-71.05067,42.9939],[-71.04939,42.99434],[-71.0478,42.99487],[-71.04622,42.99544],[-71.0448,42.99592],[-71.04329,42.99644],[-71.04195,42.9969],[-71.04037,42.99745],[-71.03888,42.99795],[-71.03737,42.99847],[-71.03563,42.99907],[-71.03405,42.99961],[-71.03255,43.00013],[-71.03134,43.00055],[-71.02962,43.00114],[-71.02795,43.00171],[-71.02654,43.0022],[-71.02534,43.00261],[-71.02402,43.00307],[-71.02225,43.00368],[-71.02058,43.00426],[-71.01878,43.00488],[-71.01739,43.00535],[-71.01553,43.00599],[-71.01376,43.0066],[-71.01236,43.00709],[-71.01117,43.00749],[-71.00938,43.0081],[-71.00788,43.00862],[-71.00678,43.009],[-71.00566,43.00938],[-71.00491,43.00964],[-71.00404,43.00995],[-71.00253,43.01045],[-71.00154,43.0108],[-70.99976,43.0114],[-70.99849,43.01185],[-70.99684,43.01245],[-70.99567,43.01284],[-70.99458,43.0132],[-70.99353,43.01357],[-70.99217,43.01403],[-70.99013,43.01475],[-70.98919,43.01506],[-70.98747,43.01565],[-70.9859,43.01566],[-70.98413,43.01569],[-70.98245,43.01569],[-70.98058,43.0157],[-70.97918,43.01572],[-70.97767,43.01574],[-70.97652,43.01576],[-70.97457,43.01577],[-70.97261,43.01578],[-70.96979,43.01582],[-70.96837,43.01584],[-70.96698,43.01585],[-70.96468,43.01586],[-70.9634,43.01589],[-70.96168,43.01592],[-70.96021,43.01594],[-70.9584,43.01593],[-70.95691,43.01594],[-70.95486,43.01596],[-70.95421,43.01597],[-70.95366,43.01598],[-70.95246,43.01598],[-70.95056,43.016],[-70.94885,43.01601],[-70.94724,43.01603],[-70.94588,43.01605],[-70.9445,43.01531],[-70.94334,43.01474],[-70.94182,43.014],[-70.9404,43.01328],[-70.93814,43.01216],[-70.93621,43.01259],[-70.93379,43.01311],[-70.93202,43.01349],[-70.9302,43.01388],[-70.92894,43.01416],[-70.92683,43.01461],[-70.92492,43.01501],[-70.92292,43.01548],[-70.9214,43.01516],[-70.91984,43.01487],[-70.91807,43.01454],[-70.91671,43.01428],[-70.91554,43.01407],[-70.91391,43.01376],[-70.91254,43.01349],[-70.91082,43.01318],[-70.9091,43.01286],[-70.90732,43.01254],[-70.90594,43.01229],[-70.90418,43.01195],[-70.90258,43.01164],[-70.90113,43.01137],[-70.89929,43.01104],[-70.89777,43.01075],[-70.89598,43.01041],[-70.89425,43.01009],[-70.89283,43.00981],[-70.89111,43.00949],[-70.8896,43.00921],[-70.88789,43.00887],[-70.8859,43.00953],[-70.88346,43.01027],[-70.88199,43.01072],[-70.88061,43.01116],[-70.87785,43.01203],[-70.87655,43.01244],[-70.87506,43.01289],[-70.87406,43.01322],[-70.8726,43.01365],[-70.87156,43.01397],[-70.87001,43.01447],[-70.86826,43.01501],[-70.86675,43.01548],[-70.86512,43.01599],[-70.86343,43.01654],[-70.86161,43.0171],[-70.86041,43.01749],[-70.85841,43.01812],[-70.85689,43.0186],[-70.85486,43.01923],[-70.85361,43.0196],[-70.85224,43.02004],[-70.85023,43.02065],[-70.84903,43.02105],[-70.84732,43.02156],[-70.84639,43.02184],[-70.8448,43.02232],[-70.84229,43.02312],[-70.84071,43.02357],[-70.83972,43.02388],[-70.83795,43.02444],[-70.83616,43.025],[-70.83456,43.0255],[-70.83303,43.02598],[-70.83102,43.02657],[-70.82975,43.02698],[-70.82819,43.02747],[-70.8266,43.02793],[-70.82603,43.02901],[-70.82532,43.03035],[-70.82462,43.03165],[-70.82416,43.03254],[-70.82354,43.03373],[-70.82231,43.03606],[-70.81956,43.04127],[-70.81795,43.04141],[-70.81636,43.04158],[-70.81588,43.04164],[-70.81448,43.04225],[-70.81345,43.04233],[-70.81319,43.0423]]}},{"type":"Feature","properties":{"id":"122614","type":"AC; OVERHEAD","status":"IN SERVICE","owner":"PUBLIC SERVICE CO OF NH","voltage":115,"voltClass":"100-161"},"geometry":{"type":"LineString","coordinates":[[-70.8869,43.00881],[-70.88668,43.00903],[-70.8854,43.00944],[-70.88353,43.01003],[-70.88198,43.0105],[-70.88033,43.01102],[-70.87865,43.01155],[-70.87652,43.01219],[-70.87483,43.01275],[-70.87386,43.01302],[-70.87195,43.01362],[-70.86907,43.01453],[-70.86737,43.01506],[-70.86577,43.01557],[-70.86403,43.01613],[-70.86235,43.01666],[-70.86023,43.01732],[-70.85915,43.01767],[-70.85682,43.01841],[-70.85564,43.01878],[-70.85371,43.01936],[-70.85212,43.01984],[-70.85018,43.02046],[-70.84862,43.02093],[-70.84652,43.02154],[-70.84474,43.02209],[-70.84362,43.02246],[-70.84178,43.02303],[-70.84003,43.02356],[-70.83796,43.02422],[-70.83608,43.0248],[-70.83451,43.02528],[-70.83307,43.02574],[-70.83085,43.02641],[-70.82982,43.02676],[-70.82794,43.02732],[-70.8264,43.0278],[-70.82511,43.03034],[-70.82359,43.03316],[-70.82208,43.03588],[-70.82162,43.03674],[-70.82038,43.03919],[-70.81973,43.04043],[-70.81932,43.0411],[-70.8181,43.0412],[-70.81581,43.04149],[-70.81428,43.04214],[-70.81341,43.04218],[-70.81319,43.0423]]}},{"type":"Feature","properties":{"id":"142286","type":"AC; OVERHEAD","status":"IN SERVICE","owner":"PUBLIC SERVICE CO OF NH","voltage":115,"voltClass":"100-161"},"geometry":{"type":"LineString","coordinates":[[-70.78602,43.09735],[-70.78612,43.09721],[-70.78923,43.09539],[-70.79256,43.09637],[-70.7935,43.09596],[-70.79525,43.09516],[-70.79704,43.09435],[-70.79975,43.09321],[-70.7986,43.09203],[-70.79737,43.09082],[-70.79661,43.09007],[-70.7955,43.08896],[-70.79389,43.08738],[-70.79316,43.086],[-70.79158,43.08336],[-70.79055,43.0825],[-70.78902,43.08122],[-70.78796,43.08035],[-70.78716,43.07968],[-70.78574,43.0785],[-70.78503,43.07795],[-70.78394,43.07698],[-70.78327,43.07647],[-70.78405,43.07447],[-70.78369,43.07245],[-70.78452,43.07158],[-70.78545,43.06936],[-70.78569,43.06834],[-70.78613,43.06676],[-70.78681,43.0662],[-70.78774,43.06547],[-70.78983,43.06376],[-70.79041,43.06328],[-70.79127,43.0626],[-70.79253,43.06155],[-70.79394,43.06039],[-70.79365,43.05985],[-70.79312,43.05883],[-70.79248,43.0576],[-70.79202,43.05671],[-70.79146,43.05563],[-70.79235,43.05463],[-70.79322,43.05363],[-70.79401,43.0527],[-70.79461,43.05203],[-70.79579,43.0507],[-70.79657,43.04982],[-70.79727,43.04903],[-70.79812,43.04805],[-70.79922,43.04681],[-70.80021,43.04567],[-70.80119,43.04454],[-70.80211,43.04348],[-70.80323,43.04223],[-70.80489,43.04215],[-70.80685,43.04201],[-70.8086,43.04188],[-70.81034,43.04178],[-70.81149,43.04171],[-70.81215,43.04228],[-70.81247,43.04226]]}},{"type":"Feature","properties":{"id":"143843","type":"AC; OVERHEAD","status":"IN SERVICE","owner":"PUBLIC SERVICE CO OF NH","voltage":115,"voltClass":"100-161"},"geometry":{"type":"LineString","coordinates":[[-70.81505,43.04266],[-70.81486,43.04269],[-70.81464,43.04261],[-70.81434,43.04261],[-70.81323,43.04268],[-70.81256,43.04273],[-70.81247,43.04226]]}},{"type":"Feature","properties":{"id":"135539","type":"AC; OVERHEAD","status":"IN SERVICE","owner":"PUBLIC SERVICE CO OF NH","voltage":115,"voltClass":"100-161"},"geometry":{"type":"LineString","coordinates":[[-70.81319,43.0423],[-70.81301,43.04239],[-70.81227,43.04243]]}},{"type":"Feature","properties":{"id":"149171","type":"AC; OVERHEAD","status":"IN SERVICE","owner":"PUBLIC SERVICE CO OF NH","voltage":115,"voltClass":"100-161"},"geometry":{"type":"LineString","coordinates":[[-70.81505,43.04266],[-70.81497,43.04256],[-70.81451,43.04241],[-70.81231,43.04258],[-70.81227,43.04243]]}},{"type":"Feature","properties":{"id":"131386","type":"AC; OVERHEAD","status":"IN SERVICE","owner":"VERMONT ELECTRIC COOPERATIVE, INC.","voltage":115,"voltClass":"100-161"},"geometry":{"type":"LineString","coordinates":[[-73.05153,44.94038],[-73.05128,44.94003],[-73.05077,44.9408],[-73.05137,44.94114],[-73.04997,44.94324],[-73.04605,44.94211],[-73.04225,44.94178],[-73.04071,44.94162],[-73.03584,44.94181],[-73.035,44.94184],[-73.0314,44.94297],[-73.02416,44.94535],[-73.01906,44.94722],[-73.01717,44.94794],[-73.01305,44.94799],[-73.00896,44.94806],[-73.00393,44.94636],[-73.00229,44.9458],[-72.9994,44.94487],[-72.99723,44.94434],[-72.99358,44.94346],[-72.9891,44.9426],[-72.98678,44.94215],[-72.98594,44.94198],[-72.98417,44.942],[-72.98215,44.94189],[-72.9797,44.94169],[-72.97718,44.94151],[-72.97448,44.9413],[-72.97169,44.94109],[-72.96978,44.94118],[-72.96733,44.94126],[-72.96367,44.9414],[-72.95983,44.93988],[-72.95655,44.93859],[-72.95554,44.93652],[-72.95502,44.93544],[-72.95146,44.93279],[-72.94848,44.93062],[-72.94524,44.92829],[-72.9404,44.92474],[-72.93835,44.92321],[-72.93547,44.9242],[-72.93216,44.92534],[-72.92769,44.92686],[-72.92472,44.92785],[-72.91688,44.93033],[-72.9123,44.93173],[-72.90843,44.92977],[-72.90255,44.9268],[-72.8999,44.92547],[-72.89355,44.9223],[-72.89189,44.92145],[-72.88439,44.92206],[-72.87946,44.92251],[-72.8764,44.92143],[-72.87451,44.92075],[-72.87,44.92117],[-72.86065,44.92197],[-72.85418,44.92233],[-72.84857,44.92263],[-72.84641,44.92275],[-72.84215,44.92297],[-72.83938,44.91995],[-72.8364,44.91697],[-72.83624,44.91681],[-72.83418,44.91638],[-72.83225,44.91594],[-72.82874,44.91508],[-72.82565,44.91435],[-72.8204,44.91306],[-72.81753,44.9125],[-72.81599,44.91266],[-72.81031,44.91355],[-72.80742,44.91417],[-72.80515,44.91466],[-72.80105,44.91555],[-72.79914,44.91599],[-72.79497,44.91687],[-72.79149,44.91761],[-72.7889,44.91815],[-72.78588,44.91883],[-72.78373,44.91931],[-72.78174,44.91972],[-72.77851,44.92038],[-72.77631,44.92089],[-72.77444,44.92129],[-72.77201,44.92183],[-72.76881,44.92252],[-72.76668,44.92299],[-72.76389,44.92358],[-72.76041,44.9243],[-72.75829,44.92478],[-72.75688,44.92508],[-72.75464,44.92556],[-72.75226,44.92608],[-72.75034,44.92651],[-72.7484,44.92691],[-72.74395,44.92788],[-72.74056,44.9286],[-72.73872,44.92901],[-72.73734,44.92931],[-72.73189,44.93049],[-72.73012,44.93086],[-72.72797,44.93129],[-72.72518,44.93301],[-72.72164,44.93521],[-72.71819,44.93738],[-72.71515,44.93925],[-72.71289,44.94061],[-72.71011,44.94227],[-72.7096,44.94325],[-72.70825,44.94602],[-72.7074,44.94772],[-72.70667,44.94903],[-72.70598,44.95055],[-72.70484,44.95275],[-72.70323,44.95594],[-72.70248,44.95743],[-72.70152,44.9583],[-72.70009,44.9596],[-72.69848,44.96115],[-72.69712,44.96231],[-72.69574,44.96355],[-72.69436,44.96489],[-72.69147,44.96763],[-72.69006,44.96894],[-72.68913,44.96981],[-72.68835,44.97051],[-72.6864,44.9723],[-72.68536,44.97325],[-72.68448,44.9746],[-72.68368,44.97593],[-72.68181,44.97885],[-72.6804,44.97954],[-72.67893,44.9804],[-72.67737,44.98126],[-72.67546,44.9823],[-72.67521,44.98245],[-72.67262,44.98289],[-72.67106,44.98319],[-72.66941,44.98351],[-72.66894,44.9845],[-72.66786,44.98464],[-72.66385,44.98434],[-72.66206,44.98419],[-72.65875,44.98392],[-72.656,44.98368],[-72.65488,44.98357],[-72.65267,44.98341],[-72.64893,44.98308],[-72.6447,44.98272],[-72.64036,44.98237],[-72.63812,44.98213],[-72.63594,44.98265],[-72.63421,44.98306],[-72.63196,44.98345],[-72.62993,44.98378],[-72.62602,44.98446],[-72.62276,44.98501],[-72.62097,44.98528],[-72.61655,44.986],[-72.61182,44.98681],[-72.60562,44.98783],[-72.60393,44.98809],[-72.6019,44.98845],[-72.59986,44.98879],[-72.5955,44.98951],[-72.59126,44.99023],[-72.58897,44.99061],[-72.58629,44.99106],[-72.58196,44.99178],[-72.57886,44.9923],[-72.5741,44.99308],[-72.57024,44.99438],[-72.56636,44.99573],[-72.56155,44.99744],[-72.56024,44.99748],[-72.55824,44.99757],[-72.55609,44.99683],[-72.55393,44.9961],[-72.55193,44.9954],[-72.55012,44.99479],[-72.54815,44.9941],[-72.54438,44.99281],[-72.53953,44.9911],[-72.53876,44.99081],[-72.53434,44.98909],[-72.53103,44.98779],[-72.52924,44.9871],[-72.52746,44.98638],[-72.52589,44.98612],[-72.52437,44.98622],[-72.52221,44.98632],[-72.51944,44.98641],[-72.51798,44.98648],[-72.51644,44.98657],[-72.51547,44.98662],[-72.51103,44.98685],[-72.50768,44.98707],[-72.49954,44.98755],[-72.49707,44.98654],[-72.49588,44.98572],[-72.49462,44.98485],[-72.49312,44.98378],[-72.4912,44.98269],[-72.48978,44.98191],[-72.48808,44.98099],[-72.4866,44.98018],[-72.48504,44.97931],[-72.48339,44.97862],[-72.48349,44.97798],[-72.48269,44.97781],[-72.48258,44.978],[-72.48251,44.97836]]}},{"type":"Feature","properties":{"id":"134898","type":"AC; OVERHEAD","status":"IN SERVICE","owner":"VERMONT ELECTRIC COOPERATIVE, INC.","voltage":115,"voltClass":"100-161"},"geometry":{"type":"LineString","coordinates":[[-72.23664,44.92906],[-72.23686,44.92865],[-72.23731,44.92803],[-72.23765,44.92749],[-72.23779,44.9266],[-72.23795,44.92575],[-72.23815,44.92482],[-72.2383,44.92386],[-72.23899,44.92293],[-72.23965,44.92205],[-72.24021,44.9213],[-72.24149,44.91963],[-72.24221,44.91867],[-72.24281,44.91786],[-72.24341,44.91704],[-72.24395,44.91625],[-72.24465,44.91534],[-72.24525,44.91452],[-72.24584,44.91359],[-72.24638,44.91284],[-72.24703,44.91196],[-72.24816,44.91044],[-72.24951,44.90863],[-72.25083,44.90688],[-72.25147,44.90597],[-72.2539,44.90276],[-72.25517,44.90104],[-72.25579,44.9002],[-72.25707,44.89853],[-72.25724,44.89741],[-72.25778,44.89405],[-72.26073,44.89136],[-72.26407,44.88808],[-72.26463,44.88739],[-72.2651,44.88661],[-72.2656,44.88568],[-72.26607,44.88491],[-72.26654,44.88423],[-72.26717,44.88323],[-72.26807,44.88229],[-72.269,44.88145],[-72.27052,44.87997],[-72.27111,44.87876],[-72.27154,44.87782],[-72.27195,44.87689],[-72.27303,44.87447],[-72.2747,44.87261],[-72.27628,44.87075],[-72.27701,44.86973],[-72.27731,44.86934],[-72.27795,44.86847],[-72.27894,44.86716],[-72.27981,44.86606],[-72.27965,44.86528],[-72.27923,44.86282],[-72.27905,44.86207],[-72.27844,44.85887],[-72.27823,44.85769],[-72.27785,44.85569],[-72.2776,44.85395],[-72.27795,44.85325],[-72.27837,44.85248],[-72.27893,44.85145],[-72.2796,44.85025],[-72.28023,44.84909],[-72.28068,44.84826],[-72.28128,44.84719],[-72.28187,44.84612],[-72.28242,44.84536],[-72.28363,44.84534],[-72.28422,44.84467]]}},{"type":"Feature","properties":{"id":"108463","type":"AC; OVERHEAD","status":"IN SERVICE","owner":"VERMONT ELECTRIC COOPERATIVE, INC.","voltage":115,"voltClass":"100-161"},"geometry":{"type":"LineString","coordinates":[[-72.48251,44.97836],[-72.48265,44.97896],[-72.48127,44.97844],[-72.48002,44.97799],[-72.47812,44.97742],[-72.47623,44.97695],[-72.47432,44.9765],[-72.47248,44.97605],[-72.4715,44.97581],[-72.47049,44.97557],[-72.4684,44.97504],[-72.4665,44.97456],[-72.46473,44.97413],[-72.46283,44.97362],[-72.46116,44.97324],[-72.45974,44.97286],[-72.45836,44.97254],[-72.45713,44.97225],[-72.45523,44.97176],[-72.45321,44.97127],[-72.45109,44.97074],[-72.44953,44.97036],[-72.44794,44.96992],[-72.44693,44.96967],[-72.44537,44.96933],[-72.44379,44.96894],[-72.44109,44.96826],[-72.43989,44.96797],[-72.43827,44.96756],[-72.43726,44.96731],[-72.43581,44.96696],[-72.43322,44.96632],[-72.43135,44.96586],[-72.42958,44.96542],[-72.42795,44.96504],[-72.42595,44.96451],[-72.42431,44.9641],[-72.4227,44.96371],[-72.42109,44.96331],[-72.41974,44.96325],[-72.4179,44.96318],[-72.41641,44.96312],[-72.41524,44.96306],[-72.41214,44.96295],[-72.41107,44.96279],[-72.40873,44.96245],[-72.40701,44.9622],[-72.40445,44.96188],[-72.40381,44.96185],[-72.4028,44.96163],[-72.40041,44.9613],[-72.39896,44.96109],[-72.39762,44.9609],[-72.39595,44.96067],[-72.39464,44.96049],[-72.39283,44.96023],[-72.39167,44.96009],[-72.39021,44.95987],[-72.3879,44.95955],[-72.386,44.95934],[-72.38478,44.95917],[-72.38362,44.959],[-72.38107,44.95863],[-72.37896,44.95833],[-72.37655,44.95798],[-72.3751,44.95777],[-72.37326,44.95753],[-72.37158,44.95729],[-72.37022,44.95711],[-72.36862,44.95688],[-72.36676,44.95663],[-72.36472,44.95635],[-72.36286,44.95609],[-72.36084,44.9558],[-72.35881,44.95551],[-72.35685,44.95524],[-72.35483,44.95497],[-72.35278,44.95468],[-72.35091,44.95446],[-72.34888,44.95399],[-72.34707,44.9536],[-72.34532,44.95323],[-72.34346,44.95282],[-72.34143,44.95239],[-72.3396,44.95199],[-72.33794,44.95164],[-72.3358,44.95118],[-72.33384,44.95076],[-72.33217,44.9504],[-72.33031,44.95001],[-72.32855,44.94962],[-72.32673,44.94923],[-72.32487,44.94883],[-72.32301,44.94845],[-72.32089,44.94799],[-72.31895,44.94758],[-72.31697,44.94714],[-72.31488,44.94669],[-72.31299,44.94629],[-72.3111,44.94587],[-72.30945,44.94572],[-72.30846,44.94564],[-72.3075,44.94553],[-72.30562,44.94536],[-72.30365,44.94516],[-72.30175,44.94498],[-72.29983,44.94485],[-72.29874,44.94474],[-72.29796,44.94464],[-72.29613,44.94447],[-72.29405,44.94426],[-72.29213,44.94407],[-72.29022,44.94388],[-72.2887,44.94374],[-72.28636,44.94351],[-72.28472,44.94336],[-72.28215,44.94313],[-72.28084,44.94301],[-72.27923,44.94243],[-72.27824,44.94207],[-72.2761,44.94129],[-72.27421,44.94095],[-72.27196,44.94052],[-72.2701,44.94019],[-72.26901,44.93997],[-72.26759,44.93969],[-72.26483,44.93916],[-72.26303,44.93882],[-72.26132,44.93849],[-72.25658,44.93761],[-72.25493,44.93672],[-72.25299,44.93572],[-72.25071,44.93451],[-72.24966,44.93396],[-72.24845,44.9333],[-72.2471,44.93256],[-72.24557,44.93199],[-72.24428,44.9315],[-72.24286,44.93097],[-72.24131,44.93038],[-72.24007,44.92991],[-72.23832,44.92925],[-72.23681,44.92908],[-72.23664,44.92906]]}},{"type":"Feature","properties":{"id":"142209","type":"AC; OVERHEAD","status":"IN SERVICE","owner":"VERMONT ELECTRIC COOPERATIVE, INC.","voltage":115,"voltClass":"100-161"},"geometry":{"type":"LineString","coordinates":[[-72.23664,44.92906],[-72.23478,44.92884],[-72.2328,44.92867],[-72.23222,44.92862],[-72.23051,44.92848],[-72.22899,44.92837],[-72.22652,44.92815],[-72.22485,44.92795],[-72.22323,44.92782],[-72.22162,44.92776],[-72.21996,44.9277],[-72.21846,44.92801],[-72.21439,44.92891],[-72.21317,44.92956],[-72.21298,44.92968],[-72.21102,44.93095],[-72.20691,44.93105],[-72.20404,44.93109],[-72.20304,44.93121],[-72.20001,44.93168],[-72.19811,44.93196],[-72.1963,44.93227],[-72.19516,44.93327],[-72.19394,44.93428],[-72.19279,44.93523],[-72.19212,44.93583],[-72.19092,44.93684],[-72.18974,44.93752],[-72.18852,44.93824],[-72.186,44.9397],[-72.18421,44.93963],[-72.18211,44.93949],[-72.18004,44.9394],[-72.17937,44.93911]]}},{"type":"Feature","properties":{"id":"123108","type":"AC; OVERHEAD","status":null,"owner":"CITIZENS UTILITIES CO","voltage":115,"voltClass":"100-161"},"geometry":{"type":"LineString","coordinates":[[-72.17937,44.93911],[-72.17878,44.93945],[-72.17836,44.93959],[-72.16875,44.94276],[-72.15643,44.9436],[-72.14338,44.93931],[-72.14237,44.93986],[-72.14149,44.94125],[-72.14003,44.94364],[-72.13919,44.94492],[-72.13849,44.94622],[-72.13754,44.94755],[-72.13684,44.94873],[-72.13612,44.94997],[-72.13381,44.95353],[-72.13303,44.95481],[-72.13325,44.95735],[-72.13286,44.95876],[-72.13238,44.96085],[-72.13181,44.96308],[-72.12727,44.96392],[-72.1248,44.9678],[-72.12064,44.97437],[-72.1195,44.97625],[-72.11757,44.97919],[-72.11323,44.98194],[-72.11432,44.98263],[-72.11509,44.98333],[-72.1137,44.98752],[-72.11166,44.99405],[-72.11,44.99913],[-72.10926,45.00143],[-72.10876,45.00297],[-72.1086,45.00413],[-72.10931,45.00561],[-72.10935,45.00572],[-72.1102,45.00629],[-72.11208,45.00645],[-72.11498,45.00772],[-72.11498,45.01141],[-72.11505,45.02059],[-72.11468,45.02061]]}},{"type":"Feature","properties":{"id":"121636","type":"AC; OVERHEAD","status":"IN SERVICE","owner":"GREEN MOUNTAIN POWER CORP","voltage":115,"voltClass":"100-161"},"geometry":{"type":"LineString","coordinates":[[-72.41913,43.40108],[-72.41933,43.40041],[-72.41949,43.39948],[-72.41959,43.39891],[-72.419,43.39852],[-72.41843,43.39815],[-72.41787,43.39779],[-72.4173,43.3974],[-72.41743,43.39677],[-72.41573,43.39561],[-72.41394,43.39531],[-72.4116,43.39493],[-72.40908,43.39452],[-72.40737,43.39438],[-72.4073,43.39459],[-72.40754,43.39522]]}},{"type":"Feature","properties":{"id":"167841","type":"AC; OVERHEAD","status":"IN SERVICE","owner":"PUBLIC SERVICE CO OF NH","voltage":115,"voltClass":"100-161"},"geometry":{"type":"LineString","coordinates":[[-71.64555,43.68839],[-71.64597,43.68986],[-71.64686,43.69316],[-71.6474,43.69512],[-71.64834,43.69607],[-71.65001,43.69786],[-71.65062,43.69906],[-71.65122,43.7003],[-71.6518,43.70149],[-71.65293,43.70391],[-71.65346,43.70491],[-71.65451,43.70585],[-71.65576,43.70704],[-71.65686,43.70804],[-71.6578,43.70894],[-71.65879,43.71002],[-71.65816,43.71081],[-71.65726,43.71188],[-71.65679,43.71241],[-71.65633,43.71295],[-71.65505,43.71446],[-71.65266,43.71724],[-71.65212,43.71793],[-71.65175,43.71836],[-71.6522,43.71949],[-71.6531,43.72181],[-71.65571,43.7284],[-71.65612,43.72981],[-71.65758,43.73541],[-71.65858,43.73921],[-71.65943,43.74223],[-71.65713,43.74672],[-71.65609,43.74889],[-71.6551,43.7509],[-71.65425,43.75251],[-71.6546,43.75535],[-71.65499,43.75929],[-71.6552,43.76112],[-71.65562,43.76479],[-71.656,43.76858],[-71.65635,43.77178],[-71.65661,43.77396],[-71.65691,43.77706],[-71.65731,43.78056],[-71.65744,43.78181],[-71.65887,43.78185]]}},{"type":"Feature","properties":{"id":"174758","type":"AC; OVERHEAD","status":"IN SERVICE","owner":"PUBLIC SERVICE CO OF NH","voltage":115,"voltClass":"100-161"},"geometry":{"type":"LineString","coordinates":[[-71.65887,43.78185],[-71.65747,43.78204],[-71.65785,43.78582],[-71.65829,43.78932],[-71.65851,43.79166],[-71.65256,43.80474],[-71.65206,43.80579],[-71.65017,43.80975],[-71.64971,43.8108],[-71.64869,43.81318],[-71.64812,43.8144],[-71.64669,43.81767],[-71.6466,43.81785],[-71.64586,43.81926],[-71.64498,43.82133],[-71.64095,43.82718],[-71.64041,43.82796],[-71.6403,43.82816]]}},{"type":"Feature","properties":{"id":"176980","type":"AC; OVERHEAD","status":"IN SERVICE","owner":"PUBLIC SERVICE CO OF NH","voltage":115,"voltClass":"100-161"},"geometry":{"type":"LineString","coordinates":[[-71.08758,44.00763],[-71.08814,44.00765],[-71.08841,44.0079],[-71.09188,44.00637],[-71.09534,44.00863],[-71.09979,44.01145],[-71.1043,44.01383],[-71.11002,44.01518],[-71.11034,44.01617],[-71.11042,44.01685],[-71.10891,44.01715],[-71.10752,44.01742],[-71.10622,44.01764],[-71.10407,44.01803],[-71.10211,44.01839],[-71.10387,44.02367],[-71.10599,44.03019],[-71.10634,44.03073],[-71.10863,44.03816],[-71.11089,44.04503],[-71.11113,44.04753],[-71.11336,44.04993],[-71.11183,44.05278],[-71.11222,44.05482],[-71.11237,44.05797],[-71.11254,44.06008],[-71.11673,44.05991],[-71.11837,44.06028],[-71.12049,44.0608],[-71.13146,44.06631],[-71.13183,44.06692],[-71.13252,44.06802],[-71.13305,44.06887],[-71.1338,44.07006],[-71.13458,44.07135],[-71.13534,44.07254],[-71.13562,44.07292],[-71.13624,44.07364],[-71.13686,44.07434],[-71.1377,44.07524],[-71.13828,44.07589],[-71.13975,44.07744],[-71.14044,44.0779],[-71.14052,44.07799],[-71.14166,44.0792],[-71.14243,44.08002],[-71.14313,44.08079],[-71.14517,44.08283],[-71.1471,44.08496],[-71.14988,44.08798],[-71.15071,44.08882],[-71.15173,44.08993],[-71.15341,44.09185],[-71.15402,44.09253]]}},{"type":"Feature","properties":{"id":"176981","type":"AC; OVERHEAD","status":"IN SERVICE","owner":"PUBLIC SERVICE CO OF NH","voltage":115,"voltClass":"100-161"},"geometry":{"type":"LineString","coordinates":[[-71.15402,44.09253],[-71.15309,44.09252],[-71.1525,44.09267]]}}]}