{"type":"FeatureCollection","features":[{"type":"Feature","properties":{"id":"141624","type":"AC; OVERHEAD","status":"IN SERVICE","owner":"PECO ENERGY CO","voltage":230,"voltClass":"220-287"},"geometry":{"type":"LineString","coordinates":[[-75.11773,40.15973],[-75.11725,40.16045],[-75.11647,40.16169],[-75.11324,40.16203],[-75.11041,40.16234],[-75.10689,40.16269],[-75.10566,40.1637],[-75.10485,40.16522],[-75.10445,40.16682],[-75.10385,40.16981],[-75.1037,40.17062],[-75.10284,40.17499],[-75.10266,40.17573],[-75.10253,40.17628],[-75.10199,40.17739],[-75.10103,40.17909],[-75.1003,40.18034],[-75.09844,40.18355],[-75.09648,40.18693],[-75.09567,40.18824],[-75.09519,40.18887],[-75.09465,40.18949],[-75.09405,40.19011],[-75.09348,40.19067],[-75.09229,40.1918],[-75.09174,40.19244],[-75.09135,40.19297],[-75.09173,40.19322],[-75.09217,40.19376]]}},{"type":"Feature","properties":{"id":"141815","type":"AC; OVERHEAD","status":"IN SERVICE","owner":"PUBLIC SERVICE ELEC & GAS CO","voltage":230,"voltClass":"220-287"},"geometry":{"type":"LineString","coordinates":[[-74.7018,40.20899],[-74.70162,40.20905],[-74.70063,40.21011],[-74.70235,40.2119],[-74.70402,40.21371],[-74.70216,40.21617],[-74.70027,40.21869],[-74.69843,40.22112],[-74.69994,40.22402],[-74.70069,40.22591]]}},{"type":"Feature","properties":{"id":"141844","type":"AC; OVERHEAD","status":"IN SERVICE","owner":"PPL ELECTRIC UTILITIES CORP","voltage":138,"voltClass":"100-161"},"geometry":{"type":"LineString","coordinates":[[-75.52303,40.62468],[-75.52293,40.62536],[-75.52291,40.62594],[-75.5228,40.62657],[-75.52262,40.62768],[-75.52246,40.62867],[-75.52136,40.62858],[-75.52129,40.62981],[-75.52111,40.63099],[-75.51961,40.63089],[-75.51771,40.63077],[-75.51661,40.63072],[-75.51483,40.6306],[-75.51352,40.63049]]}},{"type":"Feature","properties":{"id":"141876","type":"AC; OVERHEAD","status":"IN SERVICE","owner":"PECO ENERGY CO","voltage":230,"voltClass":"220-287"},"geometry":{"type":"LineString","coordinates":[[-75.39953,39.82205],[-75.39872,39.82216],[-75.39671,39.82412],[-75.39459,39.82601],[-75.39307,39.82819],[-75.39133,39.82913],[-75.38899,39.82979],[-75.38803,39.82935]]}},{"type":"Feature","properties":{"id":"141966","type":"AC; OVERHEAD","status":"IN SERVICE","owner":"JERSEY CENTRAL POWER & LT CO","voltage":230,"voltClass":"220-287"},"geometry":{"type":"LineString","coordinates":[[-74.22001,39.95248],[-74.22046,39.953],[-74.22133,39.95298],[-74.22305,39.9514],[-74.22365,39.94895],[-74.22527,39.94349],[-74.22794,39.93456],[-74.23369,39.93202],[-74.22895,39.92308],[-74.23594,39.90758],[-74.23804,39.89188],[-74.2328,39.88432],[-74.231,39.8817],[-74.22923,39.87911],[-74.22202,39.86481],[-74.22519,39.8588],[-74.22535,39.85281],[-74.22556,39.84219],[-74.22702,39.83337],[-74.22819,39.83011],[-74.22982,39.82467],[-74.2304,39.8192],[-74.22714,39.8177],[-74.2236,39.81673],[-74.2206,39.81591],[-74.21741,39.81503],[-74.21442,39.81422],[-74.21143,39.8134],[-74.20959,39.81338],[-74.20918,39.81372]]}},{"type":"Feature","properties":{"id":"141988","type":"AC; OVERHEAD","status":"IN SERVICE","owner":"PECO ENERGY CO","voltage":230,"voltClass":"220-287"},"geometry":{"type":"LineString","coordinates":[[-75.20373,40.13007],[-75.20424,40.12986],[-75.20784,40.12938],[-75.2087,40.12913],[-75.21013,40.12816]]}},{"type":"Feature","properties":{"id":"142059","type":"AC; OVERHEAD","status":"IN SERVICE","owner":"PUBLIC SERVICE ELEC & GAS CO","voltage":230,"voltClass":"220-287"},"geometry":{"type":"LineString","coordinates":[[-74.61638,40.51224],[-74.616,40.51217],[-74.6147,40.51205],[-74.6109,40.51229],[-74.60877,40.51022],[-74.60641,40.50798],[-74.59538,40.49752],[-74.59311,40.49774],[-74.59084,40.49795],[-74.58854,40.49817],[-74.58628,40.49816],[-74.56668,40.49403],[-74.56304,40.49365],[-74.55165,40.49118],[-74.54778,40.49034],[-74.54395,40.4895],[-74.54055,40.48876],[-74.53705,40.488],[-74.5336,40.48724],[-74.53164,40.48613],[-74.53063,40.48567],[-74.53022,40.48557]]}},{"type":"Feature","properties":{"id":"143312","type":"AC; OVERHEAD","status":"IN SERVICE","owner":"ATLANTIC CITY ELECTRIC CO","voltage":230,"voltClass":"220-287"},"geometry":{"type":"LineString","coordinates":[[-75.02478,39.67653],[-75.02527,39.67674],[-75.03146,39.67647],[-75.03193,39.67943],[-75.02896,39.68875],[-75.02521,39.6898],[-75.0243,39.69514],[-75.0257,39.70012],[-75.01573,39.70758],[-75.01517,39.70988],[-75.01272,39.71181],[-75.00974,39.7135],[-74.99816,39.7159],[-74.99271,39.72296],[-74.9763,39.72981],[-74.97562,39.73298],[-74.97358,39.73396],[-74.97302,39.73404]]}},{"type":"Feature","properties":{"id":"143317","type":"AC; OVERHEAD","status":"IN SERVICE","owner":"PECO ENERGY CO","voltage":230,"voltClass":"220-287"},"geometry":{"type":"LineString","coordinates":[[-75.43267,39.81584],[-75.42633,39.81866],[-75.42016,39.82146],[-75.41632,39.82321],[-75.41351,39.82444],[-75.40946,39.82632],[-75.40893,39.82684],[-75.40883,39.82885],[-75.40875,39.83029],[-75.41452,39.83233],[-75.41655,39.83104],[-75.41748,39.82928]]}},{"type":"Feature","properties":{"id":"143351","type":"AC; OVERHEAD","status":"IN SERVICE","owner":"PUBLIC SERVICE ELEC & GAS CO","voltage":230,"voltClass":"220-287"},"geometry":{"type":"LineString","coordinates":[[-74.16476,40.85577],[-74.16531,40.85522],[-74.16616,40.85531],[-74.16901,40.85632],[-74.17203,40.85738],[-74.17487,40.85839],[-74.17722,40.85921],[-74.17973,40.8601],[-74.18217,40.86093],[-74.18501,40.86194],[-74.19405,40.86515],[-74.19545,40.86472],[-74.19596,40.86454],[-74.19794,40.86387],[-74.19901,40.8635],[-74.20252,40.86452],[-74.20545,40.86541],[-74.20878,40.86642],[-74.21129,40.86717],[-74.21475,40.86824],[-74.21638,40.86682],[-74.21922,40.86841],[-74.22035,40.86855],[-74.22147,40.86837]]}},{"type":"Feature","properties":{"id":"143521","type":"AC; OVERHEAD","status":"IN SERVICE","owner":"PPL ELECTRIC UTILITIES CORP","voltage":138,"voltClass":"100-161"},"geometry":{"type":"LineString","coordinates":[[-75.45544,40.62127],[-75.45465,40.62042],[-75.45401,40.61967],[-75.45343,40.61905],[-75.45256,40.61811],[-75.45356,40.61645],[-75.45372,40.61453],[-75.45293,40.61306],[-75.45333,40.61231],[-75.45399,40.61124],[-75.45548,40.6101],[-75.45554,40.60942],[-75.45573,40.60939],[-75.456,40.60947]]}},{"type":"Feature","properties":{"id":"143599","type":"AC; OVERHEAD","status":"IN SERVICE","owner":"PUBLIC SERVICE ELEC & GAS CO","voltage":230,"voltClass":"220-287"},"geometry":{"type":"LineString","coordinates":[[-74.14209,40.80279],[-74.14218,40.80298],[-74.15226,40.80665],[-74.15617,40.80732],[-74.15692,40.80504],[-74.15891,40.80557],[-74.16169,40.80631],[-74.16496,40.80722],[-74.16744,40.80803],[-74.17731,40.81161],[-74.17903,40.81225],[-74.1772,40.81487],[-74.17,40.82519],[-74.1688,40.82734],[-74.16851,40.83826],[-74.16843,40.84407],[-74.16906,40.84949],[-74.16697,40.85183],[-74.16482,40.85433],[-74.16334,40.85606],[-74.16155,40.85814],[-74.15962,40.8603],[-74.15921,40.86059],[-74.15887,40.86066],[-74.15829,40.86129]]}},{"type":"Feature","properties":{"id":"143695","type":"AC; OVERHEAD","status":"IN SERVICE","owner":null,"voltage":500,"voltClass":"500"},"geometry":{"type":"LineString","coordinates":[[-74.48529,40.40553],[-74.48691,40.40485],[-74.48749,40.40398],[-74.48729,40.40313],[-74.48402,40.40288],[-74.4808,40.40329],[-74.47711,40.40375],[-74.47391,40.40161],[-74.47094,40.39956],[-74.46952,40.398],[-74.46803,40.39637],[-74.46587,40.39469],[-74.46356,40.3929],[-74.46084,40.39033],[-74.45891,40.38851],[-74.45658,40.38631],[-74.45738,40.38431],[-74.45816,40.38235],[-74.45593,40.38103],[-74.45355,40.37963],[-74.45218,40.37739],[-74.45086,40.37508],[-74.44739,40.37332],[-74.4448,40.372],[-74.44237,40.37068],[-74.44004,40.3694],[-74.4377,40.36711],[-74.43588,40.36524],[-74.43416,40.3634],[-74.43223,40.3614],[-74.43041,40.35953],[-74.42879,40.35782],[-74.4257,40.35706],[-74.4228,40.35638],[-74.41973,40.35566],[-74.41661,40.35494],[-74.41406,40.35438],[-74.41299,40.35173],[-74.41209,40.34951],[-74.41102,40.34686],[-74.41006,40.34453],[-74.40915,40.34221],[-74.40613,40.34069],[-74.40331,40.33926],[-74.40029,40.33773],[-74.39743,40.33628],[-74.39445,40.33477],[-74.39143,40.33325],[-74.38846,40.33174],[-74.38547,40.33023],[-74.38242,40.32869],[-74.37964,40.32728],[-74.37642,40.32573],[-74.37329,40.32413],[-74.37229,40.32361],[-74.37215,40.32354],[-74.3717,40.32331],[-74.37174,40.32151],[-74.37181,40.31907],[-74.37189,40.3164],[-74.37196,40.31406],[-74.37204,40.31133],[-74.37213,40.30863],[-74.37221,40.30647],[-74.37227,40.30388],[-74.37436,40.30192],[-74.37656,40.29966],[-74.37871,40.29749],[-74.38064,40.29548],[-74.38249,40.29356],[-74.38232,40.29099],[-74.38215,40.28832],[-74.38196,40.28555],[-74.38178,40.28278],[-74.38163,40.28043],[-74.38145,40.27775],[-74.3813,40.27546],[-74.38112,40.27271],[-74.38094,40.26998],[-74.38075,40.26719],[-74.38057,40.26449],[-74.38041,40.26206],[-74.38104,40.25997],[-74.38168,40.25783],[-74.38234,40.25565],[-74.38232,40.25507],[-74.38229,40.25364],[-74.38289,40.25139],[-74.38363,40.24866],[-74.38431,40.24614],[-74.38498,40.24367],[-74.3857,40.24099],[-74.38418,40.23847],[-74.38273,40.23606],[-74.38113,40.23341],[-74.37964,40.23094],[-74.37812,40.22843],[-74.37664,40.22597],[-74.37502,40.2233],[-74.37355,40.22085],[-74.37188,40.21809],[-74.37029,40.21546],[-74.36869,40.21281],[-74.36719,40.21032],[-74.36423,40.20536],[-74.36265,40.20284],[-74.36076,40.20179],[-74.36058,40.20136]]}},{"type":"Feature","properties":{"id":"143738","type":"AC; UNDERGROUND","status":"IN SERVICE","owner":"PECO ENERGY CO","voltage":138,"voltClass":"100-161"},"geometry":{"type":"LineString","coordinates":[[-75.15707,39.95942],[-75.12627,39.96863]]}},{"type":"Feature","properties":{"id":"140871","type":"AC; OVERHEAD","status":"IN SERVICE","owner":"JERSEY CENTRAL POWER & LT CO","voltage":230,"voltClass":"220-287"},"geometry":{"type":"LineString","coordinates":[[-74.11847,40.25416],[-74.11881,40.25419],[-74.12069,40.25511],[-74.11989,40.25626],[-74.11933,40.25696],[-74.11845,40.25816],[-74.11793,40.25884],[-74.11694,40.26022],[-74.11588,40.26158],[-74.11487,40.26294],[-74.11384,40.26428],[-74.10288,40.2789],[-74.10085,40.2815],[-74.10034,40.28203],[-74.09972,40.28265],[-74.09907,40.28313],[-74.09794,40.28381],[-74.09707,40.2843],[-74.09564,40.28509],[-74.09419,40.28589],[-74.09269,40.28675],[-74.09115,40.28764],[-74.09035,40.28807],[-74.08944,40.28863],[-74.08869,40.28904],[-74.08807,40.28937],[-74.08664,40.29004],[-74.08514,40.29071],[-74.08358,40.29147],[-74.08203,40.29222],[-74.0805,40.29295],[-74.07897,40.29368],[-74.07727,40.29447],[-74.07566,40.29522],[-74.07472,40.29566],[-74.07392,40.29606],[-74.0731,40.29652],[-74.07238,40.2971],[-74.07167,40.2977],[-74.0711,40.29825],[-74.07,40.29937],[-74.06929,40.30046],[-74.06872,40.30155],[-74.06834,40.30267],[-74.06815,40.30378],[-74.06818,40.30494],[-74.0697,40.32124],[-74.07025,40.32509],[-74.0707,40.32714],[-74.07122,40.33052],[-74.07127,40.33171],[-74.07113,40.33293],[-74.07108,40.33376],[-74.07161,40.33886],[-74.07099,40.33909]]}},{"type":"Feature","properties":{"id":"140957","type":"AC; OVERHEAD","status":"IN SERVICE","owner":null,"voltage":230,"voltClass":"220-287"},"geometry":{"type":"LineString","coordinates":[[-75.51812,40.71313],[-75.51753,40.71349],[-75.51662,40.71359],[-75.5156,40.71372],[-75.51411,40.71495],[-75.51173,40.71689],[-75.51005,40.7185],[-75.50795,40.71857],[-75.50247,40.71876],[-75.49963,40.72097],[-75.49658,40.72335],[-75.49238,40.72665],[-75.49015,40.72837],[-75.48745,40.73047],[-75.48445,40.73169],[-75.48052,40.73324],[-75.47571,40.73518],[-75.47391,40.73701],[-75.47094,40.74],[-75.46805,40.74296],[-75.46615,40.74493],[-75.46392,40.74669],[-75.46057,40.7493],[-75.4578,40.75045],[-75.45496,40.75162],[-75.44925,40.75397],[-75.4461,40.75527],[-75.44161,40.75711],[-75.43778,40.75868],[-75.43405,40.76033],[-75.43061,40.76183],[-75.42655,40.76362],[-75.42245,40.76541],[-75.41881,40.76702],[-75.41548,40.76848],[-75.41231,40.76988],[-75.40908,40.77129],[-75.40515,40.77302],[-75.40032,40.77423],[-75.39456,40.77568],[-75.38996,40.77685],[-75.38539,40.77799],[-75.382,40.77885],[-75.37756,40.77996],[-75.37263,40.78119],[-75.36863,40.78219],[-75.36609,40.78249],[-75.3618,40.78295],[-75.35631,40.78357],[-75.35299,40.785],[-75.35014,40.78624],[-75.34703,40.78763],[-75.34256,40.78804],[-75.3391,40.78836],[-75.33522,40.78873],[-75.32967,40.78925],[-75.32489,40.79029],[-75.32201,40.79091],[-75.31721,40.79194],[-75.31351,40.79364],[-75.30934,40.79554],[-75.30597,40.79619],[-75.30239,40.79689],[-75.29868,40.79759],[-75.2927,40.79873],[-75.2902,40.79923],[-75.28538,40.80001],[-75.2817,40.80113],[-75.27845,40.80212],[-75.2742,40.80343],[-75.26961,40.80483],[-75.26363,40.80667],[-75.26071,40.80658],[-75.25781,40.80651],[-75.25178,40.8063],[-75.24769,40.80617],[-75.24561,40.80655],[-75.24244,40.80714],[-75.23945,40.80655],[-75.23555,40.80578],[-75.23119,40.8064],[-75.22828,40.80682],[-75.2247,40.80731],[-75.21908,40.80809],[-75.21655,40.80843],[-75.21308,40.80869],[-75.20742,40.80911],[-75.20526,40.80928],[-75.20034,40.80964],[-75.19281,40.81021],[-75.18816,40.81057],[-75.185,40.8108],[-75.17868,40.81128],[-75.17516,40.81155],[-75.16978,40.81142],[-75.16572,40.81132],[-75.16165,40.81123],[-75.15587,40.8111],[-75.15165,40.811],[-75.14854,40.81033],[-75.14506,40.80963],[-75.13956,40.8085],[-75.13622,40.80781],[-75.12956,40.80644],[-75.12447,40.80539],[-75.12124,40.80474],[-75.12015,40.80391],[-75.11906,40.80305],[-75.11716,40.80259],[-75.11543,40.80217],[-75.1137,40.80174],[-75.11232,40.80141],[-75.1109,40.80106],[-75.10952,40.80073],[-75.10922,40.80058],[-75.10858,40.80038]]}},{"type":"Feature","properties":{"id":"140978","type":"AC; OVERHEAD","status":"IN SERVICE","owner":"PUBLIC SERVICE ELEC & GAS CO","voltage":138,"voltClass":"100-161"},"geometry":{"type":"LineString","coordinates":[[-74.39567,40.49145],[-74.39712,40.49173],[-74.40001,40.48926],[-74.40218,40.48737],[-74.41083,40.48527],[-74.41227,40.48489],[-74.41357,40.48422],[-74.41514,40.48329],[-74.4171,40.48218],[-74.41867,40.48124],[-74.42027,40.48033],[-74.42107,40.47977],[-74.42586,40.47588],[-74.43251,40.47047],[-74.43382,40.46934],[-74.43467,40.4685],[-74.43554,40.46741],[-74.43648,40.46619],[-74.43753,40.46487],[-74.43817,40.46423],[-74.43936,40.46316],[-74.44055,40.4621],[-74.44173,40.46103],[-74.4429,40.45995],[-74.44411,40.45888],[-74.44535,40.45782],[-74.4468,40.45655],[-74.44801,40.45593],[-74.4524,40.45384],[-74.45327,40.45333],[-74.45403,40.45274],[-74.45467,40.45206],[-74.45515,40.45132],[-74.45587,40.45006],[-74.45643,40.44919],[-74.45714,40.44833],[-74.45924,40.44642],[-74.45982,40.44601],[-74.46043,40.44584],[-74.46077,40.44608],[-74.46143,40.44615]]}},{"type":"Feature","properties":{"id":"140980","type":"AC; OVERHEAD","status":"IN SERVICE","owner":null,"voltage":138,"voltClass":"100-161"},"geometry":{"type":"LineString","coordinates":[[-74.25981,41.30924],[-74.26013,41.30943],[-74.26014,41.30965],[-74.26025,41.31027],[-74.26013,41.31069]]}},{"type":"Feature","properties":{"id":"141048","type":"AC; OVERHEAD","status":"IN SERVICE","owner":"PECO ENERGY CO","voltage":138,"voltClass":"100-161"},"geometry":{"type":"LineString","coordinates":[[-75.11497,40.00875],[-75.1142,40.00964],[-75.11768,40.00992],[-75.11876,40.01167],[-75.11778,40.01306],[-75.11547,40.01625],[-75.11389,40.01846],[-75.11286,40.01962],[-75.1123,40.02031],[-75.10909,40.02355],[-75.1044,40.02821],[-75.10315,40.02928],[-75.10332,40.03033],[-75.10259,40.0317],[-75.10155,40.03273],[-75.10048,40.0338],[-75.10187,40.0353],[-75.10365,40.03717],[-75.1044,40.03812],[-75.10622,40.03639],[-75.10627,40.03596],[-75.10582,40.03572],[-75.10623,40.03528]]}},{"type":"Feature","properties":{"id":"141189","type":"AC; OVERHEAD","status":"IN SERVICE","owner":null,"voltage":138,"voltClass":"100-161"},"geometry":{"type":"LineString","coordinates":[[-74.27607,41.34229],[-74.27653,41.34216]]}},{"type":"Feature","properties":{"id":"141221","type":"AC; OVERHEAD","status":"IN SERVICE","owner":"PUBLIC SERVICE ELEC & GAS CO","voltage":230,"voltClass":"220-287"},"geometry":{"type":"LineString","coordinates":[[-74.32361,40.54857],[-74.32368,40.54846],[-74.32496,40.54762],[-74.33312,40.54307],[-74.3409,40.53735],[-74.34291,40.53561],[-74.34444,40.53411],[-74.34527,40.53274],[-74.34615,40.53139]]}},{"type":"Feature","properties":{"id":"142119","type":"AC; OVERHEAD","status":"IN SERVICE","owner":"PECO ENERGY CO","voltage":230,"voltClass":"220-287"},"geometry":{"type":"LineString","coordinates":[[-75.18917,39.94139],[-75.18449,39.93968],[-75.1883,39.92114]]}},{"type":"Feature","properties":{"id":"142202","type":"AC; OVERHEAD","status":"IN SERVICE","owner":"PPL ELECTRIC UTILITIES CORP","voltage":138,"voltClass":"100-161"},"geometry":{"type":"LineString","coordinates":[[-75.53072,40.58177],[-75.53101,40.58181],[-75.5312,40.58196],[-75.53107,40.58222],[-75.53414,40.58297],[-75.53475,40.58342],[-75.53529,40.58299],[-75.5359,40.58255],[-75.5363,40.5828],[-75.53716,40.58241],[-75.53798,40.582],[-75.53892,40.58157],[-75.5386,40.58116],[-75.53823,40.58068],[-75.53907,40.58025],[-75.53972,40.57988],[-75.54045,40.57897],[-75.54091,40.57836],[-75.5425,40.57815],[-75.54348,40.57923],[-75.54509,40.57971],[-75.54664,40.58016],[-75.5483,40.58005],[-75.54998,40.57993],[-75.5514,40.57952],[-75.5527,40.57912],[-75.55366,40.57913],[-75.55455,40.57912],[-75.55551,40.57901],[-75.55654,40.57888],[-75.55821,40.57776],[-75.55861,40.57729],[-75.55904,40.5768],[-75.55948,40.5763],[-75.56044,40.57596],[-75.56089,40.5758],[-75.56189,40.57628]]}},{"type":"Feature","properties":{"id":"142216","type":"AC; OVERHEAD","status":"IN SERVICE","owner":"PUBLIC SERVICE ELEC & GAS CO","voltage":230,"voltClass":"220-287"},"geometry":{"type":"LineString","coordinates":[[-74.25828,40.79196],[-74.25823,40.79221],[-74.2587,40.79414],[-74.26502,40.79703],[-74.27042,40.79816],[-74.27329,40.79888],[-74.28039,40.80063],[-74.28305,40.8013],[-74.28589,40.802],[-74.29017,40.80311],[-74.29108,40.80325]]}},{"type":"Feature","properties":{"id":"142403","type":"AC; OVERHEAD","status":"IN SERVICE","owner":"PECO ENERGY CO","voltage":230,"voltClass":"220-287"},"geometry":{"type":"LineString","coordinates":[[-75.41748,39.82928],[-75.4166,39.83112],[-75.41454,39.83243],[-75.40864,39.83035],[-75.40881,39.8268],[-75.40852,39.82626],[-75.4094,39.82621],[-75.41345,39.82434],[-75.41851,39.82209],[-75.42559,39.81887],[-75.43229,39.81589],[-75.4328,39.81565]]}},{"type":"Feature","properties":{"id":"142517","type":"AC; OVERHEAD","status":"IN SERVICE","owner":"PECO ENERGY CO","voltage":230,"voltClass":"220-287"},"geometry":{"type":"LineString","coordinates":[[-75.24293,40.04066],[-75.24459,40.04122],[-75.24645,40.04265],[-75.24864,40.04439],[-75.25032,40.04608],[-75.25739,40.05091],[-75.26179,40.05399],[-75.26304,40.05567],[-75.26281,40.05791],[-75.26811,40.06295],[-75.27272,40.0673],[-75.27641,40.0707],[-75.27843,40.0727],[-75.28148,40.0747],[-75.28384,40.0766],[-75.28659,40.08229],[-75.29028,40.08989],[-75.29426,40.09217],[-75.2958,40.09964],[-75.29735,40.10139],[-75.29892,40.10336],[-75.29977,40.10435],[-75.30006,40.10475],[-75.29925,40.10527],[-75.29923,40.10763],[-75.29923,40.1109],[-75.29926,40.11364],[-75.29923,40.11707],[-75.29923,40.11954],[-75.2979,40.12243],[-75.29651,40.12528],[-75.29518,40.12809],[-75.29382,40.13097],[-75.29241,40.13389],[-75.29139,40.1371],[-75.29037,40.14033],[-75.28927,40.14378],[-75.28853,40.14619],[-75.28749,40.14948],[-75.28903,40.15251],[-75.29054,40.15542],[-75.29205,40.15846],[-75.29519,40.16024],[-75.29803,40.16191],[-75.30092,40.16354],[-75.30786,40.16755],[-75.30817,40.16945],[-75.30886,40.16984],[-75.31001,40.17154]]}},{"type":"Feature","properties":{"id":"142598","type":"AC; OVERHEAD","status":"IN SERVICE","owner":"JERSEY CENTRAL POWER & LT CO","voltage":230,"voltClass":"220-287"},"geometry":{"type":"LineString","coordinates":[[-74.59696,40.9068],[-74.59614,40.90658],[-74.59606,40.90642],[-74.59732,40.90613],[-74.59712,40.90464],[-74.59619,40.89715],[-74.59599,40.89571],[-74.60537,40.88415],[-74.60642,40.87941],[-74.60682,40.87725],[-74.60743,40.87441],[-74.60806,40.87127],[-74.60858,40.86872],[-74.60883,40.86575],[-74.60908,40.86283],[-74.60932,40.85987],[-74.60953,40.85711],[-74.60975,40.8544],[-74.60998,40.8515],[-74.61019,40.84884],[-74.61035,40.8468],[-74.61045,40.8456],[-74.61049,40.84501],[-74.61055,40.84432],[-74.61216,40.8425],[-74.61395,40.84048],[-74.61559,40.83861],[-74.6171,40.83691],[-74.61883,40.83494],[-74.62044,40.83312],[-74.62204,40.83131],[-74.62554,40.82992],[-74.62927,40.82843],[-74.63194,40.82738],[-74.6352,40.82608],[-74.64656,40.82152],[-74.65458,40.8172],[-74.65677,40.816],[-74.65939,40.81458],[-74.66222,40.81303],[-74.66471,40.81167],[-74.66772,40.81003],[-74.67098,40.80826],[-74.67339,40.80694],[-74.67591,40.80557],[-74.6794,40.80367],[-74.68298,40.80172],[-74.68573,40.80022],[-74.68868,40.79861],[-74.69103,40.79733],[-74.69333,40.79607],[-74.6963,40.79472],[-74.69822,40.79385],[-74.69874,40.79407],[-74.69925,40.7942]]}},{"type":"Feature","properties":{"id":"142762","type":"AC; OVERHEAD","status":"IN SERVICE","owner":"JERSEY CENTRAL POWER & LT CO","voltage":115,"voltClass":"100-161"},"geometry":{"type":"LineString","coordinates":[[-74.57843,41.09979],[-74.5779,41.1002],[-74.57702,41.10024]]}},{"type":"Feature","properties":{"id":"142907","type":"AC; OVERHEAD","status":"IN SERVICE","owner":"METROPOLITAN EDISON CO","voltage":230,"voltClass":"220-287"},"geometry":{"type":"LineString","coordinates":[[-75.17148,40.98032],[-75.17098,40.98038],[-75.17032,40.98069],[-75.16937,40.98054],[-75.1655,40.98288],[-75.16628,40.98161],[-75.16825,40.97841],[-75.16937,40.97659],[-75.17189,40.97247],[-75.1754,40.97029],[-75.17857,40.96829],[-75.18228,40.96595],[-75.1854,40.96398],[-75.1881,40.96225],[-75.19145,40.96016],[-75.19401,40.95855],[-75.19888,40.95547],[-75.20164,40.95372],[-75.20378,40.95234],[-75.20617,40.95092],[-75.20835,40.94952],[-75.21204,40.94719],[-75.21456,40.94548],[-75.21742,40.94355],[-75.22035,40.94158],[-75.22328,40.9396],[-75.22591,40.9378],[-75.22912,40.93565],[-75.23206,40.93365],[-75.23514,40.93158],[-75.23737,40.93007],[-75.24068,40.92782],[-75.24379,40.92572],[-75.24649,40.92386],[-75.24899,40.92215],[-75.25215,40.92003],[-75.25658,40.91704],[-75.25952,40.91506],[-75.26223,40.91319],[-75.26548,40.91101],[-75.26882,40.90874],[-75.27173,40.90677],[-75.27598,40.90388],[-75.27944,40.90154],[-75.28301,40.89914],[-75.28586,40.89719],[-75.28841,40.89547],[-75.29136,40.89346],[-75.29476,40.89117],[-75.29828,40.88878],[-75.30142,40.88664],[-75.30548,40.88388],[-75.30948,40.88114],[-75.31244,40.87913],[-75.31552,40.87704],[-75.31788,40.87543],[-75.32094,40.87336],[-75.32374,40.87145],[-75.32683,40.86935],[-75.32924,40.86773],[-75.33259,40.86544],[-75.33534,40.8636],[-75.33819,40.86163],[-75.34093,40.85976],[-75.34385,40.85779],[-75.34686,40.85563],[-75.35021,40.85315],[-75.3516,40.85134],[-75.35305,40.84943],[-75.35467,40.8473],[-75.3564,40.84503],[-75.35773,40.84326],[-75.35912,40.84143],[-75.36053,40.83958],[-75.36211,40.8375],[-75.36346,40.83573],[-75.36446,40.83438],[-75.36662,40.83156],[-75.36858,40.82896],[-75.37019,40.82685],[-75.37185,40.82468],[-75.37353,40.82246],[-75.37405,40.82181],[-75.37229,40.8219],[-75.36943,40.82209],[-75.36653,40.82228],[-75.36288,40.82252],[-75.35986,40.82273],[-75.35767,40.82251],[-75.3552,40.82226],[-75.35159,40.8229],[-75.34831,40.82347],[-75.34525,40.82403],[-75.33877,40.82519],[-75.33808,40.82364],[-75.33706,40.82146],[-75.33586,40.81875],[-75.33399,40.81709],[-75.33247,40.81575],[-75.3311,40.81454],[-75.32721,40.81444],[-75.32352,40.81437],[-75.32069,40.8143],[-75.31847,40.81426],[-75.31403,40.81417],[-75.30858,40.81405],[-75.30464,40.81395],[-75.30197,40.8139],[-75.29681,40.81358],[-75.29364,40.81339],[-75.29108,40.8157],[-75.28793,40.81707],[-75.2854,40.81819],[-75.283,40.81926],[-75.27988,40.82064],[-75.27757,40.82165],[-75.27468,40.82295],[-75.27233,40.82397],[-75.26862,40.82419],[-75.26486,40.82443],[-75.2611,40.82466],[-75.25777,40.82484],[-75.25506,40.82501],[-75.25142,40.82522],[-75.24649,40.82407],[-75.24376,40.82343],[-75.24085,40.82274],[-75.23741,40.82194],[-75.23553,40.82305],[-75.23311,40.82448],[-75.2295,40.82376],[-75.225,40.82283],[-75.21942,40.82169],[-75.21684,40.82117],[-75.21248,40.82164],[-75.21029,40.82187],[-75.20522,40.82239],[-75.20329,40.8226],[-75.19703,40.82325],[-75.19414,40.82356],[-75.19192,40.82379],[-75.18738,40.82427],[-75.18322,40.82471],[-75.17988,40.82412],[-75.17785,40.82375],[-75.17221,40.82278],[-75.16862,40.82215],[-75.16262,40.82109],[-75.16003,40.82063],[-75.15624,40.81997],[-75.15368,40.81952],[-75.14882,40.81867],[-75.14653,40.81825],[-75.14171,40.81741],[-75.13981,40.81706],[-75.13611,40.81586],[-75.1331,40.81488],[-75.13043,40.814],[-75.12576,40.81247],[-75.12307,40.8116],[-75.11969,40.81049],[-75.11925,40.80802],[-75.11886,40.80593],[-75.11857,40.80338],[-75.11685,40.80291],[-75.11509,40.80244],[-75.11341,40.80199],[-75.11136,40.80145],[-75.10929,40.80089],[-75.10858,40.80038]]}},{"type":"Feature","properties":{"id":"143088","type":"AC; OVERHEAD","status":"IN SERVICE","owner":"JERSEY CENTRAL POWER & LT CO","voltage":230,"voltClass":"220-287"},"geometry":{"type":"LineString","coordinates":[[-74.42583,40.83364],[-74.42564,40.83374],[-74.42393,40.8338],[-74.39153,40.83214],[-74.38236,40.82761],[-74.38272,40.82186],[-74.38206,40.82049],[-74.38133,40.81897],[-74.37796,40.81895],[-74.3779,40.81922],[-74.37826,40.81942]]}},{"type":"Feature","properties":{"id":"143222","type":"AC; OVERHEAD","status":"IN SERVICE","owner":"PUBLIC SERVICE ELEC & GAS CO","voltage":230,"voltClass":"220-287"},"geometry":{"type":"LineString","coordinates":[[-74.45228,40.55276],[-74.45282,40.55335],[-74.45352,40.554],[-74.46166,40.56034],[-74.46217,40.56081]]}},{"type":"Feature","properties":{"id":"145894","type":"AC; OVERHEAD","status":"IN SERVICE","owner":"ATLANTIC CITY ELECTRIC CO","voltage":230,"voltClass":"220-287"},"geometry":{"type":"LineString","coordinates":[[-75.02478,39.67653],[-75.02565,39.67656],[-75.03156,39.67641],[-75.03204,39.67944],[-75.02901,39.68879],[-75.02526,39.68985],[-75.02436,39.69514],[-75.02576,39.70014],[-75.01578,39.70762],[-75.01522,39.70991],[-75.01275,39.71186],[-75.00976,39.71356],[-74.99819,39.71596],[-74.99274,39.72301],[-74.97635,39.72985],[-74.97567,39.73302],[-74.97369,39.73413],[-74.97302,39.73404]]}},{"type":"Feature","properties":{"id":"145979","type":"AC; OVERHEAD","status":"IN SERVICE","owner":"PPL ELECTRIC UTILITIES CORP","voltage":138,"voltClass":"100-161"},"geometry":{"type":"LineString","coordinates":[[-75.51347,40.63058],[-75.51335,40.63126],[-75.51318,40.63262],[-75.51298,40.63397],[-75.51286,40.63502],[-75.51303,40.63699],[-75.51315,40.63829],[-75.51323,40.63893],[-75.51189,40.6394],[-75.51066,40.63984]]}},{"type":"Feature","properties":{"id":"143931","type":"AC; OVERHEAD","status":"IN SERVICE","owner":"JERSEY CENTRAL POWER & LT CO","voltage":230,"voltClass":"220-287"},"geometry":{"type":"LineString","coordinates":[[-74.37787,39.95213],[-74.37718,39.95201],[-74.37728,39.95159],[-74.27225,39.95281],[-74.27107,39.95308],[-74.27588,39.95954],[-74.27615,39.96549],[-74.27271,39.98802],[-74.28806,39.99514],[-74.27154,40.03101],[-74.27884,40.03742],[-74.27971,40.03654],[-74.27958,40.03632],[-74.27977,40.03611],[-74.27993,40.0361]]}},{"type":"Feature","properties":{"id":"143958","type":"AC; OVERHEAD","status":null,"owner":"CONSOLIDATED EDISON CO-NY INC","voltage":138,"voltClass":"100-161"},"geometry":{"type":"LineString","coordinates":[[-73.90642,40.78203],[-73.90577,40.78205],[-73.90567,40.7824],[-73.90702,40.78376],[-73.90887,40.78566],[-73.911,40.78714],[-73.91214,40.78779],[-73.91285,40.78751]]}},{"type":"Feature","properties":{"id":"144128","type":"AC; OVERHEAD","status":"IN SERVICE","owner":"PUBLIC SERVICE ELEC & GAS CO","voltage":230,"voltClass":"220-287"},"geometry":{"type":"LineString","coordinates":[[-74.07331,40.7493],[-74.0729,40.74938],[-74.07223,40.75062],[-74.07155,40.75373],[-74.07097,40.75765],[-74.06513,40.75765],[-74.06007,40.75807],[-74.05644,40.76249],[-74.05558,40.76326],[-74.05518,40.7634]]}},{"type":"Feature","properties":{"id":"144302","type":"AC; OVERHEAD","status":"IN SERVICE","owner":"PECO ENERGY CO","voltage":230,"voltClass":"220-287"},"geometry":{"type":"MultiLineString","coordinates":[[[-75.47084,39.86636],[-75.46973,39.86617],[-75.46621,39.86405],[-75.46344,39.86241],[-75.46077,39.86026],[-75.4587,39.85857],[-75.4555,39.85743],[-75.4476,39.85477],[-75.44579,39.85276],[-75.444,39.85069],[-75.44229,39.84873],[-75.44085,39.84719],[-75.43923,39.84542],[-75.43778,39.84385]],[[-75.43706,39.84308],[-75.43778,39.84385],[-75.4351,39.84096],[-75.4333,39.83893],[-75.43173,39.8386],[-75.43156,39.83856],[-75.43143,39.83853],[-75.43135,39.83852],[-75.43036,39.8383],[-75.42693,39.83749],[-75.42419,39.83687],[-75.42203,39.83578],[-75.42011,39.83478],[-75.41837,39.83326],[-75.41819,39.83126],[-75.41872,39.82999],[-75.41748,39.82928]]]}},{"type":"Feature","properties":{"id":"144327","type":"AC; OVERHEAD","status":"IN SERVICE","owner":null,"voltage":230,"voltClass":"220-287"},"geometry":{"type":"LineString","coordinates":[[-74.33077,40.82005],[-74.33199,40.82065],[-74.3339,40.82105],[-74.33682,40.82225],[-74.34321,40.82848],[-74.34569,40.8309],[-74.34789,40.83303],[-74.35034,40.83543],[-74.35937,40.84424],[-74.36913,40.85365],[-74.37556,40.85994],[-74.36671,40.90715],[-74.36601,40.91049],[-74.36551,40.91224],[-74.3652,40.913]]}},{"type":"Feature","properties":{"id":"146615","type":"AC; OVERHEAD","status":"IN SERVICE","owner":"PECO ENERGY CO","voltage":230,"voltClass":"220-287"},"geometry":{"type":"LineString","coordinates":[[-75.42017,40.1147],[-75.41972,40.11472],[-75.4194,40.1143],[-75.4181,40.11441],[-75.415,40.11527],[-75.41197,40.11615],[-75.40739,40.11608],[-75.40541,40.11673],[-75.39992,40.1185],[-75.39656,40.11942],[-75.39573,40.11896],[-75.39305,40.1195],[-75.3905,40.11955],[-75.38803,40.11954],[-75.38256,40.1195],[-75.38041,40.11945],[-75.3781,40.11901],[-75.37573,40.11844],[-75.37359,40.11793],[-75.37122,40.11756],[-75.36925,40.11741],[-75.36708,40.11738],[-75.36515,40.11722],[-75.36338,40.11717],[-75.36149,40.1171],[-75.35937,40.11685],[-75.35863,40.11479],[-75.35845,40.11441]]}},{"type":"Feature","properties":{"id":"146696","type":"AC; OVERHEAD","status":"IN SERVICE","owner":"PPL ELECTRIC UTILITIES CORP","voltage":230,"voltClass":"220-287"},"geometry":{"type":"LineString","coordinates":[[-75.34924,40.62264],[-75.34721,40.62252],[-75.34521,40.62253],[-75.34383,40.62261],[-75.34203,40.62272],[-75.34022,40.62284],[-75.33893,40.62219],[-75.33811,40.62156],[-75.33365,40.61997],[-75.33141,40.61994],[-75.32926,40.62074],[-75.32742,40.62143],[-75.32482,40.62207],[-75.323,40.62253],[-75.31927,40.62362],[-75.31659,40.62437],[-75.31634,40.62278],[-75.31395,40.6226],[-75.31197,40.62243],[-75.31086,40.62146],[-75.30989,40.62048],[-75.3094,40.62068],[-75.30873,40.61975]]}},{"type":"Feature","properties":{"id":"146714","type":"AC; OVERHEAD","status":"IN SERVICE","owner":"PUBLIC SERVICE ELEC & GAS CO","voltage":230,"voltClass":"220-287"},"geometry":{"type":"LineString","coordinates":[[-74.15829,40.86129],[-74.15945,40.86142],[-74.16023,40.86075],[-74.16225,40.85839],[-74.16403,40.85638],[-74.16617,40.85539],[-74.16899,40.85639],[-74.17201,40.85745],[-74.17485,40.85846],[-74.17719,40.85928],[-74.1797,40.86017],[-74.18214,40.861],[-74.18499,40.862],[-74.19404,40.86523],[-74.19547,40.86479],[-74.19598,40.86461],[-74.19797,40.86394],[-74.19901,40.86358],[-74.2025,40.86459],[-74.20542,40.86548],[-74.20876,40.86649],[-74.21126,40.86724],[-74.21477,40.86832],[-74.21639,40.86691],[-74.21919,40.86847],[-74.22037,40.8688],[-74.22147,40.86837]]}},{"type":"Feature","properties":{"id":"146721","type":"AC; OVERHEAD","status":"IN SERVICE","owner":"ATLANTIC CITY ELECTRIC CO","voltage":500,"voltClass":"500"},"geometry":{"type":"LineString","coordinates":[[-75.24728,39.58601],[-75.24832,39.5885],[-75.2456,39.5903],[-75.24243,39.59238],[-75.2384,39.59236],[-75.23378,39.59234],[-75.22899,39.59233],[-75.22439,39.59231],[-75.21978,39.59229],[-75.21548,39.59227],[-75.21119,39.59226],[-75.2066,39.59224],[-75.20325,39.59471],[-75.20017,39.59699],[-75.19662,39.59962],[-75.19329,39.60208],[-75.19012,39.60442],[-75.18672,39.60693],[-75.18411,39.60886],[-75.17887,39.60922],[-75.17497,39.60948],[-75.1705,39.60978],[-75.16612,39.61008],[-75.16219,39.61034],[-75.15768,39.61064],[-75.15281,39.61097],[-75.14831,39.61128],[-75.14389,39.61157],[-75.13949,39.61187],[-75.13534,39.61363],[-75.13217,39.61499],[-75.12792,39.61679],[-75.11986,39.62022],[-75.11543,39.6221],[-75.11252,39.62334],[-75.10834,39.62512],[-75.10472,39.62553],[-75.10092,39.62595],[-75.097,39.62644],[-75.09397,39.62686],[-75.09077,39.62722],[-75.08653,39.62744],[-75.08303,39.62796],[-75.07897,39.62907],[-75.07608,39.62986],[-75.07343,39.63059],[-75.06294,39.62697],[-75.06001,39.62953],[-75.05752,39.6317],[-75.05414,39.63092],[-75.05034,39.63004],[-75.04663,39.62919],[-75.04277,39.62829],[-75.03821,39.62841],[-75.03434,39.62852],[-75.0312,39.6286],[-75.0305,39.62862],[-75.02565,39.62875],[-75.02127,39.62887],[-75.01661,39.629],[-75.01247,39.62911],[-75.00795,39.62979],[-75.0041,39.63037],[-74.99991,39.631],[-74.99547,39.63167],[-74.99134,39.63229],[-74.9868,39.63297],[-74.98337,39.63573],[-74.9795,39.63885],[-74.97594,39.64171],[-74.97296,39.64411],[-74.97089,39.64578],[-74.96824,39.6476],[-74.96279,39.65167],[-74.95969,39.65398],[-74.95671,39.65622],[-74.954,39.65824],[-74.951,39.66048],[-74.948,39.66273],[-74.94501,39.66496],[-74.94164,39.66748],[-74.94005,39.67331],[-74.93923,39.67634],[-74.93882,39.67909],[-74.93836,39.68235],[-74.938,39.68481],[-74.93485,39.68661],[-74.93437,39.69823],[-74.93625,39.70105],[-74.93812,39.70387],[-74.93981,39.70642],[-74.94128,39.70862],[-74.9428,39.71091],[-74.94432,39.71327],[-74.9459,39.7157],[-74.94746,39.71809],[-74.94886,39.72025],[-74.95127,39.72395],[-74.9525,39.72585],[-74.95594,39.72857],[-74.95923,39.73119],[-74.95952,39.73375],[-74.95985,39.73628],[-74.96096,39.73897],[-74.96179,39.74022],[-74.96276,39.741]]}},{"type":"Feature","properties":{"id":"146877","type":"AC; OVERHEAD","status":"IN SERVICE","owner":"JERSEY CENTRAL POWER & LT CO","voltage":230,"voltClass":"220-287"},"geometry":{"type":"LineString","coordinates":[[-74.16741,40.06287],[-74.16705,40.06267],[-74.16714,40.06246],[-74.166,40.06215],[-74.16628,40.06153],[-74.16651,40.0616],[-74.16722,40.06101]]}},{"type":"Feature","properties":{"id":"146989","type":"AC; OVERHEAD","status":"IN SERVICE","owner":"JERSEY CENTRAL POWER & LT CO","voltage":230,"voltClass":"220-287"},"geometry":{"type":"LineString","coordinates":[[-74.11847,40.25416],[-74.11788,40.25387],[-74.1177,40.25295],[-74.11585,40.25192],[-74.114,40.2509],[-74.11233,40.24997],[-74.11059,40.24902],[-74.10886,40.24809],[-74.10725,40.24719],[-74.10556,40.24625],[-74.10387,40.24533],[-74.10246,40.24459],[-74.10086,40.24371],[-74.09954,40.24298],[-74.09773,40.24201],[-74.09586,40.24098],[-74.09403,40.23997],[-74.09253,40.23917],[-74.0905,40.23805],[-74.08851,40.23699],[-74.08731,40.2363],[-74.08546,40.23531],[-74.08373,40.23437],[-74.08185,40.23333],[-74.08028,40.23248],[-74.07904,40.23141],[-74.07761,40.23019],[-74.07627,40.22903],[-74.07469,40.22852],[-74.07295,40.22796],[-74.07156,40.22749],[-74.07055,40.22718],[-74.06909,40.22669],[-74.06765,40.22621],[-74.06587,40.22563],[-74.064,40.2253],[-74.0629,40.22511],[-74.06167,40.22489],[-74.06043,40.22468],[-74.05903,40.22443],[-74.05783,40.22347],[-74.05721,40.22294],[-74.05618,40.22233],[-74.05453,40.2214],[-74.05264,40.22162],[-74.05078,40.22185],[-74.04902,40.22205],[-74.04745,40.2213],[-74.04645,40.22071],[-74.04589,40.22099]]}},{"type":"Feature","properties":{"id":"147089","type":"AC; OVERHEAD","status":"IN SERVICE","owner":"PUBLIC SERVICE ELEC & GAS CO","voltage":230,"voltClass":"220-287"},"geometry":{"type":"LineString","coordinates":[[-74.25828,40.79196],[-74.25845,40.79223],[-74.25885,40.79403],[-74.26162,40.7953],[-74.26509,40.7969],[-74.27029,40.79797],[-74.27562,40.79926],[-74.27804,40.79987],[-74.28046,40.80048],[-74.2831,40.80115],[-74.28597,40.80186],[-74.28892,40.80262],[-74.29025,40.80297],[-74.29108,40.80325]]}},{"type":"Feature","properties":{"id":"144645","type":"AC; OVERHEAD","status":"IN SERVICE","owner":"JERSEY CENTRAL POWER & LT CO","voltage":230,"voltClass":"220-287"},"geometry":{"type":"LineString","coordinates":[[-74.26753,40.15485],[-74.2675,40.15462],[-74.26765,40.15409],[-74.2598,40.15211],[-74.25181,40.14482],[-74.24252,40.13599],[-74.24271,40.11964],[-74.2427,40.11788],[-74.23972,40.11357],[-74.23384,40.11176],[-74.23067,40.11086],[-74.2201,40.11008],[-74.21822,40.10995],[-74.20658,40.11296],[-74.19683,40.11285],[-74.19526,40.11327],[-74.19381,40.11385],[-74.1931,40.11447],[-74.19189,40.11464],[-74.19071,40.1154],[-74.19084,40.11901],[-74.18633,40.12569],[-74.17847,40.12567],[-74.16731,40.13185],[-74.15692,40.13751],[-74.15434,40.14099],[-74.1489,40.147],[-74.14716,40.14862],[-74.14849,40.15262],[-74.15031,40.16632],[-74.15302,40.17625],[-74.15756,40.1831],[-74.15909,40.18983],[-74.15166,40.20367],[-74.14685,40.21472],[-74.14604,40.21669],[-74.14455,40.21922],[-74.14222,40.22268],[-74.14012,40.22461],[-74.13892,40.22632],[-74.1352,40.23079],[-74.13405,40.23231],[-74.12736,40.24378],[-74.12008,40.2516],[-74.11838,40.2534],[-74.11885,40.25358],[-74.11847,40.25416]]}},{"type":"Feature","properties":{"id":"144731","type":"AC; OVERHEAD","status":"IN SERVICE","owner":"PECO ENERGY CO","voltage":230,"voltClass":"220-287"},"geometry":{"type":"LineString","coordinates":[[-75.53902,39.87229],[-75.53798,39.87291],[-75.53728,39.87299],[-75.53655,39.87286],[-75.53403,39.87264],[-75.53126,39.87241],[-75.52823,39.87128],[-75.52401,39.8697],[-75.52132,39.8687],[-75.51763,39.86729],[-75.51422,39.86567],[-75.51201,39.86456],[-75.50864,39.86289],[-75.50607,39.86223],[-75.50354,39.86159],[-75.50061,39.86079],[-75.49705,39.86083],[-75.49329,39.86093],[-75.48898,39.86097],[-75.48434,39.86101],[-75.48223,39.862],[-75.47917,39.86348],[-75.47641,39.86486],[-75.47371,39.86619],[-75.47129,39.86626],[-75.47084,39.86636]]}},{"type":"Feature","properties":{"id":"144791","type":"AC; OVERHEAD","status":"IN SERVICE","owner":"ATLANTIC CITY ELECTRIC CO","voltage":230,"voltClass":"220-287"},"geometry":{"type":"LineString","coordinates":[[-75.24921,39.81186],[-75.24923,39.81074],[-75.25021,39.80986],[-75.2551,39.80658],[-75.25493,39.80343],[-75.25689,39.80066],[-75.25887,39.79789],[-75.26085,39.79511],[-75.25871,39.7921],[-75.25668,39.78914],[-75.25483,39.78645],[-75.25276,39.78345],[-75.24989,39.78178],[-75.24684,39.78002],[-75.24366,39.77816],[-75.24082,39.77653],[-75.23769,39.77471],[-75.23441,39.77279],[-75.23113,39.77091],[-75.23139,39.76764],[-75.23159,39.76434],[-75.23182,39.76141],[-75.23207,39.75827],[-75.23232,39.75501],[-75.22941,39.7524],[-75.22682,39.75008],[-75.22393,39.7475],[-75.22121,39.74506],[-75.2189,39.74301],[-75.21659,39.74094],[-75.2138,39.73844],[-75.21025,39.73739],[-75.20673,39.73631],[-75.20326,39.73524],[-75.1997,39.73414],[-75.19785,39.73147],[-75.19601,39.72881],[-75.19407,39.726],[-75.19214,39.72322],[-75.18836,39.71776],[-75.18645,39.71499],[-75.18468,39.71245],[-75.18286,39.70982],[-75.18112,39.70731],[-75.17937,39.70478],[-75.17624,39.70321],[-75.17313,39.70164],[-75.16999,39.70007],[-75.1669,39.69852],[-75.16378,39.69695],[-75.16068,39.69539],[-75.15775,39.69392],[-75.15437,39.69222],[-75.15127,39.69066],[-75.1478,39.69187],[-75.14453,39.69301],[-75.14044,39.69213],[-75.13578,39.69114],[-75.13229,39.6904],[-75.12828,39.68954],[-75.1241,39.68865],[-75.11695,39.68718],[-75.10901,39.68675],[-75.10558,39.68779],[-75.1019,39.68891],[-75.09929,39.6897],[-75.09553,39.69064],[-75.09174,39.69159],[-75.088,39.69253],[-75.08447,39.69115],[-75.08095,39.68977],[-75.07709,39.68827],[-75.07332,39.6868],[-75.06951,39.68531],[-75.06568,39.68381],[-75.06186,39.68232],[-75.05747,39.6819],[-75.05358,39.68153],[-75.04934,39.68112],[-75.04519,39.68071],[-75.04116,39.68033],[-75.03675,39.6799],[-75.03238,39.67948],[-75.03183,39.67579],[-75.02723,39.67581],[-75.02561,39.67596],[-75.02478,39.67653]]}},{"type":"Feature","properties":{"id":"145007","type":"AC; OVERHEAD","status":"IN SERVICE","owner":"JERSEY CENTRAL POWER & LT CO","voltage":230,"voltClass":"220-287"},"geometry":{"type":"LineString","coordinates":[[-74.34371,40.43912],[-74.34352,40.43986],[-74.343,40.43976],[-74.33987,40.44255],[-74.33523,40.44518],[-74.33781,40.44612],[-74.34572,40.44855],[-74.34585,40.44878]]}},{"type":"Feature","properties":{"id":"145229","type":"AC; OVERHEAD","status":"IN SERVICE","owner":"PECO ENERGY CO","voltage":230,"voltClass":"220-287"},"geometry":{"type":"LineString","coordinates":[[-75.00281,40.11828],[-75.00219,40.11742],[-75.00118,40.11817],[-74.99827,40.12041],[-74.99542,40.12262],[-74.9925,40.12478],[-74.98741,40.12867],[-74.98541,40.1302],[-74.98249,40.13242],[-74.98105,40.1335],[-74.97914,40.13495],[-74.97772,40.13607],[-74.97481,40.13827],[-74.97054,40.14154],[-74.96617,40.14479],[-74.96456,40.14568],[-74.96197,40.14668],[-74.96101,40.14706],[-74.95942,40.14755],[-74.95508,40.14874],[-74.95017,40.15016],[-74.94627,40.15129],[-74.93822,40.15415],[-74.93647,40.15475],[-74.93463,40.1553],[-74.93296,40.15571],[-74.93008,40.15638],[-74.92814,40.15681],[-74.92419,40.1577],[-74.91978,40.15871],[-74.91704,40.15931],[-74.91558,40.15969],[-74.91453,40.16004],[-74.91358,40.16039],[-74.91199,40.16104],[-74.91075,40.16152],[-74.90819,40.16256],[-74.9068,40.16329],[-74.90567,40.16408],[-74.9048,40.16491],[-74.90377,40.16613],[-74.902,40.16821],[-74.89984,40.17082],[-74.89907,40.17187],[-74.89824,40.17387],[-74.89678,40.17784],[-74.8962,40.17938],[-74.89501,40.18259],[-74.89338,40.18691],[-74.89267,40.1883],[-74.89177,40.18969],[-74.89073,40.19101],[-74.88959,40.19218],[-74.88835,40.19324],[-74.88808,40.19408],[-74.88869,40.19446]]}},{"type":"Feature","properties":{"id":"145253","type":"AC; OVERHEAD","status":"IN SERVICE","owner":"PUBLIC SERVICE ELEC & GAS CO","voltage":230,"voltClass":"220-287"},"geometry":{"type":"LineString","coordinates":[[-74.8674,40.03701],[-74.86737,40.03713],[-74.86839,40.03954],[-74.86957,40.04225],[-74.87071,40.04488],[-74.87183,40.04749],[-74.87289,40.04995],[-74.87388,40.05231],[-74.87499,40.05488],[-74.87717,40.0598],[-74.87816,40.06216],[-74.87897,40.06398],[-74.87876,40.06651],[-74.8785,40.06931],[-74.87828,40.07212],[-74.87718,40.07376],[-74.87408,40.07523]]}},{"type":"Feature","properties":{"id":"145377","type":"AC; OVERHEAD","status":"IN SERVICE","owner":"PECO ENERGY CO","voltage":230,"voltClass":"220-287"},"geometry":{"type":"LineString","coordinates":[[-75.41748,39.82928],[-75.41835,39.83011],[-75.41773,39.8313],[-75.41809,39.8335],[-75.41987,39.83499],[-75.42416,39.83718],[-75.42834,39.83816],[-75.42906,39.83969],[-75.42621,39.84065],[-75.42118,39.8421],[-75.41457,39.84397],[-75.41025,39.84515],[-75.40858,39.8455],[-75.40684,39.84579],[-75.40507,39.84601],[-75.40329,39.84621],[-75.3928,39.84722],[-75.38941,39.84741],[-75.38767,39.84767],[-75.38593,39.84806],[-75.38427,39.84855],[-75.38258,39.8491],[-75.37941,39.85022],[-75.37437,39.85206],[-75.37273,39.85257],[-75.37122,39.8533],[-75.36803,39.8546],[-75.36165,39.8571],[-75.35719,39.85887],[-75.35586,39.8594],[-75.3545,39.86011],[-75.35313,39.86093],[-75.35165,39.86202],[-75.35042,39.86309],[-75.34936,39.86402],[-75.34819,39.86514],[-75.34694,39.86632],[-75.3457,39.86744],[-75.34366,39.8663],[-75.3351,39.86125],[-75.33359,39.86037],[-75.32968,39.85965],[-75.32883,39.85949],[-75.32805,39.85961],[-75.32603,39.86029]]}},{"type":"Feature","properties":{"id":"145544","type":"AC; OVERHEAD","status":"IN SERVICE","owner":"PUBLIC SERVICE ELEC & GAS CO","voltage":230,"voltClass":"220-287"},"geometry":{"type":"LineString","coordinates":[[-74.87408,40.07523],[-74.87457,40.07555],[-74.87548,40.07521],[-74.87765,40.07401],[-74.87878,40.07218],[-74.879,40.06951],[-74.87928,40.06668],[-74.87948,40.06395],[-74.87768,40.05985],[-74.87554,40.05493],[-74.87442,40.05232],[-74.87224,40.04725],[-74.87112,40.04463],[-74.86998,40.04201],[-74.86889,40.03944],[-74.86794,40.03719],[-74.86832,40.03472],[-74.87054,40.03347],[-74.87832,40.02917],[-74.87842,40.02919]]}},{"type":"Feature","properties":{"id":"145668","type":"AC; OVERHEAD","status":"IN SERVICE","owner":"PECO ENERGY CO","voltage":230,"voltClass":"220-287"},"geometry":{"type":"LineString","coordinates":[[-75.33682,39.90714],[-75.40356,39.91834]]}},{"type":"Feature","properties":{"id":"145710","type":"AC; OVERHEAD","status":null,"owner":"PECO ENERGY CO","voltage":230,"voltClass":"220-287"},"geometry":{"type":"LineString","coordinates":[[-74.89134,40.08071],[-74.89321,40.08005]]}},{"type":"Feature","properties":{"id":"145769","type":"AC; OVERHEAD","status":"IN SERVICE","owner":"PUBLIC SERVICE ELEC & GAS CO","voltage":138,"voltClass":"100-161"},"geometry":{"type":"LineString","coordinates":[[-74.70069,40.22591],[-74.70104,40.2257],[-74.70149,40.22618],[-74.70164,40.22702],[-74.70008,40.22744],[-74.6984,40.22794],[-74.69663,40.22847],[-74.69483,40.22902],[-74.69301,40.22955],[-74.69133,40.23005],[-74.68987,40.23054],[-74.68859,40.23106],[-74.68743,40.23162],[-74.68631,40.23222],[-74.6853,40.23287],[-74.68425,40.23365],[-74.6833,40.23446],[-74.68211,40.23548],[-74.68082,40.23663],[-74.67965,40.23766],[-74.67848,40.23869],[-74.6773,40.23974],[-74.67614,40.24077],[-74.67483,40.24193],[-74.67355,40.24306],[-74.67226,40.24422],[-74.67101,40.24533],[-74.66976,40.24643],[-74.66847,40.24757],[-74.66728,40.24862],[-74.66154,40.25378],[-74.65161,40.26261],[-74.64381,40.26935],[-74.63966,40.27283],[-74.6374,40.2748],[-74.63642,40.27578],[-74.6333,40.27882],[-74.62828,40.28332],[-74.62567,40.2855],[-74.62316,40.28782],[-74.61811,40.2923],[-74.61712,40.29331],[-74.61251,40.29798],[-74.61145,40.29894],[-74.61037,40.29982],[-74.60881,40.301],[-74.60744,40.30204],[-74.60595,40.30316],[-74.60483,40.30414],[-74.60108,40.30741],[-74.59711,40.31094],[-74.59573,40.31218],[-74.59463,40.31316],[-74.59204,40.31547],[-74.59087,40.31651],[-74.58966,40.31759],[-74.58845,40.31865],[-74.58722,40.31973],[-74.58607,40.32079],[-74.58489,40.32181],[-74.58369,40.32285],[-74.57827,40.32761],[-74.57196,40.33318],[-74.57069,40.33433],[-74.57022,40.33478]]}},{"type":"Feature","properties":{"id":"145830","type":"AC; OVERHEAD","status":"IN SERVICE","owner":"PECO ENERGY CO","voltage":138,"voltClass":"100-161"},"geometry":{"type":"LineString","coordinates":[[-75.32083,40.01427],[-75.32149,40.01495],[-75.32189,40.01582],[-75.32242,40.01696],[-75.32352,40.01791],[-75.32413,40.01857],[-75.32464,40.01894],[-75.32558,40.01928],[-75.3263,40.01942],[-75.32701,40.01949],[-75.32793,40.01968],[-75.3288,40.02005],[-75.32958,40.02061],[-75.33072,40.02173],[-75.33203,40.02288],[-75.33327,40.02414],[-75.33412,40.02534],[-75.33567,40.02707],[-75.33809,40.02967],[-75.34066,40.03243],[-75.34129,40.03304],[-75.34193,40.03347],[-75.34276,40.03376],[-75.34367,40.03394],[-75.34861,40.03454],[-75.34962,40.03448],[-75.35069,40.03471],[-75.3521,40.03629],[-75.35293,40.03983],[-75.3535,40.04226],[-75.35348,40.04289],[-75.35332,40.04356],[-75.35304,40.04411],[-75.35254,40.04467],[-75.35185,40.04516],[-75.35019,40.04585],[-75.3494,40.04641],[-75.34874,40.0472],[-75.34758,40.04945],[-75.34716,40.05013],[-75.3465,40.0509],[-75.34551,40.05156],[-75.34464,40.05203],[-75.3407,40.05394],[-75.34005,40.05461],[-75.33949,40.05556],[-75.33937,40.05632],[-75.33936,40.05704],[-75.33925,40.059],[-75.33927,40.06082],[-75.34036,40.06256],[-75.33824,40.06382],[-75.335,40.06564],[-75.33442,40.06623],[-75.33136,40.06977],[-75.33292,40.07095],[-75.33469,40.07338],[-75.33634,40.07571],[-75.33322,40.0773],[-75.33131,40.07947],[-75.33399,40.08291],[-75.33581,40.08514],[-75.3406,40.09173],[-75.34224,40.09411],[-75.3416,40.09481],[-75.34132,40.09511],[-75.33838,40.09679],[-75.33678,40.09777],[-75.33475,40.09851],[-75.33243,40.09936],[-75.32922,40.10053],[-75.32648,40.10155],[-75.3227,40.10296],[-75.31915,40.10402],[-75.31346,40.10448],[-75.31019,40.10468],[-75.30605,40.10487],[-75.30184,40.10508],[-75.30125,40.10471],[-75.30186,40.10404],[-75.30139,40.10323],[-75.30016,40.10223],[-75.29971,40.10216]]}},{"type":"Feature","properties":{"id":"148603","type":"AC; OVERHEAD","status":"IN SERVICE","owner":"PUBLIC SERVICE ELEC & GAS CO","voltage":138,"voltClass":"100-161"},"geometry":{"type":"LineString","coordinates":[[-74.65845,40.15305],[-74.65891,40.15226],[-74.66144,40.15164]]}},{"type":"Feature","properties":{"id":"148541","type":"AC; OVERHEAD","status":"IN SERVICE","owner":"PPL ELECTRIC UTILITIES CORP","voltage":230,"voltClass":"220-287"},"geometry":{"type":"LineString","coordinates":[[-75.34682,40.49187],[-75.3454,40.49184],[-75.34552,40.49279],[-75.3458,40.49397],[-75.34611,40.49511],[-75.34836,40.49433],[-75.35415,40.4923],[-75.35694,40.49132],[-75.3597,40.49036],[-75.36324,40.48912],[-75.36551,40.48832],[-75.36903,40.48747],[-75.37187,40.48605],[-75.37457,40.4847],[-75.37682,40.48358],[-75.37914,40.48242],[-75.38153,40.48123],[-75.3843,40.47986],[-75.38671,40.47865],[-75.38889,40.47653],[-75.39243,40.47625],[-75.39484,40.47663],[-75.39821,40.47717],[-75.40184,40.47774],[-75.40538,40.47829],[-75.40861,40.47878],[-75.41219,40.47933],[-75.4149,40.47975],[-75.41686,40.479],[-75.42148,40.47728],[-75.42795,40.47408],[-75.43271,40.47175],[-75.43513,40.47086],[-75.45359,40.46393],[-75.45703,40.46406],[-75.46448,40.46448],[-75.46743,40.46411],[-75.47205,40.46376],[-75.47697,40.46195],[-75.48116,40.45972],[-75.48529,40.45743],[-75.48738,40.45704],[-75.48899,40.45627],[-75.49076,40.45597],[-75.49357,40.45549],[-75.4953,40.45518],[-75.49818,40.45466],[-75.50017,40.45331],[-75.50159,40.45229],[-75.50557,40.45304],[-75.50672,40.45435],[-75.5059,40.45417],[-75.50393,40.45523]]}},{"type":"Feature","properties":{"id":"148610","type":"AC; OVERHEAD","status":"IN SERVICE","owner":null,"voltage":230,"voltClass":"220-287"},"geometry":{"type":"LineString","coordinates":[[-75.92789,40.41638],[-75.92702,40.41678],[-75.92611,40.41743],[-75.92304,40.41902],[-75.92001,40.42061],[-75.91695,40.4222],[-75.91463,40.4234],[-75.91141,40.42362],[-75.90735,40.42286],[-75.90576,40.42258],[-75.90386,40.42221],[-75.90046,40.42158],[-75.89778,40.42162],[-75.89388,40.42167],[-75.89109,40.42171],[-75.88846,40.42176],[-75.88454,40.4213],[-75.88227,40.42104],[-75.8795,40.42044],[-75.87622,40.41971],[-75.87284,40.42081],[-75.86991,40.42175],[-75.86497,40.42337],[-75.86204,40.42431],[-75.85913,40.42524],[-75.85629,40.42609],[-75.85244,40.42723],[-75.84816,40.42849],[-75.84508,40.42941],[-75.8425,40.43017],[-75.83808,40.43185],[-75.83535,40.43289],[-75.83262,40.43394],[-75.82993,40.43496],[-75.82726,40.43599],[-75.82251,40.43547],[-75.81903,40.43508],[-75.81599,40.43475],[-75.81408,40.43491],[-75.80932,40.43535],[-75.80578,40.43567],[-75.80225,40.43599],[-75.79867,40.4363],[-75.79562,40.43622],[-75.79257,40.43615],[-75.78889,40.43605],[-75.78638,40.436],[-75.78257,40.4359],[-75.77894,40.43582],[-75.77415,40.4357],[-75.77263,40.43566],[-75.77083,40.4356],[-75.76906,40.43556],[-75.76516,40.4359],[-75.75829,40.43676],[-75.75434,40.43726],[-75.74969,40.43784],[-75.7458,40.43833],[-75.74185,40.43884],[-75.7389,40.43927],[-75.73617,40.43967],[-75.73208,40.44027],[-75.72826,40.44084],[-75.72562,40.44123],[-75.72168,40.44136],[-75.71741,40.4415],[-75.71395,40.44162],[-75.71091,40.44172],[-75.70722,40.44257],[-75.7037,40.44208],[-75.70105,40.4417],[-75.69956,40.44149],[-75.69738,40.44118],[-75.69512,40.44086],[-75.69147,40.44033],[-75.68854,40.43991],[-75.68348,40.43928],[-75.68016,40.43959],[-75.6777,40.43982],[-75.67408,40.44015],[-75.67,40.44053],[-75.66689,40.4417],[-75.66441,40.44262],[-75.66112,40.44387],[-75.65826,40.44496],[-75.65542,40.44476],[-75.65381,40.44465],[-75.64756,40.44422],[-75.64588,40.44411],[-75.64019,40.44372],[-75.63772,40.44354],[-75.63552,40.44339],[-75.63224,40.44317],[-75.62913,40.44295],[-75.62396,40.44174],[-75.62038,40.4409],[-75.61697,40.44098],[-75.61329,40.44107],[-75.6092,40.44117],[-75.60471,40.44117],[-75.60111,40.44116],[-75.59608,40.44116],[-75.59274,40.44116],[-75.588,40.44117],[-75.58579,40.44118],[-75.58208,40.44118],[-75.57777,40.4412],[-75.57194,40.44124],[-75.56993,40.44126],[-75.5553,40.44131],[-75.55219,40.442],[-75.54903,40.44304],[-75.5419,40.44542],[-75.53851,40.44654],[-75.53421,40.4471],[-75.5308,40.44757],[-75.52679,40.44937],[-75.51864,40.45177],[-75.51161,40.45381],[-75.5092,40.45543],[-75.5067,40.45481],[-75.50561,40.45467],[-75.50393,40.45523]]}},{"type":"Feature","properties":{"id":"148932","type":"AC; OVERHEAD","status":"IN SERVICE","owner":null,"voltage":230,"voltClass":"220-287"},"geometry":{"type":"LineString","coordinates":[[-74.35358,40.47922],[-74.35392,40.48022],[-74.35273,40.48045],[-74.35867,40.4818],[-74.36253,40.48267],[-74.36633,40.48354],[-74.37012,40.4844],[-74.37449,40.48795],[-74.37638,40.4895],[-74.37689,40.49184],[-74.37749,40.49468],[-74.37792,40.49666],[-74.37831,40.4985],[-74.37884,40.50097],[-74.37918,40.50262],[-74.37977,40.50531],[-74.38074,40.50792],[-74.3808,40.5081],[-74.38087,40.50829],[-74.38109,40.50889],[-74.3816,40.51026],[-74.38238,40.51238],[-74.38305,40.5142],[-74.38574,40.51534],[-74.3892,40.51681],[-74.39192,40.51796],[-74.3941,40.51885],[-74.39606,40.51965],[-74.39802,40.52121],[-74.4,40.52278],[-74.40174,40.52417],[-74.4054,40.52715],[-74.40756,40.52891],[-74.40974,40.53069],[-74.41275,40.53124],[-74.41558,40.53175],[-74.42113,40.53276],[-74.42392,40.53325],[-74.42502,40.53343],[-74.42529,40.53356]]}},{"type":"Feature","properties":{"id":"148986","type":"AC; OVERHEAD","status":"IN SERVICE","owner":"ATLANTIC CITY ELECTRIC CO","voltage":138,"voltClass":"100-161"},"geometry":{"type":"LineString","coordinates":[[-74.63603,39.28993],[-74.63728,39.29021],[-74.63736,39.29239],[-74.63729,39.29268],[-74.63373,39.30852],[-74.6359,39.3107],[-74.63811,39.3129],[-74.64029,39.31506],[-74.64257,39.31723],[-74.64473,39.31941],[-74.64698,39.32158],[-74.64851,39.32309],[-74.64862,39.32325]]}},{"type":"Feature","properties":{"id":"148989","type":"AC; OVERHEAD","status":"IN SERVICE","owner":"PPL ELECTRIC UTILITIES CORP","voltage":138,"voltClass":"100-161"},"geometry":{"type":"LineString","coordinates":[[-75.49021,40.60942],[-75.48947,40.60964],[-75.48911,40.61026],[-75.48927,40.61059],[-75.48902,40.6112],[-75.48936,40.61181],[-75.48975,40.61261],[-75.48996,40.61308],[-75.49019,40.61356],[-75.49037,40.61393],[-75.49056,40.61434],[-75.49073,40.61467],[-75.49091,40.61516],[-75.49112,40.61553],[-75.49157,40.61659],[-75.49201,40.61754],[-75.49237,40.61822],[-75.49303,40.61804],[-75.49387,40.61781],[-75.4947,40.61758],[-75.49552,40.61733],[-75.49582,40.61792],[-75.496,40.61827],[-75.49636,40.61907],[-75.49669,40.61976],[-75.49682,40.62002],[-75.4971,40.62043],[-75.49758,40.62117],[-75.49847,40.62105],[-75.4993,40.62113],[-75.50009,40.62123],[-75.50082,40.62133],[-75.50109,40.62192],[-75.50139,40.62252],[-75.5017,40.62314],[-75.50197,40.62372],[-75.50215,40.62417],[-75.50239,40.62474],[-75.5026,40.6252],[-75.50516,40.62544],[-75.50647,40.62559],[-75.50746,40.62615],[-75.50843,40.62673],[-75.50899,40.62738],[-75.51053,40.62803],[-75.51194,40.62861],[-75.51278,40.62915],[-75.51348,40.62981],[-75.51347,40.63058]]}},{"type":"Feature","properties":{"id":"149359","type":"AC; OVERHEAD","status":"IN SERVICE","owner":"JERSEY CENTRAL POWER & LT CO","voltage":230,"voltClass":"220-287"},"geometry":{"type":"LineString","coordinates":[[-74.19187,40.11378],[-74.1918,40.11459],[-74.19063,40.11536],[-74.19076,40.11899],[-74.18629,40.12561],[-74.17845,40.1256],[-74.16728,40.13178],[-74.15687,40.13745],[-74.15428,40.14095],[-74.14885,40.14694],[-74.14707,40.1486],[-74.14841,40.15264],[-74.15024,40.16633],[-74.15295,40.17628],[-74.15749,40.18313],[-74.15901,40.18982],[-74.1516,40.20364],[-74.14678,40.21469],[-74.14598,40.21666],[-74.14449,40.21918],[-74.14216,40.22263],[-74.14006,40.22456],[-74.13886,40.22627],[-74.13514,40.23075],[-74.13398,40.23227],[-74.1273,40.24373],[-74.12002,40.25155],[-74.11824,40.25343],[-74.11861,40.25376],[-74.11847,40.25416]]}},{"type":"Feature","properties":{"id":"149374","type":"AC; OVERHEAD","status":"IN SERVICE","owner":"PECO ENERGY CO","voltage":138,"voltClass":"100-161"},"geometry":{"type":"LineString","coordinates":[[-75.45196,40.21479],[-75.45158,40.2151],[-75.45086,40.21506],[-75.44553,40.21463],[-75.4391,40.21411],[-75.42843,40.21143],[-75.4207,40.21159],[-75.41747,40.21083],[-75.41352,40.2099],[-75.40333,40.20753],[-75.39461,40.21164],[-75.38904,40.21062],[-75.38558,40.21124],[-75.37634,40.21295],[-75.37344,40.21349],[-75.37046,40.21619],[-75.3643,40.21479],[-75.35944,40.21517],[-75.35206,40.21388],[-75.3492,40.21335],[-75.34767,40.21312],[-75.34572,40.21278],[-75.33611,40.21098],[-75.326,40.20904],[-75.31563,40.2099],[-75.31003,40.20676],[-75.30068,40.20154],[-75.29855,40.20342],[-75.29668,40.20553],[-75.29453,40.20768],[-75.29256,40.20968],[-75.29186,40.21168],[-75.29176,40.21372],[-75.29108,40.21389],[-75.29115,40.21415],[-75.29108,40.21552],[-75.28703,40.21908],[-75.28509,40.22048],[-75.27992,40.22287],[-75.27794,40.22338],[-75.27616,40.22211],[-75.27202,40.21977],[-75.26897,40.21876],[-75.26605,40.21808],[-75.26163,40.21974],[-75.2571,40.21968],[-75.24607,40.222],[-75.23844,40.22356],[-75.23315,40.22461],[-75.23126,40.22486],[-75.22894,40.2239],[-75.22098,40.21901],[-75.21712,40.2167],[-75.21473,40.2169],[-75.21254,40.21707],[-75.20814,40.21459],[-75.19794,40.20867],[-75.19392,40.20794],[-75.19107,40.20749],[-75.18797,40.20689],[-75.18632,40.2056],[-75.18471,40.20344],[-75.18298,40.20113],[-75.18139,40.19904],[-75.1799,40.19709],[-75.17726,40.19602],[-75.17469,40.19493],[-75.17215,40.19363],[-75.16995,40.19223],[-75.16782,40.191],[-75.16532,40.1895],[-75.1644,40.18894],[-75.16431,40.18889],[-75.16298,40.18799],[-75.16102,40.186],[-75.15936,40.18415],[-75.15672,40.18305],[-75.15417,40.182],[-75.15176,40.18083],[-75.14926,40.17928],[-75.14749,40.17811],[-75.14571,40.17676],[-75.14443,40.17493],[-75.14327,40.17319],[-75.14096,40.1719],[-75.13807,40.17028],[-75.13779,40.16863],[-75.13756,40.16701],[-75.1365,40.16552],[-75.13545,40.164],[-75.13436,40.16249],[-75.13184,40.16097],[-75.12976,40.15973],[-75.12773,40.16053],[-75.12531,40.1613],[-75.12166,40.16092],[-75.11959,40.16013],[-75.11773,40.15973]]}},{"type":"Feature","properties":{"id":"149451","type":"AC; OVERHEAD","status":null,"owner":"PUBLIC SERVICE ELEC & GAS CO","voltage":138,"voltClass":"100-161"},"geometry":{"type":"LineString","coordinates":[[-74.02174,40.8384],[-74.02488,40.83988]]}},{"type":"Feature","properties":{"id":"149725","type":"AC; OVERHEAD","status":"IN SERVICE","owner":"PECO ENERGY CO","voltage":230,"voltClass":"220-287"},"geometry":{"type":"LineString","coordinates":[[-75.43315,39.81803],[-75.43354,39.81827],[-75.43396,39.81807],[-75.43432,39.81778],[-75.4328,39.81565]]}},{"type":"Feature","properties":{"id":"149737","type":"AC; OVERHEAD","status":"IN SERVICE","owner":"PUBLIC SERVICE ELEC & GAS CO","voltage":345,"voltClass":"345"},"geometry":{"type":"LineString","coordinates":[[-74.04219,40.77889],[-74.04223,40.77901],[-74.04144,40.77992],[-74.04038,40.78151],[-74.03884,40.78386],[-74.03758,40.7858],[-74.0363,40.78776],[-74.035,40.78975],[-74.02496,40.80525],[-74.02806,40.81114],[-74.02131,40.82302],[-74.01794,40.83069],[-74.01484,40.83282],[-74.01649,40.83407]]}},{"type":"Feature","properties":{"id":"149781","type":"AC; OVERHEAD","status":"IN SERVICE","owner":"PUBLIC SERVICE ELEC & GAS CO","voltage":230,"voltClass":"220-287"},"geometry":{"type":"LineString","coordinates":[[-74.39008,40.63602],[-74.39133,40.63659],[-74.39393,40.63786],[-74.39685,40.63928],[-74.39999,40.6408],[-74.40287,40.6422],[-74.40579,40.64362],[-74.40776,40.64536],[-74.40872,40.64726],[-74.41429,40.65108],[-74.41791,40.65423],[-74.41939,40.65552],[-74.42107,40.65698],[-74.42297,40.65863],[-74.42503,40.66043],[-74.425,40.6631],[-74.42495,40.66503],[-74.42481,40.67017],[-74.4247,40.67535],[-74.42457,40.68059],[-74.4245,40.68319],[-74.42444,40.6858],[-74.42437,40.68851],[-74.42431,40.69119],[-74.42419,40.6958],[-74.42412,40.69853],[-74.42408,40.70042],[-74.42401,40.70321],[-74.4239,40.70741],[-74.42384,40.70973],[-74.42378,40.71218],[-74.42371,40.71465],[-74.42367,40.7162],[-74.42363,40.71774],[-74.42158,40.71962],[-74.41984,40.7212],[-74.41764,40.72319],[-74.41608,40.72461],[-74.41406,40.72644],[-74.41052,40.72964],[-74.40889,40.7312],[-74.40722,40.73285],[-74.4054,40.73448],[-74.40358,40.73611],[-74.40036,40.73899],[-74.39869,40.74049],[-74.3968,40.74217],[-74.39648,40.7445],[-74.39624,40.74627],[-74.39478,40.74767],[-74.39317,40.74922],[-74.39166,40.75067],[-74.38912,40.75215],[-74.38677,40.75352],[-74.38475,40.75469],[-74.38274,40.75587],[-74.37991,40.75752],[-74.37581,40.75991],[-74.37289,40.76161],[-74.37082,40.76282],[-74.369,40.76388],[-74.36687,40.76512],[-74.36429,40.76663],[-74.36171,40.76813],[-74.35917,40.76961],[-74.35829,40.77144],[-74.35737,40.77331],[-74.35653,40.77503],[-74.3554,40.77736],[-74.35427,40.77968],[-74.35332,40.78164],[-74.35229,40.78374],[-74.35127,40.78584],[-74.35023,40.78797],[-74.34938,40.78972],[-74.34861,40.7913],[-74.34757,40.79344],[-74.34658,40.79548],[-74.34564,40.79736],[-74.34544,40.79776],[-74.34442,40.79942],[-74.34329,40.80125],[-74.34216,40.80308],[-74.34102,40.80494],[-74.33993,40.8067],[-74.33866,40.80877],[-74.33733,40.81093],[-74.33598,40.81311],[-74.33488,40.81491],[-74.33354,40.81708],[-74.33156,40.818],[-74.33035,40.81944],[-74.33077,40.82005]]}},{"type":"Feature","properties":{"id":"147926","type":"AC; OVERHEAD","status":"IN SERVICE","owner":"PPL ELECTRIC UTILITIES CORP","voltage":230,"voltClass":"220-287"},"geometry":{"type":"LineString","coordinates":[[-75.56897,40.81297],[-75.5687,40.81323],[-75.56784,40.81306],[-75.56575,40.81327],[-75.56304,40.81356],[-75.56032,40.81387],[-75.55715,40.81419],[-75.55575,40.81443],[-75.55571,40.81625],[-75.55589,40.82103],[-75.55597,40.82291],[-75.55766,40.82519],[-75.55927,40.82732],[-75.56191,40.83085],[-75.56402,40.83061],[-75.56619,40.83037],[-75.56965,40.82997],[-75.57306,40.82956],[-75.57581,40.82925],[-75.57791,40.82899],[-75.58005,40.82876],[-75.5856,40.82811],[-75.58825,40.82779],[-75.59091,40.82748],[-75.59419,40.82711],[-75.59736,40.82722],[-75.60168,40.82736],[-75.60708,40.82754],[-75.60975,40.82763],[-75.61255,40.82772],[-75.61579,40.82784],[-75.61862,40.82793],[-75.622,40.82804],[-75.62596,40.82818],[-75.62929,40.82829],[-75.63179,40.82957],[-75.63485,40.83116],[-75.63723,40.83237],[-75.64013,40.83387],[-75.64235,40.835],[-75.64592,40.83685],[-75.6487,40.84006],[-75.6501,40.84168],[-75.65145,40.84324],[-75.651,40.84523],[-75.65063,40.84691],[-75.65029,40.84855],[-75.65225,40.85075],[-75.65363,40.85228],[-75.65543,40.85426],[-75.65739,40.85643],[-75.65938,40.85886],[-75.66089,40.86072],[-75.66189,40.862],[-75.66394,40.86442],[-75.66543,40.86526],[-75.66831,40.8669],[-75.67145,40.86865],[-75.67301,40.87089],[-75.67443,40.87282],[-75.67572,40.87474],[-75.67846,40.87581],[-75.68159,40.87707],[-75.68482,40.87834],[-75.6873,40.87933],[-75.69054,40.88062],[-75.69403,40.88199],[-75.69572,40.88257],[-75.69814,40.88342],[-75.70054,40.88425],[-75.70512,40.88583],[-75.70917,40.88724],[-75.71159,40.88808],[-75.71418,40.88895],[-75.71606,40.88961],[-75.71965,40.89087],[-75.72128,40.89146],[-75.72161,40.89158],[-75.72273,40.89196],[-75.72342,40.89219],[-75.72389,40.89235],[-75.72424,40.89247],[-75.72446,40.89255],[-75.72653,40.89325],[-75.73005,40.8945],[-75.73048,40.89465],[-75.73352,40.8957],[-75.73641,40.89644],[-75.74745,40.90023],[-75.7502,40.90146],[-75.75359,40.90265],[-75.75674,40.90373],[-75.75969,40.90476],[-75.76309,40.90592],[-75.76594,40.90691],[-75.76916,40.90801],[-75.77217,40.90905],[-75.77505,40.91004],[-75.77785,40.911],[-75.78084,40.91207],[-75.78396,40.91315],[-75.78702,40.91421],[-75.79004,40.91527],[-75.79297,40.91627],[-75.79591,40.91727],[-75.79881,40.91829],[-75.80097,40.91904],[-75.80426,40.92018],[-75.8072,40.9212],[-75.80968,40.92206],[-75.81312,40.92325],[-75.81666,40.92449],[-75.82045,40.92578],[-75.82336,40.92677],[-75.82548,40.92722],[-75.82764,40.92766],[-75.82964,40.92807],[-75.83493,40.92916],[-75.83746,40.92969],[-75.84126,40.93047],[-75.84335,40.93089],[-75.84621,40.93149],[-75.84973,40.93221],[-75.85205,40.93269],[-75.85565,40.93343],[-75.85885,40.93408],[-75.86117,40.93456],[-75.86475,40.93529],[-75.86752,40.93588],[-75.87057,40.93502],[-75.8738,40.93406],[-75.87708,40.9331],[-75.87952,40.93239],[-75.88248,40.93152],[-75.88521,40.93072],[-75.8876,40.93002],[-75.89064,40.92914],[-75.89468,40.92797],[-75.89795,40.92701],[-75.9015,40.92599],[-75.90454,40.9251],[-75.90814,40.92406],[-75.91048,40.92336],[-75.91363,40.92245],[-75.91705,40.92145],[-75.91978,40.92063],[-75.92335,40.91961],[-75.92614,40.91879],[-75.92857,40.9181],[-75.93248,40.91695],[-75.93597,40.91595],[-75.93919,40.915],[-75.94206,40.91415],[-75.94534,40.91317],[-75.94835,40.91231],[-75.9514,40.9117],[-75.95528,40.91093],[-75.95834,40.91036],[-75.96193,40.90967],[-75.9652,40.90904],[-75.96829,40.90844],[-75.97085,40.91067],[-75.97316,40.91262],[-75.97521,40.91434],[-75.97765,40.91641],[-75.97967,40.91813],[-75.98167,40.91984],[-75.98271,40.92074],[-75.98351,40.92142],[-75.98475,40.92247],[-75.98721,40.92221],[-75.98931,40.92199],[-75.99286,40.9216],[-75.99446,40.92143],[-75.99648,40.92128],[-76.0004,40.92097],[-76.00276,40.92077],[-76.0047,40.92061],[-76.00802,40.92211],[-76.01003,40.92303],[-76.01312,40.92444],[-76.01577,40.92564],[-76.01949,40.9273],[-76.02276,40.92878],[-76.02504,40.92982],[-76.02697,40.93071],[-76.02968,40.93192],[-76.03056,40.9344],[-76.03095,40.93475],[-76.03019,40.93543]]}},{"type":"Feature","properties":{"id":"147932","type":"AC; OVERHEAD","status":"IN SERVICE","owner":"ORANGE & ROCKLAND UTILS INC","voltage":345,"voltClass":"345"},"geometry":{"type":"LineString","coordinates":[[-74.15554,41.15004],[-74.15531,41.15078],[-74.15481,41.15123],[-74.15319,41.1526],[-74.15148,41.15187],[-74.14741,41.15007],[-74.14539,41.14919],[-74.14351,41.14834],[-74.14097,41.14727],[-74.13812,41.14595],[-74.13476,41.14632],[-74.13314,41.14648],[-74.13057,41.14801],[-74.12867,41.14914],[-74.1267,41.15029],[-74.12409,41.15184],[-74.12134,41.15347],[-74.11886,41.15496],[-74.11717,41.15595],[-74.11479,41.15735],[-74.11301,41.15841],[-74.11167,41.1592],[-74.1109,41.1596],[-74.10833,41.16097],[-74.10334,41.16364],[-74.1019,41.16455],[-74.10049,41.1657],[-74.09638,41.16907],[-74.09518,41.17001],[-74.09341,41.17142],[-74.09193,41.17265],[-74.0896,41.17451],[-74.08828,41.17558],[-74.08593,41.17748],[-74.08383,41.17946],[-74.0817,41.18116],[-74.07994,41.18252],[-74.07811,41.18325],[-74.07703,41.18361],[-74.07657,41.18355],[-74.07595,41.18383]]}},{"type":"Feature","properties":{"id":"148036","type":"AC; OVERHEAD","status":"IN SERVICE","owner":null,"voltage":230,"voltClass":"220-287"},"geometry":{"type":"LineString","coordinates":[[-74.51851,40.24045],[-74.51947,40.24051],[-74.52034,40.24046],[-74.52353,40.24018],[-74.52702,40.23993],[-74.52951,40.23975],[-74.53252,40.23953],[-74.536,40.2404],[-74.53961,40.2413],[-74.54285,40.24211],[-74.54667,40.24306],[-74.55022,40.24395],[-74.55363,40.2448],[-74.5572,40.24569],[-74.56081,40.24659],[-74.56431,40.24746],[-74.56644,40.24977],[-74.56874,40.25225],[-74.57204,40.25362],[-74.57536,40.255],[-74.57836,40.25625],[-74.58157,40.25757],[-74.58483,40.25893],[-74.5879,40.2602],[-74.59114,40.26104],[-74.59438,40.26187],[-74.59735,40.26264],[-74.60049,40.26345],[-74.60361,40.26426],[-74.60594,40.26486],[-74.60915,40.26532],[-74.61264,40.26582],[-74.61516,40.26617],[-74.61833,40.26662],[-74.6215,40.26706],[-74.62469,40.2675],[-74.62768,40.26792],[-74.63121,40.26841],[-74.63473,40.2689],[-74.63846,40.26942],[-74.64133,40.26982],[-74.64244,40.26998],[-74.64283,40.27003],[-74.64485,40.2703],[-74.6489,40.27032],[-74.65215,40.27033],[-74.65649,40.27035],[-74.65999,40.27036],[-74.66287,40.27038],[-74.66627,40.27039],[-74.67001,40.2704],[-74.6727,40.27042],[-74.67647,40.27043],[-74.68032,40.27045],[-74.68185,40.27182],[-74.68327,40.27302],[-74.6863,40.27426],[-74.68773,40.27666],[-74.68914,40.27901],[-74.69209,40.2817],[-74.69228,40.28202]]}},{"type":"Feature","properties":{"id":"148305","type":"AC; OVERHEAD","status":"IN SERVICE","owner":"METROPOLITAN EDISON CO","voltage":230,"voltClass":"220-287"},"geometry":{"type":"LineString","coordinates":[[-75.17021,40.98193],[-75.17015,40.98148],[-75.16995,40.98109],[-75.17073,40.98077],[-75.17108,40.98063],[-75.17148,40.98032]]}},{"type":"Feature","properties":{"id":"148367","type":"AC; OVERHEAD","status":"IN SERVICE","owner":"JERSEY CENTRAL POWER & LT CO","voltage":230,"voltClass":"220-287"},"geometry":{"type":"LineString","coordinates":[[-74.37826,40.81942],[-74.38008,40.8195]]}},{"type":"Feature","properties":{"id":"148336","type":"OVERHEAD","status":null,"owner":"JERSEY CENTRAL POWER & LT CO","voltage":230,"voltClass":"220-287"},"geometry":{"type":"LineString","coordinates":[[-74.3544,40.47836],[-74.35358,40.47922]]}},{"type":"Feature","properties":{"id":"148345","type":"AC; OVERHEAD","status":"IN SERVICE","owner":"DELMARVA POWER","voltage":138,"voltClass":"100-161"},"geometry":{"type":"LineString","coordinates":[[-75.50974,39.74081],[-75.51046,39.74139],[-75.51153,39.74121],[-75.51344,39.74024],[-75.51523,39.73919],[-75.5169,39.73804],[-75.51839,39.73689],[-75.51886,39.73513],[-75.52025,39.73376],[-75.52241,39.73304],[-75.52673,39.73005],[-75.53134,39.72647],[-75.53362,39.72472],[-75.53525,39.72356],[-75.53677,39.72237],[-75.53721,39.72289],[-75.53745,39.72405],[-75.53769,39.72529],[-75.5383,39.72802],[-75.53819,39.72898],[-75.53813,39.72948],[-75.538,39.7301],[-75.53786,39.73079],[-75.53769,39.7315],[-75.53787,39.73187],[-75.53813,39.7318],[-75.53829,39.73163]]}},{"type":"Feature","properties":{"id":"147343","type":"AC; OVERHEAD","status":"IN SERVICE","owner":"JERSEY CENTRAL POWER & LT CO","voltage":230,"voltClass":"220-287"},"geometry":{"type":"LineString","coordinates":[[-74.18583,40.03],[-74.18566,40.02973],[-74.18546,40.02832],[-74.18517,40.0267],[-74.18555,40.02276],[-74.18597,40.02036],[-74.1863,40.01855],[-74.18727,40.01572],[-74.18329,39.99856],[-74.18889,39.99729],[-74.20488,39.98699],[-74.21396,39.98735],[-74.21695,39.98249],[-74.21081,39.97118],[-74.20952,39.9675],[-74.21036,39.96405],[-74.20923,39.95713],[-74.2097,39.95476],[-74.21018,39.95244],[-74.21728,39.95347],[-74.21904,39.95301],[-74.22005,39.95306],[-74.22001,39.95248]]}},{"type":"Feature","properties":{"id":"147329","type":"AC; OVERHEAD","status":"IN SERVICE","owner":null,"voltage":230,"voltClass":"220-287"},"geometry":{"type":"LineString","coordinates":[[-74.48618,40.59716],[-74.48651,40.59737],[-74.48738,40.59818],[-74.48618,40.59967],[-74.48525,40.60134],[-74.48405,40.60349],[-74.48273,40.60586],[-74.48203,40.60713],[-74.48082,40.6093],[-74.47984,40.61105],[-74.47872,40.61306],[-74.47758,40.61523],[-74.47649,40.61721],[-74.47805,40.61914],[-74.48017,40.62176],[-74.48175,40.62373],[-74.48319,40.62558],[-74.48104,40.6304],[-74.48043,40.63175],[-74.47982,40.63355],[-74.47913,40.63562],[-74.47866,40.63755],[-74.47812,40.63984],[-74.47763,40.64199],[-74.47274,40.64553],[-74.47165,40.64718],[-74.46919,40.65123],[-74.46298,40.66229],[-74.46129,40.66761],[-74.46075,40.66948],[-74.46173,40.67687],[-74.46218,40.67792],[-74.46263,40.67809]]}},{"type":"Feature","properties":{"id":"147581","type":"AC; OVERHEAD","status":"IN SERVICE","owner":"PPL ELECTRIC UTILITIES CORP","voltage":138,"voltClass":"100-161"},"geometry":{"type":"LineString","coordinates":[[-75.46824,40.69365],[-75.46814,40.69422],[-75.46797,40.69538],[-75.46816,40.69653],[-75.46828,40.69749],[-75.46876,40.69823],[-75.46928,40.69911],[-75.46997,40.70024],[-75.47042,40.70093],[-75.47108,40.70206],[-75.47176,40.70339],[-75.47242,40.70472],[-75.47303,40.70602],[-75.47414,40.707],[-75.47526,40.70782],[-75.47681,40.70889],[-75.47759,40.70944],[-75.47832,40.70997],[-75.47989,40.71044],[-75.48205,40.7104],[-75.48374,40.71038],[-75.48546,40.71035],[-75.48654,40.71034],[-75.48835,40.71029],[-75.48966,40.71027],[-75.49132,40.71025],[-75.49291,40.71021],[-75.49596,40.71016],[-75.49811,40.71013],[-75.4995,40.71011],[-75.50107,40.71008],[-75.50299,40.71002],[-75.50494,40.71026],[-75.50686,40.71044],[-75.50883,40.71064],[-75.50947,40.71071],[-75.51087,40.71085],[-75.51347,40.71111],[-75.51504,40.7114],[-75.51786,40.71127],[-75.51812,40.71313]]}},{"type":"Feature","properties":{"id":"147656","type":"AC; OVERHEAD","status":"IN SERVICE","owner":"JERSEY CENTRAL POWER & LT CO","voltage":500,"voltClass":"500"},"geometry":{"type":"LineString","coordinates":[[-74.74218,40.54435],[-74.74525,40.54429],[-74.74591,40.5441],[-74.74721,40.54614],[-74.74827,40.54787],[-74.75084,40.55209],[-74.75436,40.55374],[-74.75748,40.55519],[-74.76096,40.55681],[-74.76835,40.56025],[-74.77215,40.56202],[-74.7754,40.56354],[-74.7799,40.56566],[-74.7818,40.56839],[-74.78393,40.57145],[-74.78598,40.57441],[-74.78745,40.57652],[-74.7897,40.57976],[-74.7915,40.58235],[-74.7933,40.58508],[-74.79595,40.58891],[-74.7982,40.59217],[-74.80014,40.59498],[-74.79956,40.59739],[-74.79887,40.60027],[-74.79569,40.60277],[-74.79262,40.6052],[-74.78938,40.60775],[-74.79066,40.61073],[-74.79178,40.61335],[-74.79285,40.61582],[-74.79544,40.62184],[-74.79667,40.6247],[-74.79808,40.62795],[-74.79419,40.6299],[-74.79146,40.63126],[-74.78782,40.63309],[-74.7855,40.63535],[-74.78297,40.63781],[-74.7809,40.63983],[-74.77867,40.642],[-74.77885,40.64523],[-74.77899,40.64754],[-74.7792,40.65116],[-74.77966,40.65923],[-74.77984,40.6623],[-74.77669,40.66697],[-74.77972,40.67058],[-74.77626,40.67417],[-74.77368,40.67684],[-74.77034,40.68203],[-74.76797,40.68598],[-74.7666,40.68818],[-74.76881,40.69126],[-74.77225,40.69344],[-74.76938,40.69576],[-74.76676,40.7025],[-74.7633,40.7028],[-74.75956,40.70402],[-74.75759,40.70536],[-74.75275,40.70967],[-74.75335,40.71334],[-74.75451,40.72043],[-74.75522,40.72265],[-74.75635,40.72621],[-74.75659,40.72706],[-74.75692,40.72822],[-74.75615,40.73134],[-74.75551,40.7339],[-74.75477,40.73691],[-74.75407,40.73975],[-74.75337,40.7426],[-74.75246,40.74626],[-74.7515,40.75016],[-74.75081,40.75294],[-74.75002,40.75612],[-74.74899,40.76029],[-74.7497,40.76306],[-74.75057,40.76646],[-74.7513,40.76931],[-74.75211,40.77245],[-74.75322,40.7768],[-74.75397,40.77972],[-74.75473,40.78266],[-74.75548,40.78558],[-74.75623,40.78852],[-74.75681,40.7908],[-74.75706,40.79186],[-74.75576,40.7972],[-74.75493,40.80061],[-74.75422,40.80354],[-74.75589,40.80518],[-74.75807,40.80733],[-74.76139,40.81059],[-74.76418,40.81351],[-74.76624,40.81577],[-74.76859,40.81816],[-74.77213,40.82176],[-74.77458,40.82427],[-74.77536,40.82507],[-74.7765,40.82625],[-74.77972,40.82954],[-74.78316,40.83018],[-74.78642,40.83079],[-74.79012,40.83148],[-74.79356,40.83212],[-74.79723,40.8328],[-74.79512,40.83721],[-74.79363,40.8403],[-74.79353,40.84243],[-74.79345,40.84357],[-74.79342,40.84399],[-74.79307,40.84915],[-74.79291,40.85277],[-74.7927,40.85848],[-74.79255,40.86134],[-74.79234,40.86531],[-74.79214,40.86925],[-74.7919,40.87386],[-74.78841,40.87541],[-74.78504,40.87691],[-74.7808,40.87878],[-74.77814,40.87997],[-74.77473,40.88148],[-74.77134,40.88298],[-74.76711,40.88486],[-74.7631,40.88664],[-74.75837,40.88874],[-74.75162,40.89173],[-74.74738,40.89361],[-74.73969,40.89417],[-74.73572,40.89683],[-74.73451,40.89981],[-74.7322,40.90095],[-74.72654,40.90376],[-74.72244,40.9065],[-74.71985,40.90909],[-74.71677,40.9116],[-74.71648,40.91593],[-74.71466,40.91797],[-74.71149,40.92151],[-74.70817,40.92339],[-74.70336,40.9261],[-74.69962,40.92822],[-74.69595,40.93035],[-74.692,40.93644],[-74.68417,40.94724],[-74.68287,40.9561],[-74.68233,40.95984],[-74.67795,40.96605],[-74.67748,40.96839],[-74.67383,40.97158],[-74.67086,40.97417],[-74.66721,40.97736],[-74.66518,40.97913],[-74.65876,40.97601],[-74.65575,40.97455],[-74.65198,40.97272],[-74.65013,40.97527],[-74.64709,40.97946],[-74.646,40.98096],[-74.64422,40.98342],[-74.64222,40.98617],[-74.63684,40.98686],[-74.63526,40.99103],[-74.63531,40.99152]]}},{"type":"Feature","properties":{"id":"147682","type":"AC; OVERHEAD","status":"IN SERVICE","owner":"ORANGE & ROCKLAND UTILS INC","voltage":345,"voltClass":"345"},"geometry":{"type":"LineString","coordinates":[[-73.99423,41.20169],[-73.9944,41.2012],[-73.99467,41.20078],[-73.99591,41.19932],[-73.99742,41.19757],[-73.99881,41.19594],[-74.00151,41.19516],[-74.00429,41.19436],[-74.00688,41.19363],[-74.01024,41.19454],[-74.01336,41.19538],[-74.01568,41.19601],[-74.0181,41.19664],[-74.02024,41.19596],[-74.02246,41.19529],[-74.02441,41.19468],[-74.02688,41.19385],[-74.0293,41.19308],[-74.03208,41.19222],[-74.03466,41.1914],[-74.03693,41.19066],[-74.03959,41.19004],[-74.04252,41.18929],[-74.04508,41.18878],[-74.04826,41.18812],[-74.05097,41.18756],[-74.05339,41.1871],[-74.05587,41.18594],[-74.05834,41.18481],[-74.06081,41.18369],[-74.06302,41.1827],[-74.06549,41.18155],[-74.06783,41.1805],[-74.07026,41.17938],[-74.0724,41.17952],[-74.07538,41.17976],[-74.07628,41.18299],[-74.07618,41.18354],[-74.07595,41.18383]]}},{"type":"Feature","properties":{"id":"149853","type":"AC; OVERHEAD","status":"IN SERVICE","owner":"CONSOLIDATED EDISON CO-NY INC","voltage":345,"voltClass":"345"},"geometry":{"type":"LineString","coordinates":[[-73.80036,41.19291],[-73.80077,41.19353],[-73.80139,41.19349],[-73.80224,41.19318],[-73.80352,41.19272],[-73.80471,41.19236],[-73.80856,41.19304],[-73.8108,41.19394],[-73.8137,41.19686],[-73.81549,41.19811],[-73.81755,41.19946],[-73.81956,41.20077],[-73.82159,41.20201],[-73.82417,41.20384],[-73.83047,41.2089],[-73.83311,41.21108],[-73.83631,41.2118],[-73.83953,41.21253],[-73.84497,41.21367],[-73.84739,41.2142],[-73.84927,41.21546],[-73.85176,41.21709],[-73.85356,41.21828],[-73.85597,41.21897],[-73.85854,41.21968],[-73.86121,41.22045],[-73.86754,41.22033],[-73.87148,41.22217],[-73.8749,41.2238],[-73.87803,41.22442],[-73.88106,41.22514],[-73.88559,41.2255],[-73.88875,41.22573],[-73.89074,41.22717],[-73.89412,41.22958],[-73.89631,41.23113],[-73.89947,41.2334],[-73.90395,41.23652],[-73.90591,41.23792],[-73.90867,41.23987],[-73.91079,41.24137],[-73.91325,41.24312],[-73.91611,41.24526],[-73.91786,41.24645],[-73.92099,41.24869],[-73.92437,41.25113],[-73.92644,41.25261],[-73.93032,41.25535],[-73.93178,41.25822],[-73.9336,41.26036],[-73.93513,41.26198],[-73.9375,41.26431],[-73.94245,41.26503],[-73.94551,41.26409],[-73.94592,41.26421],[-73.94661,41.26441],[-73.94724,41.26451]]}},{"type":"Feature","properties":{"id":"150031","type":"AC; OVERHEAD","status":"IN SERVICE","owner":"PUBLIC SERVICE ELEC & GAS CO","voltage":230,"voltClass":"220-287"},"geometry":{"type":"LineString","coordinates":[[-74.87408,40.07523],[-74.87458,40.07548],[-74.8756,40.07498],[-74.87743,40.07392],[-74.87866,40.07219],[-74.8794,40.06394],[-74.8783,40.0614],[-74.86921,40.04061],[-74.86777,40.03722]]}},{"type":"Feature","properties":{"id":"150034","type":"AC; OVERHEAD","status":"IN SERVICE","owner":"PUBLIC SERVICE ELEC & GAS CO","voltage":230,"voltClass":"220-287"},"geometry":{"type":"LineString","coordinates":[[-74.21055,40.62148],[-74.21179,40.62202],[-74.21309,40.62289],[-74.21509,40.62319],[-74.21747,40.62427],[-74.21628,40.62617],[-74.21438,40.62919],[-74.21352,40.63195],[-74.21117,40.63426],[-74.20955,40.63693],[-74.2089,40.63826],[-74.20848,40.63933],[-74.20914,40.64033],[-74.20759,40.64165],[-74.20659,40.64252],[-74.20738,40.64409],[-74.20689,40.64458],[-74.20595,40.6446]]}},{"type":"Feature","properties":{"id":"150143","type":"AC; OVERHEAD","status":"IN SERVICE","owner":"PECO ENERGY CO","voltage":230,"voltClass":"220-287"},"geometry":{"type":"LineString","coordinates":[[-74.84547,40.14463],[-74.84703,40.14453],[-74.84622,40.14351],[-74.84594,40.14309],[-74.8443,40.1424],[-74.84289,40.13955],[-74.84626,40.13666],[-74.85447,40.1334],[-74.85831,40.13186],[-74.86193,40.12639],[-74.8678,40.12181],[-74.87489,40.11937],[-74.87351,40.11209],[-74.87056,40.10579],[-74.87587,40.09771]]}},{"type":"Feature","properties":{"id":"150152","type":"AC; OVERHEAD","status":"IN SERVICE","owner":"ATLANTIC CITY ELECTRIC CO","voltage":138,"voltClass":"100-161"},"geometry":{"type":"LineString","coordinates":[[-74.73965,39.19162],[-74.73962,39.19246],[-74.73826,39.19187],[-74.73608,39.1936],[-74.73315,39.19513],[-74.72726,39.19821],[-74.72437,39.19972],[-74.72283,39.20225],[-74.72207,39.20351],[-74.72128,39.2048],[-74.71973,39.20735],[-74.71658,39.21249],[-74.71501,39.21506],[-74.71034,39.22268],[-74.71055,39.22517],[-74.71083,39.22768],[-74.71103,39.2302],[-74.71124,39.23268],[-74.71148,39.23525],[-74.70876,39.23606],[-74.70609,39.23686],[-74.70342,39.23764],[-74.70083,39.23839],[-74.6993,39.24089],[-74.6977,39.2435],[-74.69611,39.2461],[-74.69451,39.24871],[-74.69292,39.2513],[-74.69133,39.25391],[-74.68973,39.25651],[-74.68817,39.25907],[-74.68658,39.26166],[-74.68501,39.26421],[-74.68342,39.26679],[-74.68191,39.26927],[-74.67922,39.27048],[-74.67643,39.26879],[-74.67379,39.26718],[-74.67113,39.26556],[-74.66783,39.26666],[-74.66445,39.26778],[-74.6613,39.26883],[-74.65817,39.26987],[-74.65503,39.27091],[-74.65147,39.2721],[-74.64862,39.27305],[-74.6455,39.27409],[-74.64325,39.27591],[-74.64102,39.27772],[-74.63879,39.27952],[-74.63848,39.28201],[-74.63817,39.28453],[-74.63784,39.2872],[-74.63752,39.28959],[-74.63629,39.28984],[-74.63603,39.28993]]}},{"type":"Feature","properties":{"id":"150159","type":"AC; OVERHEAD","status":"IN SERVICE","owner":"PECO ENERGY CO","voltage":230,"voltClass":"220-287"},"geometry":{"type":"LineString","coordinates":[[-75.12525,40.24832],[-75.12418,40.24824],[-75.12287,40.24871],[-75.08118,40.26465],[-75.07728,40.26833],[-75.07111,40.27403],[-75.06857,40.27637],[-75.0652,40.27957],[-75.06407,40.28067],[-75.06252,40.28136]]}},{"type":"Feature","properties":{"id":"150257","type":"AC; OVERHEAD","status":"IN SERVICE","owner":"PECO ENERGY CO","voltage":230,"voltClass":"220-287"},"geometry":{"type":"LineString","coordinates":[[-75.42124,39.80743],[-75.42336,39.81017],[-75.42359,39.81108],[-75.42645,39.81472],[-75.42949,39.8133],[-75.43157,39.81585],[-75.43253,39.81655],[-75.43315,39.81803]]}},{"type":"Feature","properties":{"id":"150272","type":"AC; OVERHEAD","status":"IN SERVICE","owner":"JERSEY CENTRAL POWER & LT CO","voltage":230,"voltClass":"220-287"},"geometry":{"type":"LineString","coordinates":[[-74.34708,40.44925],[-74.3463,40.44864],[-74.34585,40.44878]]}},{"type":"Feature","properties":{"id":"150277","type":"AC; OVERHEAD","status":"IN SERVICE","owner":null,"voltage":230,"voltClass":"220-287"},"geometry":{"type":"LineString","coordinates":[[-74.69228,40.28202],[-74.69231,40.28223],[-74.69384,40.28357],[-74.69514,40.2848],[-74.69649,40.28609],[-74.69804,40.28757],[-74.70134,40.28737],[-74.704,40.28721],[-74.70723,40.28701],[-74.71077,40.2868],[-74.71434,40.28658],[-74.71743,40.28639],[-74.72066,40.28619],[-74.72356,40.28602],[-74.7267,40.28476],[-74.73075,40.28513],[-74.734,40.28547],[-74.73652,40.2865],[-74.74065,40.28746],[-74.7435,40.28813],[-74.74611,40.29032],[-74.74868,40.29252],[-74.75119,40.29467],[-74.75377,40.29687],[-74.75668,40.29782],[-74.75996,40.29888],[-74.76311,40.29991],[-74.76674,40.30109],[-74.77019,40.30221],[-74.7737,40.30336],[-74.77694,40.30224],[-74.78004,40.30117],[-74.78328,40.30006],[-74.78705,40.2997],[-74.79096,40.29933],[-74.79489,40.29896],[-74.7982,40.29865],[-74.79797,40.30082],[-74.79774,40.30306],[-74.79749,40.30542],[-74.80043,40.30581],[-74.80382,40.30625],[-74.80733,40.30672],[-74.81125,40.30723],[-74.81476,40.3077],[-74.81696,40.31009],[-74.81853,40.31179],[-74.82081,40.31427],[-74.82249,40.3161],[-74.82475,40.31855],[-74.82697,40.32097],[-74.82925,40.32344],[-74.83127,40.32565],[-74.83516,40.32596],[-74.83899,40.32627],[-74.84291,40.32658],[-74.84679,40.3269],[-74.8506,40.32716],[-74.85443,40.32782],[-74.85717,40.32826],[-74.85989,40.3287],[-74.86377,40.32933],[-74.86756,40.32994],[-74.87063,40.33043],[-74.8731,40.33083],[-74.87657,40.33139],[-74.87997,40.33194],[-74.88331,40.33248],[-74.88713,40.33309],[-74.89025,40.33361],[-74.89395,40.33421],[-74.89656,40.33464],[-74.89687,40.3347],[-74.89888,40.33503],[-74.90263,40.33564],[-74.90595,40.33618],[-74.90944,40.33675],[-74.9122,40.3372],[-74.91473,40.33762],[-74.91832,40.33821],[-74.92141,40.33871],[-74.92495,40.33831],[-74.92836,40.33792],[-74.92935,40.33719],[-74.92958,40.33724]]}},{"type":"Feature","properties":{"id":"150520","type":"AC; OVERHEAD","status":null,"owner":"JERSEY CENTRAL POWER & LT CO","voltage":230,"voltClass":"220-287"},"geometry":{"type":"LineString","coordinates":[[-74.16722,40.06101],[-74.1686,40.0613]]}},{"type":"Feature","properties":{"id":"157070","type":"AC; OVERHEAD","status":"IN SERVICE","owner":"CENTRAL HUDSON GAS & ELEC CORP","voltage":345,"voltClass":"345"},"geometry":{"type":"LineString","coordinates":[[-74.19691,41.46769],[-74.19679,41.46723],[-74.19672,41.4666],[-74.19571,41.46582],[-74.19527,41.46548],[-74.19498,41.46525],[-74.19576,41.46299],[-74.19646,41.46099],[-74.19704,41.45953],[-74.19947,41.45257],[-74.20112,41.44788],[-74.20083,41.44545],[-74.20069,41.44299],[-74.20048,41.44073],[-74.20033,41.43913],[-74.20018,41.43742],[-74.20004,41.43576],[-74.19978,41.43263],[-74.19962,41.43069],[-74.19931,41.4273],[-74.19896,41.42528],[-74.19977,41.42329],[-74.20105,41.4214],[-74.20163,41.41933],[-74.20228,41.41717],[-74.20297,41.41476],[-74.20358,41.41261],[-74.20412,41.41072],[-74.20473,41.40859],[-74.20569,41.40522],[-74.20613,41.40357],[-74.20676,41.40145],[-74.20606,41.39963],[-74.20617,41.39798],[-74.20628,41.39569],[-74.20639,41.39374],[-74.20653,41.39127],[-74.20434,41.39041],[-74.20202,41.3895],[-74.20134,41.38726],[-74.20172,41.38481],[-74.20192,41.38323],[-74.20636,41.37736],[-74.2074,41.37603],[-74.2075,41.37348],[-74.20764,41.37162],[-74.20775,41.3695],[-74.20795,41.36571],[-74.20808,41.36364],[-74.2083,41.35938],[-74.2094,41.35776],[-74.21043,41.35619],[-74.21121,41.35505],[-74.21281,41.35266],[-74.21418,41.35053],[-74.21555,41.3494],[-74.21863,41.34661],[-74.2209,41.34445],[-74.22267,41.34288],[-74.22436,41.34137],[-74.22594,41.33997],[-74.22779,41.33831],[-74.22956,41.33674],[-74.23131,41.33518],[-74.23393,41.33285],[-74.23467,41.33259],[-74.23555,41.33229],[-74.2375,41.33049],[-74.23973,41.32851],[-74.24251,41.32601],[-74.24437,41.32433],[-74.24638,41.32251],[-74.24709,41.32187],[-74.24914,41.32002],[-74.25082,41.31851],[-74.25293,41.3166],[-74.25489,41.31483],[-74.25691,41.313],[-74.25706,41.31269],[-74.25805,41.31055],[-74.25821,41.30835],[-74.25838,41.30805]]}},{"type":"Feature","properties":{"id":"157072","type":"AC; OVERHEAD","status":"IN SERVICE","owner":null,"voltage":138,"voltClass":"100-161"},"geometry":{"type":"LineString","coordinates":[[-74.25838,41.30805],[-74.25882,41.30818],[-74.25981,41.30924]]}},{"type":"Feature","properties":{"id":"150681","type":"AC; OVERHEAD","status":"IN SERVICE","owner":"ATLANTIC CITY ELECTRIC CO","voltage":500,"voltClass":"500"},"geometry":{"type":"LineString","coordinates":[[-75.53262,39.46341],[-75.53045,39.4633],[-75.52779,39.46612],[-75.52484,39.46903],[-75.52222,39.47161],[-75.52012,39.47368],[-75.51577,39.47586],[-75.51105,39.47823],[-75.50697,39.48028],[-75.49918,39.48271],[-75.49434,39.48462],[-75.48966,39.48708],[-75.48458,39.48933],[-75.47939,39.49163],[-75.47471,39.4937],[-75.46983,39.49586],[-75.46571,39.49597],[-75.46075,39.49609],[-75.4556,39.49623],[-75.44998,39.49637],[-75.44432,39.49652],[-75.44014,39.49663],[-75.43597,39.49673],[-75.43118,39.49686],[-75.4264,39.49699],[-75.42145,39.49711],[-75.41641,39.49724],[-75.41184,39.49736],[-75.40698,39.49748],[-75.40199,39.49761],[-75.39701,39.49774],[-75.39226,39.49786],[-75.38733,39.49799],[-75.38275,39.4981],[-75.37774,39.49823],[-75.37276,39.49836],[-75.36892,39.50129],[-75.36539,39.504],[-75.36224,39.50641],[-75.35928,39.50867],[-75.3551,39.51187],[-75.35117,39.51488],[-75.3516,39.51904],[-75.35203,39.5231],[-75.35013,39.52617],[-75.34842,39.52895],[-75.34657,39.53194],[-75.34442,39.53542],[-75.34237,39.53874],[-75.34085,39.54121],[-75.33759,39.54345],[-75.33405,39.54588],[-75.33073,39.54816],[-75.32778,39.55018],[-75.32407,39.55273],[-75.32077,39.555],[-75.31751,39.55724],[-75.30759,39.56405],[-75.30659,39.56474],[-75.30483,39.56595],[-75.30068,39.56879],[-75.29808,39.57116],[-75.29577,39.57325],[-75.29306,39.5757],[-75.28998,39.5785],[-75.28515,39.57924],[-75.28044,39.57997],[-75.27664,39.58055],[-75.27226,39.58123],[-75.26802,39.58189],[-75.26362,39.58256],[-75.26014,39.5831],[-75.25543,39.58383],[-75.25235,39.58585],[-75.24912,39.58798],[-75.24847,39.58746],[-75.24728,39.58601]]}},{"type":"Feature","properties":{"id":"150701","type":"AC; OVERHEAD","status":"IN SERVICE","owner":"PUBLIC SERVICE ELEC & GAS CO","voltage":230,"voltClass":"220-287"},"geometry":{"type":"LineString","coordinates":[[-74.73425,40.18924],[-74.73075,40.19033],[-74.72747,40.19122],[-74.72496,40.19202],[-74.72243,40.19284],[-74.72001,40.19412],[-74.71803,40.19564],[-74.71548,40.19762],[-74.71311,40.19971],[-74.71114,40.20153],[-74.70998,40.20377],[-74.70905,40.20589],[-74.7081,40.20808],[-74.70707,40.21036],[-74.70548,40.21251],[-74.7044,40.21386],[-74.70252,40.21634],[-74.70062,40.21885],[-74.69965,40.22012],[-74.69891,40.22105],[-74.70122,40.22398],[-74.70162,40.22466],[-74.70069,40.22591]]}},{"type":"Feature","properties":{"id":"150762","type":"AC; OVERHEAD","status":"IN SERVICE","owner":"PUBLIC SERVICE ELEC & GAS CO","voltage":138,"voltClass":"100-161"},"geometry":{"type":"LineString","coordinates":[[-74.34615,40.53139],[-74.34665,40.5314],[-74.34767,40.53206],[-74.34869,40.53177],[-74.34985,40.53142],[-74.35139,40.53025],[-74.35299,40.52908],[-74.35653,40.52659],[-74.35826,40.52525],[-74.35956,40.52428],[-74.36099,40.52322],[-74.36229,40.52219],[-74.36366,40.52119],[-74.36488,40.52029],[-74.36637,40.51919],[-74.36772,40.51819],[-74.36903,40.51723],[-74.37046,40.51617],[-74.37188,40.51513],[-74.37317,40.51417],[-74.37465,40.51309],[-74.37612,40.512],[-74.37922,40.50968],[-74.3802,40.50889],[-74.38118,40.50806],[-74.38201,40.50722],[-74.38305,40.50607],[-74.38524,40.50364],[-74.38635,40.50241],[-74.38752,40.50112],[-74.3887,40.49982],[-74.38976,40.49863],[-74.39119,40.49716],[-74.39129,40.49698]]}},{"type":"Feature","properties":{"id":"150811","type":"AC; OVERHEAD","status":"IN SERVICE","owner":"PPL ELECTRIC UTILITIES CORP","voltage":230,"voltClass":"220-287"},"geometry":{"type":"LineString","coordinates":[[-76.24538,40.77744],[-76.24569,40.77718],[-76.2462,40.77578],[-76.24659,40.77469],[-76.2455,40.77248],[-76.24465,40.77076],[-76.2439,40.76929],[-76.24241,40.76622],[-76.24199,40.76546],[-76.24137,40.76569],[-76.23816,40.76495],[-76.23576,40.7644],[-76.23342,40.76387],[-76.23024,40.76317],[-76.22764,40.76257],[-76.22397,40.76177],[-76.22103,40.76111],[-76.21832,40.76049],[-76.21572,40.7599],[-76.21333,40.75938],[-76.21001,40.76006],[-76.20622,40.76082],[-76.20212,40.7617],[-76.20055,40.76201],[-76.19743,40.76264],[-76.19394,40.76338],[-76.19117,40.76393],[-76.18837,40.76453],[-76.18517,40.76518],[-76.18176,40.76589],[-76.17893,40.76647],[-76.17568,40.76715],[-76.17246,40.7678],[-76.16902,40.76851],[-76.16624,40.76909],[-76.16261,40.76984],[-76.15964,40.77044],[-76.15685,40.77102],[-76.15338,40.77175],[-76.15025,40.77238],[-76.14749,40.77294],[-76.14485,40.77349],[-76.1429,40.7739],[-76.13823,40.77485],[-76.1349,40.77553],[-76.13175,40.77618],[-76.12936,40.77667],[-76.12575,40.77741],[-76.12325,40.77792],[-76.11947,40.7787],[-76.11765,40.77907],[-76.11454,40.77971],[-76.11126,40.78038],[-76.10837,40.78097],[-76.1052,40.78162],[-76.10207,40.78228],[-76.09882,40.78294],[-76.09482,40.78376],[-76.09162,40.78442],[-76.08735,40.78528],[-76.08488,40.78414],[-76.08225,40.78292],[-76.07871,40.78127],[-76.07461,40.77936],[-76.07255,40.7784],[-76.06839,40.77647],[-76.06622,40.77546],[-76.06377,40.77432],[-76.06022,40.77268],[-76.05637,40.77088],[-76.05145,40.7686],[-76.04884,40.7674],[-76.04348,40.76489],[-76.04058,40.76356],[-76.03224,40.75965],[-76.03043,40.75881],[-76.02498,40.75805],[-76.02136,40.75754],[-76.01783,40.75704],[-76.01463,40.75657],[-76.00965,40.75587],[-76.00415,40.75509],[-76.00095,40.75463],[-75.9987,40.75431],[-75.99552,40.75385],[-75.99012,40.75308],[-75.98287,40.75204],[-75.9802,40.75167],[-75.97447,40.75084],[-75.97116,40.75036],[-75.96731,40.74982],[-75.96374,40.74931],[-75.95984,40.74876],[-75.95631,40.74825],[-75.95329,40.74783],[-75.94904,40.74721],[-75.94497,40.74663],[-75.94103,40.74608],[-75.9384,40.74542],[-75.93499,40.74458],[-75.93181,40.74381],[-75.92689,40.7426],[-75.92175,40.74133],[-75.9191,40.74069],[-75.9143,40.73951],[-75.9103,40.73856],[-75.90585,40.73746],[-75.90294,40.73674],[-75.89897,40.73576],[-75.89623,40.73509],[-75.89321,40.73436],[-75.88791,40.73305],[-75.88532,40.7328],[-75.88264,40.73254],[-75.8785,40.73213],[-75.87475,40.73178],[-75.87022,40.73132],[-75.86504,40.73081],[-75.86173,40.73048],[-75.8596,40.73027],[-75.85644,40.72996],[-75.8508,40.72969],[-75.84594,40.72947],[-75.84161,40.72928],[-75.83844,40.72914],[-75.8344,40.72895],[-75.8303,40.72876],[-75.82712,40.72861],[-75.8233,40.72844],[-75.82015,40.7283],[-75.81594,40.72811],[-75.81315,40.72798],[-75.80954,40.72781],[-75.80594,40.72765],[-75.80208,40.72683],[-75.79786,40.72595],[-75.79417,40.72515],[-75.78989,40.72427],[-75.78835,40.72394],[-75.78314,40.72284],[-75.77841,40.72223],[-75.77381,40.72163],[-75.76953,40.72108],[-75.76591,40.72061],[-75.76173,40.72006],[-75.7567,40.71941],[-75.75235,40.71869],[-75.74903,40.71813],[-75.74537,40.71753],[-75.74119,40.71684],[-75.73808,40.71631],[-75.73513,40.71581],[-75.73163,40.71522],[-75.72821,40.71467],[-75.72491,40.7141],[-75.72134,40.7135],[-75.71798,40.71295],[-75.71183,40.71191],[-75.7092,40.71208],[-75.70535,40.71234],[-75.70111,40.71263],[-75.69662,40.71292],[-75.69447,40.71306],[-75.69051,40.71331],[-75.68673,40.71355],[-75.68331,40.71376],[-75.68063,40.71394],[-75.67517,40.71428],[-75.67273,40.71444],[-75.66981,40.71462],[-75.66642,40.71484],[-75.66367,40.715],[-75.65908,40.71523],[-75.65297,40.71555],[-75.64847,40.71576],[-75.64376,40.71599],[-75.63859,40.71644],[-75.63535,40.71673],[-75.63079,40.71711],[-75.62738,40.71744],[-75.62314,40.71769],[-75.61941,40.71789],[-75.61534,40.71814],[-75.61223,40.71832],[-75.60816,40.71856],[-75.60413,40.71877],[-75.59999,40.71903],[-75.59574,40.71927],[-75.59225,40.71948],[-75.58583,40.71986],[-75.58397,40.71996],[-75.58238,40.7208],[-75.57838,40.72284],[-75.57385,40.72516],[-75.56844,40.72268],[-75.56553,40.72133],[-75.56346,40.72036],[-75.55692,40.71836],[-75.55262,40.71705],[-75.55042,40.71681],[-75.54767,40.71648],[-75.54555,40.71624],[-75.53895,40.71549],[-75.5361,40.71515],[-75.53372,40.71488],[-75.53218,40.71348],[-75.53182,40.71347],[-75.52817,40.71342],[-75.52447,40.71336],[-75.51946,40.7137],[-75.51845,40.71378],[-75.51812,40.71313]]}},{"type":"Feature","properties":{"id":"150859","type":"AC; OVERHEAD","status":"IN SERVICE","owner":"PECO ENERGY CO","voltage":230,"voltClass":"220-287"},"geometry":{"type":"LineString","coordinates":[[-75.29958,40.10419],[-75.29828,40.10478],[-75.2986,40.10574],[-75.30036,40.10565],[-75.3029,40.10552],[-75.30516,40.10542],[-75.30793,40.10539],[-75.31052,40.10528],[-75.31315,40.10523],[-75.31577,40.10516],[-75.31837,40.10481],[-75.32059,40.10421],[-75.3216,40.10477],[-75.32342,40.10569],[-75.32547,40.10644],[-75.32786,40.10732],[-75.33019,40.10805],[-75.33256,40.10894],[-75.33456,40.10967],[-75.33647,40.11038],[-75.33802,40.11098],[-75.33963,40.11158],[-75.34184,40.11209],[-75.34384,40.11274],[-75.34755,40.11414],[-75.34889,40.11482],[-75.35021,40.11553],[-75.3542,40.11607],[-75.35603,40.11635],[-75.35778,40.11659],[-75.35809,40.1146],[-75.35845,40.11441]]}},{"type":"Feature","properties":{"id":"150856","type":"AC; OVERHEAD","status":"IN SERVICE","owner":"JERSEY CENTRAL POWER & LT CO","voltage":230,"voltClass":"220-287"},"geometry":{"type":"LineString","coordinates":[[-74.19187,40.11378],[-74.19268,40.11357],[-74.19378,40.11289],[-74.19672,40.11265],[-74.19954,40.11267],[-74.20313,40.11268],[-74.20655,40.11273],[-74.21516,40.11051],[-74.21827,40.10972],[-74.22143,40.10992],[-74.22475,40.11014],[-74.22833,40.11038],[-74.2308,40.11054],[-74.23417,40.1116],[-74.2368,40.11243],[-74.23996,40.11341],[-74.24151,40.1156],[-74.243,40.11772],[-74.24297,40.11962],[-74.24294,40.1225],[-74.24291,40.12525],[-74.24288,40.12829],[-74.24286,40.13042],[-74.24283,40.13323],[-74.2428,40.13575],[-74.24525,40.13803],[-74.24772,40.14032],[-74.25021,40.1427],[-74.25258,40.14495],[-74.25514,40.14732],[-74.25759,40.14959],[-74.25999,40.15181],[-74.2659,40.15332],[-74.26962,40.15427],[-74.27284,40.15534],[-74.27942,40.15754],[-74.28272,40.15863],[-74.28594,40.15971],[-74.28819,40.16189],[-74.2906,40.16423],[-74.29286,40.16642],[-74.29659,40.1675],[-74.29889,40.16892],[-74.30099,40.17022],[-74.30342,40.17172],[-74.30591,40.17299],[-74.30874,40.17442],[-74.31175,40.17595],[-74.31444,40.17731],[-74.31707,40.17866],[-74.32029,40.18031],[-74.32342,40.18192],[-74.32636,40.18343],[-74.32916,40.18486],[-74.33212,40.18638],[-74.33494,40.18782],[-74.33765,40.18922],[-74.34019,40.19052],[-74.34252,40.19205],[-74.34483,40.19357],[-74.3468,40.19487],[-74.34931,40.19583],[-74.35229,40.19698],[-74.35458,40.19786],[-74.35743,40.19933],[-74.35946,40.20037],[-74.36079,40.20106],[-74.36058,40.20136]]}},{"type":"Feature","properties":{"id":"150881","type":"AC; OVERHEAD","status":"IN SERVICE","owner":"PUBLIC SERVICE ELEC & GAS CO","voltage":230,"voltClass":"220-287"},"geometry":{"type":"LineString","coordinates":[[-74.21129,40.62405],[-74.21097,40.6249],[-74.21175,40.62506],[-74.21378,40.62599],[-74.21211,40.62898],[-74.21034,40.63191],[-74.20896,40.6342],[-74.20757,40.63648],[-74.20827,40.63945],[-74.20878,40.64025],[-74.20734,40.64163],[-74.20641,40.64252],[-74.20665,40.64365],[-74.20595,40.6446]]}},{"type":"Feature","properties":{"id":"150954","type":"AC; OVERHEAD","status":"IN SERVICE","owner":"JERSEY CENTRAL POWER & LT CO","voltage":230,"voltClass":"220-287"},"geometry":{"type":"LineString","coordinates":[[-74.36058,40.20136],[-74.3611,40.20121],[-74.36336,40.20235],[-74.36537,40.20558],[-74.36921,40.20586],[-74.37297,40.20613],[-74.3769,40.20642],[-74.38044,40.20667],[-74.38671,40.20713],[-74.39428,40.21064],[-74.39697,40.21136],[-74.40003,40.21218],[-74.4038,40.21319],[-74.407,40.21405],[-74.40982,40.2148],[-74.41593,40.21644],[-74.41928,40.21735],[-74.42164,40.21806],[-74.42462,40.21896],[-74.4283,40.22007],[-74.43094,40.22086],[-74.43453,40.22177],[-74.43676,40.22233],[-74.43967,40.22306],[-74.44171,40.22357],[-74.44438,40.22425],[-74.44784,40.2252],[-74.45143,40.22619],[-74.45413,40.22694],[-74.45785,40.22797],[-74.46142,40.22895],[-74.46477,40.22988],[-74.4685,40.2309],[-74.47221,40.23193],[-74.47555,40.23285],[-74.48449,40.23532],[-74.48764,40.23619],[-74.49069,40.23703],[-74.49363,40.23784],[-74.49738,40.23887],[-74.50126,40.23918],[-74.50495,40.23947],[-74.5069,40.23962],[-74.5083,40.23973],[-74.51113,40.23993],[-74.51328,40.24031],[-74.51614,40.2408],[-74.51801,40.24077],[-74.51804,40.24141],[-74.51916,40.24131],[-74.51908,40.24085],[-74.51851,40.24045]]}},{"type":"Feature","properties":{"id":"150978","type":"AC; OVERHEAD","status":"IN SERVICE","owner":"PECO ENERGY CO","voltage":138,"voltClass":"100-161"},"geometry":{"type":"LineString","coordinates":[[-75.32603,39.86029],[-75.32407,39.86081],[-75.32452,39.86153],[-75.32704,39.86099],[-75.33059,39.86018],[-75.33586,39.86305],[-75.33608,39.86332],[-75.33493,39.86511],[-75.33229,39.8694],[-75.33093,39.87163],[-75.32917,39.87445],[-75.32822,39.87574],[-75.32716,39.87684],[-75.32653,39.87737],[-75.32527,39.8784],[-75.32381,39.87937],[-75.32054,39.88136],[-75.31894,39.88233],[-75.31363,39.88554],[-75.31135,39.88694],[-75.30984,39.88782],[-75.30821,39.88862],[-75.30194,39.89122],[-75.29513,39.89406],[-75.29257,39.89512],[-75.2902,39.89612],[-75.2878,39.89714],[-75.28597,39.89785],[-75.2842,39.89861],[-75.28242,39.89931],[-75.28189,39.89907],[-75.28104,39.89957],[-75.28115,39.89986],[-75.27968,39.90051],[-75.27689,39.90168],[-75.27419,39.90283],[-75.26996,39.90462],[-75.26838,39.90545],[-75.26689,39.9064],[-75.26546,39.90751],[-75.26419,39.90862],[-75.26279,39.90966],[-75.26128,39.91052],[-75.25973,39.9113],[-75.25806,39.91193],[-75.25618,39.91253],[-75.25441,39.91293],[-75.2529,39.91312],[-75.25065,39.91347],[-75.24917,39.9138],[-75.24763,39.91428],[-75.24602,39.9149],[-75.24423,39.9157],[-75.24273,39.91665],[-75.24133,39.91759],[-75.23836,39.9197],[-75.23456,39.92236],[-75.22755,39.92729],[-75.22597,39.92832],[-75.22425,39.92884],[-75.22414,39.92924]]}},{"type":"Feature","properties":{"id":"151006","type":"AC; OVERHEAD","status":null,"owner":"JERSEY CENTRAL POWER & LT CO","voltage":230,"voltClass":"220-287"},"geometry":{"type":"LineString","coordinates":[[-74.16741,40.06287],[-74.1671,40.06343]]}},{"type":"Feature","properties":{"id":"151142","type":"AC; OVERHEAD","status":"IN SERVICE","owner":"JERSEY CENTRAL POWER & LT CO","voltage":230,"voltClass":"220-287"},"geometry":{"type":"LineString","coordinates":[[-74.51851,40.24045],[-74.51944,40.24061],[-74.52035,40.24052],[-74.52354,40.24024],[-74.52702,40.23999],[-74.52951,40.23981],[-74.53251,40.23959],[-74.53598,40.24046],[-74.5396,40.24136],[-74.54283,40.24217],[-74.54665,40.24312],[-74.5502,40.24401],[-74.55361,40.24486],[-74.55719,40.24575],[-74.5608,40.24665],[-74.56427,40.24752],[-74.56496,40.24848],[-74.56503,40.24888]]}},{"type":"Feature","properties":{"id":"157081","type":"AC; UNDERGROUND","status":"IN SERVICE","owner":"CONSOLIDATED EDISON CO-NY INC","voltage":138,"voltClass":"100-161"},"geometry":{"type":"LineString","coordinates":[[-73.81391,40.69919],[-73.98174,40.70381]]}},{"type":"Feature","properties":{"id":"157084","type":"AC; UNDERGROUND","status":"IN SERVICE","owner":"CONSOLIDATED EDISON CO-NY INC","voltage":345,"voltClass":"345"},"geometry":{"type":"LineString","coordinates":[[-73.99588,40.766],[-73.85637,40.9573]]}},{"type":"Feature","properties":{"id":"157085","type":"AC; OVERHEAD","status":"IN SERVICE","owner":"CONSOLIDATED EDISON CO-NY INC","voltage":138,"voltClass":"100-161"},"geometry":{"type":"LineString","coordinates":[[-73.94693,40.75814],[-73.94303,40.76323]]}},{"type":"Feature","properties":{"id":"157088","type":"AC; UNDERGROUND","status":"IN SERVICE","owner":"PUBLIC SERVICE ELEC & GAS CO","voltage":345,"voltClass":"345"},"geometry":{"type":"LineString","coordinates":[[-74.10552,40.69422],[-74.20595,40.6446]]}},{"type":"Feature","properties":{"id":"157089","type":"AC; UNDERGROUND","status":"IN SERVICE","owner":"PUBLIC SERVICE ELEC & GAS CO","voltage":345,"voltClass":"345"},"geometry":{"type":"LineString","coordinates":[[-74.06992,40.74644],[-74.10552,40.69422]]}},{"type":"Feature","properties":{"id":"157090","type":"AC; UNDERGROUND","status":"IN SERVICE","owner":"CONSOLIDATED EDISON CO-NY INC","voltage":138,"voltClass":"100-161"},"geometry":{"type":"LineString","coordinates":[[-73.99588,40.766],[-73.98809,40.77584]]}},{"type":"Feature","properties":{"id":"157091","type":"AC; UNDERGROUND","status":"IN SERVICE","owner":"CONSOLIDATED EDISON CO-NY INC","voltage":345,"voltClass":"345"},"geometry":{"type":"LineString","coordinates":[[-73.97462,40.72754],[-73.99588,40.766]]}},{"type":"Feature","properties":{"id":"157092","type":"AC; UNDERGROUND","status":"IN SERVICE","owner":"CONSOLIDATED EDISON CO-NY INC","voltage":345,"voltClass":"345"},"geometry":{"type":"LineString","coordinates":[[-73.97462,40.72754],[-73.97464,40.72778],[-73.99571,40.7659],[-73.99588,40.766]]}},{"type":"Feature","properties":{"id":"157094","type":"AC; OVERHEAD","status":"IN SERVICE","owner":"PUBLIC SERVICE ELEC & GAS CO","voltage":230,"voltClass":"220-287"},"geometry":{"type":"LineString","coordinates":[[-74.09857,40.73798],[-74.09766,40.73859],[-74.09649,40.73951],[-74.08959,40.74145],[-74.08051,40.74348],[-74.07732,40.74446],[-74.07674,40.74511],[-74.07634,40.74621],[-74.07664,40.7474],[-74.0743,40.74946],[-74.07308,40.74889],[-74.07331,40.7493]]}},{"type":"Feature","properties":{"id":"157095","type":"AC; UNDERGROUND","status":"IN SERVICE","owner":"PUBLIC SERVICE ELEC & GAS CO","voltage":230,"voltClass":"220-287"},"geometry":{"type":"LineString","coordinates":[[-74.15829,40.86129],[-74.14905,40.87332],[-74.13427,40.87674],[-74.13235,40.87503],[-74.12145,40.87945],[-74.09912,40.88488],[-74.10111,40.88905]]}},{"type":"Feature","properties":{"id":"157096","type":"AC; UNDERGROUND","status":"IN SERVICE","owner":"PUBLIC SERVICE ELEC & GAS CO","voltage":230,"voltClass":"220-287"},"geometry":{"type":"LineString","coordinates":[[-74.10111,40.88905],[-74.09966,40.88939],[-74.09801,40.88525],[-74.08207,40.88912],[-74.08063,40.88891],[-74.07858,40.89498],[-74.07854,40.89978],[-74.07813,40.90375],[-74.07061,40.89921]]}},{"type":"Feature","properties":{"id":"157097","type":"AC; UNDERGROUND","status":"IN SERVICE","owner":"PUBLIC SERVICE ELEC & GAS CO","voltage":230,"voltClass":"220-287"},"geometry":{"type":"LineString","coordinates":[[-74.07061,40.89921],[-74.04801,40.88604],[-74.04099,40.88384],[-74.04152,40.88206],[-74.04075,40.87629],[-74.03873,40.87908],[-74.03658,40.8789],[-74.03355,40.87634],[-74.03468,40.87284],[-74.03295,40.86766],[-74.02909,40.85868],[-74.01844,40.85582],[-74.02195,40.84845],[-74.02266,40.84357],[-74.02171,40.8419],[-74.0163,40.84042],[-74.01785,40.83518],[-74.01649,40.83407]]}},{"type":"Feature","properties":{"id":"157100","type":"AC; OVERHEAD","status":"IN SERVICE","owner":null,"voltage":230,"voltClass":"220-287"},"geometry":{"type":"LineString","coordinates":[[-74.74218,40.54435],[-74.74046,40.54479],[-74.73929,40.5446],[-74.73614,40.54378],[-74.73305,40.54294],[-74.73041,40.54223],[-74.72681,40.54124],[-74.72356,40.5403],[-74.72029,40.53936],[-74.71705,40.53849],[-74.71354,40.53755],[-74.70997,40.53659],[-74.70677,40.53573],[-74.70357,40.53483],[-74.70038,40.53397],[-74.69694,40.53301],[-74.69337,40.53212],[-74.69016,40.53133],[-74.68674,40.53039],[-74.68419,40.52961],[-74.68079,40.52866],[-74.67741,40.52772],[-74.67406,40.52671],[-74.67064,40.52576],[-74.66795,40.52516],[-74.6664,40.52586],[-74.64888,40.53358],[-74.64855,40.5339],[-74.65036,40.53582],[-74.65252,40.53803],[-74.65448,40.54003],[-74.65433,40.54262],[-74.65417,40.54524],[-74.65396,40.54781],[-74.65373,40.55039],[-74.6515,40.55245],[-74.64908,40.5545],[-74.64441,40.5587],[-74.64187,40.56062],[-74.63898,40.5625],[-74.63658,40.56374],[-74.62948,40.56331],[-74.62358,40.56045],[-74.62286,40.55777],[-74.6211,40.55683],[-74.61875,40.55967],[-74.61737,40.55953],[-74.6153,40.55898]]}},{"type":"Feature","properties":{"id":"155931","type":"AC; OVERHEAD","status":"IN SERVICE","owner":"PUBLIC SERVICE ELEC & GAS CO","voltage":230,"voltClass":"220-287"},"geometry":{"type":"LineString","coordinates":[[-74.56449,40.56022],[-74.56511,40.5596],[-74.56739,40.5568],[-74.56884,40.55532],[-74.573,40.55149],[-74.57811,40.55253],[-74.584,40.55444],[-74.58721,40.55491],[-74.59074,40.55541],[-74.5943,40.55596],[-74.59779,40.55649],[-74.60114,40.55694],[-74.60454,40.55744],[-74.60795,40.55794],[-74.6111,40.5585],[-74.61403,40.55899],[-74.6153,40.55898]]}},{"type":"Feature","properties":{"id":"157105","type":"AC; OVERHEAD","status":"IN SERVICE","owner":"PUBLIC SERVICE ELEC & GAS CO","voltage":230,"voltClass":"220-287"},"geometry":{"type":"LineString","coordinates":[[-74.24801,40.55687],[-74.24917,40.55681],[-74.24979,40.55817],[-74.25128,40.55909],[-74.25344,40.56061],[-74.25546,40.56327],[-74.2561,40.56558],[-74.25689,40.56821],[-74.25867,40.57038],[-74.26144,40.57077],[-74.26423,40.57121],[-74.26714,40.57145],[-74.27046,40.57199],[-74.27389,40.57257],[-74.27739,40.57316],[-74.27959,40.57352],[-74.28466,40.57273],[-74.28937,40.56866],[-74.29397,40.56469],[-74.29455,40.56423],[-74.29482,40.56398]]}},{"type":"Feature","properties":{"id":"157106","type":"AC; OVERHEAD","status":"IN SERVICE","owner":"PUBLIC SERVICE ELEC & GAS CO","voltage":230,"voltClass":"220-287"},"geometry":{"type":"LineString","coordinates":[[-74.24801,40.55687],[-74.24892,40.55718],[-74.24926,40.55843],[-74.25088,40.55948],[-74.25328,40.56099],[-74.25508,40.56341],[-74.25579,40.56596],[-74.25634,40.56791],[-74.25864,40.57045],[-74.26143,40.57085],[-74.26422,40.57129],[-74.26713,40.57153],[-74.27045,40.57206],[-74.27388,40.57265],[-74.27738,40.57323],[-74.27959,40.5736],[-74.28469,40.5728],[-74.28942,40.56872],[-74.29405,40.56475],[-74.2947,40.56429],[-74.29482,40.56398]]}},{"type":"Feature","properties":{"id":"157779","type":"AC; OVERHEAD","status":"IN SERVICE","owner":"PUBLIC SERVICE ELEC & GAS CO","voltage":230,"voltClass":"220-287"},"geometry":{"type":"LineString","coordinates":[[-74.35621,40.60802],[-74.36392,40.61647],[-74.37135,40.62457],[-74.3732,40.62659],[-74.37508,40.62864],[-74.37725,40.63008],[-74.37946,40.63155],[-74.3839,40.6332],[-74.38637,40.63411],[-74.39015,40.63595],[-74.39136,40.63652],[-74.39397,40.63779],[-74.39689,40.63921],[-74.40002,40.64073],[-74.4029,40.64213],[-74.40583,40.64356],[-74.40782,40.64532],[-74.40877,40.64721],[-74.41433,40.65103],[-74.41796,40.65418],[-74.41944,40.65546],[-74.42112,40.65692],[-74.42302,40.65857],[-74.42511,40.6604],[-74.42508,40.66311],[-74.42503,40.66503],[-74.42488,40.67017],[-74.42477,40.67535],[-74.42464,40.68059],[-74.42458,40.68319],[-74.42451,40.6858],[-74.42445,40.68851],[-74.42438,40.69119],[-74.42427,40.6958],[-74.4242,40.69854],[-74.42415,40.70042],[-74.42408,40.70321],[-74.42398,40.70741],[-74.42391,40.70974],[-74.42385,40.71218],[-74.42378,40.71466],[-74.42374,40.71621],[-74.4237,40.71777],[-74.42163,40.71968],[-74.41989,40.72126],[-74.41769,40.72325],[-74.41613,40.72466],[-74.41411,40.72649],[-74.41057,40.7297],[-74.40894,40.73125],[-74.40727,40.7329],[-74.40545,40.73453],[-74.40363,40.73616],[-74.40041,40.73904],[-74.39874,40.74054],[-74.39687,40.74221],[-74.39656,40.74451],[-74.39631,40.74631],[-74.39483,40.74773],[-74.39322,40.74927],[-74.3917,40.75072],[-74.38915,40.75221],[-74.38681,40.75358],[-74.38479,40.75476],[-74.38278,40.75593],[-74.37995,40.75758],[-74.37585,40.75997],[-74.37292,40.76168],[-74.37086,40.76288],[-74.36904,40.76394],[-74.3669,40.76519],[-74.36433,40.76669],[-74.36175,40.76819],[-74.35923,40.76966],[-74.35835,40.77147],[-74.35744,40.77335],[-74.3566,40.77507],[-74.35547,40.77739],[-74.35434,40.77971],[-74.35338,40.78167],[-74.35236,40.78378],[-74.35134,40.78587],[-74.3503,40.78801],[-74.34945,40.78976],[-74.34868,40.79133],[-74.34764,40.79348],[-74.34665,40.79551],[-74.3457,40.79739],[-74.3455,40.7978],[-74.34448,40.79945],[-74.34335,40.80129],[-74.34222,40.80312],[-74.34108,40.80498],[-74.34,40.80674],[-74.33872,40.80881],[-74.33739,40.81097],[-74.33605,40.81315],[-74.33494,40.81495],[-74.33359,40.81714],[-74.33159,40.81807],[-74.33045,40.81945],[-74.33077,40.82005]]}},{"type":"Feature","properties":{"id":"157108","type":"AC; OVERHEAD","status":"IN SERVICE","owner":"PUBLIC SERVICE ELEC & GAS CO","voltage":230,"voltClass":"220-287"},"geometry":{"type":"LineString","coordinates":[[-74.24801,40.55687],[-74.24874,40.55722],[-74.2492,40.55854],[-74.2513,40.55985],[-74.25324,40.56105],[-74.25501,40.56345],[-74.25572,40.56598],[-74.25628,40.56796],[-74.25543,40.56862],[-74.25387,40.5701],[-74.25177,40.57233],[-74.24981,40.57438],[-74.24797,40.57634],[-74.24623,40.57839],[-74.24447,40.58064],[-74.24293,40.58285],[-74.24149,40.58509],[-74.24047,40.58669],[-74.23937,40.58839],[-74.23822,40.59019],[-74.23789,40.59087],[-74.23794,40.59098]]}},{"type":"Feature","properties":{"id":"157782","type":"AC; OVERHEAD","status":"IN SERVICE","owner":"PPL ELECTRIC UTILITIES CORP","voltage":230,"voltClass":"220-287"},"geometry":{"type":"LineString","coordinates":[[-75.63742,41.14668],[-75.63676,41.14726],[-75.63772,41.14835],[-75.63948,41.14748],[-75.64067,41.14889],[-75.64392,41.1514],[-75.63617,41.15961],[-75.6341,41.16185],[-75.62273,41.16352],[-75.61516,41.16465],[-75.61234,41.16964],[-75.60717,41.17484],[-75.60204,41.18006],[-75.60561,41.18557],[-75.60062,41.1903],[-75.59824,41.19271],[-75.60471,41.19637],[-75.59984,41.20118],[-75.60071,41.20406],[-75.59643,41.20818],[-75.59014,41.21395],[-75.58471,41.21895],[-75.58243,41.221],[-75.56884,41.22183],[-75.562,41.22731],[-75.55684,41.2314],[-75.54667,41.23469],[-75.54342,41.23576],[-75.53888,41.23501],[-75.53731,41.22971],[-75.52874,41.23121],[-75.51312,41.23397],[-75.51126,41.23824],[-75.50991,41.24146],[-75.51168,41.24655],[-75.5138,41.25184],[-75.51468,41.25762],[-75.50928,41.2584],[-75.50709,41.25872],[-75.50365,41.26216],[-75.50072,41.26317],[-75.49695,41.26698],[-75.50115,41.26931],[-75.49955,41.27118],[-75.50553,41.27476],[-75.50114,41.27855],[-75.50164,41.28418],[-75.5019,41.28718],[-75.49961,41.28948],[-75.4978,41.29456],[-75.49367,41.29625],[-75.48848,41.30152],[-75.48317,41.30348],[-75.47703,41.30425],[-75.47267,41.30135],[-75.45997,41.29283],[-75.4526,41.2888],[-75.45277,41.28695],[-75.45154,41.28648],[-75.45041,41.28699]]}},{"type":"Feature","properties":{"id":"157109","type":"AC; UNDERGROUND","status":"IN SERVICE","owner":null,"voltage":345,"voltClass":"345"},"geometry":{"type":"LineString","coordinates":[[-74.06992,40.74644],[-74.07341,40.73705],[-74.07331,40.7302],[-74.00554,40.72011],[-73.98451,40.7051]]}},{"type":"Feature","properties":{"id":"157110","type":"AC; UNDERGROUND","status":"IN SERVICE","owner":null,"voltage":345,"voltClass":"345"},"geometry":{"type":"LineString","coordinates":[[-74.0065,40.7184],[-74.07445,40.72953],[-74.07445,40.73781],[-74.06992,40.74644]]}},{"type":"Feature","properties":{"id":"157111","type":"AC; UNDERGROUND","status":"IN SERVICE","owner":"CONSOLIDATED EDISON CO-NY INC","voltage":345,"voltClass":"345"},"geometry":{"type":"LineString","coordinates":[[-73.99588,40.766],[-74.0065,40.7184]]}},{"type":"Feature","properties":{"id":"157112","type":"AC; UNDERGROUND","status":"IN SERVICE","owner":"CONSOLIDATED EDISON CO-NY INC","voltage":345,"voltClass":"345"},"geometry":{"type":"LineString","coordinates":[[-73.98451,40.7051],[-74.0065,40.7184]]}},{"type":"Feature","properties":{"id":"157113","type":"AC; UNDERGROUND","status":"IN SERVICE","owner":"PUBLIC SERVICE ELEC & GAS CO","voltage":230,"voltClass":"220-287"},"geometry":{"type":"LineString","coordinates":[[-74.28548,40.65637],[-74.21824,40.69716],[-74.2663,40.71244]]}},{"type":"Feature","properties":{"id":"157117","type":"AC; UNDERGROUND","status":"IN SERVICE","owner":"PUBLIC SERVICE ELEC & GAS CO","voltage":138,"voltClass":"100-161"},"geometry":{"type":"LineString","coordinates":[[-74.22286,40.69681],[-74.21289,40.69325],[-74.17775,40.73306]]}},{"type":"Feature","properties":{"id":"157118","type":"AC; UNDERGROUND","status":"IN SERVICE","owner":"PUBLIC SERVICE ELEC & GAS CO","voltage":138,"voltClass":"100-161"},"geometry":{"type":"LineString","coordinates":[[-74.22286,40.69681],[-74.20147,40.68382],[-74.21298,40.65308],[-74.20595,40.6446]]}},{"type":"Feature","properties":{"id":"157119","type":"AC; UNDERGROUND","status":"IN SERVICE","owner":"PUBLIC SERVICE ELEC & GAS CO","voltage":138,"voltClass":"100-161"},"geometry":{"type":"LineString","coordinates":[[-74.20595,40.6446],[-74.21032,40.65384],[-74.17461,40.72658]]}},{"type":"Feature","properties":{"id":"157120","type":"AC; UNDERGROUND","status":"IN SERVICE","owner":"PUBLIC SERVICE ELEC & GAS CO","voltage":138,"voltClass":"100-161"},"geometry":{"type":"LineString","coordinates":[[-74.17461,40.72658],[-74.17775,40.73306]]}},{"type":"Feature","properties":{"id":"157121","type":"AC; UNDERGROUND","status":"IN SERVICE","owner":"PUBLIC SERVICE ELEC & GAS CO","voltage":230,"voltClass":"220-287"},"geometry":{"type":"LineString","coordinates":[[-74.25715,40.78994],[-74.20654,40.75125],[-74.2663,40.71244]]}},{"type":"Feature","properties":{"id":"157123","type":"AC; OVERHEAD","status":"IN SERVICE","owner":"PUBLIC SERVICE ELEC & GAS CO","voltage":230,"voltClass":"220-287"},"geometry":{"type":"LineString","coordinates":[[-75.09818,39.88924],[-75.09092,39.89219],[-75.09991,39.9129],[-75.09884,39.91918],[-75.08607,39.92282],[-75.0835,39.92824],[-75.0805,39.92674],[-75.07564,39.92639],[-75.06701,39.92732],[-75.06251,39.92896],[-75.05972,39.92774],[-75.05044,39.93752],[-75.05623,39.94216],[-75.05723,39.95694],[-75.04466,39.96581]]}},{"type":"Feature","properties":{"id":"157124","type":"AC; OVERHEAD","status":"IN SERVICE","owner":"PUBLIC SERVICE ELEC & GAS CO","voltage":230,"voltClass":"220-287"},"geometry":{"type":"LineString","coordinates":[[-75.04466,39.96581],[-75.04573,39.96444],[-75.04309,39.96122],[-75.05152,39.95758],[-75.0588,39.95551],[-75.05823,39.95094],[-75.07357,39.93117],[-75.0725,39.92717],[-75.07828,39.92689],[-75.08071,39.92724],[-75.08378,39.92874],[-75.08621,39.92325],[-75.09941,39.91946],[-75.10041,39.91275],[-75.09156,39.89248],[-75.09818,39.88924]]}},{"type":"Feature","properties":{"id":"157125","type":"AC; OVERHEAD","status":"IN SERVICE","owner":"PUBLIC SERVICE ELEC & GAS CO","voltage":230,"voltClass":"220-287"},"geometry":{"type":"LineString","coordinates":[[-74.34926,40.58682],[-74.34941,40.58713],[-74.34964,40.5879],[-74.35039,40.59522],[-74.35063,40.59773],[-74.35085,40.59987],[-74.35114,40.60246],[-74.35271,40.6042],[-74.35325,40.60479],[-74.35396,40.60556],[-74.35422,40.60584],[-74.35455,40.60621],[-74.35621,40.60802]]}},{"type":"Feature","properties":{"id":"157126","type":"AC; UNDERGROUND","status":"IN SERVICE","owner":"PUBLIC SERVICE ELEC & GAS CO","voltage":230,"voltClass":"220-287"},"geometry":{"type":"LineString","coordinates":[[-74.07061,40.89921],[-74.06385,40.89741],[-74.06159,40.90538],[-74.0347,40.90217],[-74.02935,40.92168],[-74.02752,40.93004]]}},{"type":"Feature","properties":{"id":"157127","type":"AC; UNDERGROUND","status":"IN SERVICE","owner":"PUBLIC SERVICE ELEC & GAS CO","voltage":230,"voltClass":"220-287"},"geometry":{"type":"LineString","coordinates":[[-73.99161,40.86801],[-73.98794,40.87444],[-73.99532,40.87766],[-73.99353,40.88753],[-74.00174,40.89003],[-73.99734,40.90312],[-73.9996,40.90978],[-74.00424,40.91026],[-74.00674,40.92477],[-74.02752,40.93004]]}},{"type":"Feature","properties":{"id":"157128","type":"AC; UNDERGROUND","status":"IN SERVICE","owner":"PUBLIC SERVICE ELEC & GAS CO","voltage":230,"voltClass":"220-287"},"geometry":{"type":"LineString","coordinates":[[-74.01649,40.83407],[-73.99161,40.86801]]}},{"type":"Feature","properties":{"id":"157129","type":"AC; UNDERGROUND","status":"IN SERVICE","owner":"PUBLIC SERVICE ELEC & GAS CO","voltage":230,"voltClass":"220-287"},"geometry":{"type":"LineString","coordinates":[[-74.12844,40.94952],[-74.12543,41.01688]]}},{"type":"Feature","properties":{"id":"157130","type":"AC; UNDERGROUND","status":"IN SERVICE","owner":"PUBLIC SERVICE ELEC & GAS CO","voltage":230,"voltClass":"220-287"},"geometry":{"type":"LineString","coordinates":[[-74.15068,40.96633],[-74.12543,41.01688]]}},{"type":"Feature","properties":{"id":"157131","type":"AC; UNDERGROUND","status":"IN SERVICE","owner":"PUBLIC SERVICE ELEC & GAS CO","voltage":230,"voltClass":"220-287"},"geometry":{"type":"LineString","coordinates":[[-74.15068,40.96633],[-74.14998,40.95761],[-74.16753,40.96415],[-74.17437,40.96326],[-74.17705,40.95731],[-74.19103,40.95344],[-74.19341,40.95909],[-74.21661,40.95106],[-74.22273,40.95556]]}},{"type":"Feature","properties":{"id":"157132","type":"AC; UNDERGROUND","status":"IN SERVICE","owner":"PUBLIC SERVICE ELEC & GAS CO","voltage":230,"voltClass":"220-287"},"geometry":{"type":"LineString","coordinates":[[-74.12543,41.01688],[-74.1021,41.00668],[-74.09645,41.01085],[-74.0792,41.00758],[-74.07563,41.01144],[-74.06165,41.0049],[-74.04622,41.00789]]}},{"type":"Feature","properties":{"id":"157250","type":"AC; OVERHEAD","status":"IN SERVICE","owner":"JERSEY CENTRAL POWER & LT CO","voltage":230,"voltClass":"220-287"},"geometry":{"type":"LineString","coordinates":[[-74.31651,40.44098],[-74.31742,40.44099],[-74.31875,40.43974],[-74.32128,40.43827],[-74.32151,40.43839],[-74.32752,40.44145],[-74.3299,40.44266],[-74.33243,40.44402],[-74.33473,40.44534],[-74.33085,40.44757],[-74.33032,40.45008],[-74.32619,40.45194],[-74.32491,40.45485],[-74.32518,40.45766],[-74.32583,40.45994],[-74.32607,40.46069]]}},{"type":"Feature","properties":{"id":"157249","type":"AC; OVERHEAD","status":"IN SERVICE","owner":"PUBLIC SERVICE ELEC & GAS CO","voltage":230,"voltClass":"220-287"},"geometry":{"type":"LineString","coordinates":[[-75.13694,39.85901],[-75.13729,39.85834],[-75.13768,39.85856],[-75.13801,39.85839],[-75.14026,39.85551],[-75.14092,39.85455],[-75.14149,39.85338],[-75.14204,39.85226],[-75.14257,39.85115],[-75.14414,39.84784],[-75.14633,39.84299],[-75.14717,39.8419],[-75.14906,39.84167],[-75.15276,39.84283],[-75.15603,39.84271],[-75.16057,39.84516],[-75.16378,39.8461],[-75.1694,39.84626],[-75.17287,39.8463],[-75.17527,39.8438],[-75.17741,39.84126],[-75.18085,39.84039],[-75.18448,39.83923],[-75.18813,39.83809],[-75.18886,39.83735],[-75.18921,39.8371]]}},{"type":"Feature","properties":{"id":"157244","type":"OVERHEAD","status":null,"owner":"PUBLIC SERVICE ELEC & GAS CO","voltage":230,"voltClass":"220-287"},"geometry":{"type":"LineString","coordinates":[[-75.2214,39.8414],[-75.22099,39.84019],[-75.22104,39.83992]]}},{"type":"Feature","properties":{"id":"157354","type":"AC; OVERHEAD","status":"IN SERVICE","owner":"ATLANTIC CITY ELECTRIC CO","voltage":138,"voltClass":"100-161"},"geometry":{"type":"LineString","coordinates":[[-75.05804,39.44979],[-75.05703,39.44947],[-75.03357,39.4349],[-75.0214,39.43465],[-75.01869,39.43458],[-75.01572,39.43356],[-75.00978,39.43139],[-75.00672,39.4303],[-75.0032,39.42905],[-75.0006,39.42812],[-74.99832,39.42667],[-74.9961,39.42529],[-74.99374,39.42383],[-74.99246,39.42299],[-74.99081,39.4219],[-74.983,39.41716],[-74.98031,39.41549],[-74.97714,39.41352],[-74.97406,39.41162],[-74.97074,39.40956],[-74.96812,39.40794],[-74.96534,39.40621],[-74.9625,39.40444],[-74.95973,39.40271],[-74.95697,39.40102],[-74.95464,39.39955],[-74.95213,39.39801],[-74.95005,39.39676],[-74.9498,39.39648],[-74.95167,39.39535],[-74.95347,39.39423],[-74.95471,39.39233],[-74.95633,39.38973],[-74.95792,39.38701],[-74.95884,39.38528],[-74.95978,39.38319],[-74.96097,39.38075],[-74.96334,39.38142],[-74.96557,39.37664],[-74.96639,39.37611]]}},{"type":"Feature","properties":{"id":"157353","type":"OVERHEAD","status":null,"owner":null,"voltage":138,"voltClass":"100-161"},"geometry":{"type":"LineString","coordinates":[[-75.05804,39.44979],[-75.05786,39.45026],[-75.05786,39.45091]]}},{"type":"Feature","properties":{"id":"157628","type":"AC; OVERHEAD","status":"IN SERVICE","owner":"PUBLIC SERVICE ELEC & GAS CO","voltage":230,"voltClass":"220-287"},"geometry":{"type":"LineString","coordinates":[[-74.01649,40.83407],[-74.01309,40.83285],[-74.01257,40.83206]]}},{"type":"Feature","properties":{"id":"157629","type":"AC; UNDERGROUND","status":"IN SERVICE","owner":null,"voltage":345,"voltClass":"345"},"geometry":{"type":"LineString","coordinates":[[-74.01257,40.83206],[-73.98706,40.81218],[-73.98266,40.81054],[-73.9724,40.80721],[-73.99982,40.77027],[-73.99527,40.76833],[-73.9967,40.76637],[-73.99588,40.766]]}},{"type":"Feature","properties":{"id":"157630","type":"AC; UNDERGROUND","status":"IN SERVICE","owner":"PUBLIC SERVICE ELEC & GAS CO","voltage":345,"voltClass":"345"},"geometry":{"type":"LineString","coordinates":[[-74.17423,40.6692],[-74.10552,40.69422]]}},{"type":"Feature","properties":{"id":"157631","type":"AC; UNDERGROUND","status":"IN SERVICE","owner":"CONSOLIDATED EDISON CO-NY INC","voltage":345,"voltClass":"345"},"geometry":{"type":"LineString","coordinates":[[-73.99588,40.766],[-73.99571,40.76607],[-73.85698,40.95629],[-73.85637,40.9573]]}},{"type":"Feature","properties":{"id":"157634","type":"AC; UNDERGROUND","status":"IN SERVICE","owner":"PUBLIC SERVICE ELEC & GAS CO","voltage":230,"voltClass":"220-287"},"geometry":{"type":"LineString","coordinates":[[-74.22273,40.95556],[-74.2288,40.94422],[-74.22791,40.92102],[-74.23832,40.91269],[-74.24508,40.90678]]}},{"type":"Feature","properties":{"id":"157635","type":"AC; UNDERGROUND","status":"IN SERVICE","owner":"PUBLIC SERVICE ELEC & GAS CO","voltage":230,"voltClass":"220-287"},"geometry":{"type":"LineString","coordinates":[[-74.04622,41.00789],[-74.03131,40.98081],[-74.03309,40.95255],[-74.02752,40.93004]]}},{"type":"Feature","properties":{"id":"157636","type":"AC; UNDERGROUND","status":"IN SERVICE","owner":null,"voltage":345,"voltClass":"345"},"geometry":{"type":"LineString","coordinates":[[-74.12543,41.01688],[-74.14609,41.08662]]}},{"type":"Feature","properties":{"id":"157637","type":"AC; UNDERGROUND","status":"IN SERVICE","owner":"PUBLIC SERVICE ELEC & GAS CO","voltage":230,"voltClass":"220-287"},"geometry":{"type":"LineString","coordinates":[[-74.24508,40.90678],[-74.21759,40.86724]]}},{"type":"Feature","properties":{"id":"158198","type":"AC; OVERHEAD","status":"IN SERVICE","owner":"ATLANTIC CITY ELECTRIC CO","voltage":138,"voltClass":"100-161"},"geometry":{"type":"LineString","coordinates":[[-74.96639,39.37611],[-74.96554,39.37643],[-74.96544,39.37667],[-74.96443,39.37641],[-74.96386,39.37753],[-74.95718,39.37557],[-74.95512,39.37399],[-74.95055,39.37368],[-74.9491,39.37694],[-74.94837,39.37806]]}},{"type":"Feature","properties":{"id":"158199","type":"AC; OVERHEAD","status":"IN SERVICE","owner":"ATLANTIC CITY ELECTRIC CO","voltage":138,"voltClass":"100-161"},"geometry":{"type":"LineString","coordinates":[[-74.94837,39.37806],[-74.9479,39.37899],[-74.9485,39.37917],[-74.94978,39.37954],[-74.94916,39.38086],[-74.95453,39.38459],[-74.9642,39.38971],[-74.96502,39.3921],[-74.97956,39.40108],[-74.99149,39.40858],[-74.99875,39.41307],[-75.01656,39.42409],[-75.0184,39.42518],[-75.01827,39.42595]]}},{"type":"Feature","properties":{"id":"158200","type":"AC; OVERHEAD","status":"IN SERVICE","owner":"ATLANTIC CITY ELECTRIC CO","voltage":138,"voltClass":"100-161"},"geometry":{"type":"LineString","coordinates":[[-74.73965,39.19162],[-74.74056,39.19236],[-74.74085,39.19236],[-74.74123,39.19146],[-74.74732,39.19289],[-74.74827,39.19296],[-74.75054,39.19252],[-74.75284,39.19489],[-74.76362,39.20585],[-74.76465,39.20705],[-74.76561,39.20829],[-74.76752,39.2112],[-74.77743,39.22582],[-74.79049,39.23335],[-74.7925,39.23496],[-74.79694,39.23942],[-74.82451,39.26712],[-74.85006,39.29273],[-74.85069,39.29337],[-74.86647,39.30615],[-74.87579,39.31367],[-74.90808,39.33973],[-74.9369,39.36293],[-74.95021,39.37371],[-74.95003,39.37425],[-74.94891,39.37686],[-74.94837,39.37806]]}},{"type":"Feature","properties":{"id":"157086","type":"AC; UNDERGROUND","status":"IN SERVICE","owner":"CONSOLIDATED EDISON CO-NY INC","voltage":138,"voltClass":"100-161"},"geometry":{"type":"LineString","coordinates":[[-73.93823,40.75629],[-73.94693,40.75814]]}},{"type":"Feature","properties":{"id":"156884","type":"AC; OVERHEAD","status":"IN SERVICE","owner":"PPL ELECTRIC UTILITIES CORP","voltage":138,"voltClass":"100-161"},"geometry":{"type":"LineString","coordinates":[[-75.44671,40.91493],[-75.44624,40.91496]]}},{"type":"Feature","properties":{"id":"156920","type":"AC; OVERHEAD","status":"IN SERVICE","owner":"PPL ELECTRIC UTILITIES CORP","voltage":230,"voltClass":"220-287"},"geometry":{"type":"LineString","coordinates":[[-75.45041,41.28699],[-75.4505,41.28796],[-75.45244,41.28898],[-75.45937,41.29284],[-75.45438,41.2979],[-75.44983,41.30251],[-75.44507,41.30721],[-75.44028,41.31205],[-75.43811,41.31414],[-75.43045,41.30818],[-75.41976,41.30712],[-75.41139,41.31282],[-75.39933,41.31218],[-75.3921,41.31185],[-75.38882,41.3152],[-75.38733,41.31671],[-75.3747,41.31678],[-75.3719,41.31669],[-75.36015,41.32204],[-75.35523,41.32688],[-75.35312,41.32895],[-75.34853,41.32973],[-75.34551,41.33264],[-75.34543,41.33522],[-75.34621,41.33805],[-75.34613,41.34117],[-75.34569,41.34729],[-75.3454,41.35205],[-75.35276,41.35589],[-75.3582,41.35852],[-75.35904,41.36218],[-75.35923,41.36798],[-75.35401,41.37323],[-75.35128,41.376],[-75.34985,41.3817],[-75.34657,41.38354],[-75.34459,41.38555],[-75.3388,41.39141],[-75.33599,41.38986],[-75.32759,41.38503],[-75.3257,41.38706],[-75.32008,41.39281],[-75.31806,41.39363],[-75.31653,41.39597],[-75.31224,41.39673],[-75.30904,41.40178],[-75.30227,41.40881],[-75.29825,41.4129],[-75.29219,41.40952],[-75.28348,41.40845],[-75.28104,41.41001],[-75.27704,41.41437],[-75.27579,41.41605],[-75.27115,41.42034],[-75.27318,41.42466],[-75.2721,41.428],[-75.27165,41.43435],[-75.27139,41.43721],[-75.27215,41.43996],[-75.27537,41.442],[-75.27701,41.44762],[-75.27783,41.45065],[-75.27256,41.4558],[-75.27139,41.46107],[-75.27116,41.46197],[-75.2676,41.46576],[-75.26635,41.46704],[-75.2655,41.46788]]}},{"type":"Feature","properties":{"id":"157028","type":"AC; UNDERGROUND","status":"IN SERVICE","owner":"CONSOLIDATED EDISON CO-NY INC","voltage":345,"voltClass":"345"},"geometry":{"type":"LineString","coordinates":[[-74.00302,40.66195],[-73.98451,40.7051]]}},{"type":"Feature","properties":{"id":"157033","type":"AC; UNDERGROUND","status":"IN SERVICE","owner":"CONSOLIDATED EDISON CO-NY INC","voltage":138,"voltClass":"100-161"},"geometry":{"type":"LineString","coordinates":[[-73.89331,40.84945],[-73.91109,40.79907]]}},{"type":"Feature","properties":{"id":"157034","type":"AC; UNDERGROUND","status":"IN SERVICE","owner":"CONSOLIDATED EDISON CO-NY INC","voltage":138,"voltClass":"100-161"},"geometry":{"type":"LineString","coordinates":[[-73.91109,40.79907],[-73.90931,40.78769]]}},{"type":"Feature","properties":{"id":"157035","type":"AC; UNDERGROUND","status":"IN SERVICE","owner":"CONSOLIDATED EDISON CO-NY INC","voltage":138,"voltClass":"100-161"},"geometry":{"type":"LineString","coordinates":[[-73.93823,40.75629],[-73.90931,40.78769]]}},{"type":"Feature","properties":{"id":"157036","type":"AC; UNDERGROUND","status":"IN SERVICE","owner":"CONSOLIDATED EDISON CO-NY INC","voltage":138,"voltClass":"100-161"},"geometry":{"type":"LineString","coordinates":[[-73.91109,40.79907],[-73.9034,40.78383]]}},{"type":"Feature","properties":{"id":"157037","type":"AC; UNDERGROUND","status":"IN SERVICE","owner":"CONSOLIDATED EDISON CO-NY INC","voltage":138,"voltClass":"100-161"},"geometry":{"type":"LineString","coordinates":[[-73.8622,40.74021],[-73.9034,40.78383]]}},{"type":"Feature","properties":{"id":"157038","type":"AC; OVERHEAD","status":"IN SERVICE","owner":"CONSOLIDATED EDISON CO-NY INC","voltage":138,"voltClass":"100-161"},"geometry":{"type":"LineString","coordinates":[[-73.90931,40.78769],[-73.90642,40.78203]]}},{"type":"Feature","properties":{"id":"157039","type":"AC; OVERHEAD","status":"IN SERVICE","owner":"PUBLIC SERVICE ELEC & GAS CO","voltage":230,"voltClass":"220-287"},"geometry":{"type":"LineString","coordinates":[[-74.09857,40.73798],[-74.09764,40.73855],[-74.09647,40.73946],[-74.08958,40.7414],[-74.0798,40.74359],[-74.07724,40.74439],[-74.07667,40.74507],[-74.07625,40.74617],[-74.07655,40.74737],[-74.07427,40.74936],[-74.07298,40.74874],[-74.07266,40.74892],[-74.07331,40.7493]]}},{"type":"Feature","properties":{"id":"157040","type":"AC; OVERHEAD","status":"IN SERVICE","owner":null,"voltage":230,"voltClass":"220-287"},"geometry":{"type":"LineString","coordinates":[[-74.61638,40.51224],[-74.61676,40.51222],[-74.61756,40.51229],[-74.62449,40.51269],[-74.62919,40.51578],[-74.63283,40.51567],[-74.63641,40.51566],[-74.64043,40.51589],[-74.64495,40.51869],[-74.64826,40.51969],[-74.6649,40.52418],[-74.66761,40.52493],[-74.67069,40.52558],[-74.67413,40.52648],[-74.67762,40.52747],[-74.68096,40.52841],[-74.68435,40.52935],[-74.68693,40.53012],[-74.69027,40.53112],[-74.69341,40.53192],[-74.69697,40.53281],[-74.70041,40.53372],[-74.70371,40.53463],[-74.70688,40.53549],[-74.71005,40.53638],[-74.7136,40.53733],[-74.71717,40.53828],[-74.72037,40.53916],[-74.72367,40.54009],[-74.72691,40.541],[-74.73051,40.54198],[-74.73315,40.54271],[-74.73627,40.54356],[-74.73927,40.5444],[-74.74218,40.54435]]}},{"type":"Feature","properties":{"id":"157041","type":"AC; OVERHEAD","status":"IN SERVICE","owner":null,"voltage":230,"voltClass":"220-287"},"geometry":{"type":"LineString","coordinates":[[-74.74218,40.54435],[-74.74049,40.54505],[-74.73927,40.54467],[-74.73612,40.54385],[-74.73303,40.54301],[-74.73039,40.5423],[-74.72679,40.54131],[-74.72354,40.54037],[-74.72027,40.53944],[-74.71703,40.53856],[-74.71352,40.53762],[-74.70995,40.53666],[-74.70675,40.5358],[-74.70355,40.5349],[-74.70036,40.53404],[-74.69692,40.53308],[-74.69335,40.5322],[-74.69014,40.5314],[-74.68672,40.53046],[-74.68417,40.52968],[-74.68077,40.52873],[-74.67739,40.52779],[-74.67404,40.52678],[-74.67058,40.52582],[-74.66795,40.52521],[-74.66642,40.5259],[-74.64891,40.53362],[-74.64862,40.53391],[-74.65039,40.53579],[-74.65255,40.53799],[-74.65453,40.54001],[-74.65438,40.54262],[-74.65422,40.54525],[-74.65401,40.54781],[-74.65377,40.55041],[-74.65154,40.55249],[-74.64912,40.55454],[-74.64444,40.55874],[-74.6419,40.56066],[-74.63901,40.56255],[-74.63659,40.56379],[-74.62946,40.56336],[-74.62354,40.56048],[-74.62282,40.55781],[-74.62111,40.55689],[-74.61878,40.55973],[-74.61736,40.55958],[-74.61567,40.55925],[-74.61403,40.55904],[-74.61109,40.55855],[-74.60795,40.55799],[-74.60453,40.55749],[-74.60113,40.55699],[-74.59778,40.55654],[-74.59429,40.55601],[-74.59073,40.55546],[-74.5872,40.55496],[-74.58399,40.55449],[-74.5781,40.55258],[-74.57301,40.55154],[-74.56888,40.55535],[-74.56743,40.55683],[-74.56515,40.55964],[-74.56449,40.56022]]}},{"type":"Feature","properties":{"id":"157087","type":"AC; UNDERGROUND","status":"IN SERVICE","owner":"PUBLIC SERVICE ELEC & GAS CO","voltage":345,"voltClass":"345"},"geometry":{"type":"LineString","coordinates":[[-74.20595,40.6446],[-74.17423,40.6692]]}},{"type":"Feature","properties":{"id":"157083","type":"AC; UNDERGROUND","status":"IN SERVICE","owner":"CONSOLIDATED EDISON CO-NY INC","voltage":345,"voltClass":"345"},"geometry":{"type":"LineString","coordinates":[[-73.98451,40.7051],[-73.94568,40.75779],[-73.94303,40.76323]]}},{"type":"Feature","properties":{"id":"157068","type":"AC; OVERHEAD","status":"IN SERVICE","owner":null,"voltage":345,"voltClass":"345"},"geometry":{"type":"LineString","coordinates":[[-74.25838,41.30805],[-74.25825,41.30784],[-74.25832,41.3069],[-74.2577,41.30531],[-74.2568,41.3029],[-74.25596,41.30067],[-74.2547,41.29727],[-74.25343,41.29391],[-74.25232,41.29303],[-74.2505,41.29159],[-74.24904,41.29043],[-74.24927,41.28903],[-74.2495,41.28763],[-74.25004,41.28583],[-74.25091,41.28346],[-74.25164,41.28149],[-74.25265,41.27878],[-74.25342,41.2767],[-74.25334,41.27392],[-74.25316,41.27063],[-74.25252,41.26905],[-74.25128,41.26616],[-74.25057,41.26447],[-74.24987,41.26282],[-74.24906,41.26095],[-74.24813,41.25852],[-74.24714,41.25629],[-74.24609,41.25391],[-74.24552,41.25261],[-74.24408,41.24934],[-74.243,41.2469],[-74.24162,41.24344],[-74.24052,41.2409],[-74.2396,41.23871],[-74.23896,41.23722],[-74.23804,41.23502],[-74.23679,41.23207],[-74.2357,41.22948],[-74.23496,41.22772],[-74.23355,41.22437],[-74.23282,41.22264],[-74.23193,41.22053],[-74.23114,41.21864],[-74.22995,41.21582],[-74.2291,41.21379],[-74.22968,41.20869],[-74.22993,41.20651],[-74.23024,41.20404],[-74.23038,41.20267],[-74.23065,41.20022],[-74.23117,41.196],[-74.23166,41.19152],[-74.2322,41.18685],[-74.23247,41.18531],[-74.23264,41.18402],[-74.22751,41.18135],[-74.22588,41.1805],[-74.22161,41.1782],[-74.21959,41.17707],[-74.21656,41.17546],[-74.21212,41.17342],[-74.21218,41.17248],[-74.21242,41.16931],[-74.21257,41.16673],[-74.21293,41.1636],[-74.21333,41.16067],[-74.21287,41.15909],[-74.21274,41.15865],[-74.21235,41.1573],[-74.21054,41.15601],[-74.20879,41.15477],[-74.20761,41.1526],[-74.20649,41.15052],[-74.20402,41.14871],[-74.20241,41.14802],[-74.19809,41.14692],[-74.19611,41.14751],[-74.19407,41.14786],[-74.19305,41.14725],[-74.19186,41.14501],[-74.19042,41.1423],[-74.18651,41.14149],[-74.18554,41.14232],[-74.18284,41.14465],[-74.18193,41.14567],[-74.17929,41.14645],[-74.17691,41.14588],[-74.17451,41.14505],[-74.17212,41.14442],[-74.16933,41.14394],[-74.16804,41.14372],[-74.16633,41.1444],[-74.16457,41.1451],[-74.16213,41.14608],[-74.15947,41.14789],[-74.15714,41.14978],[-74.1566,41.14997],[-74.15554,41.15004]]}},{"type":"Feature","properties":{"id":"158335","type":"AC; OVERHEAD","status":"IN SERVICE","owner":null,"voltage":230,"voltClass":"220-287"},"geometry":{"type":"LineString","coordinates":[[-75.22104,39.83992],[-75.22102,39.8394],[-75.2218,39.83796],[-75.22509,39.837],[-75.22903,39.83579],[-75.22765,39.833],[-75.22601,39.83001],[-75.22504,39.82809],[-75.22192,39.82289],[-75.22011,39.81913],[-75.22665,39.81498],[-75.22955,39.81316],[-75.23859,39.81168],[-75.24155,39.81118],[-75.24446,39.81251],[-75.24772,39.81221],[-75.24843,39.8118],[-75.24921,39.81186]]}},{"type":"Feature","properties":{"id":"136814","type":"AC; OVERHEAD","status":"IN SERVICE","owner":"DELMARVA POWER","voltage":138,"voltClass":"100-161"},"geometry":{"type":"LineString","coordinates":[[-75.50479,39.74863],[-75.50463,39.74853],[-75.5047,39.74807],[-75.50479,39.74796],[-75.50476,39.74777]]}},{"type":"Feature","properties":{"id":"123478","type":"AC; OVERHEAD","status":"IN SERVICE","owner":"DELMARVA POWER","voltage":138,"voltClass":"100-161"},"geometry":{"type":"LineString","coordinates":[[-75.50476,39.74777],[-75.50495,39.74775],[-75.50519,39.74759],[-75.50569,39.7473],[-75.50582,39.74746]]}},{"type":"Feature","properties":{"id":"124526","type":"AC; OVERHEAD","status":"IN SERVICE","owner":"DELMARVA POWER","voltage":138,"voltClass":"100-161"},"geometry":{"type":"LineString","coordinates":[[-75.50479,39.74863],[-75.50582,39.74746]]}},{"type":"Feature","properties":{"id":"135965","type":"AC; OVERHEAD","status":"IN SERVICE","owner":"ATLANTIC CITY ELECTRIC CO","voltage":138,"voltClass":"100-161"},"geometry":{"type":"LineString","coordinates":[[-75.50731,39.68289],[-75.50706,39.6824],[-75.50633,39.68205],[-75.5038,39.68064],[-75.50115,39.67916],[-75.50041,39.67876],[-75.49917,39.67806],[-75.49651,39.67658],[-75.49391,39.67514],[-75.49046,39.67433],[-75.4871,39.67354],[-75.48381,39.67276],[-75.48057,39.672],[-75.47758,39.6713],[-75.47442,39.67055],[-75.47149,39.66986],[-75.46816,39.66946],[-75.46527,39.66911],[-75.46242,39.66876],[-75.45969,39.66842],[-75.45698,39.6681],[-75.45408,39.66741],[-75.45095,39.66667],[-75.44799,39.66597],[-75.44469,39.66519],[-75.44089,39.66429],[-75.43791,39.66358],[-75.43464,39.66281],[-75.43171,39.66211],[-75.42855,39.66137],[-75.42579,39.66071],[-75.42285,39.66006],[-75.42024,39.65948],[-75.41755,39.65888],[-75.41459,39.65823],[-75.41185,39.65762],[-75.40815,39.65679],[-75.40513,39.65612],[-75.40219,39.65547],[-75.39839,39.65463],[-75.39565,39.65402],[-75.39201,39.65321],[-75.38886,39.65252],[-75.38587,39.65187],[-75.38316,39.65127],[-75.37995,39.65057],[-75.37721,39.64997],[-75.37282,39.64901],[-75.36975,39.64833],[-75.36685,39.6477],[-75.36374,39.64702],[-75.3607,39.64635],[-75.35774,39.64571],[-75.35495,39.64509],[-75.352,39.64445],[-75.3478,39.64377],[-75.3441,39.64323],[-75.34105,39.64199],[-75.33776,39.6413],[-75.33436,39.64052],[-75.33201,39.63999],[-75.32926,39.63921],[-75.32708,39.63863],[-75.32401,39.6378],[-75.32151,39.63613],[-75.31738,39.63342],[-75.31507,39.6319],[-75.31236,39.63011],[-75.31015,39.62864],[-75.30737,39.6268],[-75.30487,39.62515],[-75.30436,39.62481],[-75.3015,39.62292],[-75.29926,39.62144],[-75.29683,39.61983],[-75.29444,39.61825],[-75.292,39.61664],[-75.28922,39.6148],[-75.28619,39.6128],[-75.28337,39.61093],[-75.28106,39.6094],[-75.27865,39.60781],[-75.27602,39.60607],[-75.27329,39.60426],[-75.27069,39.60254],[-75.25281,39.59071],[-75.25025,39.58902],[-75.24928,39.58838],[-75.2486,39.58805],[-75.24725,39.58842],[-75.24657,39.58658],[-75.24286,39.58413],[-75.24021,39.58237],[-75.23756,39.58062],[-75.2352,39.57906],[-75.23278,39.57746],[-75.23036,39.57585],[-75.22785,39.57419],[-75.22554,39.57266],[-75.22275,39.5708],[-75.18716,39.56328],[-75.18404,39.56262],[-75.18085,39.56193],[-75.17814,39.56135],[-75.17492,39.56067],[-75.17192,39.56002],[-75.16885,39.55937],[-75.16598,39.55875],[-75.16286,39.55809],[-75.1593,39.55733],[-75.15624,39.55667],[-75.15307,39.556],[-75.14947,39.55523],[-75.14671,39.55464],[-75.14353,39.55396],[-75.14038,39.55328],[-75.13399,39.55192],[-75.1275,39.55053],[-75.07981,39.54034],[-75.05304,39.5346],[-75.05158,39.53417],[-75.05112,39.53391]]}},{"type":"Feature","properties":{"id":"114553","type":"AC; OVERHEAD","status":"IN SERVICE","owner":"ATLANTIC CITY ELECTRIC CO","voltage":230,"voltClass":"220-287"},"geometry":{"type":"LineString","coordinates":[[-75.4243,39.76763],[-75.42459,39.76738],[-75.42488,39.76727],[-75.42569,39.76613],[-75.42529,39.76205],[-75.42251,39.76173],[-75.42094,39.76022],[-75.42117,39.75858],[-75.42164,39.75513],[-75.42261,39.75276],[-75.42353,39.75054],[-75.42436,39.74851],[-75.42497,39.74703],[-75.42566,39.74535],[-75.42643,39.74349],[-75.42713,39.74235],[-75.42839,39.74029],[-75.42965,39.73822],[-75.43056,39.73654],[-75.43145,39.7349],[-75.43331,39.73307],[-75.43523,39.73116],[-75.43714,39.72907],[-75.43804,39.72736],[-75.43919,39.72511],[-75.44023,39.72307],[-75.44137,39.72152],[-75.43933,39.72009],[-75.43755,39.71881],[-75.43616,39.71741],[-75.43489,39.71606],[-75.43722,39.71465],[-75.43919,39.71348],[-75.4416,39.71204],[-75.44295,39.71121],[-75.44476,39.71052],[-75.44618,39.70994],[-75.44913,39.70841],[-75.45064,39.70682],[-75.45282,39.70568],[-75.45406,39.70386],[-75.45642,39.70253],[-75.45807,39.70159],[-75.45974,39.70057],[-75.45956,39.69867],[-75.4581,39.6974],[-75.46013,39.69609],[-75.46211,39.69489],[-75.46522,39.69512],[-75.46708,39.69322],[-75.46899,39.6943],[-75.47061,39.69285],[-75.47212,39.69158],[-75.4734,39.69052],[-75.47583,39.69201],[-75.47827,39.69347],[-75.48066,39.69499],[-75.4822,39.69491],[-75.48391,39.69473],[-75.48471,39.69421]]}},{"type":"Feature","properties":{"id":"127706","type":"AC; OVERHEAD","status":"IN SERVICE","owner":"ATLANTIC CITY ELECTRIC CO","voltage":230,"voltClass":"220-287"},"geometry":{"type":"LineString","coordinates":[[-75.50153,39.6747],[-75.50286,39.67489],[-75.50223,39.67601],[-75.5019,39.67888],[-75.50042,39.67874],[-75.49998,39.67916],[-75.49808,39.68016],[-75.49657,39.68065],[-75.49526,39.68266],[-75.4942,39.68425],[-75.49339,39.68548],[-75.49231,39.68608],[-75.49007,39.68729],[-75.49013,39.68898],[-75.48805,39.6906],[-75.4862,39.69229],[-75.48559,39.69268],[-75.4841,39.69301],[-75.48348,39.69362],[-75.48296,39.69414],[-75.48387,39.6946],[-75.48471,39.69421]]}},{"type":"Feature","properties":{"id":"133078","type":"AC; OVERHEAD","status":"IN SERVICE","owner":null,"voltage":230,"voltClass":"220-287"},"geometry":{"type":"LineString","coordinates":[[-75.24921,39.81186],[-75.24953,39.81099],[-75.25198,39.80951],[-75.26382,39.80646],[-75.28319,39.80395],[-75.28911,39.80747],[-75.29047,39.80921],[-75.29941,39.80864],[-75.31197,39.8154],[-75.32177,39.81274],[-75.33163,39.81011],[-75.33492,39.80923],[-75.34297,39.80712],[-75.35297,39.80846],[-75.356,39.80887],[-75.35897,39.80928],[-75.36217,39.80941],[-75.36564,39.80955],[-75.36923,39.80969],[-75.37195,39.81196],[-75.37735,39.81644],[-75.38803,39.82935]]}},{"type":"Feature","properties":{"id":"124146","type":"AC; OVERHEAD","status":"IN SERVICE","owner":"ATLANTIC CITY ELECTRIC CO","voltage":230,"voltClass":"220-287"},"geometry":{"type":"LineString","coordinates":[[-75.24921,39.81186],[-75.24941,39.81091],[-75.24975,39.81044],[-75.25189,39.80936],[-75.25486,39.80859],[-75.25782,39.80783],[-75.26077,39.80707],[-75.26373,39.8063],[-75.26726,39.80585],[-75.27057,39.80541],[-75.27464,39.80491],[-75.27751,39.80452],[-75.27994,39.80421],[-75.2832,39.80379],[-75.28591,39.80536],[-75.2892,39.80737],[-75.29051,39.80907],[-75.2933,39.8089],[-75.29617,39.80868],[-75.2995,39.80849],[-75.30246,39.81005],[-75.30453,39.81121],[-75.30597,39.81196],[-75.30919,39.81369],[-75.31198,39.81523],[-75.31516,39.81432],[-75.31789,39.81361],[-75.3217,39.81259],[-75.32495,39.81178],[-75.32828,39.81082],[-75.33152,39.80997],[-75.3348,39.8091],[-75.33835,39.8082],[-75.34041,39.80765],[-75.34291,39.80695],[-75.3447,39.8072],[-75.3471,39.80753],[-75.35005,39.80791],[-75.35305,39.80831],[-75.35601,39.8087],[-75.35898,39.80913],[-75.36158,39.80922],[-75.36423,39.80935],[-75.36764,39.80948],[-75.37019,39.80908],[-75.37292,39.80904],[-75.37796,39.80488],[-75.37992,39.80372],[-75.38152,39.80235],[-75.38315,39.80097],[-75.38458,39.80015],[-75.38602,39.79936],[-75.38731,39.7985],[-75.38862,39.79764],[-75.39175,39.79709],[-75.39418,39.7965],[-75.3971,39.7958],[-75.39875,39.79544],[-75.39981,39.79524],[-75.40339,39.79306],[-75.4042,39.79244],[-75.40472,39.79306],[-75.40522,39.79315]]}},{"type":"Feature","properties":{"id":"149648","type":"AC; OVERHEAD","status":"IN SERVICE","owner":"ATLANTIC CITY ELECTRIC CO","voltage":230,"voltClass":"220-287"},"geometry":{"type":"LineString","coordinates":[[-75.40522,39.79315],[-75.40509,39.7928],[-75.40435,39.79205],[-75.40327,39.79286],[-75.40199,39.79147],[-75.40067,39.79001],[-75.3994,39.78865],[-75.39914,39.78662],[-75.40107,39.78564],[-75.40308,39.78475],[-75.40478,39.78421],[-75.4066,39.78366],[-75.40819,39.78323],[-75.41021,39.78133],[-75.41387,39.77799],[-75.4159,39.77623],[-75.41773,39.77594],[-75.41924,39.77455],[-75.42063,39.77335],[-75.42235,39.77294],[-75.42398,39.77083],[-75.42548,39.76868],[-75.42504,39.76763],[-75.4243,39.76763]]}},{"type":"Feature","properties":{"id":"120136","type":"AC; OVERHEAD","status":"IN SERVICE","owner":"PECO ENERGY CO","voltage":230,"voltClass":"220-287"},"geometry":{"type":"LineString","coordinates":[[-75.47277,40.05514],[-75.47512,40.05449],[-75.48048,40.05374],[-75.4853,40.05305],[-75.48977,40.05244],[-75.49382,40.0519],[-75.50336,40.05056],[-75.50699,40.05008],[-75.51147,40.04949],[-75.51675,40.04872],[-75.51979,40.0481],[-75.52337,40.04729],[-75.52683,40.0466],[-75.52996,40.04593],[-75.53363,40.04514],[-75.53734,40.04437],[-75.54091,40.04387],[-75.54521,40.04329],[-75.55052,40.04254],[-75.55451,40.04201],[-75.55843,40.04147],[-75.56261,40.04091],[-75.56754,40.04021],[-75.57083,40.03976],[-75.57488,40.03919],[-75.57952,40.03859],[-75.58256,40.03815],[-75.58314,40.03808],[-75.58585,40.03725],[-75.58536,40.03634]]}},{"type":"Feature","properties":{"id":"114925","type":"AC; OVERHEAD","status":"IN SERVICE","owner":"PECO ENERGY CO","voltage":230,"voltClass":"220-287"},"geometry":{"type":"LineString","coordinates":[[-75.58536,40.03634],[-75.58397,40.03623],[-75.58226,40.03773],[-75.57988,40.03807],[-75.57483,40.03876],[-75.56744,40.03977],[-75.55803,40.04106],[-75.55038,40.04213],[-75.54097,40.04339],[-75.53721,40.0439],[-75.53329,40.04474],[-75.52666,40.04614],[-75.51972,40.04759],[-75.51666,40.04823],[-75.51449,40.04857],[-75.51142,40.04899],[-75.50693,40.04966],[-75.50345,40.05014],[-75.49882,40.05074],[-75.48971,40.05202],[-75.48034,40.0533],[-75.47544,40.05394],[-75.47306,40.05459]]}},{"type":"Feature","properties":{"id":"117835","type":"AC; OVERHEAD","status":"IN SERVICE","owner":"PECO ENERGY CO","voltage":230,"voltClass":"220-287"},"geometry":{"type":"LineString","coordinates":[[-75.47306,40.05459],[-75.47283,40.05484]]}},{"type":"Feature","properties":{"id":"113185","type":"AC; OVERHEAD","status":"IN SERVICE","owner":"PECO ENERGY CO","voltage":230,"voltClass":"220-287"},"geometry":{"type":"LineString","coordinates":[[-75.47306,40.05459],[-75.47152,40.05498],[-75.46346,40.05714],[-75.45918,40.0583],[-75.45399,40.05967],[-75.44643,40.06173],[-75.44222,40.06286],[-75.4388,40.06505],[-75.43475,40.06782],[-75.43057,40.06743],[-75.42438,40.07008],[-75.41735,40.07305],[-75.41014,40.07602],[-75.40532,40.0776],[-75.3995,40.0792],[-75.39843,40.07942],[-75.39797,40.07865],[-75.39687,40.07944]]}},{"type":"Feature","properties":{"id":"150707","type":"AC; OVERHEAD","status":"IN SERVICE","owner":"PECO ENERGY CO","voltage":230,"voltClass":"220-287"},"geometry":{"type":"LineString","coordinates":[[-75.39687,40.07944],[-75.3973,40.07983],[-75.39918,40.07999],[-75.4016,40.07935],[-75.40398,40.0787],[-75.40566,40.07823],[-75.40796,40.07745],[-75.41049,40.07664],[-75.41215,40.0759],[-75.41373,40.0751],[-75.41762,40.07342],[-75.42103,40.07201],[-75.42464,40.07047],[-75.42778,40.06913],[-75.43066,40.06791],[-75.43492,40.06826],[-75.43924,40.06537],[-75.44256,40.06324],[-75.44669,40.0621],[-75.4505,40.06111],[-75.45425,40.0601],[-75.45929,40.05871],[-75.46341,40.0576],[-75.46778,40.05641],[-75.47169,40.05544],[-75.47277,40.05514]]}},{"type":"Feature","properties":{"id":"133394","type":"AC; OVERHEAD","status":"IN SERVICE","owner":"PECO ENERGY CO","voltage":230,"voltClass":"220-287"},"geometry":{"type":"LineString","coordinates":[[-75.34241,40.09341],[-75.34331,40.09374],[-75.34269,40.09441],[-75.34387,40.09412],[-75.34858,40.09269],[-75.3531,40.09136],[-75.36233,40.08859],[-75.36472,40.08816],[-75.36844,40.08745],[-75.37277,40.08663],[-75.3778,40.08568],[-75.38235,40.08487],[-75.38409,40.08402],[-75.38593,40.08332],[-75.3877,40.08262],[-75.38917,40.08201],[-75.39053,40.08121],[-75.39157,40.08107],[-75.3938,40.08021],[-75.3951,40.08003],[-75.39596,40.07953],[-75.39687,40.07944]]}},{"type":"Feature","properties":{"id":"102141","type":"AC; OVERHEAD","status":"IN SERVICE","owner":"PECO ENERGY CO","voltage":230,"voltClass":"220-287"},"geometry":{"type":"LineString","coordinates":[[-75.31001,40.17154],[-75.30924,40.16944],[-75.3085,40.16763],[-75.30309,40.16454],[-75.30012,40.1628],[-75.29235,40.15833],[-75.28908,40.15192],[-75.28783,40.14947],[-75.28961,40.14378],[-75.29114,40.13899],[-75.29273,40.13398],[-75.29511,40.12899],[-75.29615,40.12682],[-75.29725,40.12452],[-75.29956,40.11967],[-75.29958,40.11512],[-75.29954,40.11181],[-75.29958,40.10546],[-75.30092,40.10421],[-75.29958,40.10419]]}},{"type":"Feature","properties":{"id":"125962","type":"AC; OVERHEAD","status":"IN SERVICE","owner":"DELMARVA POWER","voltage":138,"voltClass":"100-161"},"geometry":{"type":"LineString","coordinates":[[-75.55855,39.67646],[-75.55835,39.67749],[-75.56,39.67685],[-75.56186,39.67782],[-75.56405,39.68071],[-75.56745,39.68506],[-75.5755,39.68543],[-75.57744,39.68564],[-75.57935,39.68664],[-75.58532,39.69089],[-75.58685,39.692],[-75.58931,39.69479],[-75.59052,39.69617],[-75.59439,39.69814],[-75.60194,39.69654],[-75.60328,39.69656]]}},{"type":"Feature","properties":{"id":"121953","type":"AC; OVERHEAD","status":"IN SERVICE","owner":"DELMARVA POWER","voltage":138,"voltClass":"100-161"},"geometry":{"type":"LineString","coordinates":[[-75.55855,39.67646],[-75.55733,39.67679],[-75.55714,39.67678],[-75.55594,39.67809],[-75.55381,39.68045],[-75.54773,39.68731],[-75.53993,39.696],[-75.53524,39.70134],[-75.5343,39.70275],[-75.53356,39.70428],[-75.53301,39.70579],[-75.53259,39.70746],[-75.53246,39.70921],[-75.53258,39.71093],[-75.53292,39.71249],[-75.53436,39.71579],[-75.53506,39.71713],[-75.53586,39.71868],[-75.53667,39.72036],[-75.5374,39.72158],[-75.53656,39.72231],[-75.53505,39.72343],[-75.53346,39.72459],[-75.5311,39.72643],[-75.5297,39.7276],[-75.52807,39.72886],[-75.52658,39.73002],[-75.52515,39.73103],[-75.52378,39.73192],[-75.52232,39.73297],[-75.5202,39.73372],[-75.51872,39.7351],[-75.51826,39.73684],[-75.51679,39.73798],[-75.5151,39.73914],[-75.51338,39.74016],[-75.51148,39.74116],[-75.51049,39.74131],[-75.50974,39.74081]]}},{"type":"Feature","properties":{"id":"148354","type":"AC; OVERHEAD","status":"IN SERVICE","owner":"DELMARVA POWER","voltage":138,"voltClass":"100-161"},"geometry":{"type":"LineString","coordinates":[[-75.50582,39.74746],[-75.50664,39.7465],[-75.50953,39.74434],[-75.51126,39.74314],[-75.50951,39.74252],[-75.50974,39.74081]]}},{"type":"Feature","properties":{"id":"137696","type":"AC; OVERHEAD","status":"IN SERVICE","owner":"DELMARVA POWER","voltage":138,"voltClass":"100-161"},"geometry":{"type":"LineString","coordinates":[[-75.50781,39.78129],[-75.50798,39.78083],[-75.50778,39.78057],[-75.508,39.77981],[-75.50891,39.77831],[-75.50979,39.77687],[-75.51064,39.77538],[-75.51148,39.77386],[-75.51238,39.77224],[-75.51231,39.77089],[-75.51236,39.7696],[-75.51223,39.76824],[-75.51432,39.76644],[-75.51596,39.76439],[-75.51515,39.76361],[-75.51313,39.76301],[-75.51216,39.76186],[-75.51068,39.76148],[-75.49986,39.75497],[-75.50084,39.75373],[-75.50108,39.75237],[-75.50255,39.75103],[-75.50379,39.7499],[-75.50486,39.74865],[-75.50588,39.74748],[-75.50671,39.74654],[-75.50727,39.7461],[-75.50962,39.7444],[-75.51137,39.74314],[-75.51022,39.74253],[-75.50969,39.74224],[-75.50974,39.74081]]}},{"type":"Feature","properties":{"id":"125330","type":"AC; OVERHEAD","status":"IN SERVICE","owner":"PUBLIC SERVICE ELEC & GAS CO","voltage":500,"voltClass":"500"},"geometry":{"type":"LineString","coordinates":[[-75.62609,39.60812],[-75.62554,39.60885],[-75.62357,39.6099],[-75.62013,39.61059],[-75.61783,39.61105],[-75.61492,39.61117],[-75.61261,39.61127],[-75.56705,39.61264],[-75.56553,39.61271],[-75.56315,39.61351],[-75.55995,39.61503],[-75.55797,39.61597],[-75.55658,39.61663],[-75.55133,39.61913],[-75.54614,39.62159],[-75.54169,39.6237],[-75.53662,39.6209],[-75.53222,39.61857],[-75.52798,39.61504],[-75.52354,39.61135],[-75.51893,39.6091],[-75.51362,39.60644],[-75.50923,39.60426],[-75.50535,39.59602],[-75.50343,39.59179],[-75.50141,39.58739],[-75.49938,39.58293],[-75.49765,39.57917],[-75.50024,39.57533],[-75.50288,39.57126],[-75.50407,39.56571],[-75.50496,39.56165],[-75.5059,39.5574],[-75.50626,39.54155],[-75.50105,39.53779],[-75.50309,39.53457],[-75.50689,39.52822],[-75.50948,39.52002],[-75.51091,39.51551],[-75.51236,39.51091],[-75.51678,39.498],[-75.5181,39.48886],[-75.51886,39.48414],[-75.51963,39.47937],[-75.52037,39.47481],[-75.52309,39.47207],[-75.52566,39.46948],[-75.52795,39.46724],[-75.53178,39.46805],[-75.53329,39.46781],[-75.53392,39.46745]]}},{"type":"Feature","properties":{"id":"132794","type":"AC; OVERHEAD","status":"IN SERVICE","owner":"DELMARVA POWER","voltage":230,"voltClass":"220-287"},"geometry":{"type":"LineString","coordinates":[[-75.50974,39.74081],[-75.50994,39.73962],[-75.51011,39.73963],[-75.51279,39.73995],[-75.51414,39.73983],[-75.51483,39.73977],[-75.51558,39.74012],[-75.51602,39.74032],[-75.51625,39.74043],[-75.51789,39.7412],[-75.52009,39.74088],[-75.52209,39.74059],[-75.52404,39.74031],[-75.52503,39.74139],[-75.52599,39.74246],[-75.52618,39.74351],[-75.52646,39.74512],[-75.52641,39.74525],[-75.52716,39.74498],[-75.52809,39.74469],[-75.52894,39.74424],[-75.53053,39.74335],[-75.53217,39.74247],[-75.53452,39.74116],[-75.53575,39.7405],[-75.53745,39.73958],[-75.54026,39.73806],[-75.54086,39.73769],[-75.54152,39.73741],[-75.54231,39.73712],[-75.54399,39.73655],[-75.54479,39.73641],[-75.54555,39.73625],[-75.54637,39.73618],[-75.54695,39.73615],[-75.54837,39.73624],[-75.54916,39.73642],[-75.5501,39.73666],[-75.55256,39.73772],[-75.55404,39.73828],[-75.55494,39.73862],[-75.55592,39.73891],[-75.55713,39.73923],[-75.55823,39.73926],[-75.55912,39.73922],[-75.56003,39.73904],[-75.56059,39.73884],[-75.5615,39.73847],[-75.56219,39.73796],[-75.56337,39.73684],[-75.56455,39.73561],[-75.56515,39.735],[-75.56648,39.7336],[-75.56762,39.73239],[-75.56875,39.73124],[-75.57244,39.72746],[-75.57584,39.72398],[-75.57645,39.7234],[-75.57711,39.72283],[-75.57849,39.72183],[-75.57999,39.72087],[-75.58153,39.72006],[-75.5831,39.71935],[-75.58481,39.71871],[-75.58655,39.71809],[-75.59151,39.71636],[-75.59388,39.71553],[-75.59906,39.71375],[-75.59996,39.7135],[-75.60086,39.71327],[-75.60272,39.71289],[-75.60647,39.71244],[-75.60877,39.71214],[-75.61041,39.71195],[-75.61238,39.71171],[-75.61426,39.71145],[-75.61618,39.71109],[-75.61813,39.71074],[-75.62189,39.71005],[-75.62465,39.70954],[-75.62932,39.70866],[-75.63574,39.70747],[-75.64462,39.70588],[-75.6463,39.70555],[-75.64719,39.70529],[-75.64913,39.70468],[-75.65089,39.70392],[-75.65358,39.70253],[-75.65541,39.70152],[-75.65944,39.69947],[-75.66024,39.69913],[-75.66369,39.69783],[-75.66987,39.69575],[-75.67538,39.69384],[-75.68286,39.69156],[-75.68664,39.69046],[-75.69138,39.68914],[-75.69515,39.68798],[-75.69565,39.68796],[-75.69597,39.6885],[-75.69526,39.69176],[-75.69384,39.69241],[-75.69361,39.69312]]}},{"type":"Feature","properties":{"id":"166667","type":"AC; OVERHEAD","status":"IN SERVICE","owner":"DELMARVA POWER","voltage":138,"voltClass":"100-161"},"geometry":{"type":"LineString","coordinates":[[-75.53898,39.75],[-75.53888,39.75022],[-75.53925,39.75041],[-75.53958,39.75033]]}},{"type":"Feature","properties":{"id":"166666","type":"AC; OVERHEAD","status":"IN SERVICE","owner":"DELMARVA POWER","voltage":138,"voltClass":"100-161"},"geometry":{"type":"LineString","coordinates":[[-75.50974,39.74081],[-75.50988,39.74209],[-75.51149,39.74301],[-75.5113,39.74468],[-75.51119,39.74609],[-75.51355,39.74781],[-75.51459,39.7485],[-75.51663,39.74905],[-75.51855,39.74954],[-75.52082,39.74863],[-75.52965,39.74393],[-75.53257,39.7451],[-75.53611,39.7472],[-75.53703,39.74635],[-75.53818,39.74678],[-75.53886,39.74733],[-75.53909,39.74819],[-75.53905,39.74886],[-75.53793,39.74995],[-75.53844,39.75028],[-75.53898,39.75]]}},{"type":"Feature","properties":{"id":"156184","type":"AC; OVERHEAD","status":"IN SERVICE","owner":"DELMARVA POWER","voltage":138,"voltClass":"100-161"},"geometry":{"type":"LineString","coordinates":[[-75.50781,39.78129],[-75.50884,39.78125],[-75.50919,39.78106],[-75.50877,39.78055],[-75.50833,39.78005],[-75.5092,39.7797],[-75.51015,39.77931],[-75.51113,39.77898],[-75.51299,39.77845],[-75.51816,39.77716],[-75.52126,39.7764],[-75.52334,39.7758],[-75.52446,39.77538],[-75.52645,39.77456],[-75.52727,39.77411],[-75.52892,39.77316],[-75.5316,39.77113],[-75.53382,39.76931],[-75.5353,39.76828],[-75.53609,39.76779],[-75.53781,39.7668],[-75.54052,39.76558],[-75.54238,39.76487],[-75.54325,39.76459],[-75.54643,39.76368],[-75.55093,39.76241],[-75.55301,39.76178],[-75.5548,39.76128],[-75.55565,39.7611],[-75.55748,39.76059],[-75.56022,39.75969],[-75.5614,39.75926],[-75.56316,39.7582],[-75.56487,39.75734],[-75.56677,39.75673],[-75.56766,39.7564],[-75.56852,39.75604],[-75.571,39.75469],[-75.57503,39.7527],[-75.57731,39.7515]]}},{"type":"Feature","properties":{"id":"166671","type":"AC; UNDERGROUND","status":null,"owner":"DELMARVA POWER","voltage":138,"voltClass":"100-161"},"geometry":{"type":"LineString","coordinates":[[-75.55521,39.7607],[-75.53958,39.75033]]}},{"type":"Feature","properties":{"id":"166672","type":"AC; OVERHEAD","status":"IN SERVICE","owner":"DELMARVA POWER","voltage":138,"voltClass":"100-161"},"geometry":{"type":"LineString","coordinates":[[-75.55521,39.7607],[-75.55553,39.76107],[-75.55469,39.76125],[-75.55091,39.76236],[-75.54331,39.76453],[-75.54234,39.76485],[-75.54136,39.7652],[-75.54052,39.76553],[-75.53858,39.76641],[-75.53778,39.76676],[-75.53607,39.76773],[-75.53523,39.76826],[-75.53378,39.76927],[-75.53231,39.77047],[-75.53161,39.77106],[-75.52883,39.77317],[-75.52636,39.77455],[-75.5244,39.77535],[-75.52326,39.77577],[-75.52121,39.77635],[-75.51801,39.77713],[-75.51199,39.77866],[-75.5101,39.77924],[-75.50825,39.78003],[-75.50901,39.78098],[-75.50879,39.78112],[-75.50781,39.78129]]}},{"type":"Feature","properties":{"id":"141671","type":"AC; OVERHEAD","status":"IN SERVICE","owner":"DELMARVA POWER","voltage":138,"voltClass":"100-161"},"geometry":{"type":"LineString","coordinates":[[-75.49883,39.79704],[-75.49918,39.7968],[-75.49963,39.79639],[-75.49727,39.79244],[-75.49548,39.78915],[-75.49572,39.78819],[-75.49996,39.78473],[-75.50211,39.78307],[-75.50441,39.78154],[-75.50556,39.78076],[-75.50792,39.77975],[-75.5097,39.77684],[-75.51138,39.77386],[-75.51228,39.77223],[-75.51217,39.76958],[-75.51211,39.7682],[-75.51421,39.76641],[-75.51585,39.76442],[-75.5151,39.76368],[-75.51307,39.76309],[-75.51209,39.76193],[-75.51065,39.76157],[-75.50621,39.75891],[-75.50343,39.75721],[-75.49966,39.75496],[-75.50074,39.75369],[-75.50098,39.75236],[-75.50249,39.75099],[-75.5037,39.74987],[-75.50479,39.74863]]}},{"type":"Feature","properties":{"id":"158378","type":"AC; OVERHEAD","status":"IN SERVICE","owner":"PUBLIC SERVICE ELEC & GAS CO","voltage":230,"voltClass":"220-287"},"geometry":{"type":"LineString","coordinates":[[-75.13694,39.85901],[-75.1373,39.85841],[-75.13768,39.85862],[-75.13804,39.85843],[-75.1403,39.85554],[-75.14096,39.85458],[-75.14154,39.85341],[-75.14208,39.85228],[-75.14261,39.85118],[-75.14418,39.84786],[-75.14638,39.84302],[-75.1472,39.84195],[-75.14906,39.84172],[-75.15275,39.84288],[-75.15602,39.84276],[-75.16055,39.8452],[-75.16377,39.84615],[-75.1694,39.84631],[-75.1729,39.84635],[-75.17531,39.84383],[-75.17744,39.8413],[-75.18086,39.84044],[-75.1845,39.83928],[-75.18816,39.83813],[-75.18913,39.83741],[-75.18921,39.8371]]}},{"type":"Feature","properties":{"id":"158379","type":"AC; OVERHEAD","status":"IN SERVICE","owner":"JERSEY CENTRAL POWER & LT CO","voltage":230,"voltClass":"220-287"},"geometry":{"type":"LineString","coordinates":[[-74.24291,40.39762],[-74.24277,40.39705],[-74.2422,40.39684],[-74.24278,40.39511],[-74.24356,40.39279],[-74.24443,40.39019],[-74.24526,40.38769],[-74.24618,40.38494],[-74.24952,40.37505],[-74.25024,40.36941],[-74.25229,40.36976],[-74.26013,40.37181],[-74.26446,40.37596],[-74.26652,40.37811],[-74.27065,40.38225],[-74.2714,40.38403],[-74.27327,40.38595],[-74.2788,40.39162],[-74.28419,40.39715],[-74.2865,40.39949],[-74.28997,40.40592],[-74.29654,40.41655],[-74.29987,40.41762],[-74.30218,40.41989],[-74.30447,40.42215],[-74.31076,40.4285],[-74.31303,40.43079],[-74.31513,40.4329],[-74.31707,40.43486],[-74.31934,40.43723],[-74.3212,40.43823],[-74.3187,40.43968],[-74.31739,40.44094],[-74.3169,40.44088],[-74.31651,40.44098]]}},{"type":"Feature","properties":{"id":"158461","type":"AC; OVERHEAD","status":"IN SERVICE","owner":null,"voltage":230,"voltClass":"220-287"},"geometry":{"type":"LineString","coordinates":[[-75.18921,39.8371],[-75.18958,39.83707],[-75.19344,39.83421],[-75.19632,39.83247],[-75.19929,39.83077],[-75.20223,39.82903],[-75.20385,39.82657],[-75.20543,39.82411],[-75.20757,39.82195],[-75.20971,39.81975],[-75.21156,39.81787],[-75.21442,39.8183],[-75.21739,39.81873],[-75.22016,39.81886],[-75.22373,39.81675],[-75.22661,39.81491],[-75.2295,39.81305],[-75.23253,39.81256],[-75.23556,39.81205],[-75.23859,39.81156],[-75.24161,39.81105],[-75.24448,39.81237],[-75.24766,39.81209],[-75.24835,39.81142],[-75.24921,39.81186]]}},{"type":"Feature","properties":{"id":"157071","type":"AC; OVERHEAD","status":"IN SERVICE","owner":"CENTRAL HUDSON GAS & ELEC CORP","voltage":345,"voltClass":"345"},"geometry":{"type":"LineString","coordinates":[[-74.19691,41.46769],[-74.19684,41.46722],[-74.19677,41.46658],[-74.19574,41.46578],[-74.1953,41.46544],[-74.19503,41.46523],[-74.19581,41.46301],[-74.19651,41.46101],[-74.19709,41.45954],[-74.19952,41.45258],[-74.20117,41.44789],[-74.20088,41.44545],[-74.20074,41.44299],[-74.20053,41.44072],[-74.20038,41.43913],[-74.20023,41.43741],[-74.20009,41.43575],[-74.19983,41.43263],[-74.19967,41.43068],[-74.19936,41.42729],[-74.19901,41.42528],[-74.19981,41.42331],[-74.20109,41.42142],[-74.20168,41.41935],[-74.20233,41.41718],[-74.20302,41.41477],[-74.20363,41.41262],[-74.20417,41.41074],[-74.20478,41.4086],[-74.20574,41.40523],[-74.20618,41.40358],[-74.20681,41.40145],[-74.20611,41.39962],[-74.20622,41.39798],[-74.20633,41.3957],[-74.20644,41.39375],[-74.20658,41.39123],[-74.20436,41.39036],[-74.20207,41.38946],[-74.20139,41.38726],[-74.20177,41.38481],[-74.20197,41.38325],[-74.2064,41.37739],[-74.20745,41.37605],[-74.20755,41.37349],[-74.20769,41.37162],[-74.2078,41.3695],[-74.208,41.36572],[-74.20813,41.36365],[-74.20835,41.3594],[-74.20944,41.35779],[-74.21047,41.35622],[-74.21125,41.35508],[-74.21285,41.35269],[-74.21422,41.35056],[-74.21559,41.34944],[-74.21866,41.34665],[-74.22093,41.34449],[-74.2227,41.34291],[-74.2244,41.3414],[-74.22597,41.34],[-74.22783,41.33835],[-74.22959,41.33678],[-74.23134,41.33522],[-74.23396,41.33289],[-74.23468,41.33264],[-74.23558,41.33233],[-74.23754,41.33053],[-74.23976,41.32855],[-74.24254,41.32604],[-74.2444,41.32436],[-74.24641,41.32255],[-74.24713,41.3219],[-74.24918,41.32005],[-74.25085,41.31854],[-74.25296,41.31664],[-74.25493,41.31486],[-74.25695,41.31303],[-74.2571,41.31271],[-74.2581,41.31056],[-74.2584,41.30839],[-74.25847,41.30782],[-74.25837,41.30689],[-74.25775,41.30529],[-74.25685,41.30288],[-74.25601,41.30065],[-74.25475,41.29725],[-74.25347,41.29388],[-74.25235,41.29299],[-74.25053,41.29155],[-74.24909,41.29041],[-74.24932,41.28904],[-74.24955,41.28765],[-74.25008,41.28584],[-74.25096,41.28348],[-74.25169,41.28151],[-74.25269,41.2788],[-74.25347,41.27671],[-74.25339,41.27392],[-74.25321,41.27062],[-74.25257,41.26903],[-74.25133,41.26614],[-74.25062,41.26445],[-74.24992,41.26281],[-74.24911,41.26093],[-74.24817,41.2585],[-74.24719,41.25627],[-74.24614,41.25389],[-74.24557,41.25259],[-74.24412,41.24932],[-74.24305,41.24688],[-74.24167,41.24343],[-74.24057,41.24088],[-74.23964,41.23869],[-74.23901,41.2372],[-74.23808,41.235],[-74.23684,41.23205],[-74.23575,41.22946],[-74.23501,41.2277],[-74.2336,41.22435],[-74.23287,41.22262],[-74.23198,41.22051],[-74.23119,41.21862],[-74.23,41.2158],[-74.22915,41.21378],[-74.22972,41.20869],[-74.22998,41.20652],[-74.23029,41.20405],[-74.23043,41.20267],[-74.2307,41.20022],[-74.23122,41.196],[-74.23171,41.19152],[-74.23225,41.18686],[-74.23252,41.18532],[-74.23269,41.18399],[-74.22753,41.18131],[-74.22591,41.18046],[-74.22164,41.17815],[-74.21961,41.17703],[-74.21658,41.17542],[-74.21217,41.17339],[-74.21223,41.17249],[-74.21247,41.16931],[-74.21262,41.16673],[-74.21298,41.16361],[-74.21338,41.16067],[-74.21292,41.15907],[-74.21279,41.15863],[-74.21239,41.15727],[-74.21057,41.15597],[-74.20882,41.15473],[-74.20766,41.15258],[-74.20653,41.15048],[-74.20404,41.14867],[-74.20242,41.14797],[-74.19809,41.14687],[-74.1961,41.14746],[-74.19408,41.14781],[-74.19309,41.14721],[-74.19191,41.14499],[-74.19046,41.14225],[-74.1865,41.14143],[-74.18551,41.14229],[-74.1828,41.14461],[-74.1819,41.14563],[-74.17929,41.1464],[-74.17692,41.14583],[-74.17452,41.145],[-74.17213,41.14437],[-74.16934,41.14389],[-74.16804,41.14366],[-74.16631,41.14435],[-74.16456,41.14505],[-74.16211,41.14603],[-74.15944,41.14785],[-74.15711,41.14973],[-74.15659,41.14992],[-74.15554,41.15004]]}},{"type":"Feature","properties":{"id":"144259","type":"AC; OVERHEAD","status":"IN SERVICE","owner":"ROCKLAND ELECTRIC CO","voltage":345,"voltClass":"345"},"geometry":{"type":"LineString","coordinates":[[-74.15554,41.15004],[-74.15492,41.15054],[-74.15431,41.15096],[-74.15259,41.15208],[-74.15071,41.15127],[-74.15082,41.14826],[-74.15089,41.14631],[-74.15094,41.14471],[-74.1511,41.14178],[-74.15115,41.14014],[-74.15127,41.13685],[-74.15137,41.13495],[-74.15327,41.13385],[-74.15523,41.13266],[-74.1579,41.13108],[-74.15945,41.13016],[-74.16125,41.12909],[-74.16416,41.12737],[-74.1631,41.12575],[-74.16278,41.12489],[-74.16205,41.12301],[-74.16156,41.1216],[-74.16109,41.12029],[-74.16076,41.11872],[-74.15965,41.11723],[-74.15921,41.11541],[-74.15884,41.11368],[-74.15834,41.1123],[-74.15775,41.11078],[-74.15705,41.10897],[-74.1562,41.10755],[-74.15618,41.10675],[-74.15554,41.10551],[-74.15359,41.10504],[-74.15215,41.10466],[-74.15087,41.10383],[-74.14971,41.10208],[-74.14931,41.10061],[-74.14924,41.09941],[-74.14892,41.09832],[-74.14855,41.09662],[-74.14815,41.09471],[-74.14764,41.09264],[-74.14716,41.09116],[-74.14684,41.08941],[-74.14659,41.08775],[-74.14597,41.08684],[-74.14609,41.08662]]}},{"type":"Feature","properties":{"id":"158050","type":"AC; OVERHEAD","status":"IN SERVICE","owner":"ATLANTIC CITY ELECTRIC CO","voltage":230,"voltClass":"220-287"},"geometry":{"type":"LineString","coordinates":[[-75.50153,39.6747],[-75.50057,39.67316],[-75.49991,39.67135],[-75.49895,39.66869],[-75.49808,39.6663],[-75.49497,39.6649],[-75.492,39.66355],[-75.48894,39.66217],[-75.48622,39.66094],[-75.48331,39.65953],[-75.48033,39.65811],[-75.47704,39.65704],[-75.47376,39.65598],[-75.47049,39.65492],[-75.4678,39.65404],[-75.46027,39.6516],[-75.45338,39.64936],[-75.45036,39.64804],[-75.44739,39.64675],[-75.44432,39.64541],[-75.44148,39.64418],[-75.43557,39.6416],[-75.43247,39.64028],[-75.42941,39.63893],[-75.42671,39.63677],[-75.42427,39.63473],[-75.42176,39.63271],[-75.41923,39.63068],[-75.41677,39.62863],[-75.41446,39.62669],[-75.41212,39.62484],[-75.4098,39.62295],[-75.40734,39.62097],[-75.4049,39.61897],[-75.40245,39.61697],[-75.40013,39.61507],[-75.39794,39.61327],[-75.39576,39.61148],[-75.39359,39.60972],[-75.39121,39.60776],[-75.38874,39.60574],[-75.38555,39.60426],[-75.38238,39.60278],[-75.37933,39.60136],[-75.37625,39.59993],[-75.37339,39.59859],[-75.37004,39.59703],[-75.36671,39.59548],[-75.36337,39.59392],[-75.36018,39.59243],[-75.35699,39.59095],[-75.35372,39.58942],[-75.35077,39.58788],[-75.34782,39.58634],[-75.34492,39.58482],[-75.34198,39.58327],[-75.33903,39.58173],[-75.3358,39.58004],[-75.33273,39.57843],[-75.32952,39.57675],[-75.32672,39.57528],[-75.32363,39.57366],[-75.32055,39.57205],[-75.31745,39.57043],[-75.31439,39.56882],[-75.3113,39.56721],[-75.30825,39.56561],[-75.3071,39.565],[-75.30659,39.56474],[-75.30611,39.56449],[-75.30206,39.56237],[-75.29896,39.56074],[-75.29588,39.55913],[-75.29282,39.55752],[-75.28981,39.55594],[-75.28201,39.55539],[-75.27797,39.55511],[-75.27753,39.55514],[-75.27451,39.55537],[-75.27112,39.55562],[-75.26764,39.55584],[-75.2642,39.55606],[-75.26077,39.55629],[-75.25723,39.55653],[-75.25606,39.5591],[-75.25491,39.56162],[-75.25108,39.56176],[-75.24719,39.5619],[-75.24331,39.56204],[-75.2394,39.56219],[-75.23547,39.56233],[-75.23221,39.56123],[-75.22903,39.56016],[-75.22577,39.55906],[-75.22251,39.55796],[-75.21925,39.55687],[-75.21278,39.55469],[-75.20954,39.55359],[-75.20609,39.55243],[-75.20269,39.55128],[-75.19917,39.5501],[-75.19591,39.54516],[-75.19432,39.5427],[-75.19277,39.5403],[-75.19162,39.53851],[-75.19108,39.53768],[-75.18781,39.5372],[-75.15781,39.53291],[-75.15448,39.5324],[-75.12829,39.51711],[-75.12666,39.5146],[-75.12502,39.51207],[-75.12335,39.50951],[-75.12168,39.50692],[-75.12013,39.50453],[-75.11856,39.50211],[-75.11679,39.49912],[-75.11455,39.49701],[-75.11221,39.49482],[-75.11012,39.49285],[-75.10774,39.49061],[-75.10537,39.48838],[-75.10302,39.48617],[-75.0983,39.48173],[-75.09593,39.47951],[-75.09352,39.47724],[-75.09049,39.47581],[-75.08733,39.47431],[-75.08493,39.47318],[-75.08244,39.472],[-75.07932,39.47052],[-75.07797,39.46825],[-75.07662,39.46597],[-75.07523,39.46363],[-75.07387,39.46132],[-75.07248,39.45898],[-75.0714,39.45759],[-75.06937,39.457],[-75.06696,39.45551],[-75.06441,39.45395],[-75.06192,39.45242],[-75.05941,39.45088],[-75.05865,39.45149],[-75.0566,39.4514],[-75.05624,39.44896],[-75.05623,39.44895],[-75.05499,39.44807],[-75.03358,39.43484],[-75.0214,39.43459],[-75.0187,39.43453],[-75.01574,39.4335],[-75.0098,39.43134],[-75.00674,39.43025],[-75.00322,39.429],[-75.00062,39.42807],[-74.99835,39.42663],[-74.99613,39.42524],[-74.99377,39.42378],[-74.99249,39.42295],[-74.99084,39.42185],[-74.98303,39.41711],[-74.98034,39.41544],[-74.97717,39.41347],[-74.97409,39.41157],[-74.97077,39.40951],[-74.96815,39.40789],[-74.96537,39.40616],[-74.96253,39.4044],[-74.95976,39.40267],[-74.957,39.40097],[-74.95467,39.39951],[-74.95231,39.39804],[-74.95016,39.39669],[-74.95192,39.39558],[-74.95381,39.39445],[-74.95504,39.39244],[-74.95661,39.38983],[-74.95826,39.38713],[-74.95918,39.38537],[-74.96015,39.38332],[-74.96122,39.38116],[-74.96355,39.38186],[-74.96434,39.38013],[-74.96516,39.37847],[-74.96669,39.37667],[-74.96639,39.37611]]}},{"type":"Feature","properties":{"id":"158130","type":"AC; OVERHEAD","status":"IN SERVICE","owner":null,"voltage":230,"voltClass":"220-287"},"geometry":{"type":"LineString","coordinates":[[-75.18921,39.8371],[-75.19058,39.83627],[-75.19341,39.83417],[-75.19629,39.83242],[-75.19927,39.83072],[-75.2022,39.82899],[-75.20381,39.82654],[-75.20539,39.82408],[-75.20754,39.82191],[-75.20968,39.81971],[-75.21155,39.81782],[-75.21442,39.81825],[-75.21739,39.81868],[-75.22015,39.81881],[-75.22371,39.81671],[-75.22659,39.81486],[-75.22948,39.81301],[-75.23253,39.81251],[-75.23555,39.81201],[-75.23858,39.81151],[-75.24162,39.811],[-75.24449,39.81232],[-75.24765,39.81204],[-75.24835,39.81163],[-75.24921,39.81186]]}},{"type":"Feature","properties":{"id":"116072","type":"AC; OVERHEAD","status":"IN SERVICE","owner":null,"voltage":230,"voltClass":"220-287"},"geometry":{"type":"LineString","coordinates":[[-74.96276,39.741],[-74.96406,39.74177],[-74.96468,39.74223],[-74.96686,39.74339],[-74.96733,39.74601],[-74.96778,39.74855],[-74.96825,39.75121],[-74.97042,39.75257],[-74.97265,39.75396],[-74.97484,39.75533],[-74.97708,39.75673],[-74.9782,39.75929],[-74.97912,39.76138],[-74.98015,39.76373],[-74.98112,39.76594],[-74.98014,39.76807],[-74.97961,39.77007],[-74.98226,39.77057],[-74.98559,39.77105],[-74.98904,39.77161],[-74.99209,39.77353],[-74.99558,39.77541],[-74.99867,39.77708],[-75.00072,39.77841],[-75.00334,39.77996],[-75.00601,39.78153],[-75.01037,39.7839],[-75.01637,39.7871],[-75.01926,39.78864],[-75.02168,39.78998],[-75.02349,39.79098],[-75.0263,39.79143],[-75.02911,39.79188],[-75.03238,39.7924],[-75.03684,39.80079],[-75.03832,39.80383],[-75.03929,39.80551],[-75.04211,39.81052],[-75.04575,39.81017],[-75.04984,39.80977],[-75.05312,39.80946],[-75.05664,39.80913],[-75.05972,39.80776],[-75.06162,39.80691],[-75.06472,39.80534],[-75.06683,39.80623],[-75.0688,39.80706],[-75.07086,39.80663],[-75.07112,39.80768],[-75.07097,39.80887],[-75.07065,39.8115],[-75.07047,39.81292],[-75.07038,39.8144],[-75.0704,39.81584],[-75.07059,39.81723],[-75.07093,39.81877],[-75.07123,39.82022],[-75.07123,39.82162],[-75.07008,39.82585],[-75.06968,39.82714],[-75.06957,39.82766],[-75.06942,39.82839],[-75.06971,39.82985],[-75.07001,39.83132],[-75.07023,39.83264],[-75.07027,39.83419],[-75.07028,39.8357],[-75.0703,39.83721],[-75.07033,39.83842],[-75.07039,39.83962],[-75.07042,39.84103],[-75.07064,39.84212],[-75.07129,39.84338],[-75.07188,39.84451],[-75.07265,39.84603],[-75.07329,39.84727],[-75.0738,39.84827],[-75.07445,39.84943],[-75.07512,39.85077],[-75.07575,39.85201],[-75.07642,39.85328],[-75.07716,39.85469],[-75.07914,39.85841],[-75.07963,39.85945],[-75.08038,39.86092],[-75.07986,39.86125]]}},{"type":"Feature","properties":{"id":"103828","type":"AC; OVERHEAD","status":"IN SERVICE","owner":null,"voltage":230,"voltClass":"220-287"},"geometry":{"type":"LineString","coordinates":[[-75.10858,40.80038],[-75.1079,40.80013],[-75.10207,40.80211],[-75.09856,40.79859],[-75.09535,40.79718],[-75.09213,40.79582],[-75.095,40.79351],[-75.09813,40.791],[-75.1012,40.78855],[-75.1045,40.78591],[-75.10745,40.78356],[-75.11073,40.78094],[-75.11391,40.7784],[-75.1169,40.77601],[-75.12015,40.77342],[-75.12314,40.77103],[-75.12585,40.76887],[-75.12975,40.76574],[-75.13159,40.76428],[-75.13457,40.76189],[-75.13755,40.75951],[-75.14054,40.75712],[-75.14356,40.75474],[-75.14656,40.75238],[-75.14961,40.74998],[-75.15021,40.74736],[-75.15088,40.74438],[-75.15165,40.74099],[-75.15237,40.73783],[-75.15298,40.73519],[-75.15347,40.73303],[-75.15403,40.73056],[-75.15466,40.72784],[-75.15533,40.72488],[-75.15601,40.72191],[-75.1567,40.71891],[-75.15737,40.71596],[-75.15806,40.71295],[-75.15873,40.71],[-75.1594,40.70708]]}},{"type":"Feature","properties":{"id":"144543","type":"AC; OVERHEAD","status":"IN SERVICE","owner":null,"voltage":230,"voltClass":"220-287"},"geometry":{"type":"LineString","coordinates":[[-75.16213,40.56873],[-75.16217,40.56929],[-75.16155,40.56965],[-75.16337,40.57147],[-75.16483,40.57387],[-75.16632,40.57631],[-75.16649,40.57799],[-75.16562,40.58075],[-75.16471,40.58362],[-75.16466,40.5838],[-75.16389,40.58624],[-75.16303,40.58897],[-75.16227,40.59139],[-75.16139,40.59417],[-75.16053,40.59692],[-75.15966,40.59967],[-75.15879,40.60244],[-75.15686,40.60543],[-75.15536,40.60776],[-75.15368,40.61036],[-75.15222,40.61262],[-75.15054,40.61524],[-75.1487,40.61809],[-75.14731,40.62044],[-75.14557,40.62313],[-75.14392,40.62567],[-75.14377,40.62589],[-75.1419,40.6285],[-75.1416,40.62889],[-75.13806,40.63368],[-75.13618,40.63625],[-75.13604,40.6365],[-75.13601,40.63655],[-75.13456,40.63913],[-75.13326,40.64145],[-75.13162,40.64438],[-75.12996,40.64734],[-75.13015,40.64941],[-75.13034,40.65144],[-75.13065,40.65474],[-75.13096,40.658],[-75.13128,40.66133],[-75.13159,40.66462],[-75.13185,40.66758],[-75.13188,40.6679],[-75.13228,40.67182],[-75.13231,40.6722],[-75.13246,40.67416],[-75.13497,40.67649],[-75.13748,40.67883],[-75.14,40.68117],[-75.14251,40.6835],[-75.14503,40.68585],[-75.14746,40.68811],[-75.15016,40.69061],[-75.1528,40.69306],[-75.15558,40.69565],[-75.15829,40.69817],[-75.16081,40.70051],[-75.16006,40.70377],[-75.15932,40.70702],[-75.15865,40.70998],[-75.15797,40.71293],[-75.15729,40.71594],[-75.15661,40.71889],[-75.15592,40.72189],[-75.15525,40.72486],[-75.15457,40.72782],[-75.15395,40.73054],[-75.15338,40.73301],[-75.15289,40.73517],[-75.15229,40.73781],[-75.15157,40.74097],[-75.1508,40.74436],[-75.15012,40.74734],[-75.14953,40.74993],[-75.14651,40.75231],[-75.14351,40.75467],[-75.14049,40.75705],[-75.1375,40.75944],[-75.13452,40.76182],[-75.13153,40.76421],[-75.1297,40.76567],[-75.12579,40.7688],[-75.12309,40.77096],[-75.12009,40.77335],[-75.11684,40.77594],[-75.11386,40.77833],[-75.11068,40.78087],[-75.10739,40.78349],[-75.10445,40.78585],[-75.10114,40.78848],[-75.09808,40.79093],[-75.09494,40.79344],[-75.09193,40.79583],[-75.09532,40.79726],[-75.09851,40.79867],[-75.10023,40.80039],[-75.10204,40.80225],[-75.10754,40.80038],[-75.10787,40.80023],[-75.10858,40.80038]]}},{"type":"Feature","properties":{"id":"123115","type":"AC; OVERHEAD","status":"IN SERVICE","owner":"PPL ELECTRIC UTILITIES CORP","voltage":138,"voltClass":"100-161"},"geometry":{"type":"LineString","coordinates":[[-75.51055,40.63979],[-75.51101,40.64038],[-75.51138,40.64088],[-75.51177,40.64134],[-75.51253,40.64228],[-75.51352,40.64271],[-75.51372,40.64371],[-75.51394,40.64471],[-75.51413,40.64573],[-75.51434,40.64675],[-75.51567,40.64751],[-75.51586,40.64856],[-75.5161,40.64964],[-75.51634,40.65078],[-75.51656,40.65197],[-75.51676,40.65316],[-75.51684,40.65424],[-75.51833,40.65506],[-75.51956,40.65573],[-75.52079,40.65643],[-75.52255,40.65741],[-75.52383,40.65801],[-75.52505,40.65861],[-75.52472,40.6596],[-75.52454,40.66058],[-75.52435,40.66168],[-75.52526,40.66265],[-75.52447,40.66353],[-75.52388,40.66413],[-75.52284,40.66534],[-75.52183,40.66648],[-75.5208,40.6676],[-75.5197,40.66882],[-75.51893,40.66963],[-75.51644,40.67029],[-75.51473,40.67069],[-75.51238,40.67129],[-75.51081,40.67089],[-75.5092,40.67069],[-75.50744,40.67125],[-75.50728,40.6721],[-75.50706,40.67289],[-75.50667,40.67414],[-75.50588,40.67504],[-75.50507,40.67595],[-75.50425,40.67686],[-75.50361,40.67757],[-75.5039,40.67809],[-75.50419,40.67863],[-75.50453,40.67928],[-75.50494,40.68004],[-75.50533,40.68078],[-75.5057,40.68145],[-75.50608,40.68214],[-75.50635,40.68268],[-75.506,40.68327],[-75.50564,40.68393],[-75.50539,40.68439],[-75.505,40.68507],[-75.50348,40.6878],[-75.50375,40.68842],[-75.50426,40.68901]]}},{"type":"Feature","properties":{"id":"117158","type":"AC; OVERHEAD","status":"IN SERVICE","owner":"PPL ELECTRIC UTILITIES CORP","voltage":138,"voltClass":"100-161"},"geometry":{"type":"LineString","coordinates":[[-75.51066,40.63984],[-75.51106,40.64034],[-75.51143,40.64084],[-75.51182,40.6413],[-75.51256,40.64224],[-75.51357,40.64267],[-75.51378,40.6437],[-75.514,40.6447],[-75.51419,40.64571],[-75.51439,40.64671],[-75.51572,40.64748],[-75.51592,40.64854],[-75.51616,40.64963],[-75.5164,40.65077],[-75.51662,40.65196],[-75.51682,40.65315],[-75.5169,40.65421],[-75.51836,40.65501],[-75.51959,40.65568],[-75.52082,40.65637],[-75.52258,40.65735],[-75.52385,40.65795],[-75.52513,40.65858],[-75.52478,40.65961],[-75.5246,40.66059],[-75.52441,40.66166],[-75.52534,40.66265],[-75.52451,40.66357],[-75.52393,40.66417],[-75.52288,40.66538],[-75.52187,40.66652],[-75.52085,40.66764],[-75.51974,40.66886],[-75.51896,40.66969],[-75.51646,40.67035],[-75.51475,40.67075],[-75.51238,40.67135],[-75.5108,40.67095],[-75.50921,40.67075],[-75.50749,40.6713],[-75.50734,40.67212],[-75.50712,40.67291],[-75.50672,40.67417],[-75.50593,40.67508],[-75.50511,40.67599],[-75.50429,40.6769],[-75.50368,40.67758],[-75.50396,40.67806],[-75.50424,40.6786],[-75.50459,40.67925],[-75.505,40.68002],[-75.50539,40.68075],[-75.50575,40.68142],[-75.50614,40.68212],[-75.50642,40.68268],[-75.50605,40.6833],[-75.50569,40.68396],[-75.50544,40.68442],[-75.50505,40.6851],[-75.50354,40.6878],[-75.5038,40.68839],[-75.50436,40.68906]]}},{"type":"Feature","properties":{"id":"123359","type":"AC; OVERHEAD","status":"IN SERVICE","owner":"PPL ELECTRIC UTILITIES CORP","voltage":138,"voltClass":"100-161"},"geometry":{"type":"LineString","coordinates":[[-75.50436,40.68906],[-75.5048,40.68982],[-75.50412,40.69181],[-75.50476,40.6925],[-75.50571,40.69341],[-75.50529,40.69357],[-75.50499,40.69375],[-75.50545,40.69419],[-75.50594,40.69476],[-75.50647,40.69534],[-75.50691,40.69583],[-75.50717,40.69637],[-75.50752,40.69695],[-75.50792,40.69766],[-75.5085,40.69834],[-75.50908,40.69902],[-75.50972,40.69956],[-75.51008,40.69991],[-75.51103,40.70017],[-75.51165,40.70082],[-75.51221,40.7014],[-75.51273,40.70195],[-75.51324,40.70247],[-75.51385,40.7031],[-75.51437,40.70362],[-75.51485,40.70425],[-75.5153,40.70479],[-75.51566,40.70549],[-75.51613,40.70628],[-75.51656,40.70704],[-75.51699,40.70779],[-75.51741,40.70852],[-75.51768,40.70918],[-75.5188,40.71169],[-75.51918,40.71237],[-75.51916,40.71292],[-75.51897,40.71307],[-75.51812,40.71313]]}},{"type":"Feature","properties":{"id":"100707","type":"AC; OVERHEAD","status":"IN SERVICE","owner":"ATLANTIC CITY ELECTRIC CO","voltage":138,"voltClass":"100-161"},"geometry":{"type":"LineString","coordinates":[[-74.74097,39.19512],[-74.74184,39.19472],[-74.74,39.19234],[-74.73965,39.19162]]}},{"type":"Feature","properties":{"id":"100726","type":"AC; OVERHEAD","status":"IN SERVICE","owner":"JERSEY CENTRAL POWER & LT CO","voltage":230,"voltClass":"220-287"},"geometry":{"type":"LineString","coordinates":[[-74.11847,40.25416],[-74.11823,40.25425],[-74.11782,40.25391],[-74.11764,40.25299],[-74.11581,40.25198],[-74.11397,40.25095],[-74.1123,40.25003],[-74.11056,40.24908],[-74.10883,40.24814],[-74.10722,40.24725],[-74.10553,40.24631],[-74.10384,40.24538],[-74.10243,40.24465],[-74.10083,40.24377],[-74.09951,40.24304],[-74.0977,40.24206],[-74.09583,40.24104],[-74.09399,40.24003],[-74.0925,40.23923],[-74.09047,40.23811],[-74.08848,40.23704],[-74.08728,40.23636],[-74.08543,40.23536],[-74.0837,40.23443],[-74.08182,40.23339],[-74.08025,40.23253],[-74.079,40.23146],[-74.07757,40.23024],[-74.07624,40.22908],[-74.07467,40.22859],[-74.07293,40.22802],[-74.07154,40.22755],[-74.07053,40.22724],[-74.06907,40.22675],[-74.06763,40.22627],[-74.06586,40.2257],[-74.06399,40.22536],[-74.06289,40.22517],[-74.06166,40.22496],[-74.06042,40.22475],[-74.059,40.22449],[-74.05779,40.22352],[-74.05717,40.22299],[-74.05615,40.22239],[-74.05452,40.22147],[-74.05265,40.22169],[-74.05078,40.22191],[-74.04901,40.22212],[-74.04742,40.22136],[-74.04636,40.22094],[-74.04589,40.22099]]}},{"type":"Feature","properties":{"id":"100757","type":"AC; OVERHEAD","status":"IN SERVICE","owner":"PPL ELECTRIC UTILITIES CORP","voltage":138,"voltClass":"100-161"},"geometry":{"type":"LineString","coordinates":[[-75.52303,40.62468],[-75.524,40.62482],[-75.52512,40.62496],[-75.52739,40.62516],[-75.52991,40.62496],[-75.53243,40.62476],[-75.5351,40.62479],[-75.5368,40.62453],[-75.53909,40.62449],[-75.54167,40.62445],[-75.54494,40.62419],[-75.54838,40.62394],[-75.55107,40.62373],[-75.55386,40.62352],[-75.55688,40.62306],[-75.55931,40.62269],[-75.56157,40.62247],[-75.56358,40.62225],[-75.56399,40.62173],[-75.56442,40.62118],[-75.56499,40.62044],[-75.56537,40.62],[-75.56573,40.6195],[-75.56618,40.61892],[-75.56679,40.61839],[-75.56734,40.61792],[-75.56807,40.61669],[-75.56848,40.61621],[-75.56879,40.61562],[-75.569,40.61504],[-75.56926,40.61445],[-75.56951,40.61387],[-75.56967,40.61341],[-75.56983,40.61294],[-75.57016,40.61216],[-75.57048,40.61166],[-75.57105,40.61013],[-75.57137,40.60934],[-75.57139,40.60881],[-75.57164,40.60817],[-75.57198,40.6074],[-75.57226,40.60664],[-75.57256,40.60588],[-75.57289,40.60513],[-75.57318,40.6044],[-75.57355,40.6034],[-75.57237,40.60142],[-75.57139,40.59977],[-75.57057,40.59821],[-75.57243,40.59755],[-75.57443,40.59709],[-75.57379,40.59535],[-75.57251,40.59378],[-75.57333,40.59186],[-75.57158,40.59018],[-75.56949,40.58814],[-75.5674,40.58625],[-75.56563,40.5847],[-75.56391,40.58314],[-75.56221,40.58163],[-75.56071,40.58026],[-75.55991,40.57955],[-75.56125,40.5786],[-75.56125,40.57719],[-75.56229,40.57665],[-75.56125,40.57491],[-75.5618,40.57437]]}},{"type":"Feature","properties":{"id":"100767","type":"AC; OVERHEAD","status":"IN SERVICE","owner":"PPL ELECTRIC UTILITIES CORP","voltage":138,"voltClass":"100-161"},"geometry":{"type":"LineString","coordinates":[[-75.53913,40.68025],[-75.53894,40.68027],[-75.53854,40.6804],[-75.53795,40.68076],[-75.53721,40.68121],[-75.53658,40.6813],[-75.53574,40.68141],[-75.5347,40.68156],[-75.53383,40.68195],[-75.53303,40.68233],[-75.53253,40.68282],[-75.53133,40.68409],[-75.53072,40.68474],[-75.52965,40.68588],[-75.52926,40.68628],[-75.52865,40.68634],[-75.52782,40.68644],[-75.52674,40.68655],[-75.52673,40.6872],[-75.5267,40.68778],[-75.52585,40.68758],[-75.52558,40.68837],[-75.52536,40.68897],[-75.52507,40.6898],[-75.52468,40.69026],[-75.52451,40.69083],[-75.52432,40.69143],[-75.52422,40.69191],[-75.52412,40.69238],[-75.52398,40.69294],[-75.52387,40.69338],[-75.52375,40.69416],[-75.52357,40.6949],[-75.52337,40.69567],[-75.52317,40.69645],[-75.52298,40.69723],[-75.52282,40.69789],[-75.52264,40.69861],[-75.52244,40.6994],[-75.52239,40.70003],[-75.5224,40.70057],[-75.52217,40.70112],[-75.522,40.70184],[-75.52185,40.70248],[-75.52172,40.70302],[-75.52157,40.70372],[-75.52137,40.70447],[-75.52127,40.70527],[-75.52131,40.70633],[-75.51794,40.70924],[-75.51714,40.70993],[-75.51685,40.71095],[-75.51694,40.71161],[-75.5178,40.71151],[-75.51812,40.71313]]}},{"type":"Feature","properties":{"id":"101206","type":"AC; OVERHEAD","status":"IN SERVICE","owner":"PUBLIC SERVICE ELEC & GAS CO","voltage":138,"voltClass":"100-161"},"geometry":{"type":"LineString","coordinates":[[-74.67507,40.14157],[-74.67609,40.14101],[-74.67836,40.13953],[-74.68099,40.13782],[-74.68346,40.13628],[-74.68603,40.13467],[-74.68804,40.13316],[-74.69024,40.13145],[-74.69227,40.12978],[-74.69467,40.12791],[-74.69718,40.12594],[-74.69942,40.12418],[-74.70249,40.11971],[-74.70517,40.11959],[-74.70818,40.11952],[-74.71051,40.11747],[-74.71283,40.11543],[-74.71457,40.11408],[-74.71758,40.11264],[-74.72059,40.11121],[-74.72368,40.10973],[-74.72671,40.10827],[-74.72974,40.10683],[-74.73277,40.10537],[-74.7358,40.10394],[-74.73885,40.1025],[-74.74191,40.10105],[-74.74502,40.09961],[-74.74771,40.09822],[-74.75074,40.09674],[-74.75381,40.09528],[-74.75977,40.09241],[-74.76236,40.09114],[-74.76485,40.08991],[-74.76746,40.08863],[-74.77031,40.08696],[-74.77304,40.08538],[-74.77577,40.08372],[-74.77847,40.08207],[-74.78128,40.08035],[-74.78291,40.07943],[-74.78314,40.0792]]}},{"type":"Feature","properties":{"id":"101250","type":"AC; OVERHEAD","status":"IN SERVICE","owner":"JERSEY CENTRAL POWER & LT CO","voltage":230,"voltClass":"220-287"},"geometry":{"type":"LineString","coordinates":[[-75.1594,40.70708],[-75.15966,40.70704],[-75.16349,40.70681],[-75.16531,40.70687],[-75.16573,40.70676]]}},{"type":"Feature","properties":{"id":"101384","type":"AC; OVERHEAD","status":"IN SERVICE","owner":"PPL ELECTRIC UTILITIES CORP","voltage":500,"voltClass":"500"},"geometry":{"type":"LineString","coordinates":[[-75.50827,40.45716],[-75.50708,40.4578],[-75.50508,40.45838],[-75.50334,40.45915],[-75.4967,40.46149],[-75.49193,40.46321],[-75.49158,40.46264],[-75.48998,40.46008],[-75.48864,40.45782],[-75.48624,40.45391],[-75.48448,40.45112],[-75.48247,40.44769],[-75.48136,40.44589],[-75.47598,40.43317],[-75.47442,40.42937],[-75.47341,40.42699],[-75.47181,40.42327],[-75.4706,40.42044],[-75.46938,40.41747],[-75.46826,40.41474],[-75.46701,40.41249],[-75.46542,40.40948],[-75.46363,40.40636],[-75.46187,40.40327],[-75.46024,40.40037],[-75.45897,40.39792],[-75.45916,40.3968],[-75.45105,40.38218],[-75.44959,40.3813],[-75.44844,40.3793],[-75.44719,40.37714],[-75.44609,40.37517],[-75.44418,40.37181],[-75.44232,40.36851],[-75.4409,40.366],[-75.43533,40.35626],[-75.43396,40.35385],[-75.43157,40.3497],[-75.43033,40.34757],[-75.42969,40.34505],[-75.42917,40.34224],[-75.42875,40.34],[-75.42761,40.33769],[-75.42507,40.33248],[-75.42377,40.3298],[-75.42055,40.32715],[-75.41788,40.32495],[-75.41518,40.32269],[-75.41267,40.31925],[-75.41057,40.3177],[-75.40815,40.31444],[-75.40604,40.31156],[-75.40444,40.30943],[-75.40276,40.30724],[-75.4,40.30621],[-75.39549,40.30464],[-75.39176,40.30335],[-75.38865,40.30155],[-75.38551,40.29969],[-75.3815,40.2986],[-75.37775,40.29836],[-75.37513,40.29641],[-75.37325,40.29488],[-75.36934,40.29422],[-75.36554,40.29361],[-75.36338,40.29146],[-75.36135,40.29036],[-75.35928,40.28926],[-75.35257,40.28539],[-75.35124,40.28323],[-75.34891,40.28212],[-75.34542,40.28034],[-75.34278,40.27903],[-75.33969,40.2775],[-75.33631,40.27985],[-75.33327,40.281],[-75.32989,40.279],[-75.32737,40.2783],[-75.32723,40.27819],[-75.32626,40.27834]]}},{"type":"Feature","properties":{"id":"166473","type":"AC; OVERHEAD","status":"IN SERVICE","owner":"ATLANTIC CITY ELECTRIC CO","voltage":138,"voltClass":"100-161"},"geometry":{"type":"LineString","coordinates":[[-74.61421,39.25174],[-74.61505,39.25339],[-74.61799,39.25313],[-74.62145,39.25287],[-74.62497,39.25268],[-74.62607,39.25246],[-74.62707,39.25266],[-74.6304,39.25388],[-74.63204,39.25492],[-74.63191,39.25507],[-74.63234,39.25534],[-74.63835,39.25924],[-74.64474,39.26341],[-74.64625,39.26439],[-74.64689,39.2647],[-74.6473,39.26482],[-74.64989,39.26655],[-74.65184,39.26783],[-74.65389,39.27111],[-74.6549,39.27078],[-74.65496,39.27088],[-74.65145,39.27205],[-74.6486,39.273],[-74.64547,39.27404],[-74.64322,39.27586],[-74.64099,39.27767],[-74.63874,39.27949],[-74.63843,39.28201],[-74.63812,39.28453],[-74.63778,39.2872],[-74.63746,39.28954],[-74.63629,39.28974],[-74.63603,39.28993]]}},{"type":"Feature","properties":{"id":"166665","type":"AC; OVERHEAD","status":"IN SERVICE","owner":"DELMARVA POWER","voltage":138,"voltClass":"100-161"},"geometry":{"type":"LineString","coordinates":[[-75.53829,39.73163],[-75.53795,39.73122],[-75.53787,39.73107],[-75.53852,39.72806],[-75.53784,39.72454],[-75.53751,39.72288],[-75.53718,39.72149],[-75.53663,39.72037],[-75.53349,39.71419],[-75.53287,39.7125],[-75.53255,39.71093],[-75.53241,39.70922],[-75.53255,39.70748],[-75.53292,39.70577],[-75.53347,39.70428],[-75.53426,39.70273],[-75.53519,39.70131],[-75.53763,39.6985],[-75.53993,39.69593],[-75.54124,39.69449],[-75.5451,39.69015],[-75.55029,39.68436],[-75.55263,39.68172],[-75.5572,39.67657],[-75.55855,39.67646]]}},{"type":"Feature","properties":{"id":"166668","type":"AC; OVERHEAD","status":"IN SERVICE","owner":"DELMARVA POWER","voltage":138,"voltClass":"100-161"},"geometry":{"type":"LineString","coordinates":[[-75.53958,39.75033],[-75.53959,39.7501],[-75.53923,39.74985],[-75.53898,39.75]]}},{"type":"Feature","properties":{"id":"100070","type":"AC; OVERHEAD","status":"IN SERVICE","owner":"JERSEY CENTRAL POWER & LT CO","voltage":230,"voltClass":"220-287"},"geometry":{"type":"LineString","coordinates":[[-74.27993,40.0361],[-74.27984,40.0365],[-74.27889,40.03747],[-74.28102,40.03933],[-74.28277,40.04033],[-74.28392,40.0415],[-74.28486,40.04378],[-74.28911,40.05161],[-74.29175,40.08148],[-74.29487,40.08596],[-74.30043,40.09132],[-74.29959,40.09698],[-74.30566,40.10437],[-74.31226,40.1077],[-74.31378,40.11025]]}},{"type":"Feature","properties":{"id":"100076","type":"AC; OVERHEAD","status":"IN SERVICE","owner":"PECO ENERGY CO","voltage":230,"voltClass":"220-287"},"geometry":{"type":"LineString","coordinates":[[-74.9255,40.24293],[-74.92652,40.24312],[-74.92946,40.24283],[-74.93245,40.24253],[-74.93624,40.24286],[-74.93973,40.24315],[-74.9428,40.24342],[-74.94529,40.24414],[-74.9478,40.24489],[-74.95198,40.24474],[-74.95711,40.24454],[-74.96149,40.24438],[-74.96575,40.24622],[-74.9702,40.24816],[-74.97422,40.24991],[-74.97758,40.25136],[-74.98071,40.25171],[-74.98417,40.25207],[-74.98608,40.25471],[-74.98946,40.25627],[-74.99315,40.25795],[-74.99589,40.2592],[-74.99871,40.26048],[-75.00171,40.26081],[-75.00567,40.26123],[-75.00941,40.26165],[-75.01386,40.26213],[-75.01648,40.26398],[-75.01873,40.26558],[-75.02163,40.2676],[-75.02405,40.26931],[-75.02564,40.27056],[-75.02751,40.27204],[-75.02975,40.27381],[-75.03393,40.27421],[-75.03718,40.27612],[-75.04107,40.27802],[-75.04455,40.27971],[-75.04807,40.28143],[-75.05079,40.28162],[-75.05403,40.28186],[-75.05735,40.28231],[-75.06096,40.28281],[-75.06252,40.28136]]}},{"type":"Feature","properties":{"id":"100111","type":"AC; OVERHEAD","status":"IN SERVICE","owner":null,"voltage":230,"voltClass":"220-287"},"geometry":{"type":"LineString","coordinates":[[-74.26131,39.69026],[-74.26044,39.69016],[-74.26033,39.69066],[-74.25952,39.69052],[-74.25874,39.69042],[-74.25759,39.69174],[-74.25948,39.69323],[-74.26312,39.69606],[-74.27013,39.70139],[-74.27274,39.7034],[-74.27328,39.70387],[-74.27378,39.70435],[-74.2747,39.70531],[-74.27751,39.70882],[-74.2772,39.71042],[-74.27706,39.71073],[-74.27573,39.71198],[-74.27615,39.71334],[-74.27612,39.71403],[-74.27463,39.71612],[-74.27212,39.71879],[-74.27094,39.71962],[-74.27031,39.72065],[-74.26817,39.72317],[-74.26705,39.72493],[-74.26328,39.73139],[-74.2617,39.73346],[-74.26094,39.73382],[-74.26035,39.73382],[-74.2597,39.73457],[-74.26004,39.73511],[-74.25983,39.73573],[-74.25761,39.73835],[-74.2568,39.73965],[-74.25609,39.74106],[-74.25612,39.74157],[-74.25696,39.74187],[-74.2565,39.74564],[-74.25734,39.74595],[-74.25735,39.74639],[-74.25602,39.74895],[-74.25485,39.75095],[-74.25403,39.75248],[-74.2533,39.75405],[-74.25263,39.75566],[-74.254,39.75598],[-74.25542,39.75654],[-74.25625,39.75714],[-74.25759,39.75604],[-74.26191,39.75237],[-74.2639,39.7538],[-74.26419,39.75395],[-74.26785,39.75547],[-74.26865,39.7548],[-74.27366,39.75831],[-74.27446,39.75869],[-74.27192,39.7614],[-74.27086,39.76376],[-74.27435,39.76452],[-74.27361,39.76703],[-74.27447,39.76716],[-74.27416,39.76821],[-74.27406,39.76924],[-74.27302,39.77279],[-74.27196,39.77316],[-74.26913,39.77347],[-74.26505,39.77447],[-74.26307,39.77512],[-74.2622,39.77524],[-74.26235,39.77727],[-74.26263,39.77779],[-74.26287,39.78138],[-74.25088,39.77881],[-74.25118,39.78316],[-74.25103,39.78437],[-74.25105,39.78581],[-74.2433,39.78732],[-74.24351,39.79022],[-74.24236,39.79041],[-74.24286,39.79765],[-74.23669,39.79937],[-74.23258,39.79968],[-74.23132,39.80324],[-74.23082,39.80478],[-74.22501,39.80696],[-74.22356,39.80781],[-74.21994,39.80852],[-74.21881,39.80963],[-74.21688,39.8099],[-74.21403,39.80961],[-74.21248,39.81068],[-74.21075,39.81107],[-74.21004,39.81064],[-74.20842,39.81096],[-74.20918,39.81372]]}},{"type":"Feature","properties":{"id":"100184","type":"AC; OVERHEAD","status":"IN SERVICE","owner":"PUBLIC SERVICE ELEC & GAS CO","voltage":230,"voltClass":"220-287"},"geometry":{"type":"LineString","coordinates":[[-74.34615,40.53139],[-74.34868,40.53054],[-74.34964,40.53113],[-74.34913,40.5315],[-74.34554,40.53427],[-74.34375,40.53545],[-74.34433,40.53635],[-74.34458,40.53783],[-74.34488,40.54043],[-74.34507,40.54232],[-74.34532,40.54483],[-74.34558,40.54744],[-74.34565,40.54816],[-74.34585,40.55004],[-74.34611,40.55034],[-74.34672,40.54906],[-74.34753,40.54786],[-74.3491,40.546],[-74.35188,40.5439],[-74.35347,40.54307],[-74.35524,40.54237],[-74.35811,40.5414],[-74.37265,40.53669],[-74.37444,40.53634],[-74.37979,40.53583],[-74.38108,40.53556],[-74.38253,40.53515],[-74.38428,40.53448],[-74.39122,40.53114],[-74.40809,40.52082],[-74.41288,40.51796],[-74.43314,40.50681],[-74.43539,40.50538],[-74.43813,40.50327],[-74.44242,40.49994],[-74.4443,40.49847],[-74.44643,40.49665],[-74.47692,40.46768],[-74.47858,40.46579],[-74.48556,40.45569],[-74.50813,40.42276],[-74.50893,40.4216],[-74.50862,40.42042],[-74.50615,40.41731],[-74.49885,40.4178],[-74.49049,40.40782],[-74.48885,40.40619],[-74.48639,40.40651],[-74.4835,40.40742],[-74.48298,40.4067],[-74.4839,40.40631],[-74.48529,40.40553]]}},{"type":"Feature","properties":{"id":"100320","type":"AC; OVERHEAD","status":"IN SERVICE","owner":"JERSEY CENTRAL POWER & LT CO","voltage":230,"voltClass":"220-287"},"geometry":{"type":"LineString","coordinates":[[-75.03366,40.99943],[-75.03342,40.99971],[-75.03373,41.00072],[-75.03495,41.00285],[-75.03435,41.00521],[-75.01526,41.01255],[-75.00443,41.0199],[-75.0007,41.02561],[-74.99922,41.0276],[-74.98798,41.03406],[-74.98593,41.03516],[-74.98237,41.03804],[-74.97851,41.03975],[-74.9723,41.04364],[-74.95348,41.04769],[-74.94639,41.05566],[-74.94396,41.05832],[-74.9432,41.06021],[-74.93803,41.05896],[-74.93536,41.05833],[-74.9303,41.05714],[-74.92707,41.05638],[-74.92272,41.05535],[-74.91935,41.05456],[-74.91556,41.05367],[-74.91151,41.05273],[-74.90808,41.05191],[-74.90524,41.05124],[-74.90085,41.05021],[-74.89799,41.04954],[-74.89469,41.04875],[-74.88655,41.04684],[-74.88447,41.04634],[-74.87752,41.04471],[-74.87383,41.04422],[-74.87007,41.04369],[-74.86703,41.04305],[-74.86269,41.04214],[-74.85882,41.04133],[-74.85604,41.04075],[-74.85278,41.04007],[-74.8486,41.0392],[-74.84445,41.03833],[-74.84209,41.03783],[-74.83881,41.03715],[-74.83506,41.03636],[-74.83234,41.03578],[-74.8284,41.03494],[-74.82448,41.03411],[-74.82064,41.03329],[-74.81323,41.03176],[-74.80878,41.03327],[-74.80585,41.03483],[-74.80288,41.03641],[-74.79988,41.03797],[-74.79636,41.03984],[-74.79382,41.04118],[-74.78976,41.04265],[-74.78568,41.04414],[-74.78178,41.04556],[-74.77749,41.04513],[-74.77427,41.04478],[-74.77126,41.04447],[-74.76709,41.04404],[-74.76372,41.04165],[-74.76116,41.03985],[-74.75927,41.03848],[-74.75613,41.03624],[-74.75309,41.03409],[-74.75139,41.03523],[-74.748,41.03753],[-74.74497,41.03957],[-74.74192,41.04165],[-74.7395,41.04329],[-74.73717,41.04534],[-74.73483,41.04741],[-74.73252,41.04946],[-74.73394,41.0511],[-74.73538,41.05278],[-74.73847,41.05425],[-74.73993,41.05544],[-74.74035,41.05573]]}},{"type":"Feature","properties":{"id":"100612","type":"AC; UNDERGROUND","status":"IN SERVICE","owner":"PECO ENERGY CO","voltage":138,"voltClass":"100-161"},"geometry":{"type":"LineString","coordinates":[[-75.18816,39.97944],[-75.15711,39.95954],[-75.15707,39.95942]]}},{"type":"Feature","properties":{"id":"101564","type":"AC; OVERHEAD","status":"IN SERVICE","owner":null,"voltage":230,"voltClass":"220-287"},"geometry":{"type":"LineString","coordinates":[[-74.48618,40.59716],[-74.4864,40.59741],[-74.48724,40.59819],[-74.48609,40.59962],[-74.48516,40.60129],[-74.48397,40.60344],[-74.48264,40.60581],[-74.48194,40.60708],[-74.48073,40.60925],[-74.47976,40.611],[-74.47864,40.61301],[-74.47749,40.61518],[-74.47637,40.61722],[-74.47797,40.6192],[-74.48009,40.62183],[-74.48168,40.62379],[-74.48307,40.62559],[-74.48094,40.63036],[-74.48034,40.63171],[-74.47973,40.63352],[-74.47903,40.63559],[-74.47857,40.63753],[-74.47802,40.63981],[-74.47754,40.64193],[-74.47267,40.64546],[-74.47156,40.64712],[-74.4691,40.65118],[-74.46289,40.66225],[-74.46123,40.6676],[-74.46064,40.66947],[-74.46164,40.67692],[-74.46205,40.6781],[-74.46263,40.67809]]}},{"type":"Feature","properties":{"id":"101607","type":"AC; OVERHEAD","status":null,"owner":"PUBLIC SERVICE ELEC & GAS CO","voltage":230,"voltClass":"220-287"},"geometry":{"type":"LineString","coordinates":[[-74.09646,40.73728],[-74.09857,40.73798]]}},{"type":"Feature","properties":{"id":"101612","type":"AC; OVERHEAD","status":"IN SERVICE","owner":"ATLANTIC CITY ELECTRIC CO","voltage":230,"voltClass":"220-287"},"geometry":{"type":"LineString","coordinates":[[-74.74097,39.19512],[-74.74167,39.19534],[-74.74213,39.1951],[-74.74326,39.19649],[-74.74429,39.19782],[-74.74527,39.1991],[-74.74645,39.20063],[-74.74755,39.20206],[-74.74892,39.20381],[-74.75007,39.20528],[-74.75105,39.20654],[-74.75203,39.2078],[-74.75304,39.2091],[-74.75474,39.21127],[-74.7562,39.21315],[-74.75761,39.21495],[-74.75873,39.21638],[-74.7599,39.21788],[-74.761,39.2193],[-74.76211,39.22072],[-74.76339,39.22236],[-74.76465,39.22397],[-74.76595,39.22564],[-74.76807,39.2268],[-74.77007,39.228],[-74.77192,39.22905],[-74.77408,39.23029],[-74.77602,39.2314],[-74.77795,39.23251],[-74.7797,39.23351],[-74.77998,39.23482],[-74.78027,39.23613],[-74.78079,39.23852],[-74.78118,39.24033],[-74.78153,39.24196],[-74.78188,39.24358],[-74.78224,39.24523],[-74.78263,39.24701],[-74.79193,39.25893],[-74.79506,39.26292],[-74.79696,39.26537],[-74.79822,39.26697],[-74.79909,39.26809],[-74.80054,39.26995],[-74.80111,39.27068],[-74.80557,39.27638],[-74.80695,39.27814],[-74.80827,39.27984],[-74.80953,39.28145],[-74.81091,39.28321],[-74.81202,39.28463],[-74.8131,39.28603],[-74.81421,39.28744],[-74.81526,39.28878],[-74.81632,39.29014],[-74.81737,39.29148],[-74.81842,39.29283],[-74.81969,39.29445],[-74.81952,39.29617],[-74.81938,39.2977],[-74.81923,39.29921],[-74.81909,39.30065],[-74.81896,39.3021],[-74.81883,39.30336],[-74.81871,39.30466],[-74.8186,39.30578],[-74.81765,39.31572],[-74.82082,39.31767],[-74.8741,39.35022],[-74.87619,39.35149],[-74.87805,39.35263],[-74.87978,39.35369],[-74.8815,39.35474],[-74.88309,39.35571],[-74.88461,39.35664],[-74.88646,39.35777],[-74.88797,39.35869],[-74.88994,39.35989],[-74.8919,39.36109],[-74.89374,39.36221],[-74.89563,39.36337],[-74.89745,39.36448],[-74.89926,39.36558],[-74.90089,39.36658],[-74.9027,39.36769],[-74.90441,39.36873],[-74.90623,39.36984],[-74.90825,39.37108],[-74.91029,39.37232],[-74.91171,39.37319],[-74.9136,39.37434],[-74.9158,39.37568],[-74.91747,39.37671],[-74.91909,39.37769],[-74.92064,39.37864],[-74.92241,39.37972],[-74.92408,39.38074],[-74.92585,39.38182],[-74.92746,39.38281],[-74.92911,39.38381],[-74.93069,39.38478],[-74.93225,39.38573],[-74.93445,39.38707],[-74.93693,39.38858],[-74.93886,39.38976],[-74.94085,39.39098],[-74.94254,39.39201],[-74.94445,39.39318],[-74.94593,39.39408],[-74.94785,39.39525],[-74.94976,39.39656],[-74.95173,39.39541],[-74.95353,39.39427],[-74.9548,39.39234],[-74.9564,39.38976],[-74.95801,39.38704],[-74.95893,39.3853],[-74.95988,39.38322],[-74.96105,39.38084],[-74.96338,39.38151],[-74.96408,39.38003],[-74.96488,39.37838],[-74.96643,39.37658],[-74.96639,39.37611]]}},{"type":"Feature","properties":{"id":"165946","type":"AC; OVERHEAD","status":"IN SERVICE","owner":"PECO ENERGY CO","voltage":138,"voltClass":"100-161"},"geometry":{"type":"LineString","coordinates":[[-75.41748,39.82928],[-75.41725,39.831],[-75.41679,39.83126],[-75.41458,39.83271],[-75.40823,39.83047],[-75.40845,39.82721],[-75.40793,39.82705],[-75.40709,39.82721],[-75.40265,39.82924],[-75.39659,39.832],[-75.39484,39.8328],[-75.38981,39.83509],[-75.38439,39.83752],[-75.3821,39.8386],[-75.37885,39.84035],[-75.37563,39.84205]]}},{"type":"Feature","properties":{"id":"102115","type":"AC; OVERHEAD","status":"IN SERVICE","owner":"PECO ENERGY CO","voltage":230,"voltClass":"220-287"},"geometry":{"type":"LineString","coordinates":[[-75.31001,40.17154],[-75.30763,40.17103],[-75.30749,40.1704],[-75.30694,40.16742],[-75.30057,40.16373],[-75.2918,40.15866],[-75.28954,40.15426],[-75.28711,40.14951],[-75.28895,40.14366],[-75.29055,40.13867],[-75.29207,40.13382],[-75.29434,40.12903],[-75.29662,40.12435],[-75.29881,40.1197],[-75.29886,40.1178],[-75.29888,40.11539],[-75.29886,40.11162],[-75.29888,40.10504],[-75.29958,40.10419]]}},{"type":"Feature","properties":{"id":"102596","type":"AC; OVERHEAD","status":"IN SERVICE","owner":"PUBLIC SERVICE ELEC & GAS CO","voltage":230,"voltClass":"220-287"},"geometry":{"type":"LineString","coordinates":[[-74.15829,40.86129],[-74.15948,40.86127],[-74.16017,40.8607],[-74.16219,40.85834],[-74.16398,40.85632],[-74.16476,40.85577]]}},{"type":"Feature","properties":{"id":"102612","type":"AC; OVERHEAD","status":"IN SERVICE","owner":"METROPOLITAN EDISON CO","voltage":230,"voltClass":"220-287"},"geometry":{"type":"LineString","coordinates":[[-75.25582,40.71034],[-75.25559,40.71095],[-75.25577,40.71147],[-75.2571,40.71187],[-75.2577,40.71352],[-75.25878,40.71632],[-75.2595,40.71828],[-75.25866,40.71877],[-75.25707,40.71967],[-75.25433,40.71986],[-75.25041,40.72013],[-75.24777,40.72031],[-75.24386,40.72058],[-75.24158,40.72068],[-75.23817,40.72089],[-75.23468,40.72111],[-75.23148,40.72217],[-75.22818,40.72326],[-75.22547,40.72416],[-75.22227,40.72513],[-75.21905,40.7261],[-75.21846,40.72628],[-75.21663,40.72683],[-75.21534,40.72935],[-75.21413,40.73172],[-75.21161,40.73689],[-75.20926,40.74153],[-75.20675,40.74651],[-75.20566,40.74877],[-75.20616,40.75205],[-75.20655,40.75454],[-75.20404,40.75628],[-75.20226,40.75752],[-75.20012,40.75901],[-75.19919,40.76144],[-75.19853,40.76302],[-75.19718,40.7665],[-75.19437,40.76859],[-75.19221,40.7702],[-75.18986,40.77195],[-75.18737,40.77381],[-75.18481,40.77573],[-75.18248,40.77754],[-75.18014,40.77935],[-75.17701,40.78173],[-75.17472,40.78343],[-75.17076,40.78458],[-75.16797,40.78541],[-75.16511,40.78626],[-75.1615,40.78733],[-75.15734,40.78855],[-75.15473,40.78933],[-75.15042,40.7903],[-75.14727,40.79099],[-75.14379,40.79177],[-75.14035,40.79253],[-75.13685,40.79331],[-75.13447,40.79383],[-75.13092,40.79462],[-75.12841,40.79568],[-75.12563,40.79686],[-75.1222,40.7983],[-75.11963,40.79942],[-75.1167,40.80069],[-75.11532,40.80064],[-75.11394,40.80061],[-75.11224,40.80058],[-75.11116,40.80055],[-75.10955,40.80045],[-75.10858,40.80038]]}},{"type":"Feature","properties":{"id":"102694","type":"AC; OVERHEAD","status":"IN SERVICE","owner":"PECO ENERGY CO","voltage":230,"voltClass":"220-287"},"geometry":{"type":"LineString","coordinates":[[-75.38803,39.82935],[-75.38721,39.82884],[-75.38699,39.82826],[-75.38651,39.82693],[-75.38665,39.82596],[-75.38872,39.82449],[-75.39022,39.82523],[-75.38972,39.82525]]}},{"type":"Feature","properties":{"id":"102773","type":"AC; OVERHEAD","status":"IN SERVICE","owner":"PECO ENERGY CO","voltage":230,"voltClass":"220-287"},"geometry":{"type":"LineString","coordinates":[[-75.52085,40.17235],[-75.52071,40.17215],[-75.5202,40.17204],[-75.52091,40.17127],[-75.52079,40.16675],[-75.52142,40.16175],[-75.52174,40.15918],[-75.52331,40.1568],[-75.52466,40.15473],[-75.52611,40.15253],[-75.52922,40.15062],[-75.52984,40.15072]]}},{"type":"Feature","properties":{"id":"102831","type":"AC; OVERHEAD","status":"IN SERVICE","owner":"JERSEY CENTRAL POWER & LT CO","voltage":115,"voltClass":"100-161"},"geometry":{"type":"LineString","coordinates":[[-74.57702,41.10024],[-74.57746,41.10426],[-74.57507,41.10824],[-74.55854,41.13616],[-74.55697,41.13876],[-74.5557,41.14089],[-74.55464,41.14266],[-74.5534,41.14472],[-74.55229,41.14657],[-74.5513,41.14822],[-74.55008,41.15032],[-74.54887,41.15234],[-74.54757,41.15451],[-74.54622,41.15672],[-74.53014,41.16946],[-74.51376,41.18588],[-74.50059,41.19411],[-74.50043,41.19424]]}},{"type":"Feature","properties":{"id":"102932","type":"AC; OVERHEAD","status":"IN SERVICE","owner":"CENTRAL HUDSON GAS & ELEC CORP","voltage":115,"voltClass":"100-161"},"geometry":{"type":"LineString","coordinates":[[-74.25995,41.31157],[-74.25853,41.31212],[-74.25706,41.31269],[-74.25658,41.31288],[-74.2547,41.31457],[-74.2528,41.31628],[-74.25086,41.318],[-74.24901,41.3197],[-74.24754,41.32104],[-74.24464,41.32371],[-74.24162,41.32633],[-74.2395,41.32823],[-74.23727,41.33023],[-74.23562,41.3317],[-74.23467,41.33259],[-74.23424,41.33299],[-74.23284,41.33427],[-74.23111,41.33577],[-74.22949,41.33728],[-74.22779,41.33878],[-74.22619,41.34021],[-74.2246,41.34164],[-74.22296,41.34309],[-74.22036,41.34554],[-74.21904,41.34663],[-74.21754,41.34806],[-74.21579,41.34956],[-74.21448,41.35069],[-74.21342,41.35234],[-74.21232,41.35389],[-74.21116,41.35569],[-74.21002,41.35738],[-74.20915,41.35861],[-74.20871,41.35936],[-74.20858,41.36146],[-74.20847,41.36331],[-74.20834,41.36552],[-74.20823,41.36744],[-74.20811,41.36946],[-74.20802,41.37141],[-74.2079,41.37352],[-74.2078,41.37567],[-74.2077,41.37715],[-74.20756,41.37929],[-74.20746,41.38121],[-74.20736,41.38312],[-74.20725,41.38526],[-74.20718,41.38665],[-74.20707,41.38875],[-74.20694,41.39132],[-74.20674,41.39415],[-74.20667,41.39587],[-74.20659,41.39766],[-74.20647,41.39963],[-74.20642,41.40057],[-74.20638,41.40144],[-74.20573,41.40372],[-74.20522,41.40558],[-74.20458,41.4078],[-74.20412,41.40939],[-74.20351,41.41148],[-74.20302,41.41315],[-74.20244,41.41515],[-74.20185,41.41718],[-74.20125,41.41924],[-74.20072,41.42111],[-74.20002,41.42348],[-74.19951,41.42534],[-74.19968,41.42701],[-74.19983,41.42872],[-74.20003,41.43102],[-74.20019,41.43281],[-74.20039,41.43495],[-74.20054,41.43678],[-74.20064,41.43801],[-74.20077,41.43958],[-74.20094,41.44174],[-74.20109,41.44354],[-74.20131,41.44573],[-74.2015,41.4479],[-74.20079,41.44977],[-74.20002,41.45198],[-74.19925,41.45421],[-74.1986,41.45611],[-74.19786,41.45823],[-74.19721,41.46011],[-74.19636,41.4623],[-74.19562,41.46454],[-74.19527,41.46548],[-74.19501,41.46619],[-74.19453,41.46746]]}},{"type":"Feature","properties":{"id":"103037","type":"AC; OVERHEAD","status":"IN SERVICE","owner":"PECO ENERGY CO","voltage":230,"voltClass":"220-287"},"geometry":{"type":"LineString","coordinates":[[-75.11497,40.00875],[-75.14577,40.01003]]}},{"type":"Feature","properties":{"id":"103076","type":"AC; OVERHEAD","status":"IN SERVICE","owner":"PUBLIC SERVICE ELEC & GAS CO","voltage":230,"voltClass":"220-287"},"geometry":{"type":"LineString","coordinates":[[-74.15829,40.86129],[-74.15926,40.8609],[-74.16,40.86058],[-74.16201,40.85825],[-74.16381,40.85618],[-74.165,40.85445],[-74.16717,40.85193],[-74.16925,40.84952],[-74.16864,40.8441],[-74.16875,40.8383],[-74.16883,40.83542],[-74.1689,40.83268],[-74.16898,40.82987],[-74.169,40.8274],[-74.17024,40.82526],[-74.17115,40.82395],[-74.17268,40.82176],[-74.17428,40.81947],[-74.17587,40.8172],[-74.17744,40.81496],[-74.17939,40.81217],[-74.17834,40.81178]]}},{"type":"Feature","properties":{"id":"103263","type":"AC; OVERHEAD","status":"IN SERVICE","owner":"PECO ENERGY CO","voltage":230,"voltClass":"220-287"},"geometry":{"type":"LineString","coordinates":[[-75.07733,39.98467],[-75.07737,39.9854],[-75.07525,39.98652],[-75.07596,39.98717],[-75.07726,39.98833],[-75.07888,39.99014],[-75.08232,39.9941],[-75.08374,39.99578],[-75.08462,39.99656],[-75.08576,39.99748],[-75.08706,39.99831],[-75.0878,39.99869],[-75.08941,39.99941],[-75.09116,39.99998],[-75.09575,40.00086],[-75.09728,40.00124],[-75.09878,40.00151],[-75.1026,40.00197],[-75.10536,40.00229],[-75.10555,40.00223]]}},{"type":"Feature","properties":{"id":"103264","type":"AC; OVERHEAD","status":"IN SERVICE","owner":"PECO ENERGY CO","voltage":230,"voltClass":"220-287"},"geometry":{"type":"LineString","coordinates":[[-75.45196,40.21479],[-75.45218,40.21533],[-75.4537,40.21544],[-75.46769,40.21506],[-75.47062,40.21499],[-75.47308,40.21315],[-75.47819,40.20938],[-75.48275,40.206],[-75.48729,40.20177],[-75.49161,40.19779],[-75.49615,40.19354],[-75.49878,40.19114],[-75.50077,40.18948],[-75.50592,40.18527],[-75.51015,40.18183],[-75.51573,40.17636],[-75.52015,40.17209],[-75.52046,40.17241],[-75.52085,40.17235]]}},{"type":"Feature","properties":{"id":"103315","type":"AC; OVERHEAD","status":"IN SERVICE","owner":"PECO ENERGY CO","voltage":230,"voltClass":"220-287"},"geometry":{"type":"LineString","coordinates":[[-75.29096,40.21347],[-75.2914,40.21277],[-75.29162,40.2114],[-75.29237,40.20963],[-75.29438,40.20757],[-75.2966,40.20546],[-75.29866,40.20355],[-75.30061,40.20183],[-75.30343,40.2034],[-75.30669,40.20519],[-75.30985,40.20696],[-75.31556,40.21014],[-75.32601,40.2092],[-75.33271,40.21048],[-75.34294,40.21239],[-75.3457,40.21292],[-75.34828,40.2134],[-75.34782,40.21284]]}},{"type":"Feature","properties":{"id":"104877","type":"AC; OVERHEAD","status":"IN SERVICE","owner":"PUBLIC SERVICE ELEC & GAS CO","voltage":230,"voltClass":"220-287"},"geometry":{"type":"LineString","coordinates":[[-74.88038,39.94753],[-74.8804,39.94776],[-74.88189,39.95163],[-74.88306,39.95458],[-74.88425,39.95757],[-74.88542,39.96053],[-74.88647,39.96319],[-74.88767,39.96619],[-74.88882,39.96911],[-74.88986,39.97173],[-74.88755,39.97448],[-74.88521,39.97726],[-74.88413,39.97974],[-74.88314,39.98202],[-74.88217,39.98435],[-74.87876,39.9861],[-74.87295,39.98966],[-74.87023,39.99145],[-74.86669,39.99379],[-74.86456,39.99513],[-74.86007,39.99804],[-74.8579,39.99923],[-74.85665,40.0021],[-74.85558,40.00454],[-74.85421,40.00763],[-74.85289,40.01036],[-74.85183,40.0129],[-74.85067,40.01567],[-74.84886,40.01783],[-74.84788,40.02005],[-74.84672,40.02266],[-74.84566,40.02503],[-74.84455,40.02755],[-74.84704,40.02975],[-74.84976,40.03038],[-74.85403,40.03122],[-74.85741,40.03189],[-74.86164,40.03204],[-74.86571,40.03215],[-74.86804,40.03324],[-74.8674,40.03701]]}},{"type":"Feature","properties":{"id":"104879","type":"AC; OVERHEAD","status":null,"owner":"DELMARVA POWER","voltage":230,"voltClass":"220-287"},"geometry":{"type":"LineString","coordinates":[[-75.50647,39.74382],[-75.50543,39.74454]]}},{"type":"Feature","properties":{"id":"104890","type":"AC; OVERHEAD","status":"IN SERVICE","owner":"PECO ENERGY CO","voltage":230,"voltClass":"220-287"},"geometry":{"type":"LineString","coordinates":[[-75.31001,40.17154],[-75.3083,40.17216],[-75.3084,40.17406],[-75.30866,40.17469],[-75.30755,40.17578],[-75.30366,40.17837],[-75.29901,40.18144],[-75.29589,40.18348],[-75.29331,40.18519],[-75.29254,40.18578],[-75.29188,40.18648],[-75.29089,40.18783],[-75.29051,40.18863],[-75.29025,40.18945],[-75.2901,40.19028],[-75.29017,40.19126],[-75.29007,40.19205],[-75.29053,40.19336],[-75.29175,40.19554],[-75.29511,40.20126],[-75.2972,40.20458],[-75.29653,40.20541],[-75.29431,40.20755],[-75.2923,40.20959],[-75.29154,40.21139],[-75.29117,40.21281],[-75.29096,40.21347]]}},{"type":"Feature","properties":{"id":"104896","type":"AC; OVERHEAD","status":"IN SERVICE","owner":"PECO ENERGY CO","voltage":230,"voltClass":"220-287"},"geometry":{"type":"LineString","coordinates":[[-75.29958,40.10419],[-75.29975,40.10465],[-75.29919,40.10526],[-75.29917,40.10763],[-75.29917,40.1109],[-75.2992,40.11364],[-75.29917,40.11707],[-75.29917,40.11953],[-75.29785,40.1224],[-75.29646,40.12525],[-75.29513,40.12807],[-75.29376,40.13094],[-75.29235,40.13387],[-75.29133,40.13708],[-75.29031,40.14031],[-75.28921,40.14376],[-75.28847,40.14617],[-75.28742,40.14949],[-75.28898,40.15253],[-75.29049,40.15545],[-75.29201,40.1585],[-75.29516,40.16029],[-75.298,40.16196],[-75.30774,40.16757],[-75.30808,40.16946],[-75.30844,40.17025],[-75.31001,40.17154]]}},{"type":"Feature","properties":{"id":"104958","type":"AC; OVERHEAD","status":"IN SERVICE","owner":"PPL ELECTRIC UTILITIES CORP","voltage":138,"voltClass":"100-161"},"geometry":{"type":"LineString","coordinates":[[-75.46162,40.60102],[-75.45999,40.60136],[-75.45831,40.60171],[-75.45764,40.60304],[-75.45698,40.60435],[-75.4555,40.60543],[-75.45547,40.60755],[-75.45566,40.60847],[-75.45548,40.60916],[-75.45545,40.6096],[-75.4557,40.60963],[-75.456,40.60947]]}},{"type":"Feature","properties":{"id":"104964","type":"AC; OVERHEAD","status":null,"owner":"CONSOLIDATED EDISON CO-NY INC","voltage":345,"voltClass":"345"},"geometry":{"type":"LineString","coordinates":[[-73.94724,41.26451],[-73.94735,41.26533],[-73.94967,41.26696],[-73.95143,41.26983],[-73.95204,41.27037],[-73.95251,41.27067],[-73.9526,41.2706]]}},{"type":"Feature","properties":{"id":"105223","type":"AC; OVERHEAD","status":null,"owner":"ATLANTIC CITY ELECTRIC CO","voltage":500,"voltClass":"500"},"geometry":{"type":"LineString","coordinates":[[-75.53557,39.46305],[-75.53262,39.46341]]}},{"type":"Feature","properties":{"id":"105367","type":"AC; OVERHEAD","status":"IN SERVICE","owner":"JERSEY CENTRAL POWER & LT CO","voltage":115,"voltClass":"100-161"},"geometry":{"type":"LineString","coordinates":[[-74.50043,41.19424],[-74.50023,41.19428],[-74.49931,41.19491],[-74.49003,41.20069],[-74.48753,41.20228],[-74.47221,41.20981],[-74.43712,41.22681],[-74.4257,41.22938],[-74.42312,41.2318],[-74.42191,41.23289],[-74.41867,41.23593],[-74.41568,41.2387],[-74.41383,41.24041],[-74.4109,41.24287],[-74.4075,41.24538],[-74.40576,41.24667],[-74.40077,41.25033],[-74.39876,41.25181],[-74.39565,41.25411],[-74.39024,41.25749],[-74.38811,41.25868],[-74.38615,41.2598],[-74.38121,41.26267],[-74.37901,41.26394],[-74.37791,41.26468],[-74.37617,41.26587],[-74.37246,41.26845],[-74.36798,41.27155],[-74.36621,41.27273],[-74.36472,41.27358],[-74.36197,41.27508],[-74.35284,41.28016],[-74.35007,41.2817],[-74.34799,41.28282],[-74.34589,41.28401],[-74.34409,41.285],[-74.3423,41.28602],[-74.3376,41.28733],[-74.33134,41.28911],[-74.32514,41.2909],[-74.31808,41.29288],[-74.31565,41.29358],[-74.30965,41.29526],[-74.30056,41.29785],[-74.29594,41.29914],[-74.29018,41.30078],[-74.28763,41.30151],[-74.28531,41.30217],[-74.28189,41.30313],[-74.27942,41.30383],[-74.27313,41.30631],[-74.26884,41.30802],[-74.26366,41.31006],[-74.26111,41.31107],[-74.26018,41.31142],[-74.25995,41.31157]]}},{"type":"Feature","properties":{"id":"105472","type":"AC; OVERHEAD","status":"IN SERVICE","owner":"PECO ENERGY CO","voltage":230,"voltClass":"220-287"},"geometry":{"type":"LineString","coordinates":[[-75.29958,40.10419],[-75.30112,40.10405],[-75.30205,40.10486],[-75.30686,40.10463],[-75.31054,40.10443],[-75.31319,40.10429],[-75.31908,40.10381],[-75.32261,40.10279],[-75.32597,40.10153],[-75.32912,40.10035],[-75.3323,40.09917],[-75.33464,40.09833],[-75.33652,40.09763],[-75.33823,40.09664],[-75.34127,40.09483],[-75.34234,40.09451],[-75.34259,40.09379],[-75.34241,40.09341]]}},{"type":"Feature","properties":{"id":"105482","type":"AC; OVERHEAD","status":"IN SERVICE","owner":null,"voltage":138,"voltClass":"100-161"},"geometry":{"type":"LineString","coordinates":[[-74.26013,41.31069],[-74.26012,41.31051],[-74.25998,41.30993],[-74.26002,41.30971],[-74.26,41.30947],[-74.25981,41.30924]]}},{"type":"Feature","properties":{"id":"104180","type":"AC; OVERHEAD","status":"IN SERVICE","owner":"JERSEY CENTRAL POWER & LT CO","voltage":230,"voltClass":"220-287"},"geometry":{"type":"LineString","coordinates":[[-74.34585,40.44878],[-74.34671,40.45033],[-74.35039,40.45716],[-74.34815,40.45877],[-74.34966,40.46542],[-74.34658,40.46583],[-74.3447,40.46753],[-74.34572,40.47115],[-74.35151,40.47545],[-74.35238,40.47942],[-74.35358,40.47922]]}},{"type":"Feature","properties":{"id":"104344","type":"AC; OVERHEAD","status":"IN SERVICE","owner":"PUBLIC SERVICE ELEC & GAS CO","voltage":230,"voltClass":"220-287"},"geometry":{"type":"LineString","coordinates":[[-74.11705,40.79192],[-74.11644,40.79179],[-74.11501,40.79118],[-74.10986,40.78614],[-74.11038,40.77685],[-74.11218,40.77263],[-74.11307,40.7705],[-74.11395,40.76845],[-74.11489,40.76624],[-74.1158,40.76411],[-74.11668,40.76202],[-74.11707,40.76071]]}},{"type":"Feature","properties":{"id":"104420","type":"AC; OVERHEAD","status":"IN SERVICE","owner":"PECO ENERGY CO","voltage":230,"voltClass":"220-287"},"geometry":{"type":"LineString","coordinates":[[-75.20373,40.13007],[-75.20436,40.13083],[-75.20491,40.13135],[-75.20548,40.13185],[-75.20612,40.13231],[-75.20682,40.13273],[-75.21092,40.13503],[-75.21227,40.13577],[-75.21287,40.13615],[-75.21347,40.13662],[-75.21399,40.13711],[-75.21449,40.13765],[-75.21487,40.13816],[-75.21566,40.13936],[-75.21644,40.14058],[-75.21805,40.14308],[-75.21922,40.14495],[-75.22074,40.14725],[-75.22227,40.14967],[-75.22347,40.15155],[-75.2254,40.15451],[-75.22574,40.15504],[-75.22621,40.15565],[-75.2267,40.15626],[-75.22725,40.1568],[-75.2278,40.15729],[-75.22894,40.15814],[-75.23014,40.15885],[-75.23154,40.15965],[-75.23515,40.16166],[-75.23697,40.16271],[-75.23805,40.1634],[-75.23918,40.16436],[-75.24027,40.16549],[-75.24173,40.16719],[-75.24505,40.17102],[-75.24646,40.17269],[-75.24947,40.17617],[-75.25142,40.17845],[-75.25436,40.1819],[-75.25531,40.18301],[-75.25776,40.18585],[-75.25952,40.18791],[-75.262,40.19081],[-75.26347,40.1925],[-75.26633,40.19582],[-75.26827,40.19806],[-75.27021,40.2003],[-75.27208,40.20259],[-75.27252,40.20334],[-75.27523,40.20036],[-75.27885,40.19633],[-75.2806,40.19433],[-75.28329,40.19347],[-75.28767,40.19212],[-75.29032,40.19137],[-75.29171,40.1889],[-75.29324,40.1863],[-75.29588,40.18184],[-75.30048,40.17711],[-75.30491,40.1726],[-75.30663,40.17092],[-75.30746,40.17125],[-75.31001,40.17154]]}},{"type":"Feature","properties":{"id":"104488","type":"AC; OVERHEAD","status":"IN SERVICE","owner":"PPL ELECTRIC UTILITIES CORP","voltage":138,"voltClass":"100-161"},"geometry":{"type":"LineString","coordinates":[[-75.50426,40.68901],[-75.50474,40.68983],[-75.50405,40.69183],[-75.50472,40.69254],[-75.50559,40.69339],[-75.50526,40.69351],[-75.50486,40.69369],[-75.50541,40.69424],[-75.50589,40.6948],[-75.50642,40.69538],[-75.50686,40.69587],[-75.50711,40.6964],[-75.50747,40.69698],[-75.50787,40.69769],[-75.50845,40.69838],[-75.50904,40.69906],[-75.50968,40.69961],[-75.51005,40.69996],[-75.511,40.70022],[-75.5116,40.70086],[-75.51216,40.70144],[-75.51269,40.70199],[-75.5132,40.70251],[-75.5138,40.70314],[-75.51433,40.70366],[-75.5148,40.70429],[-75.51525,40.70482],[-75.51561,40.70552],[-75.51608,40.70631],[-75.51651,40.70707],[-75.51693,40.70782],[-75.51735,40.70854],[-75.51874,40.7117],[-75.51912,40.71238],[-75.51908,40.71292],[-75.51883,40.71299],[-75.51812,40.71313]]}},{"type":"Feature","properties":{"id":"104545","type":"AC; OVERHEAD","status":"IN SERVICE","owner":"PUBLIC SERVICE ELEC & GAS CO","voltage":230,"voltClass":"220-287"},"geometry":{"type":"LineString","coordinates":[[-74.21759,40.86724],[-74.21727,40.86715],[-74.21634,40.86657],[-74.22087,40.86188],[-74.2237,40.86274],[-74.22713,40.8635],[-74.23392,40.86547],[-74.24805,40.86266],[-74.26769,40.85879],[-74.29161,40.85408],[-74.29433,40.85352],[-74.30065,40.84947],[-74.3049,40.84673],[-74.31156,40.84243],[-74.31315,40.84052],[-74.31483,40.83854],[-74.32146,40.83055],[-74.32301,40.8287],[-74.32476,40.82662],[-74.32818,40.82251],[-74.33035,40.82099],[-74.33102,40.82067],[-74.33077,40.82005]]}},{"type":"Feature","properties":{"id":"105913","type":"AC; OVERHEAD","status":"IN SERVICE","owner":"PECO ENERGY CO","voltage":138,"voltClass":"100-161"},"geometry":{"type":"LineString","coordinates":[[-75.28201,39.97501],[-75.28311,39.97631],[-75.28368,39.97764],[-75.28385,39.97841],[-75.28394,39.97944],[-75.284,39.98049],[-75.28429,39.98144],[-75.2847,39.98223],[-75.28544,39.9832],[-75.28603,39.98389],[-75.28677,39.98451],[-75.2876,39.98503],[-75.28879,39.98548],[-75.29119,39.98624],[-75.29237,39.98716],[-75.29299,39.98788],[-75.29359,39.98858],[-75.29438,39.98969],[-75.29539,39.991],[-75.29604,39.99161],[-75.29673,39.99221],[-75.29822,39.99327],[-75.29983,39.9943],[-75.30075,39.99478],[-75.30253,39.99565],[-75.30432,39.99651],[-75.30695,39.99774],[-75.30785,39.99825],[-75.30858,39.99881],[-75.30925,39.99952],[-75.30988,40.00051],[-75.31056,40.00186],[-75.31174,40.00404],[-75.31339,40.00678],[-75.31478,40.00915],[-75.31512,40.00986],[-75.31568,40.01058],[-75.31629,40.01125],[-75.31698,40.01188],[-75.31779,40.01239],[-75.3186,40.01301],[-75.31941,40.01349],[-75.32052,40.01424],[-75.32083,40.01427]]}},{"type":"Feature","properties":{"id":"106035","type":"AC; OVERHEAD","status":"IN SERVICE","owner":"PUBLIC SERVICE ELEC & GAS CO","voltage":230,"voltClass":"220-287"},"geometry":{"type":"LineString","coordinates":[[-74.46143,40.44615],[-74.46059,40.4462],[-74.45982,40.44568],[-74.46421,40.44165],[-74.46501,40.44085],[-74.46663,40.43872],[-74.46695,40.43654],[-74.46779,40.43043],[-74.46817,40.42785],[-74.4684,40.42704],[-74.46881,40.42628],[-74.46935,40.42558],[-74.47016,40.42474],[-74.47133,40.42351],[-74.47255,40.4223],[-74.47582,40.41896],[-74.47937,40.41533],[-74.48155,40.41313],[-74.48244,40.41229],[-74.48734,40.40795],[-74.48636,40.40664],[-74.48337,40.40755],[-74.48263,40.40648],[-74.4837,40.40616],[-74.48529,40.40553]]}},{"type":"Feature","properties":{"id":"106124","type":"AC; OVERHEAD","status":"IN SERVICE","owner":"CONSOLIDATED EDISON CO-NY INC","voltage":345,"voltClass":"345"},"geometry":{"type":"LineString","coordinates":[[-73.89809,40.78179],[-73.89812,40.78209],[-73.89992,40.78295],[-73.9007,40.78341],[-73.90207,40.78441],[-73.90231,40.78456],[-73.90315,40.78432],[-73.9034,40.78383]]}},{"type":"Feature","properties":{"id":"103484","type":"AC; OVERHEAD","status":"IN SERVICE","owner":"PUBLIC SERVICE ELEC & GAS CO","voltage":138,"voltClass":"100-161"},"geometry":{"type":"LineString","coordinates":[[-74.02436,40.8403],[-74.02331,40.83948],[-74.02365,40.83896],[-74.02283,40.83607],[-74.02206,40.83516],[-74.02022,40.83396],[-74.01894,40.83338],[-74.0169,40.83338],[-74.01649,40.83407]]}},{"type":"Feature","properties":{"id":"103897","type":"AC; OVERHEAD","status":"IN SERVICE","owner":"PUBLIC SERVICE ELEC & GAS CO","voltage":230,"voltClass":"220-287"},"geometry":{"type":"LineString","coordinates":[[-74.21055,40.62148],[-74.21089,40.62153],[-74.21186,40.62195],[-74.21511,40.62312],[-74.21758,40.62423],[-74.21634,40.62621],[-74.21445,40.62922],[-74.21415,40.63019],[-74.21433,40.63023],[-74.21448,40.63039]]}},{"type":"Feature","properties":{"id":"106343","type":"AC; OVERHEAD","status":"IN SERVICE","owner":"METROPOLITAN EDISON CO","voltage":230,"voltClass":"220-287"},"geometry":{"type":"LineString","coordinates":[[-75.10858,40.80038],[-75.10889,40.80109],[-75.11007,40.80137],[-75.1118,40.80177],[-75.11335,40.80212],[-75.1132,40.80317],[-75.11305,40.80419],[-75.11268,40.80698],[-75.11217,40.81066],[-75.11082,40.81406],[-75.10955,40.81724],[-75.10828,40.82044],[-75.107,40.82373],[-75.1058,40.8267],[-75.10541,40.83025],[-75.10505,40.83344],[-75.10472,40.83661],[-75.10412,40.84209],[-75.10389,40.8441],[-75.10318,40.85075],[-75.10296,40.85273],[-75.10254,40.85729],[-75.10219,40.86096],[-75.1021,40.86413],[-75.10206,40.8661],[-75.10186,40.86942],[-75.10172,40.87149],[-75.10149,40.87478],[-75.10149,40.87736],[-75.10139,40.87977],[-75.1013,40.882],[-75.10114,40.88552],[-75.10103,40.888],[-75.10095,40.88993],[-75.10084,40.89276],[-75.10074,40.89543],[-75.09887,40.89706],[-75.09652,40.89908],[-75.09456,40.90079],[-75.09354,40.90412],[-75.09265,40.90697],[-75.09164,40.91],[-75.08874,40.91101],[-75.08674,40.91166],[-75.08413,40.90923],[-75.08182,40.90944],[-75.08137,40.90922]]}},{"type":"Feature","properties":{"id":"106389","type":"AC; OVERHEAD","status":"IN SERVICE","owner":"DELMARVA POWER","voltage":230,"voltClass":"220-287"},"geometry":{"type":"LineString","coordinates":[[-75.39991,38.88096],[-75.40062,38.88116],[-75.40086,38.8812],[-75.40074,38.88132],[-75.40051,38.88155],[-75.4004,38.88166],[-75.39997,38.88218],[-75.39932,38.88166],[-75.39864,38.88113],[-75.39841,38.88115],[-75.39802,38.8812],[-75.39686,38.88134],[-75.39064,38.8821],[-75.37958,38.88333],[-75.37529,38.88696],[-75.37439,38.8909],[-75.37377,38.89336],[-75.37011,38.89779],[-75.36799,38.90029],[-75.3699,38.90377],[-75.37342,38.90571],[-75.37476,38.91552],[-75.37538,38.92006],[-75.37622,38.92614],[-75.37694,38.93154],[-75.37705,38.93241],[-75.37798,38.93297],[-75.37896,38.93357],[-75.37994,38.93419],[-75.38086,38.93479],[-75.38304,38.93622],[-75.38505,38.9402],[-75.38811,38.94621],[-75.38981,38.9496],[-75.39331,38.95632],[-75.39495,38.95968],[-75.40523,38.96614],[-75.40697,38.96724],[-75.41219,38.97056],[-75.41237,38.97198],[-75.41356,38.98279],[-75.41394,38.98843],[-75.414,38.99008],[-75.41441,38.99746],[-75.41446,38.9983],[-75.41404,39.00125],[-75.4136,39.0044],[-75.41908,39.01006],[-75.42442,39.01558],[-75.42499,39.01845],[-75.42654,39.02569],[-75.42726,39.02902],[-75.4276,39.03433],[-75.42799,39.0425],[-75.43301,39.04654],[-75.43268,39.04852],[-75.43198,39.05287],[-75.43543,39.05556],[-75.44008,39.05778],[-75.4436,39.06019],[-75.44447,39.06436],[-75.44376,39.06875],[-75.44252,39.07659],[-75.4423,39.0784],[-75.42971,39.0865],[-75.42613,39.0919],[-75.42525,39.09324],[-75.42515,39.09546],[-75.42598,39.09732],[-75.42806,39.10186],[-75.4266,39.10664],[-75.42495,39.11224],[-75.42374,39.11618],[-75.4275,39.12689],[-75.4355,39.13088],[-75.44118,39.13372],[-75.44044,39.14276],[-75.4402,39.1545],[-75.43984,39.1653],[-75.44171,39.16968],[-75.44408,39.17541],[-75.4458,39.17953],[-75.44568,39.1839],[-75.45004,39.18894],[-75.45419,39.19296],[-75.45467,39.19348],[-75.45949,39.19662],[-75.46112,39.19767],[-75.46425,39.20213],[-75.46866,39.20334],[-75.46878,39.20265],[-75.46933,39.20221]]}},{"type":"Feature","properties":{"id":"106409","type":"AC; OVERHEAD","status":"IN SERVICE","owner":"PUBLIC SERVICE ELEC & GAS CO","voltage":230,"voltClass":"220-287"},"geometry":{"type":"LineString","coordinates":[[-74.34615,40.53139],[-74.34604,40.53219],[-74.34657,40.53254],[-74.34464,40.53412],[-74.34305,40.53566],[-74.34104,40.53747],[-74.33582,40.54126],[-74.33328,40.54318],[-74.32767,40.54628],[-74.32505,40.54774],[-74.32213,40.54935],[-74.31947,40.55084],[-74.31734,40.55203],[-74.31134,40.5551],[-74.30532,40.5581],[-74.30242,40.55954],[-74.29938,40.56103],[-74.29625,40.56267],[-74.29506,40.5638],[-74.29482,40.56398]]}},{"type":"Feature","properties":{"id":"106718","type":"AC; OVERHEAD","status":"IN SERVICE","owner":null,"voltage":115,"voltClass":"100-161"},"geometry":{"type":"LineString","coordinates":[[-74.26013,41.31069],[-74.2599,41.31058],[-74.25954,41.3108],[-74.25978,41.31127],[-74.25995,41.31157]]}},{"type":"Feature","properties":{"id":"108133","type":"AC; OVERHEAD","status":null,"owner":"JERSEY CENTRAL POWER & LT CO","voltage":230,"voltClass":"220-287"},"geometry":{"type":"LineString","coordinates":[[-74.3444,40.439],[-74.34371,40.43912]]}},{"type":"Feature","properties":{"id":"108265","type":"AC; OVERHEAD","status":"IN SERVICE","owner":"PUBLIC SERVICE ELEC & GAS CO","voltage":230,"voltClass":"220-287"},"geometry":{"type":"LineString","coordinates":[[-74.48014,40.45829],[-74.47762,40.45698],[-74.47132,40.45311],[-74.46997,40.45062],[-74.46759,40.44923],[-74.46526,40.44775],[-74.4628,40.44608],[-74.4621,40.44561],[-74.46143,40.44615]]}},{"type":"Feature","properties":{"id":"108272","type":"AC; OVERHEAD","status":"IN SERVICE","owner":"JERSEY CENTRAL POWER & LT CO","voltage":230,"voltClass":"220-287"},"geometry":{"type":"LineString","coordinates":[[-74.19187,40.11378],[-74.19258,40.11336],[-74.1933,40.11251],[-74.19669,40.11237],[-74.19957,40.1124],[-74.20311,40.11243],[-74.2065,40.11246],[-74.20913,40.11177],[-74.21202,40.11102],[-74.21491,40.11027],[-74.21817,40.10942],[-74.22109,40.10963],[-74.22469,40.10988],[-74.22767,40.1101],[-74.2309,40.11033],[-74.23408,40.11133],[-74.2371,40.11227],[-74.24027,40.11326],[-74.24182,40.11545],[-74.24338,40.11764],[-74.24341,40.1195],[-74.24347,40.12244],[-74.24728,40.12251],[-74.25138,40.12259],[-74.25547,40.12266],[-74.25816,40.12412],[-74.26081,40.12556],[-74.26291,40.12354],[-74.26409,40.12208],[-74.26484,40.12026],[-74.26574,40.11806],[-74.2734,40.11608],[-74.27702,40.11514],[-74.28069,40.11419],[-74.28458,40.11318],[-74.28773,40.11236],[-74.29135,40.11184],[-74.29474,40.11135],[-74.29811,40.11087],[-74.30138,40.1104],[-74.30453,40.10995],[-74.30835,40.11007],[-74.31228,40.1102],[-74.31378,40.11025]]}},{"type":"Feature","properties":{"id":"108472","type":"AC; OVERHEAD","status":"IN SERVICE","owner":"PECO ENERGY CO","voltage":230,"voltClass":"220-287"},"geometry":{"type":"LineString","coordinates":[[-75.31001,40.17154],[-75.3099,40.16985],[-75.31226,40.16979],[-75.31555,40.17172],[-75.31775,40.17311],[-75.32064,40.17486],[-75.32381,40.17678],[-75.3259,40.17815],[-75.32875,40.17991],[-75.33147,40.18157],[-75.33622,40.1895],[-75.33948,40.20376],[-75.34414,40.20816],[-75.34638,40.21029],[-75.35739,40.22078],[-75.35967,40.22293],[-75.36683,40.22792],[-75.36931,40.23033],[-75.37094,40.2328],[-75.37207,40.23581],[-75.37568,40.24562],[-75.37772,40.25104],[-75.37897,40.25335],[-75.38033,40.25578],[-75.38465,40.26045],[-75.38676,40.26281],[-75.39072,40.26721],[-75.39432,40.27294],[-75.39574,40.27814],[-75.39565,40.28109],[-75.3956,40.28364],[-75.39444,40.28703],[-75.39345,40.28983],[-75.39241,40.29281],[-75.39388,40.29477],[-75.39557,40.29701],[-75.39807,40.30032],[-75.40039,40.30341],[-75.40271,40.30655],[-75.40437,40.3088],[-75.40606,40.31109],[-75.41032,40.31679],[-75.41485,40.32286],[-75.41603,40.32381],[-75.41316,40.32526],[-75.40507,40.32935],[-75.40356,40.33009],[-75.39776,40.33073],[-75.39199,40.33138],[-75.38478,40.33437],[-75.38346,40.33473],[-75.3763,40.33664],[-75.3727,40.33761],[-75.36662,40.34062],[-75.36174,40.34304],[-75.35196,40.3452],[-75.34346,40.34708],[-75.34211,40.34738],[-75.34172,40.34795],[-75.34121,40.34841]]}},{"type":"Feature","properties":{"id":"108487","type":"AC; OVERHEAD","status":null,"owner":"PUBLIC SERVICE ELEC & GAS CO","voltage":138,"voltClass":"100-161"},"geometry":{"type":"LineString","coordinates":[[-74.02488,40.83988],[-74.02436,40.8403]]}},{"type":"Feature","properties":{"id":"108740","type":"AC; OVERHEAD","status":"IN SERVICE","owner":null,"voltage":230,"voltClass":"220-287"},"geometry":{"type":"LineString","coordinates":[[-74.93198,39.9011],[-74.93237,39.90077],[-74.93397,39.89868],[-74.93506,39.89695],[-74.93447,39.8944],[-74.93545,39.89015],[-74.93607,39.88549],[-74.93735,39.87917],[-74.92977,39.87453],[-74.92988,39.87178],[-74.92983,39.86931],[-74.92924,39.86408],[-74.92816,39.86213],[-74.92122,39.86276],[-74.91442,39.8618],[-74.91469,39.85946],[-74.915,39.85717],[-74.91523,39.85479],[-74.91532,39.85266],[-74.91714,39.8441],[-74.92067,39.84005],[-74.9211,39.8378],[-74.92133,39.83568],[-74.92185,39.83071],[-74.92255,39.82331],[-74.92594,39.82305],[-74.92945,39.82339],[-74.93295,39.82373],[-74.93472,39.82075],[-74.93659,39.81747],[-74.94068,39.81583],[-74.94656,39.81356],[-74.94911,39.81246],[-74.95157,39.81063],[-74.95327,39.80952],[-74.95602,39.80753],[-74.95576,39.8054],[-74.95537,39.8032],[-74.95571,39.80033],[-74.95538,39.7973],[-74.95454,39.79087],[-74.95735,39.78748],[-74.95931,39.78345],[-74.96211,39.78113],[-74.96428,39.77994],[-74.96747,39.77943],[-74.96993,39.77741],[-74.97436,39.77378],[-74.97654,39.772],[-74.97892,39.77004],[-74.97987,39.76799],[-74.98081,39.76594],[-74.97988,39.76384],[-74.97883,39.76148],[-74.97791,39.75938],[-74.9768,39.75689],[-74.97461,39.75552],[-74.97241,39.75416],[-74.97019,39.75278],[-74.96792,39.75137],[-74.96663,39.74381],[-74.96419,39.74257],[-74.96276,39.741]]}},{"type":"Feature","properties":{"id":"108867","type":"AC; OVERHEAD","status":"IN SERVICE","owner":"CONSOLIDATED EDISON CO-NY INC","voltage":345,"voltClass":"345"},"geometry":{"type":"LineString","coordinates":[[-73.80036,41.19291],[-73.8009,41.19306],[-73.80134,41.19341],[-73.8022,41.1931],[-73.80348,41.19264],[-73.80388,41.19242],[-73.8039,41.19241],[-73.80419,41.19218],[-73.80475,41.19223],[-73.80862,41.19292],[-73.81092,41.19384],[-73.81384,41.19676],[-73.81561,41.19801],[-73.81767,41.19936],[-73.81967,41.20067],[-73.82171,41.20191],[-73.82429,41.20375],[-73.8306,41.20881],[-73.83321,41.21096],[-73.83636,41.21167],[-73.83958,41.2124],[-73.84501,41.21354],[-73.84748,41.21408],[-73.84939,41.21536],[-73.85188,41.21698],[-73.85365,41.21816],[-73.85604,41.21884],[-73.8586,41.21955],[-73.86124,41.22031],[-73.86759,41.22019],[-73.87157,41.22205],[-73.87497,41.22367],[-73.87808,41.22429],[-73.8811,41.22501],[-73.88561,41.22537],[-73.88883,41.2256],[-73.89087,41.22707],[-73.89425,41.22948],[-73.89643,41.23103],[-73.89959,41.2333],[-73.90407,41.23642],[-73.90603,41.23782],[-73.90879,41.23977],[-73.91091,41.24128],[-73.91337,41.24303],[-73.91623,41.24516],[-73.91798,41.24636],[-73.92112,41.24859],[-73.9245,41.25104],[-73.92656,41.25251],[-73.93048,41.25528],[-73.93194,41.25816],[-73.93375,41.26028],[-73.93527,41.2619],[-73.93755,41.26413],[-73.94239,41.26415],[-73.9442,41.26378],[-73.94494,41.26361],[-73.94542,41.26375],[-73.94559,41.2638],[-73.9458,41.26386],[-73.94614,41.26396],[-73.94671,41.26426],[-73.94724,41.26451]]}},{"type":"Feature","properties":{"id":"109015","type":"AC; OVERHEAD","status":null,"owner":"JERSEY CENTRAL POWER & LT CO","voltage":230,"voltClass":"220-287"},"geometry":{"type":"LineString","coordinates":[[-74.2098,39.8154],[-74.20918,39.81372]]}},{"type":"Feature","properties":{"id":"107524","type":"AC; OVERHEAD","status":null,"owner":"DELMARVA POWER","voltage":230,"voltClass":"220-287"},"geometry":{"type":"LineString","coordinates":[[-75.50366,39.73838],[-75.50452,39.73905]]}},{"type":"Feature","properties":{"id":"107560","type":"AC; OVERHEAD","status":"IN SERVICE","owner":"PUBLIC SERVICE ELEC & GAS CO","voltage":230,"voltClass":"220-287"},"geometry":{"type":"LineString","coordinates":[[-74.22147,40.86837],[-74.22036,40.86833],[-74.21929,40.86822],[-74.21798,40.86752],[-74.21759,40.86724]]}},{"type":"Feature","properties":{"id":"106850","type":"AC; OVERHEAD","status":"IN SERVICE","owner":"PECO ENERGY CO","voltage":230,"voltClass":"220-287"},"geometry":{"type":"LineString","coordinates":[[-75.1395,40.09678],[-75.14056,40.09717],[-75.14125,40.09747],[-75.14302,40.09831],[-75.14416,40.09867],[-75.14635,40.09931],[-75.14886,40.10001],[-75.15255,40.10104],[-75.15413,40.1015],[-75.15548,40.10196],[-75.15674,40.1025],[-75.15778,40.10305],[-75.15909,40.10392],[-75.15971,40.10439],[-75.16148,40.10585],[-75.16278,40.10688],[-75.16519,40.10886],[-75.1668,40.1102],[-75.16808,40.11116],[-75.16875,40.11164],[-75.16936,40.11202],[-75.17066,40.11274],[-75.17202,40.11337],[-75.17339,40.11394],[-75.17486,40.11456],[-75.17714,40.11549],[-75.18218,40.11754],[-75.18548,40.11892],[-75.18856,40.12017],[-75.19077,40.12109],[-75.19292,40.12196],[-75.19676,40.12354],[-75.19798,40.12403],[-75.19867,40.12434],[-75.19933,40.12472],[-75.20055,40.1256],[-75.20112,40.12613],[-75.2016,40.12666],[-75.20227,40.12759],[-75.20297,40.12879],[-75.20353,40.12983],[-75.20373,40.13007]]}},{"type":"Feature","properties":{"id":"106858","type":"AC; OVERHEAD","status":"IN SERVICE","owner":"PPL ELECTRIC UTILITIES CORP","voltage":138,"voltClass":"100-161"},"geometry":{"type":"LineString","coordinates":[[-75.44662,40.91488],[-75.44624,40.91496]]}},{"type":"Feature","properties":{"id":"167471","type":"AC; OVERHEAD","status":"IN SERVICE","owner":"PPL ELECTRIC UTILITIES CORP","voltage":138,"voltClass":"100-161"},"geometry":{"type":"LineString","coordinates":[[-75.46991,40.82351],[-75.47011,40.82245],[-75.47121,40.81657],[-75.47149,40.81527],[-75.47176,40.81387],[-75.47209,40.8122],[-75.47279,40.80858],[-75.4728,40.80667],[-75.4728,40.80474],[-75.47279,40.80283],[-75.47349,40.80128],[-75.47436,40.79937],[-75.47537,40.79715],[-75.47692,40.79517],[-75.47847,40.7932],[-75.48016,40.79101],[-75.48221,40.78837],[-75.48337,40.78687],[-75.48457,40.78536],[-75.4873,40.78187],[-75.48806,40.78086],[-75.48849,40.77897],[-75.48891,40.7771],[-75.48935,40.7752],[-75.49039,40.77289],[-75.49108,40.77138],[-75.49215,40.76907],[-75.49309,40.76697],[-75.49385,40.76531],[-75.49458,40.76336],[-75.49547,40.76096],[-75.49631,40.75869],[-75.49705,40.75674],[-75.49771,40.75494],[-75.49845,40.75294],[-75.49924,40.75087],[-75.50012,40.74845],[-75.5012,40.74551],[-75.50106,40.74477],[-75.5006,40.74253],[-75.50024,40.74072],[-75.4998,40.73852],[-75.49956,40.73719],[-75.49913,40.73509],[-75.49878,40.73334],[-75.50057,40.73173],[-75.50177,40.73098],[-75.503,40.73024],[-75.5047,40.72897],[-75.5064,40.72773],[-75.5082,40.72642],[-75.50993,40.72517],[-75.50963,40.72291],[-75.5094,40.72048],[-75.50951,40.71906],[-75.50971,40.7169],[-75.51102,40.71543],[-75.51392,40.714],[-75.51521,40.71338],[-75.51513,40.71157],[-75.51705,40.71204],[-75.51705,40.71149],[-75.51783,40.71146],[-75.51812,40.71313]]}},{"type":"Feature","properties":{"id":"107075","type":"AC; OVERHEAD","status":"IN SERVICE","owner":"PUBLIC SERVICE ELEC & GAS CO","voltage":138,"voltClass":"100-161"},"geometry":{"type":"LineString","coordinates":[[-74.34615,40.53139],[-74.34708,40.53132],[-74.34768,40.53198],[-74.34981,40.53137],[-74.35133,40.53022],[-74.35294,40.52902],[-74.35649,40.52653],[-74.35822,40.52519],[-74.35952,40.52422],[-74.36094,40.52316],[-74.36224,40.52213],[-74.36362,40.52113],[-74.36483,40.52023],[-74.36632,40.51913],[-74.36767,40.51813],[-74.36898,40.51717],[-74.37042,40.51611],[-74.37184,40.51507],[-74.37313,40.51412],[-74.3746,40.51303],[-74.37608,40.51194],[-74.37917,40.50962],[-74.38015,40.50883],[-74.38113,40.50801],[-74.38196,40.50717],[-74.383,40.50602],[-74.38519,40.50359],[-74.3863,40.50236],[-74.38747,40.50107],[-74.38864,40.49977],[-74.38971,40.49858],[-74.3911,40.49709],[-74.39129,40.49698]]}},{"type":"Feature","properties":{"id":"107293","type":"AC; OVERHEAD","status":"IN SERVICE","owner":"PUBLIC SERVICE ELEC & GAS CO","voltage":345,"voltClass":"345"},"geometry":{"type":"LineString","coordinates":[[-74.04219,40.77889],[-74.04137,40.77986],[-74.04032,40.78147],[-74.03878,40.78382],[-74.03751,40.78576],[-74.03623,40.78772],[-74.03493,40.78971],[-74.02573,40.80389],[-74.02561,40.8042]]}},{"type":"Feature","properties":{"id":"107374","type":"AC; OVERHEAD","status":"IN SERVICE","owner":"PPL ELECTRIC UTILITIES CORP","voltage":138,"voltClass":"100-161"},"geometry":{"type":"LineString","coordinates":[[-75.37978,41.03461],[-75.38018,41.03429],[-75.38019,41.03417],[-75.37769,41.03355],[-75.37682,41.03228],[-75.37154,41.03234],[-75.36691,41.03093],[-75.35922,41.03143],[-75.34518,41.03037],[-75.34368,41.03025],[-75.33095,41.03135],[-75.32866,41.03153],[-75.32586,41.02921],[-75.32702,41.0282],[-75.32644,41.02743],[-75.32616,41.02724],[-75.32615,41.02712]]}},{"type":"Feature","properties":{"id":"167524","type":"AC; OVERHEAD","status":"IN SERVICE","owner":null,"voltage":230,"voltClass":"220-287"},"geometry":{"type":"LineString","coordinates":[[-75.48399,39.76766],[-75.48352,39.76788],[-75.4835,39.7686],[-75.48342,39.76925],[-75.48263,39.77074],[-75.48219,39.77148],[-75.48169,39.77214],[-75.48132,39.77292],[-75.48016,39.77423],[-75.4778,39.77687],[-75.47338,39.78189],[-75.47059,39.78493],[-75.46935,39.78614],[-75.46739,39.78778],[-75.46417,39.78987],[-75.45915,39.79295],[-75.45422,39.79598],[-75.45213,39.79744],[-75.45094,39.79859],[-75.44885,39.80084],[-75.44667,39.8032],[-75.44119,39.80915],[-75.4394,39.81105],[-75.43817,39.81218],[-75.43684,39.81319],[-75.43632,39.81388],[-75.43481,39.81482],[-75.43316,39.81562],[-75.43267,39.81584]]}},{"type":"Feature","properties":{"id":"112339","type":"AC; OVERHEAD","status":"IN SERVICE","owner":"JERSEY CENTRAL POWER & LT CO","voltage":230,"voltClass":"220-287"},"geometry":{"type":"LineString","coordinates":[[-74.37826,40.81942],[-74.37735,40.81947],[-74.37723,40.81999],[-74.37502,40.8199],[-74.37316,40.81982],[-74.36489,40.81947],[-74.35022,40.81891],[-74.34619,40.81876],[-74.34726,40.816],[-74.34763,40.8145],[-74.348,40.81306],[-74.3484,40.81148],[-74.34876,40.81003],[-74.34913,40.80857],[-74.3483,40.80671],[-74.34762,40.80516],[-74.34691,40.80357],[-74.34619,40.80193],[-74.34607,40.80003],[-74.34586,40.79855],[-74.3458,40.79808],[-74.3457,40.79737],[-74.34538,40.7951],[-74.3468,40.79247],[-74.34616,40.7905],[-74.34547,40.78836],[-74.34613,40.78684],[-74.34685,40.78518],[-74.34573,40.78397],[-74.34448,40.78262],[-74.34296,40.78216],[-74.34088,40.78152],[-74.33885,40.7808],[-74.33135,40.77812],[-74.33102,40.7774],[-74.33345,40.77374],[-74.33881,40.77163],[-74.34113,40.7694],[-74.34325,40.76735],[-74.34605,40.76567],[-74.34885,40.76406],[-74.35192,40.76035],[-74.35757,40.75806],[-74.35758,40.75594],[-74.35754,40.75382],[-74.35948,40.75096],[-74.36262,40.75002],[-74.36587,40.74905],[-74.36605,40.74685],[-74.36625,40.74535],[-74.36785,40.74394],[-74.36982,40.74229],[-74.37155,40.74084],[-74.37145,40.73647],[-74.37355,40.73522],[-74.37555,40.73409],[-74.37711,40.73345],[-74.37848,40.73345],[-74.37883,40.73302]]}},{"type":"Feature","properties":{"id":"112365","type":"AC; OVERHEAD","status":"IN SERVICE","owner":"PECO ENERGY CO","voltage":230,"voltClass":"220-287"},"geometry":{"type":"LineString","coordinates":[[-75.22774,40.00171],[-75.22802,40.00149],[-75.22683,39.99982],[-75.22618,39.99848],[-75.22579,39.99709],[-75.22561,39.99568],[-75.22562,39.99339],[-75.22561,39.99023],[-75.22569,39.98902],[-75.22585,39.98781],[-75.22642,39.98647],[-75.22791,39.98296],[-75.22877,39.98093],[-75.22885,39.98033],[-75.22824,39.97909],[-75.22732,39.97847],[-75.2199,39.97571],[-75.21457,39.97383],[-75.21323,39.97347],[-75.21052,39.97287],[-75.20839,39.97213],[-75.20629,39.97156],[-75.20475,39.97113],[-75.2032,39.97092],[-75.20229,39.97023],[-75.20212,39.96998],[-75.2014,39.96924]]}},{"type":"Feature","properties":{"id":"112397","type":"AC; OVERHEAD","status":"IN SERVICE","owner":"PUBLIC SERVICE ELEC & GAS CO","voltage":230,"voltClass":"220-287"},"geometry":{"type":"LineString","coordinates":[[-74.29055,40.85418],[-74.29076,40.8542],[-74.29137,40.85401],[-74.29429,40.85343],[-74.29595,40.85236],[-74.29843,40.85076],[-74.30069,40.8493],[-74.31143,40.84235],[-74.31307,40.84039],[-74.31477,40.83837],[-74.31644,40.83638],[-74.31812,40.83437],[-74.31981,40.83237],[-74.32146,40.8304],[-74.32302,40.82854],[-74.32475,40.82647],[-74.32608,40.8249],[-74.32808,40.82252],[-74.3291,40.82084],[-74.32953,40.82026],[-74.33077,40.82005]]}},{"type":"Feature","properties":{"id":"112483","type":"AC; OVERHEAD","status":"IN SERVICE","owner":"PECO ENERGY CO","voltage":230,"voltClass":"220-287"},"geometry":{"type":"LineString","coordinates":[[-75.47277,40.05514],[-75.47283,40.05484]]}},{"type":"Feature","properties":{"id":"109939","type":"AC; OVERHEAD","status":"IN SERVICE","owner":"PUBLIC SERVICE ELEC & GAS CO","voltage":230,"voltClass":"220-287"},"geometry":{"type":"LineString","coordinates":[[-74.45228,40.55276],[-74.45289,40.55324],[-74.45361,40.55397],[-74.46217,40.56061],[-74.46217,40.56081]]}},{"type":"Feature","properties":{"id":"111401","type":"AC; OVERHEAD","status":"IN SERVICE","owner":"PUBLIC SERVICE ELEC & GAS CO","voltage":230,"voltClass":"220-287"},"geometry":{"type":"LineString","coordinates":[[-74.14209,40.80279],[-74.14185,40.80285],[-74.14083,40.80252],[-74.13654,40.80005],[-74.13357,40.79835],[-74.13113,40.79695],[-74.12837,40.79575],[-74.12591,40.79495],[-74.123,40.79403],[-74.12016,40.79313],[-74.11807,40.79247],[-74.11695,40.79373],[-74.11513,40.79465],[-74.11251,40.7953],[-74.11029,40.79521],[-74.10806,40.79438],[-74.10589,40.79262],[-74.10401,40.79088],[-74.09105,40.77884],[-74.08898,40.77658],[-74.08651,40.77499],[-74.08271,40.77359],[-74.08166,40.77126],[-74.08033,40.76839],[-74.07865,40.76572],[-74.07712,40.76329],[-74.07673,40.76028],[-74.07559,40.75792],[-74.07459,40.75555],[-74.07336,40.75321],[-74.07247,40.7508],[-74.07331,40.7493]]}},{"type":"Feature","properties":{"id":"111500","type":"AC; OVERHEAD","status":"IN SERVICE","owner":"PUBLIC SERVICE ELEC & GAS CO","voltage":230,"voltClass":"220-287"},"geometry":{"type":"LineString","coordinates":[[-74.11705,40.79192],[-74.11654,40.79167],[-74.11505,40.79111],[-74.10996,40.7861],[-74.11045,40.77687],[-74.11086,40.77592],[-74.11135,40.77479],[-74.11225,40.77266],[-74.11315,40.77053],[-74.11402,40.76848],[-74.11497,40.76628],[-74.11588,40.76414],[-74.11675,40.76205],[-74.11714,40.76086],[-74.11707,40.76071]]}},{"type":"Feature","properties":{"id":"111496","type":"AC; OVERHEAD","status":"IN SERVICE","owner":"ATLANTIC CITY ELECTRIC CO","voltage":138,"voltClass":"100-161"},"geometry":{"type":"LineString","coordinates":[[-74.61659,39.39716],[-74.61701,39.39756],[-74.61252,39.40627],[-74.61123,39.40883],[-74.60999,39.41129],[-74.60872,39.41379],[-74.60744,39.41633],[-74.60618,39.41883],[-74.60491,39.42135],[-74.60364,39.42385],[-74.60235,39.42641],[-74.59876,39.4265],[-74.59598,39.42656],[-74.59282,39.42664],[-74.5894,39.42672],[-74.58569,39.42681],[-74.58221,39.42689],[-74.57864,39.42698],[-74.57552,39.42705],[-74.57263,39.42692],[-74.56913,39.42624],[-74.56568,39.42557],[-74.56239,39.42493],[-74.55957,39.42438],[-74.55636,39.42375],[-74.55321,39.42314],[-74.54984,39.42248],[-74.54777,39.42174],[-74.53177,39.41602],[-74.53017,39.41608],[-74.5298,39.41661],[-74.52932,39.41693]]}},{"type":"Feature","properties":{"id":"111559","type":"AC; OVERHEAD","status":"IN SERVICE","owner":"JERSEY CENTRAL POWER & LT CO","voltage":230,"voltClass":"220-287"},"geometry":{"type":"LineString","coordinates":[[-74.59696,40.9068],[-74.59554,40.90673],[-74.59533,40.90633],[-74.59685,40.90588],[-74.59672,40.90469],[-74.59579,40.8972],[-74.59556,40.89559],[-74.60499,40.88396],[-74.60592,40.87966],[-74.58559,40.85601],[-74.57524,40.85607],[-74.56625,40.85354],[-74.56337,40.85344],[-74.53217,40.85223],[-74.52815,40.8521],[-74.51837,40.85172],[-74.51535,40.85164],[-74.51311,40.85269],[-74.51062,40.85245],[-74.51028,40.85265]]}},{"type":"Feature","properties":{"id":"111560","type":"AC; OVERHEAD","status":"IN SERVICE","owner":"PUBLIC SERVICE ELEC & GAS CO","voltage":138,"voltClass":"100-161"},"geometry":{"type":"LineString","coordinates":[[-74.01649,40.83407],[-74.01616,40.83377],[-74.01649,40.83323],[-74.01914,40.83327],[-74.0204,40.8338],[-74.02229,40.835],[-74.02576,40.83534],[-74.02711,40.84014],[-74.02553,40.84132],[-74.02436,40.8403]]}},{"type":"Feature","properties":{"id":"111571","type":"AC; OVERHEAD","status":"IN SERVICE","owner":"PPL ELECTRIC UTILITIES CORP","voltage":138,"voltClass":"100-161"},"geometry":{"type":"LineString","coordinates":[[-75.50436,40.68906],[-75.50558,40.68923],[-75.5058,40.68885]]}},{"type":"Feature","properties":{"id":"111626","type":"AC; OVERHEAD","status":"IN SERVICE","owner":"PUBLIC SERVICE ELEC & GAS CO","voltage":138,"voltClass":"100-161"},"geometry":{"type":"LineString","coordinates":[[-74.39129,40.49698],[-74.39149,40.49689],[-74.39188,40.49634],[-74.39279,40.49553],[-74.3943,40.49417],[-74.39619,40.49251],[-74.39567,40.49145]]}},{"type":"Feature","properties":{"id":"111640","type":"AC; OVERHEAD","status":"IN SERVICE","owner":"PUBLIC SERVICE ELEC & GAS CO","voltage":230,"voltClass":"220-287"},"geometry":{"type":"LineString","coordinates":[[-74.11707,40.76071],[-74.11723,40.76062],[-74.11802,40.75925],[-74.11571,40.75669],[-74.11544,40.75533],[-74.11498,40.753],[-74.11449,40.75047],[-74.11414,40.74884],[-74.1137,40.74658],[-74.11254,40.74492],[-74.11132,40.74318],[-74.1109,40.7415],[-74.11104,40.73949],[-74.10843,40.73908],[-74.10193,40.73872],[-74.10095,40.73814],[-74.09964,40.73751],[-74.09919,40.73757],[-74.09857,40.73798]]}},{"type":"Feature","properties":{"id":"111646","type":"AC; OVERHEAD","status":"IN SERVICE","owner":"PUBLIC SERVICE ELEC & GAS CO","voltage":138,"voltClass":"100-161"},"geometry":{"type":"LineString","coordinates":[[-74.39567,40.49145],[-74.39579,40.4927],[-74.39418,40.4941],[-74.39173,40.49628],[-74.39131,40.49682],[-74.39129,40.49698]]}},{"type":"Feature","properties":{"id":"111711","type":"AC; OVERHEAD","status":"IN SERVICE","owner":"PUBLIC SERVICE ELEC & GAS CO","voltage":138,"voltClass":"100-161"},"geometry":{"type":"LineString","coordinates":[[-74.66144,40.15164],[-74.66171,40.15107],[-74.67381,40.14253],[-74.67488,40.14162],[-74.67507,40.14157]]}},{"type":"Feature","properties":{"id":"111777","type":"AC; OVERHEAD","status":"IN SERVICE","owner":"PECO ENERGY CO","voltage":230,"voltClass":"220-287"},"geometry":{"type":"LineString","coordinates":[[-75.2284,40.22444],[-75.22867,40.22444],[-75.22908,40.22499],[-75.22914,40.22515],[-75.23126,40.22494],[-75.23316,40.22468],[-75.2356,40.22419],[-75.2433,40.22262],[-75.25159,40.22088],[-75.25711,40.21973],[-75.26166,40.21978],[-75.26604,40.21812],[-75.26896,40.21881],[-75.27197,40.21981],[-75.27612,40.22214],[-75.27791,40.22344],[-75.27995,40.22294],[-75.28515,40.22053],[-75.2871,40.21911],[-75.29116,40.21555],[-75.29137,40.21399],[-75.29096,40.21347]]}},{"type":"Feature","properties":{"id":"111796","type":"AC; OVERHEAD","status":"IN SERVICE","owner":"PECO ENERGY CO","voltage":230,"voltClass":"220-287"},"geometry":{"type":"LineString","coordinates":[[-75.52984,40.15072],[-75.52975,40.15048],[-75.52509,40.15038],[-75.52086,40.15055],[-75.51677,40.14903],[-75.51377,40.14757],[-75.51122,40.14572],[-75.50668,40.14438],[-75.50446,40.14369],[-75.50166,40.14333],[-75.50007,40.14236],[-75.49815,40.14118],[-75.49651,40.14015],[-75.49494,40.139],[-75.49251,40.13717],[-75.49107,40.13609],[-75.489,40.13455],[-75.48696,40.13301],[-75.48508,40.13165],[-75.48347,40.13049],[-75.48168,40.12903],[-75.47995,40.12774],[-75.47773,40.12674],[-75.47562,40.12583],[-75.47362,40.12496],[-75.47158,40.12405],[-75.46888,40.12285],[-75.4664,40.12174],[-75.46353,40.12044],[-75.45968,40.11879],[-75.45818,40.11755],[-75.45735,40.1156],[-75.45619,40.11315],[-75.45477,40.11011],[-75.45188,40.10919],[-75.44935,40.10964],[-75.44677,40.11004],[-75.44414,40.11048],[-75.44135,40.11096],[-75.438,40.11154],[-75.43556,40.1119],[-75.43321,40.11229],[-75.43001,40.11278],[-75.4266,40.11324],[-75.42335,40.11367],[-75.42039,40.11413],[-75.41948,40.11428],[-75.42017,40.1147]]}},{"type":"Feature","properties":{"id":"109983","type":"AC; OVERHEAD","status":"IN SERVICE","owner":"PECO ENERGY CO","voltage":230,"voltClass":"220-287"},"geometry":{"type":"LineString","coordinates":[[-75.20169,39.90071],[-75.20246,39.90062],[-75.20227,39.90145],[-75.20031,39.90232],[-75.20143,39.90267],[-75.2051,39.901],[-75.21302,39.89751],[-75.21795,39.8953],[-75.22232,39.89339],[-75.2241,39.89407],[-75.22781,39.89543],[-75.22911,39.89614],[-75.2322,39.89793],[-75.23527,39.89957],[-75.2368,39.90041],[-75.23645,39.90074],[-75.2367,39.90116],[-75.2373,39.90092]]}},{"type":"Feature","properties":{"id":"110001","type":"OVERHEAD","status":"IN SERVICE","owner":"PECO ENERGY CO","voltage":230,"voltClass":"220-287"},"geometry":{"type":"LineString","coordinates":[[-75.07733,39.98467],[-75.07413,39.98643]]}},{"type":"Feature","properties":{"id":"110188","type":"AC; OVERHEAD","status":"IN SERVICE","owner":"ATLANTIC CITY ELECTRIC CO","voltage":138,"voltClass":"100-161"},"geometry":{"type":"LineString","coordinates":[[-74.64862,39.32325],[-74.64882,39.32339],[-74.65136,39.32597],[-74.65243,39.32858],[-74.65434,39.33853],[-74.66167,39.34684],[-74.66714,39.35438],[-74.66465,39.35652],[-74.66216,39.35867],[-74.65967,39.36082],[-74.65741,39.36277],[-74.65487,39.36496],[-74.6525,39.36654],[-74.65007,39.36816],[-74.64762,39.3698],[-74.64519,39.37142],[-74.64273,39.37306],[-74.64005,39.37515],[-74.63776,39.37694],[-74.63524,39.37891],[-74.63274,39.38085],[-74.62313,39.38835],[-74.62065,39.39029],[-74.61929,39.39298],[-74.61795,39.39564],[-74.61727,39.39718],[-74.61659,39.39716]]}},{"type":"Feature","properties":{"id":"110228","type":"AC; OVERHEAD","status":"IN SERVICE","owner":"PECO ENERGY CO","voltage":230,"voltClass":"220-287"},"geometry":{"type":"LineString","coordinates":[[-74.87587,40.09771],[-74.8773,40.09553],[-74.88204,40.09346],[-74.88252,40.08941],[-74.88494,40.08762],[-74.88588,40.08653],[-74.89057,40.08488],[-74.8907,40.08402],[-74.89103,40.08163],[-74.89134,40.08071]]}},{"type":"Feature","properties":{"id":"165888","type":"AC; OVERHEAD","status":"IN SERVICE","owner":"ATLANTIC CITY ELECTRIC CO","voltage":138,"voltClass":"100-161"},"geometry":{"type":"LineString","coordinates":[[-74.73965,39.19162],[-74.73824,39.19181],[-74.73605,39.19355],[-74.73313,39.19508],[-74.72724,39.19816],[-74.72433,39.19967],[-74.72278,39.20222],[-74.72202,39.20348],[-74.72123,39.20477],[-74.71969,39.20732],[-74.71654,39.21246],[-74.71496,39.21503],[-74.71028,39.22267],[-74.7105,39.22517],[-74.71077,39.22769],[-74.71098,39.2302],[-74.71119,39.23269],[-74.71142,39.23521],[-74.70875,39.23601],[-74.70607,39.23681],[-74.70341,39.23759],[-74.70079,39.23835],[-74.69925,39.24086],[-74.69765,39.24347],[-74.69606,39.24607],[-74.69447,39.24868],[-74.69288,39.25128],[-74.69128,39.25388],[-74.68969,39.25648],[-74.68812,39.25904],[-74.68654,39.26163],[-74.68497,39.26418],[-74.68338,39.26676],[-74.68187,39.26923],[-74.67922,39.27042],[-74.67646,39.26874],[-74.67382,39.26713],[-74.67114,39.2655],[-74.66782,39.2666],[-74.66443,39.26773],[-74.66129,39.26878],[-74.65815,39.26982],[-74.65503,39.27086],[-74.65489,39.27058],[-74.65397,39.27087],[-74.65195,39.26778],[-74.6511,39.26705],[-74.65065,39.26678],[-74.64913,39.26578],[-74.64759,39.26475],[-74.64697,39.26438],[-74.6453,39.26345],[-74.64222,39.26145],[-74.63914,39.25951],[-74.63489,39.25676],[-74.63252,39.25523],[-74.63196,39.25475],[-74.63146,39.25426],[-74.63054,39.25375],[-74.62717,39.25247],[-74.62643,39.25231],[-74.62566,39.25236],[-74.62497,39.25243],[-74.623,39.25259],[-74.61863,39.2529],[-74.61771,39.25286],[-74.61613,39.25299],[-74.61502,39.25304],[-74.61421,39.25174]]}},{"type":"Feature","properties":{"id":"110247","type":"AC; OVERHEAD","status":"IN SERVICE","owner":"PECO ENERGY CO","voltage":230,"voltClass":"220-287"},"geometry":{"type":"LineString","coordinates":[[-75.15909,40.01555],[-75.15975,40.01668],[-75.16094,40.01936],[-75.16106,40.02084],[-75.15883,40.02377],[-75.15696,40.02503],[-75.1552,40.02617]]}},{"type":"Feature","properties":{"id":"110313","type":"AC; OVERHEAD","status":"IN SERVICE","owner":"PECO ENERGY CO","voltage":230,"voltClass":"220-287"},"geometry":{"type":"LineString","coordinates":[[-75.13541,40.03556],[-75.13506,40.03584],[-75.13478,40.03583],[-75.13471,40.03795],[-75.13468,40.03987],[-75.13471,40.04194],[-75.13471,40.04516],[-75.13475,40.04741],[-75.13472,40.04854],[-75.13469,40.04915],[-75.13462,40.04977],[-75.13447,40.05039],[-75.13423,40.05097],[-75.13395,40.05154],[-75.13358,40.05216],[-75.13275,40.05355],[-75.13189,40.05492],[-75.13064,40.05689],[-75.12983,40.05819],[-75.12857,40.06037],[-75.12755,40.06209],[-75.12701,40.06319],[-75.1268,40.06371],[-75.12654,40.06475],[-75.12648,40.06533],[-75.1265,40.06592],[-75.12656,40.06649],[-75.12698,40.06833],[-75.12815,40.07336],[-75.12847,40.07458],[-75.12893,40.07581],[-75.12921,40.07635],[-75.12963,40.07707],[-75.13057,40.07854],[-75.13203,40.08072],[-75.13288,40.0821],[-75.13323,40.08274],[-75.13381,40.08406],[-75.13469,40.08605],[-75.13524,40.08736],[-75.13657,40.09042],[-75.13722,40.09189],[-75.13814,40.09413],[-75.13848,40.09474],[-75.13892,40.09531],[-75.13932,40.09613],[-75.1395,40.09678]]}},{"type":"Feature","properties":{"id":"110318","type":"AC; OVERHEAD","status":"IN SERVICE","owner":"PUBLIC SERVICE ELEC & GAS CO","voltage":230,"voltClass":"220-287"},"geometry":{"type":"LineString","coordinates":[[-74.48014,40.45829],[-74.47768,40.45687],[-74.47138,40.45305],[-74.47002,40.45057],[-74.46763,40.44916],[-74.4653,40.44769],[-74.46289,40.44601],[-74.46204,40.44544],[-74.46143,40.44615]]}},{"type":"Feature","properties":{"id":"110563","type":"AC; OVERHEAD","status":"IN SERVICE","owner":null,"voltage":230,"voltClass":"220-287"},"geometry":{"type":"LineString","coordinates":[[-75.03366,40.99943],[-75.03317,40.99929],[-75.03303,40.9984],[-75.03246,40.99566],[-75.04832,40.97411],[-75.04609,40.95967],[-75.04492,40.95211],[-75.05465,40.94201],[-75.05901,40.92397],[-75.05884,40.91417],[-75.06028,40.91332],[-75.06116,40.914],[-75.06356,40.9159],[-75.06546,40.91512],[-75.06738,40.91433],[-75.07015,40.91406],[-75.07178,40.91393],[-75.07429,40.9137],[-75.07681,40.91347],[-75.07872,40.91307],[-75.08039,40.91267],[-75.08127,40.91217],[-75.08085,40.91052],[-75.08155,40.91006],[-75.08137,40.90922]]}},{"type":"Feature","properties":{"id":"110605","type":"AC; OVERHEAD","status":"IN SERVICE","owner":null,"voltage":230,"voltClass":"220-287"},"geometry":{"type":"LineString","coordinates":[[-75.02426,41.07856],[-75.0236,41.0788],[-75.01956,41.07791],[-75.01677,41.07729],[-75.01464,41.07682],[-75.01134,41.0761],[-75.00789,41.07532],[-75.00484,41.07464],[-75,41.0735],[-74.99733,41.07286],[-74.99314,41.07189],[-74.98902,41.07092],[-74.98573,41.07016],[-74.98329,41.06958],[-74.98111,41.06906],[-74.97702,41.06813],[-74.97297,41.06717],[-74.96925,41.06631],[-74.96515,41.06534],[-74.96141,41.06446],[-74.95691,41.0634],[-74.95494,41.06293],[-74.94606,41.06085],[-74.94327,41.06023],[-74.94403,41.05838],[-74.94645,41.05571],[-74.95357,41.04779],[-74.97233,41.04379],[-74.97856,41.03983],[-74.98243,41.0381],[-74.98597,41.03522],[-74.98801,41.03416],[-74.99933,41.02768],[-75.00079,41.02567],[-75.0045,41.01997],[-75.01531,41.01264],[-75.03444,41.00528],[-75.03505,41.00283],[-75.03382,41.00068],[-75.03364,40.99973],[-75.03366,40.99943]]}},{"type":"Feature","properties":{"id":"110678","type":"AC; OVERHEAD","status":"IN SERVICE","owner":"PECO ENERGY CO","voltage":230,"voltClass":"220-287"},"geometry":{"type":"LineString","coordinates":[[-75.18917,39.94139],[-75.18773,39.94058],[-75.18633,39.94015],[-75.18536,39.93981],[-75.1851,39.93899],[-75.18543,39.93746],[-75.18628,39.9334],[-75.1872,39.92932],[-75.18785,39.92633],[-75.18874,39.92221],[-75.18912,39.92132],[-75.18984,39.91794],[-75.19013,39.91677],[-75.19099,39.91315],[-75.192,39.90876],[-75.19262,39.90577],[-75.19286,39.90482],[-75.19321,39.90395],[-75.19437,39.90298],[-75.19666,39.90114],[-75.19933,39.90201],[-75.20067,39.90038],[-75.2013,39.90048],[-75.20169,39.90071]]}},{"type":"Feature","properties":{"id":"110803","type":"AC; OVERHEAD","status":"IN SERVICE","owner":null,"voltage":230,"voltClass":"220-287"},"geometry":{"type":"LineString","coordinates":[[-74.92958,40.33724],[-74.9296,40.3375],[-74.92884,40.33824],[-74.92526,40.33861],[-74.92216,40.33952],[-74.9226,40.342],[-74.92308,40.34451],[-74.92334,40.34602],[-74.92405,40.34813],[-74.92471,40.35027],[-74.925,40.35301],[-74.92511,40.35515],[-74.92523,40.35755],[-74.92533,40.35968],[-74.92542,40.36256],[-74.92551,40.36492],[-74.92563,40.36748],[-74.92521,40.36999],[-74.92491,40.37212],[-74.92451,40.37493],[-74.92416,40.37733],[-74.92377,40.38007],[-74.92335,40.3825],[-74.92571,40.38489],[-74.92812,40.38739],[-74.93042,40.38982],[-74.9323,40.39186],[-74.93453,40.38993],[-74.93683,40.38798],[-74.93969,40.38556],[-74.94253,40.38308],[-74.94509,40.38076],[-74.94778,40.37856],[-74.9516,40.37701],[-74.95356,40.37613],[-74.95654,40.37481],[-74.95963,40.37343],[-74.96144,40.37153],[-74.96364,40.36923],[-74.96597,40.36677],[-74.96789,40.36474],[-74.97002,40.36249],[-74.97203,40.36039],[-74.97491,40.35736],[-74.97768,40.35447],[-74.97958,40.35244],[-74.98187,40.35003],[-74.98424,40.34754],[-74.98663,40.34504],[-74.98926,40.34224],[-74.99197,40.33935],[-74.99419,40.33702],[-74.99721,40.33384],[-74.9995,40.33145],[-75.00142,40.3294],[-75.00406,40.32742],[-75.00677,40.32539],[-75.00963,40.32325],[-75.01286,40.32084],[-75.01578,40.31864],[-75.01858,40.31653],[-75.0212,40.31456],[-75.02375,40.31266],[-75.02693,40.31026],[-75.03036,40.30768],[-75.03333,40.30546],[-75.03676,40.30288],[-75.04029,40.30023],[-75.04263,40.29846],[-75.04523,40.2965],[-75.04817,40.2943],[-75.05129,40.29196],[-75.0543,40.2897],[-75.05672,40.28746],[-75.05975,40.28463],[-75.06213,40.28251],[-75.06252,40.28136]]}},{"type":"Feature","properties":{"id":"110816","type":"AC; OVERHEAD","status":null,"owner":"CONSOLIDATED EDISON CO-NY INC","voltage":138,"voltClass":"100-161"},"geometry":{"type":"LineString","coordinates":[[-73.90642,40.78203],[-73.90522,40.7816],[-73.90495,40.78202],[-73.90682,40.78391],[-73.90847,40.78567],[-73.91067,40.78738],[-73.91171,40.78815],[-73.91285,40.78751]]}},{"type":"Feature","properties":{"id":"110961","type":"AC; OVERHEAD","status":"IN SERVICE","owner":"JERSEY CENTRAL POWER & LT CO","voltage":230,"voltClass":"220-287"},"geometry":{"type":"LineString","coordinates":[[-74.35358,40.47922],[-74.35349,40.47974],[-74.35214,40.48032],[-74.34646,40.47905],[-74.3432,40.47832],[-74.33977,40.47755],[-74.33733,40.477],[-74.33456,40.47638],[-74.33157,40.47573],[-74.31222,40.47706],[-74.30628,40.4777],[-74.30436,40.47789],[-74.29853,40.47851],[-74.29616,40.48012],[-74.29469,40.48112],[-74.29261,40.48246],[-74.28296,40.48902],[-74.28143,40.48954],[-74.28147,40.49003]]}},{"type":"Feature","properties":{"id":"110980","type":"AC; OVERHEAD","status":"IN SERVICE","owner":null,"voltage":230,"voltClass":"220-287"},"geometry":{"type":"LineString","coordinates":[[-75.34924,40.62264],[-75.34776,40.62283],[-75.34674,40.62287],[-75.34526,40.62281],[-75.34446,40.62286],[-75.34344,40.6229],[-75.34196,40.62301],[-75.341,40.62308],[-75.34117,40.62397],[-75.3413,40.6249],[-75.34141,40.62565],[-75.3415,40.62622],[-75.34165,40.62701],[-75.3418,40.62809],[-75.34193,40.62927],[-75.34081,40.63007],[-75.33966,40.63087],[-75.3389,40.63195],[-75.33815,40.6329],[-75.33757,40.6336],[-75.33676,40.63462],[-75.33555,40.63468],[-75.33357,40.63478],[-75.33226,40.63483],[-75.33083,40.6349],[-75.32945,40.63496],[-75.32771,40.63505],[-75.32602,40.63514],[-75.3243,40.63523],[-75.32257,40.63449],[-75.32098,40.63384],[-75.31994,40.63339],[-75.31814,40.63356],[-75.31652,40.6337],[-75.31492,40.63384],[-75.31297,40.634],[-75.31126,40.63415],[-75.30976,40.63427],[-75.30987,40.63505],[-75.31004,40.63649],[-75.31028,40.63792],[-75.31046,40.63942],[-75.31066,40.64079],[-75.31088,40.6422],[-75.31107,40.6435],[-75.31119,40.64442],[-75.31136,40.64566],[-75.31153,40.64699],[-75.31173,40.64835],[-75.31191,40.64973],[-75.31208,40.65086],[-75.31225,40.65214],[-75.31245,40.65341],[-75.31263,40.6548],[-75.31283,40.65617],[-75.31304,40.65754],[-75.31322,40.6589],[-75.31336,40.65998],[-75.31418,40.66103],[-75.31508,40.66222],[-75.31594,40.66341],[-75.31679,40.66459],[-75.31724,40.66519],[-75.31801,40.66622],[-75.31808,40.66731],[-75.31818,40.6688],[-75.31833,40.67031],[-75.31842,40.67172],[-75.31852,40.67319],[-75.31877,40.67462],[-75.31893,40.67554],[-75.31916,40.67685],[-75.31938,40.67812],[-75.31964,40.67956],[-75.31987,40.68088],[-75.32009,40.68211],[-75.31795,40.68433],[-75.31598,40.68638],[-75.31399,40.68844],[-75.31204,40.69047],[-75.30988,40.69271],[-75.30786,40.69481],[-75.30569,40.69707],[-75.30223,40.69745],[-75.29932,40.69776],[-75.29664,40.69806],[-75.29383,40.69836],[-75.29048,40.69873],[-75.28769,40.70053],[-75.28558,40.70189],[-75.28382,40.70309],[-75.28204,40.70419],[-75.27971,40.7057],[-75.2773,40.70726],[-75.27467,40.70899],[-75.2725,40.71037],[-75.27003,40.71196],[-75.26736,40.71374],[-75.26534,40.71504],[-75.26294,40.71645],[-75.25987,40.71817],[-75.2587,40.71884],[-75.2571,40.71975],[-75.25434,40.71994],[-75.25041,40.72021],[-75.24777,40.72039],[-75.24386,40.72066],[-75.24159,40.72076],[-75.23818,40.72097],[-75.2347,40.72119],[-75.2315,40.72225],[-75.22821,40.72334],[-75.22549,40.72424],[-75.2223,40.72521],[-75.21908,40.72618],[-75.21848,40.72636],[-75.21669,40.7269],[-75.21541,40.72939],[-75.2142,40.73175],[-75.21168,40.73692],[-75.20933,40.74157],[-75.20816,40.74389],[-75.20683,40.74655],[-75.20574,40.74878],[-75.20624,40.75203],[-75.20664,40.75458],[-75.20409,40.75635],[-75.2023,40.75759],[-75.20019,40.75906],[-75.19926,40.76147],[-75.1986,40.76305],[-75.19724,40.76655],[-75.19442,40.76865],[-75.19225,40.77027],[-75.18991,40.77202],[-75.18742,40.77387],[-75.18486,40.77579],[-75.18253,40.7776],[-75.18019,40.77941],[-75.17706,40.78179],[-75.17476,40.7835],[-75.17078,40.78466],[-75.168,40.78548],[-75.16513,40.78634],[-75.16152,40.78741],[-75.15736,40.78863],[-75.15477,40.78942],[-75.15044,40.79037],[-75.14729,40.79107],[-75.14381,40.79185],[-75.14037,40.79261],[-75.13686,40.79339],[-75.13449,40.79391],[-75.13095,40.7947],[-75.12844,40.79576],[-75.12566,40.79693],[-75.12224,40.79837],[-75.11966,40.79949],[-75.11671,40.80077],[-75.11532,40.80072],[-75.11394,40.80069],[-75.11224,40.80066],[-75.11116,40.80063],[-75.10954,40.80051],[-75.10858,40.80038]]}},{"type":"Feature","properties":{"id":"111071","type":"AC; OVERHEAD","status":"IN SERVICE","owner":"DELMARVA POWER","voltage":138,"voltClass":"100-161"},"geometry":{"type":"LineString","coordinates":[[-75.57487,39.01538],[-75.57507,39.01558],[-75.57544,39.0156],[-75.57527,39.01697],[-75.57497,39.01938],[-75.57478,39.021],[-75.5744,39.02418],[-75.57364,39.03062],[-75.57324,39.0338],[-75.57279,39.03763],[-75.57231,39.04145],[-75.57204,39.04383],[-75.57151,39.04804],[-75.57112,39.05139],[-75.5707,39.05475],[-75.5703,39.05813],[-75.5697,39.06315],[-75.56906,39.06818],[-75.56857,39.07239],[-75.56816,39.07579],[-75.56775,39.07922],[-75.56734,39.08267],[-75.5667,39.08782],[-75.56617,39.09208],[-75.56567,39.09627],[-75.56527,39.09964],[-75.56453,39.1057],[-75.56412,39.10921],[-75.56391,39.11097],[-75.56366,39.11221],[-75.56322,39.11339],[-75.5626,39.11456],[-75.56137,39.11615],[-75.56078,39.11678],[-75.55793,39.11983],[-75.55552,39.12238],[-75.55428,39.12367],[-75.55237,39.12568],[-75.54856,39.12974],[-75.54535,39.13316],[-75.54278,39.13589],[-75.54026,39.1386],[-75.53921,39.13993],[-75.53797,39.14127],[-75.53463,39.1448],[-75.53215,39.14746],[-75.53143,39.14852],[-75.53069,39.15026],[-75.53056,39.15148],[-75.5306,39.15268],[-75.53075,39.1533],[-75.53113,39.15445],[-75.53168,39.15579],[-75.53295,39.15869],[-75.53326,39.15942],[-75.53361,39.1601],[-75.534,39.1608],[-75.53452,39.16143],[-75.53511,39.16205],[-75.53677,39.16396],[-75.53795,39.16525],[-75.53978,39.16732],[-75.54234,39.17016],[-75.54297,39.17084],[-75.54472,39.17289],[-75.5451,39.17349],[-75.54629,39.1748],[-75.5469,39.17547],[-75.5487,39.17747],[-75.54991,39.17881],[-75.55172,39.18084],[-75.55354,39.18285],[-75.55675,39.18645],[-75.55878,39.18871],[-75.55862,39.18943],[-75.55935,39.18989],[-75.55943,39.1894],[-75.56051,39.19061],[-75.56238,39.19267],[-75.56548,39.19608],[-75.56858,39.19953],[-75.57145,39.2028],[-75.57175,39.20324],[-75.57203,39.2037],[-75.57123,39.20413],[-75.57107,39.20425]]}},{"type":"Feature","properties":{"id":"111208","type":"AC; OVERHEAD","status":"IN SERVICE","owner":"JERSEY CENTRAL POWER & LT CO","voltage":230,"voltClass":"220-287"},"geometry":{"type":"LineString","coordinates":[[-74.36058,40.20136],[-74.36111,40.20109],[-74.36348,40.20235],[-74.3654,40.20552],[-74.36921,40.2058],[-74.37297,40.20607],[-74.3769,40.20636],[-74.38044,40.20661],[-74.38672,40.20707],[-74.3943,40.21058],[-74.39699,40.2113],[-74.40004,40.21212],[-74.40381,40.21313],[-74.40702,40.21399],[-74.40984,40.21474],[-74.41594,40.21639],[-74.4193,40.21729],[-74.42166,40.218],[-74.42463,40.2189],[-74.42831,40.22001],[-74.43095,40.22081],[-74.43454,40.22171],[-74.43678,40.22227],[-74.43968,40.223],[-74.44172,40.22352],[-74.44439,40.22419],[-74.44786,40.22515],[-74.45144,40.22613],[-74.45415,40.22688],[-74.45787,40.22791],[-74.46143,40.22889],[-74.46479,40.22982],[-74.46852,40.23085],[-74.47222,40.23187],[-74.47557,40.23279],[-74.48451,40.23526],[-74.48766,40.23613],[-74.4907,40.23697],[-74.49364,40.23778],[-74.49739,40.23881],[-74.50127,40.23912],[-74.50495,40.23941],[-74.5069,40.23956],[-74.5083,40.23967],[-74.51114,40.23987],[-74.51329,40.24025],[-74.51615,40.24074],[-74.51806,40.24071],[-74.5181,40.24135],[-74.5191,40.24126],[-74.51904,40.24101],[-74.51851,40.24045]]}},{"type":"Feature","properties":{"id":"109346","type":"AC; OVERHEAD","status":"IN SERVICE","owner":null,"voltage":230,"voltClass":"220-287"},"geometry":{"type":"LineString","coordinates":[[-74.73425,40.18924],[-74.73583,40.18864],[-74.7492,40.18441],[-74.75171,40.18381],[-74.75383,40.18338],[-74.75626,40.1827],[-74.7585,40.18293],[-74.76072,40.18304],[-74.76129,40.18293],[-74.76176,40.183]]}},{"type":"Feature","properties":{"id":"109374","type":"AC; OVERHEAD","status":"IN SERVICE","owner":"JERSEY CENTRAL POWER & LT CO","voltage":115,"voltClass":"100-161"},"geometry":{"type":"LineString","coordinates":[[-74.59696,40.9068],[-74.59771,40.90727],[-74.59723,40.9091],[-74.59684,40.91189],[-74.59648,40.9145],[-74.58943,40.92799],[-74.59129,40.94454],[-74.59368,40.96402],[-74.60288,40.97992],[-74.59727,41.00167],[-74.59438,41.01266],[-74.59237,41.0155],[-74.59165,41.02313],[-74.57974,41.06864],[-74.57542,41.08509],[-74.57708,41.10009]]}},{"type":"Feature","properties":{"id":"109449","type":"AC; OVERHEAD","status":"IN SERVICE","owner":"PUBLIC SERVICE ELEC & GAS CO","voltage":230,"voltClass":"220-287"},"geometry":{"type":"LineString","coordinates":[[-74.05518,40.7634],[-74.05502,40.76376],[-74.05466,40.76408],[-74.05035,40.76686],[-74.04801,40.7683],[-74.0465,40.77051],[-74.04502,40.77275],[-74.04365,40.77533],[-74.04292,40.77802],[-74.03591,40.78878]]}},{"type":"Feature","properties":{"id":"109473","type":"AC; OVERHEAD","status":"IN SERVICE","owner":"PUBLIC SERVICE ELEC & GAS CO","voltage":230,"voltClass":"220-287"},"geometry":{"type":"LineString","coordinates":[[-74.32876,40.82237],[-74.32905,40.82206],[-74.33036,40.82107],[-74.33123,40.82089],[-74.33077,40.82005]]}},{"type":"Feature","properties":{"id":"109544","type":"AC; OVERHEAD","status":"IN SERVICE","owner":"PUBLIC SERVICE ELEC & GAS CO","voltage":230,"voltClass":"220-287"},"geometry":{"type":"LineString","coordinates":[[-74.29108,40.80325],[-74.29181,40.80355],[-74.29423,40.80456],[-74.29714,40.80587],[-74.30002,40.80715],[-74.30287,40.80838],[-74.30499,40.80934],[-74.30737,40.81031],[-74.3096,40.81123],[-74.31181,40.81234],[-74.3143,40.81353],[-74.31674,40.8147],[-74.31933,40.81591],[-74.32192,40.81716],[-74.32404,40.81814],[-74.32852,40.82031],[-74.32886,40.8207],[-74.33077,40.82005]]}},{"type":"Feature","properties":{"id":"109569","type":"AC; OVERHEAD","status":"IN SERVICE","owner":null,"voltage":500,"voltClass":"500"},"geometry":{"type":"LineString","coordinates":[[-74.96276,39.741],[-74.96128,39.74069],[-74.96023,39.73982],[-74.95637,39.74031],[-74.95358,39.73886],[-74.95168,39.73618],[-74.95017,39.73387],[-74.94913,39.73224],[-74.94843,39.73126],[-74.9442,39.73232],[-74.9358,39.73445],[-74.92776,39.73373],[-74.9241,39.73341],[-74.92032,39.73307],[-74.91595,39.73268],[-74.91256,39.73376],[-74.9094,39.73477],[-74.90641,39.73572],[-74.90269,39.73691],[-74.89916,39.73803],[-74.89534,39.73925],[-74.89544,39.74227],[-74.89667,39.74831],[-74.89518,39.7507],[-74.89129,39.75049],[-74.88682,39.75025],[-74.87932,39.74989],[-74.87579,39.75136],[-74.87256,39.75266],[-74.86951,39.75136],[-74.86657,39.75005],[-74.86356,39.74873],[-74.8604,39.74735],[-74.8572,39.7475],[-74.85401,39.74768],[-74.85077,39.74786],[-74.84758,39.74802],[-74.84433,39.74819],[-74.84097,39.74838],[-74.83727,39.74858],[-74.83404,39.74876],[-74.8304,39.74898],[-74.82691,39.74915],[-74.8253,39.7516],[-74.82353,39.75433],[-74.82245,39.75607],[-74.82175,39.75715],[-74.82226,39.75989],[-74.82278,39.76265],[-74.8233,39.76531],[-74.82382,39.76816],[-74.82432,39.77079],[-74.82485,39.77374],[-74.82596,39.77961],[-74.82664,39.78325],[-74.82741,39.78732],[-74.82812,39.7911],[-74.82596,39.79485],[-74.82348,39.79917],[-74.82093,39.80362],[-74.81879,39.80735],[-74.81627,39.81024],[-74.81092,39.81629],[-74.80838,39.81917],[-74.80583,39.82206],[-74.80347,39.82473],[-74.80091,39.82764],[-74.79716,39.82809],[-74.79357,39.82853],[-74.78982,39.82898],[-74.78631,39.82941],[-74.78334,39.83095],[-74.78065,39.83235],[-74.7775,39.83399],[-74.77473,39.83543],[-74.77162,39.83704],[-74.76794,39.83896],[-74.76439,39.8408],[-74.76072,39.84285],[-74.75719,39.84457],[-74.75856,39.84788],[-74.76002,39.85141],[-74.7612,39.85425],[-74.76227,39.85681],[-74.76332,39.85935],[-74.76433,39.86179],[-74.76542,39.86442],[-74.76576,39.86771],[-74.76612,39.87126],[-74.76643,39.87429],[-74.76675,39.87746],[-74.76704,39.8803],[-74.76736,39.88344],[-74.76768,39.88653],[-74.768,39.8897],[-74.76762,39.89123],[-74.76664,39.89511],[-74.76404,39.89805],[-74.76181,39.90057],[-74.75926,39.90344],[-74.75662,39.90642],[-74.75394,39.90944],[-74.75533,39.91228],[-74.75685,39.91541],[-74.75833,39.91854],[-74.75982,39.92164],[-74.76096,39.92487],[-74.76213,39.92806],[-74.76329,39.93122],[-74.7645,39.93451],[-74.76566,39.9377],[-74.76688,39.94103],[-74.76706,39.94403],[-74.76724,39.94723],[-74.76746,39.95092],[-74.76753,39.95215],[-74.76755,39.95258],[-74.76407,39.95467],[-74.76171,39.95608],[-74.76011,39.95842],[-74.75844,39.96086],[-74.7565,39.96369],[-74.75466,39.96638],[-74.75263,39.96933],[-74.75094,39.9718],[-74.74931,39.97418],[-74.74765,39.97659],[-74.74594,39.97908],[-74.74407,39.98179],[-74.7421,39.98465],[-74.74343,39.98821],[-74.74355,39.99116],[-74.74366,39.99383],[-74.74349,39.9964],[-74.74328,40.00219],[-74.74749,40.00331],[-74.75176,40.00399],[-74.75351,40.00693],[-74.75528,40.00989],[-74.75714,40.013],[-74.75897,40.01608],[-74.76231,40.01845],[-74.7661,40.02091],[-74.76988,40.02347],[-74.77349,40.02591],[-74.77639,40.02787],[-74.77597,40.03044],[-74.7754,40.03398],[-74.77484,40.03738],[-74.77428,40.04082],[-74.77371,40.04431],[-74.77314,40.04778],[-74.77257,40.05123],[-74.77201,40.05468],[-74.76948,40.05653],[-74.76682,40.05847],[-74.76521,40.06089],[-74.76349,40.06349],[-74.76139,40.06667],[-74.75829,40.06903],[-74.75481,40.07168],[-74.75163,40.074],[-74.74991,40.07633],[-74.74796,40.07898],[-74.74583,40.08081],[-74.74304,40.08316],[-74.74051,40.08536],[-74.73808,40.08762],[-74.73556,40.08997],[-74.73253,40.092],[-74.72874,40.09447],[-74.72567,40.09647],[-74.72355,40.09949],[-74.72151,40.1024],[-74.71977,40.10489],[-74.71773,40.10779],[-74.71519,40.11041],[-74.71255,40.11288],[-74.71006,40.11514],[-74.7054,40.11527],[-74.70366,40.11724],[-74.7022,40.11891],[-74.70027,40.12153],[-74.69879,40.12384],[-74.69664,40.12553],[-74.69412,40.12751],[-74.69167,40.12943],[-74.68963,40.13103],[-74.68751,40.13269],[-74.68549,40.13427],[-74.68314,40.13575],[-74.6805,40.13742],[-74.67789,40.13905],[-74.67556,40.14052],[-74.67282,40.14233],[-74.67065,40.14396],[-74.66829,40.14566],[-74.66623,40.14712],[-74.66363,40.14896],[-74.6611,40.15081],[-74.66038,40.1534],[-74.65819,40.15503],[-74.65781,40.15704],[-74.64917,40.16392],[-74.64565,40.16652],[-74.64309,40.16825],[-74.6397,40.17033],[-74.63677,40.17215],[-74.63363,40.17415],[-74.63012,40.17468],[-74.62666,40.17524],[-74.62654,40.17805],[-74.62314,40.17998],[-74.62046,40.18146],[-74.61736,40.18317],[-74.60816,40.18851],[-74.60071,40.19025],[-74.59582,40.19612],[-74.59271,40.19835],[-74.58624,40.20269],[-74.57275,40.21206],[-74.56948,40.21429],[-74.56657,40.21629],[-74.56338,40.21846],[-74.56006,40.22077],[-74.55725,40.2227],[-74.55469,40.22445],[-74.55189,40.22637],[-74.54945,40.22808],[-74.54715,40.22953],[-74.5447,40.23097],[-74.54158,40.23279],[-74.53956,40.23396],[-74.53899,40.23429],[-74.53518,40.23644],[-74.53145,40.23858],[-74.52964,40.23921],[-74.5268,40.23952],[-74.52344,40.23981],[-74.52101,40.23993],[-74.51968,40.23999],[-74.51863,40.24013],[-74.51851,40.24045]]}},{"type":"Feature","properties":{"id":"109594","type":"AC; OVERHEAD","status":null,"owner":"JERSEY CENTRAL POWER & LT CO","voltage":230,"voltClass":"220-287"},"geometry":{"type":"LineString","coordinates":[[-74.34852,40.44883],[-74.34708,40.44925]]}},{"type":"Feature","properties":{"id":"109638","type":"AC; OVERHEAD","status":null,"owner":null,"voltage":138,"voltClass":"100-161"},"geometry":{"type":"LineString","coordinates":[[-75.01933,39.42452],[-75.01827,39.42595]]}},{"type":"Feature","properties":{"id":"109790","type":"AC; OVERHEAD","status":"IN SERVICE","owner":"PECO ENERGY CO","voltage":138,"voltClass":"100-161"},"geometry":{"type":"LineString","coordinates":[[-75.33176,39.85965],[-75.32603,39.86029]]}},{"type":"Feature","properties":{"id":"109838","type":"AC; OVERHEAD","status":"IN SERVICE","owner":"ORANGE & ROCKLAND UTILS INC","voltage":345,"voltClass":"345"},"geometry":{"type":"LineString","coordinates":[[-73.99423,41.20169],[-73.99457,41.20155],[-73.99478,41.20081],[-73.996,41.19936],[-73.99751,41.19762],[-73.99888,41.196],[-74.00155,41.19524],[-74.00433,41.19443],[-74.00688,41.19372],[-74.0102,41.19461],[-74.01332,41.19546],[-74.01564,41.19608],[-74.01811,41.19672],[-74.02028,41.19603],[-74.0225,41.19536],[-74.02445,41.19476],[-74.02692,41.19393],[-74.02934,41.19316],[-74.03213,41.19229],[-74.0347,41.19148],[-74.03696,41.19074],[-74.03962,41.19012],[-74.04255,41.18937],[-74.0451,41.18885],[-74.04829,41.1882],[-74.05099,41.18764],[-74.05344,41.18718],[-74.05593,41.18601],[-74.05839,41.18488],[-74.06086,41.18375],[-74.06307,41.18277],[-74.06555,41.18162],[-74.06788,41.18057],[-74.07028,41.17947],[-74.07239,41.17961],[-74.07529,41.17983],[-74.07617,41.18299],[-74.07601,41.18346],[-74.07595,41.18383]]}},{"type":"Feature","properties":{"id":"114250","type":"AC; OVERHEAD","status":"IN SERVICE","owner":"NEW YORK STATE ELEC & GAS CORP","voltage":138,"voltClass":"100-161"},"geometry":{"type":"LineString","coordinates":[[-74.33893,41.38891],[-74.33853,41.38868],[-74.33276,41.3852],[-74.32898,41.38287],[-74.32607,41.38104],[-74.32192,41.37849],[-74.31964,41.37672],[-74.31657,41.37504],[-74.31055,41.3717],[-74.30847,41.37049],[-74.30267,41.36703],[-74.30057,41.36579],[-74.29608,41.36183],[-74.29348,41.36034],[-74.28991,41.35829],[-74.28817,41.35728],[-74.28763,41.35685],[-74.28568,41.35443],[-74.28311,41.35129],[-74.27901,41.34646],[-74.27752,41.34471],[-74.27697,41.34406],[-74.27607,41.34229]]}},{"type":"Feature","properties":{"id":"114266","type":"AC; OVERHEAD","status":"IN SERVICE","owner":"PUBLIC SERVICE ELEC & GAS CO","voltage":230,"voltClass":"220-287"},"geometry":{"type":"LineString","coordinates":[[-74.96903,39.99755],[-74.96919,39.99764],[-74.97213,39.99745],[-74.97511,39.99717],[-74.97857,39.99689],[-74.9812,39.99608],[-74.98391,39.99525],[-74.98694,39.99432],[-74.9901,39.99335],[-74.99321,39.9924],[-74.99591,39.99157],[-74.99816,39.99088],[-75.01562,39.98039],[-75.01845,39.97869],[-75.02129,39.97699],[-75.02407,39.97534],[-75.02665,39.97381],[-75.02906,39.97238],[-75.03201,39.97063],[-75.0346,39.96955],[-75.03777,39.96823],[-75.04109,39.9669],[-75.04347,39.96628],[-75.04456,39.96619],[-75.04466,39.96581]]}},{"type":"Feature","properties":{"id":"114371","type":"AC; OVERHEAD","status":"IN SERVICE","owner":"PUBLIC SERVICE ELEC & GAS CO","voltage":230,"voltClass":"220-287"},"geometry":{"type":"LineString","coordinates":[[-74.39008,40.63602],[-74.38926,40.63565],[-74.38634,40.63418],[-74.38388,40.63327],[-74.37943,40.63162],[-74.37721,40.63015],[-74.37503,40.62869],[-74.37314,40.62664],[-74.37129,40.62462],[-74.36387,40.61652],[-74.35615,40.60807],[-74.35621,40.60802]]}},{"type":"Feature","properties":{"id":"114463","type":"AC; OVERHEAD","status":"IN SERVICE","owner":"PUBLIC SERVICE ELEC & GAS CO","voltage":138,"voltClass":"100-161"},"geometry":{"type":"LineString","coordinates":[[-74.78314,40.0792],[-74.78348,40.07893],[-74.78687,40.07688],[-74.78971,40.07517],[-74.79244,40.07351],[-74.79536,40.07185],[-74.80152,40.0682],[-74.80462,40.06681],[-74.80775,40.0654],[-74.81026,40.06423],[-74.81284,40.06305],[-74.81587,40.06166],[-74.81881,40.06032],[-74.82184,40.05893],[-74.8277,40.05624],[-74.83083,40.05483],[-74.83379,40.05348],[-74.8369,40.05208],[-74.83951,40.05083],[-74.84211,40.04936],[-74.84486,40.04779],[-74.84761,40.04623],[-74.85048,40.0446],[-74.85339,40.04295],[-74.85628,40.04136],[-74.85919,40.03976],[-74.86211,40.03815],[-74.86501,40.03651],[-74.86725,40.03735],[-74.86822,40.03959],[-74.86928,40.04218],[-74.87048,40.04478],[-74.87153,40.04741],[-74.87263,40.04984],[-74.87374,40.05248],[-74.87485,40.05508],[-74.87806,40.06237],[-74.87877,40.06405],[-74.87805,40.07221],[-74.87704,40.07367],[-74.875,40.07457],[-74.87408,40.07523]]}},{"type":"Feature","properties":{"id":"115318","type":"AC; OVERHEAD","status":"IN SERVICE","owner":"JERSEY CENTRAL POWER & LT CO","voltage":230,"voltClass":"220-287"},"geometry":{"type":"LineString","coordinates":[[-74.18583,40.03],[-74.18542,40.02969],[-74.18537,40.02833],[-74.18508,40.0267],[-74.18547,40.02274],[-74.18589,40.02035],[-74.18622,40.01853],[-74.18718,40.01571],[-74.18319,39.9985],[-74.18886,39.99721],[-74.20486,39.9869],[-74.21392,39.98726],[-74.21685,39.98249],[-74.21073,39.97122],[-74.20943,39.9675],[-74.21028,39.96404],[-74.20914,39.95713],[-74.20961,39.95475],[-74.21012,39.95235],[-74.21727,39.95338],[-74.21902,39.95293],[-74.22017,39.95293],[-74.22001,39.95248]]}},{"type":"Feature","properties":{"id":"115450","type":"AC; OVERHEAD","status":"IN SERVICE","owner":"CONSOLIDATED EDISON CO-NY INC","voltage":138,"voltClass":"100-161"},"geometry":{"type":"LineString","coordinates":[[-73.89809,40.78179],[-73.8983,40.78193],[-73.9,40.78285],[-73.90079,40.78336],[-73.90219,40.78432],[-73.90303,40.78413],[-73.9034,40.78383]]}},{"type":"Feature","properties":{"id":"115551","type":"AC; OVERHEAD","status":"IN SERVICE","owner":"PECO ENERGY CO","voltage":230,"voltClass":"220-287"},"geometry":{"type":"LineString","coordinates":[[-75.29958,40.10419],[-75.29919,40.10493],[-75.3016,40.10537],[-75.30583,40.10513],[-75.30985,40.10495],[-75.31377,40.10473],[-75.31925,40.10427],[-75.32283,40.10319],[-75.32622,40.10195],[-75.32941,40.10077],[-75.33256,40.09962],[-75.33488,40.09874],[-75.33697,40.09797],[-75.34133,40.0954],[-75.3437,40.09463],[-75.34858,40.0932],[-75.35304,40.09187],[-75.35657,40.09081],[-75.36253,40.08902],[-75.36481,40.08859],[-75.36854,40.08788],[-75.37291,40.08708],[-75.38254,40.0853],[-75.38433,40.08468],[-75.38639,40.0839],[-75.38808,40.08329],[-75.38988,40.08257],[-75.39199,40.082],[-75.39361,40.08152],[-75.39513,40.08108],[-75.39622,40.07972],[-75.39687,40.07944]]}},{"type":"Feature","properties":{"id":"115670","type":"AC; OVERHEAD","status":"IN SERVICE","owner":"PECO ENERGY CO","voltage":138,"voltClass":"100-161"},"geometry":{"type":"LineString","coordinates":[[-75.5293,40.15289],[-75.52868,40.15304],[-75.52613,40.15324],[-75.5245,40.15467],[-75.52156,40.15916],[-75.52089,40.16469],[-75.52062,40.16672],[-75.52074,40.1712],[-75.51832,40.17359],[-75.51322,40.17859],[-75.51,40.18174],[-75.50824,40.18318],[-75.50576,40.18519],[-75.50314,40.18734],[-75.50062,40.18942],[-75.49864,40.19104],[-75.49397,40.19534],[-75.48963,40.19936],[-75.48469,40.20395],[-75.48261,40.20589],[-75.48043,40.2075],[-75.47806,40.20926],[-75.47055,40.21484],[-75.46378,40.21501],[-75.45356,40.2153],[-75.45217,40.21518],[-75.45196,40.21479]]}},{"type":"Feature","properties":{"id":"115709","type":"AC; OVERHEAD","status":"IN SERVICE","owner":"PUBLIC SERVICE ELEC & GAS CO","voltage":230,"voltClass":"220-287"},"geometry":{"type":"LineString","coordinates":[[-74.61638,40.51224],[-74.61598,40.5123],[-74.6147,40.51212],[-74.61087,40.51237],[-74.60872,40.51028],[-74.60636,40.50804],[-74.59536,40.4976],[-74.59312,40.49781],[-74.59084,40.49802],[-74.58855,40.49824],[-74.58627,40.49823],[-74.56667,40.4941],[-74.56303,40.49372],[-74.55163,40.49126],[-74.54776,40.49041],[-74.54394,40.48958],[-74.54054,40.48883],[-74.53356,40.48731],[-74.53157,40.48621],[-74.53046,40.48577],[-74.53022,40.48557]]}},{"type":"Feature","properties":{"id":"115776","type":"AC; OVERHEAD","status":"IN SERVICE","owner":"JERSEY CENTRAL POWER & LT CO","voltage":230,"voltClass":"220-287"},"geometry":{"type":"LineString","coordinates":[[-74.34587,40.44898],[-74.34664,40.45037],[-74.35029,40.45713],[-74.34806,40.45874],[-74.34957,40.46536],[-74.34655,40.46576],[-74.34461,40.46751],[-74.34565,40.4712],[-74.35142,40.47552],[-74.35229,40.47953],[-74.35339,40.47949],[-74.35358,40.47922]]}},{"type":"Feature","properties":{"id":"115835","type":"AC; OVERHEAD","status":"IN SERVICE","owner":"PUBLIC SERVICE ELEC & GAS CO","voltage":230,"voltClass":"220-287"},"geometry":{"type":"LineString","coordinates":[[-74.24801,40.55687],[-74.24951,40.55643],[-74.25006,40.55799],[-74.25149,40.55891],[-74.25365,40.56031],[-74.2558,40.56315],[-74.25638,40.56526],[-74.25703,40.56759],[-74.25943,40.5702],[-74.26317,40.5707],[-74.26683,40.57119],[-74.27052,40.57181],[-74.27393,40.57237],[-74.27734,40.57294],[-74.27961,40.5733],[-74.2821,40.57292],[-74.28455,40.57254],[-74.28676,40.57063],[-74.29388,40.56447],[-74.29614,40.56243],[-74.30222,40.5593],[-74.30517,40.55786],[-74.30818,40.55644],[-74.3112,40.55494],[-74.3141,40.55348],[-74.31718,40.55186],[-74.31933,40.55068],[-74.32199,40.54918],[-74.32493,40.54756],[-74.33308,40.543],[-74.34086,40.53729],[-74.34284,40.53558],[-74.34439,40.53407],[-74.34465,40.5323],[-74.34615,40.53139]]}},{"type":"Feature","properties":{"id":"115867","type":"AC; OVERHEAD","status":"IN SERVICE","owner":"JERSEY CENTRAL POWER & LT CO","voltage":230,"voltClass":"220-287"},"geometry":{"type":"LineString","coordinates":[[-74.35358,40.47922],[-74.3536,40.47993],[-74.35216,40.48043],[-74.34644,40.47912],[-74.34319,40.47839],[-74.33976,40.47762],[-74.33731,40.47707],[-74.33454,40.47645],[-74.33157,40.47581],[-74.31222,40.47713],[-74.30629,40.47777],[-74.30437,40.47797],[-74.29856,40.47859],[-74.2962,40.48018],[-74.29473,40.48118],[-74.29265,40.48253],[-74.28304,40.48906],[-74.28155,40.48958],[-74.28147,40.49003]]}},{"type":"Feature","properties":{"id":"112587","type":"AC; OVERHEAD","status":"IN SERVICE","owner":"PUBLIC SERVICE ELEC & GAS CO","voltage":345,"voltClass":"345"},"geometry":{"type":"LineString","coordinates":[[-74.06992,40.74644],[-74.07042,40.74865],[-74.07032,40.74927],[-74.07143,40.75143],[-74.07127,40.75341],[-74.07093,40.75544],[-74.06508,40.75738],[-74.05985,40.75782],[-74.05608,40.76244],[-74.05429,40.76396],[-74.05011,40.76662],[-74.04777,40.76812],[-74.04625,40.77039],[-74.04475,40.77265],[-74.04336,40.77525],[-74.04263,40.77793],[-74.04222,40.77871],[-74.04219,40.77889]]}},{"type":"Feature","properties":{"id":"112668","type":"AC; OVERHEAD","status":"IN SERVICE","owner":"PUBLIC SERVICE ELEC & GAS CO","voltage":138,"voltClass":"100-161"},"geometry":{"type":"LineString","coordinates":[[-74.70069,40.22591],[-74.70022,40.22568],[-74.69949,40.22402],[-74.69864,40.22219],[-74.69833,40.2215],[-74.69768,40.2203],[-74.69741,40.2198],[-74.69582,40.2181],[-74.6934,40.21606],[-74.68861,40.21215],[-74.68625,40.21028],[-74.68394,40.20844],[-74.68179,40.20672],[-74.67928,40.20469],[-74.6769,40.20279],[-74.67445,40.20081],[-74.67195,40.19882],[-74.66947,40.19685],[-74.667,40.19487],[-74.66452,40.19287],[-74.66194,40.1908],[-74.65995,40.18919],[-74.65761,40.18729],[-74.65733,40.18542],[-74.65705,40.18252],[-74.65679,40.17979],[-74.65626,40.17445],[-74.65597,40.17164],[-74.65651,40.16978],[-74.65657,40.16909],[-74.65679,40.16868]]}},{"type":"Feature","properties":{"id":"112736","type":"AC; OVERHEAD","status":"IN SERVICE","owner":"PECO ENERGY CO","voltage":230,"voltClass":"220-287"},"geometry":{"type":"LineString","coordinates":[[-75.2014,39.96924],[-75.20152,39.96981],[-75.19943,39.97133],[-75.19861,39.97212],[-75.19807,39.97296],[-75.19747,39.97371],[-75.19664,39.97442],[-75.1951,39.97553],[-75.19147,39.97792],[-75.19083,39.97828],[-75.18911,39.97855],[-75.18816,39.97944]]}},{"type":"Feature","properties":{"id":"112740","type":"AC; OVERHEAD","status":"IN SERVICE","owner":"PECO ENERGY CO","voltage":500,"voltClass":"500"},"geometry":{"type":"LineString","coordinates":[[-75.34782,40.21284],[-75.34723,40.21246],[-75.34774,40.21503],[-75.34699,40.2178],[-75.34609,40.22109],[-75.34526,40.22413],[-75.3445,40.22691],[-75.34387,40.22922],[-75.3452,40.23075],[-75.34745,40.23333],[-75.34893,40.23503],[-75.35215,40.23686],[-75.355,40.23848],[-75.35783,40.24027],[-75.35662,40.24258],[-75.35445,40.24671],[-75.34986,40.25147],[-75.34879,40.25566],[-75.34818,40.25813],[-75.3476,40.26051],[-75.34181,40.26627],[-75.33819,40.26757],[-75.33624,40.26942],[-75.33456,40.27101],[-75.33302,40.27247],[-75.33108,40.27431],[-75.32847,40.27611],[-75.32714,40.27761],[-75.32626,40.27834]]}},{"type":"Feature","properties":{"id":"112780","type":"AC; UNDERGROUND","status":"IN SERVICE","owner":"PECO ENERGY CO","voltage":138,"voltClass":"100-161"},"geometry":{"type":"LineString","coordinates":[[-75.15707,39.95942],[-75.15744,39.95962],[-75.1881,39.97927],[-75.18816,39.97944]]}},{"type":"Feature","properties":{"id":"112864","type":"AC; OVERHEAD","status":"IN SERVICE","owner":"JERSEY CENTRAL POWER & LT CO","voltage":230,"voltClass":"220-287"},"geometry":{"type":"LineString","coordinates":[[-74.19187,40.11378],[-74.19219,40.11347],[-74.19247,40.11263],[-74.19127,40.11089],[-74.18835,40.11053],[-74.18163,40.10906],[-74.17858,40.1084],[-74.17519,40.10744],[-74.17154,40.1064],[-74.16799,40.10539],[-74.16416,40.10432],[-74.15664,40.10221],[-74.15644,40.09946],[-74.15594,40.09211],[-74.15583,40.09078],[-74.15835,40.08876],[-74.16066,40.08689],[-74.16137,40.08497],[-74.16217,40.08283],[-74.16287,40.08093],[-74.16084,40.07585],[-74.15921,40.07177],[-74.16195,40.06845],[-74.1638,40.06621],[-74.1661,40.06129],[-74.16655,40.06141],[-74.16722,40.06101]]}},{"type":"Feature","properties":{"id":"112891","type":"AC; OVERHEAD","status":"IN SERVICE","owner":"JERSEY CENTRAL POWER & LT CO","voltage":230,"voltClass":"220-287"},"geometry":{"type":"LineString","coordinates":[[-74.31378,40.11025],[-74.3161,40.11033],[-74.31993,40.11045],[-74.32382,40.11058],[-74.32773,40.1107],[-74.33154,40.11083],[-74.33532,40.11095],[-74.33681,40.10845],[-74.33815,40.10617],[-74.34122,40.10484],[-74.3442,40.10355],[-74.34729,40.10221],[-74.3501,40.101],[-74.35311,40.09927],[-74.3562,40.0975],[-74.35931,40.09572],[-74.36242,40.09393],[-74.36554,40.09214],[-74.36871,40.09032],[-74.37179,40.08855],[-74.37491,40.08676],[-74.37804,40.08496],[-74.38093,40.0833],[-74.38362,40.0808],[-74.38645,40.07817],[-74.39046,40.07806],[-74.39457,40.07795],[-74.39885,40.07783],[-74.40675,40.07761],[-74.4106,40.0775],[-74.41448,40.0774],[-74.42229,40.07718],[-74.42621,40.07707],[-74.43021,40.07696],[-74.43422,40.07685],[-74.43807,40.07675],[-74.44203,40.07664],[-74.44591,40.07653],[-74.44925,40.0753],[-74.45247,40.07412],[-74.45872,40.07182],[-74.462,40.07061],[-74.46545,40.06935],[-74.46865,40.06817],[-74.47108,40.06807],[-74.47357,40.06797],[-74.47564,40.06606],[-74.47809,40.06378],[-74.48184,40.06324],[-74.48574,40.06267],[-74.4896,40.06212],[-74.49325,40.06159],[-74.49696,40.06106],[-74.50092,40.06048],[-74.50526,40.05976],[-74.50869,40.05918],[-74.51243,40.05856],[-74.51623,40.05792],[-74.51979,40.05732],[-74.52338,40.05672],[-74.52724,40.05608],[-74.53092,40.05546],[-74.53394,40.0552],[-74.53699,40.05494],[-74.54019,40.05467],[-74.54269,40.05536],[-74.5447,40.05591],[-74.54671,40.05696],[-74.54755,40.05931],[-74.54877,40.06109],[-74.54944,40.0622],[-74.54905,40.06237]]}},{"type":"Feature","properties":{"id":"113003","type":"AC; OVERHEAD","status":"IN SERVICE","owner":"PUBLIC SERVICE ELEC & GAS CO","voltage":138,"voltClass":"100-161"},"geometry":{"type":"LineString","coordinates":[[-74.5319,40.36797],[-74.53131,40.36908],[-74.52971,40.37062],[-74.52702,40.37298],[-74.52585,40.37401],[-74.522,40.37738],[-74.52029,40.37893],[-74.51825,40.38076],[-74.51709,40.38176],[-74.51575,40.38295],[-74.5132,40.38522],[-74.51189,40.38639],[-74.51057,40.38751],[-74.50308,40.39411],[-74.49908,40.39765],[-74.49796,40.39865],[-74.49665,40.39982],[-74.4953,40.40101],[-74.494,40.40218],[-74.49262,40.4034],[-74.49132,40.40456],[-74.49003,40.4057],[-74.48996,40.40577],[-74.48917,40.40647],[-74.48874,40.40684],[-74.48739,40.40799],[-74.48601,40.40923],[-74.48464,40.41045],[-74.48357,40.41141],[-74.48062,40.41421],[-74.47945,40.41539],[-74.47709,40.41777],[-74.47588,40.419],[-74.47484,40.42008],[-74.47382,40.42115],[-74.47264,40.42235],[-74.47146,40.42357],[-74.47026,40.42479],[-74.46947,40.42561],[-74.46891,40.42632],[-74.46854,40.42707],[-74.46828,40.42787],[-74.46811,40.42896],[-74.46791,40.43045],[-74.46772,40.43196],[-74.46751,40.43348],[-74.46728,40.435],[-74.46707,40.43656],[-74.46693,40.43765],[-74.46679,40.43874],[-74.46548,40.44059],[-74.46431,40.44168],[-74.46022,40.44543],[-74.45707,40.44829],[-74.45638,40.44916],[-74.45582,40.45003],[-74.4551,40.45129],[-74.45463,40.45202],[-74.45399,40.4527],[-74.45324,40.45328],[-74.45237,40.45378],[-74.44799,40.45588],[-74.44677,40.4565],[-74.44531,40.45777],[-74.44407,40.45884],[-74.44286,40.4599],[-74.44169,40.46098],[-74.44051,40.46206],[-74.43932,40.46312],[-74.43813,40.46419],[-74.43749,40.46483],[-74.43643,40.46616],[-74.43549,40.46738],[-74.43463,40.46846],[-74.43378,40.4693],[-74.43247,40.47042],[-74.42582,40.47583],[-74.42104,40.47972],[-74.42023,40.48027],[-74.41864,40.48119],[-74.41707,40.48213],[-74.41511,40.48324],[-74.41354,40.48417],[-74.41225,40.48483],[-74.41082,40.48521],[-74.40216,40.48731],[-74.39997,40.48922],[-74.39708,40.49164],[-74.39605,40.49144],[-74.39567,40.49145]]}},{"type":"Feature","properties":{"id":"113313","type":"AC; UNDERGROUND","status":"IN SERVICE","owner":null,"voltage":500,"voltClass":"500"},"geometry":{"type":"LineString","coordinates":[[-74.35333,40.47418],[-74.35628,40.47922],[-74.35532,40.48284],[-74.33572,40.48674],[-74.3281,40.49169],[-74.31992,40.50168],[-74.3045,40.50977],[-74.2946,40.5093],[-74.28546,40.50102],[-74.27299,40.49359],[-74.22924,40.48031],[-74.22106,40.47912],[-74.19399,40.48224],[-74.16127,40.48998],[-74.06743,40.47986],[-74.06104,40.48804],[-74.04676,40.48998],[-74.02416,40.48715],[-74.01806,40.48537],[-73.77122,40.54233],[-73.76979,40.53661],[-73.74267,40.53019],[-73.65677,40.55613],[-73.52709,40.54685],[-73.50758,40.5528],[-73.50639,40.58991],[-73.50829,40.60176],[-73.50708,40.60491],[-73.50336,40.60669],[-73.49965,40.60919],[-73.49901,40.61226],[-73.50179,40.61597],[-73.50208,40.61804],[-73.50051,40.62161],[-73.50201,40.62518],[-73.50308,40.63317],[-73.50551,40.6386],[-73.50886,40.64231],[-73.50972,40.64381],[-73.50929,40.64973],[-73.51015,40.6628],[-73.513,40.66522],[-73.51507,40.66644],[-73.51571,40.66787],[-73.51514,40.66944],[-73.51443,40.67029],[-73.5135,40.67315],[-73.51236,40.677],[-73.51243,40.67872],[-73.5135,40.68229],[-73.51379,40.68478],[-73.51386,40.6875],[-73.51543,40.69014],[-73.51728,40.69164],[-73.51885,40.69321],[-73.52057,40.69535],[-73.52185,40.70206],[-73.52299,40.7032],[-73.52628,40.70713],[-73.52949,40.71234],[-73.53442,40.7194],[-73.53906,40.72483],[-73.54213,40.73075],[-73.54298,40.73261],[-73.54391,40.73611],[-73.54477,40.74046],[-73.54741,40.74667],[-73.54855,40.74967],[-73.54969,40.75403],[-73.55219,40.75831],[-73.55139,40.76078]]}},{"type":"Feature","properties":{"id":"113368","type":"AC; OVERHEAD","status":"IN SERVICE","owner":"JERSEY CENTRAL POWER & LT CO","voltage":230,"voltClass":"220-287"},"geometry":{"type":"LineString","coordinates":[[-74.24291,40.39762],[-74.24233,40.39751],[-74.24179,40.39725],[-74.24101,40.39843],[-74.24006,40.39947],[-74.23911,40.40048],[-74.23304,40.40704],[-74.23182,40.40803],[-74.23057,40.40898],[-74.22961,40.4097],[-74.22835,40.41065],[-74.22727,40.41148],[-74.22583,40.41257],[-74.2245,40.41357],[-74.22347,40.41433],[-74.22255,40.41504],[-74.22173,40.41566],[-74.22065,40.41648],[-74.21957,40.41729],[-74.21849,40.4181],[-74.21746,40.41887],[-74.21613,40.41872],[-74.21591,40.41921],[-74.21546,40.4192]]}},{"type":"Feature","properties":{"id":"113421","type":"AC; OVERHEAD","status":"IN SERVICE","owner":"PPL ELECTRIC UTILITIES CORP","voltage":138,"voltClass":"100-161"},"geometry":{"type":"LineString","coordinates":[[-75.44662,40.91488],[-75.44687,40.91551],[-75.44852,40.91975],[-75.4493,40.92183],[-75.44762,40.92922],[-75.44639,40.93452],[-75.4455,40.93843],[-75.44429,40.94377],[-75.44396,40.94525],[-75.44046,40.94839],[-75.44047,40.94952],[-75.44031,40.95338],[-75.4401,40.95927],[-75.43547,40.96267],[-75.42868,40.96764],[-75.42315,40.97169],[-75.41755,40.97581],[-75.41473,40.98111],[-75.41244,40.98532],[-75.41239,40.98584],[-75.4123,40.98639],[-75.41094,40.98626],[-75.41071,40.98636]]}},{"type":"Feature","properties":{"id":"113444","type":"AC; OVERHEAD","status":"IN SERVICE","owner":"PUBLIC SERVICE ELEC & GAS CO","voltage":230,"voltClass":"220-287"},"geometry":{"type":"LineString","coordinates":[[-74.73155,40.18037],[-74.73312,40.18167],[-74.73147,40.18406],[-74.73425,40.18924]]}},{"type":"Feature","properties":{"id":"113464","type":"AC; OVERHEAD","status":"IN SERVICE","owner":"PPL ELECTRIC UTILITIES CORP","voltage":138,"voltClass":"100-161"},"geometry":{"type":"LineString","coordinates":[[-75.53913,40.68025],[-75.53899,40.68039],[-75.53856,40.68045],[-75.53798,40.68081],[-75.53723,40.68127],[-75.53659,40.68136],[-75.53575,40.68147],[-75.53472,40.68162],[-75.53386,40.68201],[-75.53307,40.68238],[-75.53257,40.68287],[-75.53137,40.68413],[-75.53076,40.68478],[-75.52969,40.68592],[-75.52928,40.68634],[-75.52865,40.6864],[-75.52783,40.6865],[-75.52681,40.68661],[-75.52679,40.6872],[-75.52674,40.68784],[-75.52589,40.68765],[-75.52563,40.68839],[-75.52542,40.68899],[-75.52512,40.68983],[-75.52474,40.69029],[-75.52457,40.69085],[-75.52438,40.69145],[-75.52428,40.69192],[-75.52417,40.6924],[-75.52404,40.69295],[-75.52393,40.69339],[-75.52381,40.69418],[-75.52362,40.69491],[-75.52343,40.69568],[-75.52323,40.69647],[-75.52304,40.69724],[-75.52287,40.6979],[-75.52269,40.69862],[-75.5225,40.69941],[-75.52245,40.70003],[-75.52246,40.70059],[-75.52223,40.70113],[-75.52206,40.70185],[-75.52191,40.70249],[-75.52177,40.70303],[-75.52162,40.70373],[-75.52143,40.70449],[-75.52133,40.70528],[-75.52137,40.70636],[-75.51798,40.70928],[-75.5172,40.70996],[-75.51717,40.71084],[-75.51798,40.71081],[-75.51812,40.71313]]}},{"type":"Feature","properties":{"id":"113661","type":"AC; OVERHEAD","status":"IN SERVICE","owner":"JERSEY CENTRAL POWER & LT CO","voltage":230,"voltClass":"220-287"},"geometry":{"type":"LineString","coordinates":[[-74.22001,39.95248],[-74.22041,39.95324],[-74.22129,39.95328],[-74.22314,39.95158],[-74.22451,39.94656],[-74.24497,39.95138],[-74.24902,39.95222],[-74.25331,39.95274],[-74.25762,39.95292],[-74.26413,39.95284],[-74.27069,39.95277],[-74.27226,39.95271],[-74.29162,39.95248],[-74.32272,39.95213],[-74.33891,39.95194],[-74.37337,39.95156],[-74.37735,39.9515],[-74.37747,39.95196],[-74.37787,39.95213]]}},{"type":"Feature","properties":{"id":"113767","type":"AC; OVERHEAD","status":"IN SERVICE","owner":"PECO ENERGY CO","voltage":230,"voltClass":"220-287"},"geometry":{"type":"LineString","coordinates":[[-75.15909,40.01555],[-75.15829,40.01595],[-75.15644,40.0164],[-75.1555,40.01648],[-75.15455,40.01646],[-75.15362,40.01634],[-75.15274,40.01612],[-75.15192,40.01583],[-75.15116,40.01546],[-75.14962,40.01452],[-75.14813,40.01337],[-75.14749,40.01267],[-75.14691,40.01197],[-75.14627,40.01068],[-75.14602,40.01007],[-75.14577,40.01003]]}},{"type":"Feature","properties":{"id":"113788","type":"AC; OVERHEAD","status":"IN SERVICE","owner":"PECO ENERGY CO","voltage":230,"voltClass":"220-287"},"geometry":{"type":"LineString","coordinates":[[-75.1552,40.02617],[-75.15374,40.02667],[-75.15207,40.02746],[-75.15025,40.02811],[-75.14854,40.02895],[-75.14723,40.03004],[-75.14561,40.03056],[-75.1442,40.03129],[-75.14139,40.03279],[-75.13993,40.03353],[-75.13817,40.03355],[-75.13655,40.03345],[-75.13488,40.03339]]}},{"type":"Feature","properties":{"id":"113802","type":"AC; OVERHEAD","status":"IN SERVICE","owner":"PECO ENERGY CO","voltage":500,"voltClass":"500"},"geometry":{"type":"LineString","coordinates":[[-75.31001,40.17154],[-75.31227,40.17217],[-75.31419,40.17159],[-75.31702,40.17333],[-75.32011,40.17522],[-75.32367,40.17741],[-75.32599,40.17754],[-75.32925,40.17949],[-75.33144,40.18083],[-75.33383,40.18231],[-75.33821,40.18452],[-75.34217,40.18651],[-75.34486,40.18788],[-75.34779,40.1885],[-75.35025,40.18906],[-75.35269,40.19127],[-75.35607,40.19251],[-75.35939,40.19375],[-75.36192,40.19469],[-75.36442,40.19599],[-75.36793,40.1978],[-75.37259,40.19892],[-75.37534,40.20067],[-75.3787,40.20283],[-75.38404,40.20395],[-75.38939,40.20434],[-75.39243,40.20457],[-75.39632,40.20547],[-75.40057,40.20645],[-75.40421,40.2073],[-75.40834,40.20826],[-75.41164,40.20905],[-75.41494,40.20983],[-75.41827,40.21081],[-75.42122,40.21238],[-75.42425,40.21233],[-75.42708,40.21228],[-75.43121,40.21301],[-75.43485,40.21391],[-75.43883,40.21491],[-75.44195,40.21518],[-75.44575,40.2155],[-75.45353,40.21611],[-75.46361,40.21586],[-75.47095,40.21569],[-75.47935,40.21415],[-75.48557,40.213],[-75.49256,40.21171],[-75.49754,40.20938],[-75.50681,40.2143],[-75.51396,40.21435],[-75.52717,40.21764],[-75.53593,40.21994],[-75.54071,40.2213],[-75.54515,40.22367],[-75.55331,40.22616],[-75.55646,40.22777],[-75.55909,40.22897],[-75.56308,40.22895],[-75.56774,40.22893],[-75.57132,40.22895],[-75.57433,40.22688],[-75.5774,40.2246],[-75.58035,40.22258],[-75.58252,40.22154],[-75.58273,40.22069]]}},{"type":"Feature","properties":{"id":"113831","type":"AC; OVERHEAD","status":"IN SERVICE","owner":null,"voltage":230,"voltClass":"220-287"},"geometry":{"type":"LineString","coordinates":[[-74.54905,40.06237],[-74.54983,40.06268],[-74.55071,40.06395],[-74.56944,40.06372],[-74.58484,40.06362],[-74.60316,40.05769],[-74.61017,40.05535],[-74.61367,40.05422],[-74.61705,40.05312],[-74.62072,40.05193],[-74.62399,40.05087],[-74.6273,40.0498],[-74.63058,40.04874],[-74.6332,40.04676],[-74.63865,40.04639],[-74.64193,40.04013],[-74.65914,40.03412],[-74.65877,40.03133],[-74.65844,40.02844],[-74.65814,40.02588],[-74.65781,40.02302],[-74.6575,40.02037],[-74.65719,40.01765],[-74.6569,40.01517],[-74.65658,40.01243],[-74.6594,40.01134],[-74.6627,40.01006],[-74.66621,40.0087],[-74.66928,40.00751],[-74.67248,40.00627],[-74.67543,40.00483],[-74.68116,40.00203],[-74.68401,40.00064],[-74.68692,39.99921],[-74.69005,39.99768],[-74.69263,39.99642],[-74.69503,39.99465],[-74.6975,39.99282],[-74.70004,39.99093],[-74.70231,39.98925],[-74.70582,39.98863],[-74.70911,39.98804],[-74.7125,39.98744],[-74.71487,39.98691],[-74.71726,39.98632],[-74.72354,39.98544],[-74.72668,39.98495],[-74.7304,39.98483],[-74.73445,39.98471],[-74.73786,39.98461],[-74.74159,39.98449],[-74.74358,39.9816],[-74.76126,39.95581],[-74.76713,39.9523],[-74.77427,39.95106],[-74.7778,39.95107],[-74.78146,39.95114],[-74.78496,39.9512],[-74.7888,39.95127],[-74.79204,39.95133],[-74.79475,39.95138],[-74.79761,39.95122],[-74.81039,39.95054]]}},{"type":"Feature","properties":{"id":"113851","type":"AC; OVERHEAD","status":"IN SERVICE","owner":null,"voltage":138,"voltClass":"100-161"},"geometry":{"type":"LineString","coordinates":[[-74.16488,41.12681],[-74.16532,41.12725],[-74.16643,41.12925],[-74.16869,41.13037],[-74.16917,41.13219],[-74.16987,41.13478],[-74.17025,41.13622],[-74.17415,41.13731],[-74.17776,41.13833],[-74.17935,41.13878],[-74.17966,41.13886],[-74.18256,41.13968],[-74.18369,41.14043],[-74.18509,41.14137],[-74.18559,41.14231],[-74.18629,41.14363],[-74.18842,41.14559],[-74.18935,41.14799],[-74.19033,41.15054],[-74.19022,41.15253],[-74.19039,41.15396],[-74.19045,41.15467],[-74.19073,41.15764],[-74.19192,41.15989],[-74.19264,41.16127],[-74.19494,41.16305],[-74.19651,41.16426],[-74.20082,41.16659],[-74.20152,41.16696],[-74.20273,41.16761],[-74.20501,41.16885],[-74.21,41.17153],[-74.21219,41.1727],[-74.2132,41.17325],[-74.21666,41.17514],[-74.21947,41.17664],[-74.22161,41.17778],[-74.22604,41.18017],[-74.23038,41.18251],[-74.23298,41.1839],[-74.23248,41.18778],[-74.23231,41.18915],[-74.23174,41.19433],[-74.23152,41.19628],[-74.23127,41.19831],[-74.23079,41.20265],[-74.23055,41.20431],[-74.23029,41.20683],[-74.2298,41.21123],[-74.22952,41.21377],[-74.2304,41.21583],[-74.23167,41.21882],[-74.23262,41.22107],[-74.23407,41.22463],[-74.23577,41.22867],[-74.23699,41.23154],[-74.23809,41.23416],[-74.23915,41.23668],[-74.23988,41.23837],[-74.24099,41.24099],[-74.24194,41.243],[-74.24354,41.24693],[-74.25337,41.26997],[-74.25361,41.27053],[-74.25367,41.27314],[-74.25369,41.27388],[-74.25377,41.27635],[-74.25385,41.27884],[-74.25387,41.28917],[-74.25387,41.29394],[-74.25491,41.29668],[-74.25661,41.30116],[-74.25744,41.3034],[-74.2589,41.3073],[-74.25932,41.30824],[-74.25981,41.30924]]}},{"type":"Feature","properties":{"id":"114719","type":"AC; OVERHEAD","status":"IN SERVICE","owner":"PUBLIC SERVICE ELEC & GAS CO","voltage":230,"voltClass":"220-287"},"geometry":{"type":"LineString","coordinates":[[-75.13719,39.8697],[-75.13702,39.86997],[-75.13525,39.87012],[-75.1336,39.86947],[-75.13141,39.8697],[-75.13041,39.86837],[-75.1277,39.87182],[-75.12671,39.87312],[-75.12599,39.87406],[-75.12525,39.87499],[-75.12448,39.87601],[-75.1236,39.8771],[-75.12276,39.87815],[-75.12187,39.87929],[-75.1211,39.88036],[-75.11982,39.8822],[-75.1189,39.8841],[-75.11662,39.88536],[-75.103,39.88754],[-75.0992,39.88842],[-75.09832,39.88792],[-75.09818,39.88924]]}},{"type":"Feature","properties":{"id":"114790","type":"AC; OVERHEAD","status":"IN SERVICE","owner":"PPL ELECTRIC UTILITIES CORP","voltage":230,"voltClass":"220-287"},"geometry":{"type":"LineString","coordinates":[[-75.50393,40.45523],[-75.50365,40.45637],[-75.50456,40.45709],[-75.50309,40.4589],[-75.49208,40.46284],[-75.49343,40.46504],[-75.49456,40.46687],[-75.49582,40.4689],[-75.4972,40.4712],[-75.49805,40.47413],[-75.49903,40.4775],[-75.50004,40.48092],[-75.50113,40.48463],[-75.50202,40.48766],[-75.50268,40.4899],[-75.50404,40.49225],[-75.50688,40.49506],[-75.51257,40.5008],[-75.51648,40.50475],[-75.51929,40.50758],[-75.52286,40.51273],[-75.52488,40.51577],[-75.52737,40.51861],[-75.52926,40.5208],[-75.53137,40.52325],[-75.53323,40.52545],[-75.5352,40.52791],[-75.53932,40.53281],[-75.5419,40.53596],[-75.54368,40.53813],[-75.54634,40.54132],[-75.54927,40.54395],[-75.55419,40.54845],[-75.55722,40.55115],[-75.55956,40.5533],[-75.56113,40.55547],[-75.56202,40.55782],[-75.56234,40.5603],[-75.56262,40.56273],[-75.56291,40.56524],[-75.5625,40.56794],[-75.56125,40.57106],[-75.5609,40.57309],[-75.56212,40.57302],[-75.56272,40.5743],[-75.5618,40.57437]]}},{"type":"Feature","properties":{"id":"114883","type":"AC; OVERHEAD","status":"IN SERVICE","owner":"METROPOLITAN EDISON CO","voltage":230,"voltClass":"220-287"},"geometry":{"type":"LineString","coordinates":[[-75.05969,41.06024],[-75.05998,41.05969],[-75.06017,41.05959],[-75.06393,41.05755],[-75.06658,41.05612],[-75.06922,41.05469],[-75.07332,41.05245],[-75.07683,41.05054],[-75.08011,41.04878],[-75.08271,41.04736],[-75.08599,41.04557],[-75.09049,41.04314],[-75.09251,41.04199],[-75.09936,41.03832],[-75.10162,41.03709],[-75.10867,41.03326],[-75.11144,41.03174],[-75.11417,41.03024],[-75.1189,41.0277],[-75.12095,41.02657],[-75.12301,41.02544],[-75.12678,41.02343],[-75.13368,41.01965],[-75.13714,41.01779],[-75.14016,41.01614],[-75.14248,41.01487],[-75.14588,41.01302],[-75.1487,41.01149],[-75.15171,41.00985],[-75.15257,41.00794],[-75.15321,41.00646],[-75.15467,41.00315],[-75.15575,41.00076],[-75.15754,40.99666],[-75.15975,40.99081],[-75.16127,40.98876],[-75.16474,40.9841],[-75.16538,40.98307],[-75.16675,40.98218],[-75.16822,40.98128],[-75.16932,40.98068],[-75.16983,40.98159],[-75.17021,40.98193]]}},{"type":"Feature","properties":{"id":"114990","type":"AC; OVERHEAD","status":"IN SERVICE","owner":"PPL ELECTRIC UTILITIES CORP","voltage":138,"voltClass":"100-161"},"geometry":{"type":"LineString","coordinates":[[-75.47914,40.69284],[-75.47971,40.69332],[-75.47958,40.69342]]}},{"type":"Feature","properties":{"id":"115010","type":"AC; OVERHEAD","status":"IN SERVICE","owner":"JERSEY CENTRAL POWER & LT CO","voltage":230,"voltClass":"220-287"},"geometry":{"type":"LineString","coordinates":[[-75.16213,40.56873],[-75.16197,40.56896],[-75.16052,40.56927],[-75.15922,40.56973],[-75.15135,40.57515],[-75.14109,40.58222],[-75.1297,40.58997],[-75.12915,40.59249],[-75.12856,40.59531],[-75.12817,40.5971],[-75.12763,40.59965],[-75.12702,40.60253],[-75.12653,40.60483],[-75.12612,40.60676],[-75.12557,40.60937],[-75.12506,40.61175],[-75.12211,40.61236],[-75.11916,40.61298],[-75.11611,40.61361],[-75.11388,40.61514],[-75.11084,40.61724],[-75.10821,40.61905],[-75.10615,40.62047],[-75.1037,40.62216],[-75.10187,40.62342],[-75.09893,40.62544],[-75.09682,40.62689],[-75.09554,40.62819],[-75.09404,40.62973],[-75.09038,40.63126],[-75.08785,40.63299],[-75.08535,40.63469],[-75.0832,40.63615],[-75.08049,40.63799],[-75.07759,40.63931],[-75.07451,40.64072],[-75.07109,40.64229],[-75.06508,40.64395],[-75.05382,40.64688],[-75.05022,40.64788],[-75.04667,40.64886],[-75.04359,40.64971],[-75.04053,40.65056],[-75.0368,40.65158],[-75.03415,40.65232],[-75.03031,40.65338],[-75.02645,40.65441],[-75.02343,40.65529],[-75.02063,40.65669],[-75.0172,40.65839],[-75.01418,40.6599],[-75.01065,40.66165],[-75.00789,40.66303],[-75.0046,40.66471],[-75.00132,40.66635],[-74.99805,40.66801],[-74.99427,40.66993],[-74.99081,40.67166],[-74.98846,40.67211],[-74.98449,40.6728],[-74.98164,40.67334],[-74.97748,40.67411],[-74.97388,40.67478],[-74.97186,40.67516],[-74.9687,40.67573],[-74.96534,40.67634],[-74.96183,40.67698],[-74.95773,40.67773],[-74.95572,40.67809],[-74.93487,40.67843],[-74.93303,40.67867],[-74.92406,40.67987],[-74.91987,40.68034],[-74.92032,40.68064],[-74.92037,40.68102]]}},{"type":"Feature","properties":{"id":"115071","type":"AC; OVERHEAD","status":"IN SERVICE","owner":"ATLANTIC CITY ELECTRIC CO","voltage":230,"voltClass":"220-287"},"geometry":{"type":"LineString","coordinates":[[-74.95295,39.81034],[-74.9531,39.80993],[-74.95337,39.80957],[-74.95609,39.80756],[-74.95582,39.80539],[-74.95543,39.8032],[-74.95577,39.80033],[-74.95544,39.7973],[-74.9546,39.79089],[-74.9574,39.78751],[-74.95936,39.78349],[-74.96215,39.78118],[-74.9643,39.77999],[-74.96749,39.77949],[-74.96996,39.77746],[-74.9744,39.77383],[-74.97658,39.77204],[-74.97897,39.77008],[-74.97992,39.76802],[-74.98087,39.76594],[-74.97993,39.76381],[-74.97889,39.76145],[-74.97796,39.75936],[-74.97685,39.75685],[-74.97464,39.75547],[-74.97244,39.75411],[-74.97022,39.75273],[-74.96797,39.75133],[-74.96674,39.74373],[-74.9644,39.74234],[-74.96276,39.741]]}},{"type":"Feature","properties":{"id":"115200","type":"AC; OVERHEAD","status":"IN SERVICE","owner":"PECO ENERGY CO","voltage":230,"voltClass":"220-287"},"geometry":{"type":"LineString","coordinates":[[-75.14842,40.00024],[-75.14848,39.99983],[-75.15233,39.99848],[-75.15496,39.99755],[-75.15807,39.99636],[-75.16111,39.99513],[-75.1636,39.99416],[-75.16477,39.9936],[-75.16646,39.99274],[-75.17111,39.99057],[-75.1755,39.98816],[-75.178,39.98689],[-75.17862,39.98655],[-75.1794,39.98601],[-75.17986,39.98571],[-75.18164,39.98451],[-75.18479,39.98241],[-75.18813,39.98017],[-75.18795,39.9799],[-75.18879,39.97952],[-75.18875,39.9793],[-75.18816,39.97944]]}},{"type":"Feature","properties":{"id":"115968","type":"AC; OVERHEAD","status":"IN SERVICE","owner":"PPL ELECTRIC UTILITIES CORP","voltage":230,"voltClass":"220-287"},"geometry":{"type":"LineString","coordinates":[[-75.58309,40.48188],[-75.58154,40.47822],[-75.57908,40.47446],[-75.58052,40.46922],[-75.58193,40.46374],[-75.57882,40.45691],[-75.57363,40.4508],[-75.56915,40.44555],[-75.5704,40.44133],[-75.56993,40.44132],[-75.55531,40.44137],[-75.5522,40.44206],[-75.54905,40.44309],[-75.54192,40.44547],[-75.53853,40.4466],[-75.53422,40.44716],[-75.53082,40.44763],[-75.52681,40.44942],[-75.51866,40.45183],[-75.51163,40.45386],[-75.50921,40.4555],[-75.50669,40.45487],[-75.50562,40.45473],[-75.50393,40.45523]]}},{"type":"Feature","properties":{"id":"116015","type":"AC; OVERHEAD","status":"IN SERVICE","owner":"PPL ELECTRIC UTILITIES CORP","voltage":138,"voltClass":"100-161"},"geometry":{"type":"LineString","coordinates":[[-75.46832,40.69357],[-75.46831,40.69361],[-75.4682,40.69422],[-75.46803,40.69538],[-75.46822,40.69652],[-75.46833,40.69747],[-75.46881,40.6982],[-75.46934,40.69908],[-75.47002,40.70021],[-75.47048,40.7009],[-75.47113,40.70204],[-75.47181,40.70337],[-75.47247,40.7047],[-75.47308,40.70599],[-75.47418,40.70695],[-75.47529,40.70778],[-75.47685,40.70884],[-75.47763,40.70939],[-75.47834,40.70991],[-75.4799,40.71038],[-75.48205,40.71034],[-75.48374,40.71032],[-75.48546,40.71029],[-75.48653,40.71028],[-75.48835,40.71023],[-75.48966,40.71021],[-75.49132,40.71019],[-75.4929,40.71015],[-75.49595,40.7101],[-75.49811,40.71007],[-75.4995,40.71005],[-75.50107,40.71002],[-75.503,40.70996],[-75.50495,40.7102],[-75.50686,40.71038],[-75.50884,40.71058],[-75.50948,40.71065],[-75.51087,40.7108],[-75.51348,40.71106],[-75.51505,40.71134],[-75.51791,40.71088],[-75.51812,40.71313]]}},{"type":"Feature","properties":{"id":"116185","type":"AC; OVERHEAD","status":"IN SERVICE","owner":"PUBLIC SERVICE ELEC & GAS CO","voltage":230,"voltClass":"220-287"},"geometry":{"type":"LineString","coordinates":[[-74.29108,40.80325],[-74.29195,40.80341],[-74.29435,40.80446],[-74.2972,40.80575],[-74.3001,40.80704],[-74.30294,40.80825],[-74.30506,40.8092],[-74.30743,40.81017],[-74.30972,40.81111],[-74.31192,40.81221],[-74.31443,40.81344],[-74.31686,40.81455],[-74.31943,40.8158],[-74.32202,40.81702],[-74.32422,40.81805],[-74.32652,40.81913],[-74.32866,40.82007],[-74.32898,40.82054],[-74.33077,40.82005]]}},{"type":"Feature","properties":{"id":"116272","type":"AC; OVERHEAD","status":"IN SERVICE","owner":"JERSEY CENTRAL POWER & LT CO","voltage":230,"voltClass":"220-287"},"geometry":{"type":"LineString","coordinates":[[-74.11847,40.25416],[-74.12054,40.25519],[-74.11983,40.25621],[-74.11927,40.25692],[-74.11839,40.25811],[-74.11787,40.2588],[-74.11688,40.26017],[-74.11582,40.26154],[-74.11481,40.26289],[-74.11378,40.26423],[-74.10282,40.27885],[-74.10079,40.28145],[-74.10028,40.28198],[-74.09967,40.2826],[-74.09903,40.28307],[-74.0979,40.28374],[-74.09703,40.28424],[-74.09561,40.28503],[-74.09415,40.28582],[-74.09265,40.28669],[-74.09111,40.28758],[-74.09032,40.28801],[-74.0894,40.28856],[-74.08866,40.28897],[-74.08803,40.2893],[-74.08661,40.28997],[-74.08511,40.29064],[-74.08354,40.2914],[-74.08199,40.29215],[-74.08047,40.29288],[-74.07894,40.29361],[-74.07724,40.2944],[-74.07563,40.29516],[-74.07468,40.29559],[-74.07388,40.29599],[-74.07306,40.29646],[-74.07234,40.29704],[-74.07162,40.29764],[-74.07105,40.2982],[-74.06994,40.29933],[-74.06923,40.30043],[-74.06865,40.30153],[-74.06827,40.30265],[-74.06808,40.30377],[-74.0681,40.30495],[-74.06963,40.32125],[-74.07017,40.3251],[-74.07063,40.32715],[-74.07115,40.33053],[-74.0712,40.33171],[-74.07105,40.33292],[-74.07101,40.33376],[-74.07148,40.33866],[-74.07099,40.33909]]}},{"type":"Feature","properties":{"id":"116259","type":"AC; UNDERGROUND","status":"IN SERVICE","owner":"PECO ENERGY CO","voltage":138,"voltClass":"100-161"},"geometry":{"type":"LineString","coordinates":[[-75.12627,39.96863],[-75.11497,40.00875]]}},{"type":"Feature","properties":{"id":"116292","type":"AC; OVERHEAD","status":"IN SERVICE","owner":"PPL ELECTRIC UTILITIES CORP","voltage":138,"voltClass":"100-161"},"geometry":{"type":"LineString","coordinates":[[-75.52221,40.62498],[-75.52211,40.62456],[-75.52303,40.62468]]}},{"type":"Feature","properties":{"id":"116340","type":"AC; OVERHEAD","status":"IN SERVICE","owner":"PUBLIC SERVICE ELEC & GAS CO","voltage":230,"voltClass":"220-287"},"geometry":{"type":"LineString","coordinates":[[-74.20595,40.6446],[-74.20604,40.64415],[-74.20622,40.64342],[-74.2062,40.64241],[-74.20678,40.64104],[-74.20657,40.63821],[-74.2045,40.6352],[-74.20653,40.63296],[-74.2077,40.6312],[-74.20862,40.62905],[-74.20893,40.62678],[-74.20923,40.62447],[-74.21013,40.62438],[-74.21129,40.62405]]}},{"type":"Feature","properties":{"id":"116437","type":"AC; OVERHEAD","status":"IN SERVICE","owner":"PPL ELECTRIC UTILITIES CORP","voltage":230,"voltClass":"220-287"},"geometry":{"type":"LineString","coordinates":[[-75.34924,40.62264],[-75.34721,40.6226],[-75.34521,40.62261],[-75.34384,40.62269],[-75.34203,40.6228],[-75.3402,40.62292],[-75.33889,40.62226],[-75.33807,40.62163],[-75.33364,40.62005],[-75.33142,40.62002],[-75.32929,40.62081],[-75.32745,40.6215],[-75.32484,40.62215],[-75.32303,40.62261],[-75.31929,40.6237],[-75.31649,40.62452],[-75.31621,40.62289],[-75.31394,40.62268],[-75.31193,40.6225],[-75.31081,40.62152],[-75.30987,40.62058],[-75.30933,40.62079],[-75.30873,40.61975]]}},{"type":"Feature","properties":{"id":"116476","type":"AC; OVERHEAD","status":"IN SERVICE","owner":"PPL ELECTRIC UTILITIES CORP","voltage":138,"voltClass":"100-161"},"geometry":{"type":"LineString","coordinates":[[-75.48735,40.69074],[-75.48714,40.6908],[-75.48675,40.69066],[-75.48684,40.69132],[-75.48691,40.6923],[-75.48601,40.6924],[-75.48512,40.69248],[-75.48416,40.69282],[-75.48318,40.69313],[-75.48058,40.69404],[-75.47955,40.69347],[-75.47681,40.69201],[-75.47346,40.69225],[-75.47277,40.69331],[-75.4705,40.69347],[-75.46824,40.69365]]}},{"type":"Feature","properties":{"id":"116572","type":"AC; OVERHEAD","status":"IN SERVICE","owner":"JERSEY CENTRAL POWER & LT CO","voltage":115,"voltClass":"100-161"},"geometry":{"type":"LineString","coordinates":[[-74.59696,40.9068],[-74.5975,40.9073],[-74.59715,40.9091],[-74.59676,40.91188],[-74.5964,40.91448],[-74.58936,40.92798],[-74.59121,40.94455],[-74.5936,40.96404],[-74.6028,40.97993],[-74.5972,41.00165],[-74.59431,41.01263],[-74.5923,41.01547],[-74.59157,41.02311],[-74.57967,41.06862],[-74.57534,41.08509],[-74.57702,41.10024]]}},{"type":"Feature","properties":{"id":"117565","type":"AC; OVERHEAD","status":"IN SERVICE","owner":"PUBLIC SERVICE ELEC & GAS CO","voltage":230,"voltClass":"220-287"},"geometry":{"type":"LineString","coordinates":[[-74.11705,40.79192],[-74.11753,40.79196],[-74.12854,40.79551],[-74.13136,40.79669],[-74.1338,40.79809],[-74.1368,40.7998],[-74.1409,40.80221],[-74.15234,40.80641],[-74.15592,40.80703],[-74.15668,40.80474],[-74.16515,40.80694],[-74.16757,40.80777],[-74.1704,40.80882],[-74.17291,40.80971],[-74.17951,40.81213],[-74.1775,40.815],[-74.17594,40.81724],[-74.17435,40.81951],[-74.17275,40.82181],[-74.17122,40.824],[-74.17031,40.8253],[-74.16908,40.82742],[-74.16906,40.82987],[-74.16898,40.83268],[-74.16891,40.83542],[-74.16883,40.8383],[-74.16872,40.8441],[-74.16934,40.84955],[-74.16723,40.85198],[-74.16506,40.8545],[-74.16532,40.85482],[-74.1776,40.85917],[-74.18839,40.86296],[-74.19403,40.86497],[-74.19586,40.86441],[-74.19902,40.86332],[-74.20279,40.86446],[-74.20571,40.86534],[-74.21461,40.868],[-74.21606,40.86658],[-74.22082,40.8616],[-74.22438,40.86274],[-74.22741,40.8634],[-74.22915,40.86391],[-74.23399,40.86529],[-74.24483,40.86317],[-74.24783,40.86257],[-74.25092,40.86196],[-74.25349,40.86145],[-74.25659,40.86083],[-74.26228,40.85971],[-74.26517,40.85913],[-74.26785,40.8586],[-74.27063,40.85805],[-74.27329,40.85752],[-74.2761,40.85696],[-74.27907,40.85638],[-74.28207,40.85578],[-74.28524,40.85515],[-74.28846,40.85451],[-74.29034,40.85414],[-74.29055,40.85418]]}},{"type":"Feature","properties":{"id":"117601","type":"AC; OVERHEAD","status":"IN SERVICE","owner":null,"voltage":230,"voltClass":"220-287"},"geometry":{"type":"LineString","coordinates":[[-74.61638,40.51224],[-74.61676,40.51237],[-74.62446,40.51276],[-74.62917,40.51585],[-74.63283,40.51574],[-74.63641,40.51574],[-74.64041,40.51596],[-74.64492,40.51875],[-74.64824,40.51976],[-74.66488,40.52426],[-74.66759,40.525],[-74.66767,40.52503],[-74.67068,40.52563],[-74.67412,40.52652],[-74.6776,40.52752],[-74.68095,40.52846],[-74.68433,40.52939],[-74.68691,40.53017],[-74.69026,40.53117],[-74.6934,40.53197],[-74.69696,40.53286],[-74.70039,40.53376],[-74.7037,40.53468],[-74.70686,40.53554],[-74.71004,40.53643],[-74.71359,40.53738],[-74.71716,40.53833],[-74.72036,40.5392],[-74.72366,40.54014],[-74.7269,40.54104],[-74.7305,40.54202],[-74.73314,40.54275],[-74.73625,40.54361],[-74.73926,40.54445],[-74.74218,40.54435]]}},{"type":"Feature","properties":{"id":"117799","type":"AC; OVERHEAD","status":"IN SERVICE","owner":"JERSEY CENTRAL POWER & LT CO","voltage":115,"voltClass":"100-161"},"geometry":{"type":"LineString","coordinates":[[-74.57843,41.09979],[-74.57785,41.10007],[-74.57708,41.10009]]}},{"type":"Feature","properties":{"id":"117869","type":"AC; OVERHEAD","status":"IN SERVICE","owner":"ATLANTIC CITY ELECTRIC CO","voltage":138,"voltClass":"100-161"},"geometry":{"type":"LineString","coordinates":[[-74.61659,39.39716],[-74.61682,39.39762],[-74.61247,39.40625],[-74.61118,39.4088],[-74.60993,39.41126],[-74.60867,39.41376],[-74.60739,39.4163],[-74.60612,39.41881],[-74.60485,39.42132],[-74.60359,39.42382],[-74.60231,39.42635],[-74.59876,39.42644],[-74.59598,39.4265],[-74.59282,39.42658],[-74.5894,39.42666],[-74.58568,39.42675],[-74.58221,39.42683],[-74.57863,39.42692],[-74.57552,39.42699],[-74.57263,39.42686],[-74.56914,39.42618],[-74.56569,39.42551],[-74.5624,39.42487],[-74.55958,39.42432],[-74.55637,39.42369],[-74.55323,39.42308],[-74.54985,39.42242],[-74.54779,39.42169],[-74.53178,39.41596],[-74.53016,39.41602],[-74.52942,39.41634],[-74.52932,39.41693]]}},{"type":"Feature","properties":{"id":"117871","type":"AC; OVERHEAD","status":"IN SERVICE","owner":"PUBLIC SERVICE ELEC & GAS CO","voltage":230,"voltClass":"220-287"},"geometry":{"type":"LineString","coordinates":[[-74.29055,40.85418],[-74.29071,40.85407],[-74.29136,40.85394],[-74.29427,40.85336],[-74.29592,40.8523],[-74.29839,40.8507],[-74.30066,40.84924],[-74.31138,40.8423],[-74.31302,40.84035],[-74.31471,40.83833],[-74.31639,40.83633],[-74.31807,40.83433],[-74.31975,40.83232],[-74.32141,40.83035],[-74.32296,40.8285],[-74.3247,40.82643],[-74.32602,40.82486],[-74.32802,40.82248],[-74.32905,40.82079],[-74.32947,40.82015],[-74.33077,40.82005]]}},{"type":"Feature","properties":{"id":"117918","type":"AC; OVERHEAD","status":"IN SERVICE","owner":"PUBLIC SERVICE ELEC & GAS CO","voltage":230,"voltClass":"220-287"},"geometry":{"type":"LineString","coordinates":[[-74.42529,40.53356],[-74.42575,40.53358],[-74.42666,40.53378],[-74.42963,40.5343],[-74.43168,40.53605],[-74.43396,40.538],[-74.43604,40.53978],[-74.43796,40.54143],[-74.44122,40.54428],[-74.44326,40.54587],[-74.44532,40.54748],[-74.4473,40.54902],[-74.4493,40.55058],[-74.45148,40.55228],[-74.45227,40.55257],[-74.45228,40.55276]]}},{"type":"Feature","properties":{"id":"117927","type":"AC; OVERHEAD","status":null,"owner":"JERSEY CENTRAL POWER & LT CO","voltage":230,"voltClass":"220-287"},"geometry":{"type":"LineString","coordinates":[[-75.03167,41.00094],[-75.03221,41.00095]]}},{"type":"Feature","properties":{"id":"117963","type":"AC; OVERHEAD","status":null,"owner":"CONSOLIDATED EDISON CO-NY INC","voltage":138,"voltClass":"100-161"},"geometry":{"type":"LineString","coordinates":[[-73.89809,40.78179],[-73.89824,40.78153],[-73.89783,40.78123],[-73.89726,40.78136]]}},{"type":"Feature","properties":{"id":"117970","type":"AC; OVERHEAD","status":"IN SERVICE","owner":"PUBLIC SERVICE ELEC & GAS CO","voltage":230,"voltClass":"220-287"},"geometry":{"type":"LineString","coordinates":[[-75.07986,39.86125],[-75.08056,39.86126],[-75.0814,39.86246],[-75.08209,39.86377],[-75.08312,39.86527],[-75.08412,39.86647],[-75.08462,39.86778],[-75.08499,39.86912],[-75.08497,39.87036],[-75.0847,39.87175],[-75.08477,39.87302],[-75.08527,39.87408],[-75.08598,39.87532],[-75.08674,39.87661],[-75.08751,39.87799],[-75.08835,39.8794],[-75.08909,39.8805],[-75.09007,39.88137],[-75.09077,39.8824],[-75.09181,39.88351],[-75.09313,39.88442],[-75.09459,39.88531],[-75.0961,39.88624],[-75.09726,39.88695],[-75.09698,39.88848],[-75.0973,39.88906],[-75.09818,39.88924]]}},{"type":"Feature","properties":{"id":"118157","type":"AC; OVERHEAD","status":"IN SERVICE","owner":"PPL ELECTRIC UTILITIES CORP","voltage":138,"voltClass":"100-161"},"geometry":{"type":"LineString","coordinates":[[-75.37978,41.03461],[-75.38024,41.03433],[-75.38025,41.03412],[-75.37772,41.0335],[-75.37685,41.03222],[-75.37155,41.03228],[-75.36692,41.03087],[-75.35922,41.03137],[-75.34518,41.03031],[-75.34368,41.03019],[-75.33095,41.03129],[-75.32868,41.03147],[-75.32595,41.02921],[-75.3271,41.02821],[-75.32648,41.02739],[-75.32628,41.02718],[-75.32615,41.02712]]}},{"type":"Feature","properties":{"id":"118204","type":"AC; OVERHEAD","status":"IN SERVICE","owner":null,"voltage":230,"voltClass":"220-287"},"geometry":{"type":"LineString","coordinates":[[-74.19619,40.61702],[-74.19554,40.61649],[-74.19641,40.61615],[-74.20063,40.6176],[-74.2083,40.62028],[-74.20973,40.62118],[-74.21055,40.62148]]}},{"type":"Feature","properties":{"id":"118368","type":"AC; OVERHEAD","status":"IN SERVICE","owner":"ATLANTIC CITY ELECTRIC CO","voltage":138,"voltClass":"100-161"},"geometry":{"type":"LineString","coordinates":[[-74.63603,39.28993],[-74.63644,39.29013],[-74.6372,39.29028],[-74.6373,39.29238],[-74.63723,39.29267],[-74.63366,39.30854],[-74.63586,39.31074],[-74.63807,39.31294],[-74.64025,39.3151],[-74.64252,39.31727],[-74.64469,39.31945],[-74.64694,39.32163],[-74.64844,39.32317],[-74.64862,39.32325]]}},{"type":"Feature","properties":{"id":"118385","type":"AC; OVERHEAD","status":"IN SERVICE","owner":"JERSEY CENTRAL POWER & LT CO","voltage":230,"voltClass":"220-287"},"geometry":{"type":"LineString","coordinates":[[-74.37826,40.81942],[-74.3786,40.8196],[-74.37862,40.82036],[-74.38241,40.82216],[-74.38207,40.82771],[-74.39146,40.83232],[-74.40161,40.83282],[-74.41607,40.83355],[-74.42346,40.83394],[-74.43563,40.83459],[-74.43912,40.83475],[-74.45412,40.83555],[-74.46051,40.83807],[-74.46145,40.83986],[-74.47031,40.84411],[-74.4842,40.85077],[-74.49514,40.85115],[-74.50136,40.8508],[-74.50712,40.85125],[-74.50983,40.85251],[-74.51028,40.85265]]}},{"type":"Feature","properties":{"id":"118597","type":"AC; OVERHEAD","status":"IN SERVICE","owner":"PECO ENERGY CO","voltage":230,"voltClass":"220-287"},"geometry":{"type":"LineString","coordinates":[[-74.88869,40.19446],[-74.88855,40.19545],[-74.88946,40.19614],[-74.89184,40.19564],[-74.8936,40.19446],[-74.89466,40.19412],[-74.89706,40.19382],[-74.89936,40.1933],[-74.90081,40.19283],[-74.90374,40.19177],[-74.90642,40.19072],[-74.91103,40.18911],[-74.91655,40.18711],[-74.92286,40.18486],[-74.92377,40.18446],[-74.92649,40.18352],[-74.93034,40.1824],[-74.93414,40.18133],[-74.93987,40.17973],[-74.94374,40.17863],[-74.94758,40.17758],[-74.95119,40.17658],[-74.9521,40.17643],[-74.95302,40.17631],[-74.95576,40.17626],[-74.95885,40.17637],[-74.96081,40.17652],[-74.96269,40.17654],[-74.96366,40.17647],[-74.96484,40.17633],[-74.96639,40.17601],[-74.96777,40.17557],[-74.97177,40.17405],[-74.97346,40.17339],[-74.97525,40.1727],[-74.9761,40.17229],[-74.97818,40.17171],[-74.98091,40.17102],[-74.98189,40.17092],[-74.98283,40.1707],[-74.98368,40.17047],[-74.9844,40.17022],[-74.9851,40.16996],[-74.98639,40.16938],[-74.98799,40.16863],[-74.98875,40.16825],[-74.98954,40.16771],[-74.99039,40.1673],[-74.99199,40.16661],[-74.99309,40.16617],[-74.99407,40.16585],[-74.99621,40.16525],[-74.99885,40.16458],[-74.99982,40.16436],[-75.00086,40.16425],[-75.0028,40.16369],[-75.00372,40.16336],[-75.00461,40.16301],[-75.0056,40.16256],[-75.0081,40.16136],[-75.00986,40.16052],[-75.01071,40.16002],[-75.01225,40.15928],[-75.01393,40.15861],[-75.01485,40.15837],[-75.01673,40.15797],[-75.01859,40.1578],[-75.02044,40.15781],[-75.02242,40.158],[-75.02635,40.15862],[-75.03134,40.15937],[-75.03521,40.15999],[-75.03615,40.16026],[-75.03802,40.16049],[-75.03999,40.16063],[-75.04195,40.1607],[-75.04337,40.16069],[-75.04487,40.16071],[-75.05076,40.16068],[-75.05384,40.16066],[-75.05999,40.16066],[-75.06821,40.16066],[-75.07727,40.16066],[-75.08442,40.16065],[-75.09224,40.16063],[-75.09779,40.16063],[-75.10523,40.16063],[-75.10806,40.16062],[-75.10908,40.16052],[-75.11317,40.1605],[-75.11419,40.16049],[-75.11521,40.1606],[-75.11623,40.16059],[-75.11722,40.1604],[-75.11773,40.15973]]}},{"type":"Feature","properties":{"id":"118631","type":"AC; OVERHEAD","status":"IN SERVICE","owner":"PUBLIC SERVICE ELEC & GAS CO","voltage":138,"voltClass":"100-161"},"geometry":{"type":"LineString","coordinates":[[-74.60275,40.34784],[-74.60126,40.34501],[-74.59842,40.34334],[-74.59574,40.34176],[-74.59375,40.34128],[-74.5918,40.34086],[-74.58832,40.34008],[-74.58526,40.33938],[-74.58249,40.33874],[-74.57963,40.33815],[-74.57815,40.33616],[-74.5781,40.33604],[-74.57714,40.33402],[-74.5742,40.3342],[-74.57136,40.3344],[-74.57022,40.33478]]}},{"type":"Feature","properties":{"id":"118735","type":"AC; OVERHEAD","status":"IN SERVICE","owner":"PPL ELECTRIC UTILITIES CORP","voltage":138,"voltClass":"100-161"},"geometry":{"type":"LineString","coordinates":[[-75.49877,40.63999],[-75.4986,40.63973],[-75.49867,40.63921],[-75.49893,40.63892],[-75.50013,40.63901],[-75.50159,40.6391],[-75.50275,40.63917],[-75.50403,40.63927],[-75.50542,40.6394],[-75.50665,40.63949],[-75.50791,40.63958],[-75.50939,40.6397],[-75.51055,40.63979]]}},{"type":"Feature","properties":{"id":"118785","type":"AC; OVERHEAD","status":null,"owner":"PUBLIC SERVICE ELEC & GAS CO","voltage":138,"voltClass":"100-161"},"geometry":{"type":"LineString","coordinates":[[-74.39509,40.49114],[-74.39567,40.49145]]}},{"type":"Feature","properties":{"id":"118910","type":"AC; OVERHEAD","status":"IN SERVICE","owner":"PUBLIC SERVICE ELEC & GAS CO","voltage":230,"voltClass":"220-287"},"geometry":{"type":"LineString","coordinates":[[-74.02561,40.8042],[-74.02545,40.80466],[-74.02507,40.80525],[-74.02826,40.81112],[-74.02151,40.82303],[-74.01774,40.83185],[-74.01575,40.83279],[-74.01649,40.83407]]}},{"type":"Feature","properties":{"id":"116723","type":"AC; OVERHEAD","status":"IN SERVICE","owner":"ATLANTIC CITY ELECTRIC CO","voltage":500,"voltClass":"500"},"geometry":{"type":"LineString","coordinates":[[-74.96276,39.741],[-74.96159,39.74046],[-74.96053,39.73926],[-74.95932,39.73632],[-74.95902,39.73387],[-74.95871,39.73139],[-74.95558,39.72883],[-74.95223,39.72608],[-74.95106,39.72433],[-74.95031,39.7232],[-74.9485,39.72046],[-74.94695,39.71812],[-74.94539,39.71577],[-74.94386,39.71346],[-74.94233,39.71115],[-74.94076,39.70879],[-74.93933,39.70663],[-74.93785,39.70439],[-74.93579,39.70128],[-74.93377,39.69825],[-74.93069,39.69671],[-74.92772,39.69522],[-74.92471,39.69372],[-74.92174,39.69224],[-74.9187,39.69072],[-74.91572,39.68924],[-74.91283,39.68779],[-74.90983,39.68629],[-74.90741,39.68412],[-74.90508,39.68203],[-74.90276,39.67994],[-74.90042,39.67783],[-74.89808,39.67573],[-74.89532,39.67324],[-74.8924,39.67062],[-74.88948,39.668],[-74.88643,39.66472],[-74.88439,39.66258],[-74.88216,39.66025],[-74.87996,39.65794],[-74.87991,39.65517],[-74.87986,39.65215],[-74.87981,39.64918],[-74.87976,39.64598],[-74.8797,39.64264],[-74.87964,39.63934],[-74.87953,39.63266],[-74.87947,39.62888],[-74.87941,39.62519],[-74.88109,39.62185],[-74.88278,39.61849],[-74.88442,39.61522],[-74.8861,39.61188],[-74.88773,39.60864],[-74.89228,39.60816],[-74.89661,39.60769],[-74.90075,39.60725],[-74.90457,39.60685],[-74.90851,39.60643],[-74.91249,39.606],[-74.91673,39.60635],[-74.9209,39.6067],[-74.92519,39.60705],[-74.92948,39.60741],[-74.9338,39.60753],[-74.93824,39.60765],[-74.94267,39.60777],[-74.9471,39.60789],[-74.95163,39.60801],[-74.95643,39.60814],[-74.96069,39.60826],[-74.96549,39.60839],[-74.97013,39.60851],[-74.97476,39.60864],[-74.97902,39.60875],[-74.98336,39.60887],[-74.98783,39.60899],[-74.99214,39.60911],[-74.99666,39.60923],[-75.00061,39.60934],[-75.00507,39.60917],[-75.00933,39.609],[-75.01371,39.60883],[-75.01785,39.60867],[-75.02224,39.6085],[-75.02681,39.60832],[-75.03039,39.60656],[-75.03116,39.60618],[-75.03291,39.60532],[-75.03701,39.6033],[-75.04021,39.60173],[-75.04401,39.59986],[-75.04775,39.59802],[-75.05149,39.59618],[-75.05511,39.5944],[-75.05887,39.59255],[-75.06551,39.5883],[-75.06893,39.58607],[-75.07207,39.58402],[-75.08035,39.57862],[-75.0848,39.58015],[-75.08923,39.58168],[-75.09247,39.58166],[-75.09619,39.58165],[-75.09973,39.57941],[-75.1036,39.57986],[-75.10843,39.58042],[-75.11308,39.58096],[-75.11776,39.58151],[-75.12251,39.58206],[-75.12742,39.58263],[-75.13202,39.58316],[-75.13675,39.58371],[-75.14174,39.58429],[-75.14607,39.58353],[-75.15076,39.5827],[-75.15536,39.58189],[-75.15916,39.58122],[-75.16063,39.57886],[-75.16211,39.57649],[-75.16396,39.57352],[-75.16556,39.57095],[-75.16926,39.57093],[-75.17342,39.57091],[-75.17778,39.57089],[-75.18658,39.57085],[-75.19135,39.57083],[-75.19594,39.57021],[-75.20064,39.56957],[-75.20556,39.56894],[-75.21026,39.56835],[-75.21073,39.56829],[-75.21432,39.56783],[-75.21882,39.5672],[-75.22318,39.56658],[-75.2279,39.56591],[-75.23182,39.56536],[-75.23579,39.56479],[-75.24017,39.56496],[-75.24444,39.56513],[-75.24867,39.56529],[-75.25305,39.56546],[-75.25754,39.56563],[-75.2621,39.56581],[-75.26692,39.566],[-75.27175,39.56618],[-75.2733,39.56321],[-75.27476,39.56043],[-75.27651,39.5571],[-75.27753,39.55514],[-75.27779,39.55465],[-75.27939,39.55159],[-75.28127,39.54802],[-75.28485,39.54118],[-75.28649,39.53805],[-75.28814,39.5349],[-75.28967,39.53199],[-75.2912,39.52907],[-75.29289,39.52585],[-75.2949,39.522],[-75.29674,39.51849],[-75.29865,39.51484],[-75.30118,39.51236],[-75.3037,39.50988],[-75.30636,39.50727],[-75.30873,39.50495],[-75.31176,39.50342],[-75.31474,39.50192],[-75.3185,39.50002],[-75.32596,39.49626],[-75.32983,39.49431],[-75.33351,39.49245],[-75.33763,39.49209],[-75.34172,39.49172],[-75.35072,39.4885],[-75.37005,39.48159],[-75.38939,39.4837],[-75.39909,39.48476],[-75.40315,39.4852],[-75.40744,39.48547],[-75.41156,39.48572],[-75.41591,39.48597],[-75.42071,39.48626],[-75.42482,39.4865],[-75.42925,39.48676],[-75.43305,39.48386],[-75.43622,39.48144],[-75.43948,39.47895],[-75.4427,39.47649],[-75.4477,39.47486],[-75.45311,39.47311],[-75.45875,39.47127],[-75.46421,39.46949],[-75.46915,39.46789],[-75.47415,39.46626],[-75.47972,39.46445],[-75.48557,39.46254],[-75.49115,39.46073],[-75.49629,39.45906],[-75.50107,39.45963],[-75.50609,39.46022],[-75.51117,39.46083],[-75.51627,39.46143],[-75.52122,39.46202],[-75.52674,39.46264],[-75.53042,39.46271],[-75.53209,39.46292],[-75.53262,39.46341]]}},{"type":"Feature","properties":{"id":"116773","type":"AC; OVERHEAD","status":"IN SERVICE","owner":"JERSEY CENTRAL POWER & LT CO","voltage":230,"voltClass":"220-287"},"geometry":{"type":"LineString","coordinates":[[-74.19187,40.11378],[-74.19379,40.11374],[-74.19524,40.11321],[-74.19682,40.11278],[-74.20658,40.11289],[-74.21821,40.10988],[-74.22011,40.11001],[-74.23069,40.1108],[-74.23386,40.11169],[-74.23977,40.11351],[-74.24277,40.11786],[-74.24278,40.11964],[-74.24259,40.13596],[-74.25185,40.14477],[-74.25984,40.15204],[-74.26955,40.15445],[-74.27352,40.1558],[-74.28577,40.15985],[-74.29263,40.16651],[-74.29644,40.16761],[-74.30329,40.17185],[-74.31328,40.17703],[-74.32846,40.18486],[-74.33707,40.1892],[-74.33997,40.19074],[-74.34665,40.19501],[-74.34788,40.19555],[-74.35439,40.19803],[-74.35956,40.20076],[-74.36059,40.20114],[-74.36058,40.20136]]}},{"type":"Feature","properties":{"id":"116825","type":"AC; OVERHEAD","status":null,"owner":"PECO ENERGY CO","voltage":230,"voltClass":"220-287"},"geometry":{"type":"LineString","coordinates":[[-75.33441,39.86139],[-75.33551,39.86227]]}},{"type":"Feature","properties":{"id":"116935","type":"AC; OVERHEAD","status":"IN SERVICE","owner":"PPL ELECTRIC UTILITIES CORP","voltage":230,"voltClass":"220-287"},"geometry":{"type":"LineString","coordinates":[[-75.51812,40.71313],[-75.51773,40.71427],[-75.51633,40.71445],[-75.51579,40.71634],[-75.51526,40.71774],[-75.51448,40.72016],[-75.51373,40.72251],[-75.51303,40.72467],[-75.51221,40.72719],[-75.51158,40.72914],[-75.51036,40.73292],[-75.50962,40.73522],[-75.50901,40.7371],[-75.51024,40.73883],[-75.51165,40.7408],[-75.51394,40.74402],[-75.51533,40.74545],[-75.51653,40.74673],[-75.51954,40.74996],[-75.52073,40.75594],[-75.52119,40.75834],[-75.52194,40.76214],[-75.52504,40.76437],[-75.52716,40.7659],[-75.52884,40.76711],[-75.53105,40.76929],[-75.53357,40.7718],[-75.53419,40.77498],[-75.53469,40.77763],[-75.53468,40.77785],[-75.53367,40.77815],[-75.5328,40.77838],[-75.53195,40.7786],[-75.53217,40.77906],[-75.53251,40.7797],[-75.53287,40.78038],[-75.53326,40.78118],[-75.53461,40.78317],[-75.53764,40.78758],[-75.53843,40.79001],[-75.53929,40.79269],[-75.53991,40.79464],[-75.54198,40.7964],[-75.54421,40.79833],[-75.54735,40.80101],[-75.54865,40.80214],[-75.5506,40.80386],[-75.55196,40.805],[-75.55276,40.80703],[-75.5539,40.80988],[-75.55511,40.81294],[-75.55567,40.81424],[-75.55715,40.81411],[-75.56031,40.81379],[-75.56303,40.81348],[-75.56575,40.8132],[-75.56783,40.81297],[-75.56857,40.81281],[-75.56897,40.81297]]}},{"type":"Feature","properties":{"id":"117042","type":"AC; OVERHEAD","status":"IN SERVICE","owner":"PECO ENERGY CO","voltage":230,"voltClass":"220-287"},"geometry":{"type":"LineString","coordinates":[[-75.41748,39.82928],[-75.41714,39.83094],[-75.41455,39.83265],[-75.4115,39.8316],[-75.4083,39.83044],[-75.40844,39.82886],[-75.40852,39.82723],[-75.40839,39.82622],[-75.40974,39.82445],[-75.41018,39.82302],[-75.40904,39.8218],[-75.40917,39.81931],[-75.40781,39.81863],[-75.40505,39.81997],[-75.39979,39.82247],[-75.39953,39.82205]]}},{"type":"Feature","properties":{"id":"117068","type":"AC; OVERHEAD","status":"IN SERVICE","owner":"JERSEY CENTRAL POWER & LT CO","voltage":230,"voltClass":"220-287"},"geometry":{"type":"LineString","coordinates":[[-74.11847,40.25416],[-74.11917,40.25375],[-74.12412,40.25636],[-74.14348,40.26689],[-74.16107,40.27658],[-74.16791,40.28321],[-74.17277,40.28801],[-74.17885,40.29402],[-74.18477,40.29731],[-74.18605,40.30113],[-74.19433,40.30931],[-74.20376,40.31642],[-74.20919,40.32411],[-74.21885,40.3285],[-74.22272,40.33325],[-74.22427,40.33505],[-74.22789,40.34001],[-74.22589,40.34188],[-74.2262,40.34971],[-74.22999,40.35136],[-74.23264,40.35527],[-74.23465,40.35752],[-74.23729,40.36121],[-74.23941,40.36415],[-74.24288,40.36894],[-74.24871,40.36871],[-74.25231,40.36968],[-74.26017,40.37174],[-74.26452,40.3759],[-74.26658,40.37805],[-74.27072,40.38221],[-74.27147,40.38399],[-74.27333,40.3859],[-74.27886,40.39157],[-74.28424,40.39709],[-74.28656,40.39945],[-74.29004,40.40588],[-74.29659,40.41648],[-74.29992,40.41755],[-74.30223,40.41984],[-74.30452,40.4221],[-74.31081,40.42844],[-74.31309,40.43074],[-74.31519,40.43285],[-74.31712,40.4348],[-74.31939,40.43717],[-74.32154,40.43832],[-74.32756,40.44138],[-74.32994,40.4426],[-74.33247,40.44395],[-74.33506,40.44512],[-74.33983,40.44249],[-74.34298,40.43966],[-74.34346,40.43968],[-74.34371,40.43912]]}},{"type":"Feature","properties":{"id":"121408","type":"AC; OVERHEAD","status":"IN SERVICE","owner":"PUBLIC SERVICE ELEC & GAS CO","voltage":230,"voltClass":"220-287"},"geometry":{"type":"LineString","coordinates":[[-74.53022,40.48557],[-74.52969,40.48521],[-74.52939,40.48018],[-74.52439,40.477],[-74.52178,40.47549],[-74.51921,40.47395],[-74.51648,40.47233],[-74.5134,40.47049],[-74.5103,40.46864],[-74.50716,40.46688],[-74.50503,40.46568],[-74.50232,40.4648],[-74.49951,40.4631],[-74.49672,40.46146],[-74.49387,40.45978],[-74.49103,40.46028],[-74.48829,40.46077],[-74.48567,40.4613],[-74.48072,40.45888],[-74.48014,40.45829]]}},{"type":"Feature","properties":{"id":"121480","type":"AC; OVERHEAD","status":"IN SERVICE","owner":"PUBLIC SERVICE ELEC & GAS CO","voltage":230,"voltClass":"220-287"},"geometry":{"type":"LineString","coordinates":[[-74.25828,40.79196],[-74.25814,40.79176],[-74.25796,40.79107],[-74.25732,40.7908],[-74.25715,40.78994]]}},{"type":"Feature","properties":{"id":"121539","type":"AC; OVERHEAD","status":"IN SERVICE","owner":"METROPOLITAN EDISON CO","voltage":230,"voltClass":"220-287"},"geometry":{"type":"LineString","coordinates":[[-75.10858,40.80038],[-75.10872,40.79981],[-75.10918,40.79958],[-75.11056,40.79912],[-75.11167,40.7987],[-75.11091,40.79782],[-75.11009,40.79812]]}},{"type":"Feature","properties":{"id":"121599","type":"AC; UNDERGROUND","status":"IN SERVICE","owner":"PECO ENERGY CO","voltage":138,"voltClass":"100-161"},"geometry":{"type":"LineString","coordinates":[[-75.28201,39.97501],[-75.2962,39.96707]]}},{"type":"Feature","properties":{"id":"121623","type":"AC; OVERHEAD","status":"IN SERVICE","owner":"ATLANTIC CITY ELECTRIC CO","voltage":138,"voltClass":"100-161"},"geometry":{"type":"LineString","coordinates":[[-74.64862,39.32325],[-74.6487,39.32345],[-74.65128,39.32602],[-74.65234,39.32861],[-74.65425,39.33857],[-74.66159,39.34689],[-74.66703,39.35438],[-74.66458,39.35649],[-74.66209,39.35864],[-74.6596,39.36079],[-74.65734,39.36274],[-74.6548,39.36493],[-74.65244,39.36651],[-74.65001,39.36813],[-74.64755,39.36977],[-74.64512,39.37139],[-74.64266,39.37303],[-74.63998,39.37512],[-74.63769,39.37691],[-74.63517,39.37887],[-74.63267,39.38082],[-74.62306,39.38832],[-74.62057,39.39026],[-74.6192,39.39297],[-74.61786,39.39562],[-74.61716,39.39702],[-74.61659,39.39716]]}},{"type":"Feature","properties":{"id":"121660","type":"AC; OVERHEAD","status":"IN SERVICE","owner":"PECO ENERGY CO","voltage":138,"voltClass":"100-161"},"geometry":{"type":"LineString","coordinates":[[-74.84547,40.14463],[-74.84498,40.14596],[-74.84425,40.14505],[-74.8443,40.14386],[-74.84262,40.1416],[-74.84064,40.13982],[-74.83876,40.13736],[-74.83195,40.14049],[-74.82528,40.14355],[-74.82202,40.14502],[-74.81875,40.14651],[-74.81521,40.14814],[-74.8121,40.14697],[-74.8055,40.14447],[-74.79906,40.1463],[-74.79143,40.14848],[-74.78458,40.15044],[-74.78084,40.15151],[-74.77706,40.15188],[-74.76952,40.1526],[-74.76436,40.15313],[-74.76328,40.15394],[-74.76405,40.15514],[-74.76478,40.15903],[-74.76433,40.16138],[-74.76278,40.16255],[-74.76046,40.1637],[-74.75865,40.16237],[-74.75709,40.15856],[-74.75605,40.1565],[-74.75448,40.15315],[-74.75375,40.15096],[-74.75301,40.14907],[-74.74671,40.14824],[-74.74389,40.14792],[-74.74305,40.14793],[-74.74259,40.14797]]}},{"type":"Feature","properties":{"id":"121723","type":"AC; OVERHEAD","status":"IN SERVICE","owner":"JERSEY CENTRAL POWER & LT CO","voltage":230,"voltClass":"220-287"},"geometry":{"type":"LineString","coordinates":[[-74.38008,40.8195],[-74.38001,40.8193],[-74.37914,40.81923],[-74.37826,40.81942]]}},{"type":"Feature","properties":{"id":"121790","type":"AC; OVERHEAD","status":"IN SERVICE","owner":"PPL ELECTRIC UTILITIES CORP","voltage":138,"voltClass":"100-161"},"geometry":{"type":"LineString","coordinates":[[-75.49877,40.63999],[-75.49881,40.63971],[-75.49873,40.63924],[-75.49896,40.63898],[-75.50013,40.63907],[-75.50159,40.63916],[-75.50275,40.63922],[-75.50403,40.63933],[-75.50542,40.63945],[-75.50665,40.63955],[-75.50791,40.63964],[-75.50939,40.63976],[-75.51066,40.63984]]}},{"type":"Feature","properties":{"id":"121860","type":"AC; OVERHEAD","status":"IN SERVICE","owner":"ATLANTIC CITY ELECTRIC CO","voltage":230,"voltClass":"220-287"},"geometry":{"type":"LineString","coordinates":[[-74.62052,39.42834],[-74.61983,39.42899],[-74.61918,39.42901],[-74.61906,39.42617],[-74.6184,39.4262],[-74.57562,39.4272],[-74.5728,39.42709],[-74.54977,39.42262],[-74.54865,39.42225],[-74.5484,39.42264],[-74.54579,39.42568],[-74.54487,39.4268],[-74.54412,39.42787],[-74.54336,39.42912],[-74.5426,39.43049],[-74.54183,39.43221],[-74.54081,39.43512],[-74.53887,39.4356],[-74.53869,39.43728],[-74.53851,39.44078],[-74.5384,39.44568],[-74.53968,39.44657],[-74.53954,39.44715],[-74.53909,39.44819],[-74.53882,39.44869],[-74.53703,39.45179],[-74.5367,39.45232],[-74.53618,39.45356],[-74.5359,39.45395],[-74.53584,39.45449],[-74.53534,39.45697],[-74.53498,39.45934],[-74.53453,39.46133],[-74.53334,39.464],[-74.53343,39.46635],[-74.53128,39.46814],[-74.52945,39.4727],[-74.52896,39.47409],[-74.52901,39.4744],[-74.52737,39.47907],[-74.52689,39.47997],[-74.52223,39.48576],[-74.52049,39.48827],[-74.51893,39.49173],[-74.51846,39.49597],[-74.51895,39.49962],[-74.51991,39.50363],[-74.5204,39.50694],[-74.52038,39.50911],[-74.52031,39.51122],[-74.52003,39.51358],[-74.51969,39.51521],[-74.5191,39.51742],[-74.51802,39.51923],[-74.51656,39.52131],[-74.51565,39.52217],[-74.51476,39.52291],[-74.51359,39.52367],[-74.51245,39.52432],[-74.51034,39.52518],[-74.50744,39.52617],[-74.50592,39.52681],[-74.5037,39.52808],[-74.50301,39.52832],[-74.50075,39.5298],[-74.49821,39.53175],[-74.49481,39.53482],[-74.49353,39.53587],[-74.49084,39.53749],[-74.48988,39.53801],[-74.48721,39.53933],[-74.48263,39.54057],[-74.48068,39.54088],[-74.47605,39.54155],[-74.47526,39.5417],[-74.47326,39.54224],[-74.4705,39.54367],[-74.4685,39.54545],[-74.46691,39.54493],[-74.46654,39.54598],[-74.46499,39.54686],[-74.46551,39.54734],[-74.46568,39.54789],[-74.46555,39.54822],[-74.46475,39.54817],[-74.46464,39.54876],[-74.46432,39.5518],[-74.466,39.55253],[-74.46535,39.5537],[-74.46498,39.55494],[-74.46427,39.5579],[-74.46361,39.55896],[-74.46344,39.56964],[-74.46376,39.5732],[-74.47046,39.58306],[-74.46427,39.58577],[-74.46375,39.59049],[-74.46408,39.59194],[-74.46415,39.59761],[-74.45828,39.60698],[-74.45086,39.61882],[-74.45049,39.62121],[-74.44934,39.62126],[-74.44924,39.62139],[-74.44048,39.62233],[-74.43928,39.62294],[-74.43683,39.62247],[-74.43408,39.62267],[-74.42974,39.62212],[-74.42693,39.62108],[-74.42232,39.62064],[-74.41394,39.61848],[-74.40995,39.61965],[-74.40511,39.62147],[-74.40294,39.62257],[-74.39773,39.62563],[-74.39414,39.62702],[-74.39213,39.62795],[-74.38828,39.63005],[-74.38158,39.63437],[-74.38079,39.63478],[-74.37427,39.63738],[-74.37184,39.6388],[-74.36942,39.64041],[-74.36727,39.64213],[-74.36585,39.64304],[-74.35826,39.64662],[-74.35618,39.6479],[-74.35318,39.64989],[-74.35054,39.65167],[-74.34795,39.65323],[-74.34684,39.65373],[-74.34339,39.65504],[-74.33994,39.65614],[-74.33819,39.65666],[-74.33651,39.65719],[-74.33457,39.65806],[-74.33305,39.65885],[-74.33068,39.66018],[-74.32815,39.6616],[-74.32486,39.66319],[-74.32304,39.66416],[-74.3228,39.66451],[-74.31983,39.6669],[-74.31928,39.66645],[-74.31868,39.66683],[-74.31678,39.66921],[-74.31589,39.67063],[-74.31449,39.67266],[-74.31197,39.67532],[-74.3104,39.67442],[-74.3098,39.6747],[-74.30887,39.67544],[-74.30769,39.67657],[-74.30605,39.67805],[-74.30517,39.67892],[-74.30396,39.68015],[-74.30237,39.68216],[-74.30169,39.68319],[-74.29924,39.68771],[-74.29742,39.69059],[-74.29609,39.69224],[-74.29272,39.69621],[-74.29216,39.69672],[-74.29202,39.69723],[-74.29269,39.69763],[-74.29203,39.69878],[-74.29264,39.69927],[-74.29159,39.70023],[-74.29048,39.70113],[-74.28844,39.70312],[-74.28604,39.70666],[-74.28536,39.7075],[-74.28262,39.70755],[-74.28145,39.70847],[-74.27882,39.70891],[-74.27786,39.70768],[-74.27727,39.70734],[-74.27482,39.70428],[-74.27437,39.70388],[-74.27679,39.70045],[-74.27708,39.69996],[-74.27468,39.69896],[-74.27423,39.69871],[-74.26994,39.69554],[-74.26949,39.69513],[-74.26923,39.69463],[-74.26916,39.69404],[-74.26925,39.69053],[-74.26733,39.69211],[-74.26403,39.69097],[-74.26272,39.69069],[-74.2621,39.69097],[-74.26057,39.6907],[-74.26063,39.69032],[-74.26131,39.69026]]}},{"type":"Feature","properties":{"id":"121917","type":"AC; OVERHEAD","status":"IN SERVICE","owner":"JERSEY CENTRAL POWER & LT CO","voltage":230,"voltClass":"220-287"},"geometry":{"type":"LineString","coordinates":[[-74.19187,40.11378],[-74.19183,40.1134],[-74.19233,40.11267],[-74.19122,40.11096],[-74.18834,40.11061],[-74.18161,40.10914],[-74.17856,40.10848],[-74.17517,40.10752],[-74.17152,40.10648],[-74.16797,40.10547],[-74.16413,40.1044],[-74.15657,40.10227],[-74.15636,40.09946],[-74.15586,40.09212],[-74.15575,40.09075],[-74.1583,40.08869],[-74.1606,40.08684],[-74.1613,40.08495],[-74.16209,40.0828],[-74.16278,40.08093],[-74.16077,40.07588],[-74.15912,40.07175],[-74.16189,40.0684],[-74.16373,40.06617],[-74.16557,40.06225],[-74.16602,40.06104],[-74.1666,40.06118],[-74.16722,40.06101]]}},{"type":"Feature","properties":{"id":"121955","type":"AC; OVERHEAD","status":"IN SERVICE","owner":"PPL ELECTRIC UTILITIES CORP","voltage":138,"voltClass":"100-161"},"geometry":{"type":"LineString","coordinates":[[-75.51352,40.63049],[-75.51335,40.63047],[-75.51329,40.63125],[-75.51312,40.63261],[-75.51292,40.63397],[-75.5128,40.63502],[-75.51297,40.63699],[-75.51309,40.63829],[-75.51316,40.63889],[-75.51187,40.63935],[-75.51055,40.63979]]}},{"type":"Feature","properties":{"id":"121982","type":"AC; OVERHEAD","status":"IN SERVICE","owner":"CONSOLIDATED EDISON CO-NY INC","voltage":345,"voltClass":"345"},"geometry":{"type":"LineString","coordinates":[[-73.83214,41.07714],[-73.83169,41.07787],[-73.831,41.07826],[-73.82989,41.07913],[-73.82774,41.08102],[-73.82591,41.08205],[-73.82306,41.08447],[-73.82117,41.08612],[-73.81917,41.08771],[-73.81782,41.08888],[-73.81645,41.09003],[-73.81449,41.09168],[-73.81292,41.09309],[-73.81244,41.09603],[-73.81279,41.09833],[-73.81303,41.09971],[-73.81335,41.10128],[-73.81312,41.10316],[-73.81239,41.10484],[-73.81101,41.10643],[-73.80978,41.10762],[-73.808,41.10937],[-73.8064,41.11108],[-73.80637,41.11197],[-73.80746,41.11334],[-73.80786,41.11449],[-73.80796,41.11717],[-73.80872,41.11892],[-73.80968,41.12067],[-73.81038,41.12195],[-73.81149,41.1239],[-73.81266,41.12574],[-73.81437,41.12726],[-73.81596,41.1286],[-73.81741,41.12991],[-73.81856,41.13173],[-73.81756,41.13328],[-73.81636,41.13516],[-73.81546,41.13655],[-73.81486,41.1385],[-73.81524,41.14032],[-73.81559,41.14196],[-73.81489,41.14384],[-73.81403,41.14621],[-73.81342,41.14802],[-73.81119,41.14879],[-73.80814,41.14983],[-73.80557,41.15073],[-73.80255,41.15265],[-73.80207,41.1537],[-73.80114,41.15575],[-73.80015,41.15793],[-73.79935,41.15979],[-73.79866,41.16221],[-73.79813,41.16409],[-73.79886,41.16663],[-73.79942,41.16853],[-73.79995,41.17034],[-73.80049,41.17216],[-73.80102,41.17402],[-73.80193,41.17563],[-73.80229,41.17845],[-73.80216,41.18031],[-73.80319,41.18241],[-73.80196,41.18533],[-73.80084,41.18803],[-73.80013,41.18988],[-73.80045,41.19094],[-73.80221,41.19187],[-73.80222,41.19267],[-73.80222,41.19293],[-73.80222,41.19314],[-73.80222,41.1935],[-73.80379,41.19276],[-73.80446,41.19277],[-73.8084,41.19344],[-73.81088,41.19429],[-73.81346,41.19699],[-73.81518,41.19836],[-73.81724,41.19971],[-73.81923,41.201],[-73.82119,41.20227],[-73.82386,41.20407],[-73.8302,41.20917],[-73.83327,41.21158],[-73.83621,41.21225],[-73.83938,41.21294],[-73.84482,41.21408],[-73.84713,41.21462],[-73.8489,41.21578],[-73.85088,41.21708],[-73.85328,41.21865],[-73.85576,41.21935],[-73.85831,41.22007],[-73.86106,41.22085],[-73.86681,41.22056],[-73.87118,41.22252],[-73.87474,41.22417],[-73.8779,41.22479],[-73.88099,41.22552],[-73.88557,41.22586],[-73.88855,41.22608],[-73.89041,41.22742],[-73.89329,41.22955],[-73.89533,41.231],[-73.89908,41.23368],[-73.90351,41.23684],[-73.91513,41.24509],[-73.91751,41.2468],[-73.92103,41.24931],[-73.92352,41.25108],[-73.9267,41.25322],[-73.93005,41.25562],[-73.93149,41.25857],[-73.93274,41.26019],[-73.93436,41.2618],[-73.93588,41.26312],[-73.93731,41.26444],[-73.93978,41.26493],[-73.94239,41.26546],[-73.94574,41.26454],[-73.94604,41.26457],[-73.94631,41.26464],[-73.94724,41.26451]]}},{"type":"Feature","properties":{"id":"120812","type":"AC; OVERHEAD","status":"IN SERVICE","owner":"PUBLIC SERVICE ELEC & GAS CO","voltage":138,"voltClass":"100-161"},"geometry":{"type":"LineString","coordinates":[[-74.65679,40.16868],[-74.657,40.16838],[-74.65723,40.16763],[-74.65783,40.16521],[-74.65857,40.16253],[-74.66011,40.15725],[-74.66128,40.15316],[-74.66165,40.1516],[-74.66183,40.15114],[-74.67388,40.14258],[-74.67505,40.14169],[-74.67507,40.14157]]}},{"type":"Feature","properties":{"id":"120866","type":"AC; OVERHEAD","status":"IN SERVICE","owner":"PPL ELECTRIC UTILITIES CORP","voltage":138,"voltClass":"100-161"},"geometry":{"type":"LineString","coordinates":[[-75.456,40.60947],[-75.45573,40.60982],[-75.45556,40.60985],[-75.45551,40.61015],[-75.45404,40.61128],[-75.45338,40.61234],[-75.453,40.61306],[-75.45378,40.61451],[-75.45362,40.61646],[-75.45264,40.61811],[-75.45347,40.61901],[-75.45405,40.61963],[-75.4547,40.62038],[-75.45552,40.62126]]}},{"type":"Feature","properties":{"id":"121016","type":"AC; OVERHEAD","status":"IN SERVICE","owner":"PECO ENERGY CO","voltage":230,"voltClass":"220-287"},"geometry":{"type":"LineString","coordinates":[[-75.16369,40.189],[-75.16446,40.18891],[-75.16535,40.18945],[-75.16785,40.19095],[-75.16998,40.19217],[-75.17218,40.19358],[-75.17472,40.19487],[-75.17729,40.19596],[-75.17993,40.19704],[-75.18144,40.199],[-75.18303,40.2011],[-75.18476,40.20341],[-75.18637,40.20555],[-75.188,40.20684],[-75.19108,40.20743],[-75.19403,40.2079],[-75.19414,40.20792],[-75.19797,40.20861],[-75.20819,40.21453],[-75.21257,40.21701],[-75.21481,40.21683],[-75.21732,40.21648],[-75.22114,40.21884],[-75.22293,40.22011],[-75.22894,40.22382],[-75.23121,40.22471],[-75.23371,40.22422],[-75.2365,40.22363],[-75.24418,40.22201],[-75.25707,40.21933],[-75.2571,40.21931],[-75.26699,40.20838],[-75.26956,40.20675],[-75.27143,40.20468],[-75.27299,40.20295],[-75.27534,40.20035],[-75.27709,40.1984],[-75.27894,40.19635],[-75.28064,40.19437],[-75.28769,40.19215],[-75.29034,40.19141],[-75.29181,40.18891],[-75.29331,40.18637],[-75.29486,40.18374],[-75.29596,40.18187],[-75.29822,40.17952],[-75.30054,40.17713],[-75.30266,40.17495],[-75.30494,40.17263],[-75.30667,40.17097],[-75.30726,40.17139],[-75.31001,40.17154]]}},{"type":"Feature","properties":{"id":"121045","type":"AC; OVERHEAD","status":"IN SERVICE","owner":"PECO ENERGY CO","voltage":230,"voltClass":"220-287"},"geometry":{"type":"LineString","coordinates":[[-75.42124,39.80743],[-75.4233,39.81019],[-75.42354,39.81111],[-75.42643,39.8148],[-75.42948,39.81337],[-75.43152,39.8159],[-75.43248,39.81659],[-75.43315,39.81803]]}},{"type":"Feature","properties":{"id":"121096","type":"AC; OVERHEAD","status":"IN SERVICE","owner":"PECO ENERGY CO","voltage":230,"voltClass":"220-287"},"geometry":{"type":"LineString","coordinates":[[-75.44711,39.8012],[-75.44801,39.80108],[-75.44837,39.80128],[-75.44881,39.80081],[-75.4509,39.79856],[-75.4521,39.79741],[-75.45419,39.79594],[-75.45913,39.79291],[-75.46414,39.78983],[-75.46736,39.78774],[-75.46932,39.7861],[-75.47055,39.7849],[-75.47334,39.78185],[-75.47776,39.77684],[-75.48013,39.77419],[-75.48128,39.7729],[-75.48165,39.77212],[-75.48214,39.77146],[-75.48258,39.77072],[-75.48337,39.76924],[-75.48345,39.7686],[-75.48347,39.76787],[-75.48383,39.7672],[-75.48467,39.76642],[-75.48537,39.76557],[-75.48623,39.76392],[-75.48757,39.76127],[-75.48829,39.75996],[-75.48873,39.75911],[-75.4892,39.75844],[-75.4897,39.7578],[-75.49033,39.7572],[-75.491,39.75662],[-75.49171,39.75607],[-75.49328,39.75513],[-75.49406,39.75471],[-75.49589,39.75407],[-75.49774,39.75357],[-75.49974,39.75316],[-75.50064,39.75296],[-75.5018,39.7528],[-75.50301,39.75264],[-75.50664,39.75162],[-75.50747,39.75135],[-75.50962,39.75151],[-75.51035,39.75157],[-75.5114,39.75138],[-75.51328,39.75091],[-75.51511,39.75038],[-75.51635,39.74995],[-75.52102,39.74804],[-75.52247,39.74734],[-75.52418,39.7464],[-75.52634,39.74516],[-75.52178,39.74192],[-75.51758,39.74166],[-75.51431,39.74007],[-75.5123,39.74112],[-75.5101,39.73981],[-75.50974,39.74081]]}},{"type":"Feature","properties":{"id":"121230","type":"AC; OVERHEAD","status":"IN SERVICE","owner":"PUBLIC SERVICE ELEC & GAS CO","voltage":230,"voltClass":"220-287"},"geometry":{"type":"LineString","coordinates":[[-74.69228,40.28202],[-74.69252,40.28205],[-74.69389,40.28351],[-74.69519,40.28475],[-74.69654,40.28604],[-74.69807,40.2875],[-74.70133,40.2873],[-74.704,40.28713],[-74.70723,40.28694],[-74.71077,40.28672],[-74.71433,40.2865],[-74.71742,40.28632],[-74.72066,40.28612],[-74.72354,40.28594],[-74.72669,40.28469],[-74.73075,40.28505],[-74.73402,40.2854],[-74.73655,40.28643],[-74.74067,40.28739],[-74.74351,40.28805],[-74.74642,40.28666],[-74.74946,40.28516],[-74.75233,40.28375],[-74.75473,40.28257],[-74.75581,40.28255],[-74.75654,40.2824]]}},{"type":"Feature","properties":{"id":"121244","type":"AC; OVERHEAD","status":"IN SERVICE","owner":"PUBLIC SERVICE ELEC & GAS CO","voltage":230,"voltClass":"220-287"},"geometry":{"type":"LineString","coordinates":[[-74.46217,40.56081],[-74.46319,40.56158],[-74.46503,40.56389],[-74.46662,40.56582],[-74.4682,40.56774],[-74.47003,40.56996],[-74.47285,40.5734],[-74.47395,40.5755],[-74.47478,40.57708],[-74.47584,40.57911],[-74.47691,40.58114],[-74.47771,40.58268],[-74.47754,40.5841],[-74.47738,40.58544],[-74.47861,40.587],[-74.47803,40.58844],[-74.47904,40.58992],[-74.48013,40.59151],[-74.48183,40.59308],[-74.48367,40.59478],[-74.48594,40.5968],[-74.48618,40.59716]]}},{"type":"Feature","properties":{"id":"119691","type":"AC; OVERHEAD","status":"IN SERVICE","owner":null,"voltage":230,"voltClass":"220-287"},"geometry":{"type":"LineString","coordinates":[[-75.25582,40.71034],[-75.25588,40.71093],[-75.25586,40.71141],[-75.25716,40.71181],[-75.25777,40.71349],[-75.25885,40.7163],[-75.25962,40.71822],[-75.25983,40.71811],[-75.2629,40.71638],[-75.2653,40.71497],[-75.26731,40.71367],[-75.26999,40.71189],[-75.27245,40.71031],[-75.27462,40.70892],[-75.27726,40.7072],[-75.27967,40.70563],[-75.282,40.70413],[-75.28377,40.70303],[-75.28553,40.70182],[-75.28765,40.70046],[-75.29045,40.69865],[-75.29382,40.69828],[-75.29663,40.69798],[-75.29932,40.69768],[-75.30222,40.69737],[-75.30565,40.69699],[-75.30781,40.69475],[-75.30982,40.69266],[-75.31198,40.69041],[-75.31393,40.68839],[-75.31592,40.68632],[-75.31789,40.68428],[-75.32,40.68208],[-75.31979,40.68089],[-75.31956,40.67958],[-75.31931,40.67813],[-75.31908,40.67686],[-75.31885,40.67556],[-75.31869,40.67463],[-75.31844,40.6732],[-75.31834,40.67173],[-75.31825,40.67032],[-75.3181,40.66881],[-75.318,40.66731],[-75.31793,40.66625],[-75.31718,40.66524],[-75.31672,40.66463],[-75.31588,40.66346],[-75.31501,40.66226],[-75.31411,40.66108],[-75.31329,40.66001],[-75.31314,40.65891],[-75.31296,40.65755],[-75.31275,40.65618],[-75.31255,40.65481],[-75.31237,40.65343],[-75.31218,40.65215],[-75.312,40.65087],[-75.31183,40.64975],[-75.31165,40.64836],[-75.31145,40.64701],[-75.31128,40.64567],[-75.31111,40.64443],[-75.31099,40.64351],[-75.3108,40.64221],[-75.31059,40.6408],[-75.31038,40.63943],[-75.3102,40.63793],[-75.30996,40.6365],[-75.30979,40.63506],[-75.30967,40.6342],[-75.31125,40.63407],[-75.31297,40.63392],[-75.31491,40.63376],[-75.31652,40.63362],[-75.31813,40.63348],[-75.31995,40.63331],[-75.32101,40.63376],[-75.3226,40.63442],[-75.32431,40.63515],[-75.32601,40.63506],[-75.3277,40.63497],[-75.32944,40.63488],[-75.33083,40.63482],[-75.33226,40.63475],[-75.33357,40.6347],[-75.33554,40.6346],[-75.33672,40.63454],[-75.33751,40.63355],[-75.33809,40.63285],[-75.33883,40.6319],[-75.33961,40.63082],[-75.34076,40.63],[-75.34184,40.62924],[-75.34172,40.6281],[-75.34158,40.62702],[-75.34143,40.62624],[-75.34133,40.62566],[-75.34122,40.62491],[-75.34109,40.62398],[-75.3409,40.62301],[-75.34196,40.62293],[-75.34344,40.62282],[-75.34446,40.62278],[-75.34526,40.62273],[-75.34674,40.62279],[-75.34774,40.62275],[-75.34924,40.62264]]}},{"type":"Feature","properties":{"id":"119813","type":"AC; OVERHEAD","status":"IN SERVICE","owner":"JERSEY CENTRAL POWER & LT CO","voltage":230,"voltClass":"220-287"},"geometry":{"type":"LineString","coordinates":[[-74.51028,40.85265],[-74.51056,40.85231],[-74.51126,40.85242],[-74.51311,40.85259],[-74.51561,40.8513],[-74.53601,40.85204],[-74.55738,40.8444],[-74.56128,40.84046],[-74.57581,40.84054],[-74.58311,40.83531],[-74.60076,40.83822],[-74.60931,40.84581],[-74.64146,40.83942],[-74.66313,40.83972],[-74.67444,40.83043],[-74.68526,40.82467],[-74.70114,40.82284],[-74.74113,40.8247],[-74.74484,40.82471],[-74.7706,40.82469],[-74.77535,40.82511],[-74.79674,40.82725],[-74.79938,40.82751],[-74.81045,40.82859],[-74.82187,40.83198],[-74.84429,40.83195],[-74.84987,40.83399],[-74.86747,40.84044],[-74.87077,40.84024],[-74.87178,40.84028],[-74.87183,40.84058]]}},{"type":"Feature","properties":{"id":"119999","type":"AC; OVERHEAD","status":"IN SERVICE","owner":"PUBLIC SERVICE ELEC & GAS CO","voltage":230,"voltClass":"220-287"},"geometry":{"type":"LineString","coordinates":[[-74.21129,40.62405],[-74.21101,40.62313],[-74.21412,40.62357],[-74.21388,40.62596],[-74.21217,40.62902],[-74.2104,40.63194],[-74.20903,40.63424],[-74.20764,40.6365],[-74.20834,40.63942],[-74.20887,40.64026],[-74.20739,40.64168],[-74.2065,40.64254],[-74.20675,40.64375],[-74.20595,40.6446]]}},{"type":"Feature","properties":{"id":"120059","type":"AC; OVERHEAD","status":"IN SERVICE","owner":"PUBLIC SERVICE ELEC & GAS CO","voltage":230,"voltClass":"220-287"},"geometry":{"type":"LineString","coordinates":[[-74.46217,40.56081],[-74.46212,40.56099],[-74.46314,40.56165],[-74.46497,40.56393],[-74.46656,40.56587],[-74.46815,40.56779],[-74.46997,40.57001],[-74.47279,40.57344],[-74.47389,40.57554],[-74.47472,40.57712],[-74.47578,40.57915],[-74.47684,40.58118],[-74.47763,40.58269],[-74.47746,40.5841],[-74.4773,40.58547],[-74.47852,40.58701],[-74.47795,40.58845],[-74.47898,40.58996],[-74.48007,40.59156],[-74.48178,40.59314],[-74.48362,40.59483],[-74.48578,40.59688],[-74.48618,40.59716]]}},{"type":"Feature","properties":{"id":"120370","type":"AC; OVERHEAD","status":"IN SERVICE","owner":"PUBLIC SERVICE ELEC & GAS CO","voltage":345,"voltClass":"345"},"geometry":{"type":"LineString","coordinates":[[-74.06992,40.74644],[-74.07056,40.74723],[-74.07067,40.74865],[-74.07042,40.74925],[-74.07151,40.75139],[-74.07134,40.75346],[-74.07102,40.75562],[-74.06509,40.75747],[-74.05989,40.75789],[-74.05613,40.76249],[-74.05434,40.76402],[-74.05015,40.76668],[-74.04782,40.76817],[-74.04631,40.77043],[-74.04481,40.77269],[-74.04343,40.77528],[-74.04274,40.77798],[-74.04236,40.7788],[-74.04219,40.77889]]}},{"type":"Feature","properties":{"id":"120445","type":"AC; OVERHEAD","status":"IN SERVICE","owner":"PECO ENERGY CO","voltage":230,"voltClass":"220-287"},"geometry":{"type":"LineString","coordinates":[[-74.87831,40.09363],[-74.87673,40.09583],[-74.87547,40.09771],[-74.87394,40.10006],[-74.87156,40.10372],[-74.87023,40.10575],[-74.87215,40.10987],[-74.87319,40.11213],[-74.87414,40.11716],[-74.87456,40.11923],[-74.86984,40.12082],[-74.86744,40.12162],[-74.86399,40.12434],[-74.86155,40.12635],[-74.86007,40.12858],[-74.85804,40.13165],[-74.85213,40.134],[-74.84605,40.13643],[-74.84248,40.13947],[-74.84423,40.14303],[-74.84489,40.14414],[-74.84547,40.14463]]}},{"type":"Feature","properties":{"id":"120515","type":"AC; OVERHEAD","status":"IN SERVICE","owner":null,"voltage":138,"voltClass":"100-161"},"geometry":{"type":"LineString","coordinates":[[-74.16488,41.12681],[-74.16522,41.12728],[-74.16635,41.12931],[-74.16859,41.13042],[-74.16907,41.13221],[-74.16976,41.1348],[-74.17016,41.13628],[-74.17411,41.13739],[-74.17772,41.13841],[-74.17931,41.13885],[-74.17962,41.13894],[-74.18251,41.13975],[-74.18362,41.14049],[-74.185,41.14142],[-74.18549,41.14234],[-74.18619,41.14367],[-74.18832,41.14563],[-74.18924,41.14801],[-74.19023,41.15055],[-74.19011,41.15253],[-74.19028,41.15396],[-74.19035,41.15468],[-74.19062,41.15766],[-74.19182,41.15992],[-74.19255,41.16132],[-74.19487,41.1631],[-74.19644,41.16432],[-74.20075,41.16665],[-74.20145,41.16703],[-74.20267,41.16768],[-74.20494,41.16892],[-74.20994,41.1716],[-74.21213,41.17276],[-74.21313,41.17332],[-74.21659,41.1752],[-74.21941,41.17671],[-74.22154,41.17785],[-74.22598,41.18024],[-74.23032,41.18257],[-74.23286,41.18394],[-74.23238,41.18777],[-74.2322,41.18914],[-74.23163,41.19433],[-74.23141,41.19627],[-74.23116,41.1983],[-74.23069,41.20264],[-74.23045,41.2043],[-74.23019,41.20682],[-74.22969,41.21122],[-74.22941,41.21378],[-74.23029,41.21586],[-74.23156,41.21885],[-74.23252,41.2211],[-74.23397,41.22466],[-74.23567,41.22869],[-74.23688,41.23156],[-74.23798,41.23418],[-74.23904,41.2367],[-74.23978,41.2384],[-74.24089,41.24101],[-74.24184,41.24303],[-74.24344,41.24695],[-74.25327,41.27],[-74.2535,41.27054],[-74.25357,41.27314],[-74.25358,41.27388],[-74.25366,41.27636],[-74.25374,41.27884],[-74.25377,41.28917],[-74.25376,41.29395],[-74.25481,41.2967],[-74.25651,41.30118],[-74.25734,41.30342],[-74.2588,41.30732],[-74.25922,41.30827],[-74.25981,41.30924]]}},{"type":"Feature","properties":{"id":"120730","type":"AC; OVERHEAD","status":"IN SERVICE","owner":null,"voltage":230,"voltClass":"220-287"},"geometry":{"type":"LineString","coordinates":[[-74.56503,40.24888],[-74.5663,40.24984],[-74.5687,40.25231],[-74.57201,40.25369],[-74.57533,40.25506],[-74.57834,40.25631],[-74.58154,40.25764],[-74.58481,40.25899],[-74.58787,40.26026],[-74.59113,40.26111],[-74.59436,40.26194],[-74.59734,40.26271],[-74.60047,40.26352],[-74.60359,40.26433],[-74.60593,40.26493],[-74.60914,40.26539],[-74.61263,40.26589],[-74.61515,40.26624],[-74.61832,40.26669],[-74.62149,40.26713],[-74.62468,40.26757],[-74.62767,40.26799],[-74.6312,40.26848],[-74.63472,40.26897],[-74.63845,40.26949],[-74.64132,40.26989],[-74.64243,40.27004],[-74.64282,40.2701],[-74.64485,40.27037],[-74.6489,40.27039],[-74.65215,40.2704],[-74.65649,40.27042],[-74.65999,40.27043],[-74.66287,40.27045],[-74.66627,40.27046],[-74.67001,40.27047],[-74.6727,40.27049],[-74.67647,40.2705],[-74.68029,40.27052],[-74.6818,40.27188],[-74.68323,40.27308],[-74.68625,40.27432],[-74.68767,40.27669],[-74.68909,40.27906],[-74.69186,40.28178],[-74.69228,40.28202]]}},{"type":"Feature","properties":{"id":"119366","type":"AC; OVERHEAD","status":"IN SERVICE","owner":"PUBLIC SERVICE ELEC & GAS CO","voltage":230,"voltClass":"220-287"},"geometry":{"type":"LineString","coordinates":[[-74.21759,40.86724],[-74.21805,40.86738],[-74.21933,40.86814],[-74.22033,40.86809],[-74.22147,40.86837]]}},{"type":"Feature","properties":{"id":"119479","type":"AC; OVERHEAD","status":"IN SERVICE","owner":"PUBLIC SERVICE ELEC & GAS CO","voltage":230,"voltClass":"220-287"},"geometry":{"type":"LineString","coordinates":[[-74.23794,40.59098],[-74.23784,40.59114],[-74.23643,40.59432],[-74.23518,40.59645],[-74.23388,40.59857],[-74.23268,40.60057],[-74.23134,40.60279],[-74.23012,40.6048],[-74.22909,40.60672],[-74.22853,40.60855],[-74.22805,40.61034],[-74.22743,40.61211],[-74.22633,40.61441],[-74.22514,40.61696],[-74.22399,40.61944],[-74.22275,40.62196],[-74.22161,40.62443],[-74.22059,40.62528],[-74.21776,40.62392],[-74.21521,40.62275],[-74.21092,40.62126],[-74.21055,40.62148]]}},{"type":"Feature","properties":{"id":"119584","type":"AC; OVERHEAD","status":"IN SERVICE","owner":"PECO ENERGY CO","voltage":230,"voltClass":"220-287"},"geometry":{"type":"LineString","coordinates":[[-75.32603,39.86029],[-75.32881,39.85958],[-75.33353,39.86046],[-75.33435,39.86097],[-75.33423,39.86108],[-75.33441,39.86139]]}},{"type":"Feature","properties":{"id":"122622","type":"AC; OVERHEAD","status":"IN SERVICE","owner":"PECO ENERGY CO","voltage":230,"voltClass":"220-287"},"geometry":{"type":"LineString","coordinates":[[-74.89134,40.08071],[-74.89064,40.08124],[-74.89051,40.08257],[-74.89017,40.08466],[-74.88566,40.08625],[-74.88416,40.0878],[-74.88271,40.08827],[-74.88118,40.09013],[-74.87971,40.09193],[-74.87831,40.09363]]}},{"type":"Feature","properties":{"id":"122725","type":"AC; OVERHEAD","status":"IN SERVICE","owner":"JERSEY CENTRAL POWER & LT CO","voltage":230,"voltClass":"220-287"},"geometry":{"type":"LineString","coordinates":[[-74.69925,40.7942],[-74.69924,40.79387],[-74.69942,40.79328],[-74.70172,40.79224],[-74.70514,40.79069],[-74.70823,40.78928],[-74.71069,40.78816],[-74.71414,40.7866],[-74.71704,40.78528],[-74.71977,40.78404],[-74.7222,40.78293],[-74.73119,40.77888],[-74.74083,40.76884],[-74.74264,40.76683],[-74.74476,40.7646],[-74.74659,40.76268],[-74.7482,40.76099],[-74.74888,40.75827],[-74.7496,40.75537],[-74.7503,40.75254],[-74.75098,40.74982],[-74.75174,40.74675],[-74.75251,40.74366],[-74.75323,40.74075],[-74.75372,40.73877],[-74.75443,40.73593],[-74.75515,40.73301],[-74.75581,40.73036],[-74.75631,40.72837],[-74.75663,40.72707],[-74.75709,40.72522],[-74.75776,40.72252],[-74.76033,40.72064],[-74.7627,40.71891],[-74.7655,40.71686],[-74.76793,40.71509],[-74.76996,40.7136],[-74.77314,40.7128],[-74.77664,40.71191],[-74.78012,40.71102],[-74.78404,40.71003],[-74.79327,40.70774],[-74.80669,40.70395],[-74.81036,40.70293],[-74.813,40.70218],[-74.81706,40.70106],[-74.81928,40.70041],[-74.82146,40.69983],[-74.82516,40.69874],[-74.82773,40.69801],[-74.83141,40.69695],[-74.83417,40.6962],[-74.8376,40.69527],[-74.84054,40.69441],[-74.84342,40.69358],[-74.84611,40.69285],[-74.84944,40.6919],[-74.85241,40.69108],[-74.85534,40.69026],[-74.85897,40.68921],[-74.86119,40.68857],[-74.86452,40.68765],[-74.86681,40.68702],[-74.86985,40.68664],[-74.87225,40.68634],[-74.87489,40.686],[-74.87849,40.68555],[-74.88188,40.68512],[-74.88492,40.68473],[-74.88868,40.68426],[-74.89169,40.68387],[-74.89454,40.68351],[-74.89738,40.68316],[-74.89974,40.68286],[-74.90294,40.68245],[-74.90573,40.6821],[-74.91064,40.68148],[-74.91376,40.68108],[-74.91675,40.6807],[-74.91872,40.68045],[-74.92006,40.68087],[-74.92037,40.68102]]}},{"type":"Feature","properties":{"id":"122753","type":"AC; OVERHEAD","status":"IN SERVICE","owner":"PECO ENERGY CO","voltage":138,"voltClass":"100-161"},"geometry":{"type":"LineString","coordinates":[[-75.00281,40.11828],[-75.00292,40.11726],[-75.00315,40.11708],[-75.00542,40.11534],[-75.00629,40.11467],[-75.0091,40.11252],[-75.01183,40.11042],[-75.01415,40.10865],[-75.01662,40.10674],[-75.02172,40.1029],[-75.03025,40.09639],[-75.03116,40.0957],[-75.03256,40.09457],[-75.0337,40.09378],[-75.03623,40.09185],[-75.03818,40.09034],[-75.04078,40.08837],[-75.04221,40.08728],[-75.04418,40.08578],[-75.04623,40.08422],[-75.04717,40.08351],[-75.04624,40.08225],[-75.04494,40.08038],[-75.04412,40.08076],[-75.03986,40.08291],[-75.03866,40.0834],[-75.03768,40.08368],[-75.03657,40.08384],[-75.03388,40.08247],[-75.03328,40.08171],[-75.03237,40.08026],[-75.03144,40.07876],[-75.03045,40.07714],[-75.02959,40.07576],[-75.02827,40.07358],[-75.0277,40.07259],[-75.02698,40.07242]]}},{"type":"Feature","properties":{"id":"122880","type":"OVERHEAD","status":"IN SERVICE","owner":"PPL ELECTRIC UTILITIES CORP","voltage":138,"voltClass":"100-161"},"geometry":{"type":"LineString","coordinates":[[-75.456,40.60947],[-75.45633,40.60919],[-75.45621,40.60792]]}},{"type":"Feature","properties":{"id":"122989","type":"AC; OVERHEAD","status":"IN SERVICE","owner":"PECO ENERGY CO","voltage":230,"voltClass":"220-287"},"geometry":{"type":"LineString","coordinates":[[-75.13541,40.03556],[-75.13518,40.03518],[-75.13477,40.03538],[-75.13488,40.03339]]}},{"type":"Feature","properties":{"id":"123075","type":"AC; OVERHEAD","status":null,"owner":"PUBLIC SERVICE ELEC & GAS CO","voltage":230,"voltClass":"220-287"},"geometry":{"type":"LineString","coordinates":[[-74.73363,40.17921],[-74.73274,40.18014]]}},{"type":"Feature","properties":{"id":"123088","type":"AC; OVERHEAD","status":"IN SERVICE","owner":"METROPOLITAN EDISON CO","voltage":230,"voltClass":"220-287"},"geometry":{"type":"LineString","coordinates":[[-75.08137,40.90922],[-75.08197,40.90991],[-75.08253,40.90979],[-75.08397,40.91226],[-75.08346,40.91242]]}},{"type":"Feature","properties":{"id":"123862","type":"AC; OVERHEAD","status":"IN SERVICE","owner":"PUBLIC SERVICE ELEC & GAS CO","voltage":230,"voltClass":"220-287"},"geometry":{"type":"LineString","coordinates":[[-74.23397,40.64166],[-74.2342,40.64155],[-74.23408,40.64119],[-74.23472,40.64004],[-74.23657,40.64048],[-74.24136,40.64193],[-74.24287,40.64228],[-74.25527,40.64601],[-74.26281,40.64829],[-74.2639,40.6488],[-74.26614,40.65004],[-74.26733,40.65047],[-74.26872,40.65075],[-74.27125,40.651],[-74.27256,40.6512],[-74.27382,40.65158],[-74.2836,40.65443],[-74.28526,40.65496],[-74.286,40.65528],[-74.28619,40.65557],[-74.28548,40.65637]]}},{"type":"Feature","properties":{"id":"123245","type":"AC; OVERHEAD","status":"IN SERVICE","owner":"CONSOLIDATED EDISON CO-NY INC","voltage":138,"voltClass":"100-161"},"geometry":{"type":"LineString","coordinates":[[-73.80036,41.19291],[-73.80132,41.19215],[-73.80184,41.19272],[-73.80222,41.19267],[-73.80388,41.19242],[-73.80473,41.1923],[-73.80859,41.19298],[-73.81086,41.19389],[-73.81377,41.19681],[-73.81555,41.19806],[-73.81761,41.19941],[-73.81962,41.20072],[-73.82165,41.20196],[-73.82423,41.20379],[-73.83053,41.20885],[-73.83316,41.21102],[-73.83633,41.21174],[-73.83956,41.21246],[-73.84499,41.21361],[-73.84743,41.21414],[-73.84933,41.21541],[-73.85182,41.21703],[-73.8536,41.21822],[-73.856,41.2189],[-73.85857,41.21961],[-73.86123,41.22038],[-73.86757,41.22026],[-73.87152,41.22211],[-73.87493,41.22373],[-73.87805,41.22435],[-73.88108,41.22508],[-73.8856,41.22544],[-73.88879,41.22566],[-73.89081,41.22712],[-73.89419,41.22953],[-73.89637,41.23108],[-73.89953,41.23335],[-73.90401,41.23647],[-73.90597,41.23787],[-73.90873,41.23982],[-73.91085,41.24133],[-73.91331,41.24308],[-73.91617,41.24521],[-73.91792,41.2464],[-73.92105,41.24864],[-73.92444,41.25109],[-73.9265,41.25256],[-73.9304,41.25531],[-73.93186,41.25819],[-73.93367,41.26032],[-73.9352,41.26194],[-73.93752,41.26422],[-73.94237,41.26442],[-73.94639,41.26361],[-73.94702,41.26323],[-73.94784,41.26365],[-73.94724,41.26451]]}},{"type":"Feature","properties":{"id":"122276","type":"AC; OVERHEAD","status":"IN SERVICE","owner":"PUBLIC SERVICE ELEC & GAS CO","voltage":230,"voltClass":"220-287"},"geometry":{"type":"LineString","coordinates":[[-74.25828,40.79196],[-74.25833,40.79174],[-74.25808,40.7906],[-74.25751,40.79048],[-74.25715,40.78994]]}},{"type":"Feature","properties":{"id":"122312","type":"AC; OVERHEAD","status":"IN SERVICE","owner":"PUBLIC SERVICE ELEC & GAS CO","voltage":230,"voltClass":"220-287"},"geometry":{"type":"LineString","coordinates":[[-74.87698,40.07777],[-74.87659,40.07784],[-74.8757,40.07751],[-74.87546,40.07608],[-74.87464,40.07601],[-74.87408,40.07523]]}},{"type":"Feature","properties":{"id":"122340","type":"AC; OVERHEAD","status":"IN SERVICE","owner":"PUBLIC SERVICE ELEC & GAS CO","voltage":345,"voltClass":"345"},"geometry":{"type":"LineString","coordinates":[[-74.02561,40.8042],[-74.02527,40.8046],[-74.02486,40.80524],[-74.02798,40.81114],[-74.02125,40.82298],[-74.01786,40.83066],[-74.01453,40.83278],[-74.01649,40.83407]]}},{"type":"Feature","properties":{"id":"122352","type":"AC; OVERHEAD","status":"IN SERVICE","owner":"PECO ENERGY CO","voltage":138,"voltClass":"100-161"},"geometry":{"type":"LineString","coordinates":[[-75.00281,40.11828],[-75.00216,40.1178],[-75.00047,40.11909],[-74.99719,40.12157],[-74.99493,40.12328],[-74.99242,40.12519],[-74.98955,40.1274],[-74.98818,40.12747],[-74.98027,40.12765],[-74.97596,40.12775],[-74.97311,40.12783],[-74.97026,40.12792],[-74.96612,40.12806],[-74.96292,40.12816],[-74.95959,40.12827],[-74.95619,40.12838],[-74.9524,40.1285],[-74.9486,40.12862],[-74.94258,40.12881],[-74.93686,40.12898],[-74.9335,40.12908],[-74.92691,40.12928],[-74.926,40.12934],[-74.92551,40.13015]]}},{"type":"Feature","properties":{"id":"122431","type":"AC; OVERHEAD","status":"IN SERVICE","owner":null,"voltage":230,"voltClass":"220-287"},"geometry":{"type":"LineString","coordinates":[[-74.35358,40.47922],[-74.35374,40.48009],[-74.35261,40.48038],[-74.35262,40.4805],[-74.35865,40.48187],[-74.36251,40.48275],[-74.36632,40.48361],[-74.37008,40.48446],[-74.37444,40.48801],[-74.37632,40.48954],[-74.37681,40.49186],[-74.37742,40.4947],[-74.37784,40.49668],[-74.37824,40.49851],[-74.37877,40.50098],[-74.3791,40.50264],[-74.3797,40.50533],[-74.38067,40.50795],[-74.38073,40.50813],[-74.3808,40.50832],[-74.38102,40.50892],[-74.38153,40.51028],[-74.38231,40.5124],[-74.38299,40.51425],[-74.38571,40.51541],[-74.38918,40.51688],[-74.3919,40.51803],[-74.39407,40.51892],[-74.39602,40.51971],[-74.39798,40.52127],[-74.39995,40.52284],[-74.4017,40.52422],[-74.40536,40.52721],[-74.40751,40.52896],[-74.40971,40.53076],[-74.41274,40.53131],[-74.41556,40.53182],[-74.42111,40.53283],[-74.4239,40.53332],[-74.425,40.53358],[-74.42529,40.53356]]}},{"type":"Feature","properties":{"id":"123959","type":"AC; OVERHEAD","status":"IN SERVICE","owner":"PPL ELECTRIC UTILITIES CORP","voltage":500,"voltClass":"500"},"geometry":{"type":"LineString","coordinates":[[-75.50393,40.45523],[-75.5057,40.45508],[-75.50846,40.45632],[-75.50827,40.45716]]}},{"type":"Feature","properties":{"id":"123986","type":"AC; OVERHEAD","status":"IN SERVICE","owner":"PUBLIC SERVICE ELEC & GAS CO","voltage":138,"voltClass":"100-161"},"geometry":{"type":"LineString","coordinates":[[-74.78314,40.0792],[-74.78359,40.07904],[-74.78691,40.07694],[-74.78975,40.07523],[-74.79248,40.07358],[-74.7954,40.07191],[-74.80155,40.06827],[-74.80465,40.06688],[-74.80778,40.06547],[-74.8103,40.0643],[-74.81287,40.06312],[-74.8159,40.06173],[-74.81885,40.06038],[-74.82187,40.059],[-74.82773,40.05631],[-74.83086,40.05489],[-74.83382,40.05355],[-74.83693,40.05214],[-74.83955,40.05089],[-74.84214,40.04942],[-74.8449,40.04786],[-74.84765,40.04629],[-74.85052,40.04467],[-74.85343,40.04302],[-74.85632,40.04142],[-74.85922,40.03982],[-74.86214,40.03821],[-74.86502,40.03659],[-74.8672,40.03741],[-74.86816,40.03962],[-74.86921,40.0422],[-74.87041,40.04481],[-74.87146,40.04743],[-74.87256,40.04987],[-74.87368,40.05251],[-74.87478,40.05511],[-74.87799,40.0624],[-74.87869,40.06406],[-74.87798,40.07219],[-74.87699,40.07361],[-74.87503,40.07448],[-74.87409,40.07453],[-74.87408,40.07523]]}},{"type":"Feature","properties":{"id":"124136","type":"AC; OVERHEAD","status":null,"owner":"CONSOLIDATED EDISON CO-NY INC","voltage":138,"voltClass":"100-161"},"geometry":{"type":"LineString","coordinates":[[-73.90642,40.78203],[-73.9061,40.78227],[-73.90579,40.78238],[-73.90711,40.78372],[-73.90895,40.78561],[-73.91112,40.78701],[-73.91248,40.78755],[-73.91285,40.78751]]}},{"type":"Feature","properties":{"id":"124173","type":"AC; OVERHEAD","status":null,"owner":"DELMARVA POWER","voltage":230,"voltClass":"220-287"},"geometry":{"type":"LineString","coordinates":[[-75.50647,39.74382],[-75.50722,39.7431]]}},{"type":"Feature","properties":{"id":"124204","type":"AC; OVERHEAD","status":"IN SERVICE","owner":"PUBLIC SERVICE ELEC & GAS CO","voltage":230,"voltClass":"220-287"},"geometry":{"type":"LineString","coordinates":[[-74.88035,40.02803],[-74.88053,40.02809],[-74.881,40.02791],[-74.88359,40.02658],[-74.88634,40.02517],[-74.88937,40.02366],[-74.89218,40.02226],[-74.89484,40.02094],[-74.89719,40.01977],[-74.89971,40.01851],[-74.9023,40.01723],[-74.9053,40.01573],[-74.90941,40.01369],[-74.91184,40.01248],[-74.91682,40.01096],[-74.91979,40.01006],[-74.92268,40.00918],[-74.92563,40.00828],[-74.92853,40.00739],[-74.9312,40.00658],[-74.93442,40.0056],[-74.93771,40.0046],[-74.94087,40.00364],[-74.94413,40.00265],[-74.95012,40.00082],[-74.95334,39.99984],[-74.95635,39.99892],[-74.959,39.99868],[-74.96144,39.99846],[-74.96503,39.99814],[-74.96829,39.99784],[-74.96892,39.99771],[-74.96903,39.99755]]}},{"type":"Feature","properties":{"id":"124503","type":"OVERHEAD","status":null,"owner":"CONSOLIDATED EDISON CO-NY INC","voltage":345,"voltClass":"345"},"geometry":{"type":"LineString","coordinates":[[-73.89809,40.78179],[-73.89772,40.78195],[-73.89724,40.78208],[-73.89701,40.78193],[-73.89641,40.78202]]}},{"type":"Feature","properties":{"id":"124642","type":"AC; OVERHEAD","status":"IN SERVICE","owner":"PECO ENERGY CO","voltage":230,"voltClass":"220-287"},"geometry":{"type":"LineString","coordinates":[[-75.15909,40.01555],[-75.15979,40.0152],[-75.16364,40.01316],[-75.16823,40.01087],[-75.16982,40.01011],[-75.17016,40.01021],[-75.17095,40.0109],[-75.1728,40.01292],[-75.17335,40.01366],[-75.17517,40.01567],[-75.17719,40.01793],[-75.17778,40.01888],[-75.17817,40.01988],[-75.17825,40.02096],[-75.17814,40.02212],[-75.17801,40.02307],[-75.17774,40.02526],[-75.17767,40.02584],[-75.17768,40.02649],[-75.17791,40.02737],[-75.17815,40.02777],[-75.1785,40.02827],[-75.17895,40.02871],[-75.18019,40.02948],[-75.1823,40.0308],[-75.18349,40.03173],[-75.18344,40.03189],[-75.18354,40.03225]]}},{"type":"Feature","properties":{"id":"124840","type":"AC; OVERHEAD","status":"IN SERVICE","owner":"JERSEY CENTRAL POWER & LT CO","voltage":230,"voltClass":"220-287"},"geometry":{"type":"LineString","coordinates":[[-74.37826,40.81942],[-74.37848,40.81966],[-74.37852,40.8204],[-74.38233,40.8222],[-74.38199,40.82775],[-74.39144,40.83239],[-74.40161,40.83289],[-74.41606,40.83362],[-74.42346,40.83401],[-74.43562,40.83466],[-74.43912,40.83483],[-74.4541,40.83562],[-74.46046,40.83813],[-74.4614,40.83991],[-74.47027,40.84417],[-74.48418,40.85085],[-74.49514,40.85123],[-74.50136,40.85087],[-74.5071,40.85132],[-74.50983,40.85267],[-74.51028,40.85265]]}},{"type":"Feature","properties":{"id":"124864","type":"AC; OVERHEAD","status":"IN SERVICE","owner":"PPL ELECTRIC UTILITIES CORP","voltage":138,"voltClass":"100-161"},"geometry":{"type":"LineString","coordinates":[[-75.43356,40.6325],[-75.43366,40.63296],[-75.43461,40.63278],[-75.43558,40.63259],[-75.43655,40.63242],[-75.43736,40.63227],[-75.4381,40.63213],[-75.43899,40.63196],[-75.44008,40.63174],[-75.44101,40.63157],[-75.44193,40.6314],[-75.44293,40.63122],[-75.44394,40.63101],[-75.44493,40.63082],[-75.44588,40.63065],[-75.44842,40.63013],[-75.44945,40.62986],[-75.45018,40.62961],[-75.45088,40.62938],[-75.4516,40.62885],[-75.45229,40.62825],[-75.45294,40.62769],[-75.4534,40.62703],[-75.45387,40.62633],[-75.4541,40.62558],[-75.4543,40.62487],[-75.45444,40.62441],[-75.45466,40.62372],[-75.4549,40.62302],[-75.45515,40.62225],[-75.45535,40.62168],[-75.45544,40.62127]]}},{"type":"Feature","properties":{"id":"124876","type":"AC; OVERHEAD","status":null,"owner":"ATLANTIC CITY ELECTRIC CO","voltage":138,"voltClass":"100-161"},"geometry":{"type":"LineString","coordinates":[[-74.63603,39.28993],[-74.6345,39.29068]]}},{"type":"Feature","properties":{"id":"124932","type":"AC; OVERHEAD","status":"IN SERVICE","owner":"PUBLIC SERVICE ELEC & GAS CO","voltage":230,"voltClass":"220-287"},"geometry":{"type":"LineString","coordinates":[[-74.32438,40.62675],[-74.32546,40.62636],[-74.32702,40.62524],[-74.32877,40.62421],[-74.33445,40.62013],[-74.34202,40.61467],[-74.35404,40.60601],[-74.35393,40.60563],[-74.3532,40.60484],[-74.35265,40.60425],[-74.35106,40.60249],[-74.35078,40.59988],[-74.35056,40.59774],[-74.35032,40.59522],[-74.34956,40.58793],[-74.34919,40.58711],[-74.34926,40.58682]]}},{"type":"Feature","properties":{"id":"124986","type":"AC; OVERHEAD","status":"IN SERVICE","owner":"DELMARVA POWER","voltage":230,"voltClass":"220-287"},"geometry":{"type":"LineString","coordinates":[[-75.46933,39.20221],[-75.46905,39.20268],[-75.46887,39.20339],[-75.47112,39.20402],[-75.47355,39.20812],[-75.48051,39.20779],[-75.48285,39.20751],[-75.49131,39.21101],[-75.49665,39.21315],[-75.50044,39.21688],[-75.50745,39.2237],[-75.51253,39.22238],[-75.51633,39.22258],[-75.52393,39.22287],[-75.52863,39.22574],[-75.52865,39.22905],[-75.52868,39.23063],[-75.5283,39.23204],[-75.52652,39.23439],[-75.52813,39.23574],[-75.53402,39.24067],[-75.53889,39.24478],[-75.53748,39.24647],[-75.53618,39.24801],[-75.5359,39.25042],[-75.53561,39.25223],[-75.53585,39.25294],[-75.5372,39.2568],[-75.53876,39.26134],[-75.54074,39.26735],[-75.53895,39.27018],[-75.53717,39.27296],[-75.53083,39.27889],[-75.52876,39.28085],[-75.52956,39.28415],[-75.53144,39.29182],[-75.53253,39.2963],[-75.53188,39.29778],[-75.52516,39.30215],[-75.52187,39.3043],[-75.52158,39.30579],[-75.52353,39.30839],[-75.5238,39.31202],[-75.52437,39.31748],[-75.52935,39.3213],[-75.53105,39.32255],[-75.53214,39.3258],[-75.53504,39.33374],[-75.5472,39.33899],[-75.55821,39.34375],[-75.56973,39.34868],[-75.57211,39.34971],[-75.56979,39.35304],[-75.56459,39.36067],[-75.56178,39.36465],[-75.56079,39.36744],[-75.56401,39.37415],[-75.56507,39.37634],[-75.56649,39.37925],[-75.5686,39.37985],[-75.57696,39.38222],[-75.58715,39.3851],[-75.59637,39.3877],[-75.60349,39.38973],[-75.61242,39.3902],[-75.61639,39.3894],[-75.6195,39.39141],[-75.62578,39.39799],[-75.62956,39.40198],[-75.63638,39.40227],[-75.63628,39.40649],[-75.63601,39.41554],[-75.63588,39.41971],[-75.63582,39.42318],[-75.6358,39.42404],[-75.63215,39.42691],[-75.63266,39.42819],[-75.63436,39.43156],[-75.63607,39.43332],[-75.63223,39.43538],[-75.62869,39.43729],[-75.62966,39.44352],[-75.62985,39.44503],[-75.63561,39.45402],[-75.63644,39.45526],[-75.62547,39.45985],[-75.62408,39.46147],[-75.62312,39.46884],[-75.62267,39.47395],[-75.62246,39.47852],[-75.62237,39.48037],[-75.61988,39.48394],[-75.62099,39.49429],[-75.62193,39.49733],[-75.62238,39.50301],[-75.62293,39.50646],[-75.62384,39.50943],[-75.62475,39.51256],[-75.62304,39.51737],[-75.62084,39.52173],[-75.6186,39.52602],[-75.6184,39.52749],[-75.61766,39.53364],[-75.61927,39.53696],[-75.61588,39.5401],[-75.61742,39.54243],[-75.61844,39.54344],[-75.6198,39.54538],[-75.62261,39.54929],[-75.62313,39.55081],[-75.62219,39.55889],[-75.62494,39.56187],[-75.63331,39.56162],[-75.64015,39.56312],[-75.63727,39.56894],[-75.63573,39.57136],[-75.63264,39.57563],[-75.62934,39.58015],[-75.62917,39.58088],[-75.62927,39.58178],[-75.62959,39.5856],[-75.62984,39.58884],[-75.63019,39.59309],[-75.63039,39.59568],[-75.63028,39.59882],[-75.63016,39.60092],[-75.62986,39.60275],[-75.62931,39.60591],[-75.62946,39.60595],[-75.62979,39.60707],[-75.62957,39.60785],[-75.62912,39.60837]]}},{"type":"Feature","properties":{"id":"124988","type":"AC; OVERHEAD","status":"IN SERVICE","owner":"JERSEY CENTRAL POWER & LT CO","voltage":230,"voltClass":"220-287"},"geometry":{"type":"LineString","coordinates":[[-74.26753,40.15485],[-74.26771,40.1547],[-74.26789,40.15417],[-74.26953,40.15452],[-74.2735,40.15587],[-74.28573,40.15991],[-74.2926,40.16658],[-74.29641,40.16768],[-74.30326,40.17191],[-74.31325,40.17709],[-74.32843,40.18492],[-74.33703,40.18926],[-74.33993,40.1908],[-74.34661,40.19507],[-74.34785,40.19561],[-74.35436,40.19809],[-74.36058,40.20136]]}},{"type":"Feature","properties":{"id":"126863","type":"OVERHEAD","status":null,"owner":"PECO ENERGY CO","voltage":230,"voltClass":"220-287"},"geometry":{"type":"LineString","coordinates":[[-75.38972,39.82525],[-75.38843,39.82646]]}},{"type":"Feature","properties":{"id":"126874","type":"AC; OVERHEAD","status":"IN SERVICE","owner":"PPL ELECTRIC UTILITIES CORP","voltage":230,"voltClass":"220-287"},"geometry":{"type":"LineString","coordinates":[[-76.03019,40.93543],[-76.03047,40.93441],[-76.02961,40.93198],[-76.02693,40.93079],[-76.02501,40.92989],[-76.02272,40.92885],[-76.01946,40.92737],[-76.01574,40.92572],[-76.01309,40.92451],[-76.00999,40.9231],[-76.00798,40.92218],[-76.00468,40.92069],[-76.00277,40.92085],[-76.00041,40.92105],[-75.99649,40.92136],[-75.99447,40.92151],[-75.99287,40.92168],[-75.98931,40.92207],[-75.98721,40.92229],[-75.98472,40.92256],[-75.98346,40.92148],[-75.98266,40.9208],[-75.98162,40.91991],[-75.97962,40.91819],[-75.9776,40.91647],[-75.97515,40.91441],[-75.97311,40.91268],[-75.9708,40.91073],[-75.96826,40.90852],[-75.96522,40.90912],[-75.96195,40.90975],[-75.95835,40.91044],[-75.9553,40.91101],[-75.95141,40.91178],[-75.94837,40.91239],[-75.94536,40.91325],[-75.94208,40.91423],[-75.93921,40.91508],[-75.93599,40.91603],[-75.9325,40.91703],[-75.9286,40.91818],[-75.92616,40.91887],[-75.92337,40.91968],[-75.9198,40.92071],[-75.91707,40.92153],[-75.91366,40.92253],[-75.9105,40.92344],[-75.90817,40.92414],[-75.90456,40.92518],[-75.90153,40.92607],[-75.89797,40.92709],[-75.89471,40.92805],[-75.89066,40.92922],[-75.88762,40.9301],[-75.88523,40.9308],[-75.8825,40.9316],[-75.87955,40.93247],[-75.8771,40.93318],[-75.87382,40.93413],[-75.87059,40.9351],[-75.86752,40.93596],[-75.86473,40.93537],[-75.86116,40.93464],[-75.85884,40.93416],[-75.85563,40.93351],[-75.85203,40.93277],[-75.84971,40.93229],[-75.84619,40.93157],[-75.84333,40.93098],[-75.84124,40.93055],[-75.83744,40.92977],[-75.83491,40.92924],[-75.82962,40.92815],[-75.82762,40.92774],[-75.82547,40.9273],[-75.82334,40.92685],[-75.82042,40.92586],[-75.81663,40.92457],[-75.81309,40.92333],[-75.80965,40.92213],[-75.80718,40.92128],[-75.80423,40.92026],[-75.80094,40.91911],[-75.79879,40.91837],[-75.79589,40.91735],[-75.79294,40.91634],[-75.79002,40.91535],[-75.787,40.91429],[-75.78394,40.91322],[-75.78082,40.91215],[-75.77782,40.91108],[-75.77502,40.91012],[-75.77215,40.90913],[-75.76913,40.90809],[-75.76591,40.90699],[-75.76307,40.906],[-75.75967,40.90483],[-75.75671,40.90381],[-75.75357,40.90273],[-75.75018,40.90154],[-75.74707,40.90071],[-75.73615,40.89694],[-75.73349,40.89578],[-75.73045,40.89473],[-75.73002,40.89458],[-75.7265,40.89333],[-75.72443,40.89263],[-75.72421,40.89255],[-75.72386,40.89243],[-75.72339,40.89227],[-75.7227,40.89204],[-75.72158,40.89166],[-75.72126,40.89154],[-75.71962,40.89095],[-75.71603,40.88969],[-75.71415,40.88903],[-75.71156,40.88816],[-75.70914,40.88732],[-75.70509,40.88591],[-75.70052,40.88433],[-75.69812,40.8835],[-75.6957,40.88265],[-75.694,40.88207],[-75.69051,40.88069],[-75.68727,40.87941],[-75.68479,40.87842],[-75.68156,40.87714],[-75.67843,40.87589],[-75.67566,40.87481],[-75.67436,40.87287],[-75.67294,40.87094],[-75.6714,40.86871],[-75.66827,40.86697],[-75.66539,40.86533],[-75.66389,40.86448],[-75.66183,40.86205],[-75.66083,40.86077],[-75.65932,40.85891],[-75.65733,40.85649],[-75.65537,40.85432],[-75.65357,40.85234],[-75.65219,40.8508],[-75.6502,40.84858],[-75.65055,40.8469],[-75.65092,40.84521],[-75.65136,40.84326],[-75.65004,40.84173],[-75.64864,40.84011],[-75.64587,40.83692],[-75.64232,40.83508],[-75.64009,40.83394],[-75.63719,40.83245],[-75.63481,40.83123],[-75.63175,40.82964],[-75.62927,40.82837],[-75.62596,40.82826],[-75.62199,40.82812],[-75.61862,40.82802],[-75.61579,40.82792],[-75.61255,40.8278],[-75.60974,40.82771],[-75.60708,40.82762],[-75.60167,40.82744],[-75.59735,40.8273],[-75.5942,40.82719],[-75.59092,40.82757],[-75.58825,40.82787],[-75.58561,40.82819],[-75.58006,40.82884],[-75.57792,40.82907],[-75.57582,40.82933],[-75.57306,40.82964],[-75.56966,40.83005],[-75.5662,40.83045],[-75.56403,40.83069],[-75.56188,40.83093],[-75.55921,40.82737],[-75.55759,40.82524],[-75.55589,40.82294],[-75.55581,40.82104],[-75.55563,40.81626],[-75.55551,40.81427],[-75.55503,40.81297],[-75.55383,40.80991],[-75.55269,40.80706],[-75.55189,40.80505],[-75.55055,40.80392],[-75.5486,40.8022],[-75.5473,40.80107],[-75.54416,40.79839],[-75.54193,40.79646],[-75.53984,40.79468],[-75.53921,40.79271],[-75.53836,40.79003],[-75.53757,40.78761],[-75.53454,40.78322],[-75.53319,40.78123],[-75.53272,40.78042],[-75.53238,40.77976],[-75.53204,40.7791],[-75.53175,40.77853],[-75.53274,40.77827],[-75.53364,40.77805],[-75.53461,40.77765],[-75.53411,40.775],[-75.5335,40.77184],[-75.53099,40.76935],[-75.52879,40.76717],[-75.52711,40.76596],[-75.52499,40.76444],[-75.52187,40.76219],[-75.52111,40.75836],[-75.52065,40.75596],[-75.51947,40.75],[-75.51647,40.74678],[-75.51527,40.74551],[-75.51388,40.74407],[-75.51159,40.74084],[-75.51018,40.73887],[-75.50892,40.73712],[-75.50955,40.73519],[-75.51029,40.7329],[-75.51151,40.72912],[-75.51214,40.72716],[-75.51296,40.72465],[-75.51365,40.72249],[-75.5144,40.72013],[-75.51517,40.71773],[-75.51556,40.71629],[-75.51624,40.71437],[-75.51763,40.71412],[-75.51812,40.71313]]}},{"type":"Feature","properties":{"id":"127046","type":"AC; OVERHEAD","status":"IN SERVICE","owner":null,"voltage":500,"voltClass":"500"},"geometry":{"type":"LineString","coordinates":[[-74.74218,40.54435],[-74.74176,40.54301],[-74.73924,40.54408],[-74.73635,40.54337],[-74.73325,40.54251],[-74.73061,40.54172],[-74.72703,40.54075],[-74.72372,40.53989],[-74.7204,40.53896],[-74.71734,40.53811],[-74.71371,40.53712],[-74.71048,40.53624],[-74.70698,40.53529],[-74.70378,40.53442],[-74.70098,40.53365],[-74.70044,40.5335],[-74.69705,40.53256],[-74.69345,40.53163],[-74.69037,40.5309],[-74.68685,40.52979],[-74.68444,40.52908],[-74.68103,40.52819],[-74.67756,40.52728],[-74.67428,40.5263],[-74.66785,40.52454],[-74.66519,40.52382],[-74.66232,40.52303],[-74.65925,40.52218],[-74.65698,40.52156],[-74.65431,40.52082],[-74.65142,40.52002],[-74.64853,40.51923],[-74.64514,40.51829],[-74.64059,40.51538],[-74.63643,40.51527],[-74.63278,40.51517],[-74.62942,40.51535],[-74.62727,40.51389],[-74.625,40.51235],[-74.62124,40.5121],[-74.61728,40.51184],[-74.6136,40.5116],[-74.61114,40.51181],[-74.60906,40.50983],[-74.60691,40.50778],[-74.60449,40.50547],[-74.59784,40.49914],[-74.59592,40.49731],[-74.59309,40.49756],[-74.5908,40.49777],[-74.58852,40.49797],[-74.58633,40.49776],[-74.58125,40.49665],[-74.5781,40.49595],[-74.57428,40.49511],[-74.57047,40.49435],[-74.56664,40.49359],[-74.56325,40.4932],[-74.55946,40.49238],[-74.55562,40.49154],[-74.55182,40.49072],[-74.54797,40.48988],[-74.54414,40.48905],[-74.54068,40.4883],[-74.53721,40.48754],[-74.53464,40.48698],[-74.53201,40.48566],[-74.53024,40.48477],[-74.53012,40.48256],[-74.52997,40.47986],[-74.52745,40.47812],[-74.52487,40.47656],[-74.52232,40.475],[-74.5198,40.47338],[-74.51707,40.47181],[-74.51386,40.46997],[-74.51076,40.46825],[-74.51423,40.46515],[-74.51728,40.46242],[-74.52067,40.45939],[-74.52342,40.45655],[-74.52568,40.45406],[-74.52837,40.45111],[-74.53093,40.44831],[-74.52798,40.44645],[-74.52522,40.44443],[-74.522,40.44268],[-74.51987,40.4402],[-74.5176,40.43756],[-74.51599,40.43569],[-74.51953,40.43241],[-74.51602,40.43075],[-74.51417,40.42831],[-74.51229,40.42583],[-74.5101,40.42293],[-74.50905,40.42015],[-74.50647,40.41692],[-74.50249,40.41716],[-74.49973,40.41733],[-74.49768,40.41503],[-74.49589,40.4129],[-74.49344,40.41002],[-74.48965,40.40539],[-74.48821,40.40515],[-74.48695,40.40542],[-74.48529,40.40553]]}},{"type":"Feature","properties":{"id":"127065","type":"AC; OVERHEAD","status":"IN SERVICE","owner":"PUBLIC SERVICE ELEC & GAS CO","voltage":230,"voltClass":"220-287"},"geometry":{"type":"LineString","coordinates":[[-74.87656,40.07613],[-74.8769,40.0757],[-74.87569,40.07546],[-74.87455,40.07576],[-74.87408,40.07523]]}},{"type":"Feature","properties":{"id":"127315","type":"AC; OVERHEAD","status":null,"owner":"ATLANTIC CITY ELECTRIC CO","voltage":500,"voltClass":"500"},"geometry":{"type":"LineString","coordinates":[[-75.53737,39.46661],[-75.53392,39.46745]]}},{"type":"Feature","properties":{"id":"127219","type":"AC; OVERHEAD","status":"IN SERVICE","owner":"PECO ENERGY CO","voltage":138,"voltClass":"100-161"},"geometry":{"type":"LineString","coordinates":[[-75.2962,39.96707],[-75.29564,39.96721],[-75.29513,39.96735],[-75.29282,39.96612],[-75.29124,39.96525],[-75.28786,39.96339],[-75.28713,39.96291],[-75.28655,39.96232],[-75.28592,39.96165],[-75.28399,39.95962],[-75.28277,39.95837],[-75.28152,39.95708],[-75.28022,39.95568],[-75.27955,39.95511],[-75.27886,39.95473],[-75.2772,39.95407],[-75.27532,39.95339],[-75.27184,39.95206],[-75.27099,39.95175],[-75.27019,39.95153],[-75.26933,39.95144],[-75.26829,39.95129],[-75.2677,39.95107],[-75.2671,39.9508],[-75.26647,39.95044],[-75.26593,39.94989],[-75.2656,39.94925],[-75.26539,39.94863],[-75.26484,39.94514],[-75.26412,39.94082],[-75.26372,39.94022],[-75.26315,39.93966],[-75.26237,39.93926],[-75.26153,39.93899],[-75.26145,39.93875],[-75.26879,39.93764],[-75.27444,39.93681],[-75.27594,39.93654],[-75.27708,39.93618],[-75.27811,39.93563],[-75.27918,39.93489],[-75.2854,39.93028],[-75.29247,39.925],[-75.29397,39.92397],[-75.2956,39.92306],[-75.29985,39.92088],[-75.30164,39.91996],[-75.30755,39.91691],[-75.31707,39.91196],[-75.31863,39.91116],[-75.32021,39.91043],[-75.32194,39.90972],[-75.32616,39.90855],[-75.33448,39.90641],[-75.3355,39.90606],[-75.33525,39.90581]]}},{"type":"Feature","properties":{"id":"127238","type":"AC; OVERHEAD","status":"IN SERVICE","owner":"JERSEY CENTRAL POWER & LT CO","voltage":230,"voltClass":"220-287"},"geometry":{"type":"LineString","coordinates":[[-74.38258,40.25509],[-74.38291,40.25496],[-74.38292,40.25372],[-74.38351,40.25155],[-74.38425,40.24882],[-74.38493,40.2463],[-74.38559,40.24383],[-74.38638,40.2409],[-74.38473,40.23817],[-74.38327,40.23575],[-74.38168,40.23311],[-74.38018,40.23064],[-74.37867,40.22813],[-74.37718,40.22567],[-74.37557,40.223],[-74.3741,40.22055],[-74.37243,40.21778],[-74.37084,40.21515],[-74.36924,40.21251],[-74.36774,40.21001],[-74.36478,40.20505],[-74.36324,40.20249],[-74.36108,40.20129],[-74.36058,40.20136]]}},{"type":"Feature","properties":{"id":"127288","type":"AC; OVERHEAD","status":"IN SERVICE","owner":"PPL ELECTRIC UTILITIES CORP","voltage":500,"voltClass":"500"},"geometry":{"type":"LineString","coordinates":[[-76.14972,41.08778],[-76.14935,41.08644],[-76.14914,41.08321],[-76.14902,41.08036],[-76.14884,41.07743],[-76.14869,41.07452],[-76.14858,41.07201],[-76.14685,41.07075],[-76.13924,41.06533],[-76.13798,41.06443],[-76.13322,41.06585],[-76.13017,41.06675],[-76.12478,41.07137],[-76.11904,41.07248],[-76.1153,41.07319],[-76.11257,41.07439],[-76.10982,41.07557],[-76.10526,41.07754],[-76.10321,41.07844],[-76.10016,41.08149],[-76.09738,41.08248],[-76.09465,41.08344],[-76.09192,41.08494],[-76.08821,41.08698],[-76.08399,41.08703],[-76.08096,41.08555],[-76.07634,41.08327],[-76.07183,41.08106],[-76.06625,41.07831],[-76.0628,41.07786],[-76.05891,41.07735],[-76.05576,41.07695],[-76.05203,41.07627],[-76.04726,41.07539],[-76.04071,41.07419],[-76.0374,41.07359],[-76.03302,41.07548],[-76.02858,41.07738],[-76.02473,41.07905],[-76.0225,41.08002],[-76.01892,41.08188],[-76.01531,41.08375],[-76.01173,41.08561],[-76.00755,41.08779],[-76.00255,41.08716],[-75.99754,41.08654],[-75.9912,41.08574],[-75.98572,41.08505],[-75.98069,41.08639],[-75.9762,41.08759],[-75.97354,41.08951],[-75.96962,41.09235],[-75.96636,41.09471],[-75.96367,41.09664],[-75.96059,41.0989],[-75.95738,41.10123],[-75.95254,41.09988],[-75.94781,41.10085],[-75.94342,41.10178],[-75.93825,41.10183],[-75.93347,41.10189],[-75.92811,41.10195],[-75.92121,41.10203],[-75.91613,41.10209],[-75.91266,41.10256],[-75.90841,41.10313],[-75.90379,41.10375],[-75.89664,41.1047],[-75.8939,41.10508],[-75.88876,41.10577],[-75.88356,41.10646],[-75.87892,41.10708],[-75.87359,41.1078],[-75.8701,41.10827],[-75.86518,41.10893],[-75.86013,41.1096],[-75.85359,41.11045],[-75.84841,41.11116],[-75.84227,41.11197],[-75.83793,41.11256],[-75.83669,41.1098],[-75.83494,41.10596],[-75.83331,41.10236],[-75.83149,41.09843],[-75.83,41.0952],[-75.82733,41.08942],[-75.82556,41.08555],[-75.82423,41.08259],[-75.82192,41.07759],[-75.81962,41.0718],[-75.81826,41.06852],[-75.81638,41.06378],[-75.81538,41.06131],[-75.81343,41.05642],[-75.81215,41.05324],[-75.81093,41.05016],[-75.80926,41.04602],[-75.80767,41.04211],[-75.80752,41.04057],[-75.80711,41.03707],[-75.8067,41.03341],[-75.80636,41.03014],[-75.80282,41.02882],[-75.79901,41.02739],[-75.79468,41.02576],[-75.79002,41.02401],[-75.78608,41.02252],[-75.78205,41.02102],[-75.77785,41.01944],[-75.77319,41.01768],[-75.76879,41.01603],[-75.76464,41.01363],[-75.75976,41.01084],[-75.75618,41.00872],[-75.75248,41.00659],[-75.74839,41.00422],[-75.74501,41.00227],[-75.74014,41.00216],[-75.73644,41.00208],[-75.73348,41.00157],[-75.73093,41.00114],[-75.73013,40.99866],[-75.72886,40.99472],[-75.72563,40.99201],[-75.72401,40.99067],[-75.72004,40.98738],[-75.71632,40.98429],[-75.71111,40.98422],[-75.70632,40.98414],[-75.70192,40.98408],[-75.69655,40.984],[-75.69464,40.98267],[-75.69179,40.98067],[-75.68861,40.97848],[-75.68289,40.97451],[-75.67939,40.9721],[-75.67386,40.96998],[-75.6691,40.96812],[-75.66569,40.96638],[-75.66234,40.96463],[-75.65764,40.96222],[-75.65555,40.96087],[-75.65156,40.95833],[-75.64838,40.9563],[-75.64452,40.95384],[-75.64081,40.95148],[-75.63738,40.94929],[-75.63577,40.9467],[-75.63339,40.94289],[-75.63252,40.94011],[-75.63158,40.93705],[-75.62921,40.93399],[-75.62736,40.93166],[-75.62475,40.92833],[-75.6229,40.92599],[-75.62048,40.9229],[-75.61904,40.92117],[-75.61631,40.91789],[-75.6154,40.9164],[-75.61214,40.91254],[-75.61048,40.91058],[-75.6067,40.90608],[-75.60369,40.90252],[-75.60116,40.89952],[-75.59994,40.89467],[-75.59906,40.89121],[-75.59805,40.88723],[-75.59712,40.88356],[-75.59631,40.88036],[-75.59557,40.87747],[-75.59378,40.87041],[-75.59294,40.86708],[-75.59244,40.86598],[-75.59111,40.86309],[-75.58939,40.85934],[-75.58725,40.85471],[-75.5863,40.85264],[-75.58413,40.84793],[-75.58122,40.8416],[-75.57705,40.84087],[-75.5716,40.83991],[-75.56817,40.8393],[-75.56317,40.83842],[-75.5628,40.8363],[-75.56199,40.83181],[-75.56043,40.82975],[-75.5582,40.82681],[-75.55538,40.82305],[-75.55531,40.82116],[-75.55522,40.81869],[-75.55506,40.8144],[-75.55361,40.81072],[-75.55216,40.80706],[-75.55142,40.80521],[-75.54858,40.80276],[-75.54676,40.80118],[-75.54297,40.79793],[-75.53938,40.79485],[-75.53825,40.79129],[-75.5371,40.78774],[-75.53478,40.78435],[-75.53223,40.78067],[-75.53096,40.77757],[-75.53416,40.77746],[-75.53363,40.77469],[-75.5331,40.77196],[-75.53084,40.76972],[-75.52846,40.76737],[-75.52553,40.76523],[-75.52146,40.76231],[-75.52075,40.75846],[-75.52029,40.75621],[-75.51976,40.7535],[-75.5191,40.75011],[-75.51614,40.74696],[-75.51466,40.7454],[-75.51353,40.74422],[-75.51163,40.74154],[-75.51017,40.73953],[-75.50849,40.73715],[-75.50964,40.73359],[-75.51118,40.72879],[-75.51207,40.72604],[-75.51298,40.72325],[-75.51392,40.7203],[-75.51509,40.71673],[-75.517,40.71616],[-75.52017,40.71524],[-75.52485,40.7143],[-75.52831,40.71425],[-75.53284,40.71476],[-75.53834,40.7136],[-75.54026,40.71195],[-75.54272,40.70985],[-75.54621,40.70685],[-75.54854,40.70482],[-75.5517,40.70216],[-75.55471,40.69958],[-75.55749,40.69735],[-75.56047,40.69499],[-75.56343,40.69262],[-75.5664,40.69024],[-75.56889,40.68784],[-75.57142,40.68539],[-75.57346,40.68341],[-75.57706,40.68076],[-75.57876,40.67914],[-75.57996,40.67711],[-75.58142,40.67464],[-75.58328,40.67144],[-75.58391,40.66902],[-75.58366,40.66616],[-75.58262,40.66274],[-75.58161,40.65942],[-75.58045,40.6556],[-75.57917,40.65146],[-75.57818,40.64818],[-75.57684,40.64486],[-75.57579,40.64226],[-75.57444,40.63895],[-75.57311,40.63567],[-75.57196,40.63282],[-75.57089,40.62962],[-75.57007,40.62553],[-75.56648,40.6182],[-75.56502,40.61518],[-75.56347,40.61207],[-75.56267,40.60975],[-75.56176,40.60708],[-75.56068,40.604],[-75.55949,40.60057],[-75.55861,40.59804],[-75.55705,40.59572],[-75.55597,40.59444],[-75.55509,40.5926],[-75.55571,40.59073],[-75.55546,40.58865],[-75.55514,40.58605],[-75.5556,40.58361],[-75.55653,40.58147],[-75.55765,40.57894],[-75.55993,40.57625],[-75.56083,40.57366],[-75.5618,40.57437]]}},{"type":"Feature","properties":{"id":"127360","type":"AC; OVERHEAD","status":"IN SERVICE","owner":null,"voltage":230,"voltClass":"220-287"},"geometry":{"type":"LineString","coordinates":[[-74.33077,40.82005],[-74.33218,40.82042],[-74.33427,40.82033],[-74.33586,40.8187],[-74.3401,40.8188],[-74.34176,40.81886],[-74.3434,40.81893],[-74.34613,40.81904],[-74.34892,40.81915],[-74.3517,40.81926],[-74.35503,40.8194],[-74.35775,40.8195],[-74.36054,40.81961],[-74.36314,40.81971],[-74.36613,40.82186],[-74.37239,40.82337],[-74.37805,40.82052],[-74.37826,40.81942]]}},{"type":"Feature","properties":{"id":"127397","type":"AC; OVERHEAD","status":null,"owner":"CONSOLIDATED EDISON CO-NY INC","voltage":138,"voltClass":"100-161"},"geometry":{"type":"LineString","coordinates":[[-73.94724,41.26451],[-73.94718,41.26671],[-73.94393,41.26989],[-73.94287,41.27007],[-73.94103,41.27182],[-73.94046,41.27273],[-73.94008,41.27386],[-73.93982,41.27472],[-73.94055,41.27495],[-73.94141,41.27501],[-73.94202,41.2764],[-73.94234,41.27671]]}},{"type":"Feature","properties":{"id":"127519","type":"AC; OVERHEAD","status":"IN SERVICE","owner":"ATLANTIC CITY ELECTRIC CO","voltage":230,"voltClass":"220-287"},"geometry":{"type":"LineString","coordinates":[[-74.97302,39.73404],[-74.97295,39.73457],[-74.97242,39.73483],[-74.96576,39.73853],[-74.96636,39.74192],[-74.96496,39.74207],[-74.96313,39.74096],[-74.96276,39.741]]}},{"type":"Feature","properties":{"id":"127597","type":"AC; OVERHEAD","status":"IN SERVICE","owner":"PUBLIC SERVICE ELEC & GAS CO","voltage":230,"voltClass":"220-287"},"geometry":{"type":"LineString","coordinates":[[-74.20595,40.6446],[-74.20591,40.64405],[-74.20614,40.64341],[-74.20613,40.6424],[-74.2067,40.64102],[-74.2065,40.63823],[-74.20441,40.63519],[-74.20647,40.63291],[-74.20763,40.63117],[-74.20855,40.62903],[-74.20886,40.62677],[-74.20916,40.62441],[-74.21129,40.62405]]}},{"type":"Feature","properties":{"id":"127645","type":"AC; OVERHEAD","status":"IN SERVICE","owner":"JERSEY CENTRAL POWER & LT CO","voltage":230,"voltClass":"220-287"},"geometry":{"type":"LineString","coordinates":[[-74.32607,40.46069],[-74.3261,40.46024],[-74.32593,40.45994],[-74.32526,40.45765],[-74.32499,40.45486],[-74.32625,40.452],[-74.33039,40.45013],[-74.33092,40.44762],[-74.33487,40.44542],[-74.33778,40.44618],[-74.34567,40.44861],[-74.34587,40.44898]]}},{"type":"Feature","properties":{"id":"127818","type":"AC; OVERHEAD","status":"IN SERVICE","owner":"PECO ENERGY CO","voltage":230,"voltClass":"220-287"},"geometry":{"type":"LineString","coordinates":[[-75.02392,40.03318],[-75.0241,40.0326],[-75.02472,40.03199],[-75.02824,40.02985],[-75.03258,40.02713],[-75.03709,40.02433],[-75.04144,40.02179],[-75.04687,40.01904],[-75.05579,40.01464],[-75.05737,40.014],[-75.05897,40.01346],[-75.06312,40.01227],[-75.06695,40.01136],[-75.07423,40.0096],[-75.08414,40.00716],[-75.08558,40.00675],[-75.08673,40.0063],[-75.08783,40.00575],[-75.08872,40.00519],[-75.08974,40.00442],[-75.09102,40.00322],[-75.09189,40.00251],[-75.09225,40.00195],[-75.09366,40.00089],[-75.09294,40.00055],[-75.0911,40.00017],[-75.08932,39.99961],[-75.08689,39.9985],[-75.08559,39.99763],[-75.08407,39.99637],[-75.0829,39.99511],[-75.08013,39.99194],[-75.07817,39.98965],[-75.07649,39.98788],[-75.07598,39.98713],[-75.07532,39.98653],[-75.07787,39.9852],[-75.07733,39.98467]]}},{"type":"Feature","properties":{"id":"127858","type":"AC; OVERHEAD","status":"IN SERVICE","owner":"PPL ELECTRIC UTILITIES CORP","voltage":138,"voltClass":"100-161"},"geometry":{"type":"LineString","coordinates":[[-75.43356,40.6325],[-75.4336,40.63303],[-75.43462,40.63284],[-75.43559,40.63265],[-75.43656,40.63248],[-75.43737,40.63233],[-75.43811,40.63219],[-75.439,40.63202],[-75.44009,40.6318],[-75.44102,40.63163],[-75.44194,40.63146],[-75.44294,40.63127],[-75.44395,40.63107],[-75.44494,40.63088],[-75.44589,40.63071],[-75.44844,40.63019],[-75.44946,40.62992],[-75.4502,40.62967],[-75.45091,40.62944],[-75.45164,40.6289],[-75.45233,40.62829],[-75.45299,40.62773],[-75.45345,40.62706],[-75.45392,40.62635],[-75.45415,40.62559],[-75.45435,40.62489],[-75.4545,40.62442],[-75.45471,40.62373],[-75.45496,40.62303],[-75.45521,40.62227],[-75.45541,40.62169],[-75.45552,40.62126]]}},{"type":"Feature","properties":{"id":"127896","type":"AC; OVERHEAD","status":"IN SERVICE","owner":"JERSEY CENTRAL POWER & LT CO","voltage":230,"voltClass":"220-287"},"geometry":{"type":"LineString","coordinates":[[-74.46263,40.67809],[-74.46209,40.67834],[-74.4609,40.68051],[-74.45834,40.68203],[-74.45594,40.68349],[-74.4534,40.68504],[-74.45092,40.68655],[-74.44809,40.68822],[-74.44557,40.68964],[-74.44307,40.69107],[-74.44134,40.69206],[-74.43931,40.69322],[-74.43711,40.69449],[-74.43399,40.69435],[-74.43142,40.69585],[-74.42868,40.69744],[-74.42617,40.6988],[-74.40974,40.71188],[-74.40705,40.71339],[-74.40475,40.71467],[-74.40275,40.71578],[-74.4007,40.71696],[-74.39837,40.71825],[-74.39634,40.7194],[-74.3945,40.72044],[-74.39246,40.72201],[-74.39034,40.72355],[-74.38878,40.72475],[-74.38847,40.72481]]}},{"type":"Feature","properties":{"id":"127994","type":"AC; OVERHEAD","status":"IN SERVICE","owner":"PUBLIC SERVICE ELEC & GAS CO","voltage":230,"voltClass":"220-287"},"geometry":{"type":"LineString","coordinates":[[-74.17834,40.81178],[-74.17288,40.80979],[-74.17037,40.80889],[-74.16754,40.80784],[-74.16513,40.80702],[-74.15674,40.80482],[-74.15598,40.80712],[-74.15234,40.8065],[-74.14087,40.80229],[-74.13676,40.79987],[-74.13376,40.79816],[-74.13133,40.79676],[-74.1285,40.79557],[-74.11817,40.79229],[-74.11741,40.79211],[-74.11705,40.79192]]}},{"type":"Feature","properties":{"id":"127996","type":"AC; OVERHEAD","status":"IN SERVICE","owner":null,"voltage":138,"voltClass":"100-161"},"geometry":{"type":"LineString","coordinates":[[-74.26013,41.31069],[-74.25998,41.31054],[-74.25978,41.30997],[-74.25984,41.30975],[-74.25982,41.30953],[-74.25981,41.30924]]}},{"type":"Feature","properties":{"id":"128004","type":"AC; OVERHEAD","status":"IN SERVICE","owner":null,"voltage":500,"voltClass":"500"},"geometry":{"type":"LineString","coordinates":[[-74.51851,40.24045],[-74.51626,40.24025],[-74.51128,40.23945],[-74.50699,40.23901],[-74.5069,40.23959],[-74.50666,40.24115],[-74.50622,40.24399],[-74.50588,40.24676],[-74.50555,40.24952],[-74.50508,40.25196],[-74.50532,40.25543],[-74.50498,40.25842],[-74.50472,40.26081],[-74.50443,40.26337],[-74.50398,40.26593],[-74.50187,40.26863],[-74.49995,40.27077],[-74.49693,40.27222],[-74.49448,40.27327],[-74.49244,40.27596],[-74.49188,40.28052],[-74.48973,40.28273],[-74.48765,40.2848],[-74.48536,40.28709],[-74.48332,40.28904],[-74.48343,40.29151],[-74.48347,40.29453],[-74.48352,40.29769],[-74.48355,40.30058],[-74.48354,40.30369],[-74.48163,40.30604],[-74.48028,40.3083],[-74.47846,40.31052],[-74.47637,40.31308],[-74.4765,40.3165],[-74.4729,40.31919],[-74.46996,40.32125],[-74.46964,40.32427],[-74.46856,40.32786],[-74.46618,40.33046],[-74.46379,40.33318],[-74.46148,40.33581],[-74.45946,40.33878],[-74.45775,40.34128],[-74.45596,40.3436],[-74.45318,40.34645],[-74.45074,40.34895],[-74.45171,40.35189],[-74.45618,40.35327],[-74.46099,40.35475],[-74.46574,40.35621],[-74.46914,40.3561],[-74.47254,40.35716],[-74.47542,40.35806],[-74.47878,40.3591],[-74.47718,40.36141],[-74.47498,40.36459],[-74.47337,40.36692],[-74.47131,40.36982],[-74.46931,40.37264],[-74.46637,40.37443],[-74.4637,40.37604],[-74.46252,40.37894],[-74.46143,40.38166],[-74.46018,40.38476],[-74.45911,40.38741],[-74.46164,40.38982],[-74.46416,40.39225],[-74.46664,40.39411],[-74.46884,40.39583],[-74.47032,40.39744],[-74.47179,40.39906],[-74.47465,40.401],[-74.47746,40.4029],[-74.48069,40.40247],[-74.48392,40.40203],[-74.48817,40.40236],[-74.48918,40.40382],[-74.48805,40.40471],[-74.48694,40.40514],[-74.48529,40.40553]]}},{"type":"Feature","properties":{"id":"128011","type":"AC; OVERHEAD","status":"IN SERVICE","owner":"JERSEY CENTRAL POWER & LT CO","voltage":230,"voltClass":"220-287"},"geometry":{"type":"LineString","coordinates":[[-74.19187,40.11378],[-74.19258,40.11348],[-74.19377,40.11283],[-74.19672,40.11259],[-74.19954,40.11261],[-74.20313,40.11262],[-74.20651,40.11264],[-74.20922,40.11196],[-74.21216,40.11121],[-74.21514,40.11045],[-74.21827,40.10966],[-74.22143,40.10986],[-74.22476,40.11008],[-74.22834,40.11032],[-74.23081,40.11048],[-74.23419,40.11155],[-74.23682,40.11237],[-74.24,40.11336],[-74.24155,40.11557],[-74.24306,40.1177],[-74.24303,40.11962],[-74.243,40.1225],[-74.24297,40.12525],[-74.24294,40.12829],[-74.24292,40.13042],[-74.24289,40.13324],[-74.24286,40.13573],[-74.24529,40.13799],[-74.24776,40.14028],[-74.25025,40.14265],[-74.25262,40.14491],[-74.25518,40.14728],[-74.25763,40.14954],[-74.26002,40.15176],[-74.26591,40.15326],[-74.26963,40.15421],[-74.27286,40.15528],[-74.27944,40.15748],[-74.28274,40.15858],[-74.28597,40.15966],[-74.28823,40.16184],[-74.29065,40.16419],[-74.29289,40.16637],[-74.29661,40.16745],[-74.29892,40.16887],[-74.30102,40.17017],[-74.30345,40.17167],[-74.30593,40.17293],[-74.30877,40.17437],[-74.31178,40.1759],[-74.31447,40.17726],[-74.3171,40.17861],[-74.32032,40.18026],[-74.32345,40.18186],[-74.32639,40.18337],[-74.32919,40.18481],[-74.33215,40.18633],[-74.33496,40.18777],[-74.33768,40.18916],[-74.34022,40.19047],[-74.34255,40.192],[-74.34486,40.19352],[-74.34683,40.19481],[-74.34933,40.19578],[-74.35231,40.19692],[-74.3546,40.19781],[-74.35746,40.19928],[-74.35949,40.20032],[-74.36096,40.20099],[-74.36058,40.20136]]}},{"type":"Feature","properties":{"id":"125692","type":"AC; OVERHEAD","status":"IN SERVICE","owner":null,"voltage":230,"voltClass":"220-287"},"geometry":{"type":"LineString","coordinates":[[-74.89134,40.08071],[-74.89057,40.08119],[-74.89044,40.08254],[-74.89008,40.08458],[-74.88556,40.08618],[-74.88409,40.08772],[-74.88257,40.08822],[-74.88075,40.0846],[-74.87656,40.07613]]}},{"type":"Feature","properties":{"id":"125759","type":"AC; OVERHEAD","status":"IN SERVICE","owner":"JERSEY CENTRAL POWER & LT CO","voltage":230,"voltClass":"220-287"},"geometry":{"type":"LineString","coordinates":[[-74.38258,40.25509],[-74.38279,40.25489],[-74.38279,40.2537],[-74.38338,40.25152],[-74.38411,40.24879],[-74.38479,40.24627],[-74.38546,40.2438],[-74.38624,40.24091],[-74.38461,40.23822],[-74.38315,40.2358],[-74.38156,40.23315],[-74.38006,40.23068],[-74.37855,40.22817],[-74.37706,40.22571],[-74.37545,40.22304],[-74.37398,40.22059],[-74.37231,40.21783],[-74.37072,40.2152],[-74.36912,40.21255],[-74.36762,40.21006],[-74.36466,40.20509],[-74.3631,40.2026],[-74.36101,40.20139],[-74.36058,40.20136]]}},{"type":"Feature","properties":{"id":"125869","type":"AC; OVERHEAD","status":null,"owner":"PUBLIC SERVICE ELEC & GAS CO","voltage":230,"voltClass":"220-287"},"geometry":{"type":"LineString","coordinates":[[-74.20801,40.62107],[-74.20699,40.62111]]}},{"type":"Feature","properties":{"id":"125899","type":"AC; OVERHEAD","status":"IN SERVICE","owner":"ATLANTIC CITY ELECTRIC CO","voltage":500,"voltClass":"500"},"geometry":{"type":"LineString","coordinates":[[-74.96276,39.741],[-74.96154,39.73909],[-74.96037,39.73629],[-74.96006,39.73376],[-74.95972,39.73097],[-74.95637,39.72826],[-74.95294,39.72547],[-74.94938,39.7201],[-74.94784,39.71776],[-74.94631,39.71545],[-74.94475,39.71309],[-74.9432,39.71075],[-74.94166,39.70841],[-74.94024,39.70626],[-74.93877,39.70403],[-74.9367,39.70091],[-74.93666,39.70084],[-74.93493,39.69822],[-74.93503,39.69515],[-74.93512,39.69239],[-74.93522,39.68959],[-74.93531,39.68678],[-74.9384,39.68497],[-74.93887,39.68194],[-74.93928,39.67915],[-74.93972,39.67645],[-74.94056,39.67336],[-74.94212,39.66758],[-74.94529,39.66517],[-74.94824,39.66294],[-74.95128,39.66068],[-74.9543,39.65845],[-74.95701,39.65644],[-74.96002,39.65422],[-74.96314,39.65191],[-74.9686,39.64787],[-74.9713,39.64609],[-74.97361,39.64421],[-74.97665,39.6418],[-74.98025,39.63876],[-74.98367,39.636],[-74.98702,39.63327],[-74.99144,39.63262],[-74.99559,39.632],[-75.00001,39.63135],[-75.0042,39.63072],[-75.00806,39.63015],[-75.01253,39.62949],[-75.01663,39.62938],[-75.02132,39.62926],[-75.02568,39.62915],[-75.0305,39.62903],[-75.03117,39.62901],[-75.03438,39.62893],[-75.03824,39.62883],[-75.04274,39.62872],[-75.04646,39.62957],[-75.05017,39.63041],[-75.05399,39.63128],[-75.05763,39.63211],[-75.06036,39.62978],[-75.06309,39.62746],[-75.0734,39.63104],[-75.07625,39.63027],[-75.07915,39.62948],[-75.08326,39.62836],[-75.08659,39.62787],[-75.09082,39.62763],[-75.094,39.62727],[-75.09706,39.62686],[-75.10102,39.62634],[-75.10478,39.62591],[-75.10862,39.62547],[-75.11246,39.62384],[-75.11602,39.62233],[-75.12005,39.62062],[-75.12813,39.61719],[-75.1321,39.61551],[-75.13553,39.61405],[-75.13963,39.61231],[-75.14414,39.61201],[-75.14838,39.61171],[-75.15295,39.61138],[-75.15718,39.61108],[-75.16165,39.61081],[-75.16595,39.61055],[-75.1706,39.61021],[-75.17505,39.60987],[-75.17926,39.6096],[-75.18424,39.60928],[-75.18723,39.60709],[-75.19045,39.60473],[-75.19364,39.60239],[-75.19698,39.59994],[-75.20056,39.59731],[-75.20368,39.59502],[-75.20688,39.59268],[-75.21121,39.5927],[-75.2155,39.59272],[-75.2198,39.59273],[-75.22434,39.59276],[-75.22901,39.59278],[-75.23373,39.5928],[-75.2384,39.59282],[-75.24261,39.59284],[-75.24595,39.5906],[-75.2493,39.58835],[-75.24974,39.58805],[-75.25262,39.58612],[-75.2556,39.58412],[-75.25972,39.58349],[-75.26369,39.58287],[-75.2681,39.58219],[-75.27235,39.58154],[-75.27698,39.58082],[-75.28147,39.58013],[-75.2852,39.57955],[-75.2902,39.57878],[-75.29339,39.57593],[-75.29601,39.57359],[-75.29843,39.57143],[-75.30131,39.56886],[-75.30524,39.5663],[-75.3071,39.565],[-75.30797,39.5644],[-75.31161,39.56188],[-75.31454,39.55984],[-75.31785,39.55756],[-75.32113,39.5553],[-75.3244,39.55304],[-75.3281,39.55049],[-75.33107,39.54844],[-75.33435,39.54619],[-75.33787,39.54375],[-75.34127,39.54141],[-75.34299,39.53855],[-75.34483,39.53557],[-75.34684,39.53234],[-75.34886,39.52908],[-75.35056,39.52633],[-75.35256,39.52312],[-75.35215,39.51908],[-75.35173,39.51499],[-75.35543,39.51217],[-75.35966,39.50893],[-75.36263,39.50667],[-75.36578,39.50426],[-75.36931,39.50157],[-75.37295,39.49878],[-75.37777,39.49866],[-75.38275,39.49852],[-75.38733,39.4984],[-75.39224,39.49827],[-75.39699,39.49815],[-75.40203,39.49801],[-75.40703,39.49788],[-75.41183,39.49775],[-75.41645,39.49762],[-75.42145,39.4975],[-75.42642,39.49737],[-75.43125,39.49725],[-75.43596,39.49712],[-75.44028,39.49701],[-75.44438,39.49691],[-75.45004,39.49676],[-75.45547,39.49662],[-75.46077,39.49648],[-75.46528,39.49636],[-75.47004,39.49624],[-75.47467,39.49417],[-75.47972,39.4919],[-75.48478,39.48965],[-75.4899,39.48737],[-75.49477,39.48521],[-75.49947,39.48311],[-75.50727,39.48071],[-75.51136,39.47863],[-75.5161,39.47623],[-75.52044,39.47403],[-75.52265,39.47187],[-75.52534,39.46925],[-75.52796,39.46658],[-75.53167,39.46752],[-75.53392,39.46745]]}},{"type":"Feature","properties":{"id":"126071","type":"AC; OVERHEAD","status":"IN SERVICE","owner":"PPL ELECTRIC UTILITIES CORP","voltage":230,"voltClass":"220-287"},"geometry":{"type":"LineString","coordinates":[[-75.50393,40.45523],[-75.50323,40.45644],[-75.50402,40.4572],[-75.50286,40.45868],[-75.49661,40.4609],[-75.49193,40.4626],[-75.48894,40.45765],[-75.48653,40.45369],[-75.4828,40.4476],[-75.48175,40.44588],[-75.47882,40.43892],[-75.4775,40.43578],[-75.47477,40.42926],[-75.47377,40.42688],[-75.47101,40.42036],[-75.46977,40.41744],[-75.46863,40.41469],[-75.46577,40.40949],[-75.46396,40.40625],[-75.46066,40.40028],[-75.45884,40.397],[-75.4557,40.39135],[-75.45236,40.38532],[-75.45096,40.38284],[-75.44646,40.37508],[-75.44276,40.36866],[-75.44118,40.36591],[-75.43836,40.36098],[-75.43583,40.3565],[-75.43429,40.35379],[-75.43193,40.34958],[-75.43074,40.34748],[-75.43012,40.34502],[-75.43001,40.33953],[-75.42924,40.33662],[-75.42785,40.33426],[-75.42573,40.33186],[-75.42025,40.32732],[-75.41608,40.32386],[-75.41319,40.32531],[-75.4051,40.32941],[-75.40357,40.33015],[-75.39776,40.33079],[-75.392,40.33144],[-75.38479,40.33443],[-75.38347,40.33479],[-75.37632,40.33669],[-75.37272,40.33766],[-75.36665,40.34067],[-75.36176,40.3431],[-75.35197,40.34526],[-75.34347,40.34713],[-75.34215,40.34744],[-75.34176,40.348],[-75.34121,40.34841]]}},{"type":"Feature","properties":{"id":"126187","type":"AC; OVERHEAD","status":null,"owner":"ATLANTIC CITY ELECTRIC CO","voltage":230,"voltClass":"220-287"},"geometry":{"type":"LineString","coordinates":[[-75.4238,39.7668],[-75.4243,39.76763]]}},{"type":"Feature","properties":{"id":"126144","type":"AC; OVERHEAD","status":"IN SERVICE","owner":"PUBLIC SERVICE ELEC & GAS CO","voltage":230,"voltClass":"220-287"},"geometry":{"type":"LineString","coordinates":[[-74.29482,40.56398],[-74.29492,40.56372],[-74.29619,40.5625],[-74.30225,40.55936],[-74.3052,40.55793],[-74.30821,40.5565],[-74.31123,40.55501],[-74.31414,40.55354],[-74.31722,40.55193],[-74.31936,40.55075],[-74.32202,40.54924],[-74.32203,40.54924],[-74.32353,40.54855],[-74.32361,40.54857]]}},{"type":"Feature","properties":{"id":"126202","type":"AC; OVERHEAD","status":"IN SERVICE","owner":"PECO ENERGY CO","voltage":230,"voltClass":"220-287"},"geometry":{"type":"LineString","coordinates":[[-75.34782,40.21284],[-75.34918,40.21356],[-75.35181,40.214],[-75.35943,40.21532],[-75.36428,40.21493],[-75.37052,40.21636],[-75.37353,40.21365],[-75.37949,40.21258],[-75.38263,40.21196],[-75.38564,40.2114],[-75.38905,40.21077],[-75.39462,40.21178],[-75.40337,40.20769],[-75.40953,40.20911],[-75.41909,40.21136],[-75.42066,40.21178],[-75.42462,40.21164],[-75.42841,40.21158],[-75.43545,40.21336],[-75.43905,40.21425],[-75.45091,40.21521],[-75.45154,40.21529],[-75.45196,40.21479]]}},{"type":"Feature","properties":{"id":"126301","type":"AC; OVERHEAD","status":"IN SERVICE","owner":"PUBLIC SERVICE ELEC & GAS CO","voltage":230,"voltClass":"220-287"},"geometry":{"type":"LineString","coordinates":[[-74.11707,40.76071],[-74.11786,40.75922],[-74.11564,40.75673],[-74.11537,40.75534],[-74.1149,40.75301],[-74.11442,40.75049],[-74.11407,40.74885],[-74.11363,40.74661],[-74.11248,40.74496],[-74.11125,40.74321],[-74.11083,40.74151],[-74.11096,40.73955],[-74.10842,40.73916],[-74.10182,40.73881],[-74.10073,40.73851],[-74.0995,40.73807],[-74.09816,40.73856],[-74.09857,40.73798]]}},{"type":"Feature","properties":{"id":"126509","type":"AC; OVERHEAD","status":null,"owner":"JERSEY CENTRAL POWER & LT CO","voltage":230,"voltClass":"220-287"},"geometry":{"type":"LineString","coordinates":[[-74.32716,40.46072],[-74.32607,40.46069]]}},{"type":"Feature","properties":{"id":"126631","type":"AC; OVERHEAD","status":"IN SERVICE","owner":"JERSEY CENTRAL POWER & LT CO","voltage":230,"voltClass":"220-287"},"geometry":{"type":"LineString","coordinates":[[-74.16722,40.06101],[-74.16614,40.06073],[-74.16763,40.05754],[-74.1696,40.05503],[-74.17097,40.05328],[-74.17262,40.05119],[-74.17437,40.04893],[-74.17587,40.0467],[-74.17735,40.04425],[-74.17875,40.04192],[-74.17998,40.03987],[-74.18121,40.03819],[-74.1824,40.03656],[-74.18489,40.03106],[-74.18531,40.03017],[-74.18583,40.03]]}},{"type":"Feature","properties":{"id":"126711","type":"AC; OVERHEAD","status":null,"owner":"CONSOLIDATED EDISON CO-NY INC","voltage":138,"voltClass":"100-161"},"geometry":{"type":"LineString","coordinates":[[-73.89809,40.78179],[-73.8977,40.7819],[-73.89743,40.78176],[-73.89717,40.78159],[-73.89726,40.78136]]}},{"type":"Feature","properties":{"id":"125099","type":"AC; OVERHEAD","status":"IN SERVICE","owner":"DELMARVA POWER","voltage":230,"voltClass":"220-287"},"geometry":{"type":"LineString","coordinates":[[-75.56289,39.37409],[-75.56356,39.3737],[-75.56305,39.37266],[-75.56054,39.36745],[-75.5616,39.36458],[-75.56267,39.36304],[-75.56724,39.3564],[-75.57067,39.35142],[-75.57181,39.34975],[-75.56971,39.34884],[-75.55908,39.34428],[-75.55128,39.34093],[-75.54105,39.33652],[-75.53487,39.33388],[-75.53316,39.32904],[-75.53087,39.32264],[-75.52924,39.3214],[-75.52415,39.31753],[-75.52379,39.31388],[-75.5233,39.30842],[-75.52133,39.30577],[-75.52163,39.30423],[-75.52664,39.30096],[-75.5317,39.29764],[-75.5323,39.29631],[-75.53086,39.29032],[-75.52964,39.28556],[-75.52847,39.28082],[-75.53137,39.27814],[-75.53418,39.27553],[-75.53706,39.2729],[-75.54055,39.26733],[-75.53753,39.25836],[-75.53541,39.25227],[-75.5358,39.24942],[-75.53601,39.24795],[-75.53863,39.24481],[-75.53229,39.23956],[-75.52626,39.23443],[-75.52819,39.232],[-75.52846,39.23065],[-75.52847,39.22585],[-75.5238,39.22299],[-75.51827,39.2228],[-75.51256,39.22255],[-75.50736,39.22395],[-75.5017,39.21841],[-75.49649,39.21331],[-75.48646,39.20921],[-75.48279,39.20771],[-75.48058,39.20794],[-75.47338,39.20835],[-75.47104,39.20413],[-75.46411,39.20229],[-75.46096,39.19781],[-75.4593,39.19677],[-75.45452,39.19362],[-75.45341,39.19253],[-75.4487,39.18793],[-75.44542,39.18393],[-75.44557,39.1795],[-75.43961,39.16528],[-75.43983,39.16104],[-75.43996,39.15177],[-75.44025,39.14274],[-75.44098,39.13383],[-75.42731,39.12699],[-75.4242,39.11801],[-75.42348,39.11622],[-75.4278,39.10186],[-75.42495,39.09547],[-75.42505,39.09321],[-75.42597,39.09185],[-75.42955,39.08639],[-75.43675,39.08171],[-75.44207,39.0783],[-75.44288,39.07309],[-75.44424,39.06436],[-75.44341,39.06026],[-75.43998,39.0579],[-75.43528,39.05571],[-75.43174,39.0529],[-75.4327,39.04665],[-75.42777,39.04256],[-75.42746,39.03585],[-75.42716,39.02981],[-75.42613,39.02478],[-75.42421,39.01565],[-75.41647,39.00763],[-75.41335,39.00441],[-75.41382,39.00123],[-75.41421,38.99828],[-75.41404,38.99336],[-75.41262,38.97636],[-75.41192,38.97061],[-75.40342,38.9652],[-75.39477,38.95975],[-75.39311,38.95638],[-75.39225,38.9547],[-75.39139,38.95301],[-75.39051,38.95134],[-75.38968,38.94963],[-75.38881,38.94798],[-75.38791,38.94624],[-75.38702,38.94452],[-75.38615,38.9428],[-75.38533,38.94107],[-75.38444,38.93943],[-75.38357,38.9378],[-75.38273,38.93616],[-75.38183,38.93557],[-75.38086,38.93495],[-75.38008,38.93445],[-75.37899,38.93377],[-75.37791,38.9331],[-75.37688,38.93244],[-75.37668,38.9308],[-75.3765,38.92931],[-75.37624,38.92771],[-75.37601,38.92617],[-75.37577,38.92458],[-75.37566,38.92309],[-75.37543,38.92158],[-75.3752,38.92007],[-75.37499,38.91856],[-75.37478,38.91704],[-75.37457,38.91552],[-75.37439,38.914],[-75.37412,38.91251],[-75.37323,38.90584],[-75.36972,38.90392],[-75.3678,38.90024],[-75.37357,38.89326],[-75.37437,38.89009],[-75.37517,38.88692],[-75.37683,38.88559],[-75.37956,38.88324],[-75.38128,38.88308],[-75.3885,38.88223],[-75.39057,38.88198],[-75.39265,38.88171],[-75.39473,38.88149],[-75.39683,38.88118],[-75.39829,38.88101],[-75.39843,38.881],[-75.39889,38.88094],[-75.39909,38.88092],[-75.39991,38.88096]]}},{"type":"Feature","properties":{"id":"125268","type":"AC; OVERHEAD","status":"IN SERVICE","owner":"ATLANTIC CITY ELECTRIC CO","voltage":230,"voltClass":"220-287"},"geometry":{"type":"LineString","coordinates":[[-75.24921,39.81186],[-75.24849,39.81074],[-75.25016,39.80977],[-75.25504,39.80655],[-75.25487,39.80341],[-75.25684,39.80063],[-75.25882,39.79786],[-75.26078,39.79511],[-75.25866,39.79213],[-75.25663,39.78918],[-75.25478,39.78648],[-75.25272,39.7835],[-75.24986,39.78183],[-75.24681,39.78007],[-75.24363,39.77822],[-75.24079,39.77658],[-75.23766,39.77476],[-75.23438,39.77285],[-75.23107,39.77094],[-75.23133,39.76764],[-75.23153,39.76433],[-75.23176,39.7614],[-75.23201,39.75826],[-75.23226,39.75503],[-75.22937,39.75244],[-75.22678,39.75013],[-75.22389,39.74754],[-75.22117,39.74511],[-75.21886,39.74305],[-75.21655,39.74098],[-75.21377,39.7385],[-75.21024,39.73745],[-75.20671,39.73636],[-75.20324,39.73529],[-75.19966,39.73419],[-75.1978,39.7315],[-75.19596,39.72884],[-75.19402,39.72604],[-75.19209,39.72325],[-75.18831,39.71779],[-75.1864,39.71503],[-75.18463,39.71248],[-75.18281,39.70985],[-75.18107,39.70734],[-75.17933,39.70482],[-75.17621,39.70326],[-75.1731,39.7017],[-75.16997,39.70012],[-75.16688,39.69857],[-75.16376,39.697],[-75.16065,39.69544],[-75.15772,39.69397],[-75.15434,39.69227],[-75.15127,39.69073],[-75.14782,39.69192],[-75.14453,39.69307],[-75.14042,39.69219],[-75.13576,39.6912],[-75.13228,39.69045],[-75.12827,39.6896],[-75.12409,39.68871],[-75.11694,39.68723],[-75.10901,39.68681],[-75.10559,39.68785],[-75.10192,39.68896],[-75.09931,39.68976],[-75.09554,39.6907],[-75.09175,39.69165],[-75.088,39.69259],[-75.08445,39.69121],[-75.08093,39.68983],[-75.07707,39.68832],[-75.0733,39.68685],[-75.06949,39.68536],[-75.06566,39.68387],[-75.06185,39.68238],[-75.05746,39.68196],[-75.05358,39.68159],[-75.04934,39.68118],[-75.04518,39.68077],[-75.04116,39.68039],[-75.03674,39.67996],[-75.03232,39.67953],[-75.03178,39.67585],[-75.02724,39.67587],[-75.0256,39.67613],[-75.02478,39.67653]]}},{"type":"Feature","properties":{"id":"125278","type":"AC; OVERHEAD","status":"IN SERVICE","owner":"PPL ELECTRIC UTILITIES CORP","voltage":500,"voltClass":"500"},"geometry":{"type":"LineString","coordinates":[[-75.58309,40.48188],[-75.58257,40.48267],[-75.58152,40.48293],[-75.5795,40.48],[-75.57634,40.47798],[-75.57317,40.47595],[-75.57132,40.47606],[-75.56771,40.47629],[-75.56399,40.47652],[-75.56141,40.47649],[-75.55664,40.47644],[-75.55292,40.47641],[-75.54636,40.47477],[-75.54228,40.47375],[-75.53814,40.47271],[-75.53513,40.47113],[-75.53292,40.46802],[-75.53095,40.46523],[-75.5273,40.46364],[-75.52483,40.46261],[-75.52067,40.46089],[-75.51727,40.45932],[-75.51331,40.45894],[-75.51049,40.45868],[-75.50746,40.45832],[-75.50827,40.45716]]}},{"type":"Feature","properties":{"id":"128619","type":"AC; OVERHEAD","status":"IN SERVICE","owner":"PECO ENERGY CO","voltage":230,"voltClass":"220-287"},"geometry":{"type":"LineString","coordinates":[[-75.11773,40.15973],[-75.11961,40.16007],[-75.12168,40.16086],[-75.1253,40.16124],[-75.12771,40.16048],[-75.12976,40.15966],[-75.13187,40.16092],[-75.1344,40.16244],[-75.13549,40.16396],[-75.13654,40.16548],[-75.13762,40.16699],[-75.13785,40.16862],[-75.13812,40.17024],[-75.14099,40.17185],[-75.14331,40.17315],[-75.14448,40.17489],[-75.14575,40.17672],[-75.14752,40.17806],[-75.14929,40.17923],[-75.15178,40.18078],[-75.15419,40.18194],[-75.15674,40.183],[-75.1594,40.1841],[-75.16106,40.18595],[-75.16302,40.18794],[-75.16434,40.18884],[-75.16369,40.189]]}},{"type":"Feature","properties":{"id":"128622","type":"AC; OVERHEAD","status":"IN SERVICE","owner":"JERSEY CENTRAL POWER & LT CO","voltage":230,"voltClass":"220-287"},"geometry":{"type":"LineString","coordinates":[[-74.38847,40.72481],[-74.38822,40.72489],[-74.38528,40.72537],[-74.38361,40.72642],[-74.37991,40.72895],[-74.37947,40.73036],[-74.37911,40.73158],[-74.37926,40.73257],[-74.37883,40.73302]]}},{"type":"Feature","properties":{"id":"128802","type":"AC; OVERHEAD","status":"IN SERVICE","owner":"PUBLIC SERVICE ELEC & GAS CO","voltage":230,"voltClass":"220-287"},"geometry":{"type":"LineString","coordinates":[[-74.17834,40.81178],[-74.17843,40.81194],[-74.17915,40.81221],[-74.17726,40.81492],[-74.17007,40.82523],[-74.16888,40.82736],[-74.16859,40.83826],[-74.16851,40.84406],[-74.16914,40.84951],[-74.16703,40.85188],[-74.16471,40.85462],[-74.16526,40.85488],[-74.17757,40.85923],[-74.18837,40.86302],[-74.19403,40.86505],[-74.19588,40.86448],[-74.19902,40.86339],[-74.20277,40.86452],[-74.20569,40.8654],[-74.21463,40.86807],[-74.21611,40.86663],[-74.22084,40.86168],[-74.22436,40.86281],[-74.2274,40.86347],[-74.22913,40.86397],[-74.23399,40.86536],[-74.24484,40.86323],[-74.24784,40.86264],[-74.25093,40.86202],[-74.2535,40.86151],[-74.2566,40.8609],[-74.26229,40.85977],[-74.26519,40.8592],[-74.26786,40.85867],[-74.27065,40.85812],[-74.2733,40.85759],[-74.27612,40.85703],[-74.27908,40.85644],[-74.28209,40.85585],[-74.28525,40.85522],[-74.28847,40.85458],[-74.29043,40.85426],[-74.29055,40.85418]]}},{"type":"Feature","properties":{"id":"128994","type":"AC; OVERHEAD","status":"IN SERVICE","owner":"PECO ENERGY CO","voltage":230,"voltClass":"220-287"},"geometry":{"type":"LineString","coordinates":[[-75.11497,40.00875],[-75.11565,40.00913],[-75.11558,40.0095],[-75.11778,40.00979],[-75.11887,40.0113],[-75.11937,40.01041],[-75.12109,40.00806],[-75.12171,40.00725],[-75.12248,40.00659],[-75.12324,40.00613],[-75.12426,40.00568],[-75.12542,40.00514],[-75.12648,40.00499],[-75.12823,40.00509],[-75.12981,40.00514],[-75.13131,40.00515],[-75.13307,40.00507],[-75.1345,40.00481],[-75.13608,40.00442],[-75.14267,40.00192],[-75.14635,40.00057],[-75.14811,39.99995],[-75.14842,40.00024]]}},{"type":"Feature","properties":{"id":"129026","type":"AC; OVERHEAD","status":null,"owner":"CONSOLIDATED EDISON CO-NY INC","voltage":138,"voltClass":"100-161"},"geometry":{"type":"LineString","coordinates":[[-73.90642,40.78203],[-73.90533,40.78196],[-73.90508,40.78201],[-73.9069,40.78386],[-73.90855,40.78563],[-73.91082,40.78728],[-73.91203,40.78791],[-73.91285,40.78751]]}},{"type":"Feature","properties":{"id":"129773","type":"AC; OVERHEAD","status":"IN SERVICE","owner":"PUBLIC SERVICE ELEC & GAS CO","voltage":230,"voltClass":"220-287"},"geometry":{"type":"LineString","coordinates":[[-74.7018,40.20899],[-74.70176,40.20913],[-74.70073,40.21011],[-74.7024,40.21185],[-74.70411,40.2137],[-74.70222,40.21621],[-74.70033,40.21873],[-74.69851,40.22113],[-74.70001,40.22399],[-74.70125,40.22416],[-74.70212,40.22473],[-74.70206,40.22628],[-74.70305,40.22912],[-74.70481,40.23224],[-74.70515,40.23532],[-74.70546,40.23829],[-74.70393,40.241],[-74.70237,40.24371],[-74.70097,40.24617],[-74.6995,40.24872],[-74.69953,40.25088],[-74.69955,40.25299],[-74.69957,40.25515],[-74.69891,40.25699],[-74.69813,40.25915],[-74.69874,40.26197],[-74.69935,40.26489],[-74.70128,40.26588],[-74.70324,40.2668],[-74.70664,40.26729],[-74.71055,40.26784],[-74.71309,40.27027],[-74.71639,40.27076],[-74.71925,40.27118],[-74.7216,40.27152],[-74.72383,40.27262],[-74.72836,40.27487],[-74.73135,40.27635],[-74.73413,40.27675],[-74.73659,40.27713],[-74.74035,40.27917],[-74.74748,40.27974],[-74.75109,40.28004],[-74.75451,40.28023],[-74.75459,40.28038],[-74.75498,40.28099]]}},{"type":"Feature","properties":{"id":"129795","type":"AC; OVERHEAD","status":"IN SERVICE","owner":"PUBLIC SERVICE ELEC & GAS CO","voltage":230,"voltClass":"220-287"},"geometry":{"type":"LineString","coordinates":[[-74.96903,39.99755],[-74.96499,39.99794],[-74.96166,39.99824],[-74.95914,39.99847],[-74.95634,39.99873],[-74.95338,39.99963],[-74.95016,40.00061],[-74.94424,40.00242],[-74.9406,40.00353],[-74.93747,40.00449],[-74.93416,40.00549],[-74.93094,40.00648],[-74.92825,40.0073],[-74.92565,40.00809],[-74.92286,40.00894],[-74.91993,40.00984],[-74.91693,40.01075],[-74.91169,40.01235],[-74.90942,40.01348],[-74.90533,40.01552],[-74.90215,40.01711],[-74.89964,40.01836],[-74.89711,40.01962],[-74.89475,40.0208],[-74.8921,40.02213],[-74.88926,40.02354],[-74.88625,40.02505],[-74.88347,40.02643],[-74.88052,40.02791],[-74.88035,40.02803]]}},{"type":"Feature","properties":{"id":"129810","type":"AC; OVERHEAD","status":"IN SERVICE","owner":"PUBLIC SERVICE ELEC & GAS CO","voltage":230,"voltClass":"220-287"},"geometry":{"type":"LineString","coordinates":[[-74.28548,40.65637],[-74.28659,40.65623],[-74.28629,40.65457],[-74.28784,40.65348],[-74.29401,40.64904],[-74.29835,40.64592],[-74.3,40.64494],[-74.30454,40.64168],[-74.30592,40.64043],[-74.31002,40.63748],[-74.31728,40.63224],[-74.32344,40.62785],[-74.32438,40.62675]]}},{"type":"Feature","properties":{"id":"129854","type":"AC; OVERHEAD","status":"IN SERVICE","owner":null,"voltage":500,"voltClass":"500"},"geometry":{"type":"LineString","coordinates":[[-74.33077,40.82005],[-74.33211,40.82054],[-74.33393,40.82097],[-74.33686,40.82219],[-74.34326,40.82842],[-74.34575,40.83084],[-74.34794,40.83298],[-74.3504,40.83537],[-74.35943,40.84418],[-74.36919,40.8536],[-74.37564,40.85992],[-74.36678,40.90716],[-74.36608,40.91051],[-74.36572,40.91221],[-74.3663,40.91232],[-74.36648,40.91321],[-74.36589,40.91375],[-74.36507,40.91611],[-74.36463,40.9182],[-74.36373,40.92327],[-74.36113,40.93686],[-74.36243,40.94287],[-74.39112,40.94934],[-74.39302,40.95582],[-74.41847,40.96036],[-74.42443,40.96282],[-74.43444,40.95894],[-74.45263,40.96228],[-74.4581,40.96201],[-74.46295,40.96355],[-74.4656,40.96468],[-74.49981,40.97103],[-74.50434,40.977],[-74.52371,40.97931],[-74.53104,40.97872],[-74.54534,40.98905],[-74.5709,40.98407],[-74.61534,40.99223],[-74.63349,40.99549],[-74.6343,40.99332],[-74.63489,40.99189],[-74.63531,40.99152]]}},{"type":"Feature","properties":{"id":"129999","type":"AC; OVERHEAD","status":"IN SERVICE","owner":"PPL ELECTRIC UTILITIES CORP","voltage":138,"voltClass":"100-161"},"geometry":{"type":"LineString","coordinates":[[-75.456,40.60947],[-75.45564,40.60916],[-75.45554,40.60913],[-75.45572,40.60846],[-75.45553,40.60755],[-75.45556,40.60546],[-75.45702,40.60439],[-75.45769,40.60307],[-75.45835,40.60177],[-75.46,40.60142],[-75.46163,40.60108]]}},{"type":"Feature","properties":{"id":"130121","type":"AC; OVERHEAD","status":"IN SERVICE","owner":"PUBLIC SERVICE ELEC & GAS CO","voltage":230,"voltClass":"220-287"},"geometry":{"type":"LineString","coordinates":[[-74.21129,40.62405],[-74.21034,40.62404],[-74.20941,40.62294],[-74.20801,40.62107]]}},{"type":"Feature","properties":{"id":"130143","type":"AC; OVERHEAD","status":"IN SERVICE","owner":"JERSEY CENTRAL POWER & LT CO","voltage":230,"voltClass":"220-287"},"geometry":{"type":"LineString","coordinates":[[-74.87183,40.84058],[-74.87265,40.84024],[-74.87403,40.84005],[-74.8838,40.83947],[-74.89042,40.84899],[-74.90184,40.85178],[-74.9464,40.86265],[-74.96941,40.8737],[-74.97655,40.87698],[-75.00063,40.8867],[-75.03324,40.89979],[-75.03799,40.90188],[-75.05813,40.91161],[-75.06021,40.91325],[-75.05877,40.91412],[-75.05894,40.92396],[-75.05459,40.94198],[-75.04484,40.95209],[-75.04601,40.95969],[-75.04824,40.97409],[-75.03238,40.99564],[-75.0329,40.99844],[-75.03304,40.99944],[-75.03366,40.99943]]}},{"type":"Feature","properties":{"id":"130298","type":"AC; OVERHEAD","status":"IN SERVICE","owner":"PUBLIC SERVICE ELEC & GAS CO","voltage":138,"voltClass":"100-161"},"geometry":{"type":"LineString","coordinates":[[-74.01649,40.83407],[-74.01668,40.83359],[-74.01886,40.83361],[-74.02002,40.83414],[-74.02154,40.83535],[-74.02183,40.83617],[-74.02149,40.83777],[-74.02174,40.8384]]}},{"type":"Feature","properties":{"id":"130329","type":"OVERHEAD","status":null,"owner":"ORANGE & ROCKLAND UTILS INC","voltage":345,"voltClass":"345"},"geometry":{"type":"LineString","coordinates":[[-73.96872,41.20531],[-73.96832,41.20539],[-73.96753,41.2056],[-73.96722,41.20544]]}},{"type":"Feature","properties":{"id":"129172","type":"AC; OVERHEAD","status":"IN SERVICE","owner":"PECO ENERGY CO","voltage":230,"voltClass":"220-287"},"geometry":{"type":"LineString","coordinates":[[-75.2373,39.90092],[-75.23698,39.90087],[-75.23675,39.90058],[-75.23893,39.89825],[-75.24044,39.89657],[-75.2434,39.8933],[-75.25016,39.88574],[-75.25482,39.8805],[-75.25592,39.87963],[-75.25727,39.8786],[-75.2588,39.8778],[-75.26213,39.87655],[-75.26407,39.87585],[-75.26787,39.87592],[-75.27358,39.87538],[-75.27722,39.87493],[-75.27885,39.87537],[-75.28053,39.87573],[-75.2824,39.87574],[-75.28407,39.87566],[-75.2858,39.87547],[-75.28758,39.87481],[-75.29495,39.87248],[-75.29674,39.87186],[-75.29867,39.8711],[-75.30338,39.86962],[-75.30684,39.86858],[-75.30866,39.86817],[-75.31054,39.868],[-75.31155,39.86725],[-75.31269,39.86639],[-75.31408,39.86505],[-75.31718,39.86494],[-75.31874,39.86474],[-75.32022,39.86444],[-75.32166,39.86398],[-75.32489,39.86275],[-75.32584,39.86192],[-75.32557,39.86085],[-75.32603,39.86029]]}},{"type":"Feature","properties":{"id":"129350","type":"AC; OVERHEAD","status":"IN SERVICE","owner":"PPL ELECTRIC UTILITIES CORP","voltage":138,"voltClass":"100-161"},"geometry":{"type":"LineString","coordinates":[[-75.53072,40.58177],[-75.5311,40.582],[-75.53095,40.58227],[-75.53411,40.58303],[-75.53475,40.5835],[-75.53533,40.58304],[-75.5359,40.58262],[-75.53629,40.58287],[-75.53719,40.58246],[-75.53801,40.58205],[-75.53901,40.5816],[-75.53865,40.58112],[-75.53832,40.5807],[-75.5391,40.5803],[-75.53976,40.57992],[-75.5405,40.57901],[-75.54094,40.57842],[-75.54248,40.57821],[-75.54344,40.57929],[-75.54507,40.57977],[-75.54664,40.58022],[-75.5483,40.58011],[-75.54999,40.57999],[-75.55142,40.57958],[-75.5527,40.57918],[-75.55366,40.57919],[-75.55456,40.57918],[-75.55552,40.57907],[-75.55656,40.57894],[-75.55825,40.5778],[-75.55866,40.57733],[-75.55909,40.57683],[-75.55951,40.57635],[-75.56046,40.57602],[-75.56089,40.57587],[-75.56202,40.57638]]}},{"type":"Feature","properties":{"id":"129372","type":"AC; OVERHEAD","status":"IN SERVICE","owner":"PECO ENERGY CO","voltage":500,"voltClass":"500"},"geometry":{"type":"LineString","coordinates":[[-75.31001,40.17154],[-75.31004,40.17307],[-75.31068,40.17339],[-75.31254,40.17261],[-75.31411,40.17194],[-75.31677,40.17359],[-75.32009,40.17558],[-75.3235,40.17768],[-75.32587,40.17784],[-75.329,40.17973],[-75.33121,40.18108],[-75.33345,40.18243],[-75.33738,40.18446],[-75.33872,40.18514],[-75.33643,40.18892],[-75.33715,40.19201],[-75.33787,40.19506],[-75.33874,40.1988],[-75.33926,40.20102],[-75.33987,40.20364],[-75.34148,40.20517],[-75.3441,40.20766],[-75.34677,40.21021],[-75.34717,40.21221],[-75.34782,40.21284]]}},{"type":"Feature","properties":{"id":"129378","type":"AC; OVERHEAD","status":"IN SERVICE","owner":"JERSEY CENTRAL POWER & LT CO","voltage":115,"voltClass":"100-161"},"geometry":{"type":"LineString","coordinates":[[-74.25995,41.31157],[-74.26113,41.31111],[-74.26368,41.31011],[-74.26886,41.30806],[-74.27315,41.30636],[-74.27943,41.30388],[-74.2819,41.30317],[-74.28532,41.30222],[-74.28764,41.30156],[-74.29019,41.30083],[-74.29596,41.29919],[-74.30057,41.2979],[-74.30967,41.29531],[-74.31567,41.29363],[-74.31809,41.29292],[-74.32515,41.29095],[-74.33135,41.28916],[-74.33761,41.28738],[-74.34232,41.28606],[-74.34412,41.28505],[-74.34592,41.28405],[-74.34801,41.28286],[-74.35009,41.28174],[-74.35286,41.2802],[-74.36199,41.27512],[-74.36475,41.27362],[-74.36623,41.27277],[-74.368,41.27159],[-74.37249,41.26849],[-74.3762,41.26591],[-74.37794,41.26472],[-74.37904,41.26398],[-74.38123,41.26271],[-74.38618,41.25984],[-74.38814,41.25873],[-74.39027,41.25754],[-74.39568,41.25415],[-74.39879,41.25185],[-74.4008,41.25037],[-74.40579,41.24671],[-74.40753,41.24542],[-74.41093,41.24291],[-74.41387,41.24044],[-74.41572,41.23874],[-74.4187,41.23597],[-74.42194,41.23293],[-74.42333,41.23167],[-74.42574,41.22945],[-74.43715,41.22688],[-74.47224,41.20988],[-74.48757,41.20235],[-74.49007,41.20076],[-74.49935,41.19497],[-74.50037,41.19441],[-74.50043,41.19424]]}},{"type":"Feature","properties":{"id":"129393","type":"AC; OVERHEAD","status":"IN SERVICE","owner":"PPL ELECTRIC UTILITIES CORP","voltage":138,"voltClass":"100-161"},"geometry":{"type":"LineString","coordinates":[[-75.47958,40.69342],[-75.47683,40.69195],[-75.47343,40.69219],[-75.47274,40.69325],[-75.4705,40.69341],[-75.46832,40.69357]]}},{"type":"Feature","properties":{"id":"129442","type":"AC; OVERHEAD","status":"IN SERVICE","owner":"PECO ENERGY CO","voltage":500,"voltClass":"500"},"geometry":{"type":"LineString","coordinates":[[-75.31001,40.17154],[-75.31221,40.17149],[-75.31428,40.17133],[-75.31725,40.17312],[-75.32032,40.17499],[-75.32381,40.17711],[-75.32616,40.17724],[-75.32984,40.17947],[-75.33168,40.1806],[-75.33405,40.18208],[-75.33852,40.18434],[-75.34236,40.18624],[-75.34509,40.1876],[-75.34785,40.1882],[-75.35049,40.18873],[-75.35294,40.19099],[-75.35611,40.19218],[-75.35934,40.19337],[-75.36219,40.19443],[-75.36468,40.19573],[-75.36812,40.19754],[-75.3728,40.19864],[-75.3756,40.20042],[-75.37891,40.20256],[-75.38411,40.20365],[-75.38942,40.20402],[-75.39247,40.20425],[-75.39661,40.2052],[-75.40093,40.20619],[-75.40415,40.20696],[-75.40846,40.20796],[-75.41285,40.20898],[-75.41763,40.2101],[-75.41922,40.21094],[-75.42135,40.21208],[-75.42425,40.21202],[-75.42707,40.21196],[-75.43133,40.21271],[-75.43508,40.21362],[-75.43894,40.21459],[-75.44363,40.21498],[-75.45354,40.2158],[-75.47087,40.21527],[-75.47551,40.21423],[-75.47931,40.21358],[-75.48552,40.21276],[-75.49229,40.21136],[-75.49762,40.20875],[-75.50689,40.21397],[-75.51448,40.21385],[-75.53593,40.21941],[-75.54106,40.22083],[-75.54525,40.2232],[-75.54976,40.22452],[-75.55353,40.22571],[-75.55676,40.22737],[-75.55919,40.22861],[-75.5635,40.22861],[-75.5712,40.22859],[-75.57404,40.22653],[-75.57756,40.22401],[-75.57937,40.22144],[-75.58161,40.22023],[-75.58273,40.22069]]}},{"type":"Feature","properties":{"id":"129594","type":"AC; OVERHEAD","status":"IN SERVICE","owner":"PUBLIC SERVICE ELEC & GAS CO","voltage":230,"voltClass":"220-287"},"geometry":{"type":"LineString","coordinates":[[-74.73274,40.18014],[-74.73253,40.18029],[-74.73229,40.18155],[-74.73121,40.184],[-74.73258,40.18669],[-74.73389,40.18911],[-74.73066,40.19013],[-74.72738,40.19101],[-74.72505,40.19175],[-74.72228,40.19263],[-74.71979,40.19394],[-74.71782,40.19553],[-74.71525,40.19745],[-74.71289,40.19951],[-74.7106,40.20149],[-74.70808,40.20368],[-74.70566,40.20582],[-74.70316,40.20799],[-74.70203,40.20891],[-74.7018,40.20899]]}},{"type":"Feature","properties":{"id":"129709","type":"AC; OVERHEAD","status":"IN SERVICE","owner":"PUBLIC SERVICE ELEC & GAS CO","voltage":230,"voltClass":"220-287"},"geometry":{"type":"LineString","coordinates":[[-74.87408,40.07523],[-74.87453,40.0753],[-74.87733,40.07386],[-74.87859,40.07214],[-74.87933,40.06396],[-74.87824,40.06143],[-74.86914,40.04064],[-74.86772,40.0373],[-74.86777,40.03722]]}},{"type":"Feature","properties":{"id":"130431","type":"AC; OVERHEAD","status":"IN SERVICE","owner":"PUBLIC SERVICE ELEC & GAS CO","voltage":230,"voltClass":"220-287"},"geometry":{"type":"LineString","coordinates":[[-74.21759,40.86724],[-74.21738,40.86702],[-74.21646,40.86655],[-74.22089,40.86196],[-74.22368,40.86281],[-74.22711,40.86357],[-74.23392,40.86555],[-74.24807,40.86274],[-74.2677,40.85886],[-74.29163,40.85415],[-74.29436,40.85359],[-74.30069,40.84953],[-74.30494,40.84679],[-74.3116,40.84249],[-74.31321,40.84057],[-74.31488,40.83859],[-74.32152,40.83059],[-74.32307,40.82874],[-74.32481,40.82667],[-74.32817,40.8227],[-74.3285,40.82244],[-74.32876,40.82237]]}},{"type":"Feature","properties":{"id":"130484","type":"AC; OVERHEAD","status":"IN SERVICE","owner":"PECO ENERGY CO","voltage":230,"voltClass":"220-287"},"geometry":{"type":"LineString","coordinates":[[-75.2014,39.96924],[-75.19946,39.96922],[-75.19681,39.96907],[-75.18895,39.96687],[-75.18701,39.96571],[-75.18539,39.964],[-75.1844,39.96212],[-75.18401,39.96007],[-75.18413,39.95817],[-75.18471,39.95634],[-75.18511,39.95534],[-75.18542,39.95447],[-75.18564,39.95348],[-75.1862,39.9517],[-75.18898,39.94891],[-75.19161,39.94702],[-75.19341,39.9462],[-75.19355,39.94522],[-75.1938,39.945]]}},{"type":"Feature","properties":{"id":"130489","type":"AC; OVERHEAD","status":"IN SERVICE","owner":"JERSEY CENTRAL POWER & LT CO","voltage":230,"voltClass":"220-287"},"geometry":{"type":"LineString","coordinates":[[-74.34587,40.44898],[-74.34634,40.44883],[-74.34708,40.44925]]}},{"type":"Feature","properties":{"id":"130505","type":"AC; OVERHEAD","status":"IN SERVICE","owner":"PECO ENERGY CO","voltage":138,"voltClass":"100-161"},"geometry":{"type":"LineString","coordinates":[[-75.10623,40.03528],[-75.10697,40.03536],[-75.10634,40.03595],[-75.10629,40.03641],[-75.10438,40.03821],[-75.1035,40.03726],[-75.10031,40.03388],[-75.09951,40.03314],[-75.0951,40.03757],[-75.09096,40.04096],[-75.08576,40.0452],[-75.08364,40.04695],[-75.08121,40.04949],[-75.08018,40.05074],[-75.07856,40.05246],[-75.07668,40.05444],[-75.07337,40.05791],[-75.07003,40.06146],[-75.06727,40.06442],[-75.06639,40.06558],[-75.06775,40.06675],[-75.06987,40.06782],[-75.07264,40.06694],[-75.07283,40.0667],[-75.07332,40.06609]]}},{"type":"Feature","properties":{"id":"130614","type":"AC; OVERHEAD","status":"IN SERVICE","owner":"PUBLIC SERVICE ELEC & GAS CO","voltage":230,"voltClass":"220-287"},"geometry":{"type":"LineString","coordinates":[[-74.53022,40.48557],[-74.52981,40.48511],[-74.5295,40.48011],[-74.52443,40.47693],[-74.52182,40.47543],[-74.51924,40.47389],[-74.51652,40.47226],[-74.51344,40.47042],[-74.51034,40.46857],[-74.5072,40.46681],[-74.50506,40.46561],[-74.50235,40.46474],[-74.49955,40.46303],[-74.49675,40.4614],[-74.49388,40.4597],[-74.49102,40.46021],[-74.48828,40.4607],[-74.48568,40.46122],[-74.48079,40.45879],[-74.48014,40.45829]]}},{"type":"Feature","properties":{"id":"130738","type":"AC; OVERHEAD","status":"IN SERVICE","owner":"PUBLIC SERVICE ELEC & GAS CO","voltage":230,"voltClass":"220-287"},"geometry":{"type":"LineString","coordinates":[[-74.8674,40.03701],[-74.86846,40.03952],[-74.86964,40.04222],[-74.87078,40.04485],[-74.8719,40.04746],[-74.87295,40.04993],[-74.87395,40.05228],[-74.87506,40.05485],[-74.87724,40.05977],[-74.87823,40.06213],[-74.87905,40.06397],[-74.87883,40.06652],[-74.87857,40.06932],[-74.87835,40.07218],[-74.87722,40.07381],[-74.87556,40.07467],[-74.8744,40.0752],[-74.87408,40.07523]]}},{"type":"Feature","properties":{"id":"130764","type":"AC; OVERHEAD","status":"IN SERVICE","owner":"PUBLIC SERVICE ELEC & GAS CO","voltage":138,"voltClass":"100-161"},"geometry":{"type":"LineString","coordinates":[[-74.70069,40.22591],[-74.70036,40.22566],[-74.69958,40.22398],[-74.69872,40.22215],[-74.69841,40.22146],[-74.69776,40.22025],[-74.69748,40.21974],[-74.69589,40.21803],[-74.69346,40.21599],[-74.68866,40.21207],[-74.68631,40.21021],[-74.68399,40.20837],[-74.68185,40.20664],[-74.67933,40.20462],[-74.67696,40.20272],[-74.67451,40.20074],[-74.672,40.19874],[-74.66953,40.19677],[-74.66706,40.1948],[-74.66458,40.19279],[-74.66199,40.19073],[-74.66,40.18912],[-74.65769,40.18724],[-74.65742,40.18541],[-74.65714,40.18252],[-74.65688,40.17978],[-74.65635,40.17444],[-74.65607,40.17164],[-74.65661,40.16979],[-74.65679,40.16868]]}},{"type":"Feature","properties":{"id":"130836","type":"AC; OVERHEAD","status":"IN SERVICE","owner":"JERSEY CENTRAL POWER & LT CO","voltage":115,"voltClass":"100-161"},"geometry":{"type":"LineString","coordinates":[[-74.57708,41.10009],[-74.57754,41.10428],[-74.57514,41.10828],[-74.5586,41.1362],[-74.55704,41.1388],[-74.55576,41.14093],[-74.5547,41.1427],[-74.55346,41.14476],[-74.55236,41.14661],[-74.55137,41.14826],[-74.55014,41.15036],[-74.54893,41.15238],[-74.54763,41.15455],[-74.54628,41.15678],[-74.5302,41.16951],[-74.5138,41.18594],[-74.50068,41.19418],[-74.50043,41.19424]]}},{"type":"Feature","properties":{"id":"128298","type":"AC; OVERHEAD","status":"IN SERVICE","owner":"JERSEY CENTRAL POWER & LT CO","voltage":230,"voltClass":"220-287"},"geometry":{"type":"LineString","coordinates":[[-74.3652,40.913],[-74.36582,40.91361],[-74.36495,40.91606],[-74.36452,40.91818],[-74.36366,40.92326],[-74.36105,40.93686],[-74.36237,40.94293],[-74.39106,40.9494],[-74.39296,40.95589],[-74.41845,40.96044],[-74.42443,40.9629],[-74.43444,40.95902],[-74.45263,40.96235],[-74.45809,40.96209],[-74.46292,40.96362],[-74.46558,40.96476],[-74.49977,40.97109],[-74.5043,40.97707],[-74.5237,40.97939],[-74.53102,40.97879],[-74.54533,40.98913],[-74.57091,40.98415],[-74.59713,40.98894],[-74.6179,40.99281],[-74.62966,40.99491],[-74.6413,40.99703],[-74.64314,40.99736],[-74.64904,40.99899],[-74.65354,40.99929],[-74.71413,41.01038],[-74.72712,41.02244],[-74.75077,41.03244],[-74.75305,41.03403],[-74.75134,41.03517],[-74.74796,41.03747],[-74.74493,41.03951],[-74.74188,41.04159],[-74.73945,41.04323],[-74.73712,41.04529],[-74.73478,41.04736],[-74.73242,41.04946],[-74.73389,41.05115],[-74.73535,41.05285],[-74.7384,41.0543],[-74.73972,41.0556],[-74.74035,41.05573]]}},{"type":"Feature","properties":{"id":"128304","type":"AC; OVERHEAD","status":"IN SERVICE","owner":"PPL ELECTRIC UTILITIES CORP","voltage":138,"voltClass":"100-161"},"geometry":{"type":"LineString","coordinates":[[-75.51352,40.63049],[-75.51354,40.62978],[-75.51282,40.62911],[-75.51196,40.62856],[-75.51056,40.62797],[-75.50903,40.62733],[-75.50847,40.62668],[-75.50749,40.6261],[-75.50649,40.62553],[-75.50517,40.62538],[-75.50264,40.62514],[-75.50245,40.62472],[-75.50221,40.62415],[-75.50203,40.6237],[-75.50176,40.62311],[-75.50145,40.62249],[-75.50115,40.62189],[-75.50086,40.62127],[-75.50009,40.62117],[-75.4993,40.62107],[-75.49847,40.62099],[-75.49763,40.62109],[-75.49715,40.62039],[-75.49687,40.61999],[-75.49674,40.61973],[-75.49645,40.61907],[-75.49605,40.61825],[-75.49586,40.61784],[-75.49566,40.61743],[-75.49529,40.61664],[-75.49478,40.61641],[-75.494,40.61624],[-75.49324,40.61608],[-75.49248,40.61591],[-75.49237,40.61562],[-75.49197,40.61484],[-75.4917,40.61432],[-75.49152,40.61391],[-75.49133,40.6135],[-75.49113,40.61308],[-75.49083,40.61244],[-75.49058,40.61195],[-75.49039,40.61151],[-75.49011,40.61093],[-75.48931,40.61057],[-75.48916,40.61027],[-75.48951,40.60968],[-75.49021,40.60942]]}},{"type":"Feature","properties":{"id":"128308","type":"AC; OVERHEAD","status":"IN SERVICE","owner":"ATLANTIC CITY ELECTRIC CO","voltage":230,"voltClass":"220-287"},"geometry":{"type":"LineString","coordinates":[[-74.62052,39.42834],[-74.62047,39.42652],[-74.63112,39.42625],[-74.63827,39.42607],[-74.65811,39.43215],[-74.68473,39.44026],[-74.69471,39.44326],[-74.69614,39.44787],[-74.69426,39.45298],[-74.69501,39.45575],[-74.70186,39.45734],[-74.6986,39.46617],[-74.69818,39.46836],[-74.6974,39.47309],[-74.71002,39.47783],[-74.7144,39.48136],[-74.716,39.48383],[-74.71961,39.48751],[-74.72105,39.4932],[-74.71428,39.50308],[-74.71294,39.50876],[-74.71153,39.51519],[-74.70442,39.514],[-74.70181,39.51228],[-74.70055,39.51332],[-74.70033,39.52202],[-74.71396,39.53057],[-74.71922,39.53417],[-74.7322,39.54512],[-74.75007,39.56039],[-74.75253,39.56248],[-74.75509,39.56435],[-74.75789,39.56626],[-74.77794,39.57944],[-74.79458,39.59034],[-74.80718,39.59904],[-74.82963,39.61443],[-74.85034,39.62856],[-74.85306,39.63043],[-74.85434,39.63281],[-74.85919,39.63717],[-74.86386,39.64174],[-74.8683,39.64599],[-74.87932,39.65652],[-74.87939,39.65814],[-74.889,39.66833],[-74.9022,39.68031],[-74.90935,39.6867],[-74.93331,39.69866],[-74.94329,39.71375],[-74.94806,39.72084],[-74.9517,39.72644],[-74.95797,39.73152],[-74.95884,39.73775],[-74.9592,39.73971],[-74.95947,39.74266],[-74.96208,39.7444],[-74.9639,39.74289],[-74.96355,39.7422],[-74.96276,39.741]]}},{"type":"Feature","properties":{"id":"128450","type":"AC; OVERHEAD","status":"IN SERVICE","owner":"CONSOLIDATED EDISON CO-NY INC","voltage":345,"voltClass":"345"},"geometry":{"type":"LineString","coordinates":[[-73.94724,41.26451],[-73.94695,41.26413],[-73.94737,41.26368],[-73.9481,41.26334],[-73.94958,41.26392],[-73.95236,41.26384],[-73.95432,41.26259],[-73.95626,41.26132],[-73.95823,41.26006],[-73.95882,41.25983],[-73.96372,41.26118],[-73.97815,41.26531],[-73.98015,41.26584],[-73.98201,41.26645],[-73.98007,41.26597],[-73.98015,41.26584],[-73.98017,41.26571],[-73.98015,41.2654],[-73.97985,41.26288],[-73.9795,41.2605],[-73.97996,41.25916],[-73.98043,41.25789],[-73.98117,41.25706],[-73.98064,41.25624],[-73.98121,41.25509],[-73.98306,41.25385],[-73.98438,41.25295],[-73.98615,41.25167],[-73.98809,41.25027],[-73.99067,41.25037],[-73.99284,41.25105],[-73.99642,41.25223],[-73.99827,41.25323],[-73.99984,41.25412],[-74.00227,41.25428],[-74.00374,41.25437],[-74.0053,41.25311],[-74.00706,41.25169],[-74.00968,41.24965],[-74.01169,41.2489],[-74.01308,41.24838],[-74.01609,41.24784],[-74.01782,41.24752],[-74.01883,41.24587],[-74.01823,41.24444],[-74.01769,41.24313],[-74.01765,41.24111],[-74.02,41.23943],[-74.02263,41.23752],[-74.02461,41.23616],[-74.02642,41.23548],[-74.02827,41.23473],[-74.03092,41.2337],[-74.03163,41.2317],[-74.03238,41.22955],[-74.03461,41.22866],[-74.03853,41.22708],[-74.04081,41.22615],[-74.04232,41.22415],[-74.04351,41.2225],[-74.04455,41.22107],[-74.04561,41.21951],[-74.04714,41.21792],[-74.04833,41.21587],[-74.04944,41.21392],[-74.05038,41.21231],[-74.05142,41.21055],[-74.05361,41.20827],[-74.05494,41.20673],[-74.05625,41.20521],[-74.05718,41.20288],[-74.05928,41.20089],[-74.06107,41.19926],[-74.06278,41.19769],[-74.06469,41.19593],[-74.06534,41.19486],[-74.0661,41.1935],[-74.06793,41.19202],[-74.06992,41.19044],[-74.07138,41.18926],[-74.07312,41.18789],[-74.07521,41.18625],[-74.07573,41.1847],[-74.07567,41.18425],[-74.07595,41.18383]]}},{"type":"Feature","properties":{"id":"128530","type":"AC; OVERHEAD","status":"IN SERVICE","owner":"PECO ENERGY CO","voltage":230,"voltClass":"220-287"},"geometry":{"type":"LineString","coordinates":[[-75.18917,39.94139],[-75.19122,39.94233],[-75.19259,39.94177],[-75.19453,39.9411],[-75.19599,39.94074],[-75.19742,39.94026],[-75.19889,39.93932],[-75.2,39.9383],[-75.20142,39.93724],[-75.2027,39.9365],[-75.20422,39.93592],[-75.21044,39.93448],[-75.21526,39.93335],[-75.2183,39.93263],[-75.22021,39.93218],[-75.22534,39.93101],[-75.22598,39.93043],[-75.22584,39.92995]]}},{"type":"Feature","properties":{"id":"128572","type":"AC; OVERHEAD","status":"IN SERVICE","owner":"ATLANTIC CITY ELECTRIC CO","voltage":230,"voltClass":"220-287"},"geometry":{"type":"LineString","coordinates":[[-74.97302,39.73404],[-74.97283,39.73443],[-74.97239,39.73478],[-74.9657,39.7385],[-74.96629,39.74187],[-74.96498,39.74201],[-74.96438,39.74151],[-74.96315,39.74074],[-74.96276,39.741]]}},{"type":"Feature","properties":{"id":"130977","type":"AC; OVERHEAD","status":"IN SERVICE","owner":"PUBLIC SERVICE ELEC & GAS CO","voltage":230,"voltClass":"220-287"},"geometry":{"type":"LineString","coordinates":[[-74.73274,40.18014],[-74.73262,40.18057],[-74.73256,40.18159],[-74.73139,40.18407],[-74.73414,40.18921],[-74.73073,40.19026],[-74.72745,40.19115],[-74.72494,40.19195],[-74.7224,40.19277],[-74.71997,40.19405],[-74.71799,40.19558],[-74.71543,40.19756],[-74.71306,40.19966],[-74.71108,40.20148],[-74.70991,40.20373],[-74.70897,40.20586],[-74.70803,40.20805],[-74.707,40.21032],[-74.70542,40.21247],[-74.70434,40.21382],[-74.70246,40.21629],[-74.70056,40.21881],[-74.69959,40.22008],[-74.69881,40.22105],[-74.70114,40.224],[-74.70069,40.22591]]}},{"type":"Feature","properties":{"id":"131021","type":"AC; OVERHEAD","status":null,"owner":"JERSEY CENTRAL POWER & LT CO","voltage":230,"voltClass":"220-287"},"geometry":{"type":"LineString","coordinates":[[-74.07099,40.33909],[-74.0717,40.33912],[-74.07165,40.34049],[-74.07188,40.34189],[-74.07231,40.34359],[-74.07175,40.34477],[-74.07155,40.34493]]}},{"type":"Feature","properties":{"id":"131075","type":"AC; OVERHEAD","status":"IN SERVICE","owner":"PUBLIC SERVICE ELEC & GAS CO","voltage":230,"voltClass":"220-287"},"geometry":{"type":"LineString","coordinates":[[-74.07331,40.7493],[-74.07308,40.74942],[-74.07231,40.75063],[-74.07202,40.75179],[-74.07165,40.75255],[-74.07091,40.75758],[-74.06512,40.75757],[-74.06003,40.758],[-74.05636,40.76243],[-74.05518,40.7634]]}},{"type":"Feature","properties":{"id":"131076","type":"AC; OVERHEAD","status":"IN SERVICE","owner":"PUBLIC SERVICE ELEC & GAS CO","voltage":230,"voltClass":"220-287"},"geometry":{"type":"LineString","coordinates":[[-74.88038,39.94753],[-74.88056,39.94772],[-74.88196,39.9516],[-74.88313,39.95455],[-74.88432,39.95755],[-74.88549,39.9605],[-74.88654,39.96316],[-74.88773,39.96617],[-74.88889,39.96908],[-74.88995,39.97175],[-74.88761,39.97452],[-74.88527,39.9773],[-74.88419,39.97977],[-74.8832,39.98205],[-74.88227,39.98439],[-74.87882,39.98621],[-74.87299,39.98972],[-74.87027,39.99151],[-74.86673,39.99386],[-74.8646,39.9952],[-74.86011,39.99811],[-74.85796,39.99928],[-74.85672,40.00213],[-74.85564,40.00456],[-74.85428,40.00766],[-74.85296,40.01039],[-74.85189,40.01293],[-74.85073,40.0157],[-74.84893,40.01787],[-74.84795,40.02008],[-74.84678,40.02269],[-74.84573,40.02506],[-74.84464,40.02753],[-74.84707,40.02968],[-74.84978,40.03031],[-74.85404,40.03115],[-74.85742,40.03182],[-74.86164,40.03196],[-74.86572,40.03207],[-74.86818,40.0332],[-74.86986,40.03365],[-74.87285,40.03199],[-74.87828,40.02894],[-74.8802,40.02793],[-74.8808,40.02764],[-74.88344,40.02637],[-74.88621,40.02499],[-74.88923,40.02348],[-74.89207,40.02206],[-74.89472,40.02074],[-74.89708,40.01956],[-74.8996,40.0183],[-74.90212,40.01705],[-74.9053,40.01546],[-74.90938,40.01342],[-74.91166,40.01228],[-74.91691,40.01069],[-74.91991,40.00977],[-74.92284,40.00888],[-74.92563,40.00803],[-74.92823,40.00723],[-74.93092,40.00641],[-74.93414,40.00543],[-74.93745,40.00442],[-74.94058,40.00346],[-74.94422,40.00235],[-74.95014,40.00055],[-74.95336,39.99957],[-74.95632,39.99866],[-74.95913,39.99841],[-74.96165,39.99818],[-74.96498,39.99787],[-74.96887,39.99749],[-74.96903,39.99748],[-74.96919,39.99755],[-74.97208,39.99734],[-74.97511,39.99706],[-74.97851,39.99676],[-74.9811,39.99596],[-74.98381,39.99513],[-74.98685,39.99419],[-74.98997,39.99323],[-74.99311,39.99227],[-74.99583,39.99143],[-74.9981,39.99073],[-75.00026,39.98944],[-75.00243,39.98814],[-75.00429,39.98702],[-75.00665,39.98562],[-75.00891,39.98426],[-75.01189,39.98248],[-75.01567,39.98021],[-75.01837,39.97859],[-75.02101,39.977],[-75.02386,39.97531],[-75.02669,39.97363],[-75.02908,39.97221],[-75.03148,39.97079],[-75.03469,39.96941],[-75.03788,39.9681],[-75.04098,39.96678],[-75.0434,39.96615],[-75.04453,39.96603],[-75.04466,39.96581]]}},{"type":"Feature","properties":{"id":"131107","type":"AC; OVERHEAD","status":"IN SERVICE","owner":"JERSEY CENTRAL POWER & LT CO","voltage":230,"voltClass":"220-287"},"geometry":{"type":"LineString","coordinates":[[-74.74218,40.54435],[-74.74051,40.54532],[-74.7393,40.54601],[-74.73798,40.547],[-74.72839,40.5533],[-74.7192,40.55933],[-74.71022,40.56527],[-74.70737,40.56714],[-74.7044,40.5691],[-74.69805,40.57336],[-74.68914,40.57927],[-74.68596,40.58136],[-74.67385,40.59169],[-74.67333,40.59259],[-74.67338,40.59293]]}},{"type":"Feature","properties":{"id":"131163","type":"AC; OVERHEAD","status":"IN SERVICE","owner":"PPL ELECTRIC UTILITIES CORP","voltage":500,"voltClass":"500"},"geometry":{"type":"LineString","coordinates":[[-75.31433,40.61882],[-75.31337,40.61917],[-75.31204,40.61997],[-75.31059,40.62058],[-75.30996,40.62001],[-75.30873,40.61975]]}},{"type":"Feature","properties":{"id":"131514","type":"AC; OVERHEAD","status":"IN SERVICE","owner":"PUBLIC SERVICE ELEC & GAS CO","voltage":230,"voltClass":"220-287"},"geometry":{"type":"LineString","coordinates":[[-74.23794,40.59098],[-74.23802,40.59115],[-74.2365,40.59435],[-74.23524,40.59649],[-74.23394,40.59861],[-74.23274,40.60061],[-74.2314,40.60283],[-74.23018,40.60484],[-74.22916,40.60675],[-74.2286,40.60857],[-74.22812,40.61036],[-74.2275,40.61214],[-74.2264,40.61444],[-74.22521,40.61699],[-74.22406,40.61947],[-74.22282,40.62199],[-74.22167,40.62448],[-74.2206,40.62536],[-74.21773,40.62399],[-74.21518,40.62282],[-74.21093,40.62138],[-74.21055,40.62148]]}},{"type":"Feature","properties":{"id":"131580","type":"AC; OVERHEAD","status":"IN SERVICE","owner":"PECO ENERGY CO","voltage":138,"voltClass":"100-161"},"geometry":{"type":"LineString","coordinates":[[-74.84547,40.14463],[-74.8464,40.14528],[-74.84706,40.14615],[-74.84758,40.14706],[-74.84283,40.15042],[-74.84109,40.15166],[-74.83898,40.15317],[-74.83714,40.15452],[-74.83456,40.15636],[-74.8319,40.15829],[-74.82841,40.15988],[-74.81895,40.16422],[-74.81588,40.16563],[-74.81283,40.16704],[-74.80837,40.16982],[-74.80445,40.17226],[-74.7999,40.17508],[-74.79808,40.1753],[-74.79459,40.17572],[-74.7904,40.17627],[-74.7897,40.17703]]}},{"type":"Feature","properties":{"id":"131589","type":"AC; OVERHEAD","status":"IN SERVICE","owner":"PPL ELECTRIC UTILITIES CORP","voltage":138,"voltClass":"100-161"},"geometry":{"type":"LineString","coordinates":[[-75.47958,40.69342],[-75.48059,40.69397],[-75.48316,40.69307],[-75.48414,40.69276],[-75.4851,40.69242],[-75.48601,40.69234],[-75.48684,40.69225],[-75.48678,40.69132],[-75.4867,40.6906],[-75.48717,40.69067],[-75.48735,40.69074]]}},{"type":"Feature","properties":{"id":"132229","type":"AC; OVERHEAD","status":"IN SERVICE","owner":null,"voltage":230,"voltClass":"220-287"},"geometry":{"type":"LineString","coordinates":[[-75.10858,40.80038],[-75.10937,40.80083],[-75.11138,40.80138],[-75.11343,40.80192],[-75.11511,40.80237],[-75.11687,40.80283],[-75.11865,40.80331],[-75.11894,40.80592],[-75.11933,40.808],[-75.11976,40.81043],[-75.1231,40.81152],[-75.12578,40.8124],[-75.13046,40.81393],[-75.13313,40.8148],[-75.13613,40.81578],[-75.13983,40.81698],[-75.14172,40.81733],[-75.14654,40.81817],[-75.14883,40.81859],[-75.15369,40.81944],[-75.15625,40.81989],[-75.16004,40.82056],[-75.16264,40.82101],[-75.16863,40.82207],[-75.17222,40.8227],[-75.17786,40.82367],[-75.17989,40.82404],[-75.18322,40.82463],[-75.18737,40.82419],[-75.19191,40.82371],[-75.19413,40.82348],[-75.19702,40.82317],[-75.20328,40.82252],[-75.20522,40.82231],[-75.21028,40.82179],[-75.21247,40.82156],[-75.21684,40.82109],[-75.21943,40.82161],[-75.22502,40.82276],[-75.22952,40.82368],[-75.23309,40.8244],[-75.23549,40.82298],[-75.2374,40.82185],[-75.24087,40.82266],[-75.24377,40.82335],[-75.24651,40.82399],[-75.25142,40.82514],[-75.25505,40.82493],[-75.25776,40.82477],[-75.26109,40.82458],[-75.26485,40.82435],[-75.26861,40.82411],[-75.27231,40.82389],[-75.27464,40.82288],[-75.27754,40.82158],[-75.27984,40.82057],[-75.28296,40.81919],[-75.28537,40.81812],[-75.2879,40.817],[-75.29104,40.81564],[-75.29361,40.81331],[-75.29682,40.8135],[-75.30197,40.81382],[-75.30464,40.81387],[-75.30858,40.81397],[-75.31403,40.81409],[-75.31847,40.81418],[-75.32069,40.81422],[-75.32352,40.81429],[-75.32722,40.81436],[-75.33113,40.81446],[-75.33253,40.81569],[-75.33404,40.81703],[-75.33593,40.8187],[-75.33714,40.82143],[-75.33815,40.82361],[-75.33887,40.82505],[-75.34523,40.82395],[-75.34829,40.8234],[-75.35158,40.82282],[-75.35519,40.82218],[-75.35768,40.82243],[-75.35986,40.82265],[-75.36287,40.82245],[-75.36652,40.8222],[-75.36942,40.82201],[-75.37229,40.82182],[-75.37413,40.82167],[-75.37551,40.81986],[-75.37705,40.81778],[-75.37847,40.81602],[-75.37993,40.81404],[-75.38186,40.8115],[-75.38363,40.80915],[-75.38556,40.80661],[-75.387,40.80466],[-75.39025,40.80258],[-75.39351,40.80049],[-75.39681,40.79839],[-75.3999,40.7964],[-75.40285,40.7945],[-75.40579,40.79263],[-75.41028,40.78975],[-75.41313,40.78792],[-75.41663,40.78567],[-75.42058,40.78314],[-75.42369,40.78113],[-75.42773,40.77853],[-75.43096,40.77644],[-75.43518,40.77374],[-75.43739,40.77232],[-75.44125,40.76984],[-75.4436,40.76833],[-75.44721,40.76601],[-75.45075,40.76376],[-75.45468,40.76122],[-75.45781,40.75921],[-75.46129,40.75654],[-75.46344,40.75489],[-75.46668,40.75241],[-75.46905,40.75057],[-75.47218,40.74816],[-75.47613,40.74514],[-75.47875,40.74311],[-75.48296,40.73989],[-75.48528,40.73812],[-75.48735,40.73653],[-75.48994,40.73467],[-75.49216,40.73307],[-75.4949,40.73115],[-75.49803,40.72892],[-75.5006,40.72707],[-75.50512,40.72385],[-75.50802,40.72105],[-75.50909,40.72],[-75.5101,40.71904],[-75.51207,40.71712],[-75.51574,40.71413],[-75.5165,40.71396],[-75.51759,40.71387],[-75.51812,40.71313]]}},{"type":"Feature","properties":{"id":"132348","type":"AC; OVERHEAD","status":"IN SERVICE","owner":"PUBLIC SERVICE ELEC & GAS CO","voltage":138,"voltClass":"100-161"},"geometry":{"type":"LineString","coordinates":[[-74.56867,40.336],[-74.56859,40.33621],[-74.56816,40.33657],[-74.5662,40.33839],[-74.56412,40.34062],[-74.56293,40.34193],[-74.56182,40.34319],[-74.56089,40.34421],[-74.55999,40.34508],[-74.55804,40.34669],[-74.55418,40.34949],[-74.55083,40.352],[-74.54969,40.35304],[-74.5446,40.35743],[-74.54332,40.35856],[-74.54203,40.35971],[-74.54092,40.36069],[-74.53956,40.3619],[-74.53589,40.36514],[-74.53471,40.36627],[-74.53086,40.36966],[-74.52975,40.37066],[-74.52841,40.37184],[-74.52706,40.37302],[-74.52589,40.37405],[-74.52204,40.37742],[-74.52033,40.37897],[-74.51829,40.38081],[-74.51713,40.3818],[-74.51579,40.38299],[-74.51324,40.38527],[-74.51193,40.38644],[-74.51061,40.38756],[-74.50312,40.39415],[-74.49912,40.3977],[-74.498,40.39869],[-74.49669,40.39986],[-74.49534,40.40106],[-74.49404,40.40222],[-74.49266,40.40344],[-74.49136,40.4046],[-74.49007,40.40575],[-74.49,40.40581],[-74.48921,40.40651],[-74.48878,40.40689],[-74.48743,40.40804],[-74.48605,40.40927],[-74.48468,40.41049],[-74.48361,40.41145],[-74.48066,40.41425],[-74.47949,40.41543],[-74.47713,40.41782],[-74.47592,40.41904],[-74.47489,40.42012],[-74.47387,40.42119],[-74.47269,40.42239],[-74.4715,40.42361],[-74.4703,40.42483],[-74.46952,40.42565],[-74.46896,40.42635],[-74.46859,40.42709],[-74.46834,40.42789],[-74.46817,40.42897],[-74.46797,40.43046],[-74.46778,40.43197],[-74.46757,40.43349],[-74.46734,40.43501],[-74.46713,40.43657],[-74.46699,40.43766],[-74.46685,40.43876],[-74.46552,40.44063],[-74.46435,40.44173],[-74.4617,40.44417],[-74.46054,40.44543],[-74.46143,40.44615]]}},{"type":"Feature","properties":{"id":"132364","type":"AC; OVERHEAD","status":"IN SERVICE","owner":null,"voltage":230,"voltClass":"220-287"},"geometry":{"type":"LineString","coordinates":[[-75.04466,39.96581],[-75.04611,39.96503],[-75.0471,39.96571],[-75.04785,39.9666],[-75.04946,39.96843],[-75.05031,39.9693],[-75.05313,39.97179],[-75.05413,39.97254],[-75.05625,39.97399],[-75.06378,39.97899],[-75.06825,39.98208],[-75.07102,39.98398],[-75.07406,39.98597],[-75.07413,39.98643]]}},{"type":"Feature","properties":{"id":"132486","type":"AC; OVERHEAD","status":"IN SERVICE","owner":"PUBLIC SERVICE ELEC & GAS CO","voltage":138,"voltClass":"100-161"},"geometry":{"type":"LineString","coordinates":[[-74.65679,40.16868],[-74.6568,40.16838],[-74.65776,40.16519],[-74.6585,40.16251],[-74.66004,40.15723],[-74.66116,40.1531],[-74.66144,40.15164]]}},{"type":"Feature","properties":{"id":"132510","type":"AC; OVERHEAD","status":"IN SERVICE","owner":"JERSEY CENTRAL POWER & LT CO","voltage":230,"voltClass":"220-287"},"geometry":{"type":"LineString","coordinates":[[-75.03221,41.00095],[-75.03302,40.99962],[-75.03366,40.99943]]}},{"type":"Feature","properties":{"id":"132614","type":"AC; OVERHEAD","status":null,"owner":"ATLANTIC CITY ELECTRIC CO","voltage":230,"voltClass":"220-287"},"geometry":{"type":"LineString","coordinates":[[-75.40674,39.79236],[-75.40522,39.79315]]}},{"type":"Feature","properties":{"id":"132621","type":"AC; OVERHEAD","status":"IN SERVICE","owner":"JERSEY CENTRAL POWER & LT CO","voltage":230,"voltClass":"220-287"},"geometry":{"type":"LineString","coordinates":[[-74.16722,40.06101],[-74.16681,40.06077],[-74.16641,40.06067],[-74.1677,40.05758],[-74.16966,40.05508],[-74.17104,40.05333],[-74.17269,40.05124],[-74.17443,40.04897],[-74.17594,40.04674],[-74.17741,40.04429],[-74.17882,40.04196],[-74.18004,40.03991],[-74.18127,40.03823],[-74.18247,40.03661],[-74.18496,40.03109],[-74.18557,40.0302],[-74.18583,40.03]]}},{"type":"Feature","properties":{"id":"133541","type":"AC; OVERHEAD","status":"IN SERVICE","owner":"PUBLIC SERVICE ELEC & GAS CO","voltage":138,"voltClass":"100-161"},"geometry":{"type":"LineString","coordinates":[[-74.67507,40.14157],[-74.67605,40.14095],[-74.67832,40.13947],[-74.68095,40.13776],[-74.68342,40.13621],[-74.68599,40.1346],[-74.688,40.1331],[-74.6902,40.13139],[-74.69223,40.12972],[-74.69462,40.12785],[-74.69714,40.12588],[-74.69937,40.12413],[-74.70245,40.11963],[-74.70517,40.11951],[-74.70815,40.11944],[-74.71046,40.11742],[-74.71278,40.11537],[-74.71453,40.11402],[-74.71755,40.11258],[-74.72056,40.11114],[-74.72364,40.10966],[-74.72668,40.10821],[-74.7297,40.10676],[-74.73273,40.10531],[-74.73577,40.10387],[-74.73882,40.10243],[-74.74188,40.10099],[-74.74499,40.09954],[-74.74768,40.09815],[-74.75071,40.09668],[-74.75377,40.09522],[-74.75974,40.09234],[-74.76233,40.09107],[-74.76482,40.08985],[-74.76743,40.08857],[-74.77027,40.08689],[-74.773,40.08532],[-74.77573,40.08366],[-74.77843,40.08201],[-74.78125,40.08029],[-74.7828,40.0793],[-74.78314,40.0792]]}},{"type":"Feature","properties":{"id":"133623","type":"AC; OVERHEAD","status":"IN SERVICE","owner":"PECO ENERGY CO","voltage":230,"voltClass":"220-287"},"geometry":{"type":"LineString","coordinates":[[-75.40775,39.91804],[-75.40782,39.9187],[-75.40356,39.91834]]}},{"type":"Feature","properties":{"id":"133632","type":"AC; OVERHEAD","status":"IN SERVICE","owner":"PECO ENERGY CO","voltage":230,"voltClass":"220-287"},"geometry":{"type":"LineString","coordinates":[[-74.87831,40.09363],[-74.87854,40.09349]]}},{"type":"Feature","properties":{"id":"133635","type":"AC; OVERHEAD","status":"IN SERVICE","owner":"JERSEY CENTRAL POWER & LT CO","voltage":230,"voltClass":"220-287"},"geometry":{"type":"LineString","coordinates":[[-75.16213,40.56873],[-75.16186,40.56876],[-75.16048,40.56919],[-75.15919,40.56967],[-75.15131,40.5751],[-75.14105,40.58216],[-75.12964,40.58993],[-75.12909,40.59247],[-75.12849,40.59529],[-75.12811,40.59709],[-75.12756,40.59964],[-75.12695,40.60251],[-75.12646,40.60481],[-75.12605,40.60674],[-75.1255,40.60936],[-75.125,40.61169],[-75.1221,40.61229],[-75.11914,40.61291],[-75.11608,40.61355],[-75.11384,40.61508],[-75.1108,40.61718],[-75.10817,40.61899],[-75.10611,40.62041],[-75.10366,40.6221],[-75.10183,40.62336],[-75.09889,40.62538],[-75.09678,40.62684],[-75.09549,40.62814],[-75.094,40.62967],[-75.09035,40.6312],[-75.08781,40.63293],[-75.08531,40.63463],[-75.08316,40.63609],[-75.08046,40.63793],[-75.07756,40.63925],[-75.07449,40.64066],[-75.07107,40.64222],[-75.06506,40.64389],[-75.0538,40.64682],[-75.0502,40.64781],[-75.04665,40.64879],[-75.04357,40.64964],[-75.04051,40.65049],[-75.03678,40.65152],[-75.03413,40.65225],[-75.03029,40.65331],[-75.02643,40.65435],[-75.0234,40.65523],[-75.0206,40.65662],[-75.01717,40.65833],[-75.01415,40.65983],[-75.01062,40.66159],[-75.00786,40.66296],[-75.00457,40.66465],[-75.00128,40.66629],[-74.99802,40.66794],[-74.99423,40.66987],[-74.99078,40.67159],[-74.98845,40.67204],[-74.98447,40.67274],[-74.98163,40.67327],[-74.97747,40.67405],[-74.97386,40.67471],[-74.97184,40.67509],[-74.96868,40.67566],[-74.96533,40.67627],[-74.96182,40.67691],[-74.95771,40.67766],[-74.95572,40.67802],[-74.93486,40.67836],[-74.93302,40.6786],[-74.92406,40.6798],[-74.91873,40.68039],[-74.91674,40.68064],[-74.91375,40.68102],[-74.91063,40.68141],[-74.90572,40.68203],[-74.90294,40.68239],[-74.89974,40.68279],[-74.89737,40.68309],[-74.89453,40.68345],[-74.89169,40.68381],[-74.88867,40.68419],[-74.88491,40.68467],[-74.88187,40.68505],[-74.87848,40.68548],[-74.87488,40.68594],[-74.87224,40.68627],[-74.86985,40.68657],[-74.8668,40.68696],[-74.86451,40.68759],[-74.86117,40.6885],[-74.85895,40.68915],[-74.85533,40.6902],[-74.85239,40.69102],[-74.84942,40.69183],[-74.84609,40.69279],[-74.8434,40.69352],[-74.84053,40.69435],[-74.83759,40.69521],[-74.83415,40.69614],[-74.83139,40.69689],[-74.82772,40.69794],[-74.82515,40.69868],[-74.82144,40.69977],[-74.81926,40.70035],[-74.81705,40.70099],[-74.81298,40.70212],[-74.81035,40.70287],[-74.80667,40.70389],[-74.79326,40.70768],[-74.78403,40.70996],[-74.7801,40.71096],[-74.77662,40.71184],[-74.77312,40.71273],[-74.76993,40.71354],[-74.76789,40.71504],[-74.76546,40.71681],[-74.76266,40.71885],[-74.76029,40.72059],[-74.7577,40.72248],[-74.75703,40.7252],[-74.75657,40.72706],[-74.75624,40.72835],[-74.75575,40.73035],[-74.75509,40.733],[-74.75437,40.73592],[-74.75366,40.73876],[-74.75317,40.74074],[-74.75244,40.74365],[-74.75168,40.74674],[-74.75092,40.7498],[-74.75024,40.75252],[-74.74954,40.75535],[-74.74881,40.75825],[-74.74814,40.76095],[-74.74654,40.76263],[-74.74471,40.76456],[-74.74259,40.76678],[-74.74076,40.76875],[-74.73115,40.7788],[-74.72819,40.78014],[-74.72544,40.78139],[-74.72218,40.78287],[-74.71974,40.78398],[-74.71701,40.78522],[-74.71411,40.78654],[-74.71067,40.7881],[-74.70821,40.78922],[-74.70511,40.79063],[-74.70169,40.79218],[-74.69821,40.79374],[-74.69344,40.79593],[-74.69096,40.79727],[-74.68567,40.80013],[-74.67934,40.80359],[-74.67582,40.80551],[-74.66465,40.81159],[-74.65671,40.81588],[-74.65451,40.81708],[-74.65175,40.81859],[-74.64648,40.82143],[-74.64386,40.82249],[-74.64114,40.82357],[-74.63859,40.82459],[-74.63515,40.82595],[-74.63189,40.82725],[-74.62922,40.82831],[-74.62199,40.83122],[-74.61042,40.84427],[-74.61036,40.845],[-74.61032,40.84559],[-74.61022,40.84679],[-74.61006,40.84883],[-74.60985,40.85149],[-74.60962,40.85439],[-74.6094,40.8571],[-74.60918,40.85986],[-74.60895,40.86282],[-74.6087,40.86573],[-74.60848,40.8687],[-74.60796,40.87125],[-74.6073,40.87439],[-74.60673,40.87717],[-74.60631,40.87945],[-74.60631,40.87949],[-74.6053,40.88411],[-74.59592,40.89569],[-74.59612,40.89716],[-74.59705,40.90465],[-74.59723,40.90606],[-74.59595,40.90637],[-74.59581,40.90664],[-74.59696,40.9068]]}},{"type":"Feature","properties":{"id":"133652","type":"AC; OVERHEAD","status":"IN SERVICE","owner":"PUBLIC SERVICE ELEC & GAS CO","voltage":230,"voltClass":"220-287"},"geometry":{"type":"LineString","coordinates":[[-74.42529,40.53356],[-74.42565,40.53368],[-74.42665,40.53387],[-74.42959,40.53439],[-74.43162,40.53612],[-74.43391,40.53807],[-74.43598,40.53985],[-74.4379,40.5415],[-74.44116,40.54435],[-74.4432,40.54594],[-74.44527,40.54755],[-74.44725,40.54909],[-74.44924,40.55065],[-74.4514,40.55233],[-74.45228,40.55276]]}},{"type":"Feature","properties":{"id":"133789","type":"AC; OVERHEAD","status":"IN SERVICE","owner":"PECO ENERGY CO","voltage":230,"voltClass":"220-287"},"geometry":{"type":"LineString","coordinates":[[-75.32603,39.86029],[-75.32438,39.86083],[-75.3246,39.86145],[-75.3306,39.86012],[-75.33404,39.86213],[-75.33588,39.863],[-75.33628,39.86337],[-75.33558,39.86445],[-75.33398,39.86709],[-75.33303,39.86865],[-75.33204,39.87022],[-75.33067,39.87245],[-75.32934,39.87453],[-75.32836,39.87581],[-75.32727,39.87695],[-75.32607,39.878],[-75.3254,39.87852],[-75.32393,39.8795],[-75.3215,39.881],[-75.31904,39.88246],[-75.31526,39.88475],[-75.31298,39.88615],[-75.31144,39.88707],[-75.30996,39.88795],[-75.3083,39.88875],[-75.30574,39.88979],[-75.30315,39.89089],[-75.30203,39.89137],[-75.2961,39.8938],[-75.2911,39.89593],[-75.28427,39.89874],[-75.28253,39.89948],[-75.28075,39.90022],[-75.27882,39.90103],[-75.2761,39.90219],[-75.27335,39.90334],[-75.27095,39.90436],[-75.27006,39.90474],[-75.26846,39.90556],[-75.267,39.9065],[-75.26562,39.90762],[-75.26431,39.90872],[-75.2629,39.90974],[-75.26139,39.91063],[-75.25983,39.91142],[-75.25811,39.91206],[-75.25623,39.91264],[-75.25445,39.91305],[-75.25147,39.91349],[-75.24992,39.91378],[-75.24921,39.91394],[-75.2477,39.91441],[-75.2461,39.91503],[-75.24434,39.91586],[-75.2429,39.91675],[-75.24078,39.91823],[-75.23849,39.91982],[-75.23625,39.92138],[-75.23283,39.92381],[-75.23086,39.92521],[-75.22832,39.92697],[-75.2256,39.92895],[-75.22584,39.92995]]}},{"type":"Feature","properties":{"id":"133866","type":"AC; OVERHEAD","status":null,"owner":"CONSOLIDATED EDISON CO-NY INC","voltage":345,"voltClass":"345"},"geometry":{"type":"LineString","coordinates":[[-73.95394,41.26922],[-73.95415,41.26907],[-73.95372,41.26882],[-73.95351,41.26856],[-73.95344,41.26842],[-73.95305,41.26826],[-73.95127,41.26725],[-73.94983,41.26566],[-73.94848,41.26407],[-73.94724,41.26451]]}},{"type":"Feature","properties":{"id":"133928","type":"AC; OVERHEAD","status":"IN SERVICE","owner":"PECO ENERGY CO","voltage":230,"voltClass":"220-287"},"geometry":{"type":"LineString","coordinates":[[-75.11497,40.00875],[-75.10555,40.00223]]}},{"type":"Feature","properties":{"id":"132851","type":"AC; OVERHEAD","status":"IN SERVICE","owner":"PUBLIC SERVICE ELEC & GAS CO","voltage":230,"voltClass":"220-287"},"geometry":{"type":"LineString","coordinates":[[-74.87408,40.07523],[-74.87452,40.07567],[-74.87554,40.07524],[-74.87772,40.07407],[-74.87884,40.07226],[-74.87907,40.06952],[-74.87935,40.06669],[-74.87956,40.06394],[-74.87775,40.05982],[-74.8756,40.0549],[-74.87449,40.05229],[-74.87231,40.04722],[-74.87119,40.0446],[-74.87005,40.04198],[-74.86896,40.03941],[-74.86801,40.03718],[-74.86839,40.03476],[-74.87057,40.03354],[-74.87842,40.02919]]}},{"type":"Feature","properties":{"id":"133041","type":"AC; OVERHEAD","status":"IN SERVICE","owner":"PPL ELECTRIC UTILITIES CORP","voltage":138,"voltClass":"100-161"},"geometry":{"type":"LineString","coordinates":[[-75.45552,40.62126],[-75.45628,40.62222],[-75.45722,40.6233],[-75.45759,40.62389],[-75.45784,40.62425],[-75.45821,40.62481],[-75.45858,40.62535],[-75.45892,40.62587],[-75.45929,40.62641],[-75.45958,40.62691],[-75.45985,40.6274],[-75.46013,40.62789],[-75.46036,40.62831],[-75.4597,40.62853],[-75.45909,40.62874],[-75.45948,40.62992],[-75.45986,40.63098],[-75.46023,40.63207],[-75.46063,40.63327],[-75.46103,40.63432],[-75.46064,40.63542],[-75.46026,40.63669],[-75.45997,40.63764],[-75.45964,40.63881],[-75.45935,40.63983],[-75.46011,40.64045],[-75.46103,40.64112],[-75.46187,40.64177],[-75.4628,40.64242],[-75.46348,40.6436],[-75.46441,40.64495],[-75.46341,40.64584],[-75.46256,40.64704],[-75.46355,40.64837],[-75.46398,40.64889],[-75.46456,40.64966],[-75.46472,40.65112],[-75.46352,40.65246],[-75.46234,40.65369],[-75.46138,40.65502],[-75.46026,40.65645],[-75.45999,40.65673],[-75.45929,40.65768],[-75.45766,40.65807],[-75.45618,40.65797],[-75.45474,40.65783],[-75.45304,40.65885],[-75.45335,40.66003],[-75.45367,40.66123],[-75.45405,40.66245],[-75.45429,40.66345],[-75.45452,40.6645],[-75.45478,40.66558],[-75.45504,40.66669],[-75.45529,40.66783],[-75.45636,40.66891],[-75.45725,40.67013],[-75.45805,40.6714],[-75.45885,40.67266],[-75.45963,40.67389],[-75.46041,40.6751],[-75.46093,40.67626],[-75.46194,40.67859],[-75.46245,40.67976],[-75.46302,40.68092],[-75.46347,40.68195],[-75.46398,40.68305],[-75.46479,40.68392],[-75.46572,40.68495],[-75.46671,40.686],[-75.46766,40.68699],[-75.46818,40.68749],[-75.46909,40.68847],[-75.4689,40.68938],[-75.46872,40.69067],[-75.46857,40.69187],[-75.46841,40.69313],[-75.46832,40.69357]]}},{"type":"Feature","properties":{"id":"133108","type":"AC; UNDERGROUND","status":"IN SERVICE","owner":"PECO ENERGY CO","voltage":138,"voltClass":"100-161"},"geometry":{"type":"LineString","coordinates":[[-75.32603,39.86029],[-75.33525,39.90581]]}},{"type":"Feature","properties":{"id":"133205","type":"AC; OVERHEAD","status":"IN SERVICE","owner":"PECO ENERGY CO","voltage":230,"voltClass":"220-287"},"geometry":{"type":"LineString","coordinates":[[-75.18784,39.94294],[-75.18723,39.94285],[-75.1869,39.94224],[-75.18746,39.94105],[-75.18917,39.94139]]}},{"type":"Feature","properties":{"id":"133305","type":"AC; OVERHEAD","status":"IN SERVICE","owner":"PUBLIC SERVICE ELEC & GAS CO","voltage":230,"voltClass":"220-287"},"geometry":{"type":"LineString","coordinates":[[-74.05518,40.7634],[-74.05461,40.76402],[-74.04796,40.76824],[-74.04493,40.77273],[-74.04356,40.7753],[-74.04285,40.77799],[-74.0259,40.80397],[-74.02561,40.8042]]}},{"type":"Feature","properties":{"id":"131755","type":"OVERHEAD","status":null,"owner":"ATLANTIC CITY ELECTRIC CO","voltage":138,"voltClass":"100-161"},"geometry":{"type":"LineString","coordinates":[[-75.50866,39.68333],[-75.50731,39.68289]]}},{"type":"Feature","properties":{"id":"131769","type":"AC; OVERHEAD","status":"IN SERVICE","owner":"PECO ENERGY CO","voltage":138,"voltClass":"100-161"},"geometry":{"type":"LineString","coordinates":[[-75.02698,40.07242],[-75.02746,40.07192],[-75.02789,40.07256],[-75.02842,40.07351],[-75.02935,40.07503],[-75.03061,40.0771],[-75.03202,40.0794],[-75.03341,40.08165],[-75.03391,40.08236],[-75.03663,40.08372],[-75.03781,40.08351],[-75.03855,40.0833],[-75.03938,40.08289],[-75.0404,40.0824],[-75.04206,40.08156],[-75.04503,40.08003],[-75.04741,40.08331],[-75.0491,40.08201],[-75.0517,40.08001],[-75.05426,40.07807],[-75.05519,40.07731],[-75.05605,40.07672],[-75.05685,40.07615],[-75.05761,40.07553],[-75.05803,40.07485],[-75.05916,40.07399],[-75.0606,40.073],[-75.06213,40.072],[-75.06364,40.07111],[-75.0652,40.0703],[-75.06689,40.06948],[-75.06976,40.06832],[-75.07316,40.06718],[-75.07383,40.0667],[-75.07332,40.06609]]}},{"type":"Feature","properties":{"id":"131898","type":"AC; OVERHEAD","status":"IN SERVICE","owner":"PUBLIC SERVICE ELEC & GAS CO","voltage":230,"voltClass":"220-287"},"geometry":{"type":"LineString","coordinates":[[-75.13694,39.85901],[-75.13708,39.85949],[-75.13557,39.86158],[-75.13307,39.86475],[-75.13045,39.86833],[-75.13144,39.86965],[-75.13361,39.86939],[-75.13528,39.87005],[-75.13683,39.8697],[-75.13719,39.8697]]}},{"type":"Feature","properties":{"id":"135141","type":"AC; OVERHEAD","status":"IN SERVICE","owner":null,"voltage":500,"voltClass":"500"},"geometry":{"type":"LineString","coordinates":[[-74.74218,40.54435],[-74.74506,40.54398],[-74.74623,40.54363],[-74.75119,40.55179],[-74.75462,40.55341],[-74.7578,40.55485],[-74.76883,40.55996],[-74.77245,40.56167],[-74.77569,40.5632],[-74.78018,40.56533],[-74.79276,40.56004],[-74.79638,40.55891],[-74.81928,40.56107],[-74.83494,40.56258],[-74.83836,40.56289],[-74.84272,40.56329],[-74.84633,40.56362],[-74.85031,40.56398],[-74.86834,40.56572],[-74.89524,40.56824],[-74.90002,40.56871],[-74.90495,40.56914],[-74.91301,40.56986],[-74.92741,40.5715],[-74.9476,40.57238],[-74.95562,40.5651],[-74.97199,40.57253],[-74.98807,40.57326],[-75.00873,40.57411],[-75.02954,40.57981],[-75.04901,40.57704],[-75.05938,40.57952],[-75.06702,40.58939],[-75.08984,40.5953],[-75.10501,40.59334],[-75.11499,40.58867],[-75.11761,40.58744],[-75.12133,40.5858],[-75.12988,40.58261],[-75.13313,40.58122],[-75.14522,40.57549],[-75.14549,40.57396],[-75.14625,40.56965],[-75.14805,40.56844],[-75.15173,40.56596],[-75.15497,40.56378],[-75.15743,40.56211],[-75.16028,40.5602],[-75.16307,40.55971],[-75.16598,40.55918],[-75.16877,40.55829],[-75.1721,40.55724],[-75.17511,40.55628],[-75.17822,40.55529],[-75.18348,40.55361],[-75.18777,40.55225],[-75.19603,40.54969],[-75.20347,40.54529],[-75.2066,40.54348],[-75.21177,40.54267],[-75.21646,40.54193],[-75.22082,40.54124],[-75.22553,40.5405],[-75.22737,40.53896],[-75.22961,40.53708],[-75.23147,40.5362],[-75.23384,40.53508],[-75.23749,40.53336],[-75.25415,40.52561],[-75.25857,40.52354],[-75.26271,40.52166],[-75.2654,40.5204],[-75.26901,40.5186],[-75.27237,40.51768],[-75.27789,40.51618],[-75.28176,40.51514],[-75.28514,40.51423],[-75.28979,40.51297],[-75.29463,40.51166],[-75.29879,40.51054],[-75.30235,40.51096],[-75.30613,40.50963],[-75.3094,40.50848],[-75.31314,40.50717],[-75.31638,40.50603],[-75.32029,40.50466],[-75.32552,40.50282],[-75.32894,40.50162],[-75.33263,40.50032],[-75.33761,40.49856],[-75.34157,40.49715],[-75.34607,40.49556],[-75.35056,40.49397],[-75.35505,40.49248],[-75.35913,40.4939],[-75.36383,40.49555],[-75.36719,40.4968],[-75.37712,40.49523],[-75.38195,40.4945],[-75.38585,40.49391],[-75.38954,40.49335],[-75.39433,40.49263],[-75.3991,40.49197],[-75.40486,40.49196],[-75.40948,40.49194],[-75.41276,40.4919],[-75.41696,40.49192],[-75.42232,40.4919],[-75.42658,40.49189],[-75.43012,40.49188],[-75.434,40.49187],[-75.43837,40.49045],[-75.44272,40.48905],[-75.44923,40.48694],[-75.45363,40.48746],[-75.4569,40.48785],[-75.46128,40.48836],[-75.46453,40.48875],[-75.47032,40.48943],[-75.47418,40.48989],[-75.47784,40.49032],[-75.48413,40.49105],[-75.49214,40.49201],[-75.49661,40.49254],[-75.50197,40.4932],[-75.5064,40.49375],[-75.50926,40.49408],[-75.51683,40.49495],[-75.52242,40.49174],[-75.52555,40.48995],[-75.5283,40.48961],[-75.53162,40.4892],[-75.53609,40.48864],[-75.54104,40.48803],[-75.54603,40.48734],[-75.55088,40.4868],[-75.55513,40.48652],[-75.55891,40.48627],[-75.56279,40.48601],[-75.56815,40.48566],[-75.57532,40.48518],[-75.57844,40.48551],[-75.57979,40.48463],[-75.58171,40.48338],[-75.58287,40.48297],[-75.58309,40.48188]]}},{"type":"Feature","properties":{"id":"135578","type":"AC; OVERHEAD","status":"IN SERVICE","owner":"PUBLIC SERVICE ELEC & GAS CO","voltage":138,"voltClass":"100-161"},"geometry":{"type":"LineString","coordinates":[[-74.70069,40.22591],[-74.69996,40.22571],[-74.70004,40.22617],[-74.70006,40.22737],[-74.69838,40.22787],[-74.69661,40.2284],[-74.69481,40.22895],[-74.69299,40.22948],[-74.69131,40.22998],[-74.68985,40.23047],[-74.68856,40.23099],[-74.6874,40.23156],[-74.68628,40.23215],[-74.68526,40.23281],[-74.6842,40.23359],[-74.68325,40.2344],[-74.68206,40.23543],[-74.68077,40.23657],[-74.6796,40.2376],[-74.67844,40.23864],[-74.67725,40.23968],[-74.67609,40.24071],[-74.67478,40.24187],[-74.6735,40.24301],[-74.67221,40.24416],[-74.67096,40.24527],[-74.66971,40.24638],[-74.66842,40.24752],[-74.66723,40.24856],[-74.66149,40.25372],[-74.65157,40.26256],[-74.64376,40.26929],[-74.63962,40.27277],[-74.63735,40.27475],[-74.63637,40.27572],[-74.63325,40.27877],[-74.62823,40.28326],[-74.62562,40.28545],[-74.62311,40.28777],[-74.61806,40.29224],[-74.61707,40.29325],[-74.61246,40.29793],[-74.6114,40.29889],[-74.61033,40.29976],[-74.60876,40.30094],[-74.60739,40.30198],[-74.6059,40.30311],[-74.60478,40.30409],[-74.60103,40.30736],[-74.59706,40.31089],[-74.59568,40.31212],[-74.59458,40.3131],[-74.59199,40.31541],[-74.59082,40.31646],[-74.58961,40.31753],[-74.58841,40.31859],[-74.58718,40.31968],[-74.58603,40.32074],[-74.58485,40.32176],[-74.58365,40.32279],[-74.57822,40.32755],[-74.57191,40.33313],[-74.5706,40.33428],[-74.56893,40.33573],[-74.56867,40.336]]}},{"type":"Feature","properties":{"id":"135641","type":"AC; OVERHEAD","status":"IN SERVICE","owner":"PUBLIC SERVICE ELEC & GAS CO","voltage":230,"voltClass":"220-287"},"geometry":{"type":"LineString","coordinates":[[-74.88035,40.02803],[-74.88032,40.02818],[-74.87842,40.02919]]}},{"type":"Feature","properties":{"id":"134178","type":"AC; OVERHEAD","status":"IN SERVICE","owner":null,"voltage":230,"voltClass":"220-287"},"geometry":{"type":"LineString","coordinates":[[-75.62962,40.35525],[-75.62963,40.3558],[-75.62942,40.35615],[-75.62701,40.35865],[-75.62443,40.36123],[-75.62207,40.36368],[-75.61911,40.36667],[-75.61761,40.36821],[-75.61535,40.37002],[-75.61207,40.37259],[-75.60982,40.37437],[-75.60719,40.37643],[-75.60435,40.3787],[-75.60165,40.38055],[-75.59962,40.38195],[-75.59585,40.38452],[-75.59358,40.38608],[-75.59006,40.38848],[-75.58749,40.39024],[-75.58431,40.39241],[-75.58166,40.39485],[-75.579,40.39861],[-75.57751,40.40146],[-75.57611,40.40402],[-75.57474,40.40662],[-75.57236,40.40869],[-75.5708,40.41002],[-75.56867,40.41189],[-75.56674,40.41362],[-75.5637,40.41531],[-75.5614,40.41658],[-75.55827,40.41834],[-75.55562,40.42004],[-75.55203,40.42234],[-75.54844,40.42464],[-75.5461,40.42616],[-75.54334,40.42792],[-75.54093,40.42992],[-75.53772,40.43265],[-75.53472,40.43518],[-75.53242,40.43722],[-75.52952,40.43976],[-75.52661,40.4423],[-75.52377,40.44478],[-75.52181,40.44649],[-75.51844,40.44881],[-75.51489,40.45119],[-75.51214,40.4531],[-75.51068,40.45408],[-75.50901,40.4551],[-75.5068,40.4546],[-75.50581,40.45438],[-75.50393,40.45523]]}},{"type":"Feature","properties":{"id":"136218","type":"AC; OVERHEAD","status":"IN SERVICE","owner":"PUBLIC SERVICE ELEC & GAS CO","voltage":138,"voltClass":"100-161"},"geometry":{"type":"LineString","coordinates":[[-74.56867,40.336],[-74.56843,40.33613],[-74.56811,40.33652],[-74.56614,40.33833],[-74.56407,40.34057],[-74.56287,40.34188],[-74.56177,40.34314],[-74.56083,40.34415],[-74.55994,40.34502],[-74.558,40.34663],[-74.55414,40.34943],[-74.55078,40.35194],[-74.54964,40.35298],[-74.54455,40.35737],[-74.54327,40.35851],[-74.54198,40.35966],[-74.54087,40.36064],[-74.53951,40.36184],[-74.53584,40.36509],[-74.53464,40.36625],[-74.53345,40.36723],[-74.5319,40.36797]]}},{"type":"Feature","properties":{"id":"136260","type":"AC; OVERHEAD","status":"IN SERVICE","owner":"PECO ENERGY CO","voltage":230,"voltClass":"220-287"},"geometry":{"type":"LineString","coordinates":[[-75.02419,40.03665],[-75.024,40.03625],[-75.02364,40.0358],[-75.02363,40.03443],[-75.02364,40.03376],[-75.02392,40.03318]]}},{"type":"Feature","properties":{"id":"136330","type":"AC; OVERHEAD","status":"IN SERVICE","owner":"PUBLIC SERVICE ELEC & GAS CO","voltage":230,"voltClass":"220-287"},"geometry":{"type":"LineString","coordinates":[[-74.88035,40.02803],[-74.88014,40.02805],[-74.87832,40.029],[-74.87289,40.03205],[-74.8699,40.03372],[-74.86799,40.03444],[-74.86777,40.03722]]}},{"type":"Feature","properties":{"id":"136390","type":"AC; OVERHEAD","status":"IN SERVICE","owner":"JERSEY CENTRAL POWER & LT CO","voltage":230,"voltClass":"220-287"},"geometry":{"type":"LineString","coordinates":[[-74.42583,40.83364],[-74.42558,40.83357],[-74.42392,40.83373],[-74.39155,40.83206],[-74.38244,40.82757],[-74.38279,40.82185],[-74.38213,40.82046],[-74.38138,40.8189],[-74.37791,40.81888],[-74.37775,40.81934],[-74.37826,40.81942]]}},{"type":"Feature","properties":{"id":"136471","type":"AC; OVERHEAD","status":"IN SERVICE","owner":"PUBLIC SERVICE ELEC & GAS CO","voltage":230,"voltClass":"220-287"},"geometry":{"type":"LineString","coordinates":[[-74.56449,40.56022],[-74.56467,40.55967],[-74.56836,40.55493],[-74.56542,40.55311],[-74.56297,40.5516],[-74.56124,40.55204],[-74.55965,40.55252],[-74.55785,40.55302],[-74.55605,40.55355],[-74.55425,40.55408],[-74.55219,40.55465],[-74.55024,40.5552],[-74.54846,40.55572],[-74.54666,40.55626],[-74.54576,40.55652],[-74.5437,40.55711],[-74.54195,40.55762],[-74.54013,40.55814],[-74.53831,40.55867],[-74.53655,40.55916],[-74.53504,40.55961],[-74.53315,40.56019],[-74.53102,40.56043],[-74.52916,40.56014],[-74.52726,40.56017],[-74.52419,40.56023],[-74.52241,40.56025],[-74.52045,40.56026],[-74.51858,40.56031],[-74.51672,40.56033],[-74.51477,40.56038],[-74.51324,40.56038],[-74.51185,40.5604],[-74.50981,40.56042],[-74.50768,40.56047],[-74.50585,40.56051],[-74.50396,40.56053],[-74.50196,40.56056],[-74.49985,40.56059],[-74.49785,40.56064],[-74.49602,40.56067],[-74.49423,40.56068],[-74.49242,40.56071],[-74.49063,40.56075],[-74.48882,40.56077],[-74.48701,40.5608],[-74.48516,40.56081],[-74.48339,40.56083],[-74.48158,40.56087],[-74.47987,40.56089],[-74.47798,40.56092],[-74.4761,40.56094],[-74.47414,40.56098],[-74.47244,40.561],[-74.47057,40.56104],[-74.4685,40.56107],[-74.46623,40.56112],[-74.4645,40.56112],[-74.463,40.56115],[-74.46253,40.56087],[-74.46217,40.56081]]}},{"type":"Feature","properties":{"id":"136678","type":"AC; OVERHEAD","status":null,"owner":"CONSOLIDATED EDISON CO-NY INC","voltage":345,"voltClass":"345"},"geometry":{"type":"LineString","coordinates":[[-73.94724,41.26451],[-73.9477,41.26497],[-73.94974,41.26579],[-73.95119,41.26731],[-73.95299,41.26832],[-73.95343,41.26861],[-73.95364,41.26887],[-73.954,41.26908],[-73.95394,41.26922]]}},{"type":"Feature","properties":{"id":"134541","type":"AC; OVERHEAD","status":"IN SERVICE","owner":"JERSEY CENTRAL POWER & LT CO","voltage":230,"voltClass":"220-287"},"geometry":{"type":"LineString","coordinates":[[-74.46263,40.67809],[-74.46228,40.67839],[-74.46189,40.67891],[-74.46098,40.68058],[-74.4584,40.68211],[-74.45599,40.68358],[-74.45346,40.68512],[-74.45098,40.68663],[-74.44814,40.68831],[-74.44562,40.68973],[-74.44311,40.69115],[-74.44139,40.69214],[-74.43936,40.69331],[-74.43713,40.69459],[-74.43402,40.69445],[-74.43147,40.69594],[-74.42873,40.69753],[-74.42623,40.69888],[-74.40979,40.71196],[-74.4071,40.71348],[-74.4048,40.71476],[-74.4028,40.71587],[-74.40075,40.71704],[-74.39842,40.71834],[-74.39639,40.71948],[-74.39456,40.72053],[-74.39252,40.72209],[-74.3904,40.72363],[-74.38868,40.72495],[-74.38532,40.72546],[-74.38366,40.72651],[-74.37999,40.72901],[-74.37957,40.73039],[-74.3792,40.73159],[-74.37945,40.73261],[-74.37883,40.73302]]}},{"type":"Feature","properties":{"id":"134559","type":"AC; OVERHEAD","status":"IN SERVICE","owner":"PPL ELECTRIC UTILITIES CORP","voltage":138,"voltClass":"100-161"},"geometry":{"type":"LineString","coordinates":[[-75.53913,40.68025],[-75.53932,40.68005],[-75.53907,40.67975],[-75.53892,40.67829],[-75.53988,40.67823],[-75.54078,40.6782],[-75.54158,40.67816],[-75.54265,40.67805],[-75.54382,40.67793],[-75.54477,40.67783],[-75.54677,40.67765],[-75.54755,40.67756],[-75.54805,40.67699],[-75.54888,40.67747],[-75.54967,40.67792],[-75.55015,40.67736],[-75.55068,40.67679],[-75.55118,40.67623],[-75.55164,40.67573],[-75.55206,40.67528],[-75.55328,40.67593],[-75.55408,40.67637],[-75.55492,40.67682],[-75.55574,40.67727],[-75.55658,40.67771],[-75.55757,40.67745],[-75.55856,40.67719],[-75.55938,40.67698],[-75.56037,40.67672],[-75.56116,40.67649],[-75.56213,40.67625],[-75.56315,40.67599],[-75.56408,40.67572],[-75.56488,40.67534],[-75.5657,40.67496],[-75.56648,40.67457],[-75.56733,40.67418],[-75.56812,40.67378],[-75.56897,40.67338],[-75.56945,40.67216],[-75.56995,40.6709],[-75.57074,40.67067],[-75.57157,40.67039],[-75.5726,40.67033],[-75.57365,40.67028],[-75.57462,40.67023],[-75.5756,40.67016],[-75.5766,40.67011],[-75.57713,40.6698],[-75.57778,40.66944],[-75.578,40.66802],[-75.5787,40.66755],[-75.57942,40.66709],[-75.58001,40.66671],[-75.5806,40.66632],[-75.58143,40.66607],[-75.5823,40.66581],[-75.58385,40.66538]]}},{"type":"Feature","properties":{"id":"134580","type":"AC; OVERHEAD","status":"IN SERVICE","owner":"JERSEY CENTRAL POWER & LT CO","voltage":230,"voltClass":"220-287"},"geometry":{"type":"LineString","coordinates":[[-74.37826,40.81942],[-74.3777,40.81955],[-74.37731,40.82007],[-74.37502,40.81997],[-74.37315,40.81989],[-74.36489,40.81954],[-74.35022,40.81898],[-74.34609,40.81882],[-74.34719,40.81598],[-74.34757,40.81448],[-74.34793,40.81304],[-74.34833,40.81146],[-74.34869,40.81002],[-74.34906,40.80858],[-74.34824,40.80673],[-74.34755,40.80519],[-74.34685,40.80359],[-74.34612,40.80195],[-74.346,40.80004],[-74.3458,40.79856],[-74.34573,40.79809],[-74.34563,40.79738],[-74.34531,40.79509],[-74.34672,40.79246],[-74.34609,40.79052],[-74.3454,40.78836],[-74.34607,40.78681],[-74.34677,40.7852],[-74.34568,40.78402],[-74.34444,40.78268],[-74.34294,40.78223],[-74.34085,40.78159],[-74.33883,40.78086],[-74.3313,40.77817],[-74.33094,40.7774],[-74.3334,40.77368],[-74.33877,40.77157],[-74.34108,40.76935],[-74.34321,40.7673],[-74.34601,40.76561],[-74.3488,40.764],[-74.35188,40.76029],[-74.3575,40.75801],[-74.35751,40.75594],[-74.35747,40.7538],[-74.35943,40.7509],[-74.3626,40.74995],[-74.36581,40.749],[-74.36598,40.74684],[-74.36618,40.74531],[-74.36781,40.74389],[-74.36977,40.74224],[-74.37148,40.74081],[-74.37138,40.73643],[-74.37352,40.73515],[-74.37552,40.73403],[-74.37717,40.73334],[-74.37838,40.73335],[-74.37883,40.73302]]}},{"type":"Feature","properties":{"id":"134944","type":"AC; OVERHEAD","status":"IN SERVICE","owner":"JERSEY CENTRAL POWER & LT CO","voltage":230,"voltClass":"220-287"},"geometry":{"type":"LineString","coordinates":[[-74.84564,40.51555],[-74.84523,40.51576],[-74.84421,40.51405],[-74.8435,40.51272],[-74.8405,40.51134],[-74.83695,40.50968],[-74.83778,40.50786],[-74.83893,40.5054],[-74.84006,40.50295],[-74.84108,40.5004],[-74.84065,40.49784],[-74.84018,40.49482],[-74.83975,40.4923],[-74.83926,40.48931],[-74.83877,40.48637],[-74.83832,40.48369],[-74.83776,40.48029],[-74.83729,40.47735],[-74.83682,40.47451],[-74.83668,40.47403],[-74.83653,40.47344],[-74.83358,40.47571],[-74.83058,40.47803],[-74.82766,40.48028],[-74.82456,40.48264],[-74.82149,40.48497],[-74.81829,40.48741],[-74.81507,40.48986],[-74.8119,40.49227],[-74.80909,40.49468],[-74.80643,40.49696],[-74.80381,40.49923],[-74.80102,40.50163],[-74.79836,40.50391],[-74.79582,40.50609],[-74.79327,40.50831],[-74.7907,40.51053],[-74.78811,40.51281],[-74.78478,40.51517],[-74.78189,40.51714],[-74.77878,40.51928],[-74.77562,40.52145],[-74.7724,40.52365],[-74.76912,40.52592],[-74.76618,40.52796],[-74.76305,40.5301],[-74.75976,40.53236],[-74.75648,40.5346],[-74.75385,40.5364],[-74.75073,40.53858],[-74.7476,40.54062],[-74.74469,40.54248],[-74.74179,40.54234],[-74.74134,40.54292],[-74.74095,40.54415],[-74.74047,40.54468],[-74.74218,40.54435]]}},{"type":"Feature","properties":{"id":"135673","type":"AC; OVERHEAD","status":"IN SERVICE","owner":"PECO ENERGY CO","voltage":230,"voltClass":"220-287"},"geometry":{"type":"LineString","coordinates":[[-75.14842,40.00024],[-75.14797,40.00012],[-75.14793,39.99975],[-75.1513,39.99852],[-75.15402,39.99764],[-75.15626,39.99679],[-75.15745,39.99717],[-75.15908,39.99982],[-75.16088,40.00109],[-75.1623,40.00232],[-75.16435,40.00357],[-75.16751,40.00433],[-75.17055,40.00545],[-75.17171,40.00612],[-75.17342,40.00654]]}},{"type":"Feature","properties":{"id":"135719","type":"AC; OVERHEAD","status":"IN SERVICE","owner":"PECO ENERGY CO","voltage":138,"voltClass":"100-161"},"geometry":{"type":"LineString","coordinates":[[-75.34582,39.85614],[-75.34494,39.85633],[-75.34444,39.85559],[-75.34328,39.85626],[-75.34172,39.85728],[-75.34103,39.85784],[-75.33971,39.85891],[-75.33857,39.86008],[-75.33798,39.86071],[-75.33718,39.86118],[-75.33442,39.85961],[-75.33313,39.86014],[-75.33191,39.85964],[-75.33176,39.85965]]}},{"type":"Feature","properties":{"id":"135854","type":"AC; OVERHEAD","status":"IN SERVICE","owner":"JERSEY CENTRAL POWER & LT CO","voltage":230,"voltClass":"220-287"},"geometry":{"type":"LineString","coordinates":[[-74.11847,40.25416],[-74.11915,40.2539],[-74.1196,40.25409],[-74.12408,40.25643],[-74.14344,40.26695],[-74.16102,40.27664],[-74.16786,40.28327],[-74.17272,40.28807],[-74.1788,40.29408],[-74.1847,40.29736],[-74.18599,40.30117],[-74.19428,40.30937],[-74.20371,40.31648],[-74.20914,40.32417],[-74.2188,40.32857],[-74.22266,40.3333],[-74.22421,40.33509],[-74.22779,40.34],[-74.22581,40.34185],[-74.22613,40.34976],[-74.22993,40.35142],[-74.23258,40.35531],[-74.23459,40.35757],[-74.23722,40.36126],[-74.23935,40.3642],[-74.24284,40.36902],[-74.2487,40.36879],[-74.25017,40.3694],[-74.24945,40.37503],[-74.24611,40.38492],[-74.24519,40.38767],[-74.24435,40.39017],[-74.24349,40.39276],[-74.24271,40.39509],[-74.24212,40.39685],[-74.24246,40.39732],[-74.24291,40.39762]]}},{"type":"Feature","properties":{"id":"135867","type":"AC; OVERHEAD","status":"IN SERVICE","owner":"JERSEY CENTRAL POWER & LT CO","voltage":230,"voltClass":"220-287"},"geometry":{"type":"LineString","coordinates":[[-75.1594,40.70708],[-75.16015,40.70379],[-75.16091,40.70048],[-75.15835,40.6981],[-75.15564,40.69559],[-75.15286,40.693],[-75.15022,40.69055],[-75.14752,40.68804],[-75.14509,40.68578],[-75.14257,40.68344],[-75.14006,40.6811],[-75.13754,40.67877],[-75.13503,40.67643],[-75.13254,40.67412],[-75.1324,40.67219],[-75.13237,40.67181],[-75.13197,40.66789],[-75.13194,40.66757],[-75.13168,40.66462],[-75.13136,40.66132],[-75.13105,40.65799],[-75.13074,40.65473],[-75.13043,40.65143],[-75.13024,40.6494],[-75.13005,40.64736],[-75.13169,40.64442],[-75.13334,40.64149],[-75.13464,40.63917],[-75.13609,40.63659],[-75.13611,40.63654],[-75.13625,40.6363],[-75.13814,40.63373],[-75.14167,40.62895],[-75.14197,40.62855],[-75.14385,40.62594],[-75.14399,40.62572],[-75.14564,40.62318],[-75.14739,40.62049],[-75.14877,40.61814],[-75.15061,40.61528],[-75.1523,40.61267],[-75.15376,40.61041],[-75.15544,40.6078],[-75.15694,40.60548],[-75.15887,40.60248],[-75.15975,40.5997],[-75.16061,40.59695],[-75.16148,40.59419],[-75.16235,40.59142],[-75.16312,40.58899],[-75.16398,40.58626],[-75.16474,40.58383],[-75.1648,40.58365],[-75.1657,40.58078],[-75.16658,40.578],[-75.1664,40.57628],[-75.16491,40.57382],[-75.16345,40.57142],[-75.1617,40.56967],[-75.16227,40.56933],[-75.16213,40.56873]]}},{"type":"Feature","properties":{"id":"135887","type":"AC; OVERHEAD","status":"IN SERVICE","owner":null,"voltage":500,"voltClass":"500"},"geometry":{"type":"LineString","coordinates":[[-76.71297,40.14995],[-76.71045,40.14867],[-76.70823,40.14753],[-76.70565,40.14903],[-76.7034,40.15026],[-76.69989,40.15218],[-76.69627,40.15414],[-76.69415,40.15526],[-76.69155,40.15992],[-76.69026,40.16222],[-76.68821,40.16592],[-76.68653,40.16896],[-76.68519,40.17131],[-76.68139,40.17204],[-76.67794,40.17271],[-76.67448,40.1734],[-76.67027,40.17425],[-76.66633,40.175],[-76.66235,40.17576],[-76.65887,40.17645],[-76.65528,40.17715],[-76.65113,40.17796],[-76.64697,40.17877],[-76.64324,40.17952],[-76.63907,40.18036],[-76.63552,40.18105],[-76.63109,40.18195],[-76.62735,40.18265],[-76.62398,40.1833],[-76.62093,40.18389],[-76.6173,40.18558],[-76.61437,40.18699],[-76.61202,40.1881],[-76.6083,40.18988],[-76.60543,40.19121],[-76.60203,40.19283],[-76.59877,40.19344],[-76.59438,40.19428],[-76.59014,40.19509],[-76.58596,40.19588],[-76.58249,40.19653],[-76.57797,40.1974],[-76.57388,40.19819],[-76.57037,40.19885],[-76.56666,40.19955],[-76.56314,40.20021],[-76.55956,40.20126],[-76.55583,40.20236],[-76.55179,40.20355],[-76.54752,40.20483],[-76.54375,40.20596],[-76.54159,40.2066],[-76.5387,40.20572],[-76.53505,40.20458],[-76.53132,40.20346],[-76.52662,40.20204],[-76.52235,40.20074],[-76.51734,40.19923],[-76.51293,40.19806],[-76.50853,40.19689],[-76.50455,40.19582],[-76.50114,40.19439],[-76.49785,40.19302],[-76.49308,40.19372],[-76.48825,40.19412],[-76.48419,40.19448],[-76.47963,40.19487],[-76.4746,40.19529],[-76.47005,40.19567],[-76.46705,40.1966],[-76.46378,40.19761],[-76.4605,40.19862],[-76.45649,40.19987],[-76.45416,40.20058],[-76.44999,40.20188],[-76.44664,40.20192],[-76.44245,40.20197],[-76.43821,40.20204],[-76.43457,40.20208],[-76.43036,40.20214],[-76.4248,40.2022],[-76.42112,40.20338],[-76.41551,40.20514],[-76.41219,40.20617],[-76.40854,40.20733],[-76.40491,40.20849],[-76.40162,40.20953],[-76.39769,40.21077],[-76.39339,40.21066],[-76.39028,40.2106],[-76.38582,40.2105],[-76.38182,40.21216],[-76.37796,40.21377],[-76.37426,40.21531],[-76.36937,40.21612],[-76.36446,40.21694],[-76.35957,40.21776],[-76.35497,40.21851],[-76.34993,40.21935],[-76.34458,40.22049],[-76.34027,40.22138],[-76.33624,40.22224],[-76.33268,40.22298],[-76.32865,40.22385],[-76.32543,40.22452],[-76.32164,40.22532],[-76.31645,40.22642],[-76.31249,40.22723],[-76.30836,40.22811],[-76.30488,40.22882],[-76.30089,40.22966],[-76.29577,40.22882],[-76.29196,40.22818],[-76.28806,40.22752],[-76.28311,40.22669],[-76.27819,40.22588],[-76.27341,40.22508],[-76.26988,40.22527],[-76.26302,40.22565],[-76.26025,40.2244],[-76.25624,40.2226],[-76.25315,40.22119],[-76.24962,40.22169],[-76.24557,40.22225],[-76.2414,40.22283],[-76.23782,40.22333],[-76.23258,40.22405],[-76.22813,40.22468],[-76.22467,40.22402],[-76.22084,40.22328],[-76.21611,40.22239],[-76.21115,40.22144],[-76.20617,40.22177],[-76.20188,40.22203],[-76.19833,40.22227],[-76.19404,40.22254],[-76.18941,40.22284],[-76.18529,40.2231],[-76.18111,40.22239],[-76.17762,40.22178],[-76.1739,40.22111],[-76.17004,40.22044],[-76.16493,40.21954],[-76.16169,40.21959],[-76.15811,40.21968],[-76.15383,40.21974],[-76.14883,40.21982],[-76.14381,40.22036],[-76.13893,40.22091],[-76.1343,40.22141],[-76.13106,40.22176],[-76.12822,40.22115],[-76.12534,40.22054],[-76.12104,40.22082],[-76.11583,40.22003],[-76.11175,40.22025],[-76.1067,40.22048],[-76.1053,40.21812],[-76.10402,40.21604],[-76.10006,40.21473],[-76.09602,40.21339],[-76.0913,40.21183],[-76.08704,40.21042],[-76.08312,40.21057],[-76.08141,40.21257],[-76.08024,40.21394],[-76.07778,40.21401],[-76.07458,40.21402],[-76.07102,40.21402],[-76.06856,40.21282],[-76.06568,40.21412],[-76.06278,40.21487],[-76.05857,40.21596],[-76.05441,40.21668],[-76.05091,40.2173],[-76.0467,40.21801],[-76.04109,40.21895],[-76.03697,40.21965],[-76.03171,40.22052],[-76.02711,40.2199],[-76.0239,40.21946],[-76.01921,40.21881],[-76.01652,40.21845],[-76.01203,40.21819],[-76.00911,40.21803],[-76.00514,40.2178],[-76.00214,40.21763],[-75.99939,40.21747],[-75.99306,40.2188],[-75.98812,40.21977],[-75.98162,40.22111],[-75.97912,40.22161],[-75.97436,40.22261],[-75.96996,40.22353],[-75.96642,40.22424],[-75.96238,40.22508],[-75.959,40.2271],[-75.95499,40.22952],[-75.95221,40.23117],[-75.95094,40.23191],[-75.94611,40.23268],[-75.9419,40.23336],[-75.93839,40.2339],[-75.93523,40.23443],[-75.93324,40.2359],[-75.93063,40.23779],[-75.92772,40.23989],[-75.92421,40.24246],[-75.92083,40.2432],[-75.91668,40.24415],[-75.91346,40.24489],[-75.9083,40.24733],[-75.90708,40.24789],[-75.90206,40.25025],[-75.89878,40.2518],[-75.89466,40.25271],[-75.89167,40.25338],[-75.88466,40.25495],[-75.88082,40.25584],[-75.8761,40.25663],[-75.87326,40.25708],[-75.86859,40.25787],[-75.86294,40.25845],[-75.8597,40.25879],[-75.85267,40.25983],[-75.84777,40.26052],[-75.84603,40.26079],[-75.84181,40.26139],[-75.83635,40.26219],[-75.83522,40.26449],[-75.8338,40.26728],[-75.83246,40.27004],[-75.83112,40.27273],[-75.82945,40.27424],[-75.82676,40.27667],[-75.82506,40.27924],[-75.82297,40.2824],[-75.82228,40.2864],[-75.82168,40.2883],[-75.82191,40.28962],[-75.82259,40.29337],[-75.82053,40.29641],[-75.81681,40.29898],[-75.81308,40.30155],[-75.81022,40.30353],[-75.80696,40.3064],[-75.80468,40.30848],[-75.8021,40.31083],[-75.79853,40.31129],[-75.79384,40.31189],[-75.79059,40.31232],[-75.78561,40.31364],[-75.78326,40.31427],[-75.77863,40.31455],[-75.77448,40.3148],[-75.77341,40.31805],[-75.77228,40.32161],[-75.77112,40.32544],[-75.77037,40.32785],[-75.76959,40.3301],[-75.76874,40.33308],[-75.7676,40.33713],[-75.76719,40.33852],[-75.76367,40.33864],[-75.75967,40.33876],[-75.75608,40.33885],[-75.75214,40.33896],[-75.74841,40.33907],[-75.74458,40.33917],[-75.74049,40.33925],[-75.7367,40.33935],[-75.7326,40.33948],[-75.72726,40.3396],[-75.7249,40.33967],[-75.71977,40.33981],[-75.71487,40.33994],[-75.71267,40.34156],[-75.70945,40.34389],[-75.70537,40.34682],[-75.70204,40.34785],[-75.69866,40.34893],[-75.69478,40.35015],[-75.69145,40.3512],[-75.68745,40.35243],[-75.68505,40.35322],[-75.68141,40.35437],[-75.67894,40.35549],[-75.67464,40.35742],[-75.67101,40.35906],[-75.66622,40.36121],[-75.66356,40.36344],[-75.65947,40.36686],[-75.65715,40.36879],[-75.65398,40.37174],[-75.65217,40.37348],[-75.64976,40.37569],[-75.64769,40.37729],[-75.64498,40.37933],[-75.64104,40.38209],[-75.6363,40.37984],[-75.63105,40.37734],[-75.62892,40.37619],[-75.62546,40.37428],[-75.62248,40.37268],[-75.61831,40.37565],[-75.61388,40.37296],[-75.60928,40.37537],[-75.60734,40.37545],[-75.60546,40.37551],[-75.60419,40.37708],[-75.60286,40.37874],[-75.60129,40.38023],[-75.59923,40.38164],[-75.59548,40.38422],[-75.59262,40.38617],[-75.5897,40.38818],[-75.58713,40.38994],[-75.58389,40.39212],[-75.58121,40.39463],[-75.57975,40.39667],[-75.57849,40.39847],[-75.57697,40.40131],[-75.57561,40.40386],[-75.57426,40.40641],[-75.57194,40.40842],[-75.57039,40.40975],[-75.56823,40.41166],[-75.56635,40.41332],[-75.56341,40.41497],[-75.56106,40.41627],[-75.5579,40.41802],[-75.55527,40.41973],[-75.55169,40.42202],[-75.54814,40.4243],[-75.54576,40.42583],[-75.54296,40.42762],[-75.54054,40.42967],[-75.53733,40.43235],[-75.5343,40.43494],[-75.53201,40.43695],[-75.52913,40.43947],[-75.52621,40.44204],[-75.52341,40.4445],[-75.52144,40.44623],[-75.51806,40.4485],[-75.5157,40.4501],[-75.5129,40.45203],[-75.50981,40.45411],[-75.51039,40.45512],[-75.5092,40.45642],[-75.50827,40.45716]]}},{"type":"Feature","properties":{"id":"135986","type":"AC; OVERHEAD","status":"IN SERVICE","owner":"PPL ELECTRIC UTILITIES CORP","voltage":138,"voltClass":"100-161"},"geometry":{"type":"LineString","coordinates":[[-75.5058,40.68885],[-75.50555,40.68918],[-75.50426,40.68901]]}},{"type":"Feature","properties":{"id":"139283","type":"AC; OVERHEAD","status":null,"owner":"CONSOLIDATED EDISON CO-NY INC","voltage":138,"voltClass":"100-161"},"geometry":{"type":"LineString","coordinates":[[-73.89809,40.78179],[-73.89804,40.78168],[-73.89758,40.7814],[-73.89726,40.78136]]}},{"type":"Feature","properties":{"id":"139306","type":"AC; OVERHEAD","status":"IN SERVICE","owner":null,"voltage":138,"voltClass":"100-161"},"geometry":{"type":"LineString","coordinates":[[-74.27607,41.34229],[-74.27359,41.33788],[-74.27122,41.33348],[-74.26779,41.32711],[-74.26671,41.32528],[-74.26556,41.32306],[-74.26481,41.32135],[-74.2633,41.31755],[-74.26178,41.31384],[-74.26056,41.31064],[-74.26013,41.31069]]}},{"type":"Feature","properties":{"id":"139343","type":"AC; OVERHEAD","status":"IN SERVICE","owner":"ATLANTIC CITY ELECTRIC CO","voltage":500,"voltClass":"500"},"geometry":{"type":"LineString","coordinates":[[-75.53392,39.46745],[-75.5305,39.46632],[-75.53057,39.46394],[-75.53262,39.46341]]}},{"type":"Feature","properties":{"id":"139450","type":"AC; OVERHEAD","status":"IN SERVICE","owner":"PUBLIC SERVICE ELEC & GAS CO","voltage":230,"voltClass":"220-287"},"geometry":{"type":"LineString","coordinates":[[-74.88035,40.02803],[-74.88053,40.02801],[-74.88097,40.02783],[-74.88355,40.02651],[-74.88631,40.0251],[-74.88933,40.0236],[-74.89214,40.0222],[-74.8948,40.02087],[-74.89716,40.0197],[-74.89968,40.01845],[-74.90226,40.01716],[-74.90527,40.01567],[-74.90938,40.01362],[-74.91181,40.01241],[-74.9168,40.01089],[-74.91977,40.00999],[-74.92266,40.00911],[-74.92561,40.00821],[-74.92851,40.00732],[-74.93118,40.00651],[-74.9344,40.00553],[-74.93768,40.00453],[-74.94084,40.00357],[-74.94411,40.00257],[-74.9501,40.00075],[-74.95332,39.99977],[-74.95634,39.99885],[-74.959,39.99861],[-74.96144,39.99839],[-74.96502,39.99806],[-74.96903,39.99755]]}},{"type":"Feature","properties":{"id":"139619","type":"AC; OVERHEAD","status":"IN SERVICE","owner":"PUBLIC SERVICE ELEC & GAS CO","voltage":230,"voltClass":"220-287"},"geometry":{"type":"LineString","coordinates":[[-74.34615,40.53139],[-74.34883,40.53044],[-74.35008,40.531],[-74.35101,40.53027],[-74.3527,40.52903],[-74.35424,40.5279],[-74.35515,40.52723],[-74.35671,40.52607],[-74.35806,40.52506],[-74.35921,40.52421],[-74.36077,40.52305],[-74.3621,40.5221],[-74.36346,40.5211],[-74.36471,40.52017],[-74.36758,40.51805],[-74.36887,40.51709],[-74.37754,40.51072],[-74.37908,40.50956],[-74.38009,40.50877],[-74.38103,40.50795],[-74.38186,40.50708],[-74.38289,40.50595],[-74.38398,40.50473],[-74.38505,40.50355],[-74.38618,40.5023],[-74.38852,40.49971],[-74.38967,40.49839],[-74.39073,40.49731],[-74.39168,40.49624],[-74.39411,40.49407],[-74.39568,40.49269],[-74.39396,40.49157],[-74.39537,40.49024],[-74.39776,40.49093],[-74.39987,40.48915],[-74.40208,40.48723],[-74.41076,40.48512],[-74.41218,40.48474],[-74.41346,40.48408],[-74.41503,40.48316],[-74.41698,40.48204],[-74.41856,40.48111],[-74.42015,40.48019],[-74.42095,40.47964],[-74.42573,40.47576],[-74.43237,40.47035],[-74.43368,40.46923],[-74.43452,40.4684],[-74.43538,40.46732],[-74.43632,40.4661],[-74.43738,40.46477],[-74.43803,40.46412],[-74.43922,40.46305],[-74.44041,40.46199],[-74.44159,40.46091],[-74.44277,40.45983],[-74.44398,40.45876],[-74.44521,40.4577],[-74.44668,40.45642],[-74.44791,40.45579],[-74.45229,40.4537],[-74.45315,40.4532],[-74.45389,40.45263],[-74.45452,40.45197],[-74.45498,40.45124],[-74.4557,40.44998],[-74.45627,40.4491],[-74.45697,40.44827],[-74.45957,40.44588],[-74.45969,40.44566],[-74.46416,40.4416],[-74.46495,40.4408],[-74.46656,40.43869],[-74.46688,40.43653],[-74.46772,40.43042],[-74.4681,40.42784],[-74.46833,40.42702],[-74.46874,40.42624],[-74.4693,40.42553],[-74.4701,40.42469],[-74.47128,40.42346],[-74.47249,40.42224],[-74.47577,40.41891],[-74.47931,40.41528],[-74.4815,40.41308],[-74.48239,40.41224],[-74.48724,40.40794],[-74.48633,40.40672],[-74.48334,40.40764],[-74.48252,40.40644],[-74.48361,40.40599],[-74.48529,40.40553]]}},{"type":"Feature","properties":{"id":"164714","type":"AC; OVERHEAD","status":"IN SERVICE","owner":"PECO ENERGY CO","voltage":138,"voltClass":"100-161"},"geometry":{"type":"LineString","coordinates":[[-75.37563,39.84205],[-75.37474,39.84252],[-75.37159,39.84424],[-75.37014,39.84502],[-75.36708,39.84666],[-75.36549,39.84735],[-75.36379,39.84802],[-75.36111,39.84906],[-75.35839,39.85009],[-75.35278,39.8522],[-75.35015,39.85318],[-75.34733,39.85428],[-75.34616,39.85478],[-75.3469,39.85558],[-75.34582,39.85614]]}},{"type":"Feature","properties":{"id":"164715","type":"AC; OVERHEAD","status":"IN SERVICE","owner":"PECO ENERGY CO","voltage":138,"voltClass":"100-161"},"geometry":{"type":"LineString","coordinates":[[-75.37563,39.84205],[-75.37613,39.84298]]}},{"type":"Feature","properties":{"id":"165017","type":"AC; OVERHEAD","status":"IN SERVICE","owner":"PUBLIC SERVICE ELEC & GAS CO","voltage":230,"voltClass":"220-287"},"geometry":{"type":"LineString","coordinates":[[-74.17497,40.74798],[-74.17518,40.74703]]}},{"type":"Feature","properties":{"id":"136974","type":"AC; OVERHEAD","status":"IN SERVICE","owner":"PUBLIC SERVICE ELEC & GAS CO","voltage":230,"voltClass":"220-287"},"geometry":{"type":"LineString","coordinates":[[-74.24801,40.55687],[-74.24932,40.55663],[-74.25,40.55805],[-74.25145,40.55897],[-74.25359,40.56036],[-74.25573,40.56319],[-74.25631,40.56528],[-74.25697,40.56763],[-74.25939,40.57027],[-74.26316,40.57077],[-74.26681,40.57126],[-74.2705,40.57188],[-74.27391,40.57244],[-74.27733,40.57301],[-74.27961,40.57337],[-74.28211,40.57299],[-74.28458,40.57261],[-74.28681,40.57069],[-74.29395,40.5645],[-74.29445,40.56415],[-74.29482,40.56398]]}},{"type":"Feature","properties":{"id":"137181","type":"AC; OVERHEAD","status":null,"owner":"CONSOLIDATED EDISON CO-NY INC","voltage":138,"voltClass":"100-161"},"geometry":{"type":"LineString","coordinates":[[-73.94173,41.27707],[-73.9422,41.27714],[-73.94234,41.27671]]}},{"type":"Feature","properties":{"id":"137189","type":"AC; OVERHEAD","status":"IN SERVICE","owner":"PECO ENERGY CO","voltage":138,"voltClass":"100-161"},"geometry":{"type":"LineString","coordinates":[[-74.92551,40.13015],[-74.92485,40.12937],[-74.92335,40.1294],[-74.92237,40.12928],[-74.9202,40.12971],[-74.91541,40.13128],[-74.90991,40.13307],[-74.90529,40.13459],[-74.90098,40.13601],[-74.89411,40.13803],[-74.89062,40.13903],[-74.88817,40.13948],[-74.88515,40.14004],[-74.88164,40.1407],[-74.87809,40.14136],[-74.87213,40.14247],[-74.86873,40.1431],[-74.86547,40.14369],[-74.86213,40.14431],[-74.85458,40.14572],[-74.84972,40.14633],[-74.84872,40.14649],[-74.8479,40.14624],[-74.84683,40.14536],[-74.84547,40.14463]]}},{"type":"Feature","properties":{"id":"137228","type":"AC; OVERHEAD","status":"IN SERVICE","owner":"PUBLIC SERVICE ELEC & GAS CO","voltage":230,"voltClass":"220-287"},"geometry":{"type":"LineString","coordinates":[[-74.96903,39.99755],[-74.96918,39.99772],[-74.97212,39.99753],[-74.97512,39.99724],[-74.97858,39.99696],[-74.98122,39.99615],[-74.98393,39.99532],[-74.98696,39.99439],[-74.99012,39.99342],[-74.99323,39.99247],[-74.99593,39.99164],[-74.99819,39.99095],[-75.01566,39.98046],[-75.01849,39.97876],[-75.02133,39.97705],[-75.02411,39.9754],[-75.02669,39.97387],[-75.0291,39.97245],[-75.03205,39.9707],[-75.03463,39.96962],[-75.0378,39.9683],[-75.04112,39.96697],[-75.04348,39.96635],[-75.04463,39.96626],[-75.04466,39.96581]]}},{"type":"Feature","properties":{"id":"137255","type":"AC; OVERHEAD","status":"IN SERVICE","owner":"CONSOLIDATED EDISON CO-NY INC","voltage":345,"voltClass":"345"},"geometry":{"type":"LineString","coordinates":[[-74.15554,41.15004],[-74.15546,41.1509],[-74.15489,41.15128],[-74.15321,41.1527],[-74.15143,41.15194],[-74.14736,41.15014],[-74.14534,41.14926],[-74.14346,41.14841],[-74.1409,41.14734],[-74.1381,41.14604],[-74.13477,41.1464],[-74.13318,41.14656],[-74.13064,41.14807],[-74.12874,41.14921],[-74.12677,41.15036],[-74.12415,41.1519],[-74.12141,41.15354],[-74.11893,41.15502],[-74.11723,41.15601],[-74.11486,41.15741],[-74.11307,41.15848],[-74.11173,41.15927],[-74.11096,41.15966],[-74.10839,41.16104],[-74.1034,41.1637],[-74.10197,41.16461],[-74.10057,41.16575],[-74.09646,41.16912],[-74.09525,41.17007],[-74.09349,41.17148],[-74.09201,41.17271],[-74.08968,41.17457],[-74.08836,41.17563],[-74.08601,41.17754],[-74.08391,41.17951],[-74.08178,41.18121],[-74.08002,41.18258],[-74.07764,41.18439],[-74.07529,41.1863],[-74.0732,41.18794],[-74.07145,41.18932],[-74.07,41.1905],[-74.068,41.19207],[-74.0662,41.19354],[-74.06544,41.19489],[-74.06479,41.19597],[-74.06287,41.19774],[-74.06116,41.19931],[-74.05936,41.20094],[-74.05728,41.20292],[-74.05635,41.20524],[-74.05503,41.20677],[-74.0537,41.20832],[-74.05151,41.21059],[-74.05048,41.21234],[-74.04953,41.21395],[-74.04843,41.2159],[-74.04723,41.21796],[-74.0457,41.21955],[-74.04465,41.22111],[-74.0436,41.22254],[-74.04242,41.22419],[-74.04089,41.22621],[-74.03858,41.22715],[-74.03466,41.22873],[-74.03247,41.2296],[-74.03174,41.23173],[-74.03101,41.23376],[-74.02832,41.2348],[-74.02647,41.23555],[-74.02469,41.23625],[-74.02271,41.23758],[-74.02007,41.23949],[-74.01776,41.24115],[-74.0178,41.24312],[-74.01834,41.24442],[-74.01894,41.24588],[-74.01789,41.24759],[-74.01612,41.24792],[-74.01312,41.24846],[-74.01174,41.24897],[-74.00974,41.24972],[-74.00714,41.25175],[-74.00538,41.25317],[-74.00378,41.25445],[-74.00226,41.25436],[-73.99979,41.25419],[-73.9982,41.25329],[-73.99636,41.2523],[-73.9928,41.25112],[-73.99064,41.25045],[-73.98813,41.25036],[-73.98622,41.25173],[-73.98445,41.25301],[-73.98313,41.25391],[-73.9813,41.25514],[-73.98076,41.25624],[-73.98129,41.25707],[-73.98053,41.25792],[-73.98006,41.25918],[-73.97961,41.26051],[-73.97996,41.26287],[-73.98026,41.26539],[-73.98059,41.26569],[-73.98212,41.26619],[-73.98051,41.26577],[-73.97824,41.26516],[-73.96379,41.26103],[-73.9588,41.25957],[-73.95811,41.25993],[-73.95612,41.26119],[-73.95418,41.26246],[-73.95228,41.26368],[-73.94957,41.26376],[-73.94718,41.26267],[-73.94583,41.26334],[-73.94566,41.26342],[-73.94574,41.26368],[-73.94576,41.26373],[-73.9458,41.26386],[-73.94592,41.26421],[-73.94604,41.26457],[-73.94608,41.26471],[-73.94724,41.26451]]}},{"type":"Feature","properties":{"id":"137347","type":"AC; OVERHEAD","status":"IN SERVICE","owner":null,"voltage":230,"voltClass":"220-287"},"geometry":{"type":"LineString","coordinates":[[-74.33077,40.82005],[-74.33219,40.82035],[-74.33424,40.82026],[-74.33583,40.81862],[-74.34011,40.81872],[-74.34177,40.81878],[-74.3434,40.81885],[-74.34613,40.81897],[-74.34893,40.81907],[-74.3517,40.81919],[-74.35504,40.81932],[-74.35775,40.81943],[-74.36054,40.81954],[-74.36316,40.81964],[-74.36616,40.82179],[-74.37239,40.8233],[-74.37791,40.82051],[-74.37803,40.81958],[-74.37826,40.81942]]}},{"type":"Feature","properties":{"id":"138641","type":"AC; OVERHEAD","status":"IN SERVICE","owner":null,"voltage":230,"voltClass":"220-287"},"geometry":{"type":"LineString","coordinates":[[-74.67338,40.59293],[-74.67194,40.59339],[-74.66776,40.59639],[-74.66479,40.59842],[-74.66177,40.60048],[-74.65875,40.60257],[-74.64301,40.61356],[-74.62578,40.62539],[-74.6203,40.62918],[-74.61758,40.63107],[-74.61457,40.63313],[-74.61131,40.63535],[-74.60808,40.63751],[-74.60504,40.63964],[-74.60267,40.64129],[-74.60031,40.64293],[-74.58902,40.64887],[-74.58558,40.64913],[-74.57866,40.64965],[-74.57455,40.64997],[-74.57054,40.65027],[-74.56651,40.65058],[-74.56249,40.65088],[-74.55832,40.65119],[-74.55407,40.6515],[-74.54989,40.65181],[-74.54578,40.65212],[-74.54168,40.65242],[-74.53749,40.65273],[-74.5333,40.65303],[-74.52906,40.65334],[-74.52534,40.65361],[-74.52139,40.65389],[-74.51723,40.65419],[-74.51319,40.65449],[-74.50918,40.65478],[-74.506,40.65707],[-74.50307,40.6592],[-74.50036,40.66116],[-74.49829,40.66266],[-74.49546,40.66472],[-74.49251,40.66685],[-74.48972,40.66888],[-74.48654,40.67116],[-74.48033,40.67562],[-74.4702,40.683],[-74.46477,40.68778],[-74.45886,40.69288],[-74.45318,40.69692],[-74.45041,40.69889],[-74.44742,40.70101],[-74.44455,40.70298],[-74.4417,40.70493],[-74.43868,40.70706],[-74.43552,40.7093],[-74.43229,40.71159],[-74.42916,40.71381],[-74.42595,40.71608],[-74.424,40.71797],[-74.42188,40.71981],[-74.42017,40.72138],[-74.41807,40.72325],[-74.41638,40.72481],[-74.41441,40.72656],[-74.41294,40.72791],[-74.41088,40.7298],[-74.40917,40.73146],[-74.40752,40.73308],[-74.4057,40.73465],[-74.40391,40.73627],[-74.40233,40.73771],[-74.40068,40.73921],[-74.39729,40.74228],[-74.39695,40.74467],[-74.39671,40.74637],[-74.39511,40.74792],[-74.39354,40.74943],[-74.39202,40.7509],[-74.38938,40.75243],[-74.38706,40.75377],[-74.38501,40.75496],[-74.38303,40.75611],[-74.38015,40.75778],[-74.37316,40.76187],[-74.37101,40.76312],[-74.36925,40.76414],[-74.36709,40.7654],[-74.36456,40.76686],[-74.36197,40.76836],[-74.3595,40.76978],[-74.35869,40.77154],[-74.35783,40.77337],[-74.35699,40.77517],[-74.35587,40.77746],[-74.35473,40.77979],[-74.35379,40.78171],[-74.35274,40.78384],[-74.3517,40.78597],[-74.35067,40.78807],[-74.34984,40.7898],[-74.34901,40.79152],[-74.34797,40.79367],[-74.34703,40.79561],[-74.34611,40.79752],[-74.34577,40.79808],[-74.34483,40.7996],[-74.34371,40.80142],[-74.34259,40.80324],[-74.34144,40.80509],[-74.34037,40.80684],[-74.33907,40.80894],[-74.33777,40.81105],[-74.3364,40.81328],[-74.33529,40.81508],[-74.33401,40.81731],[-74.33311,40.81902],[-74.33266,40.82023],[-74.33238,40.8199],[-74.33205,40.81981],[-74.33077,40.82005]]}},{"type":"Feature","properties":{"id":"138759","type":"AC; OVERHEAD","status":"IN SERVICE","owner":"ROCKLAND ELECTRIC CO","voltage":345,"voltClass":"345"},"geometry":{"type":"LineString","coordinates":[[-74.15554,41.15004],[-74.15466,41.15037],[-74.15421,41.15088],[-74.15258,41.15198],[-74.15082,41.15123],[-74.15092,41.14826],[-74.15099,41.14632],[-74.15105,41.14471],[-74.15121,41.14178],[-74.15125,41.14014],[-74.15137,41.13685],[-74.15148,41.13499],[-74.15333,41.13391],[-74.1553,41.13273],[-74.15797,41.13114],[-74.15952,41.13022],[-74.16132,41.12916],[-74.1643,41.12739],[-74.1632,41.12572],[-74.16288,41.12486],[-74.16215,41.12299],[-74.16166,41.12158],[-74.16119,41.12028],[-74.16086,41.11869],[-74.15976,41.11721],[-74.15932,41.1154],[-74.15894,41.11366],[-74.15844,41.11227],[-74.15776,41.11057],[-74.15711,41.10892],[-74.15628,41.10752],[-74.15626,41.10673],[-74.1556,41.10544],[-74.15361,41.10496],[-74.15218,41.10458],[-74.15093,41.10377],[-74.14979,41.10205],[-74.14939,41.1006],[-74.14932,41.0994],[-74.149,41.0983],[-74.14862,41.0966],[-74.14822,41.09469],[-74.14772,41.09262],[-74.14723,41.09114],[-74.14692,41.0894],[-74.14669,41.0877],[-74.1463,41.08682],[-74.14609,41.08662]]}},{"type":"Feature","properties":{"id":"139084","type":"AC; OVERHEAD","status":"IN SERVICE","owner":"PPL ELECTRIC UTILITIES CORP","voltage":138,"voltClass":"100-161"},"geometry":{"type":"LineString","coordinates":[[-75.53913,40.68025],[-75.5395,40.6802],[-75.53913,40.67972],[-75.53899,40.67833],[-75.53988,40.67829],[-75.54078,40.67826],[-75.54158,40.67822],[-75.54266,40.67811],[-75.54383,40.67799],[-75.54478,40.67789],[-75.54677,40.67771],[-75.54758,40.67762],[-75.54806,40.67706],[-75.54885,40.67753],[-75.54967,40.67796],[-75.55019,40.6774],[-75.55072,40.67683],[-75.55123,40.67627],[-75.55168,40.67577],[-75.55207,40.67535],[-75.55325,40.67598],[-75.55405,40.67643],[-75.55489,40.67687],[-75.55571,40.67732],[-75.55657,40.67778],[-75.55759,40.67751],[-75.55857,40.67724],[-75.55939,40.67704],[-75.56039,40.67678],[-75.56118,40.67655],[-75.56214,40.6763],[-75.56316,40.67604],[-75.5641,40.67578],[-75.5649,40.6754],[-75.56573,40.67501],[-75.56651,40.67462],[-75.56735,40.67424],[-75.56815,40.67383],[-75.56902,40.67342],[-75.5695,40.67218],[-75.57,40.67095],[-75.57076,40.67072],[-75.57159,40.67045],[-75.5726,40.67039],[-75.57366,40.67034],[-75.57463,40.67029],[-75.57561,40.67022],[-75.57661,40.67017],[-75.57716,40.66986],[-75.57784,40.66948],[-75.57806,40.66806],[-75.57873,40.6676],[-75.57945,40.66714],[-75.58004,40.66677],[-75.58063,40.66637],[-75.58145,40.66613],[-75.58231,40.66587],[-75.5838,40.66545]]}},{"type":"Feature","properties":{"id":"139159","type":"AC; OVERHEAD","status":"IN SERVICE","owner":"JERSEY CENTRAL POWER & LT CO","voltage":230,"voltClass":"220-287"},"geometry":{"type":"LineString","coordinates":[[-74.22001,39.95248],[-74.2205,39.95283],[-74.2213,39.9529],[-74.22298,39.95136],[-74.22357,39.94893],[-74.22519,39.94347],[-74.22787,39.9345],[-74.23357,39.93198],[-74.22885,39.92309],[-74.23586,39.90756],[-74.23796,39.8919],[-74.23273,39.88436],[-74.23093,39.88175],[-74.22916,39.87916],[-74.22193,39.86481],[-74.22511,39.85878],[-74.22527,39.8528],[-74.22547,39.84219],[-74.22694,39.83335],[-74.22811,39.83008],[-74.22974,39.82465],[-74.23031,39.81925],[-74.22711,39.81778],[-74.22358,39.81681],[-74.22057,39.81599],[-74.21738,39.81512],[-74.2144,39.8143],[-74.21142,39.81348],[-74.20967,39.81356],[-74.20918,39.81372]]}},{"type":"Feature","properties":{"id":"139172","type":"AC; OVERHEAD","status":"IN SERVICE","owner":"PECO ENERGY CO","voltage":230,"voltClass":"220-287"},"geometry":{"type":"LineString","coordinates":[[-75.13488,40.03339],[-75.13511,40.03042],[-75.13551,40.02682],[-75.13573,40.02443],[-75.13585,40.02273],[-75.13614,40.01984],[-75.13608,40.01885],[-75.1359,40.01809],[-75.13546,40.01735],[-75.13507,40.01647],[-75.13425,40.01456],[-75.13434,40.01377],[-75.13476,40.01025],[-75.13521,40.00781],[-75.13563,40.00471],[-75.13458,40.00496],[-75.13316,40.00521],[-75.13129,40.00528],[-75.12902,40.00526],[-75.12646,40.00512],[-75.12542,40.00532],[-75.12331,40.00624],[-75.12256,40.00668],[-75.12182,40.00734],[-75.1212,40.0081],[-75.11886,40.01135],[-75.11826,40.01056],[-75.11775,40.00985],[-75.11507,40.00951],[-75.11497,40.00875]]}},{"type":"Feature","properties":{"id":"138177","type":"AC; OVERHEAD","status":"IN SERVICE","owner":"PECO ENERGY CO","voltage":230,"voltClass":"220-287"},"geometry":{"type":"LineString","coordinates":[[-75.18917,39.94139],[-75.19051,39.9423],[-75.19272,39.94363],[-75.19362,39.94458],[-75.1938,39.945]]}},{"type":"Feature","properties":{"id":"138246","type":"AC; OVERHEAD","status":"IN SERVICE","owner":"DELMARVA POWER","voltage":138,"voltClass":"100-161"},"geometry":{"type":"LineString","coordinates":[[-75.50722,39.7431],[-75.50906,39.74113],[-75.50974,39.74081]]}},{"type":"Feature","properties":{"id":"138263","type":"AC; OVERHEAD","status":"IN SERVICE","owner":"PPL ELECTRIC UTILITIES CORP","voltage":138,"voltClass":"100-161"},"geometry":{"type":"LineString","coordinates":[[-75.51347,40.63058],[-75.51483,40.63066],[-75.51661,40.63078],[-75.51771,40.63083],[-75.5196,40.63095],[-75.52116,40.63106],[-75.52135,40.62981],[-75.52142,40.62864],[-75.52251,40.62873],[-75.52268,40.62769],[-75.52286,40.62658],[-75.52296,40.62595],[-75.52303,40.62536],[-75.52313,40.62478],[-75.524,40.62487],[-75.52512,40.62498],[-75.52739,40.62522],[-75.52992,40.62502],[-75.53244,40.62482],[-75.53511,40.62485],[-75.5368,40.62459],[-75.53909,40.62455],[-75.54167,40.62451],[-75.54494,40.62425],[-75.54839,40.624],[-75.55108,40.62379],[-75.55386,40.62358],[-75.55689,40.62312],[-75.55932,40.62275],[-75.56157,40.62252],[-75.56361,40.62231],[-75.56404,40.62177],[-75.56446,40.62121],[-75.56504,40.62047],[-75.56542,40.62004],[-75.56578,40.61953],[-75.56622,40.61896],[-75.56683,40.61844],[-75.56739,40.61796],[-75.56812,40.61672],[-75.56854,40.61624],[-75.56884,40.61564],[-75.56906,40.61506],[-75.56931,40.61448],[-75.56957,40.61389],[-75.56972,40.61343],[-75.56989,40.61297],[-75.57021,40.61219],[-75.57054,40.61169],[-75.5711,40.61016],[-75.57143,40.60936],[-75.57145,40.60882],[-75.57169,40.60819],[-75.57203,40.60742],[-75.57232,40.60666],[-75.57261,40.6059],[-75.57294,40.60515],[-75.57324,40.60443],[-75.57362,40.6034],[-75.57242,40.60139],[-75.57144,40.59974],[-75.57065,40.59824],[-75.57245,40.59761],[-75.5745,40.59713],[-75.57384,40.59532],[-75.57258,40.59377],[-75.5734,40.59184],[-75.57162,40.59014],[-75.56953,40.5881],[-75.56744,40.58621],[-75.56567,40.58465],[-75.56395,40.5831],[-75.56225,40.58158],[-75.56075,40.58022],[-75.56001,40.57955],[-75.56132,40.57863],[-75.56131,40.57722],[-75.56237,40.57667],[-75.56132,40.57492],[-75.5618,40.57437]]}},{"type":"Feature","properties":{"id":"138311","type":"AC; OVERHEAD","status":"IN SERVICE","owner":"PECO ENERGY CO","voltage":230,"voltClass":"220-287"},"geometry":{"type":"LineString","coordinates":[[-75.44711,39.8012],[-75.44745,39.80179],[-75.44774,39.80194],[-75.44539,39.80449],[-75.44171,39.80847],[-75.4405,39.80977],[-75.43934,39.81101],[-75.43811,39.81214],[-75.43676,39.81316],[-75.43623,39.81378],[-75.43474,39.81474],[-75.4328,39.81565]]}},{"type":"Feature","properties":{"id":"138350","type":"AC; OVERHEAD","status":"IN SERVICE","owner":"JERSEY CENTRAL POWER & LT CO","voltage":500,"voltClass":"500"},"geometry":{"type":"LineString","coordinates":[[-74.63531,40.99152],[-74.63389,40.99546],[-74.63318,40.99598],[-74.6286,40.99516],[-74.61782,40.99323],[-74.60951,40.99174],[-74.60606,40.99426],[-74.60038,40.9984],[-74.59824,40.99997],[-74.59781,41.00163],[-74.59715,41.00413],[-74.59608,41.00823],[-74.59492,41.01271],[-74.59286,41.01564],[-74.59221,41.02318],[-74.59076,41.0287],[-74.59006,41.03139],[-74.58899,41.03548],[-74.5885,41.03734],[-74.58738,41.04163],[-74.58644,41.04521],[-74.58568,41.04809],[-74.58482,41.0514],[-74.58414,41.05399],[-74.58302,41.05825],[-74.58199,41.06219],[-74.58146,41.06421],[-74.58069,41.06713],[-74.57967,41.07103],[-74.57872,41.07464],[-74.57771,41.07851],[-74.57704,41.07852],[-74.57565,41.07855],[-74.57243,41.07861],[-74.55927,41.07885],[-74.55561,41.07892],[-74.55241,41.07898],[-74.55019,41.07978],[-74.5465,41.08111],[-74.54404,41.082],[-74.54057,41.08325],[-74.53591,41.08493],[-74.53217,41.08627],[-74.52957,41.08576],[-74.52283,41.08443],[-74.5176,41.0834],[-74.51102,41.0821],[-74.50541,41.08099],[-74.49942,41.07981],[-74.49462,41.07887],[-74.48872,41.07932],[-74.48535,41.0772],[-74.48426,41.07652],[-74.48244,41.07607],[-74.47531,41.07432],[-74.46986,41.07298],[-74.46733,41.0715],[-74.46359,41.06932],[-74.46049,41.06945],[-74.4569,41.0696],[-74.4536,41.06977],[-74.44759,41.07008],[-74.44485,41.0717],[-74.44162,41.0736],[-74.43911,41.07506],[-74.43649,41.07659],[-74.43421,41.07837],[-74.43172,41.08033],[-74.42839,41.08295],[-74.4255,41.08521],[-74.42235,41.08768],[-74.41894,41.0889],[-74.4148,41.09075],[-74.41103,41.09235],[-74.40701,41.09401],[-74.4023,41.09595],[-74.39824,41.09763],[-74.3954,41.0988],[-74.39188,41.10025],[-74.39028,41.10208],[-74.38845,41.10417],[-74.38608,41.10554],[-74.38375,41.10688],[-74.37942,41.10938],[-74.37674,41.10832],[-74.37315,41.10689],[-74.36918,41.10531],[-74.36561,41.10453],[-74.36,41.10332],[-74.35485,41.1022],[-74.34088,41.11541],[-74.33565,41.1144],[-74.32859,41.11304],[-74.32142,41.11166],[-74.31841,41.11319],[-74.31227,41.11114],[-74.30853,41.11379],[-74.30725,41.11786],[-74.30427,41.11975],[-74.29802,41.11959],[-74.28834,41.1212],[-74.27867,41.13224],[-74.26891,41.13598],[-74.26767,41.13851],[-74.2662,41.14152],[-74.26413,41.14574],[-74.26335,41.14733],[-74.26207,41.14995],[-74.25776,41.15308],[-74.24984,41.14951],[-74.2455,41.14756],[-74.23902,41.14587],[-74.23651,41.14521],[-74.23111,41.14769],[-74.22752,41.14777],[-74.22508,41.14783],[-74.21956,41.14398],[-74.21614,41.14159],[-74.21433,41.14032],[-74.20916,41.13673],[-74.20719,41.13533],[-74.20238,41.13203],[-74.20107,41.13113],[-74.19746,41.13241],[-74.19286,41.13406],[-74.18887,41.13543],[-74.18582,41.13648],[-74.18246,41.13765],[-74.18003,41.13871],[-74.17815,41.1395],[-74.1718,41.14195],[-74.169,41.14308],[-74.16773,41.14359],[-74.16469,41.14482],[-74.16153,41.14609],[-74.16022,41.14688],[-74.15844,41.14814],[-74.15705,41.14926],[-74.15554,41.15004]]}},{"type":"Feature","properties":{"id":"138429","type":"AC; OVERHEAD","status":"IN SERVICE","owner":"PPL ELECTRIC UTILITIES CORP","voltage":138,"voltClass":"100-161"},"geometry":{"type":"LineString","coordinates":[[-75.45544,40.62127],[-75.45548,40.6213],[-75.45623,40.62225],[-75.45717,40.62334],[-75.45754,40.62392],[-75.45779,40.62428],[-75.45816,40.62484],[-75.45853,40.62539],[-75.45887,40.6259],[-75.45923,40.62644],[-75.45953,40.62694],[-75.4598,40.62743],[-75.46008,40.62791],[-75.46027,40.62828],[-75.45968,40.62848],[-75.45902,40.6287],[-75.45943,40.62994],[-75.4598,40.631],[-75.46017,40.63209],[-75.46057,40.63329],[-75.46097,40.63432],[-75.46058,40.63541],[-75.4602,40.63667],[-75.45991,40.63763],[-75.45958,40.63879],[-75.45928,40.63986],[-75.46008,40.6405],[-75.46099,40.64117],[-75.46183,40.64182],[-75.46276,40.64246],[-75.46343,40.64364],[-75.46434,40.64495],[-75.46336,40.6458],[-75.46249,40.64704],[-75.4635,40.6484],[-75.46393,40.64893],[-75.4645,40.64969],[-75.46466,40.6511],[-75.46347,40.65242],[-75.46229,40.65365],[-75.46133,40.65498],[-75.46022,40.65641],[-75.45994,40.65669],[-75.45926,40.65763],[-75.45766,40.65801],[-75.45618,40.65791],[-75.45473,40.65777],[-75.45297,40.65882],[-75.45329,40.66004],[-75.45361,40.66125],[-75.45399,40.66247],[-75.45423,40.66347],[-75.45446,40.66451],[-75.45472,40.6656],[-75.45498,40.6667],[-75.45523,40.66786],[-75.45631,40.66895],[-75.4572,40.67017],[-75.458,40.67144],[-75.4588,40.67269],[-75.45958,40.67392],[-75.46036,40.67513],[-75.46087,40.67628],[-75.46188,40.67861],[-75.4624,40.67978],[-75.46296,40.68095],[-75.46342,40.68198],[-75.46393,40.68308],[-75.46474,40.68396],[-75.46567,40.68499],[-75.46666,40.68604],[-75.46762,40.68704],[-75.46814,40.68753],[-75.46902,40.68849],[-75.46885,40.68937],[-75.46866,40.69066],[-75.46851,40.69186],[-75.46835,40.69312],[-75.46825,40.6936],[-75.46824,40.69365]]}},{"type":"Feature","properties":{"id":"137514","type":"AC; OVERHEAD","status":"IN SERVICE","owner":"PUBLIC SERVICE ELEC & GAS CO","voltage":230,"voltClass":"220-287"},"geometry":{"type":"LineString","coordinates":[[-74.21129,40.62405],[-74.21077,40.62304],[-74.20945,40.62249],[-74.20877,40.6216],[-74.20801,40.62107]]}},{"type":"Feature","properties":{"id":"137538","type":"AC; OVERHEAD","status":"IN SERVICE","owner":"PUBLIC SERVICE ELEC & GAS CO","voltage":230,"voltClass":"220-287"},"geometry":{"type":"LineString","coordinates":[[-74.03591,40.78878],[-74.03538,40.78959],[-74.02517,40.80524],[-74.02839,40.81112],[-74.02158,40.82306],[-74.01782,40.83194],[-74.01597,40.83286],[-74.01649,40.83407]]}},{"type":"Feature","properties":{"id":"137660","type":"AC; OVERHEAD","status":"IN SERVICE","owner":"PECO ENERGY CO","voltage":230,"voltClass":"220-287"},"geometry":{"type":"LineString","coordinates":[[-74.88869,40.19446],[-74.88841,40.19541],[-74.88741,40.19683],[-74.8885,40.19938],[-74.89089,40.20472],[-74.89298,40.20996],[-74.8954,40.21562],[-74.8965,40.21826],[-74.89859,40.2208],[-74.90088,40.22369],[-74.90354,40.22698],[-74.90802,40.2325],[-74.91017,40.23513],[-74.91336,40.23675],[-74.92269,40.24146],[-74.92455,40.24243],[-74.92446,40.24304],[-74.9255,40.24293]]}},{"type":"Feature","properties":{"id":"137676","type":"AC; OVERHEAD","status":"IN SERVICE","owner":"PUBLIC SERVICE ELEC & GAS CO","voltage":138,"voltClass":"100-161"},"geometry":{"type":"LineString","coordinates":[[-74.57022,40.33478],[-74.56909,40.33583],[-74.56867,40.336]]}},{"type":"Feature","properties":{"id":"137842","type":"AC; OVERHEAD","status":"IN SERVICE","owner":"PUBLIC SERVICE ELEC & GAS CO","voltage":230,"voltClass":"220-287"},"geometry":{"type":"LineString","coordinates":[[-74.34615,40.53139],[-74.34638,40.53199],[-74.34684,40.53241],[-74.3447,40.53417],[-74.3431,40.5357],[-74.34109,40.53751],[-74.33587,40.54132],[-74.33332,40.54324],[-74.3277,40.54635],[-74.32509,40.5478],[-74.32219,40.54941],[-74.32217,40.54942],[-74.31951,40.5509],[-74.31738,40.55209],[-74.31137,40.55517],[-74.30536,40.55816],[-74.30246,40.55961],[-74.29941,40.5611],[-74.29629,40.56273],[-74.29517,40.56387],[-74.29482,40.56398]]}},{"type":"Feature","properties":{"id":"137851","type":"AC; OVERHEAD","status":"IN SERVICE","owner":"PECO ENERGY CO","voltage":230,"voltClass":"220-287"},"geometry":{"type":"LineString","coordinates":[[-74.94604,40.07398],[-74.94676,40.07463],[-74.94304,40.07699],[-74.93731,40.08064],[-74.93428,40.08249],[-74.93216,40.08385],[-74.9308,40.08473],[-74.92858,40.08614],[-74.92361,40.08921],[-74.92229,40.08997],[-74.92094,40.09062],[-74.91954,40.0912],[-74.91813,40.09166],[-74.91654,40.09204],[-74.91321,40.09252],[-74.90943,40.09311],[-74.90373,40.09396],[-74.89885,40.09465],[-74.8951,40.09516],[-74.88847,40.09609],[-74.88464,40.09665],[-74.8787,40.09742],[-74.87674,40.09767],[-74.87624,40.09753],[-74.87587,40.09771]]}},{"type":"Feature","properties":{"id":"138005","type":"AC; OVERHEAD","status":"IN SERVICE","owner":"JERSEY CENTRAL POWER & LT CO","voltage":500,"voltClass":"500"},"geometry":{"type":"LineString","coordinates":[[-74.74218,40.54435],[-74.74353,40.54339],[-74.745,40.54297],[-74.74802,40.54099],[-74.75116,40.53894],[-74.75429,40.53677],[-74.75691,40.53497],[-74.76017,40.53271],[-74.76349,40.53046],[-74.76659,40.52832],[-74.76974,40.52616],[-74.77282,40.52404],[-74.77605,40.52182],[-74.77921,40.51965],[-74.78233,40.5175],[-74.78552,40.5153],[-74.78862,40.51317],[-74.79118,40.51085],[-74.79378,40.50864],[-74.79629,40.50643],[-74.79844,40.50458],[-74.8015,40.50195],[-74.80428,40.49955],[-74.80656,40.49759],[-74.80917,40.49536],[-74.81237,40.4926],[-74.81551,40.49019],[-74.81873,40.48775],[-74.82194,40.48531],[-74.825,40.48298],[-74.82838,40.48043],[-74.83105,40.47837],[-74.83348,40.4765],[-74.83671,40.47402],[-74.83695,40.47383],[-74.83965,40.47176],[-74.84257,40.4693],[-74.84548,40.46681],[-74.84897,40.46384],[-74.85251,40.46081],[-74.85589,40.45792],[-74.85819,40.45596],[-74.86087,40.45366],[-74.86427,40.45076],[-74.86711,40.44831],[-74.87003,40.44583],[-74.87266,40.44358],[-74.87534,40.44128],[-74.87772,40.43923],[-74.88099,40.43646],[-74.88392,40.43396],[-74.88686,40.43143],[-74.88958,40.42911],[-74.89254,40.42658],[-74.89494,40.42454],[-74.89744,40.42239],[-74.90019,40.42003],[-74.90293,40.41771],[-74.90436,40.41631],[-74.90578,40.41525],[-74.90868,40.4128],[-74.91143,40.41037],[-74.91433,40.4079],[-74.9171,40.40555],[-74.91995,40.40302],[-74.92509,40.39878],[-74.93297,40.39312],[-74.93935,40.38886],[-74.94544,40.38493],[-74.95051,40.38166],[-74.95344,40.38093],[-74.95608,40.38027],[-74.95854,40.37966],[-74.96136,40.37915],[-74.96486,40.37898],[-74.96826,40.37883],[-74.97025,40.37635],[-74.97446,40.37593],[-74.97672,40.37571],[-74.98197,40.37519],[-74.98539,40.37545],[-74.98953,40.37616],[-74.99305,40.37433],[-74.997,40.37397],[-75.00035,40.37495],[-75.00316,40.37544],[-75.00633,40.37598],[-75.01003,40.37662],[-75.01239,40.37534],[-75.01387,40.37295],[-75.01548,40.37234],[-75.01895,40.3738],[-75.02116,40.37517],[-75.02425,40.37708],[-75.02759,40.37913],[-75.03037,40.38137],[-75.03265,40.38233],[-75.03482,40.38324],[-75.03719,40.38425],[-75.04063,40.3852],[-75.04389,40.38611],[-75.05411,40.38892],[-75.05763,40.3887],[-75.06215,40.38916],[-75.0658,40.38981],[-75.07226,40.38847],[-75.07768,40.38902],[-75.08178,40.38943],[-75.08587,40.38984],[-75.08854,40.38738],[-75.09118,40.38495],[-75.09549,40.38584],[-75.09958,40.38663],[-75.10738,40.38513],[-75.11637,40.37997],[-75.12539,40.37475],[-75.12769,40.37322],[-75.13021,40.37154],[-75.13405,40.37111],[-75.13721,40.37076],[-75.14036,40.3704],[-75.1431,40.36918],[-75.1464,40.36777],[-75.15536,40.36736],[-75.15946,40.36721],[-75.16193,40.3649],[-75.16522,40.3619],[-75.16843,40.35886],[-75.17111,40.35632],[-75.17437,40.35416],[-75.17856,40.35141],[-75.18177,40.3493],[-75.18546,40.34688],[-75.18929,40.34437],[-75.19254,40.34401],[-75.19586,40.34365],[-75.19953,40.3432],[-75.20441,40.34267],[-75.20743,40.34068],[-75.21062,40.33852],[-75.21303,40.33688],[-75.21598,40.3357],[-75.21895,40.33451],[-75.22392,40.33139],[-75.22487,40.3301],[-75.22793,40.32593],[-75.2292,40.32419],[-75.23222,40.32036],[-75.23571,40.31885],[-75.23976,40.31712],[-75.2432,40.31556],[-75.24562,40.31637],[-75.24862,40.31727],[-75.25194,40.31621],[-75.25552,40.31503],[-75.25891,40.31289],[-75.26191,40.31263],[-75.26489,40.31231],[-75.26855,40.31175],[-75.27221,40.31119],[-75.2758,40.31064],[-75.27909,40.31014],[-75.2832,40.30896],[-75.28659,40.30787],[-75.29004,40.30721],[-75.29425,40.30641],[-75.2979,40.30572],[-75.30125,40.30435],[-75.30335,40.30348],[-75.30905,40.30114],[-75.31128,40.29916],[-75.31383,40.2969],[-75.31613,40.29498],[-75.31709,40.28966],[-75.31739,40.28777],[-75.31952,40.28515],[-75.32177,40.28227],[-75.32347,40.28022],[-75.32502,40.27899],[-75.32626,40.27834]]}},{"type":"Feature","properties":{"id":"167653","type":"AC; OVERHEAD","status":"IN SERVICE","owner":"PUBLIC SERVICE ELEC & GAS CO","voltage":230,"voltClass":"220-287"},"geometry":{"type":"LineString","coordinates":[[-74.10317,40.73765],[-74.10822,40.73797],[-74.11269,40.73933],[-74.11633,40.73997],[-74.11982,40.73948],[-74.12033,40.73909],[-74.12058,40.73843]]}},{"type":"Feature","properties":{"id":"165016","type":"AC; UNDERGROUND","status":"IN SERVICE","owner":"PUBLIC SERVICE ELEC & GAS CO","voltage":230,"voltClass":"220-287"},"geometry":{"type":"LineString","coordinates":[[-74.12239,40.7372],[-74.17518,40.74703]]}},{"type":"Feature","properties":{"id":"140079","type":"AC; OVERHEAD","status":null,"owner":"JERSEY CENTRAL POWER & LT CO","voltage":230,"voltClass":"220-287"},"geometry":{"type":"LineString","coordinates":[[-74.20918,39.81372],[-74.2062,39.8143]]}},{"type":"Feature","properties":{"id":"164980","type":"AC; UNDERGROUND","status":"IN SERVICE","owner":"PUBLIC SERVICE ELEC & GAS CO","voltage":230,"voltClass":"220-287"},"geometry":{"type":"LineString","coordinates":[[-74.17518,40.74703],[-74.20341,40.75229],[-74.25715,40.78994]]}},{"type":"Feature","properties":{"id":"140210","type":"AC; OVERHEAD","status":"IN SERVICE","owner":"PECO ENERGY CO","voltage":230,"voltClass":"220-287"},"geometry":{"type":"LineString","coordinates":[[-75.2284,40.22444],[-75.22903,40.22502],[-75.22907,40.22517],[-75.22481,40.22606],[-75.19923,40.23059],[-75.19497,40.23139],[-75.19119,40.23208],[-75.18745,40.23275],[-75.18451,40.2333],[-75.18044,40.23402],[-75.17657,40.23474],[-75.17364,40.23528],[-75.16973,40.23597],[-75.16552,40.23676],[-75.16181,40.23745],[-75.15782,40.23817],[-75.15483,40.23876],[-75.15386,40.2389],[-75.15,40.24008],[-75.14646,40.24114],[-75.14306,40.24219],[-75.13974,40.24323],[-75.13586,40.24438],[-75.13299,40.24526],[-75.13013,40.24622],[-75.12671,40.24722],[-75.12609,40.24751],[-75.12525,40.24832]]}},{"type":"Feature","properties":{"id":"140221","type":"AC; OVERHEAD","status":"IN SERVICE","owner":"PECO ENERGY CO","voltage":230,"voltClass":"220-287"},"geometry":{"type":"LineString","coordinates":[[-75.52984,40.15072],[-75.52939,40.15086],[-75.52629,40.1527],[-75.52506,40.15444],[-75.52345,40.15687],[-75.5219,40.15923],[-75.5216,40.16176],[-75.52353,40.16502],[-75.52467,40.16669],[-75.52712,40.17005],[-75.52899,40.17173],[-75.53118,40.17316],[-75.53353,40.17444],[-75.53545,40.1757],[-75.53721,40.17684],[-75.539,40.17814],[-75.5405,40.17977],[-75.54204,40.18119],[-75.54304,40.1827],[-75.54455,40.18552],[-75.54541,40.18705],[-75.54618,40.18848],[-75.54789,40.19169],[-75.54977,40.1954],[-75.55302,40.2015],[-75.5552,40.20558],[-75.55652,40.20753],[-75.55823,40.20947],[-75.56002,40.21019],[-75.56207,40.21061],[-75.56405,40.21069],[-75.56597,40.21005],[-75.56782,40.20925],[-75.57169,40.20754],[-75.57347,40.20684],[-75.57546,40.20627],[-75.57761,40.20637],[-75.57953,40.20712],[-75.58102,40.20853],[-75.58175,40.21041],[-75.58239,40.21239],[-75.58322,40.21452],[-75.5844,40.21632],[-75.58667,40.21949],[-75.59138,40.2246],[-75.59066,40.22521],[-75.59011,40.22556]]}},{"type":"Feature","properties":{"id":"140227","type":"AC; OVERHEAD","status":"IN SERVICE","owner":"PECO ENERGY CO","voltage":230,"voltClass":"220-287"},"geometry":{"type":"LineString","coordinates":[[-75.29958,40.10419],[-75.29792,40.1035],[-75.29683,40.10165],[-75.29525,40.09967],[-75.2949,40.09769],[-75.29378,40.09234],[-75.28985,40.0901],[-75.28759,40.08547],[-75.2849,40.07979],[-75.28348,40.07693],[-75.2817,40.07533],[-75.27784,40.07282],[-75.2743,40.0694],[-75.27243,40.06766],[-75.27036,40.06567],[-75.26772,40.06317],[-75.26236,40.05803],[-75.26244,40.05572],[-75.26107,40.05398],[-75.25409,40.04915],[-75.25009,40.04638],[-75.24828,40.0446],[-75.24611,40.04289],[-75.24395,40.0412],[-75.24382,40.0389],[-75.24324,40.03472],[-75.24103,40.03272],[-75.23855,40.0309],[-75.23464,40.02881],[-75.2336,40.02789],[-75.22916,40.02463],[-75.22762,40.02404],[-75.22575,40.02311],[-75.22495,40.02263],[-75.22436,40.02236],[-75.22382,40.02194],[-75.22345,40.02146],[-75.22317,40.02093],[-75.22313,40.02038],[-75.22317,40.01981],[-75.22336,40.0193],[-75.22375,40.01873],[-75.22836,40.01522],[-75.2309,40.01334],[-75.23143,40.01287],[-75.23185,40.01232],[-75.23205,40.01166],[-75.23208,40.01102],[-75.23209,40.0104],[-75.23193,40.00747],[-75.23184,40.00688],[-75.23165,40.00632],[-75.23147,40.00588],[-75.23112,40.00534],[-75.22929,40.00299],[-75.22827,40.00175],[-75.22774,40.00171]]}},{"type":"Feature","properties":{"id":"140287","type":"AC; OVERHEAD","status":"IN SERVICE","owner":null,"voltage":138,"voltClass":"100-161"},"geometry":{"type":"LineString","coordinates":[[-75.01827,39.42595],[-75.01899,39.42554],[-75.0254,39.42959],[-75.03224,39.43384],[-75.04313,39.44057],[-75.052,39.44609],[-75.05427,39.4474],[-75.05672,39.44761],[-75.05668,39.44983],[-75.05852,39.45071],[-75.05879,39.45053],[-75.05845,39.45033],[-75.05804,39.44979]]}},{"type":"Feature","properties":{"id":"140627","type":"AC; OVERHEAD","status":"IN SERVICE","owner":null,"voltage":230,"voltClass":"220-287"},"geometry":{"type":"LineString","coordinates":[[-74.46859,40.8009],[-74.46771,40.80187],[-74.46468,40.80204],[-74.46321,40.80248],[-74.46199,40.80334],[-74.46132,40.80433],[-74.45955,40.80638],[-74.45546,40.81057],[-74.45153,40.81461],[-74.44869,40.81753],[-74.44769,40.81847],[-74.44656,40.81943],[-74.44542,40.82009],[-74.44409,40.82063],[-74.44254,40.82099],[-74.44078,40.82134],[-74.43859,40.8214],[-74.43165,40.82219],[-74.43059,40.82711],[-74.43003,40.82979],[-74.42879,40.83059],[-74.42697,40.83389],[-74.4332,40.83419],[-74.44181,40.83468],[-74.45416,40.83528],[-74.4607,40.83787],[-74.4619,40.83983],[-74.4667,40.84206],[-74.48437,40.85049],[-74.49504,40.85089],[-74.50151,40.8505],[-74.50495,40.8508],[-74.51366,40.85153],[-74.51559,40.85121],[-74.536,40.85197],[-74.55734,40.84433],[-74.56124,40.84039],[-74.57578,40.84047],[-74.58309,40.83524],[-74.60079,40.83815],[-74.60933,40.84573],[-74.64145,40.83934],[-74.6631,40.83965],[-74.6744,40.83037],[-74.68524,40.8246],[-74.70114,40.82277],[-74.74113,40.82463],[-74.74484,40.82464],[-74.7706,40.82461],[-74.77536,40.82503],[-74.79675,40.82717],[-74.79939,40.82743],[-74.81046,40.82852],[-74.82188,40.83191],[-74.8443,40.83188],[-74.8499,40.83392],[-74.86748,40.84036],[-74.88384,40.83939],[-74.89046,40.84893],[-74.90186,40.85171],[-74.94642,40.86258],[-74.96944,40.87363],[-74.97658,40.87691],[-75.00066,40.88663],[-75.03327,40.89973],[-75.03802,40.90181],[-75.05816,40.91154],[-75.06121,40.91394],[-75.06358,40.91582],[-75.06543,40.91505],[-75.06736,40.91426],[-75.07014,40.91399],[-75.07177,40.91385],[-75.07428,40.91363],[-75.07679,40.9134],[-75.07867,40.913],[-75.08034,40.9126],[-75.08118,40.91213],[-75.08077,40.91048],[-75.08142,40.90987],[-75.08137,40.90922]]}},{"type":"Feature","properties":{"id":"140706","type":"AC; OVERHEAD","status":"IN SERVICE","owner":"METROPOLITAN EDISON CO","voltage":230,"voltClass":"220-287"},"geometry":{"type":"LineString","coordinates":[[-75.02426,41.07856],[-75.02472,41.07867],[-75.02508,41.07863],[-75.03022,41.07584],[-75.03323,41.07418],[-75.03588,41.07273],[-75.03952,41.07078],[-75.04243,41.0692],[-75.04525,41.06769],[-75.04821,41.06607],[-75.05115,41.06447],[-75.0537,41.06309],[-75.05667,41.06148],[-75.05868,41.0604],[-75.059,41.06024],[-75.05969,41.06024]]}},{"type":"Feature","properties":{"id":"140805","type":"AC; OVERHEAD","status":"IN SERVICE","owner":"PUBLIC SERVICE ELEC & GAS CO","voltage":230,"voltClass":"220-287"},"geometry":{"type":"LineString","coordinates":[[-74.73274,40.18014],[-74.7324,40.1802],[-74.73222,40.18153],[-74.73113,40.184],[-74.73251,40.18672],[-74.73378,40.18907],[-74.73064,40.19006],[-74.72736,40.19094],[-74.72503,40.19168],[-74.72225,40.19256],[-74.71975,40.19388],[-74.71777,40.19547],[-74.7152,40.19739],[-74.71285,40.19945],[-74.71055,40.20143],[-74.70803,40.20362],[-74.70561,40.20577],[-74.70311,40.20793],[-74.70189,40.20883],[-74.7018,40.20899]]}},{"type":"Feature","properties":{"id":"166897","type":"AC; OVERHEAD","status":"IN SERVICE","owner":"JERSEY CENTRAL POWER & LT CO","voltage":230,"voltClass":"220-287"},"geometry":{"type":"LineString","coordinates":[[-74.42583,40.83364],[-74.42686,40.83386],[-74.42872,40.83056],[-74.42998,40.82975],[-74.4316,40.82215],[-74.43483,40.82177],[-74.43859,40.82135],[-74.44075,40.82131],[-74.4425,40.82096],[-74.44406,40.8206],[-74.44542,40.82005],[-74.44655,40.81938],[-74.44768,40.8184],[-74.44967,40.81646],[-74.45265,40.81336],[-74.45719,40.80872],[-74.45949,40.80637],[-74.4604,40.80531],[-74.46128,40.80429],[-74.46194,40.80332],[-74.46321,40.80244],[-74.46466,40.802],[-74.46618,40.80189],[-74.46765,40.8018],[-74.46859,40.8009]]}},{"type":"Feature","properties":{"id":"112525","type":"AC; OVERHEAD","status":null,"owner":"PUBLIC SERVICE ELEC & GAS CO","voltage":230,"voltClass":"220-287"},"geometry":{"type":"LineString","coordinates":[[-74.24801,40.55687],[-74.24767,40.55777],[-74.24876,40.55883],[-74.25136,40.56092],[-74.2529,40.56159],[-74.25481,40.56354],[-74.25545,40.56583],[-74.25587,40.56803],[-74.25557,40.56866]]}},{"type":"Feature","properties":{"id":"136136","type":"AC; OVERHEAD","status":"IN SERVICE","owner":"PPL ELECTRIC UTILITIES CORP","voltage":138,"voltClass":"100-161"},"geometry":{"type":"LineString","coordinates":[[-75.51925,40.81614],[-75.51907,40.81619],[-75.51871,40.81623],[-75.51784,40.81634],[-75.51712,40.81641],[-75.51639,40.8165],[-75.51525,40.81661],[-75.51472,40.81667],[-75.51386,40.81676],[-75.51306,40.81687],[-75.51193,40.81698],[-75.51087,40.8171],[-75.51001,40.81721],[-75.50915,40.81728],[-75.50833,40.81738],[-75.50736,40.81749],[-75.50637,40.8176],[-75.50536,40.8177],[-75.50442,40.81781],[-75.50335,40.81793],[-75.50242,40.8181],[-75.5015,40.81824],[-75.50072,40.81836],[-75.49971,40.81854],[-75.49872,40.8187],[-75.49772,40.81888],[-75.49675,40.81904],[-75.49575,40.81921],[-75.49476,40.81938],[-75.49379,40.81955],[-75.4928,40.8197],[-75.49182,40.81988],[-75.49084,40.82004],[-75.48993,40.82019],[-75.48894,40.82036],[-75.48795,40.82053],[-75.48695,40.8207],[-75.48598,40.82087],[-75.485,40.82102],[-75.484,40.82119],[-75.48303,40.82135],[-75.48205,40.82152],[-75.48112,40.82167],[-75.48014,40.82183],[-75.47914,40.82201],[-75.47826,40.82215],[-75.47728,40.82232],[-75.47647,40.82245],[-75.47555,40.8226],[-75.47462,40.82275],[-75.47368,40.82291],[-75.47272,40.82308],[-75.47179,40.82324],[-75.47083,40.82341],[-75.46991,40.82351]]}},{"type":"Feature","properties":{"id":"122758","type":"AC; OVERHEAD","status":"IN SERVICE","owner":"PPL ELECTRIC UTILITIES CORP","voltage":138,"voltClass":"100-161"},"geometry":{"type":"LineString","coordinates":[[-75.51925,40.81614],[-75.51907,40.81611],[-75.51871,40.81615],[-75.51783,40.81626],[-75.51711,40.81633],[-75.51639,40.81642],[-75.51524,40.81653],[-75.51471,40.81659],[-75.51385,40.81668],[-75.51305,40.81679],[-75.51192,40.8169],[-75.51087,40.81702],[-75.51,40.81713],[-75.50914,40.8172],[-75.50832,40.8173],[-75.50735,40.81741],[-75.50636,40.81752],[-75.50535,40.81762],[-75.50441,40.81773],[-75.50334,40.81785],[-75.5024,40.81802],[-75.50149,40.81816],[-75.50071,40.81829],[-75.49969,40.81846],[-75.49871,40.81862],[-75.4977,40.81881],[-75.49674,40.81897],[-75.49574,40.81913],[-75.49475,40.8193],[-75.49378,40.81947],[-75.49279,40.81962],[-75.49181,40.8198],[-75.49082,40.81996],[-75.48992,40.82011],[-75.48892,40.82028],[-75.48793,40.82046],[-75.48694,40.82062],[-75.48597,40.82079],[-75.48499,40.82095],[-75.48399,40.82111],[-75.48302,40.82127],[-75.48204,40.82144],[-75.48111,40.82159],[-75.48013,40.82175],[-75.47912,40.82193],[-75.47825,40.82207],[-75.47726,40.82224],[-75.47646,40.82237],[-75.47554,40.82252],[-75.47461,40.82267],[-75.47366,40.82283],[-75.4727,40.82301],[-75.47177,40.82316],[-75.47082,40.82333],[-75.46983,40.82348]]}},{"type":"Feature","properties":{"id":"167431","type":"AC; OVERHEAD","status":"IN SERVICE","owner":"PPL ELECTRIC UTILITIES CORP","voltage":138,"voltClass":"100-161"},"geometry":{"type":"LineString","coordinates":[[-75.46983,40.82348],[-75.46984,40.82345],[-75.47003,40.82243],[-75.47113,40.81656],[-75.47141,40.81525],[-75.47169,40.81385],[-75.47201,40.81218],[-75.47271,40.80858],[-75.47272,40.80667],[-75.47272,40.80474],[-75.47271,40.80281],[-75.47341,40.80125],[-75.47429,40.79934],[-75.4753,40.79711],[-75.47686,40.79512],[-75.4784,40.79315],[-75.4801,40.79096],[-75.48215,40.78832],[-75.48331,40.78682],[-75.4845,40.78531],[-75.48723,40.78182],[-75.48798,40.78083],[-75.48841,40.77895],[-75.48884,40.77708],[-75.48927,40.77518],[-75.49031,40.77286],[-75.491,40.77135],[-75.49208,40.76904],[-75.49302,40.76693],[-75.49378,40.76528],[-75.4945,40.76333],[-75.49539,40.76093],[-75.49624,40.75866],[-75.49698,40.75671],[-75.49763,40.75491],[-75.49838,40.75291],[-75.49917,40.75084],[-75.50004,40.74842],[-75.50112,40.74552],[-75.50098,40.74479],[-75.50052,40.74255],[-75.50016,40.74074],[-75.49972,40.73853],[-75.49948,40.73721],[-75.49905,40.7351],[-75.49869,40.73331],[-75.50052,40.73166],[-75.50173,40.73091],[-75.50296,40.73017],[-75.50465,40.7289],[-75.50635,40.72766],[-75.50816,40.72635],[-75.50984,40.72513],[-75.50955,40.72292],[-75.50932,40.72048],[-75.50943,40.71905],[-75.50963,40.71686],[-75.51097,40.71537],[-75.51389,40.71393],[-75.51513,40.71335],[-75.51504,40.7115],[-75.51677,40.71158],[-75.51672,40.71116],[-75.51787,40.71093],[-75.51812,40.71313]]}},{"type":"Feature","properties":{"id":"168293","type":"AC; OVERHEAD","status":"IN SERVICE","owner":"PPL ELECTRIC UTILITIES CORP","voltage":138,"voltClass":"100-161"},"geometry":{"type":"LineString","coordinates":[[-75.44671,40.91493],[-75.44652,40.91411],[-75.44631,40.91287],[-75.4461,40.91167],[-75.44591,40.91047],[-75.4457,40.90927],[-75.44551,40.90809],[-75.4453,40.90688],[-75.4452,40.90622],[-75.44506,40.9055],[-75.4449,40.90446],[-75.44469,40.90325],[-75.44449,40.90204],[-75.44435,40.90121],[-75.44421,40.90041],[-75.444,40.89919],[-75.44386,40.89835],[-75.44434,40.89748],[-75.44495,40.89634],[-75.44556,40.8952],[-75.44612,40.89417],[-75.44672,40.89303],[-75.44728,40.89199],[-75.44794,40.89075],[-75.44856,40.8896],[-75.44907,40.88865],[-75.44968,40.8875],[-75.45027,40.88641],[-75.45081,40.88538],[-75.45145,40.8842],[-75.45198,40.88322],[-75.45262,40.88205],[-75.45316,40.88102],[-75.45369,40.88001],[-75.45426,40.87895],[-75.45488,40.87781],[-75.45551,40.87664],[-75.45613,40.87548],[-75.45722,40.87345],[-75.45776,40.87243],[-75.45832,40.8714],[-75.45894,40.87026],[-75.45936,40.86945],[-75.45977,40.86868],[-75.46023,40.86788],[-75.46088,40.86688],[-75.46153,40.86586],[-75.46226,40.86476],[-75.46294,40.86377],[-75.46464,40.86112],[-75.46516,40.86032],[-75.46585,40.85927],[-75.46651,40.8583],[-75.46723,40.8572],[-75.46798,40.85602],[-75.46858,40.85509],[-75.46924,40.8541],[-75.46993,40.85306],[-75.47059,40.85204],[-75.47108,40.85131],[-75.47156,40.85055],[-75.4715,40.84945],[-75.47144,40.84835],[-75.47135,40.84712],[-75.47128,40.84589],[-75.47122,40.84494],[-75.47116,40.84395],[-75.4711,40.84299],[-75.47103,40.84198],[-75.47096,40.8409],[-75.47084,40.83875],[-75.47079,40.83776],[-75.47072,40.83664],[-75.47066,40.83571],[-75.4706,40.8346],[-75.47056,40.83404],[-75.47051,40.8333],[-75.4704,40.8323],[-75.47034,40.83138],[-75.47027,40.83054],[-75.47022,40.82957],[-75.47017,40.82868],[-75.47012,40.82774],[-75.46976,40.825],[-75.46971,40.82427],[-75.46991,40.82353],[-75.46991,40.82351]]}},{"type":"Feature","properties":{"id":"168294","type":"AC; OVERHEAD","status":"IN SERVICE","owner":"PPL ELECTRIC UTILITIES CORP","voltage":138,"voltClass":"100-161"},"geometry":{"type":"LineString","coordinates":[[-75.44662,40.91488],[-75.44644,40.91412],[-75.44623,40.91288],[-75.44602,40.91168],[-75.44583,40.91048],[-75.44562,40.90929],[-75.44544,40.9081],[-75.44522,40.90689],[-75.44512,40.90624],[-75.44498,40.90551],[-75.44482,40.90448],[-75.44461,40.90327],[-75.44441,40.90205],[-75.44427,40.90122],[-75.44413,40.90042],[-75.44392,40.89921],[-75.44378,40.89833],[-75.44427,40.89745],[-75.44488,40.8963],[-75.44549,40.89516],[-75.44605,40.89414],[-75.44665,40.89299],[-75.44721,40.89195],[-75.44787,40.89072],[-75.44849,40.88956],[-75.449,40.88861],[-75.44961,40.88746],[-75.4502,40.88638],[-75.45074,40.88534],[-75.45138,40.88417],[-75.45191,40.88318],[-75.45255,40.88201],[-75.45308,40.88098],[-75.45362,40.87997],[-75.45419,40.87891],[-75.45481,40.87777],[-75.45544,40.8766],[-75.45606,40.87544],[-75.45715,40.87341],[-75.45769,40.87239],[-75.45825,40.87137],[-75.45887,40.87023],[-75.45929,40.86942],[-75.4597,40.86864],[-75.46016,40.86783],[-75.46081,40.86683],[-75.46147,40.86582],[-75.46219,40.86472],[-75.46288,40.86372],[-75.46457,40.86108],[-75.46509,40.86028],[-75.46578,40.85923],[-75.46644,40.85826],[-75.46716,40.85716],[-75.46791,40.85598],[-75.46851,40.85504],[-75.46917,40.85405],[-75.46986,40.85302],[-75.47052,40.852],[-75.47101,40.85127],[-75.47148,40.85053],[-75.47142,40.84945],[-75.47136,40.84835],[-75.47127,40.84712],[-75.4712,40.8459],[-75.47114,40.84494],[-75.47108,40.84395],[-75.47102,40.843],[-75.47095,40.84198],[-75.47088,40.8409],[-75.47076,40.83876],[-75.47071,40.83777],[-75.47064,40.83664],[-75.47058,40.83571],[-75.47052,40.83461],[-75.47048,40.83405],[-75.47043,40.8333],[-75.47032,40.8323],[-75.47026,40.83139],[-75.47019,40.83054],[-75.47014,40.82957],[-75.47009,40.82868],[-75.47004,40.82775],[-75.46968,40.82501],[-75.46963,40.82426],[-75.46983,40.82348]]}},{"type":"Feature","properties":{"id":"166979","type":"AC; OVERHEAD","status":null,"owner":"CONSOLIDATED EDISON CO-NY INC","voltage":138,"voltClass":"100-161"},"geometry":{"type":"LineString","coordinates":[[-73.91269,40.78651],[-73.91249,40.78636],[-73.912,40.78647],[-73.90984,40.78468],[-73.9069,40.78205],[-73.90642,40.78203]]}},{"type":"Feature","properties":{"id":"167594","type":"AC; OVERHEAD","status":"IN SERVICE","owner":"PUBLIC SERVICE ELEC & GAS CO","voltage":230,"voltClass":"220-287"},"geometry":{"type":"LineString","coordinates":[[-74.34926,40.58682],[-74.34916,40.58647],[-74.34933,40.5856],[-74.34593,40.55143],[-74.34576,40.55005],[-74.3455,40.54745],[-74.34524,40.54484],[-74.34499,40.54232],[-74.3448,40.54044],[-74.34451,40.53784],[-74.34426,40.53638],[-74.34344,40.53568],[-74.34137,40.53753],[-74.33869,40.53955],[-74.33345,40.54337],[-74.32369,40.54876],[-74.32231,40.54953],[-74.31962,40.55103],[-74.31749,40.55222],[-74.31438,40.55386],[-74.31148,40.5553],[-74.30848,40.55686],[-74.29957,40.56123],[-74.29644,40.56285],[-74.29434,40.56475],[-74.28953,40.56886],[-74.28715,40.5709],[-74.28481,40.57296],[-74.2796,40.57378],[-74.26716,40.57171],[-74.2642,40.57144],[-74.25851,40.5706],[-74.25611,40.56873],[-74.25557,40.56866]]}},{"type":"Feature","properties":{"id":"167624","type":"AC; OVERHEAD","status":null,"owner":"CONSOLIDATED EDISON CO-NY INC","voltage":138,"voltClass":"100-161"},"geometry":{"type":"LineString","coordinates":[[-73.91297,40.78633],[-73.9127,40.78619],[-73.91219,40.78631],[-73.90999,40.78456],[-73.90688,40.78183],[-73.90621,40.78145],[-73.90642,40.78203]]}},{"type":"Feature","properties":{"id":"168285","type":"AC; OVERHEAD","status":"IN SERVICE","owner":"PUBLIC SERVICE ELEC & GAS CO","voltage":230,"voltClass":"220-287"},"geometry":{"type":"LineString","coordinates":[[-74.25557,40.56866],[-74.25392,40.57015],[-74.25182,40.57238],[-74.24986,40.57443],[-74.24802,40.57639],[-74.24629,40.57844],[-74.24453,40.58069],[-74.24299,40.58289],[-74.24156,40.58513],[-74.24053,40.58673],[-74.23943,40.58843],[-74.23829,40.59022],[-74.2381,40.59091],[-74.23794,40.59098]]}},{"type":"Feature","properties":{"id":"173051","type":"AC; OVERHEAD","status":"IN SERVICE","owner":"DELMARVA POWER","voltage":138,"voltClass":"100-161"},"geometry":{"type":"LineString","coordinates":[[-75.58147,39.659],[-75.57823,39.65927],[-75.5762,39.65933],[-75.57518,39.65934],[-75.57256,39.6604],[-75.57113,39.66156],[-75.56969,39.66272],[-75.56779,39.66486],[-75.56639,39.66639],[-75.56296,39.67022],[-75.55861,39.67508],[-75.55774,39.67605],[-75.55855,39.67646]]}},{"type":"Feature","properties":{"id":"173057","type":"AC; OVERHEAD","status":"IN SERVICE","owner":"DELMARVA POWER","voltage":138,"voltClass":"100-161"},"geometry":{"type":"LineString","coordinates":[[-75.50974,39.74081],[-75.50998,39.74203],[-75.51169,39.74291],[-75.5147,39.74113],[-75.51749,39.73937],[-75.52269,39.73784],[-75.52502,39.73412],[-75.52763,39.73286],[-75.53178,39.73126],[-75.53541,39.72984],[-75.5363,39.72956],[-75.53739,39.73008],[-75.53852,39.72995],[-75.53913,39.72988],[-75.54028,39.73032],[-75.54131,39.7288],[-75.54183,39.72832],[-75.54247,39.72739],[-75.54708,39.7293],[-75.55247,39.73149],[-75.55351,39.72695],[-75.55355,39.72646],[-75.55528,39.72701],[-75.55622,39.72731],[-75.55612,39.72453],[-75.56119,39.7238],[-75.56325,39.72351],[-75.57167,39.72424],[-75.57665,39.72597],[-75.57739,39.72638],[-75.57782,39.72686],[-75.57811,39.72762],[-75.57797,39.7287],[-75.57777,39.73009],[-75.5778,39.73073],[-75.57834,39.7328],[-75.57905,39.73553],[-75.57935,39.7361],[-75.58001,39.73647],[-75.5807,39.73669],[-75.5815,39.73679],[-75.58165,39.73682],[-75.58302,39.73652],[-75.58619,39.7358],[-75.58699,39.7354],[-75.58937,39.73467],[-75.591,39.73422],[-75.59187,39.73401],[-75.59315,39.73453],[-75.59965,39.73375],[-75.60755,39.73325],[-75.61061,39.7331],[-75.6115,39.73304],[-75.61233,39.73279],[-75.61445,39.73212],[-75.61467,39.73028],[-75.61766,39.72989],[-75.61641,39.72782],[-75.614,39.72758]]}},{"type":"Feature","properties":{"id":"109503","type":"AC; OVERHEAD","status":"IN SERVICE","owner":"DELMARVA POWER","voltage":230,"voltClass":"220-287"},"geometry":{"type":"LineString","coordinates":[[-75.62912,39.60837],[-75.62915,39.60747],[-75.62893,39.60665],[-75.62923,39.60644],[-75.63317,39.60636],[-75.63559,39.60632],[-75.64038,39.60487],[-75.64466,39.60356],[-75.64942,39.60407],[-75.65157,39.60425],[-75.65454,39.60593],[-75.65505,39.61077],[-75.65538,39.61446],[-75.6579,39.61461],[-75.66534,39.61506],[-75.67066,39.61462],[-75.67139,39.61816],[-75.67218,39.62203],[-75.67291,39.62588],[-75.68306,39.63517],[-75.69112,39.63704],[-75.69759,39.63189],[-75.70391,39.63094],[-75.70603,39.63084],[-75.71517,39.6308],[-75.71556,39.63417],[-75.71602,39.63802],[-75.71765,39.64033],[-75.7177,39.64132],[-75.71767,39.64223],[-75.71755,39.64478],[-75.718,39.64594],[-75.71926,39.64942],[-75.72181,39.6563],[-75.719,39.65688],[-75.71339,39.65803],[-75.70861,39.65869],[-75.69746,39.66015],[-75.69594,39.66037],[-75.69341,39.66235],[-75.69156,39.66393],[-75.68924,39.66541],[-75.68564,39.66781],[-75.68321,39.6692],[-75.67956,39.67125],[-75.67885,39.67382],[-75.67725,39.67486],[-75.67352,39.67585],[-75.67179,39.67725],[-75.66723,39.67994],[-75.66346,39.68182],[-75.66291,39.68421],[-75.6621,39.68786],[-75.66137,39.69097],[-75.65958,39.69238],[-75.65776,39.69394],[-75.65679,39.69488],[-75.65574,39.69576],[-75.65464,39.69664],[-75.65233,39.69663],[-75.64956,39.69671],[-75.64671,39.6968],[-75.64385,39.69699],[-75.64138,39.69723],[-75.63927,39.69744],[-75.63715,39.69764],[-75.63461,39.69789],[-75.63202,39.69814],[-75.62942,39.69838],[-75.62683,39.69863],[-75.62459,39.69885],[-75.62281,39.69902],[-75.62096,39.69816],[-75.61896,39.69713],[-75.61648,39.69608],[-75.61449,39.69577],[-75.61247,39.69547],[-75.61032,39.69515],[-75.60858,39.69544],[-75.60697,39.69574],[-75.60482,39.69613],[-75.60502,39.6969],[-75.60185,39.69733],[-75.60013,39.69764],[-75.59549,39.69846],[-75.59329,39.69883],[-75.5857,39.69908],[-75.58338,39.69923],[-75.58207,39.69983],[-75.5803,39.70193],[-75.57982,39.70529],[-75.57851,39.71267],[-75.57768,39.71766],[-75.57576,39.72093],[-75.57202,39.72175],[-75.5699,39.72206],[-75.55712,39.72398],[-75.5527,39.72465],[-75.55253,39.72509],[-75.54994,39.72547],[-75.54517,39.72618],[-75.54159,39.72672],[-75.53866,39.72818],[-75.53831,39.72965],[-75.5367,39.72996],[-75.53614,39.72914],[-75.5347,39.72901],[-75.53244,39.72989],[-75.53013,39.73099],[-75.52826,39.73184],[-75.52668,39.73164],[-75.52504,39.7327],[-75.52376,39.73233],[-75.52253,39.73324],[-75.52044,39.73396],[-75.51912,39.73523],[-75.51869,39.73693],[-75.51816,39.73817],[-75.51695,39.739],[-75.51568,39.73979],[-75.5143,39.74069],[-75.51194,39.74176],[-75.51033,39.74152],[-75.50974,39.74081]]}},{"type":"Feature","properties":{"id":"173068","type":"AC; OVERHEAD","status":"IN SERVICE","owner":"DELMARVA POWER","voltage":230,"voltClass":"220-287"},"geometry":{"type":"LineString","coordinates":[[-75.46933,39.20221],[-75.46882,39.20154],[-75.47004,39.20169],[-75.47234,39.20505],[-75.47832,39.19808],[-75.47963,39.19654],[-75.48395,39.19132],[-75.48431,39.19151],[-75.48688,39.18888],[-75.49107,39.19147],[-75.49439,39.18813],[-75.49608,39.18651],[-75.49783,39.18764],[-75.49816,39.18733]]}},{"type":"Feature","properties":{"id":"134154","type":"AC; OVERHEAD","status":"IN SERVICE","owner":"ATLANTIC CITY ELECTRIC CO","voltage":138,"voltClass":"100-161"},"geometry":{"type":"LineString","coordinates":[[-75.50731,39.68289],[-75.50708,39.68234],[-75.50637,39.682],[-75.50383,39.68059],[-75.50117,39.67911],[-75.50043,39.67871],[-75.49919,39.67801],[-75.49654,39.67653],[-75.49393,39.67509],[-75.49047,39.67427],[-75.48711,39.67348],[-75.48383,39.67271],[-75.48058,39.67195],[-75.47759,39.67124],[-75.47443,39.6705],[-75.4715,39.66981],[-75.46817,39.6694],[-75.46528,39.66905],[-75.46242,39.6687],[-75.45969,39.66837],[-75.45699,39.66804],[-75.45409,39.66735],[-75.45097,39.66661],[-75.44801,39.66591],[-75.4447,39.66513],[-75.4409,39.66423],[-75.43793,39.66353],[-75.43465,39.66275],[-75.43173,39.66206],[-75.42857,39.66131],[-75.4258,39.66066],[-75.42286,39.66],[-75.42025,39.65942],[-75.41757,39.65883],[-75.41461,39.65817],[-75.41187,39.65756],[-75.40816,39.65674],[-75.40514,39.65607],[-75.4022,39.65542],[-75.3984,39.65457],[-75.39566,39.65396],[-75.39203,39.65316],[-75.38887,39.65247],[-75.38589,39.65181],[-75.38317,39.65122],[-75.37996,39.65051],[-75.37722,39.64991],[-75.37283,39.64895],[-75.36976,39.64828],[-75.36686,39.64765],[-75.36375,39.64696],[-75.36071,39.6463],[-75.35776,39.64565],[-75.35496,39.64504],[-75.35201,39.64439],[-75.34781,39.64371],[-75.34412,39.64317],[-75.34107,39.64194],[-75.33777,39.64125],[-75.33437,39.64046],[-75.33203,39.63993],[-75.32928,39.63916],[-75.3271,39.63857],[-75.32404,39.63775],[-75.32154,39.63609],[-75.31741,39.63338],[-75.3151,39.63185],[-75.31239,39.63006],[-75.31018,39.6286],[-75.3074,39.62676],[-75.3049,39.6251],[-75.30439,39.62476],[-75.30153,39.62287],[-75.29929,39.62139],[-75.29686,39.61979],[-75.29447,39.61821],[-75.29203,39.61659],[-75.28925,39.61475],[-75.28622,39.61275],[-75.2834,39.61088],[-75.28109,39.60935],[-75.27868,39.60776],[-75.27605,39.60602],[-75.27332,39.60422],[-75.27072,39.6025],[-75.25284,39.59067],[-75.25028,39.58897],[-75.24931,39.58833],[-75.2486,39.58799],[-75.24729,39.58836],[-75.24662,39.58655],[-75.24289,39.58408],[-75.24024,39.58233],[-75.23759,39.58058],[-75.23523,39.57901],[-75.23281,39.57741],[-75.23039,39.57581],[-75.22788,39.57415],[-75.22563,39.57266],[-75.22599,39.57237],[-75.22557,39.57195]]}},{"type":"Feature","properties":{"id":"174760","type":"AC; UNDERGROUND","status":"IN SERVICE","owner":"PUBLIC SERVICE ELEC & GAS CO","voltage":138,"voltClass":"100-161"},"geometry":{"type":"LineString","coordinates":[[-74.12259,40.73791],[-74.12058,40.73843]]}},{"type":"Feature","properties":{"id":"174767","type":"AC; OVERHEAD","status":"IN SERVICE","owner":"PUBLIC SERVICE ELEC & GAS CO","voltage":230,"voltClass":"220-287"},"geometry":{"type":"LineString","coordinates":[[-74.09857,40.73798],[-74.09867,40.73778],[-74.09908,40.7375],[-74.09964,40.73743],[-74.10125,40.7377],[-74.10317,40.73765]]}},{"type":"Feature","properties":{"id":"174771","type":"AC; OVERHEAD","status":"IN SERVICE","owner":"PUBLIC SERVICE ELEC & GAS CO","voltage":230,"voltClass":"220-287"},"geometry":{"type":"LineString","coordinates":[[-74.46568,40.47936],[-74.46578,40.47837],[-74.47705,40.4677],[-74.47872,40.4658],[-74.47962,40.46457],[-74.48525,40.45636],[-74.50118,40.43302],[-74.50829,40.42274],[-74.50919,40.42142],[-74.50873,40.42036],[-74.50623,40.41717],[-74.49893,40.41766],[-74.49062,40.40775],[-74.48891,40.40608],[-74.48633,40.4064],[-74.48356,40.40729],[-74.4832,40.40679],[-74.48405,40.40648],[-74.48529,40.40553]]}},{"type":"Feature","properties":{"id":"174773","type":"AC; OVERHEAD","status":null,"owner":"CONSOLIDATED EDISON CO-NY INC","voltage":138,"voltClass":"100-161"},"geometry":{"type":"LineString","coordinates":[[-73.91285,40.78751],[-73.91269,40.78651]]}},{"type":"Feature","properties":{"id":"174774","type":"AC; OVERHEAD","status":null,"owner":"CONSOLIDATED EDISON CO-NY INC","voltage":138,"voltClass":"100-161"},"geometry":{"type":"LineString","coordinates":[[-73.91285,40.78751],[-73.91297,40.78633]]}},{"type":"Feature","properties":{"id":"174779","type":"AC; OVERHEAD","status":"IN SERVICE","owner":"PECO ENERGY CO","voltage":230,"voltClass":"220-287"},"geometry":{"type":"LineString","coordinates":[[-75.08248,40.2015],[-75.08262,40.20163]]}},{"type":"Feature","properties":{"id":"174780","type":"AC; OVERHEAD","status":"IN SERVICE","owner":"PECO ENERGY CO","voltage":230,"voltClass":"220-287"},"geometry":{"type":"LineString","coordinates":[[-74.94604,40.07398],[-74.94678,40.07372],[-74.94737,40.07429],[-74.9498,40.07292],[-74.9507,40.07213]]}},{"type":"Feature","properties":{"id":"175172","type":"AC; OVERHEAD","status":"IN SERVICE","owner":"DELMARVA POWER","voltage":230,"voltClass":"220-287"},"geometry":{"type":"LineString","coordinates":[[-75.50974,39.74081],[-75.51006,39.73975],[-75.5123,39.74106],[-75.51431,39.74001],[-75.51759,39.74161],[-75.52179,39.74187],[-75.52643,39.74517],[-75.52421,39.74645],[-75.52249,39.74738],[-75.52104,39.74809],[-75.51637,39.75],[-75.51513,39.75043],[-75.51329,39.75096],[-75.51141,39.75143],[-75.51035,39.75162],[-75.50962,39.75156],[-75.50748,39.7514],[-75.50665,39.75166],[-75.50302,39.75269],[-75.50151,39.75302],[-75.49975,39.75321],[-75.49775,39.75361],[-75.4959,39.75411],[-75.49408,39.75476],[-75.4933,39.75517],[-75.49174,39.75611],[-75.49103,39.75665],[-75.49036,39.75724],[-75.48974,39.75784],[-75.48924,39.75847],[-75.48877,39.75913],[-75.48833,39.75999],[-75.48762,39.76129],[-75.48628,39.76395],[-75.48541,39.76559],[-75.4847,39.76646],[-75.48387,39.76723],[-75.48399,39.76766]]}},{"type":"Feature","properties":{"id":"167397","type":"AC; OVERHEAD","status":"IN SERVICE","owner":"PECO ENERGY CO","voltage":230,"voltClass":"220-287"},"geometry":{"type":"LineString","coordinates":[[-75.31575,39.89192],[-75.31255,39.89334],[-75.30257,39.89786],[-75.29659,39.90052],[-75.29344,39.90197],[-75.29045,39.90327],[-75.28779,39.90449],[-75.28486,39.9058],[-75.28222,39.90697],[-75.27976,39.90808],[-75.27873,39.90872],[-75.27598,39.91002],[-75.2743,39.9108],[-75.27274,39.91146],[-75.2679,39.91323],[-75.26439,39.91457],[-75.26073,39.91593],[-75.25421,39.91845],[-75.25267,39.91912],[-75.25122,39.91987],[-75.24695,39.92212],[-75.24393,39.9237],[-75.24099,39.92527],[-75.2379,39.92688],[-75.23468,39.92859],[-75.23339,39.92906],[-75.23154,39.92953],[-75.22957,39.92997],[-75.2268,39.93069],[-75.22659,39.9301],[-75.22584,39.92995]]}},{"type":"Feature","properties":{"id":"174282","type":"AC; OVERHEAD","status":"IN SERVICE","owner":"PECO ENERGY CO","voltage":230,"voltClass":"220-287"},"geometry":{"type":"LineString","coordinates":[[-75.33441,39.86139],[-75.33489,39.86143],[-75.33503,39.86134],[-75.3418,39.86531],[-75.34564,39.86749],[-75.34335,39.86959],[-75.34234,39.87048],[-75.34124,39.87131],[-75.34006,39.87237],[-75.3357,39.87641],[-75.33256,39.87929],[-75.3293,39.88228],[-75.32821,39.88331],[-75.32374,39.88742],[-75.32271,39.88836],[-75.32155,39.8892],[-75.32023,39.88988],[-75.31575,39.89192]]}},{"type":"Feature","properties":{"id":"125077","type":"AC; OVERHEAD","status":"IN SERVICE","owner":"PECO ENERGY CO","voltage":230,"voltClass":"220-287"},"geometry":{"type":"LineString","coordinates":[[-75.40775,39.91804],[-75.4073,39.9184],[-75.40522,39.91746],[-75.40428,39.91576],[-75.40458,39.91408],[-75.40613,39.9127],[-75.41034,39.90847],[-75.41175,39.90733],[-75.41331,39.90646],[-75.41503,39.90565],[-75.41602,39.90529],[-75.41893,39.90479],[-75.42084,39.90431],[-75.42228,39.9037],[-75.4243,39.90253],[-75.42604,39.90089],[-75.42685,39.9003],[-75.42943,39.8994],[-75.43268,39.89799],[-75.43753,39.89612],[-75.4385,39.89596],[-75.43917,39.89578],[-75.44065,39.89519],[-75.44229,39.89458],[-75.4436,39.89396],[-75.44581,39.89368],[-75.44721,39.89375],[-75.44922,39.89442],[-75.45066,39.8952],[-75.4521,39.89626],[-75.45353,39.89733],[-75.45639,39.89618],[-75.46205,39.8939],[-75.46661,39.89059],[-75.46866,39.8885],[-75.47075,39.88661],[-75.47231,39.8855],[-75.47476,39.88343],[-75.47709,39.88278],[-75.47971,39.88318],[-75.48387,39.88387],[-75.48615,39.88441],[-75.48917,39.88564],[-75.492,39.88676],[-75.49432,39.88765],[-75.4999,39.88506],[-75.50232,39.88397],[-75.50494,39.88258],[-75.50978,39.87971],[-75.51173,39.87846],[-75.51384,39.87737],[-75.51517,39.87639],[-75.51815,39.87556],[-75.52111,39.87467],[-75.52371,39.87385],[-75.52633,39.87337],[-75.52897,39.87361],[-75.53183,39.87385],[-75.53436,39.8741],[-75.53716,39.87421],[-75.53956,39.87332],[-75.53954,39.8726],[-75.53902,39.87229]]}},{"type":"Feature","properties":{"id":"137613","type":"AC; OVERHEAD","status":"IN SERVICE","owner":"PECO ENERGY CO","voltage":230,"voltClass":"220-287"},"geometry":{"type":"LineString","coordinates":[[-75.43267,39.81584],[-75.43363,39.81716],[-75.43352,39.81747],[-75.43316,39.81765],[-75.43315,39.81803]]}},{"type":"Feature","properties":{"id":"127436","type":"AC; OVERHEAD","status":"IN SERVICE","owner":null,"voltage":115,"voltClass":"100-161"},"geometry":{"type":"LineString","coordinates":[[-75.23012,40.66635],[-75.23025,40.6658],[-75.23017,40.66539],[-75.23155,40.6641],[-75.23061,40.66196],[-75.22891,40.66197],[-75.22941,40.65834],[-75.22968,40.65684],[-75.22993,40.65548],[-75.22925,40.65114],[-75.229,40.64953],[-75.22863,40.64717],[-75.22811,40.64382],[-75.22794,40.64276],[-75.22726,40.63839],[-75.22652,40.63364],[-75.22706,40.63278],[-75.2277,40.63176],[-75.22855,40.63041],[-75.22973,40.62853],[-75.23031,40.62761],[-75.23188,40.6251],[-75.2336,40.62236],[-75.23493,40.62025],[-75.23589,40.61872],[-75.23774,40.61576],[-75.23874,40.61418],[-75.23969,40.61265],[-75.24068,40.61107],[-75.24184,40.60924],[-75.24286,40.6076],[-75.24427,40.60535],[-75.24514,40.60397],[-75.24595,40.60269],[-75.24709,40.60086],[-75.2481,40.59925],[-75.24891,40.59766],[-75.2496,40.59628],[-75.25023,40.59503],[-75.2527,40.59014],[-75.25367,40.58823],[-75.25501,40.58557],[-75.25592,40.58376],[-75.25591,40.58287],[-75.25645,40.58231],[-75.26841,40.57584],[-75.27343,40.57314],[-75.2806,40.56701],[-75.28797,40.56116],[-75.29249,40.5574],[-75.29398,40.55621],[-75.29704,40.55379],[-75.29862,40.55251],[-75.29999,40.55141],[-75.30154,40.55014],[-75.30307,40.54894],[-75.30483,40.54754],[-75.3096,40.54375],[-75.31399,40.54022],[-75.32133,40.53511],[-75.32689,40.53164],[-75.33328,40.52751],[-75.33939,40.52329],[-75.34971,40.51604],[-75.35568,40.51188],[-75.35741,40.51113],[-75.35954,40.51022],[-75.36196,40.50917],[-75.36401,40.50829],[-75.36603,40.50743],[-75.36773,40.50669],[-75.36968,40.50586],[-75.37139,40.50513],[-75.37361,40.50416],[-75.37511,40.50354],[-75.37733,40.50236],[-75.37874,40.5016],[-75.38067,40.50052],[-75.38235,40.49968],[-75.38401,40.49901],[-75.38745,40.49766],[-75.38994,40.49666],[-75.39244,40.49566],[-75.39418,40.49475],[-75.39626,40.49366],[-75.39882,40.49232],[-75.40113,40.49114],[-75.40329,40.49001],[-75.40476,40.48926],[-75.4081,40.48747],[-75.40957,40.48671],[-75.41169,40.48581],[-75.41344,40.48502],[-75.41521,40.48417],[-75.41944,40.48214],[-75.42294,40.48046],[-75.42668,40.47867],[-75.42934,40.47785],[-75.43239,40.47697],[-75.43424,40.47643],[-75.43642,40.47579],[-75.43895,40.47505],[-75.44114,40.4744],[-75.44876,40.47225],[-75.45715,40.47015],[-75.45959,40.46955],[-75.46162,40.46906],[-75.46383,40.46827],[-75.46578,40.46757],[-75.47163,40.46547],[-75.47397,40.46462],[-75.47803,40.46338],[-75.48042,40.46266],[-75.48281,40.462],[-75.48535,40.46125],[-75.48791,40.46049],[-75.49164,40.45939],[-75.49667,40.45597],[-75.49874,40.45512],[-75.50099,40.45419],[-75.50243,40.4537],[-75.50445,40.45372],[-75.5047,40.45385],[-75.50393,40.45523]]}},{"type":"Feature","properties":{"id":"129943","type":"AC; OVERHEAD","status":"IN SERVICE","owner":"PPL ELECTRIC UTILITIES CORP","voltage":500,"voltClass":"500"},"geometry":{"type":"LineString","coordinates":[[-75.50827,40.45716],[-75.50686,40.45759],[-75.50446,40.45807],[-75.50258,40.45843],[-75.49996,40.45943],[-75.49647,40.46069],[-75.49142,40.46245],[-75.48781,40.46258],[-75.48105,40.46276],[-75.47348,40.46511],[-75.4645,40.46483],[-75.46079,40.46459],[-75.45689,40.46441],[-75.45371,40.46427],[-75.44337,40.46814],[-75.44099,40.46903],[-75.43835,40.47],[-75.43516,40.4712],[-75.43297,40.47199],[-75.43106,40.47297],[-75.42821,40.47437],[-75.42621,40.47535],[-75.42348,40.47671],[-75.42164,40.47761],[-75.41882,40.47867],[-75.4169,40.47937],[-75.41487,40.48011],[-75.41099,40.48527],[-75.40663,40.48757],[-75.4035,40.48923],[-75.4004,40.49087],[-75.39694,40.4927],[-75.3942,40.49311],[-75.3897,40.49378],[-75.38594,40.49434],[-75.38225,40.49489],[-75.36689,40.49723],[-75.36485,40.49649],[-75.36275,40.4975],[-75.3539,40.50188],[-75.35025,40.50374],[-75.3474,40.50519],[-75.3472,40.50648],[-75.34679,40.50918],[-75.34635,40.512],[-75.34329,40.51557],[-75.34075,40.51854],[-75.33848,40.52118],[-75.33388,40.52245],[-75.33104,40.52323],[-75.32736,40.52425],[-75.32092,40.53506],[-75.31676,40.53795],[-75.31274,40.54089],[-75.30935,40.54354],[-75.30653,40.54583],[-75.30464,40.54732],[-75.30281,40.54876],[-75.30085,40.55034],[-75.30121,40.55354],[-75.2982,40.55631],[-75.29777,40.56194],[-75.2976,40.56483],[-75.29405,40.57013],[-75.29072,40.57084],[-75.287,40.57164],[-75.28402,40.57224],[-75.28013,40.573],[-75.27911,40.57473],[-75.2806,40.57692],[-75.28205,40.57906],[-75.28617,40.58054],[-75.28993,40.58188],[-75.29312,40.58302],[-75.29661,40.58427],[-75.2965,40.58827],[-75.29641,40.59171],[-75.29632,40.59489],[-75.29621,40.59904],[-75.29689,40.60172],[-75.29729,40.60331],[-75.29797,40.60598],[-75.29906,40.61029],[-75.30172,40.61121],[-75.30337,40.61178],[-75.30527,40.61523],[-75.30643,40.61733],[-75.30805,40.61832],[-75.30881,40.61897],[-75.30873,40.61975]]}},{"type":"Feature","properties":{"id":"174417","type":"AC; OVERHEAD","status":"IN SERVICE","owner":"PPL ELECTRIC UTILITIES CORP","voltage":138,"voltClass":"100-161"},"geometry":{"type":"LineString","coordinates":[[-75.4909,40.98697],[-75.49106,40.98693],[-75.49154,40.98674],[-75.49196,40.98646],[-75.49417,40.98549],[-75.49641,40.9845],[-75.49742,40.98296],[-75.49894,40.98061],[-75.49963,40.97803],[-75.49867,40.9753],[-75.49771,40.97259],[-75.49764,40.9696],[-75.49293,40.97026],[-75.49077,40.97057],[-75.48852,40.96999],[-75.48516,40.96914],[-75.48294,40.96858],[-75.48162,40.96707],[-75.48154,40.96536],[-75.48148,40.96363],[-75.48141,40.96189],[-75.48134,40.95991],[-75.48268,40.95771],[-75.48237,40.95339],[-75.48226,40.95157],[-75.47932,40.95013],[-75.47668,40.95007],[-75.47194,40.94996],[-75.46757,40.94989],[-75.46532,40.94983],[-75.46301,40.94979],[-75.45839,40.9497],[-75.45341,40.94855],[-75.44916,40.94918],[-75.4477,40.94876],[-75.44666,40.94713],[-75.44574,40.94572],[-75.44493,40.94518],[-75.44415,40.94464],[-75.44435,40.94378],[-75.44556,40.93844],[-75.44645,40.93454],[-75.44767,40.92924],[-75.44936,40.92182],[-75.44858,40.91973],[-75.44693,40.91549],[-75.44671,40.91493]]}},{"type":"Feature","properties":{"id":"167087","type":"AC; OVERHEAD","status":"IN SERVICE","owner":"PPL ELECTRIC UTILITIES CORP","voltage":138,"voltClass":"100-161"},"geometry":{"type":"LineString","coordinates":[[-75.4909,40.98697],[-75.49103,40.98688],[-75.49149,40.98668],[-75.49191,40.98641],[-75.49413,40.98543],[-75.49634,40.98446],[-75.49735,40.98293],[-75.49886,40.98059],[-75.49954,40.97803],[-75.49859,40.97531],[-75.49762,40.9726],[-75.49756,40.96967],[-75.49294,40.97032],[-75.49076,40.97064],[-75.4885,40.97005],[-75.48513,40.9692],[-75.48289,40.96863],[-75.48154,40.96709],[-75.48146,40.96536],[-75.4814,40.96363],[-75.48133,40.9619],[-75.48126,40.95989],[-75.48259,40.95769],[-75.48229,40.95339],[-75.48218,40.95161],[-75.47929,40.95019],[-75.47668,40.95013],[-75.47194,40.95003],[-75.46757,40.94995],[-75.46531,40.9499],[-75.463,40.94985],[-75.45838,40.94977],[-75.45341,40.94861],[-75.44916,40.94924],[-75.44764,40.9488],[-75.44659,40.94715],[-75.44567,40.94576],[-75.44487,40.94528],[-75.44412,40.9448],[-75.44401,40.94528],[-75.44052,40.94842],[-75.44053,40.94952],[-75.44037,40.95338],[-75.44016,40.9593],[-75.4355,40.96272],[-75.42872,40.96769],[-75.42319,40.97174],[-75.41759,40.97585],[-75.41478,40.98114],[-75.41252,40.98533],[-75.41234,40.98649],[-75.41224,40.9871],[-75.41141,40.99238],[-75.4108,40.99614],[-75.41032,40.99938],[-75.40574,41.00334],[-75.39934,41.00888],[-75.39293,41.01457],[-75.3927,41.01496],[-75.39224,41.01559],[-75.38923,41.01975],[-75.38626,41.02392],[-75.38332,41.02809],[-75.37971,41.03328],[-75.37966,41.03381],[-75.38062,41.03375],[-75.38059,41.03514],[-75.38015,41.03516],[-75.38015,41.03484],[-75.37978,41.03461]]}},{"type":"Feature","properties":{"id":"167711","type":"AC; OVERHEAD","status":"IN SERVICE","owner":"PPL ELECTRIC UTILITIES CORP","voltage":138,"voltClass":"100-161"},"geometry":{"type":"LineString","coordinates":[[-75.41071,40.98636],[-75.41094,40.98643],[-75.41227,40.98655],[-75.41218,40.9871],[-75.41135,40.99237],[-75.41074,40.99613],[-75.41026,40.99935],[-75.4057,41.0033],[-75.39934,41.00886],[-75.3929,41.01454],[-75.39266,41.01492]]}},{"type":"Feature","properties":{"id":"174418","type":"AC; OVERHEAD","status":"IN SERVICE","owner":"PPL ELECTRIC UTILITIES CORP","voltage":138,"voltClass":"100-161"},"geometry":{"type":"LineString","coordinates":[[-75.36913,40.99368],[-75.36966,40.99414],[-75.37007,40.99448],[-75.37227,40.99481],[-75.37474,40.99489],[-75.37587,40.99667],[-75.37707,40.99809],[-75.3768,40.99969],[-75.37655,41.00118],[-75.37547,41.00245],[-75.3774,41.00386],[-75.37923,41.0052],[-75.38102,41.00649],[-75.38275,41.00776],[-75.38458,41.0091],[-75.38553,41.01097],[-75.38774,41.01136],[-75.38887,41.01216],[-75.391,41.01367],[-75.39266,41.01492]]}},{"type":"Feature","properties":{"id":"174419","type":"AC; OVERHEAD","status":"IN SERVICE","owner":"PPL ELECTRIC UTILITIES CORP","voltage":138,"voltClass":"100-161"},"geometry":{"type":"LineString","coordinates":[[-75.39266,41.01492],[-75.39219,41.01558],[-75.38918,41.01972],[-75.38621,41.02388],[-75.38327,41.02806],[-75.37965,41.03326],[-75.37959,41.03387],[-75.38056,41.03382],[-75.38053,41.03508],[-75.38027,41.03508],[-75.38021,41.0348],[-75.37978,41.03461]]}},{"type":"Feature","properties":{"id":"120496","type":"AC; OVERHEAD","status":"IN SERVICE","owner":null,"voltage":500,"voltClass":"500"},"geometry":{"type":"LineString","coordinates":[[-75.60923,41.49712],[-75.60994,41.49918],[-75.60253,41.50373],[-75.5873,41.51228],[-75.5703,41.5268],[-75.54971,41.51314],[-75.54356,41.5122],[-75.53216,41.51367],[-75.52917,41.51384],[-75.52329,41.50211],[-75.51259,41.49488],[-75.51021,41.48399],[-75.49224,41.48559],[-75.46085,41.48641],[-75.43212,41.48706],[-75.40431,41.48761],[-75.37551,41.48827],[-75.36426,41.49022],[-75.35874,41.48845],[-75.32328,41.48081],[-75.3,41.48077],[-75.2758,41.48077],[-75.26401,41.4797],[-75.24626,41.4783],[-75.24261,41.47802],[-75.23774,41.4776],[-75.22935,41.47697],[-75.22293,41.47647],[-75.21515,41.47589],[-75.21172,41.47567],[-75.20621,41.47521],[-75.18133,41.46804],[-75.17922,41.46559],[-75.17531,41.46397],[-75.15506,41.47031],[-75.14392,41.47127],[-75.1327,41.4657],[-75.13741,41.44129],[-75.13879,41.43438],[-75.14163,41.41967],[-75.14436,41.40507],[-75.14932,41.38006],[-75.14778,41.37849],[-75.14828,41.37619],[-75.15013,41.37546],[-75.15261,41.36225],[-75.13112,41.31493],[-75.05623,41.14916],[-75.03183,41.0954],[-75.02807,41.08706],[-75.02541,41.08138],[-75.0246,41.07959],[-75.02371,41.07891],[-75.01265,41.07649],[-75.00468,41.07471],[-74.98237,41.06953],[-74.96126,41.06454],[-74.94254,41.06018],[-74.90902,41.05226],[-74.87754,41.04484],[-74.86989,41.04379],[-74.84447,41.03846],[-74.81335,41.03191],[-74.80891,41.03336],[-74.79391,41.04132],[-74.78177,41.04568],[-74.767,41.04415],[-74.7508,41.03256],[-74.73153,41.02443],[-74.7271,41.02253],[-74.71404,41.01046],[-74.70918,41.00956],[-74.65348,40.99937],[-74.64908,40.99908],[-74.64309,40.99743],[-74.63423,40.99587],[-74.63516,40.99362],[-74.63562,40.99202],[-74.63531,40.99152]]}},{"type":"Feature","properties":{"id":"103100","type":"AC; OVERHEAD","status":"IN SERVICE","owner":null,"voltage":230,"voltClass":"220-287"},"geometry":{"type":"LineString","coordinates":[[-75.14934,41.37743],[-75.14989,41.37731],[-75.15054,41.37737],[-75.15061,41.37659],[-75.15033,41.37545],[-75.15085,41.37233],[-75.15125,41.37027],[-75.15212,41.36578],[-75.15278,41.36223],[-75.13127,41.31489],[-75.05634,41.14914],[-75.04355,41.12113],[-75.04231,41.11838],[-75.03372,41.09944],[-75.03283,41.09746],[-75.03198,41.09538],[-75.03005,41.09109],[-75.02557,41.08133],[-75.02473,41.07956],[-75.02426,41.07856]]}},{"type":"Feature","properties":{"id":"167173","type":"AC; UNDERGROUND","status":"IN SERVICE","owner":"PUBLIC SERVICE ELEC & GAS CO","voltage":138,"voltClass":"100-161"},"geometry":{"type":"LineString","coordinates":[[-74.17775,40.73306],[-74.15388,40.72789],[-74.12259,40.73791]]}},{"type":"Feature","properties":{"id":"174761","type":"AC; OVERHEAD","status":"IN SERVICE","owner":"PUBLIC SERVICE ELEC & GAS CO","voltage":138,"voltClass":"100-161"},"geometry":{"type":"LineString","coordinates":[[-74.12259,40.73791],[-74.12251,40.73787],[-74.12058,40.73843]]}},{"type":"Feature","properties":{"id":"174762","type":"AC; OVERHEAD","status":"IN SERVICE","owner":"PUBLIC SERVICE ELEC & GAS CO","voltage":230,"voltClass":"220-287"},"geometry":{"type":"LineString","coordinates":[[-74.12259,40.73791],[-74.12253,40.73778],[-74.12058,40.73843]]}},{"type":"Feature","properties":{"id":"174763","type":"AC; OVERHEAD","status":"IN SERVICE","owner":"PUBLIC SERVICE ELEC & GAS CO","voltage":230,"voltClass":"220-287"},"geometry":{"type":"LineString","coordinates":[[-74.2663,40.71244],[-74.2174,40.69798],[-74.1226,40.73775],[-74.12259,40.73791]]}},{"type":"Feature","properties":{"id":"157116","type":"AC; UNDERGROUND","status":"IN SERVICE","owner":"PUBLIC SERVICE ELEC & GAS CO","voltage":138,"voltClass":"100-161"},"geometry":{"type":"LineString","coordinates":[[-74.17775,40.73306],[-74.15378,40.72681],[-74.12263,40.73783],[-74.12259,40.73791]]}},{"type":"Feature","properties":{"id":"166986","type":"AC; OVERHEAD","status":"IN SERVICE","owner":"PUBLIC SERVICE ELEC & GAS CO","voltage":230,"voltClass":"220-287"},"geometry":{"type":"LineString","coordinates":[[-74.34926,40.58682],[-74.34935,40.58657],[-74.3494,40.58561],[-74.34598,40.55107],[-74.3462,40.55037],[-74.3465,40.54967],[-74.34763,40.54785],[-74.34921,40.54611],[-74.35197,40.54403],[-74.35353,40.54321],[-74.35529,40.54252],[-74.35816,40.54155],[-74.37269,40.53684],[-74.37446,40.53649],[-74.37981,40.53598],[-74.38111,40.53571],[-74.38258,40.53529],[-74.38434,40.53462],[-74.39129,40.53128],[-74.40817,40.52095],[-74.41296,40.5181],[-74.43316,40.50688],[-74.43549,40.50538],[-74.43827,40.50329],[-74.44193,40.50038],[-74.44377,40.49893],[-74.4451,40.49786],[-74.44641,40.4967],[-74.4513,40.49207],[-74.46439,40.47968],[-74.46568,40.47936]]}},{"type":"Feature","properties":{"id":"167645","type":"AC; OVERHEAD","status":"IN SERVICE","owner":"PECO ENERGY CO","voltage":230,"voltClass":"220-287"},"geometry":{"type":"LineString","coordinates":[[-75.06252,40.28136],[-75.06258,40.28097],[-75.06399,40.27988],[-75.06579,40.2785],[-75.06872,40.27577],[-75.07096,40.27362],[-75.07058,40.26989],[-75.07042,40.26825],[-75.07021,40.26655],[-75.06833,40.26475],[-75.06655,40.26306],[-75.06592,40.26243],[-75.06401,40.26062],[-75.06292,40.25958],[-75.0612,40.25741],[-75.06031,40.25628],[-75.05884,40.25435],[-75.05747,40.25255],[-75.05585,40.25045],[-75.05471,40.24881],[-75.05351,40.24687],[-75.05551,40.24494],[-75.05699,40.24311],[-75.05575,40.24069],[-75.05469,40.23863],[-75.05372,40.23673],[-75.05445,40.23654],[-75.05535,40.23626],[-75.05627,40.23598],[-75.05714,40.23559],[-75.05793,40.23536],[-75.05889,40.23507],[-75.05976,40.23474],[-75.06053,40.23428],[-75.06122,40.23376],[-75.06192,40.23322],[-75.06265,40.23267],[-75.06337,40.23212],[-75.06409,40.23157],[-75.06481,40.23101],[-75.06553,40.23046],[-75.06625,40.22991],[-75.06684,40.22931],[-75.06722,40.22862],[-75.06738,40.22788],[-75.06732,40.22714],[-75.06735,40.22636],[-75.06737,40.22558],[-75.0674,40.22479],[-75.06741,40.22401],[-75.06744,40.22323],[-75.06746,40.22244],[-75.06748,40.22166],[-75.0675,40.22089],[-75.06753,40.22011],[-75.06756,40.21931],[-75.06758,40.21853],[-75.06761,40.21779],[-75.06771,40.21703],[-75.06809,40.21633],[-75.06864,40.21572],[-75.06923,40.21516],[-75.06982,40.21455],[-75.07034,40.21404],[-75.07096,40.21336],[-75.07164,40.21272],[-75.0723,40.21206],[-75.07294,40.2114],[-75.07362,40.21071],[-75.07425,40.21009],[-75.07481,40.20952],[-75.0754,40.20893],[-75.07596,40.20837],[-75.07657,40.20774],[-75.07719,40.20712],[-75.08028,40.20401],[-75.08089,40.20338],[-75.08148,40.20279],[-75.08206,40.2022],[-75.08262,40.20163]]}},{"type":"Feature","properties":{"id":"167715","type":"AC; OVERHEAD","status":"IN SERVICE","owner":"PECO ENERGY CO","voltage":230,"voltClass":"220-287"},"geometry":{"type":"LineString","coordinates":[[-74.9507,40.07213],[-74.95128,40.07212],[-74.95301,40.07127],[-74.95975,40.06822],[-74.9666,40.06504],[-74.9731,40.06199],[-74.97699,40.06018],[-74.97837,40.05955],[-74.97969,40.05882],[-74.98149,40.05747],[-74.98204,40.05698],[-74.98414,40.05473],[-74.98574,40.053],[-74.9868,40.05209],[-74.98797,40.05128],[-74.98927,40.05055],[-74.99066,40.04995],[-74.99218,40.0493],[-74.99368,40.04863],[-74.99511,40.04784],[-74.99671,40.04688],[-74.99817,40.04602],[-74.99968,40.0451],[-75.00113,40.04422],[-75.00402,40.04254],[-75.00576,40.04143],[-75.00789,40.04016],[-75.01009,40.03904],[-75.0122,40.03816],[-75.01606,40.03668],[-75.01769,40.03601],[-75.01923,40.0353],[-75.0206,40.03457],[-75.02265,40.03333],[-75.02373,40.03309],[-75.02392,40.03318]]}},{"type":"Feature","properties":{"id":"174778","type":"AC; OVERHEAD","status":"IN SERVICE","owner":"PECO ENERGY CO","voltage":230,"voltClass":"220-287"},"geometry":{"type":"LineString","coordinates":[[-75.08262,40.20163],[-75.08268,40.20158],[-75.0833,40.20095],[-75.08391,40.20033],[-75.08452,40.1997],[-75.08517,40.19913],[-75.08587,40.19845],[-75.08645,40.19786],[-75.08707,40.19724],[-75.08768,40.19663],[-75.08829,40.19601],[-75.08888,40.19542],[-75.08946,40.19483],[-75.08999,40.1942],[-75.09057,40.19361],[-75.09087,40.19346],[-75.0913,40.19365],[-75.09217,40.19376]]}},{"type":"Feature","properties":{"id":"174281","type":"AC; OVERHEAD","status":"IN SERVICE","owner":"PECO ENERGY CO","voltage":230,"voltClass":"220-287"},"geometry":{"type":"LineString","coordinates":[[-75.31575,39.89192],[-75.316,39.89233]]}},{"type":"Feature","properties":{"id":"108923","type":"AC; OVERHEAD","status":"IN SERVICE","owner":null,"voltage":230,"voltClass":"220-287"},"geometry":{"type":"LineString","coordinates":[[-75.16213,40.56873],[-75.1624,40.56859],[-75.1636,40.5683],[-75.16198,40.56425],[-75.16101,40.56172],[-75.16053,40.5605],[-75.16362,40.56003],[-75.16607,40.55964],[-75.1688,40.55877],[-75.17226,40.55767],[-75.17532,40.5567],[-75.17816,40.5558],[-75.18122,40.55482],[-75.18491,40.55365],[-75.18734,40.55288],[-75.18983,40.55208],[-75.19352,40.55091],[-75.19626,40.55004],[-75.19813,40.54896],[-75.20052,40.54757],[-75.20339,40.54591],[-75.20513,40.5449],[-75.20691,40.54388],[-75.20877,40.54358],[-75.21204,40.54306],[-75.21464,40.54265],[-75.21763,40.54218],[-75.21992,40.54182],[-75.22321,40.5413],[-75.22562,40.54092],[-75.22824,40.5388],[-75.22983,40.53752],[-75.23222,40.53639],[-75.23408,40.53552],[-75.23712,40.53409],[-75.23936,40.53303],[-75.24229,40.53165],[-75.24507,40.53034],[-75.25044,40.52781],[-75.25321,40.52651],[-75.25861,40.52404],[-75.26187,40.52248],[-75.26481,40.52108],[-75.26943,40.51887],[-75.27313,40.51787],[-75.27685,40.51687],[-75.27913,40.51626],[-75.28215,40.51545],[-75.28469,40.51476],[-75.29068,40.51315],[-75.29421,40.5122],[-75.29654,40.51158],[-75.29885,40.51095],[-75.30207,40.51054],[-75.30471,40.50971],[-75.30785,40.50862],[-75.31042,40.50773],[-75.3132,40.50671],[-75.31564,40.50588],[-75.3188,40.50478],[-75.32176,40.50373],[-75.32542,40.50245],[-75.32815,40.50146],[-75.33079,40.50054],[-75.33394,40.49943],[-75.33741,40.49823],[-75.34,40.49733],[-75.34585,40.49522],[-75.34567,40.49398],[-75.34539,40.4928],[-75.34507,40.49157],[-75.34551,40.49161],[-75.34682,40.49187]]}},{"type":"Feature","properties":{"id":"125750","type":"AC; OVERHEAD","status":"IN SERVICE","owner":null,"voltage":138,"voltClass":"100-161"},"geometry":{"type":"LineString","coordinates":[[-74.76756,40.16318],[-74.76714,40.16331],[-74.76307,40.16566],[-74.76324,40.16756],[-74.76188,40.16953],[-74.75946,40.1706],[-74.75676,40.1719],[-74.75862,40.17448],[-74.76052,40.17695],[-74.75914,40.17852],[-74.75778,40.18078],[-74.75354,40.18306],[-74.75171,40.18358],[-74.73449,40.18898],[-74.7332,40.18651],[-74.73192,40.18405],[-74.73349,40.18165],[-74.73284,40.18087],[-74.73274,40.18014]]}},{"type":"Feature","properties":{"id":"167649","type":"AC; OVERHEAD","status":"IN SERVICE","owner":"PECO ENERGY CO","voltage":230,"voltClass":"220-287"},"geometry":{"type":"LineString","coordinates":[[-75.59741,40.22797],[-75.59803,40.22749],[-75.59688,40.22698],[-75.59608,40.22743],[-75.59506,40.22619],[-75.59411,40.22501],[-75.59379,40.22391],[-75.5947,40.223],[-75.59657,40.22112],[-75.59592,40.21927],[-75.59487,40.21619],[-75.59434,40.2146],[-75.59373,40.21314],[-75.59288,40.21161],[-75.59199,40.21039],[-75.59091,40.20903],[-75.58868,40.2063],[-75.58546,40.20233],[-75.58438,40.20104],[-75.58248,40.19861],[-75.58139,40.19734],[-75.58023,40.1963],[-75.57912,40.19551],[-75.57729,40.19456],[-75.57532,40.19389],[-75.57321,40.19336],[-75.57131,40.19317],[-75.56954,40.19305],[-75.5676,40.19336],[-75.5659,40.19409],[-75.56464,40.1949],[-75.56298,40.19635],[-75.56143,40.19707],[-75.55934,40.19722],[-75.55734,40.19667],[-75.55599,40.19577],[-75.55472,40.19449],[-75.5523,40.19108],[-75.54925,40.18667],[-75.54815,40.1851],[-75.54698,40.18337],[-75.54579,40.18168],[-75.54459,40.17998],[-75.54365,40.17846],[-75.54309,40.17699],[-75.54244,40.17508],[-75.5418,40.17405],[-75.53997,40.17268],[-75.53645,40.171],[-75.53467,40.17013],[-75.53297,40.16933],[-75.53141,40.16832],[-75.53035,40.16722],[-75.52948,40.16572],[-75.52917,40.16427],[-75.52898,40.16273],[-75.52893,40.16101],[-75.52878,40.15888],[-75.52917,40.15684],[-75.53014,40.15474],[-75.53108,40.15291],[-75.53123,40.15084],[-75.53033,40.15078],[-75.52984,40.15072]]}},{"type":"Feature","properties":{"id":"119891","type":"AC; OVERHEAD","status":"IN SERVICE","owner":"PECO ENERGY CO","voltage":230,"voltClass":"220-287"},"geometry":{"type":"LineString","coordinates":[[-75.63228,39.90963],[-75.62949,39.90923],[-75.62783,39.90668],[-75.62596,39.90377],[-75.62414,39.90095],[-75.62247,39.89877],[-75.62068,39.89639],[-75.61864,39.89376],[-75.61656,39.89102],[-75.61467,39.88845],[-75.61238,39.88696],[-75.61023,39.88552],[-75.608,39.88395],[-75.60512,39.88235],[-75.60227,39.88096],[-75.60016,39.87846],[-75.59788,39.87602],[-75.59632,39.8736],[-75.59508,39.87114],[-75.59402,39.86916],[-75.58969,39.86979],[-75.58628,39.87029],[-75.58253,39.87083],[-75.57921,39.87136],[-75.57634,39.87041],[-75.57286,39.86982],[-75.56922,39.86911],[-75.56608,39.87106],[-75.56324,39.87232],[-75.56124,39.87311],[-75.55885,39.87353],[-75.55629,39.87388],[-75.55359,39.87424],[-75.55025,39.87399],[-75.54648,39.87375],[-75.54334,39.87348],[-75.53983,39.87316],[-75.54003,39.87274],[-75.53902,39.87229]]}},{"type":"Feature","properties":{"id":"145483","type":"OVERHEAD","status":null,"owner":"PUBLIC SERVICE ELEC & GAS CO","voltage":138,"voltClass":"100-161"},"geometry":{"type":"LineString","coordinates":[[-74.12058,40.73843],[-74.12031,40.73716]]}},{"type":"Feature","properties":{"id":"164979","type":"OVERHEAD","status":"IN SERVICE","owner":"PUBLIC SERVICE ELEC & GAS CO","voltage":138,"voltClass":"100-161"},"geometry":{"type":"LineString","coordinates":[[-74.12031,40.73716],[-74.1211,40.73597]]}},{"type":"Feature","properties":{"id":"147024","type":"OVERHEAD","status":null,"owner":"PUBLIC SERVICE ELEC & GAS CO","voltage":230,"voltClass":"220-287"},"geometry":{"type":"LineString","coordinates":[[-74.24801,40.55687],[-74.24699,40.55623]]}},{"type":"Feature","properties":{"id":"125106","type":"OVERHEAD","status":null,"owner":"CONSOLIDATED EDISON CO-NY INC","voltage":348,"voltClass":"DC"},"geometry":{"type":"LineString","coordinates":[[-73.94693,40.75814],[-73.94675,40.75847],[-73.94673,40.75893],[-73.94614,40.75946]]}},{"type":"Feature","properties":{"id":"133638","type":"OVERHEAD","status":null,"owner":"CONSOLIDATED EDISON CO-NY INC","voltage":348,"voltClass":"DC"},"geometry":{"type":"LineString","coordinates":[[-73.94693,40.75814],[-73.9473,40.75876],[-73.947,40.7591],[-73.94614,40.75946]]}},{"type":"Feature","properties":{"id":"117654","type":"OVERHEAD","status":null,"owner":"CONSOLIDATED EDISON CO-NY INC","voltage":348,"voltClass":"DC"},"geometry":{"type":"LineString","coordinates":[[-73.94693,40.75814],[-73.94653,40.75842],[-73.94658,40.75886],[-73.94614,40.75946]]}},{"type":"Feature","properties":{"id":"140949","type":"OVERHEAD","status":null,"owner":"CONSOLIDATED EDISON CO-NY INC","voltage":348,"voltClass":"DC"},"geometry":{"type":"LineString","coordinates":[[-73.94693,40.75814],[-73.94604,40.75818],[-73.94615,40.75875],[-73.94614,40.75946]]}},{"type":"Feature","properties":{"id":"138364","type":"OVERHEAD","status":null,"owner":"PECO ENERGY CO","voltage":230,"voltClass":"220-287"},"geometry":{"type":"LineString","coordinates":[[-75.30038,40.2128],[-75.29896,40.21311],[-75.29612,40.21168],[-75.29582,40.21233],[-75.29515,40.21379],[-75.29332,40.21335],[-75.29277,40.21365],[-75.29096,40.21347]]}},{"type":"Feature","properties":{"id":"130962","type":null,"status":null,"owner":"CONSOLIDATED EDISON CO-NY INC","voltage":138,"voltClass":"100-161"},"geometry":{"type":"LineString","coordinates":[[-74.19984,40.59192],[-74.20035,40.59137],[-74.19944,40.59073],[-74.19785,40.58927],[-74.1972,40.58922]]}},{"type":"Feature","properties":{"id":"126392","type":null,"status":null,"owner":"CONSOLIDATED EDISON CO-NY INC","voltage":138,"voltClass":"100-161"},"geometry":{"type":"LineString","coordinates":[[-74.19984,40.59192],[-74.19939,40.59165],[-74.19727,40.58987],[-74.1972,40.58922]]}},{"type":"Feature","properties":{"id":"147307","type":"OVERHEAD","status":"IN SERVICE","owner":"CONSOLIDATED EDISON CO-NY INC","voltage":138,"voltClass":"100-161"},"geometry":{"type":"LineString","coordinates":[[-74.1972,40.58922],[-74.19664,40.59022],[-74.19639,40.59048],[-74.19544,40.59035],[-74.19419,40.59133],[-74.19288,40.59489],[-74.19196,40.59729],[-74.1909,40.6001],[-74.1905,40.60118],[-74.19033,40.60213],[-74.19037,40.60393],[-74.19171,40.60785],[-74.19287,40.61104],[-74.19397,40.6142],[-74.19456,40.61582],[-74.19524,40.61775],[-74.19619,40.61702]]}},{"type":"Feature","properties":{"id":"102604","type":null,"status":null,"owner":"ORANGE & ROCKLAND UTILS INC","voltage":138,"voltClass":"100-161"},"geometry":{"type":"LineString","coordinates":[[-74.16353,41.12594],[-74.16422,41.12705],[-74.16488,41.12681]]}},{"type":"Feature","properties":{"id":"125328","type":"OVERHEAD","status":null,"owner":"PUBLIC SERVICE ELEC & GAS CO","voltage":230,"voltClass":"220-287"},"geometry":{"type":"LineString","coordinates":[[-74.87698,40.07777],[-74.87946,40.0764]]}},{"type":"Feature","properties":{"id":"116486","type":"OVERHEAD","status":null,"owner":"PUBLIC SERVICE ELEC & GAS CO","voltage":230,"voltClass":"220-287"},"geometry":{"type":"LineString","coordinates":[[-74.87946,40.0764],[-74.87656,40.07613]]}},{"type":"Feature","properties":{"id":"109801","type":"OVERHEAD","status":null,"owner":"PPL ELECTRIC UTILITIES CORP","voltage":500,"voltClass":"500"},"geometry":{"type":"LineString","coordinates":[[-75.31419,40.61819],[-75.31433,40.61882]]}},{"type":"Feature","properties":{"id":"100467","type":"OVERHEAD","status":null,"owner":"CONSOLIDATED EDISON CO-NY INC","voltage":345,"voltClass":"345"},"geometry":{"type":"LineString","coordinates":[[-73.89809,40.78179],[-73.89769,40.78222],[-73.89655,40.78262],[-73.89621,40.78239],[-73.89641,40.78202]]}},{"type":"Feature","properties":{"id":"107690","type":"OVERHEAD","status":null,"owner":"CONSOLIDATED EDISON CO-NY INC","voltage":345,"voltClass":"345"},"geometry":{"type":"LineString","coordinates":[[-73.89809,40.78179],[-73.89766,40.7821],[-73.89697,40.78234],[-73.89661,40.78211],[-73.89641,40.78202]]}},{"type":"Feature","properties":{"id":"143692","type":"OVERHEAD","status":null,"owner":"PECO ENERGY CO","voltage":138,"voltClass":"100-161"},"geometry":{"type":"LineString","coordinates":[[-74.74259,40.14797],[-74.74131,40.14649]]}},{"type":"Feature","properties":{"id":"114091","type":"OVERHEAD","status":null,"owner":"PECO ENERGY CO","voltage":138,"voltClass":"100-161"},"geometry":{"type":"LineString","coordinates":[[-74.74177,40.146],[-74.74131,40.14649]]}},{"type":"Feature","properties":{"id":"133809","type":"OVERHEAD","status":"IN SERVICE","owner":"PECO ENERGY CO","voltage":138,"voltClass":"100-161"},"geometry":{"type":"LineString","coordinates":[[-74.74177,40.146],[-74.74302,40.14574],[-74.74386,40.14774],[-74.74674,40.14819],[-74.75306,40.14903],[-74.75381,40.15094],[-74.75453,40.15313],[-74.75612,40.15651],[-74.75715,40.15854],[-74.75792,40.1604],[-74.75872,40.16233],[-74.76046,40.16364],[-74.76275,40.16251],[-74.76425,40.16136],[-74.76469,40.15903],[-74.76398,40.15518],[-74.7632,40.15392],[-74.76435,40.1531],[-74.76955,40.15254],[-74.77708,40.15181],[-74.78082,40.15145],[-74.79148,40.14841],[-74.79905,40.14626],[-74.80552,40.14439],[-74.81521,40.14807],[-74.822,40.14499],[-74.83196,40.14041],[-74.83532,40.13887],[-74.83877,40.1373],[-74.8407,40.13978],[-74.84267,40.14157],[-74.84439,40.14384],[-74.84434,40.14503],[-74.8447,40.1453],[-74.84547,40.14463]]}},{"type":"Feature","properties":{"id":"112064","type":"OVERHEAD","status":"IN SERVICE","owner":"CONSOLIDATED EDISON CO-NY INC","voltage":138,"voltClass":"100-161"},"geometry":{"type":"LineString","coordinates":[[-74.1972,40.58922],[-74.19596,40.58917],[-74.19574,40.58937],[-74.19472,40.58957],[-74.19406,40.5913],[-74.19274,40.59486],[-74.19182,40.59726],[-74.19076,40.60007],[-74.19035,40.60116],[-74.19019,40.60212],[-74.19022,40.60394],[-74.19157,40.60788],[-74.19273,40.61107],[-74.19383,40.61423],[-74.19442,40.61585],[-74.19517,40.61798],[-74.19619,40.61702]]}},{"type":"Feature","properties":{"id":"133692","type":"OVERHEAD","status":null,"owner":"METROPOLITAN EDISON CO","voltage":230,"voltClass":"220-287"},"geometry":{"type":"LineString","coordinates":[[-75.10858,40.80038],[-75.10787,40.80027],[-75.10728,40.8007],[-75.10772,40.80107],[-75.10743,40.8019]]}},{"type":"Feature","properties":{"id":"149558","type":"OVERHEAD","status":null,"owner":"METROPOLITAN EDISON CO","voltage":230,"voltClass":"220-287"},"geometry":{"type":"LineString","coordinates":[[-75.10858,40.80038],[-75.10654,40.79925],[-75.1058,40.79781]]}},{"type":"Feature","properties":{"id":"145328","type":"OVERHEAD","status":null,"owner":"DELMARVA POWER","voltage":138,"voltClass":"100-161"},"geometry":{"type":"LineString","coordinates":[[-75.53704,39.73061],[-75.53829,39.73163]]}},{"type":"Feature","properties":{"id":"101420","type":"OVERHEAD","status":null,"owner":"ORANGE & ROCKLAND UTILS INC","voltage":345,"voltClass":"345"},"geometry":{"type":"LineString","coordinates":[[-73.96872,41.20531],[-73.96832,41.2051],[-73.96745,41.20519],[-73.96722,41.20544]]}},{"type":"Feature","properties":{"id":"104055","type":null,"status":null,"owner":"ORANGE & ROCKLAND UTILS INC","voltage":345,"voltClass":"345"},"geometry":{"type":"LineString","coordinates":[[-73.96872,41.20531],[-73.96864,41.20408],[-73.97307,41.20324],[-73.97501,41.20425],[-73.97569,41.20437],[-73.97748,41.20399],[-73.97846,41.20403],[-73.97895,41.20442]]}},{"type":"Feature","properties":{"id":"101964","type":"OVERHEAD","status":null,"owner":"CONSOLIDATED EDISON CO-NY INC","voltage":138,"voltClass":"100-161"},"geometry":{"type":"LineString","coordinates":[[-73.90931,40.78769],[-73.91026,40.78724],[-73.91026,40.78758],[-73.90861,40.78893],[-73.90821,40.78864],[-73.90782,40.78895],[-73.90696,40.78877]]}},{"type":"Feature","properties":{"id":"144658","type":"OVERHEAD","status":null,"owner":"CONSOLIDATED EDISON CO-NY INC","voltage":138,"voltClass":"100-161"},"geometry":{"type":"LineString","coordinates":[[-73.90931,40.78769],[-73.90994,40.78755],[-73.90994,40.78774],[-73.90862,40.78882],[-73.90792,40.78833],[-73.90737,40.78854],[-73.90696,40.78877]]}},{"type":"Feature","properties":{"id":"106204","type":"OVERHEAD","status":null,"owner":"CONSOLIDATED EDISON CO-NY INC","voltage":138,"voltClass":"100-161"},"geometry":{"type":"LineString","coordinates":[[-73.90561,40.78737],[-73.90608,40.78694],[-73.90778,40.78816],[-73.9083,40.78814],[-73.90931,40.78769]]}},{"type":"Feature","properties":{"id":"134783","type":"OVERHEAD","status":null,"owner":"PPL ELECTRIC UTILITIES CORP","voltage":138,"voltClass":"100-161"},"geometry":{"type":"LineString","coordinates":[[-75.45621,40.60792],[-75.45599,40.60839]]}},{"type":"Feature","properties":{"id":"130864","type":"OVERHEAD","status":null,"owner":"PECO ENERGY CO","voltage":230,"voltClass":"220-287"},"geometry":{"type":"LineString","coordinates":[[-75.18784,39.94294],[-75.18912,39.94247]]}},{"type":"Feature","properties":{"id":"143228","type":"OVERHEAD","status":"IN SERVICE","owner":"PECO ENERGY CO","voltage":230,"voltClass":"220-287"},"geometry":{"type":"LineString","coordinates":[[-75.18655,39.94203],[-75.18784,39.94294]]}},{"type":"Feature","properties":{"id":"146868","type":"OVERHEAD","status":null,"owner":"PECO ENERGY CO","voltage":230,"voltClass":"220-287"},"geometry":{"type":"LineString","coordinates":[[-75.32603,39.86029],[-75.32415,39.85932]]}},{"type":"Feature","properties":{"id":"116659","type":"OVERHEAD","status":null,"owner":"PUBLIC SERVICE ELEC & GAS CO","voltage":345,"voltClass":"345"},"geometry":{"type":"LineString","coordinates":[[-74.07306,40.74746],[-74.06992,40.74644]]}},{"type":"Feature","properties":{"id":"149984","type":"OVERHEAD","status":null,"owner":"PUBLIC SERVICE ELEC & GAS CO","voltage":230,"voltClass":"220-287"},"geometry":{"type":"LineString","coordinates":[[-74.07306,40.74746],[-74.07331,40.7493]]}},{"type":"Feature","properties":{"id":"111482","type":"AC; OVERHEAD","status":"IN SERVICE","owner":"JERSEY CENTRAL POWER & LT CO","voltage":230,"voltClass":"220-287"},"geometry":{"type":"LineString","coordinates":[[-75.16471,40.56638],[-75.16497,40.56711],[-75.16367,40.56836],[-75.16251,40.56875],[-75.16213,40.56873]]}},{"type":"Feature","properties":{"id":"116204","type":"OVERHEAD","status":null,"owner":"JERSEY CENTRAL POWER & LT CO","voltage":230,"voltClass":"220-287"},"geometry":{"type":"LineString","coordinates":[[-75.16389,40.56583],[-75.16471,40.56638]]}},{"type":"Feature","properties":{"id":"123873","type":"OVERHEAD","status":null,"owner":"PECO ENERGY CO","voltage":230,"voltClass":"220-287"},"geometry":{"type":"LineString","coordinates":[[-75.42181,39.80694],[-75.42124,39.80743]]}},{"type":"Feature","properties":{"id":"175391","type":"OVERHEAD","status":"IN SERVICE","owner":"ATLANTIC CITY ELECTRIC CO","voltage":230,"voltClass":"220-287"},"geometry":{"type":"LineString","coordinates":[[-74.26131,39.69026],[-74.26033,39.69001],[-74.25776,39.69004],[-74.25705,39.68992],[-74.25472,39.68888],[-74.25264,39.68775],[-74.25057,39.68652],[-74.24915,39.6858],[-74.24751,39.68497],[-74.24344,39.68291],[-74.23707,39.67967],[-74.22616,39.67412],[-74.22436,39.6732],[-74.22134,39.67131],[-74.2182,39.66893],[-74.21707,39.6687],[-74.21495,39.6675],[-74.20869,39.66448]]}},{"type":"Feature","properties":{"id":"129607","type":"OVERHEAD","status":null,"owner":"ATLANTIC CITY ELECTRIC CO","voltage":230,"voltClass":"220-287"},"geometry":{"type":"LineString","coordinates":[[-74.26131,39.69026],[-74.2614,39.68962]]}},{"type":"Feature","properties":{"id":"108389","type":"OVERHEAD","status":"IN SERVICE","owner":null,"voltage":230,"voltClass":"220-287"},"geometry":{"type":"LineString","coordinates":[[-75.08137,40.90922],[-75.08131,40.90848],[-75.08349,40.90813],[-75.08516,40.90799],[-75.08713,40.90625],[-75.08878,40.90484],[-75.09034,40.90348],[-75.09183,40.90218],[-75.09337,40.90084],[-75.09513,40.89934],[-75.09834,40.89655],[-75.09949,40.89544],[-75.09854,40.89443],[-75.09775,40.89354],[-75.09543,40.89106],[-75.09396,40.88946],[-75.09214,40.88753],[-75.09103,40.88632],[-75.08868,40.88378],[-75.08771,40.88272],[-75.08621,40.88113],[-75.08486,40.87969],[-75.08345,40.87815],[-75.08216,40.87676],[-75.08094,40.87545],[-75.07977,40.87421],[-75.0786,40.87292],[-75.0777,40.87194],[-75.07599,40.87012],[-75.07551,40.86855],[-75.07497,40.86662],[-75.07433,40.86451],[-75.07376,40.86266],[-75.07335,40.86115],[-75.07284,40.85947],[-75.0724,40.85808],[-75.07191,40.85653],[-75.07154,40.85523],[-75.07096,40.8534],[-75.07031,40.85128],[-75.0691,40.84735],[-75.06861,40.84575],[-75.06954,40.84343],[-75.07026,40.84166],[-75.07034,40.84047],[-75.07049,40.83858],[-75.07056,40.83693],[-75.07154,40.8359]]}},{"type":"Feature","properties":{"id":"117071","type":"OVERHEAD","status":"IN SERVICE","owner":"JERSEY CENTRAL POWER & LT CO","voltage":230,"voltClass":"220-287"},"geometry":{"type":"LineString","coordinates":[[-74.34309,40.39914],[-74.35235,40.41994],[-74.35251,40.42146],[-74.35261,40.42239],[-74.35272,40.42337],[-74.3517,40.42465],[-74.35077,40.42584],[-74.3517,40.42723],[-74.35276,40.4288],[-74.3528,40.4303],[-74.35283,40.43168],[-74.35287,40.43302],[-74.3529,40.43442],[-74.35294,40.43595],[-74.35301,40.43878],[-74.35319,40.44578],[-74.35323,40.44708],[-74.35308,40.44797],[-74.35276,40.44969],[-74.35258,40.45068],[-74.35227,40.45219],[-74.35307,40.4586],[-74.35438,40.45979],[-74.35468,40.4612],[-74.35498,40.46256],[-74.3554,40.4645],[-74.35602,40.46653],[-74.3566,40.4684],[-74.35727,40.4706],[-74.35675,40.47182],[-74.35608,40.47337],[-74.35525,40.47494],[-74.35464,40.47534],[-74.35471,40.47605],[-74.35403,40.47689],[-74.35313,40.47708],[-74.35358,40.47922]]}},{"type":"Feature","properties":{"id":"119313","type":"AC; OVERHEAD","status":"IN SERVICE","owner":"JERSEY CENTRAL POWER & LT CO","voltage":230,"voltClass":"220-287"},"geometry":{"type":"LineString","coordinates":[[-74.35333,40.47418],[-74.35358,40.47922]]}},{"type":"Feature","properties":{"id":"134490","type":"OVERHEAD","status":"IN SERVICE","owner":"JERSEY CENTRAL POWER & LT CO","voltage":230,"voltClass":"220-287"},"geometry":{"type":"LineString","coordinates":[[-74.34289,40.39904],[-74.3522,40.41998],[-74.35236,40.42148],[-74.35247,40.4224],[-74.35257,40.42332],[-74.35159,40.42456],[-74.35058,40.42583],[-74.35158,40.42731],[-74.35261,40.42885],[-74.35265,40.4303],[-74.35268,40.43168],[-74.35272,40.43302],[-74.35275,40.43442],[-74.35279,40.43595],[-74.35286,40.43878],[-74.35304,40.44578],[-74.35308,40.44707],[-74.35293,40.44795],[-74.35262,40.44966],[-74.35243,40.45066],[-74.3522,40.4522],[-74.353,40.45863],[-74.35431,40.45983],[-74.35461,40.46122],[-74.35491,40.46257],[-74.35533,40.46452],[-74.35595,40.46655],[-74.35653,40.46842],[-74.35719,40.4706],[-74.35668,40.47179],[-74.35601,40.47333],[-74.35517,40.47487],[-74.35455,40.47527],[-74.35462,40.476],[-74.35398,40.47683],[-74.35303,40.47702],[-74.3533,40.47908],[-74.35358,40.47922]]}},{"type":"Feature","properties":{"id":"132254","type":"OVERHEAD","status":null,"owner":"METROPOLITAN EDISON CO","voltage":230,"voltClass":"220-287"},"geometry":{"type":"LineString","coordinates":[[-75.08137,40.90922],[-75.08044,40.90925],[-75.07911,40.90954]]}},{"type":"Feature","properties":{"id":"126745","type":"OVERHEAD","status":"IN SERVICE","owner":"METROPOLITAN EDISON CO","voltage":230,"voltClass":"220-287"},"geometry":{"type":"LineString","coordinates":[[-75.08137,40.90922],[-75.08139,40.90855],[-75.0835,40.90821],[-75.08519,40.90806],[-75.08719,40.90631],[-75.08883,40.9049],[-75.09039,40.90354],[-75.09189,40.90224],[-75.09343,40.9009],[-75.09518,40.8994],[-75.09839,40.89661],[-75.09995,40.89577],[-75.10123,40.89571],[-75.10297,40.89561],[-75.10503,40.89549],[-75.10689,40.89539],[-75.11,40.89524],[-75.1118,40.89514],[-75.11569,40.89497],[-75.11834,40.89485],[-75.12032,40.89474],[-75.12302,40.89463],[-75.12439,40.89589],[-75.12599,40.89735],[-75.12717,40.89843],[-75.1284,40.89977],[-75.12953,40.90102],[-75.13099,40.90267],[-75.13268,40.90448],[-75.13403,40.90607],[-75.13581,40.90638],[-75.13826,40.9069],[-75.14041,40.90731],[-75.1423,40.90769],[-75.14477,40.90818],[-75.14607,40.90844],[-75.14741,40.9087],[-75.1491,40.90834],[-75.15098,40.90795],[-75.15342,40.90741],[-75.15498,40.90706],[-75.1569,40.90666],[-75.1592,40.90712],[-75.16173,40.90769],[-75.1639,40.90814],[-75.16623,40.90865],[-75.16841,40.90911],[-75.17079,40.90961],[-75.17244,40.90911],[-75.17476,40.90838],[-75.17624,40.90791],[-75.1775,40.9075],[-75.17923,40.90694],[-75.18189,40.90611],[-75.18411,40.90539],[-75.18635,40.90467],[-75.18851,40.90398],[-75.18999,40.90351],[-75.1905,40.90398],[-75.19099,40.90444],[-75.19138,40.90442]]}},{"type":"Feature","properties":{"id":"138529","type":"OVERHEAD","status":null,"owner":"JERSEY CENTRAL POWER & LT CO","voltage":230,"voltClass":"220-287"},"geometry":{"type":"LineString","coordinates":[[-74.28147,40.49003],[-74.28099,40.49124]]}},{"type":"Feature","properties":{"id":"127341","type":"OVERHEAD","status":"IN SERVICE","owner":"JERSEY CENTRAL POWER & LT CO","voltage":230,"voltClass":"220-287"},"geometry":{"type":"LineString","coordinates":[[-74.24291,40.39762],[-74.24301,40.39819],[-74.24459,40.39911],[-74.24495,40.39892],[-74.24581,40.39922],[-74.24842,40.40011],[-74.25104,40.401],[-74.25307,40.40169],[-74.25571,40.40259],[-74.26228,40.40483],[-74.27099,40.40974],[-74.27305,40.4109],[-74.27509,40.41205],[-74.27725,40.41327],[-74.28169,40.41577],[-74.28579,40.41808],[-74.2879,40.41928],[-74.29,40.42046],[-74.29144,40.42182],[-74.2928,40.42312],[-74.29373,40.424],[-74.29533,40.42552],[-74.29687,40.427],[-74.29859,40.42868],[-74.30027,40.43028],[-74.30122,40.43119],[-74.30275,40.43266],[-74.30374,40.43361],[-74.30349,40.43555],[-74.30326,40.43736],[-74.30304,40.43911],[-74.30278,40.44134],[-74.30255,40.44323],[-74.3023,40.44529],[-74.30208,40.4472],[-74.30186,40.44904],[-74.30163,40.45096],[-74.30144,40.45255],[-74.3012,40.45451],[-74.30097,40.45644],[-74.30074,40.4584],[-74.30055,40.46],[-74.30032,40.46193],[-74.30009,40.46381],[-74.29985,40.46583],[-74.29962,40.46776],[-74.29939,40.46968],[-74.29918,40.47143],[-74.299,40.47291],[-74.29886,40.47414],[-74.29856,40.47666],[-74.29835,40.4784],[-74.29762,40.47889],[-74.296,40.47998],[-74.29453,40.48097],[-74.29249,40.48234],[-74.29101,40.48333],[-74.28954,40.48432],[-74.28265,40.48895],[-74.28143,40.4891],[-74.28063,40.4898],[-74.28147,40.49003]]}},{"type":"Feature","properties":{"id":"105725","type":"OVERHEAD","status":"IN SERVICE","owner":"JERSEY CENTRAL POWER & LT CO","voltage":230,"voltClass":"220-287"},"geometry":{"type":"LineString","coordinates":[[-74.24291,40.39762],[-74.24308,40.39816],[-74.24454,40.39902],[-74.24491,40.39883],[-74.24584,40.39915],[-74.24844,40.40004],[-74.25106,40.40093],[-74.25309,40.40162],[-74.25573,40.40252],[-74.26232,40.40477],[-74.27103,40.40968],[-74.27309,40.41084],[-74.27513,40.41199],[-74.27729,40.41321],[-74.28172,40.41571],[-74.28582,40.41802],[-74.28794,40.41921],[-74.29005,40.4204],[-74.29149,40.42177],[-74.29285,40.42307],[-74.29378,40.42395],[-74.29538,40.42547],[-74.29693,40.42694],[-74.29864,40.42863],[-74.30032,40.43023],[-74.30127,40.43114],[-74.3028,40.43261],[-74.30382,40.43358],[-74.30357,40.43556],[-74.30334,40.43737],[-74.30312,40.43912],[-74.30285,40.44135],[-74.30263,40.44324],[-74.30238,40.4453],[-74.30215,40.4472],[-74.30193,40.44905],[-74.3017,40.45097],[-74.30151,40.45256],[-74.30128,40.45452],[-74.30105,40.45645],[-74.30081,40.45841],[-74.30062,40.46001],[-74.30039,40.46194],[-74.30016,40.46382],[-74.29992,40.46583],[-74.29969,40.46777],[-74.29946,40.46969],[-74.29925,40.47144],[-74.29908,40.47292],[-74.29893,40.47415],[-74.29863,40.47667],[-74.29842,40.47844],[-74.29766,40.47895],[-74.29604,40.48004],[-74.29457,40.48103],[-74.29253,40.4824],[-74.29105,40.48339],[-74.28959,40.48438],[-74.28269,40.48902],[-74.28146,40.48918],[-74.28102,40.48984],[-74.28147,40.49003]]}},{"type":"Feature","properties":{"id":"132178","type":"OVERHEAD","status":null,"owner":"ATLANTIC CITY ELECTRIC CO","voltage":230,"voltClass":"220-287"},"geometry":{"type":"LineString","coordinates":[[-75.24884,39.81288],[-75.24921,39.81186]]}},{"type":"Feature","properties":{"id":"150815","type":"OVERHEAD","status":null,"owner":"ATLANTIC CITY ELECTRIC CO","voltage":230,"voltClass":"220-287"},"geometry":{"type":"LineString","coordinates":[[-74.9654,39.3757],[-74.96639,39.37611]]}},{"type":"Feature","properties":{"id":"100689","type":"OVERHEAD","status":null,"owner":"PPL ELECTRIC UTILITIES CORP","voltage":138,"voltClass":"100-161"},"geometry":{"type":"LineString","coordinates":[[-75.47914,40.69284],[-75.47881,40.69219]]}},{"type":"Feature","properties":{"id":"128420","type":"OVERHEAD","status":null,"owner":"PECO ENERGY CO","voltage":138,"voltClass":"100-161"},"geometry":{"type":"LineString","coordinates":[[-74.76816,40.16263],[-74.76756,40.16318]]}},{"type":"Feature","properties":{"id":"127178","type":"OVERHEAD","status":null,"owner":"PECO ENERGY CO","voltage":230,"voltClass":"220-287"},"geometry":{"type":"LineString","coordinates":[[-75.07733,39.98467],[-75.0751,39.98471]]}},{"type":"Feature","properties":{"id":"127250","type":"OVERHEAD","status":"IN SERVICE","owner":"JERSEY CENTRAL POWER & LT CO","voltage":230,"voltClass":"220-287"},"geometry":{"type":"LineString","coordinates":[[-74.37692,40.30038],[-74.37633,40.30071],[-74.37289,40.30415],[-74.3723,40.32354],[-74.37217,40.32757],[-74.37206,40.32922],[-74.37196,40.3307],[-74.37145,40.33771],[-74.37138,40.33925],[-74.37134,40.3403],[-74.36454,40.37354],[-74.3592,40.38486],[-74.35469,40.38529],[-74.35419,40.38593],[-74.3544,40.38738],[-74.35457,40.3886],[-74.35475,40.38983],[-74.35495,40.39121],[-74.35453,40.39269],[-74.35336,40.39355],[-74.35199,40.39455],[-74.35065,40.39554],[-74.34936,40.39649],[-74.34796,40.39752],[-74.34529,40.39852],[-74.34309,40.39914]]}},{"type":"Feature","properties":{"id":"140704","type":"OVERHEAD","status":"IN SERVICE","owner":"JERSEY CENTRAL POWER & LT CO","voltage":230,"voltClass":"220-287"},"geometry":{"type":"LineString","coordinates":[[-74.34117,40.3972],[-74.34148,40.3974],[-74.34248,40.39819],[-74.34309,40.39914]]}},{"type":"Feature","properties":{"id":"110691","type":"OVERHEAD","status":"IN SERVICE","owner":"JERSEY CENTRAL POWER & LT CO","voltage":230,"voltClass":"220-287"},"geometry":{"type":"LineString","coordinates":[[-74.34289,40.39904],[-74.34233,40.39825],[-74.34134,40.39748],[-74.34117,40.3972]]}},{"type":"Feature","properties":{"id":"115640","type":"OVERHEAD","status":"IN SERVICE","owner":"JERSEY CENTRAL POWER & LT CO","voltage":230,"voltClass":"220-287"},"geometry":{"type":"LineString","coordinates":[[-74.37692,40.30038],[-74.37616,40.30056],[-74.37274,40.30408],[-74.37215,40.32354],[-74.37202,40.32757],[-74.37191,40.32921],[-74.37181,40.33069],[-74.3713,40.3377],[-74.37123,40.33924],[-74.37119,40.34028],[-74.36439,40.37349],[-74.35911,40.38472],[-74.35461,40.38514],[-74.35404,40.38588],[-74.35425,40.3874],[-74.35443,40.38862],[-74.3546,40.38985],[-74.35479,40.3912],[-74.3544,40.3926],[-74.35327,40.39343],[-74.3519,40.39443],[-74.35056,40.39542],[-74.34927,40.39637],[-74.34788,40.39739],[-74.34524,40.39838],[-74.34299,40.39901],[-74.34289,40.39904]]}}]}