{"type":"FeatureCollection","features":[{"type":"Feature","properties":{"id":"209429","type":"AC; OVERHEAD","status":null,"owner":"PACIFICORP","voltage":115,"voltClass":"100-161"},"geometry":{"type":"LineString","coordinates":[[-114.04122,41.33454],[-114.04105,41.33444],[-114.04071,41.33454],[-114.0384,41.33522],[-114.036,41.3359],[-114.03361,41.33659],[-114.03121,41.33729],[-114.02881,41.33798],[-114.02642,41.33868],[-114.02403,41.33938],[-114.02163,41.34009],[-114.01913,41.34081],[-114.01663,41.34155],[-114.0145,41.34215],[-114.01255,41.34273],[-114.01034,41.34336],[-114.00809,41.34401],[-114.00611,41.34458],[-114.00432,41.34597],[-114.00244,41.34742],[-114.00056,41.34888],[-113.99868,41.35034],[-113.99679,41.35177],[-113.99491,41.35323],[-113.99303,41.35469],[-113.99125,41.35605],[-113.98948,41.35743],[-113.98744,41.35901],[-113.98559,41.36042],[-113.98337,41.36215],[-113.98134,41.36371],[-113.9796,41.36503],[-113.97793,41.36632],[-113.9759,41.36791],[-113.9742,41.3692],[-113.9726,41.37046],[-113.9708,41.37186],[-113.96878,41.37339],[-113.96692,41.37483],[-113.96519,41.37618],[-113.96331,41.37761],[-113.96143,41.37906],[-113.95957,41.3805],[-113.95769,41.38194],[-113.95581,41.38339],[-113.95404,41.38477],[-113.95205,41.38629],[-113.95005,41.38783],[-113.94829,41.3892],[-113.9464,41.39065],[-113.94452,41.3921],[-113.94263,41.39355],[-113.94074,41.39502],[-113.93884,41.39648],[-113.93694,41.39795],[-113.93516,41.39933],[-113.93289,41.40107],[-113.9307,41.40277],[-113.92917,41.40396],[-113.92702,41.4056],[-113.92489,41.40721],[-113.92409,41.40909],[-113.92326,41.41097],[-113.92242,41.41287],[-113.92174,41.41443],[-113.9209,41.41634],[-113.92004,41.41829],[-113.91909,41.42046],[-113.91809,41.42274],[-113.91723,41.4247],[-113.91634,41.4267],[-113.91547,41.42871],[-113.91455,41.43079],[-113.91363,41.43287],[-113.91282,41.43468],[-113.91203,41.43651],[-113.91116,41.43847],[-113.91024,41.44055],[-113.90941,41.44246],[-113.90852,41.44449],[-113.90763,41.44643],[-113.9076,41.4481],[-113.90754,41.45011],[-113.90748,41.4521],[-113.90741,41.45411],[-113.90734,41.45611],[-113.90729,41.45804],[-113.90722,41.46012],[-113.90716,41.46176],[-113.90709,41.46385],[-113.90703,41.46597],[-113.90695,41.46842],[-113.90689,41.47044],[-113.90682,41.47247],[-113.90676,41.47456],[-113.90669,41.47664],[-113.90663,41.47873],[-113.90656,41.48081],[-113.9065,41.4829],[-113.90643,41.48498],[-113.90636,41.48707],[-113.9063,41.48915],[-113.9061,41.491],[-113.90589,41.49294],[-113.90569,41.49485],[-113.9057,41.49684],[-113.90573,41.49885],[-113.90574,41.50088],[-113.90576,41.50291],[-113.90578,41.50494],[-113.9058,41.50697],[-113.90582,41.50897],[-113.90585,41.51095],[-113.90587,41.51306],[-113.90589,41.51509],[-113.90591,41.51711],[-113.90593,41.51915],[-113.90595,41.52117],[-113.90597,41.52321],[-113.90599,41.52524],[-113.90601,41.52727],[-113.90603,41.5293],[-113.90605,41.53133],[-113.90607,41.53336],[-113.90609,41.53539],[-113.90611,41.53742],[-113.90613,41.53942],[-113.90615,41.54145],[-113.90617,41.54347],[-113.90619,41.54548],[-113.90621,41.54751],[-113.90623,41.5496],[-113.90625,41.55183],[-113.90628,41.55413],[-113.90629,41.55565],[-113.90631,41.55774],[-113.90634,41.55976],[-113.90636,41.5618],[-113.90637,41.56384],[-113.9064,41.5659],[-113.90642,41.56795],[-113.90644,41.57001],[-113.90646,41.57184],[-113.90648,41.57374],[-113.9065,41.57575],[-113.90652,41.57774],[-113.90654,41.57975],[-113.90655,41.58175],[-113.90658,41.58381],[-113.9066,41.58576],[-113.90661,41.58776],[-113.90664,41.58977],[-113.90666,41.59183],[-113.90668,41.59378],[-113.9067,41.59577],[-113.90671,41.59778],[-113.90674,41.59978],[-113.90676,41.60184],[-113.90678,41.6039],[-113.9068,41.60586],[-113.90682,41.60801],[-113.90684,41.61007],[-113.90686,41.61192],[-113.90689,41.61356],[-113.90672,41.61561],[-113.90655,41.61767],[-113.90639,41.61971],[-113.90623,41.62177],[-113.90606,41.62382],[-113.9059,41.62587],[-113.90574,41.62793],[-113.90557,41.62998],[-113.90543,41.63203],[-113.90454,41.63385],[-113.90365,41.63572],[-113.9028,41.63745],[-113.90329,41.63762]]}},{"type":"Feature","properties":{"id":"301086","type":"AC; OVERHEAD","status":"IN SERVICE","owner":null,"voltage":345,"voltClass":"345"},"geometry":{"type":"LineString","coordinates":[[-114.90397,36.42562],[-114.9045,36.42384],[-114.89623,36.41596],[-114.88673,36.40685],[-114.88404,36.40492],[-114.87829,36.4157],[-114.87101,36.42939],[-114.86283,36.44479],[-114.85303,36.46322],[-114.8454,36.47763],[-114.83809,36.49122],[-114.83001,36.50677],[-114.81552,36.51868],[-114.80132,36.53018],[-114.7827,36.54541],[-114.75247,36.56887],[-114.73477,36.58233],[-114.71514,36.59765],[-114.69832,36.61071],[-114.68818,36.61858],[-114.66725,36.63481],[-114.6652,36.63583],[-114.66169,36.637],[-114.65753,36.63844],[-114.65419,36.63945],[-114.64383,36.64309],[-114.63605,36.64594],[-114.62402,36.65803],[-114.60944,36.67174],[-114.6064,36.67497],[-114.5835,36.67803],[-114.56591,36.68018],[-114.55965,36.68073],[-114.54967,36.68193],[-114.54813,36.68212],[-114.54459,36.68276],[-114.53673,36.68739],[-114.52175,36.69615],[-114.51004,36.70338],[-114.49862,36.71089],[-114.47081,36.72882],[-114.44274,36.74719],[-114.42771,36.75934],[-114.39611,36.78714],[-114.35865,36.82001],[-114.332,36.84307],[-114.28943,36.87958],[-114.26865,36.8977],[-114.20932,36.94785],[-114.2083,36.94866],[-114.20644,36.94828],[-114.20433,36.95],[-114.2025,36.9517],[-114.05298,37.07814],[-114.03483,37.08766],[-114.01286,37.10053],[-113.95618,37.18426],[-113.93864,37.23423],[-113.85683,37.2864],[-113.8057,37.30029],[-113.80229,37.30365],[-113.7794,37.32684],[-113.7679,37.33839],[-113.75639,37.35013],[-113.74887,37.35769],[-113.73972,37.36693],[-113.7303,37.37639],[-113.72115,37.38566],[-113.71474,37.39222],[-113.70898,37.39308],[-113.68749,37.39634],[-113.67163,37.40445],[-113.66727,37.40673],[-113.65516,37.41293],[-113.64954,37.4119],[-113.64605,37.41186],[-113.64605,37.41245],[-113.64521,37.41301]]}},{"type":"Feature","properties":{"id":"303002","type":"AC; OVERHEAD","status":"IN SERVICE","owner":null,"voltage":500,"voltClass":"500"},"geometry":{"type":"LineString","coordinates":[[-111.39465,36.90256],[-111.39736,36.90342],[-111.39852,36.90212],[-111.39993,36.90038],[-111.40134,36.89606],[-111.4284,36.90079],[-111.44063,36.9029],[-111.4773,36.9029],[-111.48636,36.90704],[-111.48814,36.90951],[-111.49228,36.91168],[-111.49574,36.91266],[-111.49752,36.91459],[-111.50195,36.91915],[-111.50739,36.92503],[-111.51642,36.92939],[-111.53375,36.93816],[-111.56037,36.9513],[-111.60556,36.97347],[-111.62932,36.98507],[-111.64703,36.99008],[-111.68261,37.00089],[-111.87024,37.05885],[-112.00111,37.11239],[-112.09629,37.04696],[-112.13505,37.01829],[-112.22945,36.98047],[-112.30466,36.95075],[-112.30994,36.9497],[-112.40828,36.93072],[-112.41183,36.9282],[-112.49689,36.8585],[-112.50244,36.85517],[-112.59275,36.8185],[-112.67641,36.80225],[-112.69703,36.80222],[-112.80922,36.80242],[-112.88983,36.82019],[-113.00153,36.84531],[-113.08189,36.86228],[-113.11134,36.86628],[-113.18494,36.87628],[-113.23889,36.88364],[-113.32997,36.91706],[-113.34844,36.9238],[-113.35284,36.92731],[-113.36281,36.93145],[-113.41847,36.93106],[-113.44141,36.9514],[-113.48,36.95815],[-113.49054,36.95997],[-113.49845,36.9587],[-113.5171,36.95199],[-113.55243,36.93916],[-113.55716,36.93743],[-113.57637,36.94194],[-113.58126,36.9433],[-113.59939,36.94544],[-113.61937,36.94785],[-113.62717,36.95237],[-113.64809,36.96432],[-113.64928,36.96655],[-113.65983,36.9857],[-113.66927,37.00305],[-113.6747,37.01295],[-113.67752,37.01822],[-113.69485,37.02532],[-113.71291,37.03265],[-113.72115,37.03617],[-113.74481,37.04561],[-113.76002,37.05179],[-113.76726,37.05182],[-113.78438,37.05171],[-113.78616,37.04918],[-113.80744,37.02268],[-113.81809,37.01256],[-113.82341,37.01063],[-113.83665,37.00589],[-113.852,37.00658],[-113.87095,37.00653],[-113.87279,37.00421],[-113.88025,36.99455],[-113.89622,36.99259],[-113.93983,36.98718],[-113.9665,36.98395],[-113.97264,36.98319],[-113.98532,36.98019],[-113.99451,36.9769],[-114.02631,36.96239],[-114.05314,36.94939],[-114.06097,36.94583],[-114.126,36.94639],[-114.20933,36.94743],[-114.26823,36.89751],[-114.28625,36.88142],[-114.38914,36.79244],[-114.43821,36.74924],[-114.47494,36.72595],[-114.51331,36.70077],[-114.54479,36.6821],[-114.58847,36.67682],[-114.60617,36.6746],[-114.61064,36.66943],[-114.62016,36.66029],[-114.6353,36.64583],[-114.64543,36.64165],[-114.65742,36.63813],[-114.66489,36.63549],[-114.6682,36.63295],[-114.68278,36.62084],[-114.7005,36.60708],[-114.72317,36.5895],[-114.74492,36.57217],[-114.76578,36.55556],[-114.7855,36.53991],[-114.80554,36.52363],[-114.82121,36.51132],[-114.82166,36.50775],[-114.82403,36.48925],[-114.82372,36.48262],[-114.82627,36.48242],[-114.83035,36.48251]]}},{"type":"Feature","properties":{"id":"308464","type":"DC; OVERHEAD","status":"IN SERVICE","owner":"LADWP","voltage":500,"voltClass":"500"},"geometry":{"type":"LineString","coordinates":[[-112.58069,39.50131],[-112.58072,39.4966],[-112.58306,39.49526],[-112.58782,39.49648],[-112.58859,39.49668],[-112.59271,39.49768],[-112.5976,39.49897],[-112.60261,39.50035],[-112.60696,39.50141],[-112.65409,39.50136],[-112.65903,39.50132],[-112.80483,39.50148],[-112.80874,39.50143],[-112.82118,39.49548],[-112.85946,39.47671],[-112.86321,39.47486],[-112.86526,39.47198],[-112.90182,39.41783],[-112.90359,39.41511],[-112.90512,39.41273],[-112.90574,39.22385],[-112.90574,39.21976],[-112.88986,39.1682],[-112.85267,39.06633],[-112.84668,39.0431],[-112.85012,39.02886],[-112.88033,38.90195],[-112.88124,38.89831],[-112.88364,38.89462],[-112.89709,38.87485],[-112.90459,38.84339],[-112.90522,38.83974],[-112.90762,38.83789],[-113.04672,38.69735],[-113.04722,38.43482],[-113.06524,38.41177],[-113.06525,38.4112],[-113.06525,38.39149],[-113.08349,38.34843],[-113.14499,38.28789],[-113.1513,38.28168],[-113.17708,38.22025],[-113.24343,38.16766],[-113.24275,38.0783],[-113.25388,38.06613],[-113.25416,37.94648],[-113.32929,37.88742],[-113.37718,37.84859],[-113.40826,37.82288],[-113.44558,37.80112],[-113.49169,37.76302],[-113.50205,37.73351],[-113.50967,37.71193],[-113.52321,37.69029],[-113.53116,37.6685],[-113.56282,37.65261],[-113.5802,37.6372],[-113.6053,37.59934],[-113.61189,37.57814],[-113.60216,37.54312],[-113.60395,37.53009],[-113.60416,37.52845],[-113.60503,37.52615],[-113.61333,37.50308],[-113.62763,37.46253],[-113.63643,37.45162],[-113.64004,37.43169],[-113.64399,37.42222],[-113.64609,37.41803],[-113.64927,37.41647],[-113.68749,37.39634],[-113.68768,37.39676],[-113.71474,37.39222],[-113.7679,37.33839],[-113.80229,37.30365],[-113.85683,37.2864],[-113.93864,37.23423],[-113.95618,37.18426],[-114.01215,37.10006],[-114.05335,37.07853],[-114.2678,36.89709],[-114.4422,36.74665],[-114.51575,36.69846],[-114.52668,36.69211],[-114.53617,36.68658],[-114.54029,36.68415],[-114.54452,36.68166],[-114.54884,36.68112],[-114.58784,36.67635],[-114.60468,36.67423],[-114.63484,36.64533],[-114.65724,36.63756],[-114.66445,36.63499],[-114.66761,36.63251],[-114.81802,36.51326],[-114.82057,36.51111],[-114.82299,36.49212],[-114.82347,36.48789],[-114.82338,36.48598],[-114.82324,36.48246],[-114.82303,36.47826],[-114.81977,36.41843],[-114.81934,36.41018],[-114.81908,36.40522],[-114.81969,36.40064],[-114.82062,36.39324],[-114.82213,36.38131],[-114.83703,36.34929],[-114.83905,36.34495],[-114.84066,36.34147],[-114.84735,36.33035],[-114.84932,36.32705],[-114.85038,36.32462],[-114.87872,36.26096],[-114.88481,36.24736],[-114.88623,36.24409],[-114.88785,36.24057],[-114.91312,36.19157],[-114.91392,36.18995],[-114.91621,36.18574],[-114.92599,36.16748],[-114.92753,36.16457],[-114.9291,36.16145],[-114.94402,36.15051],[-114.94454,36.14751],[-114.94452,36.14229],[-114.94479,36.12005],[-114.93968,36.10371],[-114.93822,36.05783],[-114.93817,36.05454],[-114.93556,36.05107],[-114.93265,36.04723],[-114.92045,36.031],[-114.91846,36.02836],[-114.91712,36.02135],[-114.91329,35.99128],[-114.9135,35.98882],[-114.92253,35.98357],[-114.93658,35.97539],[-114.94299,35.97349],[-114.95514,35.96972],[-114.95637,35.9691],[-114.96297,35.96225],[-114.99004,35.9484],[-114.99825,35.94131],[-114.99825,35.93474],[-114.99835,35.92306],[-114.99848,35.89027],[-115.00213,35.85467],[-115.00548,35.83159],[-115.01277,35.82441],[-115.01589,35.82139],[-115.02215,35.81525],[-115.02526,35.81226],[-115.02836,35.80921],[-115.03112,35.80652],[-115.03443,35.80423],[-115.03802,35.80176],[-115.09648,35.76192],[-115.10026,35.75935],[-115.10529,35.75902],[-115.13814,35.75663],[-115.14458,35.75426],[-115.14852,35.75295],[-115.15563,35.75551],[-115.16029,35.75733],[-115.16378,35.75826],[-115.17209,35.76176],[-115.17704,35.76117],[-115.19069,35.75952],[-115.20258,35.755],[-115.24784,35.73146],[-115.25588,35.72724],[-115.28233,35.71376],[-115.31423,35.70067],[-115.35303,35.65657],[-115.35518,35.6541],[-115.35733,35.65169],[-115.37903,35.62699],[-115.38145,35.6242],[-115.38515,35.62407],[-115.39107,35.62384],[-115.39524,35.61979],[-115.4043,35.6167],[-115.40878,35.61517],[-115.41766,35.61211],[-115.4527,35.59707],[-115.53689,35.59121],[-115.61782,35.59065],[-115.716,35.55295],[-115.89766,35.50408],[-115.92962,35.4806],[-115.92553,35.47297],[-115.96205,35.46404],[-116.13508,35.3849],[-116.20236,35.34732],[-116.28525,35.27723],[-116.35219,35.25316],[-116.43594,35.16584],[-116.47206,35.12636],[-116.52844,35.07466],[-116.59556,35.02945],[-116.68441,34.97053],[-116.76042,34.91854],[-116.77709,34.88875],[-116.82482,34.85677],[-116.86385,34.837],[-116.89793,34.82053],[-116.8945,34.81554],[-116.94235,34.80455],[-116.9761,34.77772],[-117.04324,34.73032],[-117.1373,34.70518],[-117.21125,34.65795],[-117.27336,34.6025],[-117.33014,34.58203],[-117.34349,34.57665],[-117.34665,34.56518],[-117.34738,34.56252],[-117.35043,34.56226],[-117.36975,34.56054],[-117.37469,34.56014],[-117.39597,34.55838],[-117.4073,34.55751],[-117.41195,34.55711],[-117.42348,34.55623],[-117.43076,34.55562],[-117.43082,34.55363],[-117.43236,34.55075],[-117.43779,34.5514]]}},{"type":"Feature","properties":{"id":"308978","type":"AC; OVERHEAD","status":"IN SERVICE","owner":null,"voltage":230,"voltClass":"220-287"},"geometry":{"type":"LineString","coordinates":[[-112.73084,39.15109],[-112.73146,39.1507],[-112.73348,39.15031],[-112.76118,39.14994],[-112.77945,39.14916],[-112.80986,39.14838],[-112.83475,39.14777],[-112.84354,39.14745],[-112.86518,39.147],[-112.87826,39.14672],[-112.89693,39.14616],[-112.91514,39.14566],[-112.94109,39.15189],[-112.96335,39.1572],[-112.99453,39.16466],[-113.02624,39.17221],[-113.04374,39.17638],[-113.06831,39.18222],[-113.08296,39.1861],[-113.10704,39.19276],[-113.12945,39.19893],[-113.15809,39.20688],[-113.16758,39.20948],[-113.17818,39.21374],[-113.19673,39.22112],[-113.21633,39.22889],[-113.23022,39.23442],[-113.25233,39.24322],[-113.27439,39.25201],[-113.27962,39.25413],[-113.28877,39.25503],[-113.30415,39.25667],[-113.32826,39.25917],[-113.3418,39.25657],[-113.35557,39.25405],[-113.36579,39.25205],[-113.36914,39.25153],[-113.37256,39.24961],[-113.37759,39.2405],[-113.38294,39.23812],[-113.39311,39.23327],[-113.40059,39.22992],[-113.40968,39.22564],[-113.41199,39.22463],[-113.42404,39.22334],[-113.43869,39.22115],[-113.45108,39.21844],[-113.46359,39.2141],[-113.47441,39.21032],[-113.48,39.2084],[-113.49096,39.20456],[-113.505,39.19973],[-113.52156,39.19397],[-113.54256,39.18672],[-113.55617,39.18199],[-113.57585,39.17522],[-113.57988,39.1739],[-113.58623,39.16481],[-113.59149,39.15731],[-113.59606,39.15075],[-113.59935,39.14625],[-113.60765,39.13511],[-113.61475,39.12691],[-113.6246,39.12505],[-113.64061,39.12317],[-113.65134,39.12154],[-113.66296,39.11984],[-113.6658,39.11938],[-113.67063,39.11946],[-113.67624,39.11953],[-113.69245,39.11966],[-113.72345,39.11989],[-113.7426,39.12009],[-113.76637,39.12025],[-113.78579,39.12038],[-113.79489,39.12217],[-113.80319,39.12385],[-113.818,39.12677],[-113.82662,39.12447],[-113.83888,39.12551],[-113.84418,39.12593],[-113.85275,39.12251],[-113.86019,39.11961],[-113.86617,39.11725],[-113.87394,39.11418],[-113.8871,39.10898],[-113.90193,39.10309],[-113.91917,39.10073],[-113.93412,39.0987],[-113.95174,39.09627],[-113.97815,39.09264],[-114.00161,39.0894],[-114.00745,39.0886],[-114.02179,39.08661],[-114.04564,39.08734],[-114.05197,39.08754],[-114.07138,39.08814],[-114.0841,39.08849],[-114.09989,39.08897],[-114.11596,39.08948],[-114.14118,39.0902],[-114.15454,39.09061],[-114.17598,39.09124],[-114.18708,39.09158],[-114.20649,39.09212],[-114.21792,39.09243],[-114.22974,39.09277],[-114.25617,39.09354],[-114.26907,39.09391],[-114.28967,39.09449],[-114.31211,39.09513],[-114.32659,39.09553],[-114.34033,39.09591],[-114.35501,39.09631],[-114.36263,39.09655],[-114.37204,39.09444],[-114.38157,39.09241],[-114.39072,39.09041],[-114.39852,39.08872],[-114.41232,39.08574],[-114.41828,39.08967],[-114.43154,39.09838],[-114.44455,39.09876],[-114.46089,39.0992],[-114.47994,39.0997],[-114.49272,39.10004],[-114.49992,39.10023],[-114.49998,39.09917]]}},{"type":"Feature","properties":{"id":"310334","type":"AC; OVERHEAD","status":"IN SERVICE","owner":null,"voltage":230,"voltClass":"220-287"},"geometry":{"type":"LineString","coordinates":[[-112.58069,39.50131],[-112.58674,39.50276],[-112.58842,39.49859],[-112.59309,39.49817],[-112.60627,39.50186],[-112.61291,39.50172],[-112.65231,39.50181],[-112.70084,39.50192],[-112.76127,39.50188],[-112.80887,39.50187],[-112.81666,39.4981],[-112.86352,39.47511],[-112.8709,39.4643],[-112.89089,39.43468],[-112.90603,39.41234],[-112.92549,39.38338],[-112.97549,39.36113],[-113.00398,39.34842],[-113.02626,39.34379],[-113.09123,39.33029],[-113.14145,39.31527],[-113.19616,39.29891],[-113.2703,39.27666],[-113.29714,39.26857],[-113.3257,39.26001],[-113.32828,39.25957],[-113.34188,39.25696],[-113.35565,39.25444],[-113.36585,39.25245],[-113.36927,39.25191],[-113.37286,39.24991],[-113.37787,39.24082],[-113.3831,39.23848],[-113.39328,39.23364],[-113.40075,39.23028],[-113.40984,39.226],[-113.4121,39.22502],[-113.42409,39.22374],[-113.43876,39.22154],[-113.45119,39.21882],[-113.46372,39.21447],[-113.47454,39.2107],[-113.48013,39.20878],[-113.49109,39.20494],[-113.50513,39.20011],[-113.52169,39.19435],[-113.54269,39.18709],[-113.5563,39.18237],[-113.57597,39.1756],[-113.58013,39.17424],[-113.58656,39.16504],[-113.59182,39.15754],[-113.59639,39.15098],[-113.59968,39.14649],[-113.60796,39.13536],[-113.61496,39.12727],[-113.62467,39.12544],[-113.64067,39.12356],[-113.6514,39.12194],[-113.66302,39.12024],[-113.66583,39.11979],[-113.67062,39.11986],[-113.67624,39.11993],[-113.69244,39.12006],[-113.72345,39.12029],[-113.74259,39.12049],[-113.76637,39.12065],[-113.78575,39.12078],[-113.79481,39.12256],[-113.80311,39.12424],[-113.81801,39.12718],[-113.82665,39.12488],[-113.83885,39.12591],[-113.84424,39.12634],[-113.8529,39.12289],[-113.86034,39.11998],[-113.86632,39.11762],[-113.87409,39.11456],[-113.88725,39.10935],[-113.90203,39.10348],[-113.91923,39.10113],[-113.93417,39.0991],[-113.9518,39.09666],[-113.9782,39.09304],[-114.00167,39.0898],[-114.0075,39.08899],[-114.02181,39.08701],[-114.04562,39.08774],[-114.05196,39.08794],[-114.07268,39.09127],[-114.08872,39.09389],[-114.11102,39.0975],[-114.12054,39.0991],[-114.13342,39.10116],[-114.14271,39.10261],[-114.15144,39.10408],[-114.18867,39.10059],[-114.21537,39.09809],[-114.22773,39.09767],[-114.25192,39.09672],[-114.2618,39.09637],[-114.27471,39.09588],[-114.29017,39.09527],[-114.3291,39.09622],[-114.35737,39.09696],[-114.36281,39.0973],[-114.41183,39.08653],[-114.43146,39.0991],[-114.49983,39.10087],[-114.59208,39.10325],[-114.61628,39.11481],[-114.6445,39.12722],[-114.72524,39.14246],[-114.73046,39.14325],[-114.78315,39.18842],[-114.79751,39.28932],[-114.80377,39.32956],[-114.80453,39.33547],[-114.80704,39.33602],[-114.80732,39.33655]]}},{"type":"Feature","properties":{"id":"200823","type":"AC; OVERHEAD","status":"IN SERVICE","owner":"BONNEVILLE POWER ADMINISTRATION","voltage":1000,"voltClass":"DC"},"geometry":{"type":"LineString","coordinates":[[-121.11308,45.59461],[-121.11197,45.59484],[-121.11064,45.59177],[-121.11075,45.58975],[-121.11048,45.58921],[-121.10842,45.58509],[-121.10803,45.58432],[-121.10619,45.58065],[-121.10543,45.57914],[-121.10349,45.57526],[-121.10187,45.57205],[-121.10063,45.56958],[-121.09953,45.56738],[-121.09655,45.56144],[-121.0942,45.55675],[-121.0929,45.55415],[-121.09059,45.54955],[-121.08994,45.54825],[-121.0889,45.54618],[-121.08774,45.54386],[-121.08592,45.54024],[-121.08528,45.53894],[-121.08238,45.53316],[-121.08061,45.52963],[-121.07893,45.52627],[-121.07738,45.52317],[-121.07633,45.52109],[-121.07462,45.51766],[-121.07365,45.51573],[-121.07206,45.51256],[-121.07135,45.51114],[-121.06909,45.50661],[-121.06773,45.5039],[-121.06611,45.50066],[-121.06546,45.49937],[-121.06458,45.4976],[-121.06459,45.49588],[-121.06461,45.49366],[-121.06466,45.48893],[-121.06467,45.48728],[-121.06471,45.48262],[-121.06472,45.48166],[-121.06475,45.47878],[-121.06481,45.47207],[-121.06485,45.46823],[-121.06487,45.46576],[-121.06489,45.46343],[-121.06491,45.46144],[-121.06495,45.45705],[-121.06498,45.45372],[-121.065,45.45095],[-121.06502,45.44849],[-121.06505,45.44595],[-121.06509,45.44102],[-121.06512,45.43848],[-121.06515,45.43505],[-121.06517,45.43215],[-121.0652,45.42902],[-121.06523,45.42586],[-121.06526,45.42264],[-121.06529,45.41963],[-121.06531,45.41663],[-121.06533,45.41469],[-121.06534,45.41325],[-121.06539,45.40832],[-121.06541,45.40552],[-121.06547,45.40195],[-121.0655,45.39975],[-121.06552,45.39742],[-121.06556,45.39262],[-121.06559,45.39029],[-121.06561,45.38796],[-121.06565,45.38303],[-121.06568,45.38024],[-121.0657,45.37725],[-121.06573,45.3744],[-121.06574,45.37109],[-121.06577,45.36862],[-121.0658,45.36518],[-121.06583,45.36245],[-121.06586,45.35889],[-121.06588,45.35615],[-121.06592,45.35293],[-121.06593,45.35121],[-121.06596,45.34772],[-121.06598,45.34587],[-121.06602,45.34243],[-121.06604,45.34011],[-121.06606,45.33723],[-121.0661,45.33381],[-121.06612,45.33093],[-121.06615,45.32798],[-121.06618,45.3249],[-121.06621,45.32174],[-121.06623,45.31955],[-121.06626,45.31639],[-121.06629,45.31402],[-121.06461,45.31048],[-121.06354,45.30824],[-121.0626,45.30624],[-121.05976,45.30184],[-121.05904,45.30072],[-121.05743,45.29822],[-121.05538,45.29505],[-121.05373,45.29248],[-121.05168,45.2893],[-121.0505,45.28746],[-121.0485,45.28437],[-121.04682,45.28175],[-121.0448,45.27863],[-121.04377,45.27702],[-121.04255,45.27513],[-121.04026,45.27158],[-121.03832,45.26851],[-121.03714,45.26663],[-121.036,45.26483],[-121.03127,45.25646],[-121.0314,45.25408],[-121.03164,45.24989],[-121.03187,45.24729],[-121.0322,45.24359],[-121.03242,45.24113],[-121.03271,45.23784],[-121.03305,45.23401],[-121.03323,45.23196],[-121.03353,45.22868],[-121.03379,45.22566],[-121.03394,45.22402],[-121.03435,45.21937],[-121.03462,45.21636],[-121.0349,45.21321],[-121.03516,45.2102],[-121.03543,45.20719],[-121.03589,45.20433],[-121.03644,45.20092],[-121.03706,45.19711],[-121.03736,45.1952],[-121.03614,45.1918],[-121.03515,45.18909],[-121.03385,45.1855],[-121.03246,45.18165],[-121.03164,45.17939],[-121.03039,45.17594],[-121.02953,45.17355],[-121.02919,45.17262],[-121.02818,45.16983],[-121.02751,45.16797],[-121.02578,45.16319],[-121.02516,45.16146],[-121.02392,45.15804],[-121.02295,45.15535],[-121.0206,45.14886],[-121.0194,45.14552],[-121.01825,45.14233],[-121.01671,45.13808],[-121.01604,45.13622],[-121.01561,45.13503],[-121.01429,45.13137],[-121.01347,45.12911],[-121.0123,45.12586],[-121.01124,45.12294],[-121.0101,45.11977],[-121.0087,45.1166],[-121.00748,45.11383],[-121.00549,45.10933],[-121.00426,45.10653],[-121.00319,45.10411],[-121.0016,45.10051],[-121.00053,45.09809],[-120.99958,45.09593],[-120.99788,45.09207],[-120.99692,45.08991],[-120.99571,45.08716],[-120.99427,45.08389],[-120.99306,45.08114],[-120.99162,45.07787],[-120.9905,45.07534],[-120.98878,45.07144],[-120.98786,45.06934],[-120.98611,45.06538],[-120.98522,45.06334],[-120.98456,45.06186],[-120.98291,45.0581],[-120.98199,45.05601],[-120.98081,45.05333],[-120.97979,45.05101],[-120.97818,45.04737],[-120.97709,45.04488],[-120.97608,45.04259],[-120.97507,45.0403],[-120.9734,45.03651],[-120.97196,45.03323],[-120.97104,45.03114],[-120.96954,45.02774],[-120.96833,45.02499],[-120.96741,45.02289],[-120.96612,45.01996],[-120.96478,45.0169],[-120.96356,45.01412],[-120.96252,45.01177],[-120.96045,45.00706],[-120.95953,45.00496],[-120.95819,45.00192],[-120.95699,44.99917],[-120.9555,44.9958],[-120.95435,44.99318],[-120.95286,44.98978],[-120.95188,44.98755],[-120.95023,44.9838],[-120.94889,44.98074],[-120.94777,44.97819],[-120.9462,44.97462],[-120.9451,44.9721],[-120.94377,44.96909],[-120.94245,44.96608],[-120.94108,44.96297],[-120.9399,44.96026],[-120.9386,44.95731],[-120.93741,44.95459],[-120.93642,44.95235],[-120.93751,44.9497],[-120.93891,44.94628],[-120.93999,44.94365],[-120.94118,44.94075],[-120.94248,44.93759],[-120.94365,44.93473],[-120.94491,44.93167],[-120.94615,44.92864],[-120.94739,44.92561],[-120.94842,44.92311],[-120.94977,44.91982],[-120.95077,44.91739],[-120.95225,44.91377],[-120.95311,44.91166],[-120.95442,44.90848],[-120.95524,44.90646],[-120.95624,44.90402],[-120.95773,44.9004],[-120.95872,44.89797],[-120.95969,44.8956],[-120.96104,44.89231],[-120.96191,44.8902],[-120.96353,44.88623],[-120.96431,44.88434],[-120.96552,44.88138],[-120.9667,44.87848],[-120.96746,44.87664],[-120.96832,44.87454],[-120.97015,44.87006],[-120.9708,44.86848],[-120.97242,44.86453],[-120.97295,44.86321],[-120.97473,44.85887],[-120.97559,44.85676],[-120.97662,44.85426],[-120.97807,44.85071],[-120.97963,44.84689],[-120.98055,44.84465],[-120.98157,44.84215],[-120.98294,44.83879],[-120.98405,44.83609],[-120.98572,44.83201],[-120.98652,44.83004],[-120.98811,44.82615],[-120.989,44.82398],[-120.99021,44.82102],[-120.99136,44.81819],[-120.99268,44.81496],[-120.99387,44.81206],[-120.9957,44.80905],[-120.99775,44.80684],[-121.00051,44.80386],[-121.00248,44.80175],[-121.00429,44.7998],[-121.01366,44.78971],[-121.01423,44.78624],[-121.01462,44.78386],[-121.01504,44.7813],[-121.01549,44.77861],[-121.01594,44.77586],[-121.0162,44.77426],[-121.01655,44.77216],[-121.01736,44.76727],[-121.01581,44.76404],[-121.01403,44.76034],[-121.01282,44.75781],[-121.01141,44.75489],[-121.01004,44.75204],[-121.00873,44.74931],[-121.00736,44.74646],[-121.00587,44.74335],[-121.0045,44.74049],[-121.00307,44.73751],[-121.00163,44.73452],[-121.00033,44.7318],[-120.99908,44.7292],[-120.99759,44.72609],[-120.99622,44.72324],[-120.99472,44.72012],[-120.99336,44.71727],[-120.99186,44.71415],[-120.99087,44.71208],[-120.99039,44.71107],[-120.99025,44.70882],[-120.99008,44.70587],[-120.98991,44.70287],[-120.98974,44.69991],[-120.98958,44.69724],[-120.98801,44.69444],[-120.98601,44.69087],[-120.98472,44.68858],[-120.98307,44.68566],[-120.98143,44.68273],[-120.98007,44.68031],[-120.97857,44.67764],[-120.97699,44.67484],[-120.97552,44.67222],[-120.9757,44.66919],[-120.97589,44.6659],[-120.97606,44.66288],[-120.97626,44.65959],[-120.97646,44.65613],[-120.97695,44.65292],[-120.97742,44.64986],[-120.97786,44.64693],[-120.97833,44.64386],[-120.97882,44.64066],[-120.97929,44.63759],[-120.97978,44.63439],[-120.98022,44.63145],[-120.98073,44.62811],[-120.98118,44.62518],[-120.98159,44.62253],[-120.98204,44.61953],[-120.98271,44.61516],[-120.98287,44.61408],[-120.98287,44.61225],[-120.98287,44.60813],[-120.98287,44.60594],[-120.98287,44.60347],[-120.98287,44.59853],[-120.98286,44.59572],[-120.98286,44.59195],[-120.98286,44.58827],[-120.98286,44.58564],[-120.98286,44.58345],[-120.98286,44.58002],[-120.98286,44.5781],[-120.98285,44.57506],[-120.98285,44.57179],[-120.98285,44.56918],[-120.98285,44.56549],[-120.98285,44.56343],[-120.98285,44.56082],[-120.98285,44.55836],[-120.98284,44.55136],[-120.9833,44.54816],[-120.98373,44.5452],[-120.98421,44.54186],[-120.98463,44.53892],[-120.98511,44.53551],[-120.98552,44.53265],[-120.98601,44.52924],[-120.98643,44.52631],[-120.98691,44.52296],[-120.98734,44.51996],[-120.98781,44.51669],[-120.98825,44.51362],[-120.98862,44.51103],[-120.98907,44.50789],[-120.98952,44.50475],[-120.98997,44.50162],[-120.99035,44.49896],[-120.99066,44.49677],[-120.99097,44.49466],[-120.99141,44.49152],[-120.99186,44.48839],[-120.99229,44.48538],[-120.99276,44.48211],[-120.9932,44.47904],[-120.99366,44.47584],[-120.99411,44.4727],[-120.99455,44.46956],[-120.995,44.46642],[-120.9954,44.46363],[-120.9959,44.46015],[-120.99625,44.45769],[-120.99664,44.45497],[-120.99702,44.45231],[-120.99753,44.44876],[-120.99656,44.44603],[-120.99538,44.4427],[-120.99443,44.44005],[-120.99335,44.43699],[-120.99226,44.43393],[-120.99118,44.43088],[-120.99009,44.42782],[-120.9892,44.42529],[-120.9884,44.42303],[-120.98708,44.41931],[-120.98632,44.41719],[-120.98538,44.41453],[-120.98439,44.41174],[-120.98278,44.40722],[-120.98208,44.40523],[-120.98115,44.40195],[-120.98032,44.39906],[-120.97939,44.39577],[-120.97857,44.39288],[-120.97763,44.38959],[-120.97677,44.38657],[-120.97587,44.38341],[-120.97466,44.38219],[-120.97067,44.37818],[-120.9684,44.3759],[-120.96601,44.3735],[-120.9639,44.37138],[-120.9609,44.36837],[-120.95903,44.36648],[-120.95801,44.36546],[-120.95148,44.3589],[-120.95074,44.35663],[-120.94994,44.35416],[-120.94839,44.34942],[-120.9473,44.34609],[-120.94595,44.34195],[-120.94549,44.34054],[-120.94361,44.33479],[-120.94354,44.33194],[-120.94346,44.32947],[-120.94339,44.32728],[-120.9433,44.32454],[-120.9432,44.32145],[-120.9431,44.31837],[-120.943,44.31517],[-120.9429,44.31206],[-120.94283,44.31001],[-120.94275,44.30767],[-120.94265,44.30436],[-120.9425,44.29994],[-120.9424,44.29671],[-120.9423,44.29362],[-120.94221,44.29081],[-120.9421,44.28739],[-120.942,44.28451],[-120.94191,44.28163],[-120.94184,44.27942],[-120.94006,44.27654],[-120.93828,44.27366],[-120.9365,44.27078],[-120.93472,44.26789],[-120.93295,44.26501],[-120.93132,44.26238],[-120.92935,44.25918],[-120.92715,44.25561],[-120.92522,44.25248],[-120.92359,44.24985],[-120.92182,44.24696],[-120.92004,44.24408],[-120.91822,44.24112],[-120.91645,44.23825],[-120.91463,44.23531],[-120.91286,44.23243],[-120.91054,44.22866],[-120.90931,44.22666],[-120.90753,44.22378],[-120.90575,44.22089],[-120.90398,44.21801],[-120.90294,44.21632],[-120.90122,44.21353],[-120.89939,44.21055],[-120.89772,44.20784],[-120.89813,44.20513],[-120.89859,44.20213],[-120.89907,44.19893],[-120.89952,44.196],[-120.90002,44.19273],[-120.90047,44.18977],[-120.90095,44.1866],[-120.90143,44.18346],[-120.9019,44.18033],[-120.90238,44.17719],[-120.90286,44.17406],[-120.90334,44.17093],[-120.90381,44.16779],[-120.90427,44.16479],[-120.90473,44.16179],[-120.90522,44.15851],[-120.90567,44.15555],[-120.90573,44.15347],[-120.90579,44.15155],[-120.90585,44.14936],[-120.90597,44.14525],[-120.90603,44.14312],[-120.90612,44.14004],[-120.90621,44.13681],[-120.9063,44.13373],[-120.90639,44.13044],[-120.90648,44.12743],[-120.90657,44.12427],[-120.90666,44.12112],[-120.90675,44.11796],[-120.90684,44.11482],[-120.90693,44.11166],[-120.90702,44.10851],[-120.90711,44.10536],[-120.9072,44.10221],[-120.90729,44.09905],[-120.90738,44.0959],[-120.90747,44.09275],[-120.90756,44.0896],[-120.90765,44.08644],[-120.90774,44.08329],[-120.90783,44.08014],[-120.90792,44.07698],[-120.90801,44.07383],[-120.9081,44.07068],[-120.90819,44.06753],[-120.90828,44.06438],[-120.90837,44.06122],[-120.90846,44.05807],[-120.90855,44.05492],[-120.90863,44.0519],[-120.90871,44.04916],[-120.90881,44.0456],[-120.90889,44.04286],[-120.90898,44.0397],[-120.90907,44.03655],[-120.90916,44.0334],[-120.90927,44.02977],[-120.90934,44.02709],[-120.90943,44.02408],[-120.90952,44.02079],[-120.9096,44.01795],[-120.9097,44.01448],[-120.90978,44.01161],[-120.90987,44.00845],[-120.90996,44.0053],[-120.91005,44.00215],[-120.91014,43.999],[-120.91023,43.99584],[-120.91032,43.99269],[-120.91041,43.98954],[-120.9105,43.98638],[-120.91059,43.98323],[-120.91068,43.98008],[-120.91077,43.977],[-120.91085,43.97419],[-120.91094,43.9709],[-120.91102,43.96797],[-120.91107,43.96633],[-120.91115,43.9637],[-120.90952,43.96161],[-120.90709,43.9585],[-120.90481,43.95558],[-120.9028,43.95301],[-120.90066,43.95026],[-120.89852,43.94752],[-120.89656,43.94501],[-120.89423,43.94202],[-120.89251,43.93981],[-120.89037,43.93707],[-120.88827,43.93438],[-120.88613,43.93163],[-120.88417,43.92912],[-120.88222,43.92662],[-120.88,43.92377],[-120.87794,43.92112],[-120.87579,43.91837],[-120.87365,43.91563],[-120.87151,43.91288],[-120.86937,43.91013],[-120.86723,43.90738],[-120.86509,43.90464],[-120.86295,43.90189],[-120.86081,43.89914],[-120.85876,43.89651],[-120.85653,43.89365],[-120.85449,43.89102],[-120.85235,43.88827],[-120.85021,43.88552],[-120.84805,43.88275],[-120.8463,43.88004],[-120.84469,43.87756],[-120.84333,43.87545],[-120.841,43.87185],[-120.83941,43.86939],[-120.83754,43.86651],[-120.83569,43.86365],[-120.83393,43.86092],[-120.83212,43.85813],[-120.83051,43.85564],[-120.82895,43.85322],[-120.82686,43.84999],[-120.82525,43.84751],[-120.82357,43.8449],[-120.82172,43.84204],[-120.81987,43.83919],[-120.81803,43.83633],[-120.81642,43.83385],[-120.8147,43.83118],[-120.81301,43.82857],[-120.81099,43.82544],[-120.80932,43.82286],[-120.80768,43.82031],[-120.80563,43.81714],[-120.80318,43.81336],[-120.80126,43.81037],[-120.79949,43.80764],[-120.79765,43.80479],[-120.79637,43.8028],[-120.79396,43.79907],[-120.79268,43.79708],[-120.79028,43.79336],[-120.7883,43.79029],[-120.78585,43.7878],[-120.78322,43.78512],[-120.7808,43.78266],[-120.77817,43.77998],[-120.77576,43.77752],[-120.77313,43.77484],[-120.77072,43.77238],[-120.7682,43.76981],[-120.76567,43.76724],[-120.76315,43.76467],[-120.76063,43.7621],[-120.75811,43.75953],[-120.75559,43.75696],[-120.75307,43.75439],[-120.75055,43.75182],[-120.74814,43.74936],[-120.74551,43.74668],[-120.7431,43.74422],[-120.74059,43.74165],[-120.73807,43.73908],[-120.73555,43.73651],[-120.73303,43.73394],[-120.73052,43.73138],[-120.72799,43.7288],[-120.72548,43.72623],[-120.72296,43.72366],[-120.72044,43.72108],[-120.71792,43.71851],[-120.71541,43.71594],[-120.71289,43.71337],[-120.71037,43.7108],[-120.70786,43.70823],[-120.70534,43.70566],[-120.70283,43.70309],[-120.70031,43.70051],[-120.6978,43.69794],[-120.69528,43.69537],[-120.69277,43.6928],[-120.69025,43.69023],[-120.68774,43.68766],[-120.68522,43.68508],[-120.68271,43.68251],[-120.68019,43.67994],[-120.67768,43.67737],[-120.67517,43.6748],[-120.67265,43.67222],[-120.67014,43.66965],[-120.66763,43.66708],[-120.66512,43.66451],[-120.6626,43.66194],[-120.66009,43.65936],[-120.65758,43.65679],[-120.65507,43.65422],[-120.65256,43.65165],[-120.65005,43.64907],[-120.64753,43.6465],[-120.64502,43.64393],[-120.64251,43.64136],[-120.64,43.63878],[-120.63749,43.63621],[-120.63498,43.63364],[-120.63247,43.63106],[-120.62992,43.62845],[-120.62738,43.62584],[-120.62484,43.62323],[-120.62233,43.62066],[-120.61982,43.61809],[-120.61753,43.61574],[-120.61502,43.61316],[-120.61251,43.61059],[-120.61,43.60802],[-120.60749,43.60544],[-120.60499,43.60287],[-120.60248,43.6003],[-120.59997,43.59772],[-120.59747,43.59515],[-120.59507,43.59269],[-120.59245,43.59],[-120.58995,43.58743],[-120.58744,43.58485],[-120.58494,43.58228],[-120.58276,43.58004],[-120.58025,43.57747],[-120.57784,43.57498],[-120.57605,43.57315],[-120.57361,43.57064],[-120.57125,43.56822],[-120.57007,43.5652],[-120.56889,43.56216],[-120.56771,43.55913],[-120.56653,43.55609],[-120.5655,43.55346],[-120.5644,43.55062],[-120.56315,43.54742],[-120.56204,43.54457],[-120.56081,43.5414],[-120.55967,43.53848],[-120.55844,43.53532],[-120.55731,43.53241],[-120.55616,43.52944],[-120.55503,43.52654],[-120.5538,43.52338],[-120.55267,43.52047],[-120.55149,43.51744],[-120.55031,43.5144],[-120.54913,43.51137],[-120.54795,43.50833],[-120.54677,43.5053],[-120.54567,43.50246],[-120.54446,43.49936],[-120.54332,43.49643],[-120.54209,43.49326],[-120.54098,43.49039],[-120.53985,43.48749],[-120.53877,43.48472],[-120.5376,43.48168],[-120.53642,43.47865],[-120.53524,43.47561],[-120.53406,43.47258],[-120.53314,43.47022],[-120.53191,43.46704],[-120.53078,43.46413],[-120.52955,43.46097],[-120.52843,43.45806],[-120.5272,43.4549],[-120.52607,43.45199],[-120.52484,43.44883],[-120.52372,43.44593],[-120.52249,43.44276],[-120.52136,43.43986],[-120.52019,43.43682],[-120.51901,43.43379],[-120.51783,43.43075],[-120.51666,43.42772],[-120.51548,43.42468],[-120.5143,43.42165],[-120.51313,43.41861],[-120.51195,43.41558],[-120.51078,43.41254],[-120.5096,43.40951],[-120.50842,43.40647],[-120.5073,43.40357],[-120.50607,43.4004],[-120.50495,43.3975],[-120.50388,43.39473],[-120.50275,43.39182],[-120.50153,43.38866],[-120.5004,43.38575],[-120.49923,43.38272],[-120.49805,43.37968],[-120.49688,43.37665],[-120.49596,43.37427],[-120.49468,43.37097],[-120.49361,43.3682],[-120.49239,43.36503],[-120.49126,43.36213],[-120.49009,43.3591],[-120.48891,43.35606],[-120.48774,43.35303],[-120.48657,43.34999],[-120.48539,43.34695],[-120.48422,43.34392],[-120.48305,43.34088],[-120.48188,43.33786],[-120.4807,43.33481],[-120.47953,43.33178],[-120.47836,43.32874],[-120.47718,43.32571],[-120.47601,43.32267],[-120.47484,43.31964],[-120.47367,43.31662],[-120.47064,43.31435],[-120.46762,43.31209],[-120.46461,43.30983],[-120.46159,43.30758],[-120.4591,43.30571],[-120.45608,43.30345],[-120.45306,43.3012],[-120.45038,43.29918],[-120.44716,43.29678],[-120.44434,43.29467],[-120.44139,43.29246],[-120.43838,43.2902],[-120.4355,43.28804],[-120.43261,43.28588],[-120.42973,43.28372],[-120.42684,43.28156],[-120.42396,43.2794],[-120.42108,43.27724],[-120.4182,43.27508],[-120.41542,43.27301],[-120.41237,43.27071],[-120.40929,43.26841],[-120.40627,43.26615],[-120.40326,43.26389],[-120.40018,43.26158],[-120.39724,43.25937],[-120.39423,43.25711],[-120.39121,43.25485],[-120.3882,43.25259],[-120.38519,43.25033],[-120.38224,43.24812],[-120.37917,43.24582],[-120.37616,43.24356],[-120.37304,43.24122],[-120.37014,43.23904],[-120.36765,43.23717],[-120.36464,43.23491],[-120.36163,43.23265],[-120.35862,43.23039],[-120.35561,43.22813],[-120.3526,43.22587],[-120.3496,43.22361],[-120.34659,43.22135],[-120.34358,43.21909],[-120.34057,43.21683],[-120.33756,43.21457],[-120.33456,43.21231],[-120.33155,43.21005],[-120.32852,43.20777],[-120.32543,43.20545],[-120.32255,43.20328],[-120.31959,43.20105],[-120.31678,43.19894],[-120.3139,43.19678],[-120.3122,43.1955],[-120.31063,43.19432],[-120.30684,43.19147],[-120.30358,43.18901],[-120.30083,43.18695],[-120.29829,43.18503],[-120.29472,43.18234],[-120.29221,43.18046],[-120.28925,43.17822],[-120.28634,43.17603],[-120.28327,43.17372],[-120.28022,43.17143],[-120.27732,43.16924],[-120.27412,43.16683],[-120.27125,43.16467],[-120.27026,43.1621],[-120.26904,43.15893],[-120.26802,43.15626],[-120.26668,43.15276],[-120.26565,43.15008],[-120.26479,43.14784],[-120.26367,43.14493],[-120.26245,43.14177],[-120.26136,43.13891],[-120.26011,43.13565],[-120.25901,43.13279],[-120.25779,43.12962],[-120.25665,43.12665],[-120.25549,43.12361],[-120.2543,43.12051],[-120.25314,43.1175],[-120.25198,43.11446],[-120.25078,43.11133],[-120.24964,43.10836],[-120.24845,43.10526],[-120.24731,43.10229],[-120.24615,43.09925],[-120.24499,43.09622],[-120.24402,43.09371],[-120.24277,43.09045],[-120.2417,43.08763],[-120.24048,43.08445],[-120.23942,43.08169],[-120.23815,43.07838],[-120.23714,43.07575],[-120.23583,43.07232],[-120.23482,43.06968],[-120.2335,43.06624],[-120.2325,43.06363],[-120.23123,43.0603],[-120.22986,43.05673],[-120.22891,43.05423],[-120.22795,43.05172],[-120.22668,43.04842],[-120.22562,43.04565],[-120.22467,43.04315],[-120.2233,43.03957],[-120.22234,43.03706],[-120.22123,43.03416],[-120.22002,43.03099],[-120.21891,43.02808],[-120.21774,43.02503],[-120.21658,43.02201],[-120.21542,43.01897],[-120.21426,43.01593],[-120.2131,43.0129],[-120.21194,43.00986],[-120.21078,43.00682],[-120.20962,43.00379],[-120.20846,43.00075],[-120.2073,42.99771],[-120.20614,42.99467],[-120.20498,42.99164],[-120.20382,42.9886],[-120.20266,42.98556],[-120.2015,42.98253],[-120.20034,42.97949],[-120.19918,42.97645],[-120.19802,42.97341],[-120.19687,42.97038],[-120.19571,42.96734],[-120.19455,42.9643],[-120.19339,42.96126],[-120.19223,42.95823],[-120.19107,42.95519],[-120.18994,42.95222],[-120.18875,42.94912],[-120.18762,42.94614],[-120.18644,42.94304],[-120.18531,42.94007],[-120.18412,42.93697],[-120.18302,42.93406],[-120.18181,42.93089],[-120.1807,42.92799],[-120.17949,42.92482],[-120.17839,42.92191],[-120.17733,42.91914],[-120.17617,42.9161],[-120.17502,42.91306],[-120.17386,42.91002],[-120.1727,42.90699],[-120.17155,42.90395],[-120.17039,42.90091],[-120.16923,42.89787],[-120.16807,42.89482],[-120.16715,42.89239],[-120.16602,42.88942],[-120.16481,42.88625],[-120.1637,42.88335],[-120.1625,42.88018],[-120.16139,42.87727],[-120.16029,42.87436],[-120.15908,42.8712],[-120.15808,42.86855],[-120.15695,42.86558],[-120.15587,42.86274],[-120.15476,42.85984],[-120.15356,42.85667],[-120.15245,42.85376],[-120.15125,42.85059],[-120.15015,42.84769],[-120.14899,42.84465],[-120.14784,42.84161],[-120.14668,42.83857],[-120.14553,42.83553],[-120.14437,42.8325],[-120.14322,42.82946],[-120.1421,42.8265],[-120.14091,42.82338],[-120.13981,42.82048],[-120.13861,42.81731],[-120.137,42.81308],[-120.13605,42.81057],[-120.13575,42.80978],[-120.13425,42.80581],[-120.13304,42.80264],[-120.13219,42.8004],[-120.13134,42.79815],[-120.1299,42.79435],[-120.12944,42.79313],[-120.12877,42.79137],[-120.12788,42.78904],[-120.12616,42.7845],[-120.12568,42.78323],[-120.12388,42.77847],[-120.12348,42.77743],[-120.12172,42.77279],[-120.12127,42.7716],[-120.11992,42.76804],[-120.11877,42.765],[-120.11782,42.76241],[-120.11622,42.75971],[-120.11446,42.75669],[-120.11284,42.75391],[-120.11108,42.75089],[-120.10944,42.74806],[-120.10786,42.74534],[-120.10603,42.74234],[-120.10411,42.73917],[-120.10169,42.73491],[-120.10011,42.73213],[-120.09753,42.72757],[-120.09584,42.72467],[-120.09469,42.72268],[-120.09291,42.71962],[-120.09137,42.71698],[-120.0902,42.71496],[-120.08889,42.71269],[-120.08745,42.71022],[-120.08762,42.70707],[-120.08778,42.70392],[-120.08795,42.70077],[-120.08811,42.69761],[-120.08828,42.69446],[-120.08845,42.69131],[-120.08861,42.68816],[-120.08878,42.68501],[-120.08894,42.68185],[-120.08911,42.6787],[-120.08927,42.67555],[-120.08944,42.6724],[-120.08961,42.66924],[-120.08977,42.66609],[-120.08994,42.66294],[-120.0901,42.65979],[-120.09027,42.65664],[-120.09044,42.65348],[-120.0906,42.65033],[-120.09077,42.64718],[-120.09093,42.64403],[-120.0911,42.64087],[-120.09126,42.63772],[-120.09143,42.63457],[-120.0916,42.63142],[-120.09176,42.62827],[-120.09193,42.62511],[-120.09209,42.62196],[-120.09226,42.61881],[-120.09242,42.61566],[-120.09259,42.61251],[-120.09275,42.60949],[-120.09306,42.6036],[-120.09322,42.60044],[-120.09339,42.59729],[-120.09355,42.59414],[-120.0937,42.59126],[-120.09388,42.58784],[-120.09403,42.58496],[-120.0942,42.58181],[-120.09436,42.57865],[-120.09453,42.5755],[-120.0947,42.57235],[-120.09486,42.56927],[-120.09503,42.56605],[-120.09518,42.5631],[-120.09536,42.55974],[-120.09554,42.55618],[-120.09574,42.55234],[-120.0959,42.54939],[-120.09605,42.54645],[-120.09623,42.54309],[-120.09638,42.54014],[-120.09656,42.53678],[-120.09671,42.53384],[-120.09696,42.52904],[-120.0971,42.52644],[-120.09727,42.52315],[-120.09743,42.52013],[-120.09757,42.51753],[-120.09776,42.51383],[-120.0979,42.51122],[-120.09809,42.50752],[-120.09823,42.50492],[-120.09842,42.50115],[-120.09856,42.49855],[-120.09872,42.49546],[-120.09888,42.49238],[-120.09901,42.48992],[-120.09921,42.48601],[-120.09934,42.48354],[-120.09949,42.48073],[-120.09967,42.47724],[-120.09982,42.47436],[-120.09997,42.47155],[-120.10018,42.46751],[-120.10037,42.46384],[-120.09947,42.46157],[-120.09827,42.45854],[-120.09707,42.45552],[-120.09588,42.45249],[-120.09468,42.44946],[-120.09348,42.44643],[-120.0923,42.44347],[-120.09162,42.44174],[-120.09114,42.44052],[-120.08827,42.43328],[-120.08743,42.43117],[-120.08652,42.42886],[-120.08564,42.42663],[-120.08381,42.42202],[-120.08272,42.41926],[-120.08202,42.41748],[-120.08087,42.41458],[-120.0796,42.41137],[-120.07848,42.40853],[-120.07725,42.40544],[-120.07621,42.40281],[-120.07488,42.39945],[-120.07379,42.39669],[-120.07249,42.39339],[-120.07142,42.3907],[-120.07015,42.38747],[-120.06901,42.38458],[-120.06795,42.38192],[-120.06703,42.37958],[-120.065,42.37444],[-120.06412,42.3722],[-120.06316,42.36977],[-120.06211,42.36712],[-120.06037,42.36273],[-120.05918,42.3597],[-120.05816,42.35713],[-120.05689,42.35391],[-120.05575,42.35101],[-120.05466,42.34825],[-120.05341,42.34509],[-120.05234,42.34238],[-120.05102,42.33904],[-120.04993,42.33627],[-120.04884,42.33351],[-120.0478,42.33087],[-120.04702,42.3289],[-120.04562,42.32535],[-120.04463,42.32285],[-120.04339,42.31969],[-120.0423,42.31692],[-120.04105,42.31376],[-120.03988,42.3108],[-120.03877,42.30797],[-120.03768,42.30521],[-120.03659,42.30244],[-120.03555,42.29981],[-120.0342,42.29639],[-120.03317,42.29376],[-120.03208,42.29099],[-120.03094,42.28809],[-120.02974,42.28507],[-120.0286,42.28217],[-120.02736,42.27901],[-120.02622,42.27612],[-120.02508,42.27322],[-120.02389,42.27019],[-120.02267,42.26711],[-120.02166,42.26453],[-120.02052,42.26164],[-120.01927,42.25848],[-120.01813,42.25558],[-120.01699,42.25268],[-120.0158,42.24966],[-120.01472,42.24689],[-120.01363,42.24413],[-120.01244,42.2411],[-120.01125,42.23807],[-120.01018,42.23535],[-120.00905,42.23248],[-120.00788,42.22952],[-120.00669,42.22649],[-120.00548,42.22339],[-120.00436,42.22056],[-120.0031,42.21734],[-120.00199,42.21453],[-120.00077,42.21141],[-119.9996,42.20845],[-119.99847,42.20556],[-119.99722,42.2024],[-119.99609,42.1995],[-119.99433,42.19502],[-119.99326,42.19231],[-119.99465,42.18971],[-119.99892,42.18174],[-120.00117,42.17752],[-120.00093,42.17433],[-120.00072,42.17145],[-120.00036,42.16662],[-120.00014,42.16378],[-119.99989,42.16036],[-119.99967,42.15748],[-119.99944,42.15433],[-119.9992,42.15119],[-119.99896,42.14792],[-119.99874,42.14502],[-119.9985,42.14181],[-119.99828,42.13879],[-119.99803,42.13551],[-119.99781,42.13256],[-119.99756,42.12914],[-119.99734,42.12627],[-119.99709,42.12284],[-119.99687,42.11997],[-119.99662,42.11654],[-119.99641,42.11381],[-119.99617,42.11059],[-119.99594,42.10751],[-119.9957,42.10429],[-119.99547,42.10121],[-119.99523,42.09802],[-119.99501,42.09505],[-119.99477,42.09176],[-119.99454,42.08875],[-119.99431,42.0856],[-119.99407,42.08245],[-119.99384,42.07928],[-119.9936,42.07615],[-119.99342,42.07369],[-119.99313,42.06985],[-119.99284,42.06595],[-119.99263,42.06307],[-119.99162,42.06087],[-119.99076,42.05899],[-119.98889,42.0549],[-119.98768,42.05224],[-119.987,42.05074],[-119.9859,42.04834],[-119.98427,42.04477],[-119.98224,42.04033],[-119.98154,42.0388],[-119.97956,42.03445],[-119.97888,42.03296],[-119.97778,42.03055],[-119.97681,42.02844],[-119.97526,42.02502],[-119.97411,42.0225],[-119.97262,42.01924],[-119.9715,42.01679],[-119.97005,42.01361],[-119.96878,42.01082],[-119.96749,42.008],[-119.96606,42.00488],[-119.96487,42.00225],[-119.96374,41.99978],[-119.9567,41.98547],[-119.95237,41.97623],[-119.94431,41.95881],[-119.93745,41.94375],[-119.93187,41.9317],[-119.92503,41.91694],[-119.91679,41.89908],[-119.91264,41.89025],[-119.90859,41.88154],[-119.9036,41.87075],[-119.8994,41.86523],[-119.89719,41.86235],[-119.89334,41.85683],[-119.88908,41.8513],[-119.88488,41.84576],[-119.87712,41.8355],[-119.87332,41.83056],[-119.86307,41.82155],[-119.85161,41.81153],[-119.84681,41.80731],[-119.84541,41.79913],[-119.84484,41.79576],[-119.84413,41.79132],[-119.84187,41.77741],[-119.84039,41.76817],[-119.83912,41.7606],[-119.83428,41.74918],[-119.83051,41.74008],[-119.82615,41.72996],[-119.82133,41.71831],[-119.81877,41.71219],[-119.81254,41.69727],[-119.80915,41.68923],[-119.80307,41.68096],[-119.79122,41.66473],[-119.78702,41.65903],[-119.78124,41.65109],[-119.77791,41.64652],[-119.77328,41.63147],[-119.7703,41.62169],[-119.76737,41.61231],[-119.76547,41.60599],[-119.76166,41.59363],[-119.75983,41.58763],[-119.75627,41.57587],[-119.75356,41.56704],[-119.74976,41.55447],[-119.74789,41.54842],[-119.74542,41.54028],[-119.74224,41.52969],[-119.73883,41.52041],[-119.7332,41.50474],[-119.72974,41.4952],[-119.72522,41.48252],[-119.72181,41.47298],[-119.71608,41.4571],[-119.71378,41.45072],[-119.70921,41.438],[-119.70518,41.42684],[-119.7015,41.41655],[-119.6993,41.41046],[-119.69719,41.40451],[-119.69332,41.39068],[-119.68943,41.37671],[-119.68801,41.37161],[-119.68425,41.35823],[-119.68262,41.35239],[-119.67886,41.3388],[-119.67553,41.3268],[-119.67273,41.3169],[-119.6712,41.31123],[-119.66874,41.30248],[-119.67141,41.29674],[-119.67561,41.28755],[-119.67666,41.28523],[-119.67967,41.27873],[-119.68237,41.27274],[-119.69095,41.25434],[-119.69793,41.23903],[-119.70195,41.23027],[-119.69906,41.21474],[-119.69603,41.19845],[-119.69291,41.18187],[-119.69145,41.17377],[-119.68822,41.15583],[-119.6856,41.14152],[-119.68308,41.12788],[-119.68009,41.11124],[-119.6778,41.09915],[-119.67615,41.09058],[-119.66856,41.0765],[-119.66079,41.06259],[-119.65378,41.04975],[-119.6428,41.02981],[-119.63527,41.01622],[-119.63129,41.00903],[-119.62905,40.99655],[-119.62673,40.98354],[-119.62506,40.97381],[-119.61492,40.96327],[-119.59039,40.941],[-119.56907,40.92187],[-119.56613,40.90726],[-119.5622,40.88913],[-119.55926,40.87632],[-119.53573,40.84628],[-119.52001,40.82651],[-119.49812,40.80091],[-119.48506,40.78559],[-119.46446,40.76155],[-119.45278,40.74666],[-119.43879,40.72777],[-119.42528,40.7102],[-119.4174,40.7004],[-119.40453,40.68411],[-119.40672,40.66022],[-119.4082,40.64582],[-119.42321,40.62892],[-119.4449,40.61221],[-119.45859,40.60145],[-119.47223,40.5787],[-119.47488,40.57424],[-119.48075,40.54956],[-119.48255,40.54217],[-119.48104,40.51662],[-119.48071,40.51184],[-119.4673,40.4959],[-119.46231,40.48994],[-119.42592,40.4755],[-119.4117,40.46307],[-119.40451,40.43557],[-119.3984,40.41185],[-119.39085,40.38212],[-119.38912,40.37526],[-119.3831,40.37001],[-119.37314,40.36617],[-119.36221,40.36194],[-119.35496,40.35751],[-119.34115,40.34909],[-119.32365,40.3384],[-119.3094,40.32969],[-119.30262,40.31693],[-119.29579,40.30408],[-119.29026,40.29363],[-119.28358,40.28106],[-119.27872,40.27198],[-119.27413,40.26649],[-119.26469,40.25537],[-119.25944,40.24915],[-119.2513,40.2383],[-119.24736,40.23296],[-119.24412,40.22869],[-119.24108,40.2241],[-119.23625,40.2149],[-119.2317,40.20618],[-119.22835,40.19985],[-119.22707,40.19733],[-119.229,40.17652],[-119.23085,40.15619],[-119.22648,40.14681],[-119.22525,40.14409],[-119.21923,40.13812],[-119.21023,40.12918],[-119.20784,40.12384],[-119.20675,40.11034],[-119.20534,40.09348],[-119.20409,40.07854],[-119.20247,40.05898],[-119.20132,40.0447],[-119.20044,40.03491],[-119.20165,40.0219],[-119.20284,40.00825],[-119.20398,39.99497],[-119.20498,39.98378],[-119.20647,39.96679],[-119.20777,39.95237],[-119.20873,39.94115],[-119.21471,39.92611],[-119.21912,39.91526],[-119.22383,39.90328],[-119.22812,39.89255],[-119.23009,39.88348],[-119.23306,39.86959],[-119.23664,39.85279],[-119.24087,39.83306],[-119.24141,39.83019],[-119.23425,39.80598],[-119.2305,39.79364],[-119.22355,39.77062],[-119.21714,39.7492],[-119.21163,39.73078],[-119.20719,39.71581],[-119.20202,39.69867],[-119.19715,39.68248],[-119.19608,39.679],[-119.19555,39.6602],[-119.19531,39.65024],[-119.18685,39.63512],[-119.1767,39.6171],[-119.16719,39.60141],[-119.16315,39.59568],[-119.1588,39.58955],[-119.15275,39.5812],[-119.14882,39.57569],[-119.12432,39.5687],[-119.1144,39.56584],[-119.09965,39.55294],[-119.08788,39.5426],[-119.07425,39.53075],[-119.06251,39.52032],[-119.05237,39.51133],[-119.04851,39.49809],[-119.04508,39.48626],[-119.03958,39.46723],[-119.03789,39.46146],[-119.03595,39.45472],[-119.03812,39.44257],[-119.04128,39.4252],[-119.04434,39.4079],[-119.04623,39.39739],[-119.0493,39.38088],[-119.05132,39.36893],[-119.04645,39.35801],[-119.03771,39.33873],[-119.03231,39.32662],[-119.03597,39.29781],[-119.03876,39.27657],[-119.04081,39.2601],[-119.04285,39.24424],[-119.04501,39.22679],[-119.04695,39.20662],[-119.04901,39.18596],[-119.05149,39.1598],[-119.05335,39.13993],[-119.05014,39.12301],[-119.04818,39.1126],[-119.04715,39.1071],[-119.04056,39.08693],[-119.03485,39.07005],[-119.03023,39.05594],[-119.03087,39.03671],[-119.03118,39.02706],[-119.03759,39.01423],[-119.04561,38.99792],[-119.04965,38.98964],[-119.0473,38.98271],[-119.04364,38.97184],[-119.03798,38.95499],[-119.03334,38.94136],[-119.02855,38.92871],[-119.02734,38.92555],[-119.02225,38.91234],[-119.0178,38.90059],[-119.0116,38.88434],[-119.00401,38.86441],[-118.99845,38.84984],[-118.99197,38.83294],[-118.98769,38.82166],[-118.98066,38.80277],[-118.97389,38.78451],[-118.96864,38.77064],[-118.96529,38.76124],[-118.96008,38.74725],[-118.95398,38.73056],[-118.95095,38.72234],[-118.94328,38.70136],[-118.9377,38.68614],[-118.93111,38.66816],[-118.92589,38.65378],[-118.92283,38.64024],[-118.91983,38.62684],[-118.91849,38.62072],[-118.91653,38.61194],[-118.91413,38.60129],[-118.91031,38.58404],[-118.90608,38.5651],[-118.90393,38.55547],[-118.90019,38.53872],[-118.8966,38.52264],[-118.89369,38.50926],[-118.89851,38.5001],[-118.90194,38.49361],[-118.90783,38.48245],[-118.91193,38.47479],[-118.91221,38.46404],[-118.90251,38.44312],[-118.89512,38.42714],[-118.88468,38.4046],[-118.87269,38.37862],[-118.86533,38.36272],[-118.86126,38.354],[-118.85758,38.33503],[-118.85447,38.31847],[-118.85226,38.30713],[-118.85024,38.29659],[-118.84803,38.28513],[-118.84681,38.27905],[-118.83785,38.25921],[-118.8302,38.24192],[-118.82664,38.23411],[-118.8185,38.22158],[-118.80862,38.20653],[-118.79899,38.19182],[-118.79263,38.18208],[-118.78987,38.17311],[-118.7813,38.14654],[-118.77641,38.1313],[-118.77251,38.11954],[-118.7708,38.11383],[-118.7677,38.10398],[-118.76589,38.09834],[-118.76305,38.08959],[-118.76026,38.08096],[-118.7574,38.07187],[-118.75506,38.06591],[-118.75181,38.06018],[-118.74579,38.04865],[-118.74276,38.04289],[-118.72734,38.03321],[-118.71479,38.02566],[-118.7033,38.01874],[-118.68454,38.007],[-118.67648,38.00156],[-118.66296,37.99244],[-118.65524,37.98958],[-118.63737,37.98308],[-118.62683,37.97137],[-118.61789,37.96142],[-118.61016,37.95287],[-118.60186,37.94409],[-118.59373,37.93587],[-118.58922,37.93132],[-118.58165,37.92362],[-118.57435,37.91626],[-118.57146,37.91331],[-118.56895,37.9067],[-118.56479,37.89542],[-118.56037,37.88396],[-118.55685,37.87467],[-118.5547,37.85654],[-118.55372,37.84794],[-118.55316,37.83163],[-118.55283,37.82192],[-118.5462,37.80711],[-118.53969,37.79254],[-118.5383,37.78944],[-118.53243,37.78208],[-118.52393,37.77146],[-118.51522,37.7605],[-118.51082,37.75497],[-118.51075,37.73943],[-118.51076,37.72065],[-118.51071,37.70697],[-118.51066,37.68867],[-118.51062,37.67545],[-118.51031,37.66569],[-118.51083,37.6545],[-118.51143,37.64165],[-118.51134,37.62976],[-118.51126,37.61718],[-118.51119,37.61313],[-118.51115,37.60669],[-118.5111,37.60303],[-118.51104,37.58947],[-118.51092,37.58064],[-118.51083,37.56755],[-118.51078,37.55556],[-118.51066,37.5389],[-118.5145,37.52407],[-118.51767,37.51196],[-118.51995,37.50354],[-118.52292,37.49217],[-118.52344,37.48999],[-118.52327,37.48681],[-118.52233,37.46852],[-118.52134,37.44965],[-118.52037,37.43081],[-118.51947,37.41521],[-118.51473,37.39923],[-118.51396,37.3935],[-118.5112,37.38938],[-118.50846,37.38656],[-118.49859,37.37641],[-118.49591,37.37361],[-118.48589,37.36753],[-118.47046,37.35821],[-118.45727,37.35355],[-118.44464,37.34384],[-118.43212,37.33415],[-118.42417,37.32805],[-118.4089,37.32119],[-118.40356,37.31876],[-118.3952,37.30949],[-118.39016,37.30026],[-118.38301,37.28708],[-118.38409,37.28556],[-118.38021,37.27562],[-118.37632,37.2657],[-118.36959,37.24845],[-118.36464,37.23918],[-118.35874,37.22825],[-118.35367,37.21872],[-118.34682,37.20585],[-118.33894,37.19514],[-118.33662,37.19218],[-118.32933,37.18801],[-118.32255,37.18089],[-118.32114,37.17604],[-118.31627,37.16819],[-118.30779,37.15978],[-118.29984,37.15194],[-118.29109,37.14337],[-118.28718,37.13951],[-118.28123,37.1306],[-118.27686,37.12405],[-118.27167,37.11626],[-118.272,37.10318],[-118.27228,37.08704],[-118.27262,37.0699],[-118.27278,37.05989],[-118.27305,37.04709],[-118.26747,37.03067],[-118.26291,37.01724],[-118.256,36.99707],[-118.25493,36.99395],[-118.24194,36.98109],[-118.2374,36.97666],[-118.22126,36.96063],[-118.20822,36.94775],[-118.19915,36.93877],[-118.19214,36.93182],[-118.18807,36.9189],[-118.1828,36.90189],[-118.17852,36.88812],[-118.17541,36.87821],[-118.17301,36.8754],[-118.15344,36.85231],[-118.14275,36.83977],[-118.14078,36.83746],[-118.13357,36.82493],[-118.12797,36.81517],[-118.1227,36.806],[-118.11184,36.78703],[-118.10083,36.76787],[-118.08973,36.74857],[-118.07869,36.7293],[-118.07131,36.71641],[-118.06388,36.70344],[-118.05839,36.69377],[-118.05299,36.68437],[-118.04809,36.67585],[-118.04021,36.66204],[-118.0348,36.65258],[-118.02747,36.63976],[-118.02054,36.6277],[-118.01907,36.62511],[-118.01833,36.60824],[-118.01755,36.59056],[-118.01686,36.57377],[-118.01614,36.55716],[-118.02656,36.54617],[-118.03575,36.53659],[-118.04292,36.52909],[-118.05215,36.51938],[-118.05131,36.50947],[-118.04979,36.49222],[-118.04868,36.479],[-118.04736,36.4641],[-118.04645,36.45385],[-118.04583,36.44613],[-118.04552,36.44308],[-118.04198,36.42676],[-118.03845,36.41023],[-118.03547,36.39649],[-118.03033,36.37258],[-118.02708,36.35734],[-118.03139,36.34045],[-118.03625,36.3215],[-118.03995,36.30702],[-118.04237,36.29753],[-118.03498,36.28456],[-118.0271,36.27064],[-118.01971,36.25773],[-118.01264,36.24532],[-118.0073,36.23583],[-118.00831,36.22251],[-118.00947,36.20725],[-118.01048,36.19343],[-118.00585,36.17482],[-118.00001,36.15139],[-117.99324,36.12414],[-117.99151,36.11732],[-117.97134,36.10856],[-117.9527,36.10056],[-117.93983,36.08041],[-117.92583,36.05854],[-117.91219,36.03724],[-117.90446,36.02517],[-117.8945,36.00458],[-117.89344,36.00231],[-117.89543,35.97923],[-117.89661,35.96502],[-117.89825,35.9465],[-117.89967,35.93023],[-117.89994,35.92692],[-117.89269,35.91075],[-117.88979,35.89703],[-117.8952,35.88514],[-117.89788,35.87912],[-117.89466,35.87271],[-117.89276,35.85563],[-117.89091,35.83873],[-117.88862,35.81779],[-117.88622,35.79671],[-117.88332,35.77034],[-117.88175,35.75619],[-117.87939,35.73521],[-117.87702,35.71429],[-117.87517,35.69701],[-117.87374,35.68399],[-117.87328,35.67958],[-117.8796,35.66333],[-117.8844,35.65097],[-117.88684,35.64469],[-117.89268,35.6332],[-117.89904,35.6207],[-117.91117,35.59692],[-117.91852,35.58107],[-117.92593,35.56462],[-117.93479,35.54499],[-117.94498,35.52246],[-117.95397,35.50248],[-117.96641,35.47482],[-117.97663,35.45227],[-117.98413,35.4355],[-117.99408,35.41349],[-118.00258,35.39459],[-118.01304,35.37139],[-118.00853,35.35928],[-118.00264,35.34363],[-117.99918,35.33432],[-117.99992,35.33222],[-118.00138,35.32812],[-118.0042,35.32032],[-118.00899,35.30711],[-118.01272,35.29683],[-118.01398,35.2934],[-118.01787,35.28974],[-118.0294,35.27909],[-118.03711,35.27194],[-118.04411,35.25898],[-118.0509,35.24645],[-118.05763,35.23391],[-118.06452,35.2211],[-118.08075,35.20513],[-118.10119,35.18476],[-118.11487,35.17102],[-118.12855,35.15752],[-118.14198,35.14417],[-118.1655,35.12079],[-118.17841,35.10793],[-118.18965,35.09669],[-118.19875,35.08761],[-118.20129,35.07846],[-118.20477,35.06601],[-118.20889,35.05117],[-118.21227,35.03902],[-118.21747,35.02026],[-118.22102,35.00754],[-118.23675,34.98392],[-118.24653,34.96886],[-118.25657,34.95364],[-118.26851,34.93553],[-118.27411,34.92707],[-118.28567,34.90945],[-118.29352,34.89744],[-118.30509,34.8799],[-118.31282,34.86817],[-118.31833,34.8597],[-118.32628,34.84771],[-118.33003,34.84192],[-118.3358,34.83312],[-118.33895,34.82765],[-118.34364,34.81918],[-118.34335,34.79834],[-118.34298,34.77771],[-118.34266,34.76163],[-118.34238,34.74751],[-118.34232,34.74139],[-118.34359,34.73682],[-118.34603,34.72806],[-118.34798,34.72103],[-118.34993,34.71401],[-118.35267,34.70417],[-118.35541,34.69433],[-118.35828,34.68404],[-118.35997,34.67783],[-118.36252,34.67287],[-118.3658,34.66635],[-118.36997,34.66006],[-118.37173,34.65746],[-118.37667,34.65007],[-118.38,34.64513],[-118.38199,34.64214],[-118.38337,34.64013],[-118.38785,34.63784],[-118.39616,34.63372],[-118.40179,34.63084],[-118.40814,34.62764],[-118.4136,34.62492],[-118.4207,34.62136],[-118.42657,34.61838],[-118.43262,34.61539],[-118.43698,34.61309],[-118.44489,34.6092],[-118.44653,34.60762],[-118.44886,34.60162],[-118.45013,34.59843],[-118.45142,34.5951],[-118.45041,34.59198],[-118.45174,34.58581],[-118.45323,34.57869],[-118.45568,34.5673],[-118.46181,34.56224],[-118.46588,34.55892],[-118.46993,34.55563],[-118.47522,34.55346],[-118.48069,34.55108],[-118.48421,34.54971],[-118.48922,34.54726],[-118.49464,34.54228],[-118.49688,34.54022],[-118.50058,34.53657],[-118.50361,34.53316],[-118.50671,34.53035],[-118.51069,34.52662],[-118.51469,34.52063],[-118.51694,34.5188],[-118.51885,34.51551],[-118.51856,34.50959],[-118.51809,34.50069],[-118.51773,34.4954],[-118.51736,34.48834],[-118.51492,34.48554],[-118.51107,34.48125],[-118.51043,34.47933],[-118.50863,34.4736],[-118.50808,34.47172],[-118.50723,34.46912],[-118.50824,34.46396],[-118.50888,34.46111],[-118.51019,34.45479],[-118.51066,34.45264],[-118.50867,34.44451],[-118.50706,34.43808],[-118.50509,34.43018],[-118.50359,34.42412],[-118.50234,34.41925],[-118.50124,34.40832],[-118.50075,34.40283],[-118.4998,34.39322],[-118.49906,34.38557],[-118.49841,34.37884],[-118.49808,34.37557],[-118.49711,34.36539],[-118.49658,34.35937],[-118.49507,34.35221],[-118.49347,34.34454],[-118.4921,34.33786],[-118.49105,34.33302],[-118.49036,34.32965],[-118.48999,34.32762],[-118.48919,34.32613],[-118.48484,34.3205],[-118.48051,34.31483],[-118.48101,34.3131],[-118.48113,34.31253]]}},{"type":"Feature","properties":{"id":"209430","type":"AC; OVERHEAD","status":null,"owner":"PACIFICORP","voltage":115,"voltClass":"100-161"},"geometry":{"type":"LineString","coordinates":[[-114.07576,40.73731],[-114.07545,40.73765],[-114.07364,40.73723],[-114.07244,40.73713],[-114.07159,40.73712],[-114.07133,40.73725],[-114.0709,40.73786],[-114.07015,40.73894],[-114.06956,40.73982],[-114.06876,40.74099],[-114.06797,40.74215],[-114.06689,40.74372],[-114.06639,40.74446],[-114.0656,40.74557],[-114.06389,40.74516],[-114.06215,40.74475],[-114.06015,40.74426],[-114.05847,40.74386],[-114.05662,40.74339],[-114.0547,40.74294],[-114.05293,40.74254],[-114.05139,40.74183],[-114.04982,40.74113],[-114.04829,40.74042],[-114.04778,40.74032],[-114.04715,40.74021]]}},{"type":"Feature","properties":{"id":"313498","type":"AC; OVERHEAD","status":"IN SERVICE","owner":null,"voltage":110,"voltClass":"100-161"},"geometry":{"type":"LineString","coordinates":[[-114.93835,35.46342],[-114.88171,35.38836],[-114.79362,35.20628],[-114.77207,35.14725],[-114.75868,35.12671],[-114.71282,35.07483],[-114.68828,35.03862]]}},{"type":"Feature","properties":{"id":"313499","type":"AC; OVERHEAD","status":"IN SERVICE","owner":null,"voltage":110,"voltClass":"100-161"},"geometry":{"type":"LineString","coordinates":[[-114.67745,35.03279],[-114.66299,35.05144],[-114.66037,35.09433],[-114.67602,35.11038]]}},{"type":"Feature","properties":{"id":"313500","type":"AC; OVERHEAD","status":"IN SERVICE","owner":null,"voltage":110,"voltClass":"100-161"},"geometry":{"type":"LineString","coordinates":[[-114.61718,35.10739],[-114.6174,35.10739],[-114.6174,35.10787],[-114.60092,35.10779],[-114.59832,35.10704],[-114.59829,35.10095],[-114.59781,35.10074],[-114.59786,35.09886],[-114.56189,35.09887],[-114.56143,35.09656]]}},{"type":"Feature","properties":{"id":"313501","type":"AC; OVERHEAD","status":"IN SERVICE","owner":null,"voltage":110,"voltClass":"100-161"},"geometry":{"type":"LineString","coordinates":[[-114.62513,34.85647],[-114.63014,34.86322],[-114.63053,34.86359],[-114.63142,34.86462],[-114.63218,34.86545],[-114.63272,34.86598],[-114.63315,34.86597],[-114.64319,34.8766],[-114.64371,34.87715],[-114.644,34.87755],[-114.64423,34.878],[-114.64577,34.88661],[-114.64582,34.88729],[-114.64559,34.88995],[-114.67471,34.96152],[-114.66676,35.00684],[-114.68828,35.03862]]}},{"type":"Feature","properties":{"id":"301370","type":"AC; OVERHEAD","status":"IN SERVICE","owner":"NEVADA POWER COMPANY","voltage":230,"voltClass":"220-287"},"geometry":{"type":"LineString","coordinates":[[-115.013,35.80392],[-115.01067,35.80786],[-115.00779,35.80935],[-115.00667,35.81105],[-115.00634,35.81331],[-115.00382,35.8307],[-114.99983,35.85816],[-114.9968,35.87894],[-114.99671,35.89545],[-114.99654,35.92584],[-114.99646,35.94078],[-114.99722,35.94275],[-115.00208,35.95054],[-115.00206,35.95182],[-115.00914,35.95859],[-115.03235,35.96558],[-115.06474,35.97146],[-115.0671,35.97329],[-115.07554,35.9795],[-115.08639,35.98209],[-115.0905,35.98218],[-115.09017,36.00228],[-115.09074,36.00231],[-115.09093,36.00296]]}},{"type":"Feature","properties":{"id":"204657","type":"AC; OVERHEAD","status":null,"owner":"HARNEY ELECTRIC COOP, INC","voltage":115,"voltClass":"100-161"},"geometry":{"type":"LineString","coordinates":[[-118.66499,42.28928],[-118.65684,42.29103],[-118.64096,42.29434],[-118.62602,42.29738],[-118.61014,42.30066],[-118.59777,42.30323],[-118.58304,42.30622],[-118.56784,42.30936],[-118.55374,42.31234],[-118.54017,42.31507],[-118.53235,42.31673],[-118.5262,42.31619],[-118.51444,42.31525],[-118.49645,42.31379],[-118.48567,42.31291],[-118.46958,42.31161],[-118.45297,42.3103],[-118.44122,42.30933],[-118.43,42.30844],[-118.41685,42.31208],[-118.40381,42.31573],[-118.39149,42.31912],[-118.37598,42.32438],[-118.36392,42.32753],[-118.34984,42.33128],[-118.3364,42.33483],[-118.32321,42.3384],[-118.30631,42.3429],[-118.29095,42.34695],[-118.27701,42.35056],[-118.25955,42.35484],[-118.24574,42.35824],[-118.243,42.35892],[-118.23482,42.36089],[-118.22212,42.36308],[-118.20963,42.36519],[-118.1972,42.36729],[-118.18488,42.36936],[-118.17293,42.37137],[-118.16036,42.37348],[-118.14718,42.37569],[-118.13598,42.3776],[-118.12216,42.3799],[-118.10986,42.38195],[-118.09701,42.38408],[-118.08414,42.38625],[-118.0714,42.38833],[-118.069,42.38878],[-118.06188,42.38628],[-118.05039,42.38231],[-118.03731,42.37781],[-118.02528,42.37365],[-118.01656,42.37066],[-118.01564,42.36897],[-118.01208,42.36249],[-118.0093,42.3573],[-118.00637,42.35191],[-118.00276,42.34547],[-118,42.34028],[-117.99587,42.33272],[-117.9924,42.32626],[-117.98883,42.31984],[-117.98565,42.31387],[-117.98202,42.30723],[-117.97846,42.30079],[-117.975,42.29431],[-117.97145,42.28789],[-117.96798,42.28141],[-117.96447,42.27494],[-117.96097,42.26859],[-117.95775,42.26258],[-117.95399,42.25566],[-117.94934,42.24712],[-117.94424,42.23769],[-117.94145,42.23253],[-117.93567,42.22185],[-117.92935,42.21356],[-117.92371,42.20597],[-117.9174,42.1977],[-117.91079,42.1891],[-117.9058,42.18254],[-117.89817,42.17255],[-117.88612,42.15664],[-117.87953,42.14793],[-117.87298,42.13929],[-117.8656,42.12953],[-117.85948,42.12145],[-117.85317,42.11305],[-117.84291,42.09956],[-117.79835,42.04059],[-117.79843,42.0367],[-117.79863,42.00509],[-117.79871,41.99936]]}},{"type":"Feature","properties":{"id":"313333","type":"AC; OVERHEAD","status":"IN SERVICE","owner":null,"voltage":230,"voltClass":"220-287"},"geometry":{"type":"LineString","coordinates":[[-114.20441,35.31897],[-114.20381,35.31829],[-114.20055,35.32778],[-114.17309,35.35516]]}},{"type":"Feature","properties":{"id":"313338","type":"AC; OVERHEAD","status":"IN SERVICE","owner":null,"voltage":230,"voltClass":"220-287"},"geometry":{"type":"LineString","coordinates":[[-114.08625,35.13834],[-114.08668,35.14399]]}},{"type":"Feature","properties":{"id":"313339","type":"AC; OVERHEAD","status":"IN SERVICE","owner":null,"voltage":230,"voltClass":"220-287"},"geometry":{"type":"LineString","coordinates":[[-114.08495,35.20142],[-114.08341,35.20572],[-114.08116,35.21246],[-114.07701,35.21428],[-114.06699,35.21866],[-114.05359,35.21822]]}},{"type":"Feature","properties":{"id":"313340","type":"AC; OVERHEAD","status":"IN SERVICE","owner":null,"voltage":138,"voltClass":"100-161"},"geometry":{"type":"LineString","coordinates":[[-114.10756,35.19991],[-114.09576,35.20577]]}},{"type":"Feature","properties":{"id":"313341","type":"AC; OVERHEAD","status":"IN SERVICE","owner":null,"voltage":230,"voltClass":"220-287"},"geometry":{"type":"LineString","coordinates":[[-114.08668,35.14399],[-114.07439,35.14271],[-114.07515,35.15867],[-114.06494,35.16203],[-114.07246,35.19297],[-114.08495,35.20142]]}},{"type":"Feature","properties":{"id":"313342","type":"AC; OVERHEAD","status":"IN SERVICE","owner":null,"voltage":138,"voltClass":"100-161"},"geometry":{"type":"LineString","coordinates":[[-114.23627,35.2233],[-114.18026,35.22055],[-114.18009,35.22108],[-114.17994,35.22052],[-114.14161,35.21876],[-114.13167,35.21987]]}},{"type":"Feature","properties":{"id":"313343","type":"AC; OVERHEAD","status":"IN SERVICE","owner":null,"voltage":230,"voltClass":"220-287"},"geometry":{"type":"LineString","coordinates":[[-114.08625,35.13834],[-114.072,35.13575],[-114.07515,35.15867]]}},{"type":"Feature","properties":{"id":"313344","type":"AC; OVERHEAD","status":"IN SERVICE","owner":null,"voltage":138,"voltClass":"100-161"},"geometry":{"type":"LineString","coordinates":[[-114.10151,35.20778],[-114.09576,35.20577],[-114.09098,35.20421],[-114.08848,35.20697],[-114.08341,35.20572]]}},{"type":"Feature","properties":{"id":"304580","type":null,"status":"IN SERVICE","owner":"NEVADA POWER COMPANY","voltage":138,"voltClass":"100-161"},"geometry":{"type":"LineString","coordinates":[[-115.04288,36.1742],[-115.04278,36.17325],[-115.04279,36.16909],[-115.04344,36.16906],[-115.04354,36.16922]]}},{"type":"Feature","properties":{"id":"308308","type":null,"status":"IN SERVICE","owner":"NEVADA POWER COMPANY","voltage":138,"voltClass":"100-161"},"geometry":{"type":"LineString","coordinates":[[-115.04336,36.18569],[-115.04285,36.18586],[-115.04283,36.18494],[-115.04282,36.18313],[-115.04282,36.18131],[-115.04282,36.17951],[-115.04281,36.17686],[-115.04279,36.1752],[-115.04288,36.1742]]}},{"type":"Feature","properties":{"id":"313359","type":"AC; OVERHEAD","status":null,"owner":null,"voltage":230,"voltClass":"220-287"},"geometry":{"type":"LineString","coordinates":[[-115.00854,35.79732],[-115.00533,35.79954],[-115.00374,35.80282],[-115.00187,35.80924],[-115.001,35.81301],[-115.00229,35.81322],[-114.99795,35.84252],[-114.96308,35.87642],[-114.94494,35.8942],[-114.92509,35.91349],[-114.89947,35.93842],[-114.89894,35.939],[-114.89308,35.9447],[-114.89009,35.9476],[-114.88439,35.95323],[-114.85265,35.98409],[-114.81626,36.00928],[-114.77343,36.02012],[-114.74618,36.01904],[-114.74302,36.01836]]}},{"type":"Feature","properties":{"id":"313363","type":"AC; OVERHEAD","status":null,"owner":null,"voltage":230,"voltClass":"220-287"},"geometry":{"type":"LineString","coordinates":[[-114.74361,36.02025],[-114.77252,36.02095],[-114.81813,36.01841],[-114.85479,36.01631],[-114.86128,36.01329],[-114.9186,36.02665],[-114.91946,36.02559]]}},{"type":"Feature","properties":{"id":"313364","type":"AC; OVERHEAD","status":null,"owner":null,"voltage":230,"voltClass":"220-287"},"geometry":{"type":"LineString","coordinates":[[-115.00854,35.79732],[-115.00736,35.80059],[-114.99941,35.80076],[-114.9963,35.80491],[-114.98627,35.8509],[-114.98575,35.85401],[-114.88783,35.94729],[-114.85322,35.97937],[-114.85212,35.98315],[-114.81547,36.00856],[-114.77363,36.01963],[-114.74302,36.01836]]}},{"type":"Feature","properties":{"id":"300743","type":"AC; OVERHEAD","status":"IN SERVICE","owner":"NEVADA POWER COMPANY","voltage":138,"voltClass":"100-161"},"geometry":{"type":"LineString","coordinates":[[-115.16283,36.11485],[-115.16261,36.11432],[-115.16569,36.1144],[-115.16566,36.10813],[-115.16733,36.10819]]}},{"type":"Feature","properties":{"id":"310331","type":"AC; OVERHEAD","status":"IN SERVICE","owner":"NEVADA POWER COMPANY","voltage":230,"voltClass":"220-287"},"geometry":{"type":"LineString","coordinates":[[-115.21346,36.00878],[-115.21497,36.00842],[-115.21504,36.00681],[-115.2211,36.00175],[-115.22564,35.99798],[-115.23042,35.99372],[-115.24111,35.98493],[-115.26982,35.95436],[-115.2779,35.93333],[-115.27745,35.91136],[-115.29315,35.87163],[-115.3101,35.82796],[-115.38336,35.81343],[-115.38503,35.81025],[-115.40596,35.77523],[-115.3309,35.73039],[-115.29575,35.70922],[-115.29382,35.70794],[-115.29314,35.70684],[-115.30182,35.70327],[-115.3134,35.69879],[-115.31912,35.68879],[-115.328,35.67339],[-115.33696,35.65768],[-115.34579,35.64239],[-115.34857,35.63699],[-115.35506,35.63177],[-115.35642,35.61587],[-115.35662,35.61496]]}},{"type":"Feature","properties":{"id":"313368","type":"AC; OVERHEAD","status":null,"owner":null,"voltage":230,"voltClass":"220-287"},"geometry":{"type":"LineString","coordinates":[[-114.23627,35.2233],[-114.23618,35.19131],[-114.23554,35.19117],[-114.23619,35.19093],[-114.23618,35.15619],[-114.22805,35.15621],[-114.22804,35.11263],[-114.19267,35.11257],[-114.19297,35.08344],[-114.17528,35.08358],[-114.17554,35.05422],[-114.16674,35.05421],[-114.13958,35.05419],[-114.13959,35.05587],[-114.13371,35.05549]]}},{"type":"Feature","properties":{"id":"313369","type":"AC; OVERHEAD","status":null,"owner":null,"voltage":138,"voltClass":"100-161"},"geometry":{"type":"LineString","coordinates":[[-115.33465,35.78449],[-115.37471,35.80383],[-115.3839,35.80957],[-115.38503,35.81025]]}},{"type":"Feature","properties":{"id":"313370","type":"AC; OVERHEAD","status":null,"owner":null,"voltage":230,"voltClass":"220-287"},"geometry":{"type":"LineString","coordinates":[[-115.37423,35.67827],[-115.37347,35.67859],[-115.37124,35.68749],[-115.37247,35.68916],[-115.35644,35.73638],[-115.33768,35.76196],[-115.34187,35.76401],[-115.33438,35.77418],[-115.33465,35.78449]]}},{"type":"Feature","properties":{"id":"302808","type":"AC; OVERHEAD","status":"IN SERVICE","owner":null,"voltage":230,"voltClass":"220-287"},"geometry":{"type":"LineString","coordinates":[[-114.13371,35.05549],[-114.13356,35.05629],[-114.13647,35.05645],[-114.13957,35.05645],[-114.13957,35.06188],[-114.13956,35.07756],[-114.13955,35.09199],[-114.13953,35.09484],[-114.12517,35.10157],[-114.11784,35.10502],[-114.1151,35.10572],[-114.11248,35.10681],[-114.09911,35.11207],[-114.07355,35.12356],[-114.07277,35.12624],[-114.07104,35.13214],[-114.06948,35.13744],[-114.06892,35.13934],[-114.06278,35.14149],[-114.05761,35.14414],[-114.05055,35.14781],[-114.04662,35.14944],[-114.02759,35.15729],[-114.00429,35.16703],[-113.98078,35.17688],[-113.95978,35.18567],[-113.93993,35.19416],[-113.93138,35.19777],[-113.91037,35.20655],[-113.89555,35.21027],[-113.85388,35.2208],[-113.81377,35.23086],[-113.79535,35.23548],[-113.78449,35.23676],[-113.76561,35.23897],[-113.75744,35.24355],[-113.72173,35.25115],[-113.71966,35.25157],[-113.71792,35.25082]]}},{"type":"Feature","properties":{"id":"300676","type":"AC; OVERHEAD","status":"IN SERVICE","owner":"PACIFIC GAS & ELECTRIC COMPANY","voltage":115,"voltClass":"100-161"},"geometry":{"type":"LineString","coordinates":[[-119.61075,36.7073],[-119.6101,36.70784],[-119.61,36.72149],[-119.61,36.7413],[-119.61016,36.78752],[-119.61014,36.81795],[-119.61002,36.82687]]}},{"type":"Feature","properties":{"id":"313702","type":"AC; OVERHEAD","status":"IN SERVICE","owner":null,"voltage":230,"voltClass":"220-287"},"geometry":{"type":"LineString","coordinates":[[-114.59532,35.14747],[-114.59534,35.14889],[-114.59427,35.14878],[-114.59425,35.15354],[-114.58196,35.15367],[-114.58133,35.15371],[-114.58122,35.15834],[-114.58161,35.15816]]}},{"type":"Feature","properties":{"id":"313703","type":"AC; OVERHEAD","status":"IN SERVICE","owner":null,"voltage":130,"voltClass":"100-161"},"geometry":{"type":"LineString","coordinates":[[-114.57813,35.15181],[-114.5782,35.15162],[-114.57835,35.14681]]}},{"type":"Feature","properties":{"id":"313705","type":"AC; OVERHEAD","status":"IN SERVICE","owner":null,"voltage":130,"voltClass":"100-161"},"geometry":{"type":"LineString","coordinates":[[-114.67745,35.03279],[-114.67757,35.03303],[-114.67793,35.03264],[-114.67915,35.03291],[-114.68121,35.03342],[-114.68536,35.0343]]}},{"type":"Feature","properties":{"id":"313706","type":"AC; OVERHEAD","status":"IN SERVICE","owner":null,"voltage":130,"voltClass":"100-161"},"geometry":{"type":"LineString","coordinates":[[-114.6344,35.01094],[-114.63782,35.01008],[-114.6474,35.01528],[-114.64797,35.0156],[-114.64789,35.01582],[-114.6536,35.01888],[-114.65618,35.02084],[-114.66049,35.02327],[-114.67743,35.03236],[-114.67711,35.03279],[-114.67745,35.03279]]}},{"type":"Feature","properties":{"id":"313707","type":"AC; OVERHEAD","status":"IN SERVICE","owner":null,"voltage":130,"voltClass":"100-161"},"geometry":{"type":"LineString","coordinates":[[-114.56143,35.09656],[-114.56137,35.09567],[-114.56269,35.09567],[-114.56251,34.95344],[-114.56268,34.9532],[-114.56213,34.86632],[-114.54516,34.86635],[-114.54506,34.8711],[-114.53381,34.87122],[-114.53294,34.86976],[-114.53252,34.86876]]}},{"type":"Feature","properties":{"id":"301847","type":"AC; OVERHEAD","status":"IN SERVICE","owner":"AZUSA LIGHT & POWER","voltage":115,"voltClass":"100-161"},"geometry":{"type":"LineString","coordinates":[[-117.79027,36.00148],[-117.79187,36.00066],[-117.79294,36.00165],[-117.79355,36.00515],[-117.79912,36.00864],[-117.80548,36.00721],[-117.80766,36.00727],[-117.81018,36.00615]]}},{"type":"Feature","properties":{"id":"313841","type":"AC; OVERHEAD","status":"IN SERVICE","owner":null,"voltage":130,"voltClass":"100-161"},"geometry":{"type":"LineString","coordinates":[[-114.58075,35.16341],[-114.58078,35.15836],[-114.58161,35.15816],[-114.5808,35.15783],[-114.58094,35.15352],[-114.58095,35.15258],[-114.58039,35.15241],[-114.57831,35.15174],[-114.57813,35.15181]]}},{"type":"Feature","properties":{"id":"313846","type":"AC; OVERHEAD","status":"IN SERVICE","owner":null,"voltage":130,"voltClass":"100-161"},"geometry":{"type":"LineString","coordinates":[[-114.59128,35.17697],[-114.63192,35.13015],[-114.63253,35.12944],[-114.63601,35.12711],[-114.63622,35.12722],[-114.63631,35.12697],[-114.63617,35.12673]]}},{"type":"Feature","properties":{"id":"313847","type":"AC; OVERHEAD","status":"IN SERVICE","owner":null,"voltage":130,"voltClass":"100-161"},"geometry":{"type":"LineString","coordinates":[[-114.57813,35.15181],[-114.57819,35.15208],[-114.57816,35.15381],[-114.5749,35.1538]]}},{"type":"Feature","properties":{"id":"313848","type":"AC; OVERHEAD","status":"IN SERVICE","owner":null,"voltage":130,"voltClass":"100-161"},"geometry":{"type":"LineString","coordinates":[[-114.57209,35.11285],[-114.57177,35.11212],[-114.57178,35.09883],[-114.56271,35.09882],[-114.56269,35.09583],[-114.56138,35.09585],[-114.56143,35.09656]]}},{"type":"Feature","properties":{"id":"313853","type":"AC; OVERHEAD","status":"IN SERVICE","owner":null,"voltage":130,"voltClass":"100-161"},"geometry":{"type":"LineString","coordinates":[[-114.56143,35.09656],[-114.56137,35.09567],[-114.56269,35.09567],[-114.5627,35.09873],[-114.59369,35.09865],[-114.59392,35.0984]]}},{"type":"Feature","properties":{"id":"313863","type":"AC; OVERHEAD","status":"IN SERVICE","owner":null,"voltage":130,"voltClass":"100-161"},"geometry":{"type":"LineString","coordinates":[[-114.56143,35.09656],[-114.56085,35.09886],[-114.54497,35.09883],[-114.54497,35.13196],[-114.54456,35.13266]]}},{"type":"Feature","properties":{"id":"313873","type":"AC; OVERHEAD","status":"IN SERVICE","owner":null,"voltage":230,"voltClass":"220-287"},"geometry":{"type":"LineString","coordinates":[[-114.56594,35.1947],[-114.56714,35.194],[-114.56772,35.1935],[-114.56671,35.19069],[-114.5672,35.19058],[-114.57311,35.18726],[-114.59131,35.17709]]}},{"type":"Feature","properties":{"id":"313874","type":"AC; OVERHEAD","status":"IN SERVICE","owner":null,"voltage":230,"voltClass":"220-287"},"geometry":{"type":"LineString","coordinates":[[-114.56594,35.1947],[-114.56617,35.19579],[-114.56883,35.19422],[-114.56959,35.19416],[-114.57025,35.19372],[-114.57354,35.1924],[-114.57836,35.19283],[-114.59155,35.17753],[-114.59131,35.17709]]}},{"type":"Feature","properties":{"id":"302709","type":"AC; OVERHEAD","status":"IN SERVICE","owner":"SIERRA PACIFIC POWER COMPANY","voltage":120,"voltClass":"100-161"},"geometry":{"type":"LineString","coordinates":[[-119.80711,39.55414],[-119.80767,39.55479],[-119.80769,39.56429],[-119.84144,39.56366],[-119.84527,39.56045]]}},{"type":"Feature","properties":{"id":"303679","type":"AC; OVERHEAD","status":"IN SERVICE","owner":"SIERRA PACIFIC POWER COMPANY","voltage":120,"voltClass":"100-161"},"geometry":{"type":"LineString","coordinates":[[-119.84527,39.56045],[-119.84484,39.56054],[-119.84423,39.56101],[-119.8418,39.56306],[-119.84098,39.56345],[-119.83816,39.55913],[-119.83655,39.55605],[-119.84032,39.55607],[-119.84512,39.55604],[-119.84511,39.54942],[-119.84608,39.54922],[-119.84782,39.5483],[-119.8517,39.54481],[-119.85252,39.54417],[-119.8538,39.54335],[-119.85484,39.54281],[-119.85917,39.54106],[-119.86101,39.54033],[-119.86244,39.5394],[-119.86357,39.5382],[-119.86399,39.53747],[-119.86439,39.53602],[-119.86434,39.53229],[-119.8643,39.53163],[-119.86384,39.52989],[-119.86234,39.52538],[-119.85991,39.52466],[-119.85679,39.52546],[-119.85488,39.52596],[-119.85417,39.52615],[-119.85176,39.52625],[-119.84961,39.52645],[-119.8396,39.52686],[-119.83574,39.52698],[-119.83562,39.52649],[-119.83453,39.5262],[-119.83323,39.52546],[-119.83275,39.52435],[-119.832,39.52249],[-119.82958,39.52098],[-119.82804,39.51957],[-119.82792,39.51886],[-119.8324,39.51872],[-119.83442,39.5177],[-119.83503,39.51749],[-119.83626,39.51743],[-119.84018,39.5163],[-119.84267,39.51726],[-119.84359,39.51702],[-119.84773,39.5154],[-119.86611,39.51545],[-119.86795,39.51501],[-119.87175,39.51309],[-119.87513,39.51176],[-119.87637,39.51155],[-119.87877,39.51112],[-119.889,39.51014],[-119.89063,39.50932],[-119.89176,39.50919],[-119.89526,39.50938],[-119.89626,39.50972],[-119.8993,39.50959],[-119.90141,39.50804],[-119.90398,39.50732],[-119.90504,39.50822],[-119.90831,39.51072],[-119.90943,39.511],[-119.91916,39.51364],[-119.92021,39.5139],[-119.92098,39.51344],[-119.92608,39.51055],[-119.92816,39.50941],[-119.92976,39.50845],[-119.93295,39.50624],[-119.93355,39.50621],[-119.93403,39.50635]]}},{"type":"Feature","properties":{"id":"304225","type":"AC; OVERHEAD","status":"IN SERVICE","owner":"SIERRA PACIFIC POWER COMPANY","voltage":120,"voltClass":"100-161"},"geometry":{"type":"LineString","coordinates":[[-119.86574,39.54158],[-119.84527,39.56045]]}},{"type":"Feature","properties":{"id":"303349","type":"AC; OVERHEAD","status":"IN SERVICE","owner":"PACIFIC GAS & ELECTRIC COMPANY","voltage":115,"voltClass":"100-161"},"geometry":{"type":"LineString","coordinates":[[-119.61075,36.7073],[-119.6118,36.70726],[-119.61473,36.70739],[-119.6156,36.70785],[-119.61649,36.70829],[-119.6201,36.7101],[-119.62579,36.713],[-119.63123,36.71571],[-119.63604,36.71813],[-119.64321,36.72173],[-119.65076,36.72587],[-119.66691,36.73512],[-119.67578,36.7402],[-119.6788,36.74192],[-119.68329,36.74448],[-119.68843,36.74578],[-119.69978,36.74865],[-119.70034,36.74879]]}},{"type":"Feature","properties":{"id":"302515","type":"AC; OVERHEAD","status":"IN SERVICE","owner":"NEVADA POWER COMPANY","voltage":500,"voltClass":"500"},"geometry":{"type":"LineString","coordinates":[[-115.00854,35.79732],[-115.01037,35.80033],[-115.013,35.80392]]}},{"type":"Feature","properties":{"id":"302902","type":"AC; OVERHEAD","status":"IN SERVICE","owner":"AZUSA LIGHT & POWER","voltage":220,"voltClass":"220-287"},"geometry":{"type":"LineString","coordinates":[[-117.34823,35.02663],[-117.34857,35.02686],[-117.34852,35.0283],[-117.34852,35.02994],[-117.34855,35.03159],[-117.34931,35.03194],[-117.35097,35.03193],[-117.35213,35.03193],[-117.35594,35.03193],[-117.3563,35.0308]]}},{"type":"Feature","properties":{"id":"302904","type":"AC; OVERHEAD","status":null,"owner":"SIERRA PACIFIC POWER COMPANY","voltage":120,"voltClass":"100-161"},"geometry":{"type":"LineString","coordinates":[[-119.1332,39.12817],[-119.1322,39.1281]]}},{"type":"Feature","properties":{"id":"302966","type":"AC; OVERHEAD","status":"IN SERVICE","owner":null,"voltage":230,"voltClass":"220-287"},"geometry":{"type":"LineString","coordinates":[[-114.63555,36.65721],[-114.63687,36.65731],[-114.63832,36.65734],[-114.63964,36.65627],[-114.66417,36.63808],[-114.66847,36.6332],[-114.76285,36.55988],[-114.80051,36.52941],[-114.83045,36.50501],[-114.83997,36.48456],[-114.85344,36.45888],[-114.86278,36.44202],[-114.87309,36.4222],[-114.88084,36.40801],[-114.88245,36.40504],[-114.88358,36.40371],[-114.8854,36.40512],[-114.89029,36.40944],[-114.90457,36.42306],[-114.90541,36.42423],[-114.90397,36.42562]]}},{"type":"Feature","properties":{"id":"303059","type":"AC; OVERHEAD","status":"IN SERVICE","owner":"SIERRA PACIFIC POWER COMPANY","voltage":120,"voltClass":"100-161"},"geometry":{"type":"LineString","coordinates":[[-119.75364,39.39573],[-119.75272,39.39555],[-119.74625,39.39647],[-119.7436,39.39681],[-119.73891,39.39734],[-119.73415,39.39665],[-119.73381,39.39957],[-119.72996,39.40109],[-119.72812,39.40287],[-119.72357,39.4067],[-119.72205,39.4081],[-119.71979,39.40859],[-119.71128,39.41116],[-119.70264,39.41293],[-119.70245,39.41474],[-119.70088,39.42704],[-119.69929,39.43971],[-119.69778,39.45085],[-119.68223,39.47311],[-119.67995,39.47624],[-119.6717,39.48109],[-119.66303,39.48644],[-119.65341,39.49202],[-119.64241,39.49819],[-119.6317,39.5047],[-119.63019,39.50563],[-119.62296,39.50554],[-119.61435,39.5106],[-119.60544,39.51599],[-119.59299,39.52383],[-119.5848,39.52893],[-119.57168,39.53697],[-119.56259,39.54251],[-119.55537,39.54666],[-119.54991,39.55043],[-119.54633,39.55259],[-119.54212,39.55526],[-119.53133,39.55792],[-119.51906,39.55963],[-119.5187,39.56312]]}},{"type":"Feature","properties":{"id":"303072","type":"AC; OVERHEAD","status":"IN SERVICE","owner":"PACIFIC GAS & ELECTRIC COMPANY","voltage":230,"voltClass":"220-287"},"geometry":{"type":"LineString","coordinates":[[-119.88168,36.53212],[-119.88186,36.53184],[-119.88183,36.53244],[-119.88135,36.53243],[-119.88138,36.53397],[-119.88118,36.56892],[-119.88087,36.58956],[-119.88077,36.61557],[-119.88043,36.65719],[-119.88058,36.70202],[-119.88056,36.70535],[-119.88292,36.70563]]}},{"type":"Feature","properties":{"id":"300140","type":"AC; OVERHEAD","status":"IN SERVICE","owner":"NEVADA POWER COMPANY","voltage":138,"voltClass":"100-161"},"geometry":{"type":"LineString","coordinates":[[-115.04943,36.08641],[-115.05104,36.08655],[-115.05487,36.08654],[-115.05634,36.0874],[-115.05784,36.08792],[-115.05953,36.08828],[-115.06254,36.08865],[-115.06587,36.08898],[-115.06717,36.0893],[-115.06921,36.09019],[-115.10967,36.11523],[-115.1189,36.11485],[-115.12505,36.11488],[-115.12502,36.11641],[-115.12946,36.11639],[-115.13019,36.11617]]}},{"type":"Feature","properties":{"id":"300196","type":"AC; OVERHEAD","status":"IN SERVICE","owner":"PACIFIC GAS & ELECTRIC COMPANY","voltage":230,"voltClass":"220-287"},"geometry":{"type":"LineString","coordinates":[[-118.98411,35.45159],[-119.00277,35.45407]]}},{"type":"Feature","properties":{"id":"300187","type":"AC; OVERHEAD","status":"IN SERVICE","owner":"VALLEY ELECTRIC ASSOCIATION COOPERATIVE","voltage":138,"voltClass":"100-161"},"geometry":{"type":"LineString","coordinates":[[-116.48833,36.53946],[-116.48632,36.53972],[-116.40975,36.53974],[-116.4001,36.53736]]}},{"type":"Feature","properties":{"id":"300208","type":"AC; OVERHEAD","status":"IN SERVICE","owner":null,"voltage":230,"voltClass":"220-287"},"geometry":{"type":"LineString","coordinates":[[-114.96634,34.84492],[-114.96608,34.84566],[-114.94761,35.25586],[-114.94054,35.42662],[-114.93807,35.46811],[-114.93289,35.51269],[-114.93025,35.53497],[-114.93252,35.56992],[-114.93946,35.67113],[-114.94119,35.693],[-114.93967,35.69622],[-114.93752,35.69971],[-114.92315,35.73153],[-114.91018,35.76022],[-114.90795,35.76305],[-114.89472,35.7789],[-114.88379,35.791],[-114.88116,35.79852],[-114.87348,35.81625],[-114.87134,35.81916],[-114.84807,35.866],[-114.84297,35.87631],[-114.83355,35.89521],[-114.82128,35.91985],[-114.82385,35.92237],[-114.82897,35.92407],[-114.83027,35.92452],[-114.83474,35.92781]]}},{"type":"Feature","properties":{"id":"300248","type":"AC; OVERHEAD","status":"IN SERVICE","owner":"PACIFIC GAS & ELECTRIC COMPANY","voltage":230,"voltClass":"220-287"},"geometry":{"type":"LineString","coordinates":[[-119.98869,36.59341],[-119.93116,36.59373],[-119.89371,36.59379],[-119.89325,36.59492],[-119.89575,36.60151],[-119.89704,36.6049],[-119.89812,36.60767],[-119.89807,36.61691],[-119.89786,36.6273],[-119.89744,36.63424],[-119.89726,36.64096],[-119.89702,36.65209],[-119.89698,36.67759],[-119.8971,36.70297],[-119.89711,36.70558]]}},{"type":"Feature","properties":{"id":"300319","type":"AC; OVERHEAD","status":"IN SERVICE","owner":"NEVADA POWER COMPANY","voltage":138,"voltClass":"100-161"},"geometry":{"type":"LineString","coordinates":[[-115.16029,36.21446],[-115.1445,36.21483],[-115.14434,36.20361]]}},{"type":"Feature","properties":{"id":"300384","type":"AC; OVERHEAD","status":"IN SERVICE","owner":"PACIFIC GAS & ELECTRIC COMPANY","voltage":115,"voltClass":"100-161"},"geometry":{"type":"LineString","coordinates":[[-119.58093,36.53929],[-119.58114,36.53929],[-119.58112,36.54005],[-119.58108,36.54049],[-119.58189,36.54075]]}},{"type":"Feature","properties":{"id":"300443","type":"AC; OVERHEAD","status":"IN SERVICE","owner":null,"voltage":500,"voltClass":"500"},"geometry":{"type":"LineString","coordinates":[[-114.9724,36.38867],[-114.96764,36.41034],[-114.96698,36.41339],[-114.96371,36.42835],[-114.9457,36.50964],[-114.91664,36.59554],[-114.91555,36.59808],[-114.91561,36.59846],[-114.91756,36.61894],[-114.91887,36.63293],[-114.9194,36.63759],[-114.92014,36.64213],[-114.93897,36.75141],[-114.94174,36.76741]]}},{"type":"Feature","properties":{"id":"300468","type":"AC; OVERHEAD","status":"IN SERVICE","owner":"PACIFIC GAS & ELECTRIC COMPANY","voltage":115,"voltClass":"100-161"},"geometry":{"type":"LineString","coordinates":[[-119.55803,37.07185],[-119.55535,37.07207],[-119.55061,37.09094],[-119.55261,37.09223]]}},{"type":"Feature","properties":{"id":"300478","type":"AC; OVERHEAD","status":"IN SERVICE","owner":"SIERRA PACIFIC POWER COMPANY","voltage":120,"voltClass":"100-161"},"geometry":{"type":"LineString","coordinates":[[-119.1332,39.12817],[-119.13508,39.12865],[-119.13809,39.12947],[-119.14532,39.13167],[-119.15801,39.1352],[-119.16188,39.13577],[-119.17322,39.13859],[-119.18749,39.14209],[-119.1975,39.14454],[-119.21132,39.14791],[-119.22644,39.1516],[-119.24845,39.15705],[-119.24912,39.17188],[-119.26045,39.18079],[-119.26553,39.18945],[-119.27735,39.1932],[-119.31233,39.21002],[-119.32899,39.21927],[-119.33215,39.23226],[-119.35197,39.24492],[-119.36621,39.25374],[-119.40319,39.2779],[-119.41599,39.27913],[-119.43119,39.28685],[-119.43715,39.2899],[-119.44292,39.29278],[-119.46128,39.2956],[-119.47317,39.29697],[-119.4783,39.2977],[-119.49657,39.30021],[-119.51387,39.30266],[-119.53862,39.30611],[-119.55596,39.30855],[-119.56391,39.30967],[-119.57169,39.31087],[-119.57752,39.31152],[-119.582,39.31497],[-119.5861,39.31768],[-119.58779,39.3177],[-119.60525,39.31532],[-119.64444,39.33372],[-119.65297,39.34038],[-119.66101,39.34629],[-119.67049,39.35109],[-119.68042,39.35606],[-119.69085,39.36089],[-119.70008,39.36483],[-119.70319,39.36604],[-119.70797,39.36896],[-119.71634,39.37399],[-119.72386,39.37852],[-119.73186,39.38333],[-119.73787,39.38696],[-119.74075,39.38873],[-119.74508,39.39135],[-119.74687,39.39245],[-119.74956,39.39406],[-119.75131,39.39513],[-119.75278,39.39537],[-119.75364,39.39573]]}},{"type":"Feature","properties":{"id":"300505","type":"AC; OVERHEAD","status":"IN SERVICE","owner":null,"voltage":230,"voltClass":"220-287"},"geometry":{"type":"LineString","coordinates":[[-119.38851,37.14825],[-119.40402,37.15119],[-119.41594,37.15179],[-119.44615,37.15025],[-119.4511,37.15006],[-119.45674,37.14836],[-119.4597,37.14737],[-119.46613,37.14556],[-119.48013,37.14134],[-119.48867,37.13893]]}},{"type":"Feature","properties":{"id":"300517","type":"AC; OVERHEAD","status":"IN SERVICE","owner":null,"voltage":500,"voltClass":"500"},"geometry":{"type":"LineString","coordinates":[[-111.4467,35.83268],[-111.44896,35.83207],[-111.45094,35.83204],[-111.45238,35.83204],[-111.45786,35.83092],[-111.48283,35.82383],[-111.4865,35.82333],[-111.49275,35.82253],[-111.57525,35.811],[-111.60386,35.81244],[-111.61215,35.81281],[-111.63157,35.81648],[-111.71454,35.8082],[-111.79408,35.80008],[-111.82572,35.79733],[-111.89405,35.79234],[-111.94036,35.78633],[-111.97711,35.78133],[-111.99953,35.77903],[-112.0063,35.77945],[-112.0535,35.77439],[-112.27903,35.74987],[-112.39445,35.73784],[-112.608,35.71474],[-112.6981,35.70499],[-112.71882,35.69885],[-112.9332,35.63528],[-112.99776,35.61606],[-113.03897,35.621],[-113.21592,35.60451],[-113.25311,35.59383],[-113.36532,35.56102],[-113.5238,35.5687],[-113.58,35.58747],[-113.6921,35.62438],[-113.80713,35.66217],[-113.83548,35.67147],[-113.84836,35.67056],[-113.85447,35.67072],[-113.87939,35.68036],[-113.90275,35.68513],[-114.00122,35.70539],[-114.0321,35.71147],[-114.06647,35.71846],[-114.1,35.71167],[-114.14545,35.70284],[-114.25038,35.6819],[-114.34009,35.69064],[-114.3532,35.68975],[-114.36606,35.68733],[-114.44483,35.67322],[-114.47984,35.66702],[-114.51295,35.66083],[-114.51789,35.65922],[-114.59146,35.66567],[-114.59714,35.66613],[-114.6408,35.65665],[-114.64488,35.65384],[-114.64989,35.65075],[-114.65589,35.65063],[-114.66979,35.65312],[-114.68576,35.65151],[-114.69395,35.65136],[-114.71511,35.65383],[-114.83172,35.65658],[-114.85739,35.65972],[-114.92528,35.66639],[-114.9677,35.67051],[-115.01603,35.67533],[-115.01674,35.67617],[-115.02971,35.69274],[-115.0352,35.69991],[-115.04935,35.71821],[-115.04842,35.72029],[-115.03303,35.74665],[-115.01855,35.77249],[-115.01084,35.7877],[-115.01028,35.79194],[-115.00854,35.79732]]}},{"type":"Feature","properties":{"id":"300519","type":"AC; OVERHEAD","status":"IN SERVICE","owner":null,"voltage":230,"voltClass":"220-287"},"geometry":{"type":"LineString","coordinates":[[-115.00854,35.79732],[-115.00941,35.79124],[-115.00999,35.78747],[-115.01104,35.78406],[-115.01738,35.77176],[-115.03137,35.74648],[-115.04626,35.72014],[-115.06129,35.69506],[-115.06363,35.69102],[-115.07247,35.67403],[-115.0735,35.66995],[-115.07729,35.65538],[-115.08263,35.63264],[-115.09056,35.59873],[-115.09828,35.5673],[-115.15025,35.51161],[-115.46955,35.28221],[-115.49947,35.26029],[-115.51558,35.25226]]}},{"type":"Feature","properties":{"id":"300829","type":"AC; OVERHEAD","status":"IN SERVICE","owner":"PACIFIC GAS & ELECTRIC COMPANY","voltage":230,"voltClass":"220-287"},"geometry":{"type":"LineString","coordinates":[[-120.29884,37.80942],[-120.13248,37.82867],[-120.05736,37.82761],[-120.03017,37.82086],[-119.96565,37.87506]]}},{"type":"Feature","properties":{"id":"300560","type":"AC; OVERHEAD","status":"IN SERVICE","owner":"NEVADA POWER COMPANY","voltage":138,"voltClass":"100-161"},"geometry":{"type":"LineString","coordinates":[[-115.03128,36.03559],[-115.03118,36.03468],[-115.03262,36.03398],[-115.03415,36.03408],[-115.03751,36.03465],[-115.04687,36.0379],[-115.04709,36.03183],[-115.04772,36.03054],[-115.05081,36.02941],[-115.05253,36.02918],[-115.0526,36.02804],[-115.06969,36.02624],[-115.08467,36.02401],[-115.08582,36.02721],[-115.08632,36.02929],[-115.08621,36.03105],[-115.08568,36.03261],[-115.08635,36.03302]]}},{"type":"Feature","properties":{"id":"300635","type":"AC; OVERHEAD","status":"IN SERVICE","owner":"PACIFIC GAS & ELECTRIC COMPANY","voltage":115,"voltClass":"100-161"},"geometry":{"type":"LineString","coordinates":[[-119.61075,36.7073],[-119.6099,36.7064],[-119.60692,36.70641],[-119.60348,36.70468],[-119.60109,36.70279],[-119.60133,36.68789],[-119.60144,36.67007],[-119.60163,36.64679],[-119.60183,36.62423],[-119.60193,36.61234],[-119.60194,36.61036],[-119.60408,36.60952],[-119.61097,36.60959],[-119.61368,36.60937],[-119.6164,36.6094],[-119.62032,36.60925],[-119.62424,36.60911],[-119.62814,36.60926],[-119.63163,36.60999],[-119.63493,36.61088],[-119.63909,36.6108]]}},{"type":"Feature","properties":{"id":"300721","type":"AC; OVERHEAD","status":"IN SERVICE","owner":"NEVADA POWER COMPANY","voltage":500,"voltClass":"500"},"geometry":{"type":"LineString","coordinates":[[-115.013,35.80392],[-115.01,35.80688],[-115.00658,35.80868],[-115.00593,35.80992],[-115.00087,35.84476],[-114.99584,35.87891],[-114.99581,35.89008],[-114.99551,35.9403],[-114.98795,35.94766],[-114.96785,35.95514],[-114.94919,35.96196],[-114.94141,35.97182],[-114.91295,35.9887],[-114.91552,36.01523],[-114.91745,36.02547],[-114.91802,36.02846],[-114.9377,36.0546],[-114.93825,36.0825],[-114.93837,36.08999],[-114.93865,36.10503],[-114.94061,36.10866],[-114.94392,36.12063],[-114.94367,36.15132],[-114.93313,36.15889],[-114.93039,36.16097],[-114.9284,36.1646],[-114.92279,36.17466],[-114.91665,36.18594],[-114.89522,36.2251],[-114.87907,36.26131],[-114.84973,36.32718],[-114.84777,36.33053],[-114.84358,36.33746],[-114.83947,36.34509],[-114.82256,36.38137],[-114.81957,36.40526],[-114.8198,36.41022],[-114.82194,36.45038],[-114.82347,36.47827],[-114.82366,36.48172],[-114.82629,36.48185],[-114.83035,36.48251]]}},{"type":"Feature","properties":{"id":"300779","type":"AC; OVERHEAD","status":"IN SERVICE","owner":"NEVADA POWER COMPANY","voltage":138,"voltClass":"100-161"},"geometry":{"type":"LineString","coordinates":[[-115.06151,36.18219],[-115.06141,36.18241],[-115.06234,36.18243],[-115.06234,36.18172],[-115.06233,36.17722],[-115.06229,36.17188],[-115.06226,36.1675],[-115.06226,36.16543],[-115.06249,36.15965],[-115.0625,36.15892],[-115.0569,36.15912],[-115.05572,36.15913],[-115.04793,36.15904],[-115.04774,36.14486],[-115.04858,36.14357]]}},{"type":"Feature","properties":{"id":"300771","type":"AC; OVERHEAD","status":"IN SERVICE","owner":"AZUSA LIGHT & POWER","voltage":230,"voltClass":"220-287"},"geometry":{"type":"LineString","coordinates":[[-119.24432,36.30387],[-119.24241,36.29654],[-119.24109,36.293],[-119.2393,36.28834],[-119.23735,36.28325],[-119.23582,36.27805],[-119.23371,36.27068],[-119.23155,36.26364],[-119.22093,36.23185],[-119.20497,36.18418],[-119.19672,36.15946],[-119.17648,36.10053],[-119.1651,36.06725],[-119.13235,35.97688],[-119.13084,35.97176],[-119.09026,35.85781],[-119.0853,35.84382],[-119.08472,35.84175]]}},{"type":"Feature","properties":{"id":"300798","type":"AC; OVERHEAD","status":"IN SERVICE","owner":null,"voltage":230,"voltClass":"220-287"},"geometry":{"type":"LineString","coordinates":[[-114.90397,36.42562],[-114.90568,36.4243],[-114.90472,36.42291],[-114.89055,36.40938],[-114.88546,36.40489],[-114.88352,36.40354],[-114.88238,36.40487],[-114.8808,36.40782],[-114.87298,36.42207],[-114.86268,36.44189],[-114.85289,36.45955],[-114.84756,36.4697],[-114.83978,36.48456],[-114.83028,36.50494],[-114.81922,36.51396],[-114.8004,36.52917],[-114.76285,36.55956],[-114.66822,36.63317],[-114.66397,36.63795],[-114.63951,36.6561],[-114.63822,36.6572],[-114.63687,36.65716],[-114.63555,36.65721]]}},{"type":"Feature","properties":{"id":"300801","type":"AC; OVERHEAD","status":"IN SERVICE","owner":"SIERRA PACIFIC POWER COMPANY","voltage":120,"voltClass":"100-161"},"geometry":{"type":"LineString","coordinates":[[-119.5187,39.56312],[-119.51734,39.56195],[-119.51676,39.55764],[-119.51499,39.54465],[-119.52701,39.53654],[-119.54467,39.52473],[-119.55364,39.51447],[-119.56416,39.50251],[-119.56526,39.48967],[-119.56577,39.48299],[-119.57173,39.46237],[-119.57873,39.43809],[-119.57712,39.43522],[-119.56904,39.42072],[-119.56983,39.40767],[-119.57098,39.39101],[-119.57703,39.38103],[-119.58457,39.3684],[-119.58812,39.36276],[-119.58709,39.35567],[-119.58617,39.34907],[-119.58539,39.3437],[-119.58454,39.3376],[-119.58177,39.31801],[-119.58124,39.30487],[-119.58362,39.29507],[-119.58621,39.28359],[-119.58793,39.27657],[-119.5895,39.26998],[-119.59186,39.26015],[-119.59373,39.25678],[-119.59952,39.24688],[-119.60319,39.24459],[-119.61324,39.23825],[-119.62392,39.23161],[-119.63251,39.22628],[-119.64434,39.21881],[-119.65116,39.21455],[-119.65916,39.20946],[-119.66826,39.20475],[-119.67831,39.19989],[-119.69035,39.19395],[-119.69463,39.19181],[-119.69642,39.18935],[-119.69709,39.18889]]}},{"type":"Feature","properties":{"id":"300819","type":"AC; OVERHEAD","status":"IN SERVICE","owner":"SIERRA PACIFIC POWER COMPANY","voltage":120,"voltClass":"100-161"},"geometry":{"type":"LineString","coordinates":[[-118.01967,38.2835],[-118.02139,38.28735],[-118.15571,38.53573]]}},{"type":"Feature","properties":{"id":"300826","type":"AC; OVERHEAD","status":"IN SERVICE","owner":"NEVADA POWER COMPANY","voltage":230,"voltClass":"220-287"},"geometry":{"type":"LineString","coordinates":[[-115.33006,36.33447],[-115.32957,36.33593],[-115.32847,36.33608],[-115.31442,36.33621],[-115.28941,36.33608],[-115.26176,36.33577],[-115.22971,36.33552],[-115.20716,36.33524],[-115.20705,36.32328],[-115.2073,36.32296],[-115.20829,36.32258]]}},{"type":"Feature","properties":{"id":"300841","type":"AC; OVERHEAD","status":"IN SERVICE","owner":null,"voltage":230,"voltClass":"220-287"},"geometry":{"type":"LineString","coordinates":[[-114.74302,36.01836],[-114.75132,36.01498],[-114.75315,36.014],[-114.75547,36.01282],[-114.78493,36.00276],[-114.78861,35.99304],[-114.79949,35.96977],[-114.81819,35.93112],[-114.82162,35.92419],[-114.8281,35.92635],[-114.83474,35.92781]]}},{"type":"Feature","properties":{"id":"300855","type":"AC; OVERHEAD","status":"IN SERVICE","owner":"AZUSA LIGHT & POWER","voltage":230,"voltClass":"220-287"},"geometry":{"type":"LineString","coordinates":[[-118.3138,35.1082],[-118.31432,35.10802],[-118.31703,35.10994],[-118.31923,35.11072],[-118.32044,35.1109],[-118.32313,35.11101],[-118.32528,35.11112],[-118.32371,35.11283],[-118.32343,35.11464],[-118.32424,35.11719],[-118.3248,35.11827],[-118.3248,35.12024],[-118.3248,35.12276],[-118.32564,35.12471],[-118.32536,35.12674],[-118.32534,35.12901],[-118.32595,35.13082],[-118.32533,35.13218],[-118.32458,35.13434],[-118.32293,35.13688],[-118.32086,35.13747],[-118.31807,35.13883],[-118.31575,35.14059],[-118.31379,35.14237],[-118.31174,35.14457],[-118.31058,35.14674],[-118.31152,35.14792],[-118.31203,35.14931],[-118.31332,35.15073],[-118.31522,35.15098],[-118.31713,35.15089],[-118.31895,35.15138],[-118.32001,35.15333],[-118.3216,35.15589],[-118.32295,35.1585],[-118.32512,35.16029],[-118.32731,35.1622],[-118.32975,35.16326],[-118.33124,35.16509],[-118.33369,35.16649],[-118.3346,35.16789],[-118.33551,35.17039],[-118.33571,35.17053],[-118.33582,35.17349],[-118.33584,35.17491],[-118.33244,35.17496],[-118.32975,35.17496],[-118.32759,35.17497],[-118.32394,35.17502],[-118.32366,35.17803],[-118.32344,35.17972],[-118.32315,35.18248],[-118.31982,35.18242],[-118.31459,35.18231],[-118.31054,35.18221],[-118.30823,35.18219],[-118.30333,35.18212],[-118.29428,35.18206],[-118.28924,35.18206],[-118.28713,35.18205],[-118.28712,35.18516],[-118.28709,35.1892],[-118.28388,35.19087],[-118.2809,35.19271],[-118.28064,35.19416],[-118.27825,35.19519],[-118.27654,35.19742],[-118.27266,35.19846],[-118.26972,35.1993],[-118.26878,35.20073],[-118.26668,35.20388],[-118.2632,35.20466],[-118.26052,35.20527],[-118.26,35.20636],[-118.25946,35.20866],[-118.25294,35.20949],[-118.24856,35.20753],[-118.24791,35.20706]]}},{"type":"Feature","properties":{"id":"300911","type":"AC; OVERHEAD","status":"IN SERVICE","owner":null,"voltage":345,"voltClass":"345"},"geometry":{"type":"LineString","coordinates":[[-113.71792,35.25082],[-113.7176,35.2523],[-113.71597,35.25372],[-113.71497,35.27117],[-113.71136,35.32768],[-113.72881,35.36642],[-113.75514,35.39878],[-113.77175,35.41925],[-113.8011,35.45553],[-113.82777,35.5306],[-113.83825,35.53911],[-114.03199,35.69778],[-114.0508,35.71316],[-114.08994,35.72436],[-114.2345,35.76525],[-114.4096,35.81539],[-114.48448,35.83654],[-114.4881,35.83761],[-114.49201,35.83811],[-114.55556,35.8375],[-114.56251,35.8374],[-114.57071,35.83728],[-114.58068,35.83787],[-114.59409,35.8392],[-114.60846,35.84103],[-114.62166,35.84321],[-114.62936,35.84447],[-114.63707,35.8458],[-114.64377,35.84693],[-114.64812,35.84616],[-114.65095,35.84557],[-114.65447,35.84489],[-114.65841,35.84251],[-114.66092,35.83975],[-114.66348,35.83703],[-114.66622,35.8353],[-114.67758,35.83142],[-114.68283,35.83005],[-114.68792,35.82945],[-114.69828,35.83053],[-114.70628,35.83467],[-114.71694,35.84455],[-114.72036,35.85586],[-114.73183,35.86789],[-114.74647,35.89336],[-114.80902,35.91962],[-114.8274,35.92768],[-114.83474,35.92781]]}},{"type":"Feature","properties":{"id":"300899","type":"AC; OVERHEAD","status":"IN SERVICE","owner":"PACIFIC GAS & ELECTRIC COMPANY","voltage":115,"voltClass":"100-161"},"geometry":{"type":"LineString","coordinates":[[-119.0305,35.50946],[-119.03057,35.50985],[-119.02998,35.50989],[-119.02941,35.50767],[-119.02913,35.50646],[-119.02886,35.5054],[-119.02888,35.50409],[-119.02893,35.50169],[-119.02895,35.50053],[-119.02887,35.49929]]}},{"type":"Feature","properties":{"id":"300938","type":"AC; OVERHEAD","status":"IN SERVICE","owner":"NEVADA POWER COMPANY","voltage":230,"voltClass":"220-287"},"geometry":{"type":"LineString","coordinates":[[-114.90397,36.42562],[-114.90602,36.42433],[-114.90517,36.42289],[-114.89902,36.41707],[-114.88613,36.40482],[-114.88396,36.40297],[-114.88187,36.40321],[-114.87521,36.41583],[-114.86165,36.4415],[-114.84895,36.46571],[-114.84194,36.47898],[-114.83059,36.47892],[-114.83035,36.48251]]}},{"type":"Feature","properties":{"id":"300944","type":"AC; OVERHEAD","status":"IN SERVICE","owner":"SIERRA PACIFIC POWER COMPANY","voltage":120,"voltClass":"100-161"},"geometry":{"type":"LineString","coordinates":[[-118.15571,38.53573],[-118.16394,38.55078],[-118.16513,38.55318],[-118.24545,38.55292],[-118.28991,38.55265],[-118.30742,38.5526],[-118.32173,38.5526],[-118.36709,38.55231],[-118.3955,38.55217],[-118.39892,38.55217],[-118.40639,38.55545],[-118.42448,38.56397],[-118.44618,38.57422],[-118.54493,38.62014],[-118.54604,38.62042]]}},{"type":"Feature","properties":{"id":"301037","type":"AC; OVERHEAD","status":"IN SERVICE","owner":"NEVADA POWER COMPANY","voltage":138,"voltClass":"100-161"},"geometry":{"type":"LineString","coordinates":[[-115.19742,36.20273],[-115.20559,36.20257],[-115.20611,36.1885],[-115.20656,36.18809],[-115.2152,36.18816],[-115.21524,36.18526],[-115.21571,36.18497]]}},{"type":"Feature","properties":{"id":"301044","type":"AC; OVERHEAD","status":"IN SERVICE","owner":"PACIFIC GAS & ELECTRIC COMPANY","voltage":115,"voltClass":"100-161"},"geometry":{"type":"LineString","coordinates":[[-119.63909,36.6108],[-119.63738,36.61168],[-119.63738,36.61199],[-119.63739,36.61258],[-119.63737,36.61309],[-119.63737,36.61368],[-119.63737,36.6144],[-119.63736,36.61507],[-119.63734,36.61606],[-119.63733,36.61669],[-119.63733,36.61733],[-119.63733,36.61793],[-119.63732,36.61854],[-119.63731,36.61915],[-119.6373,36.61974],[-119.6373,36.62022],[-119.63729,36.62085],[-119.63729,36.62143],[-119.63728,36.62203],[-119.63727,36.62263],[-119.63723,36.62382],[-119.63722,36.62506],[-119.63721,36.62566],[-119.6372,36.6263],[-119.6372,36.62691],[-119.63719,36.6275],[-119.63718,36.6281],[-119.63717,36.62869],[-119.63717,36.62899],[-119.63717,36.62932],[-119.63716,36.62991],[-119.63716,36.63058],[-119.63715,36.63115],[-119.63715,36.63176],[-119.63714,36.63236],[-119.63714,36.63297],[-119.63713,36.63362],[-119.63712,36.6343],[-119.63714,36.63497],[-119.63715,36.63559],[-119.63715,36.63618],[-119.63716,36.63678],[-119.63716,36.63735],[-119.63715,36.63795],[-119.63715,36.63857],[-119.63714,36.63921],[-119.63714,36.63983],[-119.63714,36.64047],[-119.63712,36.64104],[-119.63713,36.64165],[-119.63712,36.64226],[-119.63711,36.64292],[-119.6371,36.64371],[-119.6371,36.64454],[-119.63709,36.64523],[-119.63709,36.64579],[-119.63708,36.64644],[-119.63708,36.64702],[-119.63707,36.64763],[-119.63707,36.64818],[-119.63706,36.64885],[-119.63705,36.64943],[-119.63703,36.65005],[-119.63702,36.65074],[-119.63702,36.65144],[-119.63701,36.65212],[-119.63702,36.65285],[-119.637,36.65353],[-119.637,36.65421],[-119.63701,36.65489],[-119.637,36.65558],[-119.63699,36.65626],[-119.63698,36.65699],[-119.63698,36.65768],[-119.63697,36.65831],[-119.63696,36.659],[-119.63696,36.6597],[-119.63696,36.66039],[-119.63696,36.66082],[-119.63713,36.6616],[-119.63713,36.66245],[-119.63712,36.66329],[-119.63822,36.66329],[-119.63922,36.66329],[-119.63992,36.6633],[-119.64057,36.6633],[-119.64142,36.6633],[-119.64229,36.6633],[-119.64296,36.66331],[-119.64376,36.66331],[-119.64462,36.66332],[-119.64513,36.66332],[-119.64589,36.66333],[-119.6462,36.66333],[-119.64701,36.66335],[-119.64785,36.66335],[-119.6488,36.66335],[-119.64916,36.66332],[-119.64984,36.66332],[-119.65042,36.66332],[-119.65104,36.66332],[-119.65185,36.66332],[-119.65258,36.66332],[-119.65316,36.66333],[-119.65367,36.6634],[-119.6546,36.66354],[-119.65488,36.66356],[-119.65487,36.66429],[-119.65486,36.6649],[-119.65487,36.66561],[-119.65487,36.66631],[-119.65487,36.66704],[-119.65487,36.66771],[-119.65487,36.66844],[-119.65486,36.66897],[-119.65487,36.66979],[-119.65485,36.67034],[-119.65485,36.67089],[-119.65485,36.67155],[-119.65484,36.67218],[-119.65484,36.67278],[-119.65484,36.67331],[-119.65484,36.67367],[-119.65484,36.67438],[-119.65484,36.67529],[-119.65483,36.6762],[-119.65483,36.67707],[-119.65483,36.67794],[-119.65483,36.67854],[-119.65483,36.67921],[-119.65483,36.67983],[-119.65482,36.68051],[-119.65482,36.68118],[-119.65482,36.68174],[-119.65561,36.68173],[-119.65669,36.68173],[-119.65762,36.68178],[-119.65853,36.68179],[-119.65944,36.68178],[-119.66017,36.68178],[-119.66092,36.6818],[-119.66241,36.68183],[-119.6632,36.68184],[-119.66395,36.68185],[-119.66478,36.68185],[-119.6656,36.68186],[-119.66643,36.68186],[-119.66725,36.68186],[-119.66809,36.68186],[-119.66969,36.68186],[-119.67072,36.68186],[-119.67238,36.68186],[-119.67264,36.68208],[-119.67262,36.68291],[-119.67263,36.68372],[-119.67263,36.68455],[-119.67265,36.68539],[-119.67372,36.68541],[-119.67474,36.68542],[-119.67577,36.68542],[-119.67678,36.68542],[-119.6778,36.68542],[-119.67883,36.68543],[-119.67985,36.68543],[-119.68087,36.68543],[-119.68181,36.68542],[-119.6825,36.68541],[-119.68339,36.68542],[-119.68422,36.68541],[-119.68507,36.6854],[-119.68593,36.68539],[-119.68677,36.68539],[-119.68752,36.68539],[-119.68821,36.68539],[-119.68896,36.6854],[-119.68963,36.6854],[-119.69049,36.68541],[-119.69146,36.68541],[-119.69202,36.6854],[-119.69305,36.68541],[-119.69424,36.68541],[-119.69542,36.6854],[-119.69657,36.68549],[-119.6976,36.68558],[-119.69853,36.68557],[-119.69932,36.68556],[-119.70012,36.68557],[-119.70107,36.68558],[-119.70191,36.68558],[-119.70278,36.68559],[-119.70362,36.68559],[-119.70437,36.68558],[-119.705,36.6856],[-119.70555,36.6856],[-119.70635,36.68561],[-119.7072,36.6856],[-119.70806,36.68561],[-119.70884,36.6856],[-119.70977,36.68562],[-119.71047,36.68562],[-119.71133,36.68562],[-119.71216,36.68562],[-119.71276,36.68562],[-119.71336,36.68562],[-119.71442,36.68559],[-119.71642,36.68559],[-119.71729,36.6856],[-119.71783,36.68559],[-119.71806,36.68537],[-119.71804,36.68452],[-119.71815,36.68377],[-119.71886,36.68371],[-119.71972,36.68368],[-119.72057,36.68367],[-119.72141,36.68365],[-119.72235,36.68364],[-119.72311,36.68361],[-119.72398,36.68359],[-119.72482,36.68359],[-119.7257,36.68357],[-119.72671,36.68354],[-119.72675,36.68481],[-119.72676,36.6871],[-119.72674,36.68885],[-119.72675,36.69063],[-119.72677,36.69242],[-119.72649,36.69288],[-119.72654,36.69324]]}},{"type":"Feature","properties":{"id":"301052","type":"AC; OVERHEAD","status":"IN SERVICE","owner":"SIERRA PACIFIC POWER COMPANY","voltage":120,"voltClass":"100-161"},"geometry":{"type":"LineString","coordinates":[[-119.80648,39.52948],[-119.80442,39.52991],[-119.80438,39.52394],[-119.80475,39.52371],[-119.80473,39.52001],[-119.80497,39.51296],[-119.81707,39.51272],[-119.8171,39.50757],[-119.81707,39.50161],[-119.82232,39.50152],[-119.82647,39.49874],[-119.82895,39.49656],[-119.84012,39.48143],[-119.84138,39.4752],[-119.84244,39.47218],[-119.84352,39.46965],[-119.84424,39.46775],[-119.85147,39.47339],[-119.85488,39.47614],[-119.85707,39.47775],[-119.85732,39.47836]]}},{"type":"Feature","properties":{"id":"301056","type":"AC; OVERHEAD","status":"IN SERVICE","owner":"UNS ELECTRIC INCORPORATED","voltage":230,"voltClass":"220-287"},"geometry":{"type":"LineString","coordinates":[[-114.08625,35.13834],[-114.08472,35.13675],[-114.08068,35.13567],[-114.07395,35.13803],[-114.06912,35.13969],[-114.06302,35.14187],[-114.05074,35.14813],[-114.04679,35.14982],[-114.00488,35.1673],[-113.98101,35.17737],[-113.98025,35.17779]]}},{"type":"Feature","properties":{"id":"301108","type":"AC; OVERHEAD","status":"IN SERVICE","owner":"NEVADA POWER COMPANY","voltage":138,"voltClass":"100-161"},"geometry":{"type":"LineString","coordinates":[[-115.06131,36.2045],[-115.06234,36.20438],[-115.06238,36.20346],[-115.06253,36.20346],[-115.06649,36.20341],[-115.07151,36.20325],[-115.07401,36.20319],[-115.07657,36.20312],[-115.07919,36.20304],[-115.08401,36.20303],[-115.08892,36.20306],[-115.0914,36.20308],[-115.09599,36.20312],[-115.09955,36.20315],[-115.10196,36.20317],[-115.10434,36.20318],[-115.109,36.20315],[-115.11335,36.20306],[-115.11432,36.20308],[-115.11661,36.20302],[-115.11676,36.20262]]}},{"type":"Feature","properties":{"id":"301132","type":"AC; OVERHEAD","status":null,"owner":"NEVADA POWER COMPANY","voltage":230,"voltClass":"220-287"},"geometry":{"type":"LineString","coordinates":[[-115.35649,35.61977],[-115.35662,35.61496]]}},{"type":"Feature","properties":{"id":"301239","type":"AC; OVERHEAD","status":"IN SERVICE","owner":"SIERRA PACIFIC POWER COMPANY","voltage":120,"voltClass":"100-161"},"geometry":{"type":"LineString","coordinates":[[-119.1332,39.12817],[-119.13403,39.12822],[-119.1382,39.12933],[-119.1446,39.13116],[-119.15808,39.13497],[-119.16176,39.13548],[-119.17313,39.13822],[-119.18772,39.1418],[-119.19944,39.14466],[-119.21145,39.14773],[-119.22654,39.15138],[-119.24737,39.15664],[-119.32507,39.15231],[-119.3497,39.15156],[-119.41749,39.15938],[-119.52844,39.17226],[-119.58438,39.18926],[-119.61597,39.19887],[-119.62396,39.20123],[-119.63716,39.20385],[-119.64765,39.20592],[-119.68868,39.19169],[-119.69617,39.18889],[-119.69709,39.18889]]}},{"type":"Feature","properties":{"id":"301240","type":null,"status":"IN SERVICE","owner":"NEVADA POWER COMPANY","voltage":138,"voltClass":"100-161"},"geometry":{"type":"LineString","coordinates":[[-115.04354,36.16922],[-115.04348,36.16902],[-115.04279,36.16904],[-115.04277,36.16813],[-115.04275,36.1671],[-115.04275,36.164],[-115.04274,36.16042],[-115.04273,36.15961],[-115.04272,36.15632],[-115.04272,36.15217],[-115.04269,36.14477],[-115.04252,36.14436],[-115.04268,36.14296],[-115.04268,36.14205],[-115.0427,36.13833],[-115.04264,36.12733],[-115.04262,36.12323],[-115.04128,36.12238],[-115.03862,36.12073],[-115.03462,36.1182],[-115.0315,36.11621],[-115.02728,36.11356],[-115.02451,36.11177],[-115.02184,36.11005],[-115.0213,36.11023]]}},{"type":"Feature","properties":{"id":"301197","type":"AC; OVERHEAD","status":"IN SERVICE","owner":null,"voltage":500,"voltClass":"500"},"geometry":{"type":"LineString","coordinates":[[-115.013,35.80392],[-115.01598,35.80112],[-115.0178,35.79862],[-115.11385,35.74703],[-115.14144,35.7413],[-115.16011,35.73831],[-115.18027,35.73563],[-115.2868,35.68104],[-115.30658,35.67299],[-115.3497,35.6342],[-115.37789,35.62391],[-115.39395,35.62238],[-115.39859,35.62113],[-115.40634,35.61736],[-115.43633,35.6063],[-115.48756,35.59892],[-115.53691,35.59179],[-115.55436,35.59456],[-115.57268,35.59491],[-115.61569,35.59207],[-115.65551,35.57657],[-115.71178,35.55475],[-115.73008,35.54961],[-115.78758,35.53305],[-115.85367,35.51461],[-115.8865,35.50553],[-115.90139,35.50189],[-115.92173,35.48506],[-115.92671,35.48227],[-115.97082,35.45759],[-115.98202,35.44625],[-116.01226,35.4336],[-116.03719,35.42051],[-116.0831,35.39643],[-116.11149,35.38872],[-116.11626,35.3883],[-116.13737,35.383],[-116.14942,35.37071],[-116.16974,35.365],[-116.19391,35.35066],[-116.22598,35.33166],[-116.23066,35.3273],[-116.25085,35.3084],[-116.26838,35.28603],[-116.2969,35.26829],[-116.32731,35.25999],[-116.36856,35.24864],[-116.37683,35.23649],[-116.38903,35.21905],[-116.39741,35.20869],[-116.41285,35.18966],[-116.43145,35.17116],[-116.43858,35.1628],[-116.44743,35.15232],[-116.46521,35.13131],[-116.48809,35.11485],[-116.52844,35.07466],[-116.61313,35.01749],[-116.64974,34.9925],[-116.66809,34.98004],[-116.71171,34.95022],[-116.75683,34.91937],[-116.75896,34.9169],[-116.76236,34.91116],[-116.76394,34.90855],[-116.77466,34.89036],[-116.77998,34.88681],[-116.83025,34.85315],[-116.85551,34.84102],[-116.9081,34.81562],[-116.92689,34.80894],[-116.94379,34.80266],[-116.94749,34.80041],[-116.95527,34.79563],[-116.96586,34.78492],[-116.99121,34.76706],[-117.02271,34.74485],[-117.04324,34.73032],[-117.0654,34.72448],[-117.09461,34.71676],[-117.12059,34.71117],[-117.1375,34.70699],[-117.15377,34.68899],[-117.16889,34.68023],[-117.20261,34.66138],[-117.21397,34.6507],[-117.22323,34.64194],[-117.24088,34.62528],[-117.26684,34.60487],[-117.28881,34.58761],[-117.31259,34.56887],[-117.31865,34.56508],[-117.32216,34.56351]]}},{"type":"Feature","properties":{"id":"301263","type":"AC; OVERHEAD","status":"IN SERVICE","owner":"NEVADA POWER COMPANY","voltage":230,"voltClass":"220-287"},"geometry":{"type":"LineString","coordinates":[[-115.21346,36.00878],[-115.21244,36.00862],[-115.17583,36.03901],[-115.17205,36.03901],[-115.17216,36.05712],[-115.19053,36.05746],[-115.19007,36.08102],[-115.19006,36.08217],[-115.19005,36.08255],[-115.18898,36.08256],[-115.18788,36.08252],[-115.18678,36.0825],[-115.18573,36.08246],[-115.18463,36.08245],[-115.18328,36.08241],[-115.1833,36.08176],[-115.18293,36.08206]]}},{"type":"Feature","properties":{"id":"301206","type":"AC; OVERHEAD","status":"IN SERVICE","owner":null,"voltage":230,"voltClass":"220-287"},"geometry":{"type":"LineString","coordinates":[[-114.56594,35.1947],[-114.5671,35.1938],[-114.56783,35.1922],[-114.56651,35.19097],[-114.56488,35.18774],[-114.56265,35.18505],[-114.55875,35.18055],[-114.55551,35.17804],[-114.55378,35.17294],[-114.55087,35.16589],[-114.54303,35.14493],[-114.5343,35.1216],[-114.52842,35.1058],[-114.509,35.05444],[-114.49659,35.02175],[-114.48684,34.99578],[-114.4771,34.97006],[-114.4548,34.91053],[-114.45496,34.90896],[-114.45499,34.90821]]}},{"type":"Feature","properties":{"id":"309487","type":"AC; OVERHEAD","status":"IN SERVICE","owner":"SIERRA PACIFIC POWER COMPANY","voltage":120,"voltClass":"100-161"},"geometry":{"type":"LineString","coordinates":[[-117.17465,40.46069],[-117.17737,40.46082],[-117.2271,40.44101],[-117.27832,40.39407],[-117.34125,40.33667],[-117.3425,40.33548],[-117.42424,40.28872],[-117.43869,40.28039],[-117.44032,40.27857],[-117.44964,40.25713],[-117.45612,40.24321],[-117.46415,40.22204],[-117.47391,40.20157],[-117.47507,40.18184]]}},{"type":"Feature","properties":{"id":"309616","type":"AC; OVERHEAD","status":"IN SERVICE","owner":"SIERRA PACIFIC POWER COMPANY","voltage":120,"voltClass":"100-161"},"geometry":{"type":"LineString","coordinates":[[-117.18117,41.21664],[-117.24571,41.21524]]}},{"type":"Feature","properties":{"id":"309848","type":"AC; OVERHEAD","status":"IN SERVICE","owner":"AZUSA LIGHT & POWER","voltage":230,"voltClass":"220-287"},"geometry":{"type":"LineString","coordinates":[[-119.38851,37.14825],[-119.38279,37.15282],[-119.37524,37.15542],[-119.36656,37.15842],[-119.35545,37.1636],[-119.34883,37.16622],[-119.34128,37.17424],[-119.32945,37.18476],[-119.31168,37.19733],[-119.30693,37.20018]]}},{"type":"Feature","properties":{"id":"310032","type":"AC; OVERHEAD","status":"IN SERVICE","owner":"PACIFIC GAS & ELECTRIC COMPANY","voltage":115,"voltClass":"100-161"},"geometry":{"type":"LineString","coordinates":[[-119.64278,35.44122],[-119.64143,35.44125],[-119.64134,35.44125],[-119.64007,35.4412],[-119.63874,35.4412],[-119.63737,35.44121],[-119.63623,35.44122],[-119.63623,35.44215],[-119.63624,35.44325],[-119.63623,35.44441],[-119.63624,35.44544],[-119.63624,35.44658],[-119.63625,35.44767],[-119.6363,35.45574],[-119.63311,35.45576],[-119.63198,35.45624]]}},{"type":"Feature","properties":{"id":"310083","type":"AC; OVERHEAD","status":"IN SERVICE","owner":"NEVADA POWER COMPANY","voltage":138,"voltClass":"100-161"},"geometry":{"type":"LineString","coordinates":[[-115.08616,36.08513],[-115.08694,36.08546],[-115.09102,36.08547],[-115.10119,36.08613],[-115.10093,36.10959],[-115.11933,36.10929],[-115.11938,36.11108],[-115.13061,36.11117],[-115.13075,36.11444],[-115.13076,36.11445],[-115.12962,36.11447],[-115.12956,36.1151],[-115.1295,36.11589],[-115.12954,36.11624],[-115.13019,36.11617]]}},{"type":"Feature","properties":{"id":"310251","type":"AC; OVERHEAD","status":"IN SERVICE","owner":null,"voltage":345,"voltClass":"345"},"geometry":{"type":"LineString","coordinates":[[-116.42344,41.09467],[-116.4262,41.09359],[-116.47953,41.06343],[-116.51173,41.05622],[-116.55258,41.04642],[-116.59876,41.03449],[-116.6866,41.0116],[-116.72605,41.00149],[-116.74945,40.9953],[-116.81512,40.97815],[-116.84142,40.96364],[-116.85197,40.95789],[-116.88444,40.94594],[-116.94699,40.92707],[-116.97919,40.91926],[-117.00178,40.91319],[-117.12109,40.88036],[-117.13162,40.87753],[-117.14066,40.8775],[-117.1497,40.8775],[-117.15236,40.87856]]}},{"type":"Feature","properties":{"id":"310616","type":"AC; OVERHEAD","status":"IN SERVICE","owner":"PACIFIC GAS & ELECTRIC COMPANY","voltage":115,"voltClass":"100-161"},"geometry":{"type":"LineString","coordinates":[[-119.00732,35.41703],[-119.00776,35.41682],[-119.00946,35.41652],[-119.01193,35.41567]]}},{"type":"Feature","properties":{"id":"311183","type":"AC; OVERHEAD","status":"IN SERVICE","owner":"NEVADA POWER COMPANY","voltage":138,"voltClass":"100-161"},"geometry":{"type":"LineString","coordinates":[[-115.03901,36.14024],[-115.04057,36.14011],[-115.04208,36.1398],[-115.04738,36.14012],[-115.04728,36.14262],[-115.04858,36.14357]]}},{"type":"Feature","properties":{"id":"311314","type":"AC; OVERHEAD","status":"IN SERVICE","owner":"PACIFIC GAS & ELECTRIC COMPANY","voltage":115,"voltClass":"100-161"},"geometry":{"type":"LineString","coordinates":[[-119.52135,36.60753],[-119.52112,36.607],[-119.52109,36.60443],[-119.50938,36.6045],[-119.48034,36.60432],[-119.47756,36.6043],[-119.46788,36.60408],[-119.4656,36.60338],[-119.46507,36.6042],[-119.46406,36.60415],[-119.46278,36.60357],[-119.4611,36.60276],[-119.46036,36.60252],[-119.45849,36.60246],[-119.45768,36.603],[-119.45767,36.60402],[-119.45761,36.60432],[-119.43942,36.60426],[-119.43027,36.60424],[-119.39881,36.60402],[-119.39479,36.60401],[-119.37823,36.60379],[-119.3768,36.60387],[-119.37656,36.60452],[-119.37619,36.60454]]}},{"type":"Feature","properties":{"id":"311326","type":"AC; OVERHEAD","status":"IN SERVICE","owner":"SIERRA PACIFIC POWER COMPANY","voltage":120,"voltClass":"100-161"},"geometry":{"type":"LineString","coordinates":[[-119.80711,39.55414],[-119.80546,39.55455],[-119.80548,39.55824],[-119.80448,39.56113],[-119.80442,39.56426],[-119.79438,39.56453],[-119.78645,39.56459],[-119.77713,39.56476],[-119.76911,39.56484],[-119.76013,39.56504],[-119.74897,39.56574],[-119.74149,39.57096],[-119.7383,39.57107],[-119.73772,39.57161]]}},{"type":"Feature","properties":{"id":"312172","type":"AC; OVERHEAD","status":"IN SERVICE","owner":"PACIFIC GAS & ELECTRIC COMPANY","voltage":230,"voltClass":"220-287"},"geometry":{"type":"LineString","coordinates":[[-120.0599,35.38225],[-119.91705,35.37899]]}},{"type":"Feature","properties":{"id":"312336","type":"AC; OVERHEAD","status":"IN SERVICE","owner":"SIERRA PACIFIC POWER COMPANY","voltage":120,"voltClass":"100-161"},"geometry":{"type":"LineString","coordinates":[[-117.15236,40.87856],[-117.15389,40.87925],[-117.15926,40.87817],[-117.17098,40.87144],[-117.18487,40.86325],[-117.19945,40.85481],[-117.20613,40.85073],[-117.20823,40.8504],[-117.21779,40.84906],[-117.23041,40.84731],[-117.23041,40.8427],[-117.23032,40.837],[-117.23025,40.82925],[-117.26088,40.82879],[-117.27177,40.83542],[-117.34238,40.87858],[-117.36726,40.89377],[-117.40333,40.91584],[-117.41727,40.91915],[-117.56471,40.95174],[-117.63801,40.9651],[-117.64775,40.96692],[-117.66133,40.96936],[-117.66441,40.9699],[-117.67895,40.96362],[-117.68949,40.95273],[-117.69671,40.94527],[-117.7153,40.94525]]}},{"type":"Feature","properties":{"id":"313220","type":"AC; OVERHEAD","status":"IN SERVICE","owner":"NEVADA POWER COMPANY","voltage":138,"voltClass":"100-161"},"geometry":{"type":"LineString","coordinates":[[-115.17966,36.11058],[-115.18448,36.11056],[-115.18449,36.1092],[-115.18497,36.10875]]}},{"type":"Feature","properties":{"id":"306604","type":"AC; OVERHEAD","status":"IN SERVICE","owner":null,"voltage":500,"voltClass":"500"},"geometry":{"type":"LineString","coordinates":[[-117.43779,34.5514],[-117.43357,34.55548],[-117.43263,34.55638],[-117.34794,34.56299],[-117.34665,34.56518],[-117.34349,34.57665],[-117.31798,34.58693],[-117.29595,34.5946],[-117.27336,34.6025],[-117.24262,34.62666],[-117.20423,34.66286],[-117.17207,34.68081],[-117.15545,34.69042],[-117.13749,34.71035],[-117.13522,34.71161],[-117.09115,34.71977],[-117.04474,34.73206],[-116.96904,34.78538],[-116.95695,34.79713],[-116.94889,34.80275],[-116.9088,34.81765],[-116.83124,34.85503],[-116.77907,34.88997],[-116.76237,34.91812],[-116.61512,35.0187],[-116.57716,35.04447],[-116.53016,35.07619],[-116.48969,35.11633],[-116.46699,35.13264],[-116.44921,35.15364],[-116.4334,35.17238],[-116.41479,35.19085],[-116.40083,35.20808],[-116.39021,35.22119],[-116.36979,35.25057],[-116.29722,35.27057],[-116.27014,35.28754],[-116.25307,35.30934],[-116.22729,35.33349],[-116.17117,35.36665],[-116.15112,35.3724],[-116.13895,35.38467],[-116.11432,35.39111],[-116.10913,35.39146],[-116.08397,35.39777],[-116.05202,35.41433],[-116.01419,35.43435],[-115.98739,35.44585],[-115.97458,35.45721],[-115.9236,35.48551],[-115.90129,35.50402],[-115.88082,35.50841],[-115.8185,35.52606],[-115.78986,35.53417],[-115.71245,35.55603],[-115.67902,35.56908],[-115.61622,35.59348],[-115.57447,35.59622],[-115.5538,35.59598],[-115.5372,35.59336],[-115.49671,35.59928],[-115.43678,35.60802],[-115.41507,35.61592],[-115.39886,35.62239],[-115.39107,35.62384],[-115.37822,35.62531],[-115.37502,35.62653],[-115.35413,35.63593],[-115.34805,35.63871],[-115.34627,35.64011],[-115.34414,35.64419],[-115.32457,35.67798],[-115.31275,35.69841],[-115.28172,35.71059],[-115.2049,35.74903],[-115.18114,35.76131],[-115.17193,35.76226],[-115.16378,35.75826],[-115.15752,35.75717],[-115.15096,35.75382],[-115.14863,35.75361],[-115.13937,35.75924],[-115.13658,35.7596],[-115.10131,35.75976],[-115.09893,35.75974],[-115.09684,35.76053],[-115.07566,35.77194],[-115.06078,35.7809],[-115.03531,35.79827],[-115.02468,35.80558],[-115.01366,35.81621],[-115.01132,35.81923]]}},{"type":"Feature","properties":{"id":"300013","type":"AC; OVERHEAD","status":"IN SERVICE","owner":"AZUSA LIGHT & POWER","voltage":220,"voltClass":"220-287"},"geometry":{"type":"LineString","coordinates":[[-117.34823,35.02663],[-117.34814,35.03181],[-117.34323,35.03185],[-117.33767,35.03188],[-117.338,35.033]]}},{"type":"Feature","properties":{"id":"300028","type":"AC; OVERHEAD","status":"IN SERVICE","owner":"PACIFIC GAS & ELECTRIC COMPANY","voltage":115,"voltClass":"100-161"},"geometry":{"type":"LineString","coordinates":[[-119.11544,35.5708],[-119.1157,35.57001],[-119.11551,35.56975],[-119.1155,35.56898],[-119.11551,35.56763],[-119.11551,35.5663],[-119.11552,35.56499],[-119.11552,35.5637],[-119.11552,35.56237],[-119.11555,35.55918],[-119.11556,35.55863],[-119.11587,35.5585],[-119.12339,35.55625]]}},{"type":"Feature","properties":{"id":"300055","type":"AC; OVERHEAD","status":"IN SERVICE","owner":"PACIFIC GAS & ELECTRIC COMPANY","voltage":115,"voltClass":"100-161"},"geometry":{"type":"LineString","coordinates":[[-119.82803,36.79278],[-119.8279,36.79345],[-119.82851,36.79481],[-119.82916,36.79541],[-119.83277,36.79714],[-119.83504,36.79803],[-119.83678,36.79873],[-119.8437,36.80128],[-119.85397,36.80486],[-119.85917,36.80736],[-119.86609,36.81057],[-119.86814,36.81174],[-119.86937,36.81291],[-119.87322,36.81583],[-119.87636,36.81819],[-119.8795,36.82056],[-119.88264,36.82292],[-119.89519,36.83239],[-119.89833,36.83475],[-119.91031,36.84001],[-119.91344,36.8411],[-119.91653,36.84188],[-119.92033,36.8437],[-119.92112,36.84408],[-119.92218,36.84478]]}},{"type":"Feature","properties":{"id":"300100","type":"AC; OVERHEAD","status":"IN SERVICE","owner":"NEVADA POWER COMPANY","voltage":230,"voltClass":"220-287"},"geometry":{"type":"LineString","coordinates":[[-114.90397,36.42562],[-114.9065,36.42436],[-114.90552,36.42281],[-114.89905,36.41664],[-114.88415,36.40276],[-114.88176,36.403],[-114.87513,36.41559],[-114.86152,36.44144],[-114.84852,36.46596],[-114.84178,36.4787],[-114.83035,36.47869],[-114.83035,36.48251]]}},{"type":"Feature","properties":{"id":"300088","type":"AC; OVERHEAD","status":null,"owner":"NEVADA POWER COMPANY","voltage":138,"voltClass":"100-161"},"geometry":{"type":"LineString","coordinates":[[-115.036,36.1384],[-115.03901,36.14024]]}},{"type":"Feature","properties":{"id":"303439","type":"AC; OVERHEAD","status":"IN SERVICE","owner":"PACIFIC GAS & ELECTRIC COMPANY","voltage":115,"voltClass":"100-161"},"geometry":{"type":"LineString","coordinates":[[-119.45217,35.40387],[-119.44798,35.40379],[-119.44727,35.40453],[-119.44735,35.40011],[-119.44735,35.39925],[-119.44742,35.39718],[-119.44743,35.39663],[-119.44743,35.39626],[-119.44743,35.39592],[-119.44744,35.39229],[-119.44746,35.39011],[-119.44745,35.38806],[-119.44746,35.38618],[-119.44745,35.38429],[-119.44746,35.38242],[-119.44745,35.38053],[-119.44747,35.37676],[-119.44746,35.37494],[-119.44746,35.37308],[-119.44747,35.37129],[-119.44744,35.36966],[-119.44747,35.3676],[-119.44747,35.36577],[-119.44746,35.36392],[-119.44746,35.36206],[-119.44748,35.36026],[-119.44747,35.3585],[-119.44747,35.35665],[-119.44747,35.35473],[-119.44745,35.35097],[-119.44744,35.34911],[-119.44741,35.34772],[-119.4474,35.34548],[-119.44738,35.3437],[-119.44736,35.34191],[-119.44735,35.3401],[-119.44823,35.33826],[-119.44946,35.33614],[-119.45073,35.33385],[-119.45204,35.33154],[-119.45342,35.32901],[-119.45471,35.32667],[-119.456,35.32431],[-119.45757,35.32149],[-119.45909,35.31879],[-119.46046,35.31609],[-119.46129,35.31486],[-119.46214,35.31334],[-119.46311,35.31157],[-119.46504,35.30811],[-119.46592,35.3065],[-119.4667,35.30514],[-119.46804,35.30275],[-119.46866,35.30061],[-119.47065,35.29814],[-119.47232,35.29517],[-119.4728,35.29358],[-119.47322,35.29231],[-119.47357,35.29127],[-119.47309,35.2896],[-119.4727,35.28808],[-119.47234,35.28665],[-119.47121,35.28447],[-119.47019,35.28246],[-119.4699,35.28191],[-119.46952,35.28174],[-119.46999,35.28138]]}},{"type":"Feature","properties":{"id":"304708","type":"AC; OVERHEAD","status":"IN SERVICE","owner":"NEVADA POWER COMPANY","voltage":138,"voltClass":"100-161"},"geometry":{"type":"LineString","coordinates":[[-115.20829,36.32258],[-115.20734,36.32151],[-115.20726,36.31852],[-115.20737,36.30591],[-115.20708,36.29716],[-115.20666,36.277],[-115.20616,36.2763],[-115.20067,36.27615],[-115.19732,36.27595],[-115.18888,36.27578],[-115.18951,36.25302],[-115.19041,36.25287]]}},{"type":"Feature","properties":{"id":"304742","type":"AC; OVERHEAD","status":"IN SERVICE","owner":"NEVADA POWER COMPANY","voltage":230,"voltClass":"220-287"},"geometry":{"type":"LineString","coordinates":[[-115.00854,35.79732],[-115.00454,35.79669],[-114.99406,35.79334],[-114.99404,35.79167],[-114.99436,35.79001]]}},{"type":"Feature","properties":{"id":"305134","type":"AC; OVERHEAD","status":"IN SERVICE","owner":"VALLEY ELECTRIC ASSOCIATION COOPERATIVE","voltage":138,"voltClass":"100-161"},"geometry":{"type":"LineString","coordinates":[[-116.4001,36.53736],[-116.36598,36.67015]]}},{"type":"Feature","properties":{"id":"305468","type":"AC; OVERHEAD","status":"IN SERVICE","owner":null,"voltage":500,"voltClass":"500"},"geometry":{"type":"LineString","coordinates":[[-114.96711,36.38798],[-114.9724,36.38867]]}},{"type":"Feature","properties":{"id":"305771","type":"AC; OVERHEAD","status":"IN SERVICE","owner":"AZUSA LIGHT & POWER","voltage":115,"voltClass":"100-161"},"geometry":{"type":"LineString","coordinates":[[-117.5659,35.01484],[-117.56576,35.0155]]}},{"type":"Feature","properties":{"id":"306327","type":"AC; OVERHEAD","status":"IN SERVICE","owner":"NEVADA POWER COMPANY","voltage":230,"voltClass":"220-287"},"geometry":{"type":"LineString","coordinates":[[-114.99863,36.03789],[-115.00101,36.03877],[-115.00329,36.03845],[-115.01237,36.03892],[-115.01746,36.03872],[-115.0199,36.03801],[-115.02166,36.04091],[-115.02307,36.04527],[-115.02357,36.04701],[-115.02426,36.04903],[-115.02511,36.05077],[-115.02873,36.05769],[-115.03626,36.07024],[-115.05021,36.07857],[-115.04998,36.08533],[-115.04943,36.08641]]}},{"type":"Feature","properties":{"id":"306413","type":"AC; OVERHEAD","status":"IN SERVICE","owner":"NEVADA POWER COMPANY","voltage":138,"voltClass":"100-161"},"geometry":{"type":"LineString","coordinates":[[-115.13019,36.11617],[-115.1307,36.11632],[-115.13172,36.11632],[-115.13182,36.11504],[-115.13702,36.115],[-115.13806,36.11521],[-115.14174,36.11528],[-115.1431,36.11507]]}},{"type":"Feature","properties":{"id":"306968","type":"AC; OVERHEAD","status":"IN SERVICE","owner":"PACIFIC GAS & ELECTRIC COMPANY","voltage":115,"voltClass":"100-161"},"geometry":{"type":"LineString","coordinates":[[-119.4526,36.61536],[-119.45213,36.61522],[-119.45116,36.61522],[-119.4413,36.6151],[-119.439,36.61509],[-119.42938,36.61504],[-119.40449,36.61495],[-119.39833,36.6149],[-119.39227,36.61482],[-119.38584,36.60952],[-119.38411,36.60881],[-119.38239,36.60814],[-119.3807,36.60746],[-119.37913,36.60683],[-119.3781,36.60624],[-119.37619,36.60454]]}},{"type":"Feature","properties":{"id":"307048","type":"AC; OVERHEAD","status":"IN SERVICE","owner":"NEVADA POWER COMPANY","voltage":230,"voltClass":"220-287"},"geometry":{"type":"LineString","coordinates":[[-115.03128,36.03559],[-115.02956,36.03456],[-115.02963,36.02698],[-115.02204,36.02692],[-115.01317,36.02257],[-115.00584,36.0189],[-115.0017,36.01518],[-115.00034,36.01412],[-115.00061,36.01025],[-114.99697,36.00122],[-114.99474,35.99575],[-114.99483,35.99361],[-114.99991,35.98178],[-115.00001,35.98028],[-114.9765,35.97899],[-114.97643,35.98631],[-114.97569,35.98632],[-114.97585,35.98668]]}},{"type":"Feature","properties":{"id":"307371","type":"AC; OVERHEAD","status":"IN SERVICE","owner":"NEVADA POWER COMPANY","voltage":138,"voltClass":"100-161"},"geometry":{"type":"LineString","coordinates":[[-115.08529,36.02307],[-115.08605,36.02331],[-115.08787,36.02315],[-115.08959,36.02291],[-115.09137,36.02289],[-115.09312,36.02283],[-115.0951,36.02284],[-115.09717,36.02271],[-115.09851,36.02233],[-115.10015,36.02166],[-115.10036,36.01865],[-115.10047,36.01736],[-115.10067,36.01619],[-115.10339,36.01426],[-115.10626,36.01219],[-115.11183,36.00824],[-115.12009,36.00228],[-115.1281,36.00233],[-115.1291,36.00256]]}},{"type":"Feature","properties":{"id":"307532","type":"AC; OVERHEAD","status":"IN SERVICE","owner":"NEVADA POWER COMPANY","voltage":138,"voltClass":"100-161"},"geometry":{"type":"LineString","coordinates":[[-115.27627,36.11545],[-115.2768,36.11468],[-115.28605,36.1147],[-115.30145,36.11475],[-115.31495,36.11506],[-115.31511,36.1117],[-115.31512,36.11112],[-115.31513,36.11059],[-115.31439,36.11057],[-115.31436,36.11015]]}},{"type":"Feature","properties":{"id":"307990","type":"AC; OVERHEAD","status":"IN SERVICE","owner":null,"voltage":230,"voltClass":"220-287"},"geometry":{"type":"LineString","coordinates":[[-114.83035,36.48251],[-114.83944,36.48332],[-114.8276,36.50661],[-114.81899,36.51343],[-114.81868,36.51373],[-114.80444,36.52538],[-114.68312,36.62134],[-114.6665,36.63424],[-114.6652,36.63583],[-114.66365,36.63774],[-114.65242,36.64618],[-114.65027,36.64887],[-114.6367,36.65979],[-114.63296,36.66257],[-114.62102,36.66648],[-114.61378,36.67564],[-114.60964,36.68043],[-114.60785,36.68123]]}},{"type":"Feature","properties":{"id":"308344","type":"AC; OVERHEAD","status":"IN SERVICE","owner":null,"voltage":230,"voltClass":"220-287"},"geometry":{"type":"LineString","coordinates":[[-119.32891,37.20977],[-119.36536,37.19278],[-119.38847,37.15776],[-119.38851,37.14825]]}},{"type":"Feature","properties":{"id":"308465","type":"AC; OVERHEAD","status":"IN SERVICE","owner":"PACIFIC GAS & ELECTRIC COMPANY","voltage":230,"voltClass":"220-287"},"geometry":{"type":"LineString","coordinates":[[-119.02086,36.92736],[-119.0231,36.92747],[-119.02929,36.92364],[-119.03569,36.91964],[-119.0383,36.91773],[-119.04233,36.91424],[-119.04512,36.9118],[-119.05533,36.90674],[-119.05783,36.90552],[-119.06202,36.90376],[-119.06464,36.90477],[-119.07348,36.9081],[-119.08281,36.91159],[-119.08398,36.91114],[-119.08822,36.90878]]}},{"type":"Feature","properties":{"id":"303673","type":"AC; OVERHEAD","status":"IN SERVICE","owner":"PACIFIC GAS & ELECTRIC COMPANY","voltage":115,"voltClass":"100-161"},"geometry":{"type":"LineString","coordinates":[[-119.55261,37.09223],[-119.55762,37.09127],[-119.5635,37.09099],[-119.59452,37.08956],[-119.60188,37.08995],[-119.60688,37.09028],[-119.61133,37.09118],[-119.61751,37.09288],[-119.67735,37.09584],[-119.68014,37.09672],[-119.68252,37.0972],[-119.68852,37.0971],[-119.69799,37.09748],[-119.70546,37.09744],[-119.73252,37.09726],[-119.76806,37.09709],[-119.79275,37.09689],[-119.8262,37.0966],[-119.82921,37.09768],[-119.83912,37.09758],[-119.86208,37.09758],[-119.8743,37.09756],[-119.94503,37.09739],[-119.9562,37.09744],[-120.02036,37.09774],[-120.02053,37.12655],[-120.0672,37.12669],[-120.14122,37.12689],[-120.14717,37.12691]]}},{"type":"Feature","properties":{"id":"303691","type":"AC; OVERHEAD","status":"IN SERVICE","owner":null,"voltage":230,"voltClass":"220-287"},"geometry":{"type":"LineString","coordinates":[[-114.56594,35.1947],[-114.56764,35.19417],[-114.56852,35.19217],[-114.56696,35.1908],[-114.56639,35.18953],[-114.56555,35.18797],[-114.56389,35.18489],[-114.56197,35.18399],[-114.56025,35.18191],[-114.5589,35.18043],[-114.55569,35.17789],[-114.55389,35.17246],[-114.55074,35.16431],[-114.54059,35.13686],[-114.53188,35.11385],[-114.52938,35.10715],[-114.53445,35.09883],[-114.5526,35.09866],[-114.56139,35.0987],[-114.56143,35.09656]]}},{"type":"Feature","properties":{"id":"303769","type":"AC; OVERHEAD","status":"IN SERVICE","owner":"VALLEY ELECTRIC ASSOCIATION COOPERATIVE","voltage":138,"voltClass":"100-161"},"geometry":{"type":"LineString","coordinates":[[-115.90037,36.16132],[-115.87221,36.13689],[-115.72349,36.04689],[-115.6618,36.00925],[-115.63111,36.00875]]}},{"type":"Feature","properties":{"id":"303771","type":"AC; OVERHEAD","status":"IN SERVICE","owner":"PACIFIC GAS & ELECTRIC COMPANY","voltage":230,"voltClass":"220-287"},"geometry":{"type":"LineString","coordinates":[[-119.917,36.8533],[-119.9845,36.92215]]}},{"type":"Feature","properties":{"id":"303756","type":"AC; OVERHEAD","status":"IN SERVICE","owner":"NEVADA POWER COMPANY","voltage":500,"voltClass":"500"},"geometry":{"type":"LineString","coordinates":[[-114.92161,36.38188],[-114.9197,36.37943],[-114.8924,36.39253],[-114.88769,36.40173],[-114.88836,36.40294],[-114.90513,36.41905],[-114.91255,36.4262],[-114.91121,36.42703],[-114.90867,36.42904]]}},{"type":"Feature","properties":{"id":"303763","type":"AC; OVERHEAD","status":"IN SERVICE","owner":"NEVADA POWER COMPANY","voltage":230,"voltClass":"220-287"},"geometry":{"type":"LineString","coordinates":[[-115.00854,35.79732],[-115.00455,35.79696],[-114.99276,35.79313],[-114.98215,35.79313],[-114.98213,35.79713]]}},{"type":"Feature","properties":{"id":"303773","type":"AC; OVERHEAD","status":"IN SERVICE","owner":"PACIFIC GAS & ELECTRIC COMPANY","voltage":230,"voltClass":"220-287"},"geometry":{"type":"LineString","coordinates":[[-119.00444,35.02961],[-119.00334,35.02904],[-119.00398,35.02656],[-119.004,35.02648],[-119.00412,35.02659],[-119.00739,35.02803],[-119.0115,35.02988],[-119.01422,35.03052],[-119.01834,35.03147],[-119.02106,35.03212],[-119.02397,35.03197],[-119.02741,35.0318],[-119.03175,35.03158],[-119.03505,35.03142],[-119.0391,35.03122],[-119.04188,35.03108],[-119.04593,35.0313],[-119.04633,35.03132],[-119.04678,35.03134],[-119.04882,35.03143],[-119.0525,35.03162],[-119.05676,35.03182],[-119.06097,35.03202],[-119.06501,35.03223],[-119.06534,35.03224],[-119.06972,35.03243],[-119.07411,35.03266],[-119.0785,35.03287],[-119.08289,35.03308],[-119.08725,35.03328],[-119.09162,35.03347],[-119.09604,35.03369],[-119.10017,35.03391],[-119.10395,35.03385],[-119.10762,35.03385],[-119.11071,35.03381],[-119.11447,35.03378],[-119.11856,35.03373],[-119.12306,35.03371],[-119.12749,35.03364],[-119.132,35.0336],[-119.13652,35.03357],[-119.14107,35.03352],[-119.14555,35.03348],[-119.14997,35.03343],[-119.15428,35.0334],[-119.15872,35.03338],[-119.16309,35.03335],[-119.16748,35.03332],[-119.17192,35.0333],[-119.1765,35.03327],[-119.18122,35.03326],[-119.18569,35.03324],[-119.18966,35.03322],[-119.19418,35.03318],[-119.19853,35.03316],[-119.20302,35.03311],[-119.2073,35.03306],[-119.21166,35.033],[-119.21583,35.03295],[-119.21992,35.0329],[-119.22401,35.03284],[-119.2282,35.03282],[-119.23261,35.03279],[-119.23714,35.03273],[-119.24181,35.03269],[-119.24681,35.03263],[-119.25098,35.03259],[-119.25282,35.0344],[-119.25493,35.03645],[-119.25723,35.03872],[-119.25998,35.04141],[-119.26291,35.04429],[-119.26582,35.04714],[-119.26874,35.04999],[-119.27164,35.05284],[-119.27458,35.05573],[-119.2775,35.05859],[-119.28035,35.06136],[-119.28312,35.06407],[-119.2856,35.0665],[-119.2881,35.06894],[-119.29058,35.07137],[-119.29306,35.0738],[-119.29622,35.0769],[-119.29625,35.08047],[-119.29628,35.08426],[-119.2963,35.08748],[-119.29634,35.0907],[-119.29628,35.09396],[-119.29628,35.09412],[-119.29621,35.09766],[-119.29618,35.10092],[-119.29611,35.10447],[-119.29605,35.10782],[-119.29606,35.11098],[-119.29609,35.11436],[-119.29613,35.11771],[-119.29617,35.12077],[-119.29811,35.1231],[-119.30102,35.12655],[-119.30393,35.13002],[-119.30624,35.13281],[-119.30854,35.13558],[-119.31085,35.13834],[-119.3134,35.14132],[-119.31589,35.14431],[-119.31838,35.14728],[-119.32085,35.15024],[-119.32336,35.15317],[-119.3259,35.15609],[-119.32843,35.15901],[-119.33039,35.16125],[-119.33091,35.16184],[-119.33111,35.16207],[-119.33346,35.16477],[-119.33612,35.16782],[-119.3387,35.1708],[-119.34136,35.17388],[-119.34505,35.17571],[-119.34815,35.17724],[-119.35287,35.17958],[-119.35596,35.18239],[-119.35853,35.18472],[-119.35987,35.18783],[-119.3612,35.19098],[-119.35974,35.19449],[-119.35823,35.19812],[-119.35811,35.20129],[-119.35798,35.20444],[-119.35785,35.20784],[-119.35773,35.21115],[-119.35759,35.21451],[-119.35746,35.21814],[-119.35731,35.22173],[-119.35719,35.22477],[-119.35421,35.22661],[-119.35048,35.22893],[-119.34688,35.23117],[-119.34412,35.23372],[-119.34188,35.23579],[-119.34016,35.23741],[-119.33757,35.23986],[-119.3347,35.24257],[-119.33204,35.24499],[-119.32992,35.24696],[-119.32745,35.24932],[-119.32493,35.25161],[-119.32329,35.25314],[-119.32328,35.25492],[-119.32329,35.25727],[-119.32329,35.25903],[-119.32328,35.26262],[-119.32327,35.26641],[-119.32327,35.26864],[-119.32466,35.27144],[-119.32621,35.27461],[-119.32782,35.27791],[-119.32981,35.28076],[-119.33208,35.284],[-119.33396,35.28742],[-119.33554,35.29038],[-119.33729,35.29362],[-119.33903,35.2968],[-119.34066,35.29989],[-119.34067,35.30332],[-119.34068,35.30695],[-119.34065,35.31072],[-119.34067,35.31446],[-119.34066,35.31814],[-119.34067,35.3219],[-119.34067,35.32565],[-119.34068,35.32939],[-119.34067,35.33321],[-119.3407,35.33693],[-119.3407,35.3407],[-119.34072,35.34413],[-119.3407,35.34597],[-119.3407,35.34638],[-119.34069,35.34689],[-119.34255,35.34785],[-119.34575,35.3495],[-119.34902,35.35122],[-119.35229,35.35292],[-119.35567,35.35468],[-119.35939,35.35666],[-119.36294,35.35852],[-119.36629,35.36028],[-119.36958,35.36198],[-119.37299,35.36377],[-119.37641,35.36554],[-119.37983,35.36738],[-119.38325,35.36913],[-119.38637,35.37075],[-119.38985,35.37256],[-119.39341,35.37447],[-119.39732,35.37641],[-119.40106,35.37842],[-119.40486,35.38039],[-119.40859,35.38237],[-119.4124,35.38435],[-119.41322,35.38734],[-119.41329,35.38759],[-119.41592,35.38886],[-119.4184,35.39002],[-119.42101,35.39129],[-119.42368,35.39258],[-119.42642,35.39391],[-119.42905,35.39519],[-119.43157,35.39636],[-119.43421,35.39764],[-119.43755,35.39926],[-119.44069,35.40074],[-119.44406,35.40075],[-119.44796,35.40074],[-119.45007,35.40071],[-119.45025,35.4007],[-119.45052,35.4007],[-119.45068,35.4007],[-119.45135,35.40071],[-119.4515,35.40071],[-119.45213,35.40071],[-119.45215,35.4024],[-119.45198,35.40293],[-119.45217,35.40387]]}},{"type":"Feature","properties":{"id":"303801","type":"AC; OVERHEAD","status":"IN SERVICE","owner":"SIERRA PACIFIC POWER COMPANY","voltage":120,"voltClass":"100-161"},"geometry":{"type":"LineString","coordinates":[[-117.3374,37.82403],[-117.33806,37.82328],[-117.35728,37.77678],[-117.62913,37.74792],[-117.62886,37.75198],[-117.63234,37.75433]]}},{"type":"Feature","properties":{"id":"303805","type":"AC; OVERHEAD","status":"IN SERVICE","owner":"PACIFIC GAS & ELECTRIC COMPANY","voltage":115,"voltClass":"100-161"},"geometry":{"type":"LineString","coordinates":[[-119.72654,36.69324],[-119.7259,36.69304],[-119.72583,36.69244],[-119.72242,36.69248],[-119.7224,36.68919],[-119.7224,36.68914],[-119.72238,36.68853],[-119.72236,36.68754],[-119.72204,36.68754]]}},{"type":"Feature","properties":{"id":"303799","type":"AC; OVERHEAD","status":"IN SERVICE","owner":"PACIFIC GAS & ELECTRIC COMPANY","voltage":230,"voltClass":"220-287"},"geometry":{"type":"LineString","coordinates":[[-119.91348,35.7756],[-119.9117,35.77554],[-119.89735,35.78204],[-119.87124,35.79268],[-119.80717,35.83527],[-119.78554,35.8105],[-119.75994,35.77946],[-119.743,35.7586],[-119.7242,35.73147],[-119.71671,35.72114],[-119.7027,35.70611],[-119.68851,35.69052],[-119.67324,35.67331],[-119.65015,35.645],[-119.62868,35.61863],[-119.59874,35.58183],[-119.59244,35.57393],[-119.5379,35.50699],[-119.5332,35.5018],[-119.52385,35.48937],[-119.48523,35.44194],[-119.47911,35.43439],[-119.46689,35.4192],[-119.4569,35.40692],[-119.45217,35.40387]]}},{"type":"Feature","properties":{"id":"303837","type":"AC; OVERHEAD","status":"IN SERVICE","owner":"NEVADA POWER COMPANY","voltage":138,"voltClass":"100-161"},"geometry":{"type":"LineString","coordinates":[[-115.18578,36.27561],[-115.186,36.27593],[-115.18858,36.27578],[-115.18923,36.25284],[-115.19041,36.25287]]}},{"type":"Feature","properties":{"id":"303897","type":"AC; OVERHEAD","status":"IN SERVICE","owner":"PACIFIC GAS & ELECTRIC COMPANY","voltage":115,"voltClass":"100-161"},"geometry":{"type":"LineString","coordinates":[[-119.01312,35.42656],[-119.01294,35.42657],[-119.01217,35.42657],[-119.0111,35.42657],[-119.00987,35.42658],[-119.00879,35.42688],[-119.0077,35.42689],[-119.00665,35.4269],[-119.00562,35.4269],[-119.00457,35.4269],[-119.00357,35.42691],[-119.00257,35.42697],[-119.00029,35.42696],[-118.99898,35.42692],[-118.99778,35.42692],[-118.9966,35.42692],[-118.99541,35.42692],[-118.99302,35.42693],[-118.99084,35.42695],[-118.98865,35.42696],[-118.98755,35.42695],[-118.98648,35.42696],[-118.98549,35.42695],[-118.98464,35.42696],[-118.98374,35.42697],[-118.98292,35.42697],[-118.98203,35.42697],[-118.97938,35.42702],[-118.97748,35.42794]]}},{"type":"Feature","properties":{"id":"303919","type":"AC; OVERHEAD","status":"IN SERVICE","owner":"NEVADA POWER COMPANY","voltage":230,"voltClass":"220-287"},"geometry":{"type":"LineString","coordinates":[[-114.90397,36.42562],[-114.90692,36.42438],[-114.90738,36.42392],[-114.90422,36.42091],[-114.88507,36.40269],[-114.88513,36.40192],[-114.88647,36.39948],[-114.89078,36.39127],[-114.89519,36.38911],[-114.92279,36.37606],[-114.94435,36.32499],[-114.95885,36.31828],[-114.96122,36.31714],[-114.96736,36.31568],[-114.97398,36.31405],[-114.98388,36.31162],[-114.99911,36.3081],[-115.01105,36.30528],[-115.02043,36.303],[-115.02979,36.30041],[-115.04675,36.29436],[-115.06126,36.28931],[-115.07634,36.28392],[-115.08904,36.27948],[-115.09161,36.27857],[-115.09388,36.27772],[-115.09578,36.27624],[-115.09636,36.27466]]}},{"type":"Feature","properties":{"id":"303920","type":"AC; OVERHEAD","status":"IN SERVICE","owner":null,"voltage":230,"voltClass":"220-287"},"geometry":{"type":"LineString","coordinates":[[-114.74302,36.01836],[-114.74819,36.01469],[-114.75061,36.0127],[-114.75389,36.01114],[-114.76022,36.00878],[-114.78338,36.00016],[-114.79049,35.98301],[-114.7969,35.97008],[-114.81239,35.93899],[-114.81612,35.9315],[-114.82081,35.92215],[-114.83474,35.92781]]}},{"type":"Feature","properties":{"id":"303993","type":"AC; OVERHEAD","status":"IN SERVICE","owner":"PACIFIC GAS & ELECTRIC COMPANY","voltage":115,"voltClass":"100-161"},"geometry":{"type":"LineString","coordinates":[[-119.58532,35.19515],[-119.58694,35.19387],[-119.59034,35.19609],[-119.59757,35.20073],[-119.60489,35.20534],[-119.61146,35.20945],[-119.61151,35.20948],[-119.61269,35.21046],[-119.61939,35.21468],[-119.62076,35.21802],[-119.62329,35.2246],[-119.62499,35.22471],[-119.62484,35.22704],[-119.62492,35.22984],[-119.62578,35.23215],[-119.62631,35.23357],[-119.62741,35.23732],[-119.62791,35.23874],[-119.62475,35.23873],[-119.62474,35.24111],[-119.62455,35.2424]]}},{"type":"Feature","properties":{"id":"303995","type":"AC; OVERHEAD","status":"IN SERVICE","owner":"SIERRA PACIFIC POWER COMPANY","voltage":120,"voltClass":"100-161"},"geometry":{"type":"LineString","coordinates":[[-119.1332,39.12817],[-119.13475,39.12848],[-119.13822,39.12941],[-119.1453,39.13149],[-119.15796,39.13509],[-119.1619,39.13565],[-119.17324,39.13841],[-119.18772,39.14193],[-119.19752,39.14436],[-119.21132,39.14778],[-119.22648,39.1515],[-119.22966,39.15211],[-119.23178,39.15263],[-119.23598,39.15365],[-119.23765,39.14986],[-119.2627,39.09001],[-119.2846,39.09668],[-119.32499,39.08693],[-119.34235,39.08595],[-119.41459,39.08281],[-119.52024,39.07891],[-119.56258,39.05263],[-119.64444,39.00219],[-119.68631,38.97595],[-119.6909,38.97591],[-119.6991,38.97595],[-119.70466,38.97602],[-119.7054,38.97507],[-119.7095,38.96359],[-119.7102,38.96347]]}},{"type":"Feature","properties":{"id":"304026","type":"AC; OVERHEAD","status":"IN SERVICE","owner":"AZUSA LIGHT & POWER","voltage":220,"voltClass":"220-287"},"geometry":{"type":"LineString","coordinates":[[-118.2924,35.03859],[-118.28938,35.03863],[-118.28659,35.03866],[-118.28373,35.03869],[-118.28125,35.03873],[-118.27964,35.04062],[-118.278,35.04256],[-118.27688,35.04389],[-118.27626,35.04472]]}},{"type":"Feature","properties":{"id":"304030","type":"AC; OVERHEAD","status":"IN SERVICE","owner":"PACIFIC GAS & ELECTRIC COMPANY","voltage":115,"voltClass":"100-161"},"geometry":{"type":"LineString","coordinates":[[-119.72654,36.69324],[-119.72691,36.69374],[-119.72724,36.69399],[-119.72727,36.69459],[-119.72729,36.69636],[-119.72729,36.69788],[-119.7273,36.69952],[-119.7273,36.70016],[-119.72715,36.70016],[-119.72633,36.7002],[-119.72516,36.70024],[-119.72404,36.70028],[-119.72294,36.70032],[-119.72179,36.70036],[-119.72073,36.70041],[-119.71955,36.70047],[-119.71861,36.7005],[-119.71796,36.70099],[-119.71736,36.70098],[-119.71636,36.70098],[-119.71522,36.70097],[-119.71414,36.70096],[-119.71312,36.70096],[-119.71231,36.70081],[-119.71134,36.70064],[-119.71048,36.70053],[-119.70922,36.70051],[-119.70837,36.7005],[-119.70744,36.7005],[-119.70666,36.7005],[-119.7055,36.70048],[-119.70425,36.70049],[-119.70319,36.70048],[-119.70194,36.70047],[-119.7004,36.70047],[-119.70007,36.70045],[-119.699,36.70045],[-119.69815,36.70045],[-119.69729,36.70045],[-119.69657,36.70044],[-119.69543,36.70046],[-119.69433,36.70044],[-119.6932,36.70044],[-119.69211,36.70043],[-119.69098,36.70042],[-119.691,36.70122],[-119.69101,36.70182],[-119.69102,36.70252],[-119.69104,36.7032],[-119.69104,36.70389],[-119.69105,36.70455],[-119.69105,36.70523],[-119.69106,36.70603],[-119.69107,36.70682],[-119.69108,36.70763],[-119.69108,36.70772],[-119.69108,36.70839],[-119.69108,36.70899],[-119.69109,36.70929],[-119.69108,36.70992],[-119.69109,36.71024],[-119.69109,36.71068],[-119.69109,36.71152],[-119.69109,36.71234],[-119.69109,36.71314],[-119.6911,36.71356],[-119.6911,36.71436],[-119.68991,36.71437],[-119.6887,36.71437],[-119.68751,36.71436],[-119.68631,36.71436],[-119.68511,36.71436],[-119.68198,36.71434],[-119.681,36.71434],[-119.67992,36.71434],[-119.67886,36.71435],[-119.67761,36.71435],[-119.67761,36.71482],[-119.67761,36.71508],[-119.67762,36.71594],[-119.67762,36.71679],[-119.67763,36.71771],[-119.67764,36.7186],[-119.67765,36.71946],[-119.67766,36.72037],[-119.67766,36.72127],[-119.67767,36.72203],[-119.6776,36.72226],[-119.67646,36.72226],[-119.67536,36.72227],[-119.67423,36.72227],[-119.67301,36.72227],[-119.67193,36.72226],[-119.67044,36.72228],[-119.66972,36.72226],[-119.66862,36.72228],[-119.66744,36.72227],[-119.66567,36.72229],[-119.6648,36.72229],[-119.66403,36.7223],[-119.66329,36.72229],[-119.66252,36.72228],[-119.66159,36.72227],[-119.66067,36.72227],[-119.65947,36.72224],[-119.65836,36.72224],[-119.65726,36.72223],[-119.65618,36.72223],[-119.65508,36.72222],[-119.65389,36.72221],[-119.65283,36.72221],[-119.65162,36.72219],[-119.65042,36.72221],[-119.64933,36.7222],[-119.64819,36.72219],[-119.64707,36.72219],[-119.64586,36.72219],[-119.64491,36.72218],[-119.64434,36.72217],[-119.64399,36.72216],[-119.6432,36.72175],[-119.6423,36.72129],[-119.64136,36.72082],[-119.64048,36.72037],[-119.63964,36.71996],[-119.63875,36.7195],[-119.63789,36.7191],[-119.63716,36.71871],[-119.63604,36.71816],[-119.63505,36.71766],[-119.63407,36.71716],[-119.63309,36.71666],[-119.63221,36.71622],[-119.63122,36.71573],[-119.63028,36.71526],[-119.62935,36.71479],[-119.6284,36.71431],[-119.6278,36.71402],[-119.62768,36.71396],[-119.62671,36.71348],[-119.62572,36.71298],[-119.62481,36.71251],[-119.62384,36.71202],[-119.62291,36.71156],[-119.62196,36.71107],[-119.62057,36.71037],[-119.62007,36.71012],[-119.61907,36.70963],[-119.61827,36.70921],[-119.61739,36.70878],[-119.61646,36.7083],[-119.61558,36.70786],[-119.61471,36.70743],[-119.61391,36.70739],[-119.6129,36.70733],[-119.61176,36.70726],[-119.61075,36.7073]]}},{"type":"Feature","properties":{"id":"304053","type":"AC; OVERHEAD","status":"IN SERVICE","owner":"PACIFIC GAS & ELECTRIC COMPANY","voltage":115,"voltClass":"100-161"},"geometry":{"type":"LineString","coordinates":[[-119.75451,36.70059],[-119.75452,36.70038],[-119.75379,36.70014],[-119.75353,36.70008],[-119.7517,36.70007],[-119.7473,36.69995],[-119.74554,36.69995],[-119.74552,36.69941],[-119.74555,36.69813],[-119.74554,36.69616],[-119.74017,36.69613],[-119.73804,36.69614],[-119.73665,36.69611]]}},{"type":"Feature","properties":{"id":"304056","type":"AC; OVERHEAD","status":"IN SERVICE","owner":"PACIFIC GAS & ELECTRIC COMPANY","voltage":115,"voltClass":"100-161"},"geometry":{"type":"MultiLineString","coordinates":[[[-119.06768,35.31708],[-119.06658,35.31764],[-119.06645,35.31774],[-119.06563,35.31774],[-119.06464,35.31774],[-119.06347,35.31773],[-119.05999,35.3177],[-119.05849,35.3177],[-119.05733,35.31768],[-119.05524,35.31687],[-119.05399,35.31637],[-119.05267,35.31595],[-119.05143,35.31564],[-119.05006,35.31531],[-119.04874,35.315],[-119.04738,35.31474],[-119.04605,35.31458],[-119.04482,35.31446],[-119.04345,35.31432],[-119.04179,35.31423],[-119.04053,35.3142],[-119.03967,35.31417],[-119.03919,35.31415],[-119.03875,35.31414],[-119.03723,35.31411],[-119.03574,35.3141],[-119.03482,35.31413],[-119.03333,35.31416],[-119.03179,35.31416],[-119.03026,35.31415],[-119.02882,35.3139],[-119.02718,35.31354],[-119.02561,35.31319],[-119.02536,35.31314],[-119.02407,35.31288],[-119.02228,35.31248],[-119.02141,35.3123],[-119.01987,35.31213],[-119.01828,35.31197],[-119.01682,35.31197],[-119.01538,35.31197],[-119.0142,35.31197],[-119.01277,35.31197],[-119.01135,35.31198],[-119.00968,35.31197],[-119.00787,35.31198],[-119.00581,35.31196],[-119.00292,35.31196],[-119.00267,35.31196],[-119.00037,35.312],[-118.99879,35.31189],[-118.99704,35.31208],[-118.99528,35.31228],[-118.99436,35.31238],[-118.99263,35.31261],[-118.99091,35.31292],[-118.9892,35.31328],[-118.98749,35.31371],[-118.98583,35.31418],[-118.98525,35.31436],[-118.98429,35.31466],[-118.98218,35.31548],[-118.97966,35.31643],[-118.97814,35.31716],[-118.97671,35.31791],[-118.97536,35.3187],[-118.97399,35.31958],[-118.9727,35.3205],[-118.97138,35.32147],[-118.97022,35.32232],[-118.96912,35.32317],[-118.96786,35.32417],[-118.96658,35.32515],[-118.96538,35.32608],[-118.96411,35.32709],[-118.96335,35.32768],[-118.9617,35.32897],[-118.96047,35.32993],[-118.95931,35.33083]],[[-118.95931,35.33083],[-118.9588,35.33125],[-118.95882,35.33207],[-118.95883,35.33346],[-118.95884,35.33486],[-118.95884,35.33609],[-118.95884,35.33745],[-118.95883,35.33958],[-118.95883,35.34158],[-118.95884,35.34432],[-118.95883,35.34568],[-118.95883,35.34707],[-118.95883,35.34844],[-118.95882,35.34983],[-118.95881,35.35139],[-118.95881,35.35235],[-118.95879,35.35398],[-118.95746,35.354],[-118.95578,35.354],[-118.95242,35.3541],[-118.95076,35.35412],[-118.9491,35.35412],[-118.9474,35.35413],[-118.94539,35.35414],[-118.94405,35.35408],[-118.9424,35.35415],[-118.94102,35.3541],[-118.9396,35.3541],[-118.93706,35.35411],[-118.93553,35.35414],[-118.9338,35.35413],[-118.93012,35.35421],[-118.92988,35.35619],[-118.92974,35.35721],[-118.92963,35.3582],[-118.92856,35.35826],[-118.92751,35.35829],[-118.92641,35.35835],[-118.9264,35.35905],[-118.92639,35.35979],[-118.92613,35.36037],[-118.92576,35.36117],[-118.92389,35.36071],[-118.92314,35.36055],[-118.92314,35.36134],[-118.92367,35.36205]]]}},{"type":"Feature","properties":{"id":"304078","type":"AC; OVERHEAD","status":"IN SERVICE","owner":"PACIFIC GAS & ELECTRIC COMPANY","voltage":115,"voltClass":"100-161"},"geometry":{"type":"LineString","coordinates":[[-119.04066,35.51571],[-119.04111,35.51569],[-119.04384,35.51565],[-119.04643,35.51563],[-119.04648,35.51472],[-119.04653,35.51143],[-119.04657,35.50938],[-119.04657,35.50818],[-119.04662,35.50595],[-119.04662,35.50488],[-119.04665,35.50386],[-119.04661,35.50243],[-119.04663,35.50216],[-119.04667,35.5014],[-119.04633,35.50139],[-119.046,35.50138],[-119.04603,35.50103]]}},{"type":"Feature","properties":{"id":"304088","type":"AC; OVERHEAD","status":"IN SERVICE","owner":"PACIFIC GAS & ELECTRIC COMPANY","voltage":115,"voltClass":"100-161"},"geometry":{"type":"LineString","coordinates":[[-119.15954,36.88824],[-119.16112,36.88867],[-119.16536,36.88885],[-119.16675,36.88892],[-119.16817,36.888],[-119.17169,36.88631],[-119.17522,36.88464],[-119.17897,36.88178],[-119.18473,36.878],[-119.18788,36.87745],[-119.19053,36.87692],[-119.19483,36.87628],[-119.19911,36.87564],[-119.20341,36.875],[-119.20769,36.87436],[-119.21161,36.87311],[-119.21467,36.8722],[-119.21603,36.87225],[-119.21944,36.87258],[-119.22286,36.87292],[-119.22628,36.87328],[-119.2275,36.87306],[-119.23109,36.87198],[-119.237,36.86917],[-119.2393,36.86779],[-119.24467,36.86514],[-119.2479,36.86341],[-119.249,36.8622],[-119.24914,36.86178],[-119.25203,36.85858],[-119.25491,36.85539],[-119.257,36.85316],[-119.2607,36.849],[-119.26358,36.84581],[-119.26539,36.84383],[-119.26661,36.84239],[-119.26753,36.8412],[-119.26783,36.84095],[-119.26947,36.84028],[-119.27305,36.83898],[-119.27785,36.83671],[-119.2805,36.83548],[-119.28407,36.83442],[-119.28708,36.83353],[-119.28909,36.8331],[-119.2914,36.8322],[-119.29469,36.83121],[-119.29742,36.83039],[-119.30135,36.82922],[-119.30342,36.82858],[-119.30749,36.82735],[-119.31302,36.8257],[-119.31668,36.82459],[-119.32077,36.82338],[-119.32967,36.82084],[-119.34567,36.81672],[-119.35523,36.81601],[-119.35772,36.8158],[-119.36469,36.81528],[-119.36999,36.81457],[-119.3757,36.8143],[-119.38,36.81394],[-119.38715,36.81334],[-119.38983,36.81182],[-119.39672,36.80756],[-119.40064,36.80556],[-119.40211,36.80478],[-119.40668,36.80248],[-119.40957,36.80089],[-119.41262,36.79949],[-119.41711,36.79844],[-119.42209,36.7973],[-119.42728,36.79613],[-119.43188,36.79507],[-119.43973,36.79312],[-119.44643,36.79181],[-119.45387,36.79002],[-119.45936,36.78875],[-119.47657,36.77862],[-119.48581,36.77316],[-119.50084,36.76428],[-119.50421,36.76228],[-119.5067,36.76114],[-119.51499,36.75734],[-119.52314,36.75355],[-119.52828,36.75103],[-119.53345,36.74847],[-119.53858,36.74594],[-119.54372,36.74342],[-119.54636,36.74153],[-119.54842,36.74014],[-119.55047,36.73878],[-119.55341,36.7366],[-119.55619,36.7346],[-119.55786,36.7332],[-119.56058,36.73155],[-119.56317,36.7302],[-119.57173,36.72529],[-119.57964,36.72147],[-119.58433,36.71895],[-119.58669,36.71769],[-119.58903,36.71645],[-119.59167,36.71511],[-119.59457,36.71374],[-119.59709,36.71227],[-119.59971,36.71088],[-119.60228,36.70999],[-119.60505,36.70903],[-119.60771,36.70797],[-119.61075,36.7073]]}},{"type":"Feature","properties":{"id":"304159","type":"AC; OVERHEAD","status":"IN SERVICE","owner":"NEVADA POWER COMPANY","voltage":138,"voltClass":"100-161"},"geometry":{"type":"LineString","coordinates":[[-115.24171,36.23629],[-115.24218,36.23656],[-115.2421,36.2461],[-115.24207,36.25065],[-115.24234,36.26981],[-115.22512,36.2686],[-115.22488,36.2706],[-115.22402,36.27077]]}},{"type":"Feature","properties":{"id":"304163","type":"AC; OVERHEAD","status":"IN SERVICE","owner":"AZUSA LIGHT & POWER","voltage":115,"voltClass":"100-161"},"geometry":{"type":"LineString","coordinates":[[-117.68827,35.62206],[-117.68786,35.62182],[-117.68792,35.61882],[-117.6342,35.6188],[-117.63419,35.62237],[-117.59912,35.62249],[-117.59745,35.62263],[-117.5953,35.62342],[-117.57189,35.63607],[-117.5682,35.6374],[-117.56348,35.63888],[-117.543,35.64322],[-117.50702,35.64725],[-117.48186,35.64898],[-117.47585,35.64924],[-117.47309,35.64957],[-117.46403,35.65245],[-117.45737,35.65639],[-117.44686,35.67228],[-117.43879,35.67225],[-117.43025,35.67914],[-117.41565,35.68454],[-117.41443,35.68577],[-117.41341,35.68684],[-117.41005,35.68778],[-117.40521,35.69421],[-117.40021,35.69743],[-117.39855,35.69952],[-117.39878,35.70004]]}},{"type":"Feature","properties":{"id":"304229","type":"AC; OVERHEAD","status":"IN SERVICE","owner":"PACIFIC GAS & ELECTRIC COMPANY","voltage":230,"voltClass":"220-287"},"geometry":{"type":"LineString","coordinates":[[-120.12875,36.14233],[-120.11984,36.13747],[-120.11752,36.13502],[-120.10235,36.11688],[-120.06288,36.07092],[-120.05584,36.06367],[-120.04796,36.05704],[-120.03932,36.05089],[-120.0273,36.04345],[-120.01205,36.03403],[-119.99725,36.0246],[-119.97052,36.00778],[-119.96076,36.00088],[-119.95333,35.99345],[-119.93827,35.97614],[-119.92978,35.9663],[-119.92011,35.95715],[-119.91023,35.94413],[-119.88249,35.91495],[-119.8639,35.89536],[-119.83651,35.86649],[-119.82224,35.85079],[-119.80769,35.83578],[-119.8714,35.79295],[-119.91348,35.7756]]}},{"type":"Feature","properties":{"id":"304233","type":"AC; OVERHEAD","status":"IN SERVICE","owner":"NEVADA POWER COMPANY","voltage":230,"voltClass":"220-287"},"geometry":{"type":"LineString","coordinates":[[-115.34449,36.18245],[-115.3435,36.18256],[-115.34368,36.18358],[-115.34339,36.18532],[-115.34314,36.19565],[-115.34226,36.19785],[-115.3418,36.20391],[-115.34131,36.20606],[-115.3407,36.20757],[-115.33975,36.20899],[-115.33008,36.2169],[-115.32959,36.21952],[-115.32929,36.24013],[-115.33821,36.24016],[-115.35133,36.24424],[-115.35128,36.26122],[-115.35132,36.26969],[-115.33339,36.26958],[-115.33346,36.28361],[-115.3338,36.30556],[-115.33334,36.30871],[-115.33323,36.32069],[-115.32934,36.32084],[-115.32901,36.3327],[-115.33006,36.33447]]}},{"type":"Feature","properties":{"id":"304480","type":"AC; OVERHEAD","status":"IN SERVICE","owner":"NEVADA POWER COMPANY","voltage":230,"voltClass":"220-287"},"geometry":{"type":"LineString","coordinates":[[-114.98213,35.79713],[-114.98237,35.79335],[-114.99263,35.79337],[-115.00452,35.79706],[-115.0042,35.79952],[-115.00586,35.80044],[-115.00887,35.80172],[-115.01014,35.80314],[-115.013,35.80392]]}},{"type":"Feature","properties":{"id":"304239","type":"AC; OVERHEAD","status":"IN SERVICE","owner":"PACIFIC GAS & ELECTRIC COMPANY","voltage":230,"voltClass":"220-287"},"geometry":{"type":"LineString","coordinates":[[-119.15954,36.88824],[-119.16178,36.88823],[-119.16666,36.88851],[-119.17486,36.88444],[-119.17846,36.88176],[-119.18381,36.87768],[-119.18538,36.87745],[-119.19896,36.87531],[-119.20545,36.87443],[-119.20759,36.87403],[-119.21458,36.8718],[-119.22617,36.87297],[-119.23097,36.87174],[-119.23667,36.86904],[-119.24136,36.86651],[-119.24483,36.86472],[-119.24815,36.8628],[-119.25139,36.85837],[-119.25438,36.8552],[-119.25797,36.85101],[-119.26051,36.84871],[-119.26918,36.84074],[-119.27053,36.84012],[-119.27433,36.83858],[-119.278,36.83696],[-119.28061,36.83567],[-119.28576,36.83414],[-119.28716,36.83371],[-119.28892,36.8335],[-119.29478,36.83139],[-119.29753,36.83058],[-119.30369,36.82873],[-119.30761,36.82755],[-119.31497,36.82544],[-119.31613,36.825],[-119.32133,36.82343],[-119.3439,36.81727],[-119.36854,36.81316],[-119.40686,36.78552],[-119.41813,36.77468],[-119.43012,36.75979],[-119.44344,36.75202],[-119.45745,36.73364],[-119.49651,36.71713],[-119.53216,36.69176],[-119.548,36.64895],[-119.5856,36.61569],[-119.58834,36.61329],[-119.59082,36.61229],[-119.59472,36.61077],[-119.59802,36.60948],[-119.60169,36.6095],[-119.60193,36.60929],[-119.60304,36.60931],[-119.60532,36.60933],[-119.60759,36.60933],[-119.60986,36.60932],[-119.61092,36.60939],[-119.61368,36.60921],[-119.6164,36.60924],[-119.62032,36.60908],[-119.62424,36.60894],[-119.62814,36.60906],[-119.63171,36.60983],[-119.63502,36.61055],[-119.63909,36.6108]]}},{"type":"Feature","properties":{"id":"303035","type":"AC; OVERHEAD","status":null,"owner":"AZUSA LIGHT & POWER","voltage":230,"voltClass":"220-287"},"geometry":{"type":"LineString","coordinates":[[-118.29528,35.02389],[-118.28073,35.03504]]}},{"type":"Feature","properties":{"id":"303069","type":"AC; OVERHEAD","status":"IN SERVICE","owner":"AZUSA LIGHT & POWER","voltage":230,"voltClass":"220-287"},"geometry":{"type":"LineString","coordinates":[[-118.28073,35.03504],[-118.28023,35.03791],[-118.28138,35.0385],[-118.29294,35.03823],[-118.2987,35.03841],[-118.30179,35.03925],[-118.31032,35.04308],[-118.31049,35.05282],[-118.35668,35.05319],[-118.35763,35.05246],[-118.36134,35.04948],[-118.36245,35.04927],[-118.37492,35.08127],[-118.37954,35.095],[-118.37921,35.1028],[-118.37893,35.10755],[-118.38231,35.10747],[-118.38221,35.10897],[-118.38348,35.10899],[-118.38338,35.10732]]}},{"type":"Feature","properties":{"id":"303088","type":"AC; OVERHEAD","status":"IN SERVICE","owner":null,"voltage":138,"voltClass":"100-161"},"geometry":{"type":"LineString","coordinates":[[-114.70251,42.01542],[-114.70238,42.01183],[-114.70207,42.00354],[-114.70194,41.99659],[-114.70187,41.99504],[-114.70155,41.98705],[-114.70136,41.98115],[-114.70288,41.97927],[-114.70433,41.97765],[-114.70773,41.97355],[-114.71045,41.97039],[-114.71076,41.96573],[-114.71131,41.95895],[-114.71183,41.95273],[-114.71238,41.94638],[-114.71286,41.94066],[-114.71334,41.93474],[-114.71392,41.92836],[-114.71447,41.9219],[-114.71483,41.91728],[-114.71543,41.91097],[-114.71595,41.90443],[-114.71647,41.89807],[-114.71679,41.89439],[-114.71747,41.88701],[-114.71787,41.88116],[-114.71834,41.87596],[-114.71884,41.86967],[-114.71924,41.86421],[-114.71986,41.86265],[-114.72195,41.8568],[-114.72411,41.85057],[-114.72635,41.84427],[-114.72853,41.83801],[-114.73086,41.83139],[-114.73381,41.82277],[-114.73692,41.81418],[-114.73994,41.80556],[-114.74286,41.79701],[-114.7448,41.7917],[-114.7438,41.78431],[-114.74293,41.77825],[-114.74227,41.77268],[-114.74194,41.77006],[-114.74798,41.76442],[-114.7522,41.75917],[-114.75842,41.75059],[-114.76396,41.74308],[-114.76956,41.73543],[-114.77612,41.72644],[-114.78038,41.72063],[-114.78043,41.71799],[-114.78043,41.70941],[-114.78049,41.70075],[-114.78038,41.69212],[-114.78056,41.68345],[-114.78056,41.67491],[-114.78069,41.66632],[-114.7806,41.6577],[-114.78068,41.64929],[-114.78071,41.64077],[-114.78068,41.6322],[-114.7807,41.62359],[-114.78084,41.6195],[-114.78071,41.61162],[-114.78089,41.60311],[-114.78092,41.5948],[-114.78103,41.58545],[-114.78108,41.57872],[-114.78108,41.57146],[-114.78105,41.56244],[-114.78105,41.55379],[-114.7812,41.54531],[-114.78124,41.53801],[-114.78128,41.53067],[-114.78137,41.52393],[-114.78144,41.51578],[-114.78148,41.50728],[-114.78157,41.4987],[-114.78173,41.49001],[-114.78188,41.48136],[-114.7819,41.47322],[-114.78197,41.4646],[-114.78209,41.45616],[-114.78217,41.4483],[-114.78225,41.44166],[-114.78229,41.43357],[-114.78243,41.42522],[-114.78248,41.41667],[-114.78256,41.40797],[-114.78268,41.40086],[-114.78272,41.39227],[-114.78275,41.38642],[-114.7849,41.38399],[-114.79196,41.37546],[-114.79882,41.36714],[-114.80562,41.35898],[-114.8126,41.35045],[-114.81881,41.34291],[-114.82561,41.33475],[-114.83206,41.32693],[-114.8382,41.31951],[-114.83884,41.31135],[-114.83956,41.30268],[-114.84024,41.29437],[-114.84094,41.28615],[-114.84162,41.27768],[-114.84231,41.26971],[-114.84306,41.26125],[-114.84369,41.25346],[-114.8444,41.24564],[-114.84476,41.24067],[-114.84825,41.23706],[-114.85587,41.22898],[-114.86374,41.22075],[-114.87187,41.21212],[-114.87951,41.20407],[-114.88716,41.19602],[-114.89505,41.18751],[-114.90324,41.17899],[-114.91037,41.17147],[-114.91768,41.16376],[-114.92361,41.15747],[-114.93283,41.14774],[-114.94073,41.13939],[-114.94504,41.13479],[-114.94801,41.13317],[-114.95405,41.13186],[-114.9705,41.12824],[-114.9779,41.12658],[-114.97842,41.11295],[-114.97786,41.1129],[-114.97761,41.1131]]}},{"type":"Feature","properties":{"id":"303135","type":"AC; OVERHEAD","status":"IN SERVICE","owner":"PACIFIC GAS & ELECTRIC COMPANY","voltage":115,"voltClass":"100-161"},"geometry":{"type":"LineString","coordinates":[[-119.0133,35.44045],[-119.0132,35.43829],[-119.01318,35.43437],[-119.01316,35.43248],[-119.01316,35.43053],[-119.01312,35.42656]]}},{"type":"Feature","properties":{"id":"303173","type":"AC; OVERHEAD","status":"IN SERVICE","owner":"PACIFIC GAS & ELECTRIC COMPANY","voltage":230,"voltClass":"220-287"},"geometry":{"type":"LineString","coordinates":[[-120.12875,36.14233],[-120.12631,36.14213],[-120.12123,36.14343],[-120.1169,36.145],[-120.11292,36.14645],[-120.10894,36.14791],[-120.105,36.14937],[-120.10132,36.1507],[-120.0972,36.15222],[-120.09334,36.15363],[-120.08942,36.15505],[-120.08552,36.15649],[-120.08132,36.15799],[-120.07714,36.15952],[-120.07297,36.16105],[-120.06881,36.16261],[-120.0646,36.16413],[-120.06035,36.16569],[-120.05615,36.16723],[-120.05166,36.16888],[-120.04769,36.17037],[-120.03561,36.17503],[-120.03125,36.17711],[-120.02253,36.18125],[-120.02021,36.1829],[-120.01215,36.18677],[-120.00072,36.19164],[-119.99651,36.19479],[-119.96514,36.20986],[-119.95649,36.21396],[-119.92958,36.22689],[-119.91328,36.23483],[-119.90527,36.23836],[-119.90443,36.24048]]}},{"type":"Feature","properties":{"id":"303230","type":"AC; OVERHEAD","status":"IN SERVICE","owner":"SIERRA PACIFIC POWER COMPANY","voltage":230,"voltClass":"220-287"},"geometry":{"type":"LineString","coordinates":[[-118.59142,39.22669],[-118.59165,39.2273],[-118.59332,39.25193],[-118.58345,39.27211],[-118.57659,39.28617],[-118.57071,39.29446],[-118.57122,39.2948]]}},{"type":"Feature","properties":{"id":"303297","type":"AC; OVERHEAD","status":"IN SERVICE","owner":"SIERRA PACIFIC POWER COMPANY","voltage":120,"voltClass":"100-161"},"geometry":{"type":"LineString","coordinates":[[-119.80657,39.55835],[-119.80579,39.5576],[-119.80579,39.55479],[-119.80711,39.55414]]}},{"type":"Feature","properties":{"id":"303333","type":"AC; OVERHEAD","status":"IN SERVICE","owner":"NEVADA POWER COMPANY","voltage":138,"voltClass":"100-161"},"geometry":{"type":"LineString","coordinates":[[-115.18578,36.27561],[-115.18565,36.27607],[-115.18363,36.27614],[-115.17254,36.2767],[-115.16158,36.27654],[-115.15136,36.27639],[-115.13915,36.27618],[-115.13116,36.27613],[-115.10581,36.2763],[-115.09818,36.27633],[-115.09757,36.27523],[-115.09636,36.27466]]}},{"type":"Feature","properties":{"id":"303376","type":"AC; OVERHEAD","status":"IN SERVICE","owner":"AZUSA LIGHT & POWER","voltage":500,"voltClass":"500"},"geometry":{"type":"LineString","coordinates":[[-118.28073,35.03504],[-118.28164,35.03168],[-118.28556,35.03164],[-118.28777,35.02638],[-118.32223,35.00103],[-118.32217,34.98513],[-118.32739,34.98512],[-118.32687,34.94684],[-118.39462,34.88967],[-118.43377,34.86056],[-118.43712,34.85815]]}},{"type":"Feature","properties":{"id":"303384","type":"AC; OVERHEAD","status":"IN SERVICE","owner":"NEVADA POWER COMPANY","voltage":230,"voltClass":"220-287"},"geometry":{"type":"LineString","coordinates":[[-115.04943,36.08641],[-115.05014,36.08546],[-115.05037,36.07847],[-115.03652,36.07027],[-115.02899,36.05758],[-115.02613,36.05212],[-115.02453,36.04904],[-115.02388,36.04697],[-115.0232,36.04494],[-115.02197,36.04086],[-115.01999,36.03757],[-115.01727,36.0378],[-115.00958,36.03832],[-115.00396,36.03797],[-115.00297,36.0381],[-115.00046,36.03841],[-114.99863,36.03789]]}},{"type":"Feature","properties":{"id":"303437","type":"AC; OVERHEAD","status":"IN SERVICE","owner":"NEVADA POWER COMPANY","voltage":500,"voltClass":"500"},"geometry":{"type":"LineString","coordinates":[[-115.013,35.80392],[-115.01609,35.80458],[-115.01917,35.80575],[-115.02134,35.80784],[-115.01235,35.81668],[-115.01132,35.81923]]}},{"type":"Feature","properties":{"id":"303510","type":"AC; OVERHEAD","status":"IN SERVICE","owner":"NEVADA POWER COMPANY","voltage":138,"voltClass":"100-161"},"geometry":{"type":"LineString","coordinates":[[-115.27891,36.15822],[-115.27868,36.1588],[-115.27817,36.15889],[-115.2784,36.17403],[-115.27844,36.17625],[-115.27867,36.18651],[-115.27923,36.1866]]}},{"type":"Feature","properties":{"id":"303533","type":"AC; OVERHEAD","status":"IN SERVICE","owner":"PACIFIC GAS & ELECTRIC COMPANY","voltage":230,"voltClass":"220-287"},"geometry":{"type":"LineString","coordinates":[[-119.63909,36.6108],[-119.64121,36.61154],[-119.64153,36.611],[-119.64169,36.60854],[-119.64162,36.60557],[-119.64372,36.59605],[-119.64667,36.59423],[-119.67187,36.59421],[-119.6792,36.59425],[-119.68305,36.59425],[-119.68704,36.59427],[-119.69501,36.59425],[-119.70982,36.59423],[-119.72658,36.59444],[-119.73074,36.59455],[-119.73903,36.59465],[-119.7436,36.59472],[-119.74782,36.59438],[-119.75098,36.59428],[-119.75472,36.5942],[-119.75843,36.59416],[-119.76511,36.59415],[-119.77699,36.59414],[-119.78737,36.59406],[-119.79884,36.59397],[-119.8025,36.59392],[-119.80614,36.59386],[-119.80978,36.59381],[-119.84231,36.59381],[-119.88969,36.59381],[-119.89375,36.59306],[-119.89145,36.59125],[-119.89155,36.56897],[-119.89168,36.53588],[-119.89149,36.52883],[-119.89057,36.5073],[-119.88963,36.47133],[-119.88731,36.31571],[-119.86507,36.25755],[-119.86513,36.25322],[-119.87123,36.25157],[-119.88435,36.24739],[-119.90049,36.24227],[-119.90087,36.24186],[-119.90025,36.24038],[-119.90829,36.23628],[-119.91318,36.23421],[-119.92778,36.22716],[-119.93966,36.22137],[-119.95596,36.21347],[-119.99566,36.19456],[-120.00027,36.19141],[-120.00422,36.18906],[-120.00964,36.18681],[-120.01825,36.18269],[-120.02258,36.18061],[-120.02689,36.17856],[-120.03122,36.17647],[-120.035,36.17467],[-120.03997,36.17294],[-120.04244,36.17192],[-120.04433,36.17089],[-120.04846,36.16959],[-120.04986,36.16917],[-120.05256,36.16811],[-120.05666,36.16661],[-120.06075,36.16511],[-120.0647,36.16367],[-120.06486,36.16364],[-120.06895,36.16214],[-120.07211,36.16092],[-120.07306,36.16064],[-120.07511,36.15983],[-120.07714,36.15914],[-120.08125,36.15766],[-120.08431,36.15642],[-120.08536,36.15617],[-120.08945,36.15467],[-120.0935,36.15303],[-120.09764,36.15169],[-120.10175,36.1502],[-120.10267,36.14964],[-120.10583,36.14869],[-120.11186,36.14625],[-120.12101,36.1432],[-120.12597,36.14192],[-120.12875,36.14233]]}},{"type":"Feature","properties":{"id":"303631","type":"AC; OVERHEAD","status":"IN SERVICE","owner":null,"voltage":230,"voltClass":"220-287"},"geometry":{"type":"LineString","coordinates":[[-119.24432,36.30387],[-119.24463,36.3054],[-119.24087,36.51609],[-119.24088,36.51824],[-119.24564,36.52661],[-119.25189,36.53773],[-119.2549,36.54302],[-119.25491,36.55186],[-119.25652,36.55312],[-119.26382,36.55883],[-119.26776,36.56584],[-119.27329,36.57561],[-119.27822,36.58436],[-119.28513,36.59612],[-119.28993,36.60491],[-119.30426,36.63021],[-119.30791,36.63665],[-119.31536,36.64983],[-119.32975,36.67543],[-119.36149,36.73145],[-119.37555,36.75636],[-119.38475,36.77108],[-119.39072,36.78014],[-119.39206,36.78279],[-119.39287,36.78408],[-119.3979,36.78553],[-119.41271,36.80129],[-119.42002,36.80537],[-119.42539,36.8084],[-119.43276,36.82036],[-119.45704,36.85989],[-119.45871,36.86257],[-119.45737,36.88596],[-119.45588,36.92321],[-119.4559,36.92872],[-119.45587,36.93141],[-119.4507,36.94077],[-119.44303,36.95263],[-119.43605,36.96342],[-119.42925,36.97405],[-119.40973,36.9945],[-119.39138,37.01369],[-119.37857,37.02705],[-119.37709,37.02861],[-119.37654,37.03361],[-119.37468,37.05062],[-119.37,37.08587],[-119.36818,37.08804],[-119.367,37.09022],[-119.3645,37.104],[-119.36433,37.10722],[-119.36489,37.11025],[-119.36486,37.1157],[-119.36086,37.12572],[-119.35619,37.13786],[-119.35464,37.14019],[-119.35367,37.14514],[-119.34928,37.15519],[-119.3427,37.16314],[-119.33903,37.1705],[-119.33219,37.17622],[-119.32777,37.17861],[-119.32831,37.17931],[-119.32036,37.18028],[-119.31253,37.1815],[-119.30618,37.18544],[-119.30416,37.1868],[-119.30027,37.18844],[-119.26651,37.18964],[-119.25796,37.19028],[-119.24984,37.19593],[-119.24263,37.20193],[-119.24225,37.20398],[-119.24297,37.20399]]}},{"type":"Feature","properties":{"id":"303624","type":"AC; OVERHEAD","status":"IN SERVICE","owner":"PACIFIC GAS & ELECTRIC COMPANY","voltage":115,"voltClass":"100-161"},"geometry":{"type":"LineString","coordinates":[[-119.61002,36.82687],[-119.60994,36.83216],[-119.60983,36.83743],[-119.60231,36.83741],[-119.60217,36.86506],[-119.60215,36.87626],[-119.60214,36.92023],[-119.60294,36.93036],[-119.60269,36.93525],[-119.60282,36.93695],[-119.60246,36.94048],[-119.60254,36.94356],[-119.60246,36.94709],[-119.60204,36.95262],[-119.60232,36.96704],[-119.60403,36.97285],[-119.56537,37.02518],[-119.56581,37.05239],[-119.55693,37.07127],[-119.55803,37.07185]]}},{"type":"Feature","properties":{"id":"301261","type":"AC; OVERHEAD","status":"IN SERVICE","owner":"NEVADA POWER COMPANY","voltage":138,"voltClass":"100-161"},"geometry":{"type":"LineString","coordinates":[[-115.09636,36.27466],[-115.095,36.27444],[-115.09421,36.27454],[-115.09419,36.27643],[-115.08028,36.27652],[-115.0804,36.24069],[-115.08536,36.24055],[-115.08536,36.24092]]}},{"type":"Feature","properties":{"id":"301279","type":"AC; OVERHEAD","status":"IN SERVICE","owner":"PACIFIC GAS & ELECTRIC COMPANY","voltage":115,"voltClass":"100-161"},"geometry":{"type":"LineString","coordinates":[[-119.45541,35.63042],[-119.45541,35.63042],[-119.45541,35.63011],[-119.45543,35.6283],[-119.45545,35.62648],[-119.45545,35.62466],[-119.45547,35.62286],[-119.4555,35.62104],[-119.45551,35.61922],[-119.45552,35.6174],[-119.45547,35.61576],[-119.45546,35.61558],[-119.45455,35.61397],[-119.4536,35.61232],[-119.45266,35.61067],[-119.45172,35.60904],[-119.45077,35.6074],[-119.44982,35.60576],[-119.44888,35.60411],[-119.44792,35.60249],[-119.44697,35.6009],[-119.447,35.59907],[-119.44702,35.59726],[-119.44706,35.59546],[-119.44709,35.5936],[-119.44712,35.59183],[-119.44714,35.59001],[-119.44718,35.5882],[-119.44721,35.58638],[-119.44726,35.58456],[-119.4473,35.58274],[-119.44735,35.58093],[-119.44738,35.57924],[-119.44745,35.57741],[-119.4475,35.5756],[-119.44756,35.57378],[-119.4476,35.57197],[-119.44761,35.57016],[-119.44761,35.56835],[-119.44761,35.56653],[-119.44762,35.56473],[-119.44764,35.56291],[-119.4476,35.56112],[-119.44758,35.55932],[-119.44769,35.55746],[-119.44771,35.55565],[-119.44778,35.55382],[-119.44779,35.55201],[-119.44775,35.55025],[-119.44777,35.54843],[-119.44782,35.54659],[-119.44785,35.54478],[-119.44788,35.54298],[-119.44794,35.5412],[-119.44797,35.53936],[-119.44801,35.53755],[-119.44805,35.53574],[-119.44809,35.53393],[-119.44813,35.53212],[-119.44815,35.53028],[-119.44818,35.52847],[-119.44817,35.5266],[-119.44817,35.52473],[-119.44817,35.52286],[-119.44813,35.521],[-119.44812,35.51914],[-119.44814,35.51726],[-119.44812,35.51539],[-119.44806,35.51414],[-119.44807,35.51228],[-119.44805,35.51079],[-119.44802,35.50894],[-119.44802,35.50724],[-119.44802,35.50546],[-119.44805,35.50362],[-119.44806,35.50181],[-119.44809,35.50128],[-119.44813,35.50022],[-119.44817,35.49843],[-119.44815,35.49662],[-119.44821,35.49476],[-119.44822,35.493],[-119.44824,35.49124],[-119.44827,35.48943],[-119.44828,35.48761],[-119.44829,35.48582],[-119.44831,35.484],[-119.44831,35.48213],[-119.4483,35.48031],[-119.44831,35.47844],[-119.44829,35.4767],[-119.4483,35.47494],[-119.4483,35.47313],[-119.44832,35.47126],[-119.4483,35.4694],[-119.44831,35.46759],[-119.44831,35.46578],[-119.4483,35.46396],[-119.4483,35.46215],[-119.44831,35.45849],[-119.4483,35.45669],[-119.44833,35.45483],[-119.44834,35.45302],[-119.44833,35.45118],[-119.44835,35.44939],[-119.44835,35.44758],[-119.44835,35.44578],[-119.44835,35.44393],[-119.44837,35.44214],[-119.44839,35.44033],[-119.44842,35.43851],[-119.44843,35.43664],[-119.44847,35.43492],[-119.4485,35.4331],[-119.44852,35.43128],[-119.44854,35.42949],[-119.44854,35.42766],[-119.44859,35.42583],[-119.44859,35.42404],[-119.44863,35.42222],[-119.44866,35.42041],[-119.44865,35.41857],[-119.4487,35.41677],[-119.44874,35.41495],[-119.44875,35.41311],[-119.44878,35.41132],[-119.44881,35.4095],[-119.4487,35.4076],[-119.44872,35.40579],[-119.44877,35.40508],[-119.4488,35.40461],[-119.44883,35.40404],[-119.45217,35.40387]]}},{"type":"Feature","properties":{"id":"301361","type":"AC; OVERHEAD","status":"IN SERVICE","owner":"NEVADA POWER COMPANY","voltage":230,"voltClass":"220-287"},"geometry":{"type":"LineString","coordinates":[[-115.27877,36.14226],[-115.27881,36.14441],[-115.27994,36.1577],[-115.27891,36.15822]]}},{"type":"Feature","properties":{"id":"301314","type":"AC; OVERHEAD","status":"IN SERVICE","owner":"AZUSA LIGHT & POWER","voltage":115,"voltClass":"100-161"},"geometry":{"type":"LineString","coordinates":[[-118.91675,37.64907],[-118.91827,37.64769],[-118.91713,37.64686],[-118.91611,37.64629],[-118.91466,37.64554]]}},{"type":"Feature","properties":{"id":"301391","type":"AC; OVERHEAD","status":"IN SERVICE","owner":"HARNEY ELECTRIC COOPERATIVE","voltage":120,"voltClass":"100-161"},"geometry":{"type":"LineString","coordinates":[[-117.84895,41.58501],[-117.84853,41.58544],[-117.84805,41.63333],[-117.84813,41.69291],[-117.8482,41.69324]]}},{"type":"Feature","properties":{"id":"301397","type":"AC; OVERHEAD","status":"IN SERVICE","owner":"PACIFIC GAS & ELECTRIC COMPANY","voltage":230,"voltClass":"220-287"},"geometry":{"type":"LineString","coordinates":[[-119.92218,36.84478],[-119.92092,36.84442],[-119.91876,36.84739],[-119.9173,36.84956],[-119.91686,36.85173],[-119.917,36.8533]]}},{"type":"Feature","properties":{"id":"301405","type":"AC; OVERHEAD","status":"IN SERVICE","owner":"SIERRA PACIFIC POWER COMPANY","voltage":120,"voltClass":"100-161"},"geometry":{"type":"LineString","coordinates":[[-119.69569,39.08685],[-119.69634,39.18812],[-119.69709,39.18889]]}},{"type":"Feature","properties":{"id":"301423","type":"AC; OVERHEAD","status":"IN SERVICE","owner":null,"voltage":120,"voltClass":"100-161"},"geometry":{"type":"LineString","coordinates":[[-116.17075,40.78786],[-116.17209,40.78963],[-116.1743,40.79127],[-116.17576,40.79181],[-116.17574,40.79806],[-116.1757,40.80083],[-116.17874,40.80105],[-116.18495,40.80153],[-116.18793,40.80131],[-116.19692,40.80052],[-116.19999,40.80054],[-116.20221,40.80035],[-116.20472,40.80017],[-116.21086,40.79979],[-116.21996,40.8075],[-116.22663,40.81522],[-116.23179,40.82767],[-116.2339,40.83279],[-116.25508,40.90152],[-116.32323,40.91884],[-116.33251,40.96564],[-116.3324,40.96788],[-116.33481,40.96802],[-116.3353,40.96815]]}},{"type":"Feature","properties":{"id":"301438","type":"AC; OVERHEAD","status":"IN SERVICE","owner":null,"voltage":230,"voltClass":"220-287"},"geometry":{"type":"LineString","coordinates":[[-118.93808,36.10796],[-118.93608,36.10534],[-118.92073,36.04756],[-118.91978,36.03093],[-118.91655,35.92811],[-118.91813,35.79045],[-118.92028,35.43744],[-118.92294,35.43439],[-118.92326,35.39104],[-118.92286,35.36376],[-118.92193,35.36115]]}},{"type":"Feature","properties":{"id":"301442","type":"AC; OVERHEAD","status":"IN SERVICE","owner":"PACIFIC GAS & ELECTRIC COMPANY","voltage":115,"voltClass":"100-161"},"geometry":{"type":"LineString","coordinates":[[-119.72654,36.69324],[-119.72687,36.69284],[-119.72755,36.69281],[-119.72837,36.69279],[-119.72924,36.69275],[-119.73009,36.69273],[-119.73156,36.69268],[-119.7323,36.69266],[-119.73324,36.69262],[-119.73421,36.6926],[-119.73521,36.69257],[-119.73601,36.69254],[-119.73671,36.69255],[-119.73666,36.69311],[-119.73666,36.69384],[-119.73666,36.69477],[-119.73665,36.69552],[-119.73665,36.69611],[-119.73665,36.69668],[-119.73665,36.69723],[-119.73665,36.69798],[-119.73664,36.69875],[-119.73664,36.69949],[-119.73663,36.69984],[-119.73663,36.69985],[-119.73706,36.69983],[-119.73708,36.70015]]}},{"type":"Feature","properties":{"id":"301454","type":"AC; OVERHEAD","status":"IN SERVICE","owner":"PACIFIC GAS & ELECTRIC COMPANY","voltage":230,"voltClass":"220-287"},"geometry":{"type":"LineString","coordinates":[[-119.45217,35.40387],[-119.44068,35.4007],[-119.41311,35.38775],[-119.27255,35.38683],[-119.18627,35.38661],[-119.13984,35.38658],[-119.10961,35.38657],[-119.098,35.38611],[-119.09709,35.3794]]}},{"type":"Feature","properties":{"id":"301494","type":"AC; OVERHEAD","status":"IN SERVICE","owner":null,"voltage":120,"voltClass":"100-161"},"geometry":{"type":"LineString","coordinates":[[-116.17075,40.78786],[-116.17309,40.78926],[-116.17479,40.79111],[-116.17612,40.79156],[-116.17606,40.79836],[-116.17609,40.80057],[-116.179,40.80078],[-116.18495,40.80123],[-116.18776,40.80101],[-116.19667,40.8003],[-116.19954,40.80029],[-116.20483,40.79986],[-116.21091,40.79942],[-116.22026,40.80729],[-116.22687,40.81474],[-116.2322,40.82755],[-116.23423,40.83272],[-116.25277,40.82573],[-116.26023,40.82285],[-116.26508,40.82099],[-116.2708,40.81893],[-116.2791,40.81565],[-116.28172,40.81532],[-116.29131,40.81565],[-116.30208,40.81558],[-116.31902,40.81561],[-116.32784,40.8155],[-116.33954,40.81552],[-116.34805,40.81541],[-116.35367,40.81541],[-116.36548,40.8154],[-116.4276,40.81513],[-116.44406,40.81489],[-116.4855,40.81467],[-116.4921,40.81483],[-116.49525,40.81602]]}},{"type":"Feature","properties":{"id":"301552","type":"AC; OVERHEAD","status":"IN SERVICE","owner":null,"voltage":230,"voltClass":"220-287"},"geometry":{"type":"LineString","coordinates":[[-114.83474,35.92781],[-114.83135,35.92352],[-114.8272,35.92219],[-114.82535,35.92119],[-114.82278,35.91994],[-114.83483,35.89567],[-114.84859,35.86794],[-114.88125,35.80208],[-114.88647,35.79216],[-114.89136,35.78475],[-114.89874,35.77569],[-114.90679,35.76658],[-114.91047,35.76233],[-114.92408,35.73246],[-114.94217,35.69232],[-114.94068,35.67045],[-114.93367,35.56972],[-114.93164,35.53942],[-114.93182,35.53261],[-114.93404,35.51355],[-114.9398,35.46906],[-114.94914,35.25614],[-114.96644,34.84567],[-114.96634,34.84492]]}},{"type":"Feature","properties":{"id":"301582","type":"AC; OVERHEAD","status":"IN SERVICE","owner":"AZUSA LIGHT & POWER","voltage":230,"voltClass":"220-287"},"geometry":{"type":"LineString","coordinates":[[-119.24432,36.30387],[-119.24458,36.30273],[-119.24349,36.2986],[-119.24199,36.29467],[-119.2401,36.28968],[-119.23763,36.28319],[-119.23663,36.27976],[-119.2351,36.27438],[-119.23392,36.27042],[-119.23296,36.26696],[-119.21368,36.20925],[-119.21292,36.20714],[-119.19987,36.16803],[-119.19057,36.14045],[-119.18334,36.11953],[-119.17675,36.10048],[-119.17245,36.08804],[-119.1678,36.07439],[-119.16536,36.06716],[-119.16235,36.05826],[-119.16043,36.0525],[-119.15785,36.04531],[-119.15482,36.03695],[-119.15019,36.02403],[-119.14744,36.01647],[-119.13263,35.97683],[-119.13162,35.97347],[-119.13113,35.97177],[-119.13055,35.96981],[-119.09054,35.85775],[-119.08997,35.85598],[-119.08678,35.8472],[-119.08562,35.84387],[-119.08496,35.84199],[-119.08472,35.84175]]}},{"type":"Feature","properties":{"id":"301617","type":"AC; OVERHEAD","status":"IN SERVICE","owner":"NEVADA POWER COMPANY","voltage":230,"voltClass":"220-287"},"geometry":{"type":"LineString","coordinates":[[-115.21346,36.00878],[-115.21251,36.00879],[-115.21243,36.00981],[-115.21242,36.01373],[-115.21239,36.09712],[-115.21239,36.11303],[-115.21356,36.11403]]}},{"type":"Feature","properties":{"id":"301626","type":"AC; OVERHEAD","status":"IN SERVICE","owner":"PACIFIC GAS & ELECTRIC COMPANY","voltage":115,"voltClass":"100-161"},"geometry":{"type":"LineString","coordinates":[[-119.50285,35.14571],[-119.50633,35.14549],[-119.50949,35.1455],[-119.51161,35.14414],[-119.52051,35.14398],[-119.53921,35.15744],[-119.54345,35.1606],[-119.54436,35.16159],[-119.5534,35.17089],[-119.55836,35.1757],[-119.57068,35.1836],[-119.57139,35.18404],[-119.57148,35.19424],[-119.57126,35.19436]]}},{"type":"Feature","properties":{"id":"301636","type":"AC; OVERHEAD","status":"IN SERVICE","owner":null,"voltage":138,"voltClass":"100-161"},"geometry":{"type":"LineString","coordinates":[[-116.00446,36.64685],[-116.00665,36.63812],[-116.0156,36.6332],[-116.05192,36.65398],[-116.10715,36.67035],[-116.1513,36.68383],[-116.18378,36.69617],[-116.21797,36.70294],[-116.23026,36.70876],[-116.23115,36.73915],[-116.23385,36.74776],[-116.25127,36.76237]]}},{"type":"Feature","properties":{"id":"301638","type":"AC; OVERHEAD","status":"IN SERVICE","owner":"SIERRA PACIFIC POWER COMPANY","voltage":120,"voltClass":"100-161"},"geometry":{"type":"LineString","coordinates":[[-117.63234,37.75433],[-117.62875,37.7552],[-117.62672,37.78158],[-117.62125,37.85058],[-117.52666,37.99978],[-117.58169,38.03638],[-117.53152,38.07227],[-117.5175,38.08235],[-117.50736,38.08957],[-117.50314,38.09256],[-117.4943,38.09885],[-117.4879,38.10343],[-117.48151,38.10798],[-117.47511,38.1125],[-117.46952,38.11648],[-117.46538,38.11946],[-117.4648,38.12059],[-117.46251,38.12533],[-117.46046,38.12958],[-117.45936,38.13121]]}},{"type":"Feature","properties":{"id":"301679","type":"AC; OVERHEAD","status":"IN SERVICE","owner":"PACIFIC GAS & ELECTRIC COMPANY","voltage":115,"voltClass":"100-161"},"geometry":{"type":"LineString","coordinates":[[-118.92367,35.36205],[-118.92462,35.36196],[-118.92463,35.36424],[-118.92464,35.3684],[-118.92468,35.37225],[-118.9246,35.37582],[-118.92464,35.3792],[-118.92464,35.38213],[-118.92463,35.38513],[-118.92469,35.38815],[-118.92471,35.39103],[-118.9247,35.39362],[-118.92471,35.39578],[-118.92474,35.39757],[-118.92474,35.39796],[-118.92473,35.39901],[-118.92842,35.39898],[-118.93232,35.39896],[-118.93623,35.39891],[-118.93958,35.39886],[-118.93983,35.39839]]}},{"type":"Feature","properties":{"id":"301684","type":"AC; OVERHEAD","status":"IN SERVICE","owner":"NEVADA POWER COMPANY","voltage":500,"voltClass":"500"},"geometry":{"type":"LineString","coordinates":[[-114.83474,35.92781],[-114.83476,35.92389],[-114.83853,35.92293],[-114.84266,35.92257],[-114.8567,35.92438],[-114.85743,35.9239],[-114.85907,35.92299],[-114.87019,35.91224],[-114.8874,35.89556],[-114.90259,35.88079],[-114.91779,35.86608],[-114.93516,35.84927],[-114.9525,35.83243],[-114.9547,35.83029],[-114.95765,35.82874],[-114.96687,35.82384],[-114.97126,35.82354],[-115.00026,35.82347],[-115.00552,35.82349],[-115.00812,35.82126],[-115.01132,35.81923]]}},{"type":"Feature","properties":{"id":"301762","type":"AC; OVERHEAD","status":"IN SERVICE","owner":"PACIFIC GAS & ELECTRIC COMPANY","voltage":115,"voltClass":"100-161"},"geometry":{"type":"LineString","coordinates":[[-119.63909,36.6108],[-119.63778,36.61048],[-119.63177,36.60968],[-119.62822,36.60872],[-119.62031,36.60892],[-119.61643,36.60908],[-119.60726,36.609],[-119.60409,36.60899],[-119.60191,36.6091],[-119.60083,36.6093],[-119.56598,36.60916],[-119.55754,36.61543],[-119.55708,36.61584],[-119.55704,36.61607],[-119.55223,36.61602],[-119.54459,36.61596],[-119.54358,36.61594],[-119.54248,36.61621],[-119.53344,36.61837],[-119.52996,36.61919],[-119.52551,36.61914],[-119.52449,36.61932],[-119.52115,36.61927],[-119.52,36.61879],[-119.51131,36.61557],[-119.49616,36.6154],[-119.48532,36.61533],[-119.48419,36.61593],[-119.47744,36.61587],[-119.47636,36.61554],[-119.47524,36.61522],[-119.47089,36.61519],[-119.45771,36.61519],[-119.45313,36.61522],[-119.4526,36.61536]]}},{"type":"Feature","properties":{"id":"301733","type":"AC; OVERHEAD","status":"IN SERVICE","owner":"PACIFIC GAS & ELECTRIC COMPANY","voltage":115,"voltClass":"100-161"},"geometry":{"type":"LineString","coordinates":[[-119.73479,36.76426],[-119.71914,36.75434],[-119.71775,36.75313],[-119.71602,36.75313],[-119.71163,36.75199],[-119.70298,36.74973],[-119.69991,36.74942],[-119.69991,36.7519],[-119.69819,36.75222],[-119.69102,36.75284],[-119.69103,36.75394],[-119.68795,36.75406],[-119.67748,36.75393],[-119.67773,36.76748],[-119.67757,36.76838],[-119.67757,36.7703],[-119.6733,36.77034],[-119.6733,36.77762],[-119.67413,36.77762],[-119.67413,36.77797],[-119.67385,36.77803]]}},{"type":"Feature","properties":{"id":"301796","type":"AC; OVERHEAD","status":"IN SERVICE","owner":"PACIFIC GAS & ELECTRIC COMPANY","voltage":115,"voltClass":"100-161"},"geometry":{"type":"LineString","coordinates":[[-119.70034,36.74879],[-119.70048,36.74883],[-119.70231,36.74928],[-119.70741,36.75057],[-119.71622,36.7528],[-119.71806,36.75285],[-119.7194,36.75418],[-119.7206,36.75486],[-119.72781,36.75943],[-119.73497,36.76392],[-119.73479,36.76426]]}},{"type":"Feature","properties":{"id":"301813","type":"AC; OVERHEAD","status":"IN SERVICE","owner":"PACIFIC GAS & ELECTRIC COMPANY","voltage":230,"voltClass":"220-287"},"geometry":{"type":"LineString","coordinates":[[-119.88292,36.70563],[-119.88055,36.70654],[-119.88017,36.7597],[-119.88068,36.79371],[-119.90063,36.79343],[-119.90048,36.80553],[-119.90069,36.81676],[-119.90077,36.82307],[-119.92059,36.843],[-119.92218,36.84478]]}},{"type":"Feature","properties":{"id":"301820","type":"AC; OVERHEAD","status":"IN SERVICE","owner":"NEVADA POWER COMPANY","voltage":138,"voltClass":"100-161"},"geometry":{"type":"LineString","coordinates":[[-115.09636,36.27466],[-115.09492,36.27372],[-115.0942,36.2732],[-115.09431,36.2692],[-115.1041,36.26913],[-115.11899,36.26904],[-115.13326,36.26892],[-115.13879,36.26901],[-115.14378,36.26912],[-115.14267,36.20288],[-115.18074,36.20254],[-115.18778,36.20036],[-115.19215,36.20265],[-115.1944,36.2026],[-115.20569,36.20266],[-115.20611,36.1885],[-115.20808,36.18807],[-115.2151,36.18821],[-115.21516,36.18521],[-115.21571,36.18497]]}},{"type":"Feature","properties":{"id":"301849","type":"AC; OVERHEAD","status":"IN SERVICE","owner":"PACIFIC GAS & ELECTRIC COMPANY","voltage":115,"voltClass":"100-161"},"geometry":{"type":"LineString","coordinates":[[-119.75102,36.89627],[-119.75184,36.89576],[-119.75317,36.89574],[-119.75452,36.89575],[-119.7559,36.89575],[-119.75727,36.89575],[-119.75864,36.89575],[-119.76,36.89576],[-119.76136,36.89575],[-119.76274,36.89574],[-119.76397,36.89575],[-119.76539,36.89574],[-119.76664,36.8957],[-119.76793,36.89566],[-119.7691,36.89567],[-119.77038,36.89566],[-119.77173,36.89566],[-119.77313,36.89564],[-119.77451,36.89564],[-119.77577,36.89563],[-119.77714,36.89562],[-119.77848,36.89561],[-119.77987,36.8956],[-119.78124,36.8956],[-119.7826,36.89559],[-119.78385,36.89557],[-119.78534,36.89563],[-119.78704,36.89569],[-119.79042,36.89572],[-119.7918,36.89573],[-119.79346,36.89558],[-119.79441,36.89561],[-119.79529,36.89561],[-119.7963,36.89559],[-119.79741,36.89559],[-119.79898,36.89558],[-119.79984,36.89557],[-119.80008,36.89542],[-119.80088,36.8954],[-119.80191,36.8954],[-119.80295,36.89535],[-119.80399,36.8953],[-119.80504,36.89525],[-119.80609,36.8952],[-119.80711,36.89516],[-119.80802,36.89513],[-119.80888,36.89508],[-119.80984,36.89504],[-119.81073,36.895],[-119.81161,36.89496],[-119.81249,36.89491],[-119.81337,36.89487],[-119.81421,36.89484],[-119.81506,36.8948],[-119.81593,36.89476],[-119.81707,36.89471],[-119.81821,36.89466],[-119.81935,36.89461],[-119.82027,36.89457],[-119.82106,36.89453],[-119.82115,36.89432],[-119.82117,36.89359],[-119.82118,36.89269],[-119.82121,36.89178],[-119.82123,36.89088],[-119.82125,36.88996],[-119.82129,36.88903],[-119.8213,36.88816],[-119.82132,36.88714],[-119.82133,36.88643],[-119.82135,36.88552],[-119.82138,36.8846],[-119.82141,36.8837],[-119.82143,36.88282],[-119.82145,36.88192],[-119.82148,36.88093],[-119.8215,36.88008],[-119.82278,36.88007],[-119.82375,36.88009],[-119.82473,36.88011],[-119.82538,36.88013],[-119.82622,36.88015],[-119.82723,36.88018],[-119.82826,36.88021],[-119.82928,36.88023],[-119.8303,36.88026],[-119.8313,36.88029],[-119.8323,36.88031],[-119.83329,36.88033],[-119.83428,36.88036],[-119.83525,36.88039],[-119.83624,36.88041],[-119.83721,36.88043],[-119.83819,36.88046],[-119.83915,36.88048],[-119.84042,36.88048],[-119.84165,36.88049],[-119.8428,36.88049],[-119.84391,36.88049],[-119.84498,36.88049],[-119.84598,36.88048],[-119.84716,36.88049],[-119.84814,36.88049],[-119.84911,36.88049],[-119.85001,36.88049],[-119.8509,36.88048],[-119.85189,36.88048],[-119.85298,36.88049],[-119.85405,36.88049],[-119.8551,36.88049],[-119.85623,36.88049],[-119.85731,36.8805],[-119.85839,36.88048],[-119.8595,36.88049],[-119.8606,36.88049],[-119.86175,36.88051],[-119.86288,36.88048],[-119.86397,36.88049],[-119.86617,36.88049],[-119.86727,36.88047],[-119.86836,36.88047],[-119.86949,36.88048],[-119.87072,36.88048],[-119.8717,36.88048],[-119.87285,36.88048],[-119.87397,36.88048],[-119.87505,36.88048],[-119.87625,36.88049],[-119.87736,36.88049],[-119.87849,36.88048],[-119.87955,36.88048],[-119.88043,36.88047],[-119.88131,36.88048],[-119.8823,36.88048],[-119.88338,36.88048],[-119.88454,36.88047],[-119.88569,36.88046],[-119.88681,36.88046],[-119.88795,36.88046],[-119.8891,36.88046],[-119.89029,36.88047],[-119.89142,36.88046],[-119.8925,36.88045],[-119.89353,36.88045],[-119.89473,36.88044],[-119.89582,36.88044],[-119.89675,36.88044],[-119.89746,36.88044],[-119.89764,36.88044],[-119.89849,36.88044],[-119.89951,36.88043],[-119.90053,36.88043],[-119.90155,36.88043],[-119.90258,36.88042],[-119.90362,36.88041],[-119.90458,36.88041],[-119.90561,36.88041],[-119.90664,36.88039],[-119.90776,36.88039],[-119.90888,36.88039],[-119.91002,36.88038],[-119.91114,36.88038],[-119.91115,36.87975],[-119.91115,36.87879],[-119.91116,36.87802],[-119.91116,36.877],[-119.91116,36.87598],[-119.91117,36.87497],[-119.91116,36.87401],[-119.91117,36.87305],[-119.91116,36.87223],[-119.91117,36.87135],[-119.91118,36.87045],[-119.91118,36.86955],[-119.91118,36.86864],[-119.91119,36.86774],[-119.91119,36.86685],[-119.91119,36.86595],[-119.91119,36.86523],[-119.91118,36.86447],[-119.91118,36.86377],[-119.91117,36.86311],[-119.91117,36.8623],[-119.91116,36.86131],[-119.91114,36.86031],[-119.91114,36.85921],[-119.9111,36.85815],[-119.91108,36.85732],[-119.91107,36.85655],[-119.91101,36.85566],[-119.91099,36.85501],[-119.91097,36.85405],[-119.91094,36.85312],[-119.91092,36.85227],[-119.91092,36.85165],[-119.91202,36.85144],[-119.91319,36.85142],[-119.91436,36.85142],[-119.9145,36.85124],[-119.91504,36.85062],[-119.91543,36.84973],[-119.9163,36.84909],[-119.9164,36.84899],[-119.91705,36.84825],[-119.91778,36.84737],[-119.91995,36.84444],[-119.92026,36.84373],[-119.92038,36.84346],[-119.92234,36.84284],[-119.92218,36.84478]]}},{"type":"Feature","properties":{"id":"301852","type":"AC; OVERHEAD","status":"IN SERVICE","owner":null,"voltage":230,"voltClass":"220-287"},"geometry":{"type":"LineString","coordinates":[[-118.92193,35.36115],[-118.92166,35.35936],[-118.91077,35.34755],[-118.8965,35.33645],[-118.89014,35.33083],[-118.83473,35.26945],[-118.72256,35.10577],[-118.67899,35.05587],[-118.64026,35.03674],[-118.63305,35.03238],[-118.61985,35.0255],[-118.60015,35.01861],[-118.58481,35.01453],[-118.5675,35.00233],[-118.54333,34.99055],[-118.48943,34.91634],[-118.43336,34.84777],[-118.30685,34.69233],[-118.30642,34.69178],[-118.3062,34.69147],[-118.30247,34.68705],[-118.30132,34.68745],[-118.29869,34.68641]]}},{"type":"Feature","properties":{"id":"302452","type":"AC; OVERHEAD","status":"IN SERVICE","owner":null,"voltage":230,"voltClass":"220-287"},"geometry":{"type":"LineString","coordinates":[[-118.93808,36.10796],[-118.93965,36.11109],[-118.94569,36.13016],[-118.95702,36.17522],[-118.97308,36.24077],[-118.98403,36.28491],[-118.99402,36.33095],[-119.0058,36.38711],[-119.04842,36.43697],[-119.08208,36.50058],[-119.10425,36.55172],[-119.12689,36.58839],[-119.14008,36.61614],[-119.14811,36.63356],[-119.16564,36.66563],[-119.16821,36.66784],[-119.17303,36.67708],[-119.19419,36.71303],[-119.20124,36.72746],[-119.22715,36.74869],[-119.25879,36.77133],[-119.31272,36.78844],[-119.33443,36.81061],[-119.34085,36.82332],[-119.36548,36.85492],[-119.43483,36.90904],[-119.45967,36.92721],[-119.46839,36.97158],[-119.51083,37.10515],[-119.48867,37.13893]]}},{"type":"Feature","properties":{"id":"302460","type":"AC; OVERHEAD","status":"IN SERVICE","owner":"PACIFIC GAS & ELECTRIC COMPANY","voltage":230,"voltClass":"220-287"},"geometry":{"type":"LineString","coordinates":[[-118.96377,37.03914],[-118.96425,37.03916],[-118.96711,37.03833],[-118.97278,37.03654],[-118.97524,37.03637],[-118.97793,37.03621],[-118.98062,37.03602],[-118.98286,37.03553],[-118.99066,37.03381],[-118.99431,37.03199],[-118.997,37.02862],[-119.0015,37.02316],[-119.00375,37.02114],[-119.01034,37.01721],[-119.01812,37.01209],[-119.02214,37.00951],[-119.02633,37.00711],[-119.03238,37.00355],[-119.03402,37.00205],[-119.03555,37.00072],[-119.04357,36.99666],[-119.04801,36.99595],[-119.0588,36.99418],[-119.06756,36.99246],[-119.09021,36.98714],[-119.09528,36.98704],[-119.09747,36.98695],[-119.10081,36.98698],[-119.10885,36.98844],[-119.11197,36.989],[-119.11412,36.98835],[-119.11661,36.98758],[-119.11997,36.98556],[-119.127,36.98118],[-119.13153,36.97838],[-119.13802,36.97775],[-119.14228,36.97709],[-119.14787,36.97434],[-119.16201,36.96734],[-119.16543,36.96174],[-119.1707,36.96025],[-119.17216,36.95992],[-119.17647,36.9586],[-119.17954,36.95869],[-119.1866,36.95885],[-119.19276,36.959],[-119.19513,36.95949],[-119.19923,36.96031],[-119.20223,36.96094],[-119.20728,36.96166],[-119.21036,36.96194],[-119.21372,36.96224],[-119.21622,36.96275],[-119.23762,36.96954],[-119.25145,36.96826],[-119.28046,36.96203],[-119.28937,36.96479],[-119.30244,36.96004],[-119.30289,36.95706],[-119.32783,36.9506],[-119.44711,36.94756],[-119.51685,36.93746],[-119.57852,36.95161],[-119.68263,36.94453],[-119.82213,36.94453],[-119.85953,36.92634],[-119.91209,36.91825],[-119.917,36.8533]]}},{"type":"Feature","properties":{"id":"302481","type":"AC; OVERHEAD","status":"IN SERVICE","owner":"PACIFIC GAS & ELECTRIC COMPANY","voltage":230,"voltClass":"220-287"},"geometry":{"type":"LineString","coordinates":[[-120.17629,36.59163],[-120.17611,36.59297],[-120.17392,36.593],[-120.17181,36.59317],[-120.15383,36.59336],[-120.11089,36.59374],[-120.02409,36.59341],[-119.98869,36.59341]]}},{"type":"Feature","properties":{"id":"302509","type":"AC; OVERHEAD","status":"IN SERVICE","owner":null,"voltage":230,"voltClass":"220-287"},"geometry":{"type":"LineString","coordinates":[[-115.97379,39.54494],[-116.06889,39.556],[-116.11601,39.55778],[-116.16086,39.55933],[-116.24012,39.5623],[-116.25642,39.56285],[-116.27504,39.5635],[-116.29276,39.5641],[-116.31187,39.56474],[-116.31499,39.56483],[-116.31796,39.56437],[-116.34227,39.56002],[-116.36972,39.55514],[-116.39421,39.55072],[-116.42133,39.54588],[-116.45609,39.53963],[-116.48641,39.53415],[-116.51324,39.52933],[-116.53244,39.52586],[-116.53867,39.52472],[-116.55728,39.52138],[-116.57579,39.518],[-116.59647,39.51428],[-116.6144,39.51104],[-116.63157,39.50794],[-116.65003,39.50457],[-116.67411,39.5002],[-116.6824,39.49699],[-116.69963,39.49036],[-116.71922,39.48284],[-116.73561,39.47654],[-116.74729,39.47202],[-116.75695,39.47144],[-116.76365,39.47104],[-116.77277,39.47048],[-116.77569,39.47191],[-116.78326,39.47562],[-116.79081,39.4791],[-116.80064,39.48399],[-116.81115,39.48901],[-116.82037,39.49347],[-116.83093,39.49853],[-116.83548,39.50014],[-116.84794,39.50334],[-116.85917,39.50599]]}},{"type":"Feature","properties":{"id":"302584","type":"AC; OVERHEAD","status":"IN SERVICE","owner":null,"voltage":120,"voltClass":"100-161"},"geometry":{"type":"LineString","coordinates":[[-116.43529,40.99063],[-116.4363,40.99068],[-116.43632,40.99299],[-116.4376,40.99472],[-116.44516,41.00531],[-116.4508,41.0131],[-116.45453,41.0183],[-116.45578,41.02207],[-116.45783,41.02838],[-116.45794,41.03379],[-116.45819,41.04582],[-116.45833,41.0519],[-116.45731,41.05443],[-116.455,41.06004],[-116.45055,41.07082],[-116.44942,41.08027],[-116.42611,41.09339],[-116.42344,41.09467]]}},{"type":"Feature","properties":{"id":"302575","type":"AC; OVERHEAD","status":"IN SERVICE","owner":"SIERRA PACIFIC POWER COMPANY","voltage":120,"voltClass":"100-161"},"geometry":{"type":"LineString","coordinates":[[-119.56377,39.22944],[-119.56485,39.22938],[-119.57017,39.22557],[-119.57479,39.22223],[-119.57878,39.2059],[-119.57881,39.20074],[-119.5827,39.19309],[-119.5846,39.18935],[-119.5847,39.1893],[-119.62398,39.20103],[-119.64761,39.20576],[-119.69602,39.18887],[-119.69534,39.11961],[-119.69551,39.08713],[-119.69569,39.08685]]}},{"type":"Feature","properties":{"id":"302593","type":"AC; OVERHEAD","status":"IN SERVICE","owner":"PACIFIC GAS & ELECTRIC COMPANY","voltage":230,"voltClass":"220-287"},"geometry":{"type":"LineString","coordinates":[[-119.89711,36.70558],[-119.8972,36.72383],[-119.89748,36.7448],[-119.89724,36.75111],[-119.89741,36.76522],[-119.89806,36.78067],[-119.89864,36.78361],[-119.90002,36.78567],[-119.90058,36.78833],[-119.90061,36.79142],[-119.89991,36.79887],[-119.90014,36.81469],[-119.89928,36.82478],[-119.90547,36.83061],[-119.90858,36.83353],[-119.91605,36.84022],[-119.92217,36.84449],[-119.92218,36.84478]]}},{"type":"Feature","properties":{"id":"302596","type":"AC; OVERHEAD","status":"IN SERVICE","owner":"NEVADA POWER COMPANY","voltage":500,"voltClass":"500"},"geometry":{"type":"LineString","coordinates":[[-114.90867,36.42904],[-114.91144,36.42724],[-114.92259,36.41875],[-114.92499,36.41695],[-114.94458,36.417],[-114.95118,36.41724],[-114.95701,36.41466],[-114.96112,36.41284],[-114.96165,36.41258],[-114.96147,36.4116]]}},{"type":"Feature","properties":{"id":"302599","type":"AC; OVERHEAD","status":"IN SERVICE","owner":"NEVADA POWER COMPANY","voltage":230,"voltClass":"220-287"},"geometry":{"type":"LineString","coordinates":[[-115.17993,36.1023],[-115.18121,36.10503],[-115.18109,36.11066],[-115.18114,36.11129],[-115.18151,36.1121],[-115.18214,36.11255],[-115.18313,36.11331],[-115.18315,36.11544],[-115.18643,36.11542],[-115.18692,36.11551],[-115.18901,36.11518],[-115.19157,36.11522],[-115.1991,36.11518],[-115.20813,36.11509],[-115.21299,36.11483],[-115.21356,36.11403]]}},{"type":"Feature","properties":{"id":"302600","type":"AC; OVERHEAD","status":"IN SERVICE","owner":"HARNEY ELECTRIC COOPERATIVE","voltage":115,"voltClass":"100-161"},"geometry":{"type":"LineString","coordinates":[[-117.8482,41.69324],[-117.85297,41.69332],[-117.86645,41.6936],[-117.87555,41.6936],[-117.89687,41.69403],[-117.93075,41.69487],[-117.95893,41.6954],[-117.97519,41.69573],[-117.98951,41.69601],[-118.0071,41.69762],[-118.03208,41.69686],[-118.07813,41.69772],[-118.09392,41.69821],[-118.10509,41.69867],[-118.10799,41.69879],[-118.11282,41.70043],[-118.11714,41.69978],[-118.12227,41.69899],[-118.12914,41.69932],[-118.13339,41.69957],[-118.13527,41.70494],[-118.13782,41.71251],[-118.13986,41.71853],[-118.14241,41.72595],[-118.14496,41.73352],[-118.14793,41.74211],[-118.15689,41.74241],[-118.18523,41.74341],[-118.1989,41.74396],[-118.20653,41.74429]]}},{"type":"Feature","properties":{"id":"302610","type":"AC; OVERHEAD","status":"IN SERVICE","owner":null,"voltage":120,"voltClass":"100-161"},"geometry":{"type":"LineString","coordinates":[[-117.63234,37.75433],[-117.62931,37.75154],[-117.63102,37.74726],[-117.64519,37.73443],[-117.69416,37.68795],[-117.74118,37.64312],[-117.78682,37.60001],[-117.84726,37.54183],[-117.88628,37.50447],[-117.99985,37.39601],[-118.17534,37.44124],[-118.17896,37.40913],[-118.43993,37.39601],[-118.46345,37.35998],[-118.48115,37.33595]]}},{"type":"Feature","properties":{"id":"302804","type":"AC; OVERHEAD","status":"IN SERVICE","owner":"AZUSA LIGHT & POWER","voltage":115,"voltClass":"100-161"},"geometry":{"type":"LineString","coordinates":[[-119.12335,37.76706],[-119.12202,37.76681],[-119.10953,37.76722],[-119.10006,37.7676],[-119.0988,37.76763],[-119.0978,37.7682],[-119.09411,37.77352],[-119.08841,37.7818],[-119.08556,37.78583],[-119.08521,37.78634],[-119.08466,37.78781],[-119.08156,37.79044],[-119.07475,37.79601],[-119.07606,37.80514],[-119.07709,37.81583],[-119.08033,37.82934],[-119.0839,37.84443],[-119.08706,37.85841],[-119.08819,37.86356],[-119.09002,37.8717],[-119.09085,37.87564],[-119.09104,37.87609],[-119.09112,37.87618],[-119.09142,37.87762],[-119.092,37.88006],[-119.09346,37.88602],[-119.09325,37.88741],[-119.09245,37.89174],[-119.09208,37.89377],[-119.09182,37.89543],[-119.09191,37.89832],[-119.09195,37.90479],[-119.0919,37.91161],[-119.09181,37.91707],[-119.09177,37.92409],[-119.0948,37.9316],[-119.09622,37.93512],[-119.0987,37.93901],[-119.10236,37.9446],[-119.10505,37.9487],[-119.10931,37.94991],[-119.11353,37.95109],[-119.11574,37.95174],[-119.11622,37.95189],[-119.11686,37.95219]]}},{"type":"Feature","properties":{"id":"302824","type":"AC; OVERHEAD","status":"IN SERVICE","owner":"PACIFIC GAS & ELECTRIC COMPANY","voltage":115,"voltClass":"100-161"},"geometry":{"type":"LineString","coordinates":[[-118.97763,35.31441],[-118.97871,35.31443],[-118.98305,35.31439],[-118.98455,35.3143],[-118.98525,35.31436],[-118.98565,35.3144],[-118.98874,35.31355],[-118.99198,35.31286],[-118.99529,35.31238],[-118.99878,35.31213],[-119.00266,35.31209],[-119.00292,35.31209],[-119.00581,35.31209],[-119.00876,35.31212],[-119.01203,35.31211],[-119.01523,35.31211],[-119.01819,35.31212],[-119.02144,35.31245],[-119.02427,35.31307],[-119.0272,35.3137],[-119.03024,35.31432],[-119.03334,35.31433],[-119.03592,35.31424],[-119.03941,35.31434],[-119.04251,35.31446],[-119.04545,35.31464],[-119.04869,35.3151],[-119.0516,35.31588],[-119.05439,35.31673],[-119.05739,35.31785],[-119.06081,35.31786],[-119.06457,35.31788],[-119.06725,35.31785],[-119.06768,35.31708]]}},{"type":"Feature","properties":{"id":"302853","type":"AC; OVERHEAD","status":"IN SERVICE","owner":"SIERRA PACIFIC POWER COMPANY","voltage":120,"voltClass":"100-161"},"geometry":{"type":"LineString","coordinates":[[-118.54604,38.62042],[-118.547,38.62109],[-118.55372,38.62421],[-118.56613,38.62998],[-118.58746,38.63991],[-118.603,38.6471],[-118.619,38.65456],[-118.63065,38.65994],[-118.63627,38.66251],[-118.63767,38.67665],[-118.63902,38.69006],[-118.6406,38.70598],[-118.64129,38.71244],[-118.64245,38.72404],[-118.64337,38.73208],[-118.64841,38.75018],[-118.6526,38.7644],[-118.65647,38.7785],[-118.66036,38.79195],[-118.66545,38.81001],[-118.6699,38.82651],[-118.68551,38.82403],[-118.70569,38.82087],[-118.72635,38.81773],[-118.73315,38.81663],[-118.74019,38.8155],[-118.75148,38.81374],[-118.77886,38.80948],[-118.78029,38.81036],[-118.79769,38.82075],[-118.81808,38.83303],[-118.82311,38.83695],[-118.85324,38.85159],[-118.86471,38.85919],[-118.89166,38.87227],[-118.90482,38.87866],[-118.91425,38.88325],[-118.92392,38.88815],[-118.93897,38.91207],[-118.96187,38.94883],[-118.99031,38.99295],[-118.99455,38.99963],[-119.00938,39.02288],[-119.01838,39.03697],[-119.0301,39.05593],[-119.04637,39.10633],[-119.05005,39.12168],[-119.05581,39.12043],[-119.12652,39.12747],[-119.13229,39.12736],[-119.1332,39.12817]]}},{"type":"Feature","properties":{"id":"302862","type":"AC; OVERHEAD","status":"IN SERVICE","owner":"PACIFIC GAS & ELECTRIC COMPANY","voltage":115,"voltClass":"100-161"},"geometry":{"type":"LineString","coordinates":[[-119.74036,36.69049],[-119.74008,36.69058],[-119.73914,36.69053],[-119.73912,36.69134],[-119.73915,36.69219],[-119.73916,36.69232],[-119.73769,36.69233],[-119.73671,36.69232],[-119.7323,36.69247],[-119.72854,36.69258],[-119.72695,36.69262],[-119.72681,36.69262],[-119.72654,36.69324]]}},{"type":"Feature","properties":{"id":"302894","type":"AC; OVERHEAD","status":"IN SERVICE","owner":"AZUSA LIGHT & POWER","voltage":500,"voltClass":"500"},"geometry":{"type":"LineString","coordinates":[[-118.29869,34.68641],[-118.30007,34.68494],[-118.30115,34.68464],[-118.30636,34.69094],[-118.31447,34.70094],[-118.31375,34.70223],[-118.31412,34.7044],[-118.31642,34.70621],[-118.31826,34.81306],[-118.31926,34.81947],[-118.31941,34.85649],[-118.31267,34.8667],[-118.31412,34.86882],[-118.31425,34.87937],[-118.31485,34.93795],[-118.31538,34.99018],[-118.28291,35.01624],[-118.28285,35.02863],[-118.27992,35.03089],[-118.27978,35.03177],[-118.28073,35.03504]]}},{"type":"Feature","properties":{"id":"302929","type":"AC; OVERHEAD","status":"IN SERVICE","owner":"NV ENERGY","voltage":230,"voltClass":"220-287"},"geometry":{"type":"LineString","coordinates":[[-114.83474,35.92781],[-114.83635,35.92521],[-114.84259,35.92471],[-114.86118,35.92778],[-114.86165,35.93088],[-114.86125,35.93738],[-114.88723,35.95047],[-114.88898,35.9523],[-114.90897,35.9671],[-114.91247,35.97732],[-114.91263,35.9801],[-114.91316,35.98883],[-114.91422,36.00005],[-114.91553,36.01084],[-114.91585,36.01513],[-114.91778,36.02553],[-114.91946,36.02559]]}},{"type":"Feature","properties":{"id":"302945","type":"AC; OVERHEAD","status":"IN SERVICE","owner":"NEVADA POWER COMPANY","voltage":230,"voltClass":"220-287"},"geometry":{"type":"LineString","coordinates":[[-115.00854,35.79732],[-115.00564,35.79952],[-115.00362,35.80387],[-115.00235,35.81281],[-115.00273,35.81325],[-115.00567,35.81353],[-115.00365,35.82878],[-115.00548,35.83159],[-115.00438,35.83927],[-114.99937,35.87363],[-114.99857,35.8791],[-114.99837,35.91166],[-114.99825,35.94131],[-114.9989,35.94467],[-115.00122,35.94838],[-115.00403,35.95205],[-115.0105,35.95776],[-115.02857,35.96335],[-115.03275,35.96464],[-115.04679,35.9664],[-115.05446,35.96887],[-115.06168,35.97045],[-115.06462,35.97106],[-115.06612,35.96432],[-115.06505,35.96121],[-115.06645,35.95802],[-115.07392,35.93993],[-115.07718,35.93832],[-115.07996,35.93795],[-115.08725,35.93708],[-115.10182,35.92547],[-115.11464,35.9258],[-115.11878,35.92532],[-115.12522,35.92408],[-115.13027,35.92356],[-115.13668,35.9236],[-115.17419,35.92579],[-115.17488,35.92693]]}},{"type":"Feature","properties":{"id":"303001","type":"AC; OVERHEAD","status":"IN SERVICE","owner":"NEVADA POWER COMPANY","voltage":138,"voltClass":"100-161"},"geometry":{"type":"LineString","coordinates":[[-115.0425,36.0532],[-115.04238,36.05376],[-115.04188,36.05374],[-115.04179,36.05601],[-115.03825,36.05633],[-115.0373,36.05652],[-115.03732,36.05775],[-115.03654,36.06021],[-115.03634,36.06303],[-115.03644,36.06549],[-115.03643,36.06965],[-115.03797,36.07208],[-115.03877,36.07397],[-115.03954,36.07507],[-115.04277,36.07857],[-115.04238,36.07973],[-115.0456,36.08501],[-115.04943,36.08641]]}},{"type":"Feature","properties":{"id":"303003","type":"AC; OVERHEAD","status":"IN SERVICE","owner":null,"voltage":230,"voltClass":"220-287"},"geometry":{"type":"LineString","coordinates":[[-114.56594,35.1947],[-114.56625,35.19343],[-114.56528,35.19136],[-114.5645,35.18945],[-114.56308,35.18757],[-114.56056,35.18463],[-114.55784,35.18073],[-114.55498,35.17814],[-114.55267,35.17184],[-114.55029,35.16557],[-114.54247,35.14499],[-114.53968,35.13748],[-114.5367,35.12961],[-114.53459,35.12401],[-114.52724,35.10449],[-114.51255,35.06542],[-114.50165,35.03656],[-114.49613,35.0219],[-114.48503,34.99244],[-114.45426,34.91044],[-114.45462,34.90902],[-114.45499,34.90821]]}},{"type":"Feature","properties":{"id":"301865","type":"AC; OVERHEAD","status":"IN SERVICE","owner":"AZUSA LIGHT & POWER","voltage":115,"voltClass":"100-161"},"geometry":{"type":"LineString","coordinates":[[-118.44097,37.34222],[-118.44139,37.33997],[-118.43784,37.33775],[-118.43758,37.33597],[-118.4753,37.33653],[-118.47972,37.33661],[-118.48115,37.33595]]}},{"type":"Feature","properties":{"id":"301874","type":"AC; OVERHEAD","status":"IN SERVICE","owner":"SIERRA PACIFIC POWER COMPANY","voltage":120,"voltClass":"100-161"},"geometry":{"type":"LineString","coordinates":[[-119.76933,39.52267],[-119.76992,39.5228],[-119.77044,39.52315],[-119.77122,39.52393],[-119.7713,39.52472],[-119.77128,39.52581],[-119.77133,39.5343],[-119.7714,39.53875],[-119.7714,39.54081],[-119.77125,39.54524],[-119.771,39.55454],[-119.77113,39.55542],[-119.77178,39.55645],[-119.77231,39.55714],[-119.77689,39.55718],[-119.78221,39.5565],[-119.78621,39.55617],[-119.78894,39.5561],[-119.79077,39.55462],[-119.79212,39.55462],[-119.79217,39.55291],[-119.79597,39.55287],[-119.80105,39.55279],[-119.80204,39.55364],[-119.80313,39.5538],[-119.80446,39.55365],[-119.80557,39.554],[-119.80711,39.55414]]}},{"type":"Feature","properties":{"id":"301878","type":"AC; OVERHEAD","status":"IN SERVICE","owner":"SIERRA PACIFIC POWER COMPANY","voltage":120,"voltClass":"100-161"},"geometry":{"type":"LineString","coordinates":[[-119.80648,39.52948],[-119.80613,39.52971],[-119.80439,39.53004],[-119.80441,39.53148],[-119.80476,39.53185],[-119.80482,39.53468],[-119.80486,39.53624],[-119.80652,39.53634],[-119.80757,39.53634],[-119.8078,39.54161],[-119.80779,39.54625],[-119.80778,39.55009],[-119.80776,39.55366],[-119.80711,39.55414]]}},{"type":"Feature","properties":{"id":"301906","type":"AC; OVERHEAD","status":"IN SERVICE","owner":"PACIFIC GAS & ELECTRIC COMPANY","voltage":115,"voltClass":"100-161"},"geometry":{"type":"LineString","coordinates":[[-119.06768,35.31708],[-119.06783,35.31794],[-119.06851,35.31793],[-119.07211,35.31793],[-119.07589,35.31795],[-119.07968,35.31795],[-119.08344,35.31798],[-119.08716,35.31801],[-119.09094,35.31798],[-119.09397,35.31801],[-119.09633,35.31801],[-119.09632,35.31991],[-119.09631,35.32238],[-119.0963,35.32486],[-119.09625,35.32694],[-119.09618,35.32934],[-119.09611,35.33165],[-119.09605,35.33396],[-119.09598,35.3362],[-119.09591,35.33854],[-119.09585,35.34057],[-119.09581,35.34254],[-119.0958,35.34479],[-119.09582,35.34755],[-119.09573,35.35005],[-119.09559,35.35253],[-119.09549,35.35477],[-119.09534,35.35722],[-119.09519,35.36],[-119.09517,35.36303],[-119.09516,35.36583],[-119.09514,35.36853],[-119.09515,35.37098],[-119.09514,35.37347],[-119.09509,35.37593],[-119.09695,35.37819],[-119.09709,35.3794]]}},{"type":"Feature","properties":{"id":"301969","type":"AC; OVERHEAD","status":"IN SERVICE","owner":"PACIFIC GAS & ELECTRIC COMPANY","voltage":230,"voltClass":"220-287"},"geometry":{"type":"LineString","coordinates":[[-119.45217,35.40387],[-119.44065,35.40082],[-119.41306,35.38799],[-119.27559,35.38705],[-119.18627,35.38684],[-119.13984,35.3868],[-119.10958,35.38684],[-119.09792,35.38642],[-119.09709,35.3794]]}},{"type":"Feature","properties":{"id":"301926","type":"AC; OVERHEAD","status":"IN SERVICE","owner":null,"voltage":500,"voltClass":"500"},"geometry":{"type":"LineString","coordinates":[[-115.013,35.80392],[-115.01662,35.80151],[-115.01789,35.79874],[-115.11431,35.74733],[-115.14054,35.74191],[-115.16024,35.7387],[-115.18022,35.73627],[-115.28702,35.68145],[-115.30672,35.67344],[-115.35023,35.63465],[-115.37805,35.62447],[-115.39142,35.62334],[-115.39892,35.6218],[-115.40541,35.61867],[-115.40854,35.61751],[-115.4365,35.60728],[-115.53722,35.59264],[-115.55362,35.59527],[-115.57347,35.59557],[-115.61591,35.59277],[-115.7121,35.55537],[-115.78581,35.53447],[-115.86034,35.51343],[-115.88324,35.50716],[-115.90084,35.50339],[-115.92315,35.4849],[-115.93692,35.47768],[-115.96155,35.46348],[-115.97348,35.45696],[-115.98605,35.44529],[-116.0133,35.43403],[-116.03016,35.42512],[-116.08361,35.39708],[-116.11182,35.38998],[-116.11657,35.38954],[-116.13844,35.38405],[-116.15056,35.37177],[-116.17073,35.36597],[-116.22668,35.3329],[-116.23442,35.32566],[-116.25203,35.30897],[-116.26948,35.28691],[-116.29686,35.26994],[-116.36953,35.24999],[-116.38913,35.22115],[-116.41409,35.19042],[-116.43271,35.17196],[-116.44032,35.16297],[-116.44886,35.15275],[-116.46632,35.13215],[-116.48919,35.11573],[-116.52955,35.07554],[-116.57845,35.04265],[-116.61481,35.01796],[-116.76042,34.91854],[-116.77711,34.89033],[-116.83112,34.85415],[-116.90878,34.81676],[-116.94862,34.80224],[-116.95653,34.79649],[-116.96917,34.78408],[-117.04422,34.73133],[-117.09495,34.718],[-117.13773,34.70872],[-117.15483,34.68989],[-117.17133,34.68028],[-117.20381,34.66245],[-117.24221,34.6263],[-117.27295,34.6021],[-117.2908,34.58805],[-117.31387,34.56988],[-117.31708,34.5674],[-117.32216,34.56351]]}},{"type":"Feature","properties":{"id":"301953","type":"AC; OVERHEAD","status":"IN SERVICE","owner":null,"voltage":230,"voltClass":"220-287"},"geometry":{"type":"LineString","coordinates":[[-115.4689,35.54436],[-115.46779,35.54221],[-115.38827,35.60508],[-115.35985,35.62739],[-115.35577,35.63072],[-115.34904,35.63331],[-115.31832,35.66129],[-115.30573,35.67218],[-115.28627,35.6797],[-115.25325,35.69661],[-115.20542,35.72146],[-115.17959,35.73432],[-115.15921,35.737],[-115.14509,35.73926],[-115.11888,35.74441],[-115.11547,35.74514],[-115.11332,35.74588],[-115.07126,35.76835],[-115.01912,35.79608],[-115.0141,35.79842],[-115.00854,35.79732]]}},{"type":"Feature","properties":{"id":"302006","type":"AC; OVERHEAD","status":"IN SERVICE","owner":"PACIFIC GAS & ELECTRIC COMPANY","voltage":115,"voltClass":"100-161"},"geometry":{"type":"LineString","coordinates":[[-119.08822,36.90878],[-119.0885,36.90892],[-119.09037,36.90835],[-119.09536,36.90782],[-119.10042,36.90746],[-119.10194,36.90689],[-119.10995,36.90478],[-119.11603,36.90322],[-119.12083,36.90205],[-119.12241,36.90047],[-119.12246,36.89607],[-119.12228,36.89077],[-119.12148,36.88688],[-119.12049,36.88265],[-119.12022,36.87936],[-119.12121,36.87882],[-119.12755,36.87904],[-119.13604,36.87979],[-119.14032,36.88013],[-119.14353,36.88042],[-119.14581,36.88121],[-119.14852,36.88295],[-119.15415,36.88712],[-119.15688,36.88853],[-119.15954,36.88824]]}},{"type":"Feature","properties":{"id":"302073","type":"AC; OVERHEAD","status":"IN SERVICE","owner":null,"voltage":345,"voltClass":"345"},"geometry":{"type":"LineString","coordinates":[[-119.97414,40.07483],[-119.97477,40.07475],[-119.97596,40.07575],[-119.9787,40.07599],[-119.99648,40.09134],[-120.01208,40.10679],[-120.03897,40.13364],[-120.07546,40.17001],[-120.07464,40.21686],[-120.07396,40.25381],[-120.11652,40.27245],[-120.17147,40.29642],[-120.19939,40.3215],[-120.19977,40.35206],[-120.21945,40.36695],[-120.23653,40.38926],[-120.24507,40.39678],[-120.25714,40.40152],[-120.26817,40.44089],[-120.27431,40.47195],[-120.2645,40.51578],[-120.26042,40.53383],[-120.25716,40.54832],[-120.25653,40.55119],[-120.25321,40.56261],[-120.24905,40.57705],[-120.2469,40.58435],[-120.24406,40.59071],[-120.23918,40.60176],[-120.23519,40.61065],[-120.23988,40.62124],[-120.24563,40.63432],[-120.25993,40.64788],[-120.27017,40.65764],[-120.2908,40.65954],[-120.30419,40.6664],[-120.32268,40.67585],[-120.34192,40.68565],[-120.35685,40.69346],[-120.36855,40.69958],[-120.3686,40.70575],[-120.36869,40.71963],[-120.36872,40.73084],[-120.36877,40.74425],[-120.36881,40.75166],[-120.36885,40.76346],[-120.36891,40.77501],[-120.37459,40.78538],[-120.37635,40.78858],[-120.38163,40.79819],[-120.38468,40.80373],[-120.3948,40.81152],[-120.39791,40.81392],[-120.41121,40.82414],[-120.41598,40.82781],[-120.41145,40.83142],[-120.4181,40.83644],[-120.42828,40.84405],[-120.43497,40.84906],[-120.45172,40.86163],[-120.45512,40.86418],[-120.46173,40.86913],[-120.46731,40.87482],[-120.47342,40.88105],[-120.47751,40.88709],[-120.48639,40.90024],[-120.49523,40.91331],[-120.50187,40.92313],[-120.50617,40.92947],[-120.50921,40.93396],[-120.5084,40.93614],[-120.50602,40.94246],[-120.50397,40.94806],[-120.50122,40.95546],[-120.49874,40.96207],[-120.49861,40.96379],[-120.49807,40.97048],[-120.49737,40.97375],[-120.49416,40.98867],[-120.49258,40.99595],[-120.49022,41.00671],[-120.49222,41.00699],[-120.49219,41.01423],[-120.49215,41.02554],[-120.49207,41.04052],[-120.49204,41.05116],[-120.49156,41.06423],[-120.4913,41.07118],[-120.49235,41.07529],[-120.49526,41.08672],[-120.49561,41.08805],[-120.49813,41.09791],[-120.49922,41.10217],[-120.50174,41.11204],[-120.50764,41.11781],[-120.51321,41.12324],[-120.52024,41.13232],[-120.5231,41.13601],[-120.52411,41.1373],[-120.52498,41.13916],[-120.52717,41.1438],[-120.52954,41.14877],[-120.53143,41.15276],[-120.53309,41.15514],[-120.53529,41.15806],[-120.53758,41.16106],[-120.53984,41.16405],[-120.54248,41.16753],[-120.54513,41.17101],[-120.5465,41.17282],[-120.54783,41.174],[-120.55321,41.17876],[-120.55796,41.18298],[-120.5612,41.18585],[-120.56398,41.18839],[-120.56584,41.18995],[-120.56933,41.19622],[-120.57363,41.20395],[-120.57726,41.21052],[-120.58003,41.21547],[-120.58366,41.22214],[-120.58576,41.22612],[-120.58969,41.23356],[-120.5908,41.23567],[-120.59672,41.24687],[-120.59859,41.25044],[-120.60248,41.25777],[-120.60551,41.26353],[-120.60367,41.26942],[-120.60257,41.27294],[-120.59923,41.28357],[-120.5981,41.28715],[-120.59697,41.29073],[-120.5947,41.29798],[-120.59357,41.30156],[-120.59133,41.30867],[-120.59019,41.3123],[-120.58791,41.31953],[-120.58475,41.32956],[-120.58621,41.3369],[-120.58844,41.34802],[-120.58906,41.35117],[-120.59038,41.35779],[-120.59109,41.36129],[-120.59394,41.36638],[-120.59786,41.37341],[-120.60099,41.37903],[-120.60354,41.38359],[-120.60605,41.38811],[-120.61109,41.39716],[-120.61455,41.40334],[-120.61262,41.40753],[-120.60944,41.41448],[-120.60799,41.41765],[-120.60481,41.42457],[-120.60278,41.42899],[-120.59943,41.43628],[-120.59606,41.44358],[-120.59593,41.44933],[-120.59564,41.46187],[-120.59547,41.46928],[-120.59533,41.47489],[-120.59527,41.47757],[-120.59646,41.48018],[-120.5998,41.48746],[-120.60235,41.49319],[-120.60345,41.49701],[-120.60438,41.50025],[-120.60666,41.50826],[-120.60723,41.51447],[-120.61016,41.51617],[-120.61741,41.5202],[-120.62146,41.51837],[-120.62601,41.51636],[-120.62996,41.51453],[-120.63283,41.51325],[-120.63286,41.51206],[-120.63434,41.51208],[-120.63443,41.51299]]}},{"type":"Feature","properties":{"id":"302089","type":"AC; OVERHEAD","status":"IN SERVICE","owner":"PACIFIC GAS & ELECTRIC COMPANY","voltage":115,"voltClass":"100-161"},"geometry":{"type":"LineString","coordinates":[[-119.08268,35.44162],[-119.08265,35.44387],[-119.08259,35.44573],[-119.08256,35.44759],[-119.08252,35.44922],[-119.08247,35.4513],[-119.08244,35.45334],[-119.08239,35.45541],[-119.08238,35.45747],[-119.08009,35.45745],[-119.0785,35.45745],[-119.07678,35.45745],[-119.07445,35.45746],[-119.07436,35.45746],[-119.0717,35.45634],[-119.06979,35.45542],[-119.06721,35.45429],[-119.06461,35.45315],[-119.06203,35.45202],[-119.05961,35.45203],[-119.05733,35.452],[-119.05504,35.452],[-119.05252,35.45198],[-119.05036,35.45198],[-119.04861,35.45197],[-119.04674,35.45196],[-119.04516,35.45196],[-119.04378,35.45195],[-119.04194,35.45193],[-119.03943,35.45193],[-119.03673,35.45191],[-119.03377,35.4519],[-119.03195,35.45273],[-119.02964,35.45438],[-119.02822,35.45538],[-119.0274,35.45579],[-119.02625,35.45579],[-119.02507,35.4558],[-119.02347,35.4558],[-119.02237,35.4558],[-119.02115,35.45555]]}},{"type":"Feature","properties":{"id":"302127","type":"AC; OVERHEAD","status":"IN SERVICE","owner":"PACIFIC GAS & ELECTRIC COMPANY","voltage":115,"voltClass":"100-161"},"geometry":{"type":"LineString","coordinates":[[-119.45217,35.40387],[-119.44773,35.40372],[-119.4477,35.39968],[-119.44772,35.39811],[-119.44773,35.39672],[-119.44773,35.39638],[-119.44773,35.39634],[-119.44773,35.39451],[-119.44772,35.3926],[-119.44772,35.39077],[-119.44774,35.38899],[-119.44773,35.38617],[-119.44773,35.38429],[-119.44773,35.38241],[-119.44775,35.38051],[-119.44774,35.37772],[-119.44777,35.37491],[-119.44774,35.37217],[-119.44775,35.36961],[-119.44776,35.36761],[-119.44779,35.36479],[-119.44774,35.36206],[-119.44776,35.3602],[-119.44773,35.35745],[-119.44775,35.3547],[-119.44774,35.35282],[-119.44771,35.35098],[-119.44771,35.3481],[-119.44769,35.34548],[-119.44767,35.34368],[-119.44764,35.34192],[-119.44763,35.341],[-119.44761,35.34015],[-119.44858,35.33838],[-119.44978,35.33623],[-119.45103,35.33399],[-119.45233,35.33168],[-119.45374,35.32911],[-119.45503,35.32681],[-119.45626,35.32459],[-119.45779,35.32177],[-119.4592,35.31925],[-119.46057,35.31681],[-119.46164,35.31503],[-119.46262,35.31326],[-119.46343,35.31184],[-119.46517,35.30868],[-119.46631,35.30665],[-119.46713,35.30519],[-119.46829,35.30305],[-119.46966,35.30057],[-119.47102,35.29825],[-119.47259,35.29535],[-119.47391,35.29295],[-119.4748,35.2914],[-119.47478,35.28909],[-119.4748,35.28602],[-119.47479,35.28304],[-119.47479,35.28166],[-119.4748,35.2767],[-119.4741,35.27692]]}},{"type":"Feature","properties":{"id":"302169","type":"AC; OVERHEAD","status":"IN SERVICE","owner":"AZUSA LIGHT & POWER","voltage":115,"voltClass":"100-161"},"geometry":{"type":"LineString","coordinates":[[-117.38641,35.76518],[-117.38725,35.76458],[-117.3886,35.76262],[-117.38742,35.76123],[-117.38879,35.76027],[-117.38756,35.75352],[-117.38669,35.75154],[-117.38908,35.74944],[-117.39172,35.74908],[-117.39244,35.74868],[-117.3931,35.74862],[-117.395,35.74699],[-117.39573,35.74601],[-117.39869,35.7402],[-117.3972,35.73934],[-117.39772,35.73646],[-117.40119,35.72522],[-117.40108,35.7241],[-117.40103,35.72092],[-117.39897,35.71523],[-117.39855,35.7139],[-117.39785,35.71143],[-117.39733,35.71007],[-117.39626,35.7083],[-117.39593,35.70685],[-117.39609,35.70523],[-117.39602,35.70447],[-117.39806,35.70145],[-117.39878,35.70004]]}},{"type":"Feature","properties":{"id":"302214","type":"AC; OVERHEAD","status":"IN SERVICE","owner":"SIERRA PACIFIC POWER COMPANY","voltage":120,"voltClass":"100-161"},"geometry":{"type":"LineString","coordinates":[[-117.24268,38.06926],[-117.24328,38.06633],[-117.24527,38.05987],[-117.25319,38.03591],[-117.21384,38.02846],[-117.19203,38.03727],[-117.16669,38.03316],[-117.05863,37.97934],[-116.87481,37.88736],[-116.79163,37.88687],[-116.76648,37.8858],[-116.76603,37.88586]]}},{"type":"Feature","properties":{"id":"302251","type":"AC; OVERHEAD","status":"IN SERVICE","owner":"VALLEY ELECTRIC ASSOCIATION COOPERATIVE","voltage":138,"voltClass":"100-161"},"geometry":{"type":"LineString","coordinates":[[-115.90037,36.16132],[-115.9,36.16055],[-115.88685,36.14883],[-115.88663,36.13157],[-115.94917,36.13204],[-115.94941,36.13245]]}},{"type":"Feature","properties":{"id":"302267","type":"AC; OVERHEAD","status":"IN SERVICE","owner":"AZUSA LIGHT & POWER","voltage":115,"voltClass":"100-161"},"geometry":{"type":"LineString","coordinates":[[-117.79584,35.65257],[-117.79603,35.65183],[-117.79391,35.6459],[-117.77945,35.60711],[-117.75308,35.53743],[-117.72481,35.46235],[-117.72184,35.45653],[-117.71392,35.44027],[-117.70557,35.43368],[-117.64543,35.36349],[-117.6311,35.31107],[-117.61115,35.24011],[-117.59069,35.16741],[-117.56958,35.09135],[-117.54171,34.9915],[-117.5425,34.98914]]}},{"type":"Feature","properties":{"id":"302290","type":"AC; OVERHEAD","status":"IN SERVICE","owner":"PACIFIC GAS & ELECTRIC COMPANY","voltage":115,"voltClass":"100-161"},"geometry":{"type":"LineString","coordinates":[[-119.63909,36.6108],[-119.63488,36.6111],[-119.63161,36.6102],[-119.62806,36.60955],[-119.62425,36.60931],[-119.62034,36.60945],[-119.6164,36.60961],[-119.61371,36.60958],[-119.6108,36.61022],[-119.61079,36.61106],[-119.61072,36.63274],[-119.61069,36.65613],[-119.61056,36.67916],[-119.61049,36.69279],[-119.61039,36.70023],[-119.61032,36.70559],[-119.61054,36.7064],[-119.61075,36.7073]]}},{"type":"Feature","properties":{"id":"302317","type":"AC; OVERHEAD","status":"IN SERVICE","owner":"AZUSA LIGHT & POWER","voltage":230,"voltClass":"220-287"},"geometry":{"type":"LineString","coordinates":[[-115.51558,35.25226],[-115.51987,35.25057],[-115.6174,35.20524],[-115.67114,35.18007],[-115.71879,35.15535],[-115.76294,35.1324],[-115.79496,35.11577],[-115.80259,35.11163],[-115.82227,35.10051],[-115.83222,35.08386],[-115.83829,35.08137],[-115.84683,35.07786],[-115.86213,35.07365],[-115.88058,35.06887],[-115.95029,35.04028],[-116.02415,35.03036],[-116.04693,35.01898],[-116.09157,34.99667],[-116.17128,34.93767],[-116.18014,34.92815],[-116.21069,34.89473],[-116.2243,34.88882],[-116.26831,34.86174],[-116.33094,34.82629],[-116.38474,34.78156]]}},{"type":"Feature","properties":{"id":"302385","type":"AC; OVERHEAD","status":"IN SERVICE","owner":"AZUSA LIGHT & POWER","voltage":115,"voltClass":"100-161"},"geometry":{"type":"LineString","coordinates":[[-116.85418,34.8632],[-116.85507,34.86486],[-116.85532,34.86504],[-116.85555,34.86519],[-116.85578,34.86535],[-116.856,34.86649],[-116.85614,34.86681],[-116.8562,34.86696],[-116.85685,34.86847],[-116.85683,34.87043],[-116.85682,34.87229],[-116.8568,34.87446],[-116.85679,34.87614],[-116.85679,34.87747],[-116.85677,34.88141],[-116.85681,34.88279],[-116.85654,34.88305],[-116.85477,34.88361],[-116.85301,34.88416],[-116.85125,34.88473],[-116.84949,34.88529],[-116.84773,34.88584],[-116.84596,34.88641],[-116.8442,34.88696],[-116.84245,34.88751],[-116.84068,34.88808],[-116.83893,34.88864],[-116.83716,34.8892],[-116.8354,34.88976],[-116.83364,34.89031],[-116.83187,34.89087],[-116.83013,34.89142],[-116.82926,34.89169],[-116.82836,34.89198],[-116.8266,34.89254],[-116.82484,34.89309],[-116.82304,34.89367],[-116.82129,34.89421],[-116.81957,34.89476],[-116.81787,34.8953],[-116.81618,34.89584],[-116.81449,34.89637],[-116.81279,34.8969],[-116.8111,34.89745],[-116.80941,34.89798],[-116.80772,34.89851],[-116.80602,34.89906],[-116.80432,34.8996],[-116.80241,34.90021],[-116.80072,34.90074],[-116.79904,34.90128],[-116.79734,34.90181],[-116.79567,34.90235],[-116.79397,34.90276],[-116.79228,34.90315],[-116.79058,34.90354],[-116.78889,34.90394],[-116.78719,34.90434],[-116.7855,34.90474],[-116.78381,34.90514],[-116.78212,34.90553],[-116.78043,34.90593],[-116.77873,34.90633],[-116.77704,34.90672],[-116.77702,34.90812],[-116.77698,34.90952],[-116.77697,34.9109],[-116.77693,34.9123],[-116.7769,34.91369],[-116.77687,34.91506],[-116.77687,34.91507],[-116.77683,34.91648],[-116.77681,34.91801],[-116.77678,34.91955],[-116.77674,34.92108],[-116.77671,34.92261],[-116.77667,34.92415],[-116.77663,34.92569],[-116.77658,34.92723],[-116.77655,34.92877],[-116.77652,34.93031],[-116.77648,34.93185],[-116.77646,34.93327],[-116.77641,34.93489],[-116.77739,34.93594],[-116.77844,34.93709],[-116.77948,34.93823],[-116.78063,34.93946],[-116.78166,34.94061],[-116.78261,34.94163],[-116.78372,34.94283],[-116.78469,34.9439],[-116.78575,34.94503],[-116.78574,34.9466],[-116.78574,34.94816],[-116.78575,34.94973],[-116.78576,34.95125],[-116.78575,34.9528],[-116.78577,34.95432],[-116.78578,34.95586],[-116.78578,34.95739],[-116.78579,34.9589],[-116.78578,34.96047],[-116.78579,34.96203],[-116.7858,34.96346],[-116.7858,34.9649],[-116.78581,34.96644],[-116.78584,34.96799],[-116.78585,34.96951],[-116.78586,34.97101],[-116.7859,34.9725],[-116.78592,34.97405],[-116.78594,34.97561],[-116.78598,34.97717],[-116.78601,34.9787],[-116.78604,34.98021],[-116.78608,34.98178],[-116.78611,34.98334],[-116.78614,34.98489],[-116.78618,34.98647],[-116.78621,34.98803],[-116.78624,34.98959],[-116.78626,34.99091],[-116.78629,34.99225],[-116.78632,34.99361],[-116.78634,34.99515],[-116.78637,34.9967],[-116.78639,34.99812],[-116.78641,34.99956],[-116.78644,35.00104],[-116.78647,35.00251],[-116.78649,35.00402],[-116.78651,35.00549],[-116.78654,35.00699],[-116.78656,35.00855],[-116.7866,35.01012],[-116.78663,35.01157],[-116.78665,35.01301],[-116.78666,35.01444],[-116.78702,35.01593],[-116.78715,35.01645],[-116.78739,35.01745],[-116.78767,35.01889],[-116.78808,35.02136],[-116.78849,35.02325],[-116.78927,35.02542],[-116.78981,35.02783],[-116.7902,35.02934],[-116.79056,35.03086],[-116.7909,35.0324],[-116.79126,35.03394],[-116.7916,35.0354],[-116.79195,35.03688],[-116.79232,35.03835],[-116.79266,35.03981],[-116.793,35.04129],[-116.79334,35.04277],[-116.79368,35.04424],[-116.79404,35.04572],[-116.79438,35.04718],[-116.79474,35.04866],[-116.79507,35.05014],[-116.79542,35.05159],[-116.79577,35.05306],[-116.79613,35.05453],[-116.79649,35.05606],[-116.79683,35.05753],[-116.79717,35.05901],[-116.79752,35.06041],[-116.7969,35.06191],[-116.79628,35.06339],[-116.79568,35.06487],[-116.79505,35.06635],[-116.79444,35.06783],[-116.79383,35.06932],[-116.79322,35.0708],[-116.79265,35.07217],[-116.79205,35.07364],[-116.79146,35.07507],[-116.79088,35.07649],[-116.7903,35.07791],[-116.7897,35.07934],[-116.78913,35.08076],[-116.78857,35.08216],[-116.78798,35.08354],[-116.7874,35.08493],[-116.78685,35.08632],[-116.78627,35.08772],[-116.78567,35.08911],[-116.7851,35.0905],[-116.78451,35.0919],[-116.78396,35.09328],[-116.78339,35.09466],[-116.78283,35.09604],[-116.78233,35.09769],[-116.78186,35.09937],[-116.78141,35.10089],[-116.78096,35.10242],[-116.78053,35.10394],[-116.7801,35.10547],[-116.77965,35.107],[-116.77921,35.10852],[-116.77879,35.11004],[-116.77835,35.11156],[-116.7779,35.11308],[-116.77747,35.11461],[-116.77704,35.11612],[-116.77659,35.11765],[-116.77616,35.11917],[-116.77571,35.12069],[-116.77529,35.12222],[-116.77484,35.12374],[-116.77443,35.12526],[-116.77398,35.12679],[-116.77354,35.1283],[-116.77307,35.12984],[-116.77264,35.13137],[-116.77221,35.13288],[-116.77176,35.13441],[-116.77134,35.13592],[-116.77089,35.13746],[-116.77045,35.13898],[-116.77002,35.1405],[-116.76957,35.14203],[-116.76914,35.14355],[-116.7687,35.14507],[-116.76828,35.14659],[-116.76784,35.14812],[-116.76738,35.14964],[-116.76695,35.15117],[-116.7656,35.15213],[-116.76427,35.15311],[-116.76291,35.15407],[-116.76151,35.1551],[-116.76017,35.15604],[-116.75935,35.15784],[-116.75891,35.15935],[-116.75848,35.16088],[-116.75804,35.16241],[-116.7576,35.16394],[-116.75714,35.16545],[-116.75672,35.16697],[-116.75627,35.16849],[-116.75583,35.17002],[-116.75536,35.17154],[-116.75494,35.17307],[-116.7545,35.17459],[-116.75407,35.17611],[-116.75361,35.17763],[-116.75318,35.17915],[-116.75272,35.18068],[-116.7533,35.1822],[-116.75385,35.18373],[-116.75439,35.18516],[-116.75492,35.18667],[-116.75545,35.18811],[-116.75581,35.18913],[-116.75631,35.19048],[-116.7568,35.19184],[-116.75731,35.19321],[-116.75781,35.19457],[-116.75738,35.196],[-116.75698,35.19743],[-116.75657,35.19886],[-116.75616,35.20028],[-116.75576,35.20171],[-116.75535,35.20313],[-116.75494,35.20457],[-116.75452,35.20599],[-116.7541,35.20742],[-116.7537,35.20886],[-116.75242,35.20995],[-116.75114,35.21105],[-116.74987,35.21215],[-116.7486,35.21324],[-116.7473,35.21435],[-116.74602,35.21545],[-116.74474,35.21653],[-116.74361,35.21751],[-116.74248,35.2185],[-116.74134,35.21947],[-116.73982,35.22002],[-116.73824,35.2206],[-116.73717,35.2212],[-116.73515,35.22177],[-116.73326,35.22289]]}},{"type":"Feature","properties":{"id":"306641","type":"AC; OVERHEAD","status":"IN SERVICE","owner":"NEVADA POWER COMPANY","voltage":138,"voltClass":"100-161"},"geometry":{"type":"LineString","coordinates":[[-115.1291,36.00256],[-115.12973,36.00252],[-115.16062,36.00292],[-115.17098,36.00277],[-115.17118,36.00234]]}},{"type":"Feature","properties":{"id":"306685","type":"AC; OVERHEAD","status":"IN SERVICE","owner":"NEVADA POWER COMPANY","voltage":138,"voltClass":"100-161"},"geometry":{"type":"LineString","coordinates":[[-115.11967,36.02713],[-115.11867,36.02692],[-115.11911,36.00443],[-115.11919,36.00277],[-115.12808,36.00281],[-115.1291,36.00256]]}},{"type":"Feature","properties":{"id":"306730","type":"AC; OVERHEAD","status":"IN SERVICE","owner":"SIERRA PACIFIC POWER COMPANY","voltage":120,"voltClass":"100-161"},"geometry":{"type":"LineString","coordinates":[[-119.5187,39.56312],[-119.47631,39.55818],[-119.46772,39.55453],[-119.46221,39.5546],[-119.42263,39.56102],[-119.41218,39.56186],[-119.40922,39.56502],[-119.4012,39.5674],[-119.39944,39.56832],[-119.39688,39.56888],[-119.39291,39.5727],[-119.38316,39.57653],[-119.3799,39.578],[-119.37681,39.57839],[-119.36969,39.58242],[-119.33166,39.59509],[-119.3183,39.59856],[-119.30942,39.60607],[-119.26914,39.62234],[-119.25911,39.6222],[-119.24599,39.62242],[-119.21083,39.62182],[-119.20864,39.62141]]}},{"type":"Feature","properties":{"id":"306741","type":"AC; OVERHEAD","status":"IN SERVICE","owner":null,"voltage":230,"voltClass":"220-287"},"geometry":{"type":"LineString","coordinates":[[-115.4689,35.54436],[-115.46773,35.54278],[-115.3893,35.60508],[-115.35692,35.63032],[-115.35601,35.63105],[-115.35282,35.63214],[-115.34916,35.63356],[-115.31784,35.66198],[-115.30599,35.67249],[-115.28671,35.68004],[-115.25373,35.69688],[-115.20316,35.72298],[-115.17954,35.73474],[-115.16121,35.73705],[-115.14955,35.73888],[-115.11621,35.74535],[-115.11353,35.74619],[-115.07194,35.76872],[-115.01943,35.79665],[-115.01331,35.79964],[-115.00854,35.79732]]}},{"type":"Feature","properties":{"id":"306751","type":"AC; OVERHEAD","status":"IN SERVICE","owner":"NEVADA POWER COMPANY","voltage":115,"voltClass":"100-161"},"geometry":{"type":"LineString","coordinates":[[-115.21356,36.11403],[-115.21434,36.11494],[-115.22441,36.11438],[-115.22642,36.11441],[-115.2414,36.11439],[-115.25825,36.11456],[-115.27029,36.1146],[-115.27878,36.1148],[-115.27869,36.13148],[-115.27873,36.14008],[-115.27877,36.14226]]}},{"type":"Feature","properties":{"id":"306763","type":"AC; OVERHEAD","status":"IN SERVICE","owner":"HARNEY ELECTRIC COOPERATIVE","voltage":120,"voltClass":"100-161"},"geometry":{"type":"LineString","coordinates":[[-117.84895,41.58501],[-117.84956,41.58545],[-117.88935,41.5858],[-117.88949,41.44227],[-117.8895,41.3827],[-118.02502,41.38209],[-118.03071,41.38207],[-118.03319,41.38239]]}},{"type":"Feature","properties":{"id":"306794","type":"AC; OVERHEAD","status":"IN SERVICE","owner":"PACIFIC GAS & ELECTRIC COMPANY","voltage":115,"voltClass":"100-161"},"geometry":{"type":"LineString","coordinates":[[-119.02887,35.49929],[-119.02887,35.49929],[-119.0289,35.49859],[-119.02893,35.49781],[-119.02895,35.49692],[-119.02895,35.49605],[-119.02897,35.49519],[-119.02897,35.49419],[-119.02897,35.4933],[-119.02897,35.49266],[-119.02895,35.49161],[-119.02899,35.49047],[-119.02902,35.48961],[-119.029,35.48871],[-119.02915,35.48811],[-119.02903,35.48682],[-119.02901,35.48644],[-119.02902,35.48586],[-119.02907,35.48488],[-119.02908,35.48403],[-119.02947,35.48404]]}},{"type":"Feature","properties":{"id":"306826","type":"AC; OVERHEAD","status":"IN SERVICE","owner":"NEVADA POWER COMPANY","voltage":230,"voltClass":"220-287"},"geometry":{"type":"LineString","coordinates":[[-114.91946,36.02559],[-114.91875,36.0203],[-114.92817,36.02101],[-114.95794,36.02316],[-114.97574,36.02444],[-114.9796,36.02605],[-114.99305,36.03128],[-114.9947,36.03161],[-114.99827,36.03439],[-114.99871,36.03673],[-115.00072,36.03776],[-115.00389,36.03745],[-115.00944,36.0379],[-115.02083,36.03706],[-115.02929,36.03465],[-115.02976,36.03545],[-115.03128,36.03559]]}},{"type":"Feature","properties":{"id":"306838","type":"AC; OVERHEAD","status":"IN SERVICE","owner":null,"voltage":230,"voltClass":"220-287"},"geometry":{"type":"LineString","coordinates":[[-118.92193,35.36115],[-118.92104,35.36199],[-118.92034,35.36538],[-118.92034,35.3691],[-118.92015,35.37232],[-118.92014,35.37563],[-118.92015,35.37955],[-118.92011,35.38339],[-118.9201,35.39555],[-118.92009,35.40229],[-118.92006,35.41032],[-118.9198,35.41415],[-118.92003,35.41612],[-118.92004,35.4247],[-118.92002,35.43237],[-118.9227,35.43448],[-118.92664,35.43822],[-118.93598,35.44722],[-118.9504,35.46083],[-118.96025,35.47063],[-118.99619,35.50519],[-119.0063,35.51489],[-119.02382,35.53176],[-119.0267,35.54855],[-119.02939,35.56421],[-119.03056,35.57093],[-119.03327,35.58678],[-119.03471,35.5951],[-119.03749,35.61121],[-119.04004,35.62597],[-119.0431,35.64371],[-119.0457,35.6589],[-119.04892,35.6776],[-119.05209,35.69592],[-119.05523,35.71421],[-119.05887,35.73526],[-119.06323,35.76048],[-119.07039,35.80172],[-119.07101,35.8035],[-119.07153,35.80503],[-119.07393,35.81176],[-119.07579,35.81704],[-119.07761,35.82218],[-119.07887,35.82574],[-119.07948,35.82747],[-119.08073,35.83096],[-119.08198,35.83445],[-119.08264,35.83638],[-119.08472,35.84175]]}},{"type":"Feature","properties":{"id":"306906","type":"AC; OVERHEAD","status":"IN SERVICE","owner":"NEVADA POWER COMPANY","voltage":230,"voltClass":"220-287"},"geometry":{"type":"LineString","coordinates":[[-115.18293,36.08206],[-115.18324,36.0818],[-115.18323,36.08258],[-115.18483,36.08262],[-115.18641,36.08266],[-115.188,36.08269],[-115.18957,36.08274],[-115.19007,36.08278],[-115.19441,36.08277],[-115.19437,36.09687],[-115.1941,36.09765],[-115.19377,36.09857],[-115.19443,36.09872],[-115.19441,36.10053],[-115.19443,36.10141],[-115.19441,36.10316],[-115.19443,36.10547],[-115.19447,36.10734],[-115.1945,36.10844],[-115.19453,36.11006],[-115.19458,36.11311],[-115.19487,36.11368],[-115.19261,36.11377],[-115.19265,36.11527],[-115.18952,36.11537],[-115.18947,36.11502]]}},{"type":"Feature","properties":{"id":"306927","type":"AC; OVERHEAD","status":"IN SERVICE","owner":"AZUSA LIGHT & POWER","voltage":115,"voltClass":"100-161"},"geometry":{"type":"LineString","coordinates":[[-118.91466,37.64554],[-118.91199,37.64465],[-118.91147,37.64443],[-118.91117,37.64521],[-118.91075,37.64635],[-118.91006,37.64644]]}},{"type":"Feature","properties":{"id":"306946","type":null,"status":"IN SERVICE","owner":"NEVADA POWER COMPANY","voltage":138,"voltClass":"100-161"},"geometry":{"type":"LineString","coordinates":[[-115.05078,36.20376],[-115.05081,36.20461]]}},{"type":"Feature","properties":{"id":"306971","type":"AC; OVERHEAD","status":"IN SERVICE","owner":null,"voltage":230,"voltClass":"220-287"},"geometry":{"type":"LineString","coordinates":[[-118.92193,35.36115],[-118.92105,35.36557],[-118.92081,35.377],[-118.9209,35.4298],[-118.9606,35.4706],[-118.98227,35.49143],[-119.01915,35.52694],[-119.02411,35.53167],[-119.02672,35.54694],[-119.03003,35.56627],[-119.03393,35.58897],[-119.03718,35.60778],[-119.04387,35.6465],[-119.04919,35.6775],[-119.0555,35.71404],[-119.0635,35.76043],[-119.07065,35.80168],[-119.07112,35.80305],[-119.07419,35.81169],[-119.07543,35.8152],[-119.07975,35.8274],[-119.08033,35.82899],[-119.08159,35.83253],[-119.08293,35.83629],[-119.08472,35.84175]]}},{"type":"Feature","properties":{"id":"306994","type":"AC; OVERHEAD","status":"IN SERVICE","owner":"NEVADA POWER COMPANY","voltage":138,"voltClass":"100-161"},"geometry":{"type":"LineString","coordinates":[[-115.24171,36.23629],[-115.24201,36.23664],[-115.24198,36.24067],[-115.24185,36.24737],[-115.24221,36.26962],[-115.22528,36.2685],[-115.22463,36.27412],[-115.21987,36.27473],[-115.21915,36.27594],[-115.21592,36.27603],[-115.20949,36.27624],[-115.20693,36.27655],[-115.20683,36.2797],[-115.20706,36.29046],[-115.20728,36.29903],[-115.20755,36.30583],[-115.20749,36.30805],[-115.2074,36.3175],[-115.20747,36.32142],[-115.20829,36.32258]]}},{"type":"Feature","properties":{"id":"307012","type":"AC; OVERHEAD","status":"IN SERVICE","owner":null,"voltage":230,"voltClass":"220-287"},"geometry":{"type":"LineString","coordinates":[[-118.92193,35.36115],[-118.92445,35.36409],[-118.92416,35.41525],[-118.92445,35.43189],[-118.91967,35.43705],[-118.91788,35.79023],[-118.91628,35.92791],[-118.91951,36.03095],[-118.92048,36.04771],[-118.93555,36.1044],[-118.93808,36.10796]]}},{"type":"Feature","properties":{"id":"307180","type":"AC; OVERHEAD","status":"IN SERVICE","owner":"PACIFIC GAS & ELECTRIC COMPANY","voltage":115,"voltClass":"100-161"},"geometry":{"type":"LineString","coordinates":[[-119.58312,36.25464],[-119.58312,36.24771],[-119.58318,36.24062],[-119.58315,36.23711],[-119.58312,36.23551],[-119.5831,36.23066],[-119.58312,36.22663],[-119.58307,36.22198],[-119.58302,36.21783],[-119.58292,36.21301],[-119.58293,36.21168],[-119.58247,36.21107],[-119.57335,36.21107],[-119.5666,36.21111],[-119.56549,36.21113],[-119.56509,36.21128],[-119.56495,36.21042],[-119.56475,36.20936],[-119.56451,36.20819],[-119.56493,36.2071],[-119.56488,36.20553],[-119.56475,36.2007],[-119.56462,36.19639],[-119.56456,36.19097],[-119.56446,36.18645],[-119.56444,36.18374],[-119.56441,36.1819],[-119.5648,36.18114],[-119.56482,36.1804],[-119.56482,36.17762],[-119.56482,36.17364],[-119.56481,36.16734],[-119.56482,36.16107],[-119.56481,36.15704],[-119.56481,36.15058],[-119.56481,36.14737],[-119.5648,36.14092],[-119.56479,36.13788],[-119.56304,36.13785],[-119.56306,36.1354],[-119.5631,36.13305],[-119.56317,36.12681],[-119.56323,36.12345],[-119.56318,36.12015],[-119.56311,36.11381],[-119.56306,36.10906],[-119.56206,36.10903],[-119.56004,36.10903],[-119.55914,36.10867],[-119.55888,36.10903],[-119.5572,36.10944]]}},{"type":"Feature","properties":{"id":"307198","type":"AC; OVERHEAD","status":"IN SERVICE","owner":"PACIFIC GAS & ELECTRIC COMPANY","voltage":115,"voltClass":"100-161"},"geometry":{"type":"LineString","coordinates":[[-119.64907,36.25517],[-119.6429,36.25483],[-119.6371,36.25486],[-119.63075,36.25484],[-119.62494,36.25484],[-119.61758,36.25482],[-119.61209,36.25482],[-119.60526,36.25486],[-119.5989,36.25488],[-119.59307,36.25489],[-119.59184,36.25489],[-119.58753,36.25488],[-119.58332,36.25487],[-119.58315,36.25478],[-119.58299,36.25468],[-119.58298,36.25474],[-119.58299,36.25873],[-119.58298,36.263],[-119.58295,36.26704],[-119.58297,36.27138],[-119.58297,36.27593],[-119.58297,36.28105],[-119.58296,36.28453],[-119.58295,36.28885],[-119.58297,36.29308],[-119.58298,36.29746],[-119.58298,36.29749],[-119.58315,36.29748],[-119.58315,36.29841],[-119.58313,36.30177],[-119.58315,36.30642],[-119.58317,36.31095],[-119.58317,36.3136],[-119.58318,36.3163],[-119.58316,36.32084],[-119.58315,36.32442],[-119.58317,36.32914],[-119.58313,36.33442],[-119.58313,36.33908],[-119.58312,36.34258],[-119.58312,36.34371],[-119.58312,36.35164],[-119.58312,36.35376],[-119.58312,36.35548],[-119.58313,36.35738],[-119.58315,36.35914],[-119.58314,36.36091],[-119.58313,36.36325],[-119.58312,36.36493],[-119.58311,36.36653],[-119.58309,36.36935],[-119.58308,36.37128],[-119.5831,36.37443],[-119.58309,36.37677],[-119.58312,36.37913],[-119.5831,36.38111],[-119.58311,36.38331],[-119.58309,36.38655],[-119.58308,36.38752],[-119.58307,36.38951],[-119.58305,36.39244],[-119.58302,36.39438],[-119.58302,36.39535],[-119.58301,36.3982],[-119.58298,36.40014],[-119.58298,36.40202],[-119.58298,36.40385],[-119.58296,36.40569],[-119.58295,36.4075],[-119.58295,36.40836],[-119.58295,36.41089],[-119.58294,36.41343],[-119.58293,36.41432],[-119.58291,36.41706],[-119.58291,36.41891],[-119.58289,36.42074],[-119.58289,36.4226],[-119.58287,36.42499],[-119.58286,36.42668],[-119.58284,36.42933],[-119.58282,36.43122],[-119.5828,36.43317],[-119.58274,36.43595],[-119.58273,36.43869],[-119.58272,36.43953],[-119.58269,36.44142],[-119.58267,36.44325],[-119.58266,36.44414],[-119.58265,36.44506],[-119.58259,36.44838],[-119.58255,36.45168],[-119.58252,36.453],[-119.58251,36.45395],[-119.58248,36.45587],[-119.58247,36.45782],[-119.58244,36.45974],[-119.58241,36.46067],[-119.5824,36.46354],[-119.58237,36.46436],[-119.58237,36.46515],[-119.58234,36.46606],[-119.58232,36.4669],[-119.5823,36.46777],[-119.5823,36.46874],[-119.58226,36.47041],[-119.58223,36.47228],[-119.58222,36.47415],[-119.58219,36.4759],[-119.58218,36.47774],[-119.58214,36.47867],[-119.58214,36.47959],[-119.58211,36.48048],[-119.5821,36.48143],[-119.5821,36.48226],[-119.58208,36.48312],[-119.58208,36.48403],[-119.58203,36.48635],[-119.58203,36.48723],[-119.58215,36.4879],[-119.58243,36.48846]]}},{"type":"Feature","properties":{"id":"307224","type":"AC; OVERHEAD","status":"IN SERVICE","owner":"AZUSA LIGHT & POWER","voltage":115,"voltClass":"100-161"},"geometry":{"type":"LineString","coordinates":[[-118.91675,37.64907],[-118.91718,37.64957],[-118.91774,37.64996],[-118.91887,37.65231],[-118.92073,37.65609],[-118.92781,37.6616],[-118.93056,37.66989],[-118.93103,37.6719],[-118.93227,37.67724],[-118.93251,37.67829],[-118.93427,37.68074],[-118.93468,37.68137],[-118.93575,37.68309],[-118.93658,37.68447],[-118.9383,37.68715],[-118.93917,37.68851],[-118.94002,37.68987],[-118.94084,37.6912],[-118.94223,37.69329],[-118.94433,37.6966],[-118.94657,37.6993],[-118.94757,37.70049],[-118.94938,37.70262],[-118.95055,37.70426],[-118.95107,37.70624],[-118.95124,37.70686],[-118.95193,37.70944],[-118.95253,37.71151],[-118.95258,37.71191],[-118.95297,37.71249],[-118.95329,37.71421],[-118.95594,37.71653],[-118.95626,37.71685],[-118.95834,37.71882],[-118.95944,37.71956],[-118.96139,37.72133],[-118.96367,37.72333],[-118.96444,37.72404],[-118.9674,37.72652],[-118.96904,37.72801],[-118.96971,37.72855],[-118.97004,37.72883],[-118.97145,37.73102],[-118.9766,37.73867],[-118.97768,37.74023],[-118.97834,37.74113],[-118.98063,37.7448],[-118.98077,37.74498],[-118.98103,37.74516],[-118.98204,37.74671],[-118.98323,37.74844],[-118.98498,37.75081],[-118.98632,37.75287],[-118.98748,37.75467],[-118.9879,37.75539],[-118.98865,37.75677],[-118.9904,37.75803],[-118.99222,37.75925],[-118.99413,37.76075],[-118.99589,37.76197],[-118.99764,37.76269],[-118.99912,37.76335],[-119.00162,37.76446],[-119.00437,37.76568],[-119.00682,37.76676],[-119.0089,37.76762],[-119.00916,37.76774],[-119.00979,37.76827],[-119.01003,37.76865],[-119.01154,37.77083],[-119.01403,37.77445],[-119.01556,37.7767],[-119.0193,37.78213],[-119.02399,37.78887],[-119.02849,37.79539],[-119.03271,37.80141],[-119.03669,37.80714],[-119.03978,37.81149],[-119.04995,37.8115],[-119.05382,37.81149],[-119.05608,37.80979],[-119.06003,37.80704],[-119.06254,37.80519],[-119.06463,37.80376],[-119.06529,37.80329],[-119.06842,37.80083],[-119.07302,37.79682],[-119.0763,37.79388],[-119.08015,37.79065],[-119.08048,37.79047],[-119.08084,37.79031],[-119.08116,37.79],[-119.08254,37.78823],[-119.08486,37.78523],[-119.08572,37.78419],[-119.08633,37.78315],[-119.08776,37.78059],[-119.08817,37.7799],[-119.09071,37.7769],[-119.09252,37.77488],[-119.09285,37.77453],[-119.09423,37.77196],[-119.09467,37.7711],[-119.09747,37.76806],[-119.0989,37.76648],[-119.10949,37.76615],[-119.1186,37.76591],[-119.12256,37.76678],[-119.12335,37.76706]]}},{"type":"Feature","properties":{"id":"304241","type":"AC; OVERHEAD","status":"IN SERVICE","owner":"AZUSA LIGHT & POWER","voltage":115,"voltClass":"100-161"},"geometry":{"type":"LineString","coordinates":[[-117.70408,35.01413],[-117.70671,35.01386],[-117.70848,35.0139],[-117.70841,35.01163],[-117.70838,35.0102],[-117.70834,35.00633],[-117.7083,35.00384],[-117.70829,35.00261],[-117.70818,35.00049],[-117.7044,35.00048],[-117.7044,34.99963],[-117.70466,34.99376],[-117.70483,34.99117],[-117.70723,34.99115],[-117.70911,34.99125],[-117.71517,34.99137],[-117.72032,34.99147],[-117.7254,34.99165],[-117.72773,34.99164],[-117.72999,34.99161],[-117.73236,34.99158],[-117.73468,34.99158],[-117.73695,34.99154],[-117.73916,34.99149],[-117.74107,34.99231],[-117.74285,34.9931],[-117.74463,34.99385],[-117.74657,34.99471],[-117.74853,34.99555],[-117.75049,34.9964],[-117.75247,34.99728],[-117.75445,34.99811],[-117.75642,34.99877],[-117.75895,34.99888],[-117.76145,34.99889],[-117.76396,34.9989],[-117.7665,34.99889],[-117.76899,34.9989],[-117.77149,34.99889],[-117.77401,34.99893],[-117.77652,34.99896],[-117.77903,34.99898],[-117.78153,34.99898],[-117.78403,34.99899],[-117.78657,34.9991],[-117.78851,34.99921],[-117.79046,34.99936],[-117.7924,34.9995],[-117.79434,34.99962],[-117.7963,34.99976],[-117.79874,34.99994],[-117.80095,35.00009],[-117.80284,35.0002],[-117.80475,35.00035],[-117.80713,35.0005],[-117.8095,35.00068],[-117.81189,35.00083],[-117.81402,35.00101],[-117.81584,35.00113],[-117.81834,35.00131],[-117.82093,35.00148],[-117.82351,35.00166],[-117.8261,35.00184],[-117.82851,35.002],[-117.83091,35.00218],[-117.83292,35.00232],[-117.8349,35.00245],[-117.83691,35.00259],[-117.8393,35.00276],[-117.84167,35.00293],[-117.84405,35.00308],[-117.84631,35.00322],[-117.84855,35.00339],[-117.85079,35.00355],[-117.8532,35.00373],[-117.85563,35.00389],[-117.85805,35.00403],[-117.86046,35.0042],[-117.86289,35.00438],[-117.86539,35.00455],[-117.86779,35.0047],[-117.86987,35.00487],[-117.87193,35.00498],[-117.87404,35.00515],[-117.87587,35.00377],[-117.87756,35.00245],[-117.87929,35.00104],[-117.8811,34.99966],[-117.88266,34.99844],[-117.88434,34.99712],[-117.88603,34.99578],[-117.88773,34.99445],[-117.88943,34.99311],[-117.89113,34.99176],[-117.89113,34.98991],[-117.89165,34.98939],[-117.89199,34.9879],[-117.89227,34.98652],[-117.89257,34.9852],[-117.89286,34.98383],[-117.89315,34.9825],[-117.89341,34.98127],[-117.89377,34.97968],[-117.89411,34.97802],[-117.89442,34.97671],[-117.89477,34.97506],[-117.89506,34.9737],[-117.89532,34.9725],[-117.89563,34.97102],[-117.89595,34.96955],[-117.89627,34.96805],[-117.89644,34.9673],[-117.89742,34.96732],[-117.89902,34.96736],[-117.90077,34.96739],[-117.90253,34.96743],[-117.9042,34.96744],[-117.90596,34.96747],[-117.90773,34.9675],[-117.90953,34.96754],[-117.91134,34.96755],[-117.9131,34.96759],[-117.91513,34.96766],[-117.91683,34.96705],[-117.91893,34.96632],[-117.92068,34.96572],[-117.92234,34.96515],[-117.92227,34.96406],[-117.92219,34.96295],[-117.92212,34.96158],[-117.922,34.96012],[-117.92193,34.95872],[-117.92182,34.95711],[-117.9217,34.95538],[-117.92161,34.95408],[-117.92155,34.95278],[-117.92148,34.9516],[-117.92139,34.9502],[-117.9213,34.94882],[-117.92121,34.94749],[-117.92114,34.94615],[-117.92104,34.94477],[-117.92097,34.94345],[-117.92087,34.94207],[-117.92079,34.94075],[-117.92072,34.93971],[-117.91984,34.93969],[-117.91897,34.93971],[-117.9181,34.93971],[-117.91721,34.93968],[-117.91632,34.93928],[-117.9163,34.93829],[-117.91626,34.93752],[-117.91625,34.93678],[-117.91623,34.93603],[-117.91621,34.93531],[-117.91618,34.93457],[-117.9163,34.93387],[-117.91644,34.93318],[-117.91654,34.93248],[-117.91667,34.93179],[-117.91679,34.93112],[-117.91689,34.93037],[-117.91694,34.92968],[-117.917,34.92896],[-117.91777,34.92896],[-117.9185,34.92895],[-117.91924,34.92869],[-117.91925,34.92764],[-117.91925,34.92683],[-117.91926,34.92609],[-117.91927,34.92532],[-117.91928,34.92457],[-117.91929,34.92383],[-117.91929,34.92309],[-117.91929,34.92233],[-117.91929,34.9216],[-117.91931,34.92089],[-117.91932,34.92012],[-117.91933,34.91937],[-117.91934,34.91864],[-117.91934,34.91787],[-117.91935,34.91712],[-117.91936,34.9164],[-117.91936,34.91567],[-117.91937,34.91493],[-117.91938,34.91428],[-117.91937,34.91364],[-117.91939,34.91299],[-117.91939,34.91207],[-117.9194,34.91115],[-117.91941,34.91023],[-117.91942,34.90899],[-117.91944,34.90802],[-117.91943,34.90737],[-117.91944,34.9067],[-117.9189,34.90613],[-117.91836,34.90554],[-117.91782,34.90494],[-117.91729,34.90435],[-117.91729,34.90364],[-117.9173,34.90287],[-117.9173,34.90216],[-117.91729,34.9014],[-117.91729,34.90067],[-117.9173,34.89995],[-117.91729,34.89916],[-117.91729,34.89842],[-117.9173,34.8977],[-117.91731,34.89701],[-117.91731,34.89623],[-117.91732,34.89555],[-117.91732,34.89473],[-117.91731,34.89403],[-117.91808,34.8936],[-117.9197,34.89276],[-117.92133,34.89196],[-117.92296,34.89111],[-117.92457,34.8903],[-117.9261,34.88949],[-117.92764,34.88871],[-117.92918,34.88791],[-117.93073,34.88713],[-117.93225,34.88631],[-117.93377,34.88553],[-117.93532,34.88472],[-117.93686,34.88393],[-117.93603,34.88283],[-117.93517,34.88172],[-117.93434,34.88063],[-117.93355,34.87957],[-117.9327,34.87847],[-117.9319,34.8774],[-117.93108,34.87632],[-117.93048,34.87553],[-117.92986,34.87467],[-117.92824,34.87567],[-117.92663,34.87666],[-117.92496,34.87768],[-117.92358,34.87855],[-117.92223,34.8794],[-117.92085,34.88022],[-117.9195,34.88106],[-117.91812,34.88191],[-117.91739,34.88235],[-117.91738,34.88164],[-117.91739,34.88093],[-117.91739,34.88017],[-117.91739,34.87949],[-117.9174,34.87877],[-117.91741,34.87803],[-117.91649,34.87797],[-117.91558,34.87788],[-117.91465,34.87778],[-117.91375,34.8777],[-117.91282,34.87761],[-117.91191,34.87752],[-117.91117,34.87745],[-117.91021,34.87737],[-117.90919,34.87726],[-117.90826,34.87714],[-117.90645,34.87699],[-117.90553,34.87691],[-117.90478,34.87734],[-117.90404,34.87775],[-117.90329,34.87817],[-117.90256,34.87859],[-117.90182,34.879],[-117.90108,34.87941],[-117.90015,34.87931],[-117.89922,34.87919],[-117.89829,34.87905],[-117.89737,34.87891],[-117.89661,34.87876],[-117.89638,34.87934]]}},{"type":"Feature","properties":{"id":"305466","type":"AC; OVERHEAD","status":"IN SERVICE","owner":"PACIFIC GAS & ELECTRIC COMPANY","voltage":115,"voltClass":"100-161"},"geometry":{"type":"LineString","coordinates":[[-119.02054,35.44068],[-119.02012,35.44155],[-119.02065,35.44271],[-119.02064,35.44436],[-119.02061,35.44595],[-119.02058,35.44754],[-119.02055,35.4491],[-119.02054,35.45073],[-119.02051,35.45191],[-119.02048,35.45351],[-119.02044,35.45492],[-119.02044,35.45555],[-119.0204,35.45617],[-119.0165,35.45597],[-119.01466,35.4558],[-119.01288,35.45574],[-119.01121,35.45558],[-119.00933,35.45563],[-119.00795,35.45567],[-119.00723,35.45588],[-119.00558,35.45577],[-119.00301,35.45579],[-118.99976,35.45571],[-118.9978,35.45573],[-118.99587,35.4557],[-118.9927,35.45561],[-118.99203,35.45468]]}},{"type":"Feature","properties":{"id":"305488","type":"AC; OVERHEAD","status":"IN SERVICE","owner":"PACIFIC GAS & ELECTRIC COMPANY","voltage":115,"voltClass":"100-161"},"geometry":{"type":"LineString","coordinates":[[-119.81875,36.71832],[-119.81929,36.71763],[-119.82048,36.71561],[-119.82076,36.7102],[-119.82025,36.70682],[-119.78672,36.70703],[-119.78653,36.70728],[-119.78361,36.70728],[-119.7816,36.70719],[-119.78159,36.71403],[-119.77631,36.71404],[-119.78055,36.71788],[-119.77193,36.71789],[-119.77194,36.7197],[-119.77114,36.71972],[-119.76594,36.71966],[-119.76472,36.71948],[-119.76426,36.71958]]}},{"type":"Feature","properties":{"id":"305495","type":"AC; OVERHEAD","status":"IN SERVICE","owner":"NEVADA POWER COMPANY","voltage":230,"voltClass":"220-287"},"geometry":{"type":"LineString","coordinates":[[-115.09093,36.00296],[-115.0915,36.00218],[-115.11063,36.00233],[-115.11915,36.00239],[-115.11999,36.00226],[-115.12818,36.00232],[-115.1291,36.00256]]}},{"type":"Feature","properties":{"id":"305577","type":"AC; OVERHEAD","status":"IN SERVICE","owner":"NEVADA POWER COMPANY","voltage":230,"voltClass":"220-287"},"geometry":{"type":"LineString","coordinates":[[-115.35662,35.61496],[-115.35624,35.61589],[-115.35486,35.63172],[-115.34838,35.63689],[-115.34561,35.64239],[-115.33674,35.65771],[-115.32778,35.67331],[-115.31887,35.68879],[-115.31321,35.69862],[-115.30176,35.70311],[-115.29271,35.70678],[-115.29369,35.70949],[-115.33018,35.73039],[-115.4048,35.77523],[-115.38238,35.81262],[-115.30947,35.82697],[-115.29207,35.87127],[-115.27647,35.91118],[-115.27655,35.93303],[-115.26905,35.954],[-115.24085,35.98459],[-115.22577,35.99771],[-115.221,36.0017],[-115.21492,36.00673],[-115.21483,36.00827],[-115.21465,36.00843],[-115.21346,36.00878]]}},{"type":"Feature","properties":{"id":"305613","type":"AC; OVERHEAD","status":"IN SERVICE","owner":"NEVADA POWER COMPANY","voltage":230,"voltClass":"220-287"},"geometry":{"type":"LineString","coordinates":[[-115.94736,36.58247],[-115.87545,36.56126],[-115.80701,36.55442],[-115.6989,36.54223],[-115.68724,36.54104],[-115.61026,36.55638],[-115.60783,36.55687],[-115.46512,36.47431],[-115.44642,36.45622],[-115.43218,36.43159],[-115.42337,36.41636],[-115.39738,36.39491],[-115.38567,36.3852],[-115.38149,36.38189]]}},{"type":"Feature","properties":{"id":"305702","type":null,"status":"IN SERVICE","owner":"NEVADA POWER COMPANY","voltage":138,"voltClass":"100-161"},"geometry":{"type":"LineString","coordinates":[[-115.04336,36.18569],[-115.04285,36.18589],[-115.04285,36.18872],[-115.04288,36.19352],[-115.04287,36.19722],[-115.04293,36.20369],[-115.04354,36.20378],[-115.04604,36.20375],[-115.0496,36.20375],[-115.05078,36.20376]]}},{"type":"Feature","properties":{"id":"305638","type":"AC; OVERHEAD","status":"IN SERVICE","owner":null,"voltage":230,"voltClass":"220-287"},"geometry":{"type":"LineString","coordinates":[[-119.9845,36.92215],[-119.98352,36.92211],[-119.98256,36.92232],[-119.98358,36.92351],[-119.99088,36.9323],[-119.99773,36.94066],[-120.00205,36.94585],[-120.00639,36.95105],[-120.01107,36.95672],[-120.0147,36.96109],[-120.01886,36.96612],[-120.02533,36.97392],[-120.02916,36.97855],[-120.03279,36.98296],[-120.03341,36.98391],[-120.03393,36.98376],[-120.03671,36.98563],[-120.04817,36.99343],[-120.05985,37.00138],[-120.07113,37.00908],[-120.08049,37.01544],[-120.08941,37.02337],[-120.09952,37.03241],[-120.10932,37.04115],[-120.11819,37.04905],[-120.12868,37.0581],[-120.13749,37.06568],[-120.14094,37.06865],[-120.14575,37.07309],[-120.15401,37.08067],[-120.16087,37.08697],[-120.16432,37.09004],[-120.17471,37.09929],[-120.1833,37.10691],[-120.19345,37.11594],[-120.20033,37.12208],[-120.2099,37.13054],[-120.22013,37.13966],[-120.23078,37.14911],[-120.23982,37.15712],[-120.24944,37.16566],[-120.25862,37.1738],[-120.26409,37.17864],[-120.27151,37.18522],[-120.27933,37.18962],[-120.28782,37.19436],[-120.30022,37.20131],[-120.31275,37.20835],[-120.32523,37.21532],[-120.33871,37.22289],[-120.34992,37.22918],[-120.36112,37.23774],[-120.36846,37.24331],[-120.374,37.24761],[-120.38304,37.25452],[-120.38504,37.25605],[-120.39446,37.26326],[-120.40217,37.26917],[-120.40786,37.27353],[-120.40797,37.28102],[-120.40801,37.28763],[-120.40798,37.29031],[-120.40668,37.29039],[-120.40656,37.29189],[-120.40646,37.29258],[-120.40739,37.29283]]}},{"type":"Feature","properties":{"id":"305699","type":"AC; OVERHEAD","status":"IN SERVICE","owner":"PACIFIC GAS & ELECTRIC COMPANY","voltage":115,"voltClass":"100-161"},"geometry":{"type":"LineString","coordinates":[[-119.69621,35.38275],[-119.68855,35.38304],[-119.68408,35.38568],[-119.67712,35.3909],[-119.67237,35.39449],[-119.65847,35.39451],[-119.564,35.39461],[-119.46145,35.39554],[-119.45217,35.40387]]}},{"type":"Feature","properties":{"id":"305713","type":"AC; OVERHEAD","status":"IN SERVICE","owner":null,"voltage":230,"voltClass":"220-287"},"geometry":{"type":"LineString","coordinates":[[-115.00854,35.79732],[-115.00828,35.78863],[-115.00989,35.7823],[-115.01714,35.77019],[-115.03103,35.7458],[-115.04739,35.71704],[-115.06334,35.69063],[-115.07213,35.67331],[-115.0761,35.65714],[-115.08358,35.62672],[-115.09061,35.59652],[-115.09766,35.56708],[-115.14985,35.51128],[-115.21384,35.46563],[-115.26108,35.43111],[-115.33448,35.37853],[-115.43578,35.30579],[-115.46799,35.2826],[-115.49927,35.26008],[-115.51549,35.25195],[-115.57593,35.22389],[-115.6174,35.20457],[-115.65,35.18941],[-115.67129,35.17929],[-115.71941,35.15433],[-115.76404,35.1312],[-115.80246,35.11143],[-115.82558,35.0982],[-115.83878,35.0897],[-115.84531,35.08345],[-115.87246,35.07279],[-115.90366,35.06017],[-115.95003,35.04122],[-115.95599,35.04038],[-116.02459,35.03082],[-116.04559,35.0206],[-116.09196,34.99712],[-116.10599,34.98678],[-116.1718,34.9381],[-116.18059,34.92858],[-116.21092,34.89501],[-116.22452,34.8894],[-116.27,34.86149],[-116.33137,34.8267],[-116.38474,34.78156]]}},{"type":"Feature","properties":{"id":"305733","type":"AC; OVERHEAD","status":"IN SERVICE","owner":null,"voltage":230,"voltClass":"220-287"},"geometry":{"type":"LineString","coordinates":[[-114.74302,36.01836],[-114.75041,36.0152],[-114.75279,36.01351],[-114.78186,36.0031],[-114.78383,36.00223],[-114.78521,36.00078],[-114.78839,35.99229],[-114.8179,35.93105],[-114.82157,35.92356],[-114.82835,35.92567],[-114.83474,35.92781]]}},{"type":"Feature","properties":{"id":"305739","type":"AC; OVERHEAD","status":"IN SERVICE","owner":"PACIFIC GAS & ELECTRIC COMPANY","voltage":115,"voltClass":"100-161"},"geometry":{"type":"LineString","coordinates":[[-118.95901,35.59266],[-118.95888,35.59184],[-118.95716,35.58981],[-118.95694,35.58763],[-118.95679,35.58635],[-118.95668,35.58537],[-118.95632,35.58428],[-118.95592,35.58293],[-118.95568,35.58199],[-118.95554,35.58134],[-118.95585,35.58064],[-118.95632,35.57958],[-118.9563,35.57783],[-118.9563,35.57694],[-118.95629,35.57594],[-118.95628,35.57454],[-118.95629,35.57329],[-118.95629,35.57266],[-118.95628,35.5721],[-118.95627,35.57073],[-118.95625,35.56936],[-118.95579,35.56804],[-118.95532,35.56673],[-118.95489,35.56551],[-118.95448,35.56439],[-118.95395,35.56298],[-118.95444,35.56156],[-118.95515,35.56016],[-118.95566,35.55867],[-118.95679,35.5587],[-118.95697,35.55885],[-118.9576,35.55929]]}},{"type":"Feature","properties":{"id":"305770","type":"AC; OVERHEAD","status":"IN SERVICE","owner":"NEVADA POWER COMPANY","voltage":138,"voltClass":"100-161"},"geometry":{"type":"LineString","coordinates":[[-115.17966,36.11058],[-115.18003,36.10764],[-115.17993,36.1023]]}},{"type":"Feature","properties":{"id":"305782","type":"AC; OVERHEAD","status":"IN SERVICE","owner":"NEVADA POWER COMPANY","voltage":138,"voltClass":"100-161"},"geometry":{"type":"LineString","coordinates":[[-115.09636,36.27466],[-115.09563,36.27373],[-115.09513,36.27325],[-115.09431,36.27314],[-115.0944,36.26932],[-115.10408,36.26925],[-115.11906,36.26913],[-115.13351,36.269],[-115.13883,36.2691],[-115.14387,36.26925],[-115.14282,36.20305],[-115.18072,36.20282],[-115.18773,36.20054],[-115.19206,36.20278],[-115.19436,36.20271],[-115.19742,36.20273]]}},{"type":"Feature","properties":{"id":"305830","type":"AC; OVERHEAD","status":"IN SERVICE","owner":"PACIFIC GAS & ELECTRIC COMPANY","voltage":230,"voltClass":"220-287"},"geometry":{"type":"LineString","coordinates":[[-118.97631,35.08906],[-118.97702,35.08835],[-118.97714,35.08796],[-118.97758,35.08664],[-118.98134,35.08665],[-118.98434,35.08665],[-118.98436,35.08527],[-118.98437,35.08211],[-118.98438,35.07898],[-118.98438,35.07607],[-118.9844,35.07269],[-118.98443,35.06915],[-118.98444,35.06578],[-118.98446,35.06219],[-118.98448,35.05916],[-118.98447,35.05626],[-118.9845,35.05331],[-118.98452,35.05041],[-118.98453,35.04841],[-118.98676,35.04842],[-118.9912,35.04842],[-118.99343,35.04836],[-118.99343,35.04656],[-118.99347,35.04334],[-118.99351,35.04011],[-118.99353,35.03687],[-118.99353,35.03365],[-118.9935,35.03042],[-118.99345,35.02728],[-118.99418,35.02608],[-118.99481,35.02508],[-118.99496,35.02484],[-118.99505,35.02466]]}},{"type":"Feature","properties":{"id":"305861","type":"AC; OVERHEAD","status":"IN SERVICE","owner":"PACIFIC GAS & ELECTRIC COMPANY","voltage":115,"voltClass":"100-161"},"geometry":{"type":"LineString","coordinates":[[-119.15196,35.50035],[-119.15176,35.5015],[-119.14831,35.50146],[-119.14427,35.50146],[-119.14024,35.50144],[-119.13621,35.50143],[-119.13218,35.50143],[-119.12814,35.50144],[-119.12453,35.50145],[-119.12054,35.50147],[-119.11648,35.5015],[-119.11244,35.50154],[-119.1084,35.50158],[-119.10439,35.50155],[-119.10036,35.50154],[-119.09629,35.50151],[-119.09269,35.5015],[-119.09145,35.49922],[-119.0906,35.49747],[-119.09031,35.49688],[-119.08933,35.49499],[-119.08873,35.49413],[-119.0883,35.49327],[-119.08789,35.49257],[-119.08672,35.49042],[-119.08637,35.48979],[-119.08569,35.48855],[-119.08505,35.48736],[-119.08439,35.48614],[-119.08338,35.48429],[-119.08232,35.48291],[-119.08145,35.48135],[-119.08015,35.47842],[-119.0797,35.47749],[-119.07913,35.47642],[-119.07857,35.4754],[-119.07804,35.47453],[-119.07746,35.47347],[-119.07673,35.47214],[-119.07621,35.47115],[-119.07557,35.47065],[-119.07447,35.47051],[-119.07443,35.47154],[-119.07444,35.47263],[-119.07444,35.47373],[-119.07444,35.47486],[-119.07445,35.47591],[-119.07452,35.47686],[-119.07461,35.47791],[-119.07469,35.47894],[-119.07477,35.47986],[-119.07486,35.48098],[-119.07494,35.48197],[-119.07504,35.48307],[-119.07512,35.48409],[-119.07521,35.48513],[-119.07529,35.48615],[-119.07538,35.48718],[-119.07547,35.48827],[-119.07553,35.4893],[-119.07565,35.49114],[-119.07572,35.49209],[-119.07579,35.4932],[-119.07587,35.49429],[-119.07592,35.49527],[-119.07499,35.49557],[-119.07377,35.49599],[-119.07274,35.49631],[-119.07157,35.4967],[-119.0704,35.49708],[-119.0692,35.49747],[-119.06796,35.49789],[-119.06681,35.49827],[-119.0659,35.49857],[-119.06478,35.49857],[-119.06343,35.49855],[-119.06224,35.49855],[-119.06098,35.49854],[-119.05968,35.49853],[-119.05832,35.49854],[-119.05736,35.49853],[-119.05596,35.49852],[-119.05344,35.49849],[-119.05217,35.4985],[-119.05081,35.49829],[-119.04938,35.49807],[-119.04808,35.49842],[-119.04667,35.49882],[-119.04664,35.49882],[-119.04577,35.49911],[-119.04459,35.49922],[-119.04344,35.49931],[-119.04225,35.49934],[-119.04083,35.49936],[-119.03929,35.49931],[-119.03792,35.49934],[-119.03645,35.4993],[-119.03485,35.4993],[-119.03334,35.49929],[-119.03176,35.49928],[-119.03057,35.4993],[-119.02887,35.49929]]}},{"type":"Feature","properties":{"id":"305890","type":"AC; OVERHEAD","status":"IN SERVICE","owner":"AZUSA LIGHT & POWER","voltage":230,"voltClass":"220-287"},"geometry":{"type":"LineString","coordinates":[[-119.30693,37.20018],[-119.3183,37.20883],[-119.32049,37.20929],[-119.32555,37.21027],[-119.32891,37.20977]]}},{"type":"Feature","properties":{"id":"305922","type":"AC; OVERHEAD","status":"IN SERVICE","owner":"NEVADA POWER COMPANY","voltage":230,"voltClass":"220-287"},"geometry":{"type":"LineString","coordinates":[[-115.21346,36.00878],[-115.21495,36.00945],[-115.24372,36.00927],[-115.24413,36.00935],[-115.24303,36.05537],[-115.24396,36.05569],[-115.27962,36.0556],[-115.27966,36.06994],[-115.27939,36.08517],[-115.28203,36.08515],[-115.28262,36.08614]]}},{"type":"Feature","properties":{"id":"305952","type":"AC; OVERHEAD","status":"IN SERVICE","owner":"PACIFIC GAS & ELECTRIC COMPANY","voltage":115,"voltClass":"100-161"},"geometry":{"type":"LineString","coordinates":[[-119.69685,36.75772],[-119.70059,36.75762],[-119.7006,36.75696],[-119.7006,36.75542],[-119.70084,36.75377],[-119.70083,36.75195],[-119.70037,36.75138],[-119.70038,36.74996],[-119.70035,36.7489],[-119.70034,36.74879]]}},{"type":"Feature","properties":{"id":"305974","type":"AC; OVERHEAD","status":"IN SERVICE","owner":null,"voltage":230,"voltClass":"220-287"},"geometry":{"type":"LineString","coordinates":[[-118.48115,37.33595],[-118.48272,37.33541],[-118.48397,37.3355],[-118.48664,37.34339],[-118.49039,37.35708],[-118.51342,37.37822],[-118.51442,37.38011],[-118.51733,37.39433],[-118.51508,37.39942],[-118.51644,37.40267],[-118.51975,37.414],[-118.52167,37.44139],[-118.52333,37.47853],[-118.52397,37.49],[-118.51742,37.51511],[-118.51114,37.53892],[-118.51128,37.58417],[-118.51208,37.62614],[-118.51208,37.64444],[-118.51061,37.66661],[-118.51114,37.69028],[-118.51024,37.69785],[-118.51014,37.73617],[-118.51011,37.75496],[-118.52441,37.77315],[-118.53717,37.7905],[-118.5405,37.79578],[-118.55219,37.82206],[-118.55306,37.84797],[-118.55639,37.87597],[-118.57069,37.9137],[-118.57253,37.9173],[-118.5902,37.93289],[-118.61236,37.95442],[-118.63744,37.9825],[-118.66323,37.99177],[-118.70486,38.01895],[-118.74329,38.04231],[-118.75534,38.0647],[-118.75836,38.07228],[-118.77158,38.11315],[-118.78435,38.1512],[-118.7949,38.1859],[-118.79914,38.19378],[-118.81304,38.2157],[-118.8273,38.23755],[-118.83057,38.24297],[-118.83748,38.25791],[-118.84499,38.28124],[-118.85413,38.30955],[-118.86327,38.35176],[-118.86565,38.3629],[-118.86845,38.36936],[-118.79025,38.4002],[-118.78576,38.41589],[-118.7735,38.4222],[-118.74575,38.43236],[-118.72503,38.43992],[-118.68667,38.45364],[-118.66908,38.46242],[-118.65311,38.48503],[-118.62705,38.51645],[-118.6226,38.52024],[-118.59922,38.53831],[-118.54755,38.62118],[-118.5143,38.67772],[-118.46774,38.72761],[-118.44113,38.77084],[-118.43115,38.82073],[-118.42118,38.85731],[-118.4378,38.9205],[-118.44113,38.95708],[-118.44778,38.99699],[-118.4378,39.05685],[-118.43295,39.07053],[-118.42006,39.10684],[-118.42667,39.12714],[-118.42355,39.12871],[-118.43519,39.1442],[-118.43789,39.15356],[-118.43806,39.16589],[-118.43842,39.18043],[-118.42856,39.19165],[-118.40962,39.21344],[-118.38068,39.2467],[-118.36635,39.26306],[-118.35941,39.27773],[-118.35935,39.28399],[-118.32667,39.30553],[-118.26136,39.3485],[-118.22094,39.35149],[-118.16573,39.3555],[-118.15085,39.36454],[-118.14928,39.41634],[-118.14906,39.42778],[-118.1491,39.43589],[-118.1492,39.55305],[-118.14922,39.57944],[-118.14932,39.60878],[-118.14933,39.64665],[-118.14935,39.65152],[-118.14876,39.65332],[-118.14715,39.6585],[-118.13942,39.68798],[-118.13474,39.70975],[-118.13092,39.72742],[-118.12907,39.72912],[-118.11453,39.74254],[-118.10808,39.74843],[-118.1041,39.75211],[-118.09447,39.76439],[-118.08974,39.77077],[-118.07309,39.79327],[-118.05933,39.79842],[-118.0546,39.80021],[-118.05186,39.80127],[-118.04046,39.80554],[-118.02674,39.81063],[-118.02465,39.82796],[-118.02204,39.83219],[-118.01805,39.83875],[-118.01395,39.84552],[-118.01261,39.8477],[-118.01144,39.84955],[-118.01044,39.8512],[-118.00724,39.86569],[-118.003,39.88453],[-118.00258,39.88672],[-117.996,39.89406],[-117.97384,39.9192],[-117.97224,39.92105],[-117.96538,39.92378],[-117.94393,39.93246],[-117.91142,39.94552],[-117.8898,39.9543],[-117.87927,39.95847],[-117.86838,39.96289],[-117.86207,39.9654],[-117.85911,39.96566],[-117.85569,39.96629]]}},{"type":"Feature","properties":{"id":"305988","type":"AC; OVERHEAD","status":"IN SERVICE","owner":"PACIFIC GAS & ELECTRIC COMPANY","voltage":500,"voltClass":"500"},"geometry":{"type":"LineString","coordinates":[[-119.45217,35.40387],[-119.45577,35.40294],[-119.45678,35.40537],[-119.46027,35.40952],[-119.46971,35.42141],[-119.47339,35.42597],[-119.48115,35.43553],[-119.49169,35.44849],[-119.5018,35.46091],[-119.51216,35.47365],[-119.52206,35.48579],[-119.5338,35.50144],[-119.54059,35.50863],[-119.54562,35.51473],[-119.55309,35.52388],[-119.55791,35.52979],[-119.56274,35.53574],[-119.57288,35.54814],[-119.57812,35.55421],[-119.58523,35.5634],[-119.5874,35.56623],[-119.58968,35.56917],[-119.59719,35.57861],[-119.60669,35.59008],[-119.62112,35.60778],[-119.62861,35.61711],[-119.65636,35.65122],[-119.66168,35.65723],[-119.67387,35.67237],[-119.6763,35.67536],[-119.67895,35.6785],[-119.68628,35.6872],[-119.69412,35.69565],[-119.70708,35.7093],[-119.71776,35.72053],[-119.72235,35.72704],[-119.72882,35.73652],[-119.73783,35.7494],[-119.73988,35.75262],[-119.74207,35.75574],[-119.7491,35.76477],[-119.76242,35.78098],[-119.77099,35.79117],[-119.77955,35.80154],[-119.79122,35.81542],[-119.80495,35.8315],[-119.81997,35.84711],[-119.8346,35.86257],[-119.84622,35.87493],[-119.8536,35.88281],[-119.86651,35.89636],[-119.8782,35.90869],[-119.88339,35.91425],[-119.8923,35.92349],[-119.89834,35.92994],[-119.90624,35.93818],[-119.91115,35.94349],[-119.9129,35.94587],[-119.91739,35.95181],[-119.92102,35.95657],[-119.92732,35.96263],[-119.92919,35.96443],[-119.93424,35.97002],[-119.94505,35.98225],[-119.95348,35.9918],[-119.95881,35.99727],[-119.96089,35.99912],[-119.96403,36.00128],[-119.96812,36.00311],[-119.97155,36.00553],[-119.9867,36.01672],[-119.99704,36.02327],[-120.01959,36.03739],[-120.03155,36.04486],[-120.04288,36.05224],[-120.04868,36.0564],[-120.05665,36.06309],[-120.06164,36.06774],[-120.06398,36.07027],[-120.0743,36.08232],[-120.08469,36.09454],[-120.09545,36.10714],[-120.10767,36.12155],[-120.11682,36.1326],[-120.12345,36.13514],[-120.12779,36.13695],[-120.12947,36.13868],[-120.1296,36.14034],[-120.1295,36.1454],[-120.12999,36.148],[-120.13287,36.1514],[-120.13802,36.15747],[-120.14332,36.16367],[-120.14853,36.16978],[-120.15111,36.17282],[-120.15853,36.1815],[-120.1609,36.18428],[-120.16333,36.18713],[-120.16799,36.19267],[-120.17223,36.19813],[-120.17707,36.20435],[-120.18406,36.21342],[-120.18652,36.21641],[-120.19158,36.22282],[-120.19385,36.22568],[-120.1943,36.22636],[-120.20039,36.23428],[-120.20237,36.23694],[-120.20478,36.23987],[-120.20733,36.24277],[-120.21001,36.24552],[-120.21246,36.24779],[-120.21537,36.25026],[-120.21842,36.25262],[-120.22068,36.25426],[-120.22784,36.25952],[-120.23481,36.26462],[-120.24121,36.26934],[-120.24816,36.27447],[-120.25411,36.27883],[-120.26823,36.28918],[-120.2741,36.29393],[-120.27843,36.29794],[-120.28348,36.30258],[-120.28921,36.30782],[-120.29549,36.31359],[-120.29874,36.31654],[-120.30088,36.31849],[-120.304,36.32138],[-120.30689,36.324],[-120.30992,36.3268],[-120.31538,36.33179],[-120.32204,36.33791],[-120.32841,36.34369],[-120.33367,36.34859],[-120.33686,36.35152],[-120.33961,36.35403],[-120.34614,36.36001],[-120.35278,36.36607],[-120.35929,36.37204],[-120.36257,36.37503],[-120.36856,36.38029],[-120.37165,36.38288],[-120.37469,36.38545],[-120.37768,36.38815],[-120.38058,36.39084],[-120.38322,36.39344],[-120.38603,36.39626],[-120.38901,36.39914],[-120.3912,36.40159],[-120.3937,36.4044],[-120.3967,36.4077],[-120.39948,36.41076],[-120.40257,36.41417],[-120.40795,36.4201],[-120.41084,36.4233],[-120.41323,36.42596],[-120.41791,36.4311],[-120.41985,36.43326],[-120.4224,36.43607],[-120.42886,36.44316],[-120.43033,36.44481],[-120.43314,36.4479],[-120.43606,36.45114],[-120.44064,36.45619],[-120.44525,36.46123],[-120.44843,36.46462],[-120.45204,36.46831],[-120.45544,36.47176],[-120.45841,36.47479],[-120.45988,36.4763],[-120.46263,36.4791],[-120.46615,36.4827],[-120.47002,36.48613],[-120.47298,36.48881],[-120.47573,36.49124],[-120.47925,36.49442],[-120.48171,36.4966],[-120.48503,36.49958],[-120.48871,36.50286],[-120.49156,36.50544],[-120.49379,36.50717],[-120.49621,36.50913],[-120.49932,36.51184],[-120.5021,36.51454],[-120.50514,36.51708],[-120.5085,36.51964],[-120.51746,36.52602],[-120.52147,36.52891],[-120.52386,36.53094],[-120.52573,36.53267],[-120.53021,36.53571],[-120.53392,36.5382],[-120.53688,36.54011],[-120.54085,36.54266],[-120.54335,36.54448],[-120.54846,36.54809],[-120.55052,36.54963],[-120.55451,36.55199],[-120.55807,36.55413],[-120.56045,36.55557],[-120.56475,36.55821],[-120.56947,36.56097],[-120.57346,36.56344],[-120.57707,36.56553],[-120.57994,36.56729],[-120.58365,36.56952],[-120.59042,36.57364],[-120.59326,36.57534],[-120.59657,36.57731],[-120.59941,36.57988],[-120.60268,36.58278],[-120.6051,36.58495],[-120.60826,36.58778],[-120.61156,36.59073],[-120.61503,36.59382],[-120.61757,36.59609],[-120.62027,36.59846],[-120.62237,36.60061],[-120.62508,36.60368],[-120.62785,36.6068],[-120.63069,36.60992],[-120.63356,36.61312],[-120.6365,36.61643],[-120.63792,36.618],[-120.63923,36.61944],[-120.64201,36.62261],[-120.64457,36.62544],[-120.64802,36.62929],[-120.64912,36.63049],[-120.65242,36.63423],[-120.65525,36.6374],[-120.65806,36.64052],[-120.66096,36.64379],[-120.66364,36.64674],[-120.66621,36.64958],[-120.66854,36.65255],[-120.67062,36.65554],[-120.67257,36.65862],[-120.67432,36.66186],[-120.67626,36.66544],[-120.67819,36.66894],[-120.68011,36.67244],[-120.68212,36.67611],[-120.68399,36.67953],[-120.68757,36.68613],[-120.68946,36.68956],[-120.69514,36.69994],[-120.69712,36.70355],[-120.70084,36.71047],[-120.70275,36.71387],[-120.70468,36.71744],[-120.7065,36.72077],[-120.70843,36.72432],[-120.71027,36.72778],[-120.71403,36.73459],[-120.71725,36.7405],[-120.71897,36.74371],[-120.72057,36.74655],[-120.72166,36.74789],[-120.72248,36.74855],[-120.72587,36.75064],[-120.73566,36.75656],[-120.7429,36.7608],[-120.74658,36.7631],[-120.7503,36.76534],[-120.75398,36.76762],[-120.75772,36.76989],[-120.76139,36.77215],[-120.76442,36.77396],[-120.76768,36.77589],[-120.77308,36.77918],[-120.77805,36.78219],[-120.78138,36.78405],[-120.78559,36.78661],[-120.79209,36.79053],[-120.79536,36.79262],[-120.7987,36.79467],[-120.80497,36.79844],[-120.81206,36.80271],[-120.81484,36.80438],[-120.82105,36.80814],[-120.82464,36.81026],[-120.82726,36.813],[-120.82999,36.81579],[-120.83337,36.8192],[-120.83693,36.8228],[-120.84059,36.82652],[-120.84393,36.82994],[-120.84651,36.83253],[-120.84952,36.83553],[-120.85239,36.8385],[-120.85526,36.8414],[-120.85756,36.84376],[-120.85886,36.84517],[-120.86062,36.84722],[-120.86313,36.85014],[-120.86586,36.85332],[-120.86867,36.85659],[-120.87125,36.85963],[-120.87478,36.86374],[-120.88217,36.87241],[-120.88497,36.87574],[-120.88788,36.87908],[-120.89018,36.88179],[-120.8942,36.88644],[-120.89742,36.89025],[-120.90052,36.89385],[-120.90287,36.89664],[-120.90585,36.90007],[-120.91025,36.90519],[-120.91482,36.91058],[-120.91727,36.91341],[-120.91994,36.91657],[-120.92231,36.91924],[-120.92479,36.92211],[-120.92759,36.92548],[-120.93313,36.93199],[-120.93612,36.93549],[-120.93878,36.93854],[-120.94147,36.9417],[-120.94407,36.94473],[-120.94636,36.94739],[-120.94952,36.95112],[-120.95228,36.9544],[-120.95766,36.9608],[-120.96075,36.96422],[-120.96324,36.96711],[-120.96526,36.96951],[-120.96733,36.97199],[-120.96926,36.97408],[-120.97076,36.97589],[-120.97148,36.97701],[-120.97582,36.98314],[-120.97761,36.98577],[-120.98193,36.99202],[-120.98585,36.99741],[-120.99056,37.00372],[-120.992,37.00578],[-120.99438,37.00902],[-120.99676,37.01229],[-120.99895,37.01566],[-121.00267,37.02143],[-121.00632,37.02707],[-121.00845,37.03032],[-121.01324,37.03778],[-121.01507,37.04063],[-121.01664,37.04294],[-121.0215,37.05039],[-121.0217,37.05306]]}},{"type":"Feature","properties":{"id":"305992","type":"AC; OVERHEAD","status":"IN SERVICE","owner":"PACIFIC GAS & ELECTRIC COMPANY","voltage":115,"voltClass":"100-161"},"geometry":{"type":"LineString","coordinates":[[-119.66101,35.44397],[-119.66126,35.44376],[-119.66201,35.44318],[-119.662,35.44213],[-119.66202,35.44132],[-119.66029,35.4413],[-119.65851,35.44129],[-119.65684,35.44133],[-119.6556,35.4414],[-119.65452,35.44145],[-119.6536,35.44114],[-119.6524,35.44114],[-119.65122,35.44115],[-119.65,35.44117],[-119.6488,35.44115],[-119.64757,35.44117],[-119.64635,35.44119],[-119.64516,35.44117],[-119.64394,35.44118],[-119.64278,35.44122]]}},{"type":"Feature","properties":{"id":"306044","type":"AC; OVERHEAD","status":"IN SERVICE","owner":"AZUSA LIGHT & POWER","voltage":230,"voltClass":"220-287"},"geometry":{"type":"LineString","coordinates":[[-118.17632,35.24698],[-118.17512,35.24574],[-118.17015,35.24545],[-118.1674,35.24633],[-118.16613,35.24787],[-118.15561,35.24954],[-118.15305,35.24808],[-118.14703,35.24169],[-118.14652,35.23225],[-118.14294,35.22969],[-118.14147,35.22924],[-118.14055,35.22807],[-118.13804,35.22665],[-118.13448,35.22559],[-118.13299,35.22553],[-118.1312,35.22503],[-118.12576,35.22427],[-118.12236,35.22245],[-118.11842,35.22187],[-118.11448,35.22498],[-118.09828,35.23226],[-118.08724,35.2326],[-118.05619,35.23735],[-118.05513,35.23693]]}},{"type":"Feature","properties":{"id":"306144","type":"AC; OVERHEAD","status":"IN SERVICE","owner":"NEVADA POWER COMPANY","voltage":230,"voltClass":"220-287"},"geometry":{"type":"LineString","coordinates":[[-115.1291,36.00256],[-115.12955,36.00274],[-115.14422,36.00304],[-115.16104,36.00327],[-115.17978,36.00295],[-115.19793,36.00258],[-115.21228,36.00249],[-115.2123,36.00819],[-115.21346,36.00878]]}},{"type":"Feature","properties":{"id":"306109","type":"AC; OVERHEAD","status":"IN SERVICE","owner":"PACIFIC GAS & ELECTRIC COMPANY","voltage":115,"voltClass":"100-161"},"geometry":{"type":"LineString","coordinates":[[-119.58243,36.48846],[-119.58235,36.48891],[-119.58181,36.48884],[-119.58039,36.4888],[-119.577,36.48878],[-119.57507,36.48877],[-119.57506,36.49035],[-119.57507,36.49203],[-119.57507,36.4934],[-119.57504,36.49556],[-119.57504,36.49638],[-119.57505,36.49838],[-119.57504,36.5],[-119.57507,36.50424],[-119.57511,36.50711],[-119.57515,36.5096],[-119.57512,36.51147],[-119.57514,36.51369],[-119.57518,36.51534],[-119.57521,36.517],[-119.57527,36.51824],[-119.57526,36.51928],[-119.57526,36.52159],[-119.57527,36.52254],[-119.57526,36.52517],[-119.57524,36.52699],[-119.5756,36.528],[-119.57565,36.52912],[-119.57566,36.53011],[-119.57521,36.53335],[-119.57522,36.53336],[-119.57772,36.53563],[-119.58034,36.53803],[-119.58069,36.53835],[-119.58092,36.53872]]}},{"type":"Feature","properties":{"id":"306206","type":"AC; OVERHEAD","status":"IN SERVICE","owner":"VALLEY ELECTRIC ASSOCIATION COOPERATIVE","voltage":138,"voltClass":"100-161"},"geometry":{"type":"LineString","coordinates":[[-116.36598,36.67015],[-116.34595,36.73926],[-116.31814,36.77185],[-116.29027,36.75588],[-116.25127,36.76237]]}},{"type":"Feature","properties":{"id":"306203","type":"AC; OVERHEAD","status":"IN SERVICE","owner":"NEVADA POWER COMPANY","voltage":138,"voltClass":"100-161"},"geometry":{"type":"LineString","coordinates":[[-115.42951,36.42548],[-115.42976,36.4254]]}},{"type":"Feature","properties":{"id":"306220","type":"AC; OVERHEAD","status":"IN SERVICE","owner":"PACIFIC GAS & ELECTRIC COMPANY","voltage":230,"voltClass":"220-287"},"geometry":{"type":"LineString","coordinates":[[-119.89711,36.70558],[-119.89192,36.70545],[-119.88856,36.70545],[-119.88292,36.70563]]}},{"type":"Feature","properties":{"id":"306225","type":"AC; OVERHEAD","status":"IN SERVICE","owner":"PACIFIC GAS & ELECTRIC COMPANY","voltage":115,"voltClass":"100-161"},"geometry":{"type":"LineString","coordinates":[[-119.72602,35.42371],[-119.72581,35.42342],[-119.69621,35.38275]]}},{"type":"Feature","properties":{"id":"306240","type":"AC; OVERHEAD","status":"IN SERVICE","owner":"SIERRA PACIFIC POWER COMPANY","voltage":345,"voltClass":"345"},"geometry":{"type":"LineString","coordinates":[[-117.15236,40.87856],[-117.15394,40.87873],[-117.159,40.87692],[-117.16647,40.87252],[-117.16997,40.87054],[-117.18426,40.86238],[-117.20235,40.85165],[-117.20528,40.84992],[-117.2134,40.84856],[-117.22877,40.84601],[-117.22775,40.82641],[-117.2273,40.81071],[-117.226,40.79439],[-117.23922,40.78626],[-117.26076,40.77319],[-117.2873,40.75676],[-117.32688,40.7326],[-117.35177,40.71878],[-117.37879,40.70435],[-117.40627,40.6895],[-117.43281,40.67512],[-117.44691,40.66742],[-117.45233,40.66507],[-117.47227,40.65946],[-117.49808,40.65221],[-117.51961,40.64625],[-117.52824,40.64372],[-117.5702,40.63122],[-117.5921,40.62479],[-117.62062,40.61809],[-117.65413,40.61011],[-117.6725,40.60585],[-117.68272,40.60012],[-117.71146,40.58759],[-117.73979,40.5757],[-117.76003,40.56722],[-117.80133,40.51432],[-117.80869,40.50474],[-117.81886,40.49752],[-117.8287,40.49168],[-117.83649,40.48485],[-117.85237,40.47784],[-117.8727,40.46637],[-117.9676,40.42179],[-118.12375,40.35058],[-118.1451,40.3407],[-118.15495,40.33586],[-118.16949,40.32888],[-118.20687,40.34043],[-118.2168,40.33863],[-118.22214,40.33762],[-118.23164,40.33596],[-118.23487,40.33587],[-118.24968,40.33545],[-118.26046,40.33511],[-118.27113,40.33452],[-118.27833,40.33199],[-118.29016,40.32791],[-118.31162,40.32067],[-118.33206,40.31369],[-118.34237,40.3101],[-118.35133,40.30706],[-118.3611,40.30365],[-118.36696,40.30171],[-118.37565,40.29875],[-118.38653,40.29501],[-118.40186,40.28971],[-118.41122,40.2866],[-118.43752,40.27763],[-118.46013,40.26985],[-118.48081,40.26274],[-118.50214,40.2554],[-118.51973,40.24922],[-118.5319,40.23841],[-118.54498,40.22651],[-118.55653,40.21613],[-118.57405,40.20037],[-118.58895,40.1869],[-118.60364,40.17355],[-118.61442,40.16382],[-118.6227,40.15634],[-118.6334,40.14985],[-118.65062,40.13839],[-118.66799,40.12535],[-118.68267,40.11543],[-118.70064,40.10423],[-118.71557,40.09632],[-118.72422,40.09261],[-118.73144,40.09008],[-118.75895,40.08075],[-118.76256,40.07943],[-118.81138,40.05537],[-118.86311,40.02847],[-118.86692,40.02654],[-118.90838,40.00505],[-118.96102,39.97771],[-119.00142,39.95711],[-119.07716,39.91817],[-119.11127,39.89639],[-119.17403,39.85617],[-119.19769,39.8405],[-119.21603,39.82303],[-119.22005,39.81759],[-119.23086,39.79983],[-119.24203,39.78083],[-119.24383,39.77778],[-119.24928,39.76825],[-119.26197,39.74322],[-119.28406,39.72886],[-119.29061,39.72428],[-119.29764,39.72089],[-119.30158,39.71933],[-119.31736,39.7132],[-119.33708,39.70553],[-119.34514,39.70206],[-119.34589,39.70031],[-119.35919,39.68219],[-119.36308,39.67697],[-119.36836,39.67272],[-119.37647,39.6645],[-119.39005,39.65114],[-119.41994,39.62072],[-119.42255,39.61828],[-119.43136,39.61411],[-119.43994,39.61031],[-119.44744,39.60717],[-119.46144,39.6025],[-119.46369,39.60172],[-119.46989,39.59986],[-119.484,39.59547],[-119.48661,39.59411],[-119.49897,39.5882],[-119.50191,39.58572],[-119.50628,39.58125],[-119.51689,39.56489],[-119.5187,39.56312]]}},{"type":"Feature","properties":{"id":"306261","type":"AC; OVERHEAD","status":"IN SERVICE","owner":"PACIFIC GAS & ELECTRIC COMPANY","voltage":115,"voltClass":"100-161"},"geometry":{"type":"LineString","coordinates":[[-119.30974,35.28258],[-119.30956,35.28336],[-119.30856,35.28407],[-119.30885,35.28494],[-119.30717,35.28535],[-119.30587,35.28542],[-119.30471,35.28547],[-119.30357,35.28548],[-119.30234,35.28564],[-119.30006,35.28582],[-119.29877,35.28585],[-119.29749,35.28594],[-119.29626,35.28603],[-119.29488,35.28491],[-119.29338,35.28369],[-119.29176,35.28504],[-119.2909,35.28574],[-119.29003,35.28641],[-119.2892,35.28714],[-119.28819,35.28796],[-119.28725,35.28876],[-119.28629,35.28953],[-119.28534,35.29031],[-119.28456,35.29105],[-119.28381,35.29181],[-119.28309,35.2923],[-119.28241,35.29278],[-119.28158,35.29337],[-119.28073,35.29382],[-119.27903,35.2947],[-119.2781,35.29503],[-119.27719,35.29537],[-119.27628,35.29569],[-119.27509,35.29594],[-119.27393,35.29619],[-119.2728,35.29645],[-119.27227,35.29651],[-119.27173,35.29657],[-119.27124,35.29663],[-119.27033,35.2969],[-119.27033,35.29787],[-119.27031,35.29901],[-119.27032,35.30013],[-119.27032,35.30355],[-119.27032,35.30454],[-119.27033,35.30551],[-119.27032,35.30648],[-119.27032,35.30852],[-119.27031,35.30971],[-119.26978,35.31037],[-119.2698,35.31137],[-119.26979,35.31252],[-119.26977,35.31364],[-119.26976,35.31481],[-119.26975,35.31703],[-119.26975,35.31816],[-119.26974,35.31928],[-119.26974,35.32041],[-119.26973,35.32152],[-119.26973,35.32267],[-119.26972,35.32379],[-119.26972,35.3249],[-119.26971,35.326],[-119.26972,35.32713],[-119.26973,35.3292],[-119.26972,35.33023],[-119.26972,35.33223],[-119.26971,35.3332],[-119.26975,35.3343],[-119.2698,35.33539],[-119.26985,35.33875],[-119.26985,35.33987],[-119.26986,35.34202],[-119.26987,35.34307],[-119.26998,35.344],[-119.27002,35.34491],[-119.27011,35.34586],[-119.27003,35.34681],[-119.2699,35.34774],[-119.26979,35.3487],[-119.26982,35.34973],[-119.26981,35.35071],[-119.26983,35.3517],[-119.26983,35.35269],[-119.26982,35.35364],[-119.27073,35.35408]]}},{"type":"Feature","properties":{"id":"306274","type":"AC; OVERHEAD","status":"IN SERVICE","owner":"SIERRA PACIFIC POWER COMPANY","voltage":120,"voltClass":"100-161"},"geometry":{"type":"LineString","coordinates":[[-119.69709,39.18889],[-119.6965,39.18943],[-119.6963,39.19002],[-119.69647,39.20035],[-119.73357,39.2166],[-119.75792,39.2178],[-119.76051,39.21882],[-119.76469,39.21788],[-119.78044,39.22295],[-119.79108,39.21799],[-119.79166,39.21626],[-119.7976,39.2087],[-119.8031,39.20903],[-119.80835,39.20917],[-119.81141,39.20921],[-119.81939,39.20881],[-119.83761,39.20878],[-119.8473,39.20184],[-119.86107,39.20313],[-119.86665,39.20957],[-119.88229,39.21505],[-119.89059,39.21792],[-119.90284,39.21797],[-119.90542,39.21927],[-119.90866,39.22285],[-119.91483,39.22615],[-119.92063,39.23603],[-119.92276,39.23958],[-119.92416,39.23949]]}},{"type":"Feature","properties":{"id":"306299","type":"AC; OVERHEAD","status":"IN SERVICE","owner":"PACIFIC GAS & ELECTRIC COMPANY","voltage":115,"voltClass":"100-161"},"geometry":{"type":"LineString","coordinates":[[-118.92367,35.36205],[-118.92259,35.36194],[-118.92259,35.36227],[-118.9234,35.36317],[-118.92436,35.36424],[-118.92438,35.36841],[-118.92438,35.37223],[-118.92438,35.37573],[-118.92437,35.37923],[-118.92437,35.38211],[-118.92435,35.38513],[-118.92436,35.38856],[-118.92439,35.39102],[-118.92438,35.39537],[-118.92439,35.39779],[-118.92439,35.39797],[-118.92441,35.40173],[-118.92705,35.40413],[-118.92974,35.40659],[-118.93278,35.4095],[-118.93607,35.41247],[-118.94122,35.4166],[-118.94199,35.41661],[-118.94346,35.41661],[-118.94951,35.41661],[-118.9535,35.41662],[-118.95783,35.41663],[-118.96213,35.41591],[-118.96323,35.41573],[-118.96692,35.4151],[-118.9706,35.41441],[-118.97611,35.41339],[-118.98055,35.41254],[-118.98521,35.41168],[-118.99199,35.41041],[-118.994,35.41002],[-118.99944,35.40783],[-119.00288,35.40645],[-119.0063,35.4051],[-119.00741,35.40444],[-119.00949,35.4025],[-119.00982,35.40237],[-119.01274,35.40122],[-119.01565,35.40008],[-119.01731,35.4001],[-119.02025,35.39918],[-119.02224,35.39911],[-119.02496,35.39843],[-119.02558,35.39716],[-119.02614,35.396],[-119.02662,35.3948],[-119.0271,35.39363],[-119.02848,35.39206],[-119.03034,35.38993],[-119.0321,35.38794],[-119.0331,35.38684],[-119.0354,35.38486],[-119.03713,35.38345],[-119.03906,35.38193],[-119.04078,35.38061],[-119.04251,35.3793],[-119.04375,35.37784],[-119.04487,35.3765],[-119.04614,35.375],[-119.04841,35.37377],[-119.05074,35.37264],[-119.05325,35.37088],[-119.0565,35.37095],[-119.05926,35.37102],[-119.06281,35.37103],[-119.06637,35.37105],[-119.06967,35.37106],[-119.07303,35.37108],[-119.07626,35.37116],[-119.07959,35.37115],[-119.08295,35.37117],[-119.08617,35.37117],[-119.08941,35.37118],[-119.09246,35.3712],[-119.09479,35.3712],[-119.09478,35.37347],[-119.09476,35.376],[-119.09533,35.3767],[-119.09576,35.37723],[-119.09606,35.37874],[-119.09709,35.3794]]}},{"type":"Feature","properties":{"id":"306372","type":"AC; OVERHEAD","status":"IN SERVICE","owner":"NEVADA POWER COMPANY","voltage":230,"voltClass":"220-287"},"geometry":{"type":"LineString","coordinates":[[-115.20829,36.32258],[-115.20705,36.322],[-115.20705,36.30599],[-115.18887,36.30552],[-115.18887,36.30706],[-115.18788,36.30712]]}},{"type":"Feature","properties":{"id":"306378","type":"AC; OVERHEAD","status":"IN SERVICE","owner":"AZUSA LIGHT & POWER","voltage":115,"voltClass":"100-161"},"geometry":{"type":"LineString","coordinates":[[-117.79027,36.00148],[-117.79161,36.00837],[-117.7887,36.01483],[-117.7926,36.01757],[-117.79162,36.01842]]}},{"type":"Feature","properties":{"id":"306398","type":"AC; OVERHEAD","status":"IN SERVICE","owner":"PACIFIC GAS & ELECTRIC COMPANY","voltage":115,"voltClass":"100-161"},"geometry":{"type":"LineString","coordinates":[[-119.02115,35.45555],[-119.02069,35.45583],[-119.02067,35.45604],[-119.02072,35.45651],[-119.0206,35.4568],[-119.02057,35.45754],[-119.02048,35.45947],[-119.02042,35.46094],[-119.02043,35.4621],[-119.02042,35.46302],[-119.02041,35.46387],[-119.02039,35.46491],[-119.02038,35.46584],[-119.02035,35.46647],[-119.02034,35.46735],[-119.02033,35.46844],[-119.02033,35.4693],[-119.02033,35.47038],[-119.02031,35.47109],[-119.0203,35.47179],[-119.02028,35.47273],[-119.02027,35.47372],[-119.02024,35.4747],[-119.02023,35.47622],[-119.01957,35.47682],[-119.01846,35.47783],[-119.018,35.47827],[-119.01646,35.47969],[-119.01568,35.48041],[-119.01489,35.48112],[-119.01402,35.4819],[-119.0131,35.48274],[-119.01246,35.48335],[-119.01139,35.4843],[-119.01025,35.48534],[-119.00893,35.48657],[-119.00794,35.48746],[-119.00695,35.48837],[-119.00329,35.48871],[-119.00332,35.49014],[-119.00334,35.49115],[-119.00336,35.49192],[-119.00148,35.49328],[-119.00011,35.49452],[-118.99889,35.49573],[-118.99818,35.49635],[-118.99651,35.49786],[-118.99398,35.49934],[-118.99351,35.49973],[-118.99188,35.50074],[-118.99166,35.50088],[-118.99133,35.50108],[-118.99065,35.50221],[-118.98993,35.50337],[-118.98939,35.5043],[-118.98833,35.50601],[-118.9866,35.50886],[-118.98504,35.51152],[-118.98337,35.51423],[-118.983,35.51534],[-118.98254,35.51688],[-118.98185,35.51958],[-118.98168,35.52079],[-118.98137,35.52245],[-118.98098,35.5245],[-118.98059,35.5265],[-118.98026,35.52827],[-118.98009,35.52934],[-118.97981,35.53035],[-118.97935,35.53209],[-118.97903,35.53341],[-118.97814,35.53695],[-118.97772,35.53868],[-118.97738,35.54004],[-118.97669,35.54169],[-118.97575,35.54336],[-118.9749,35.54459],[-118.97451,35.54528],[-118.97357,35.54678],[-118.97201,35.54849],[-118.96957,35.55111],[-118.96878,35.55197],[-118.96752,35.5534],[-118.96588,35.55521],[-118.96366,35.55762],[-118.96253,35.55885],[-118.9629,35.55892],[-118.96304,35.55985],[-118.96137,35.55985],[-118.95998,35.55984],[-118.95874,35.55965],[-118.9576,35.55929]]}},{"type":"Feature","properties":{"id":"306426","type":"AC; OVERHEAD","status":"IN SERVICE","owner":"NEVADA POWER COMPANY","voltage":500,"voltClass":"500"},"geometry":{"type":"LineString","coordinates":[[-114.92161,36.38188],[-114.92229,36.37978],[-114.92233,36.37801],[-114.92451,36.37696],[-114.92978,36.36436],[-114.93254,36.35804],[-114.93832,36.34472],[-114.94589,36.32604],[-114.94988,36.32412],[-114.96196,36.31851],[-114.98487,36.31293],[-115.01525,36.30563],[-115.02734,36.30583],[-115.04304,36.30709],[-115.05016,36.30688],[-115.0833,36.30623],[-115.09826,36.30619],[-115.11859,36.30558],[-115.14202,36.30569],[-115.15359,36.30639],[-115.16463,36.3105],[-115.18933,36.32036],[-115.18926,36.32514],[-115.19253,36.32779],[-115.20756,36.32793],[-115.22606,36.33497],[-115.2826,36.33543],[-115.3282,36.33562],[-115.33006,36.33447]]}},{"type":"Feature","properties":{"id":"306428","type":"AC; OVERHEAD","status":"IN SERVICE","owner":"SIERRA PACIFIC POWER COMPANY","voltage":120,"voltClass":"100-161"},"geometry":{"type":"LineString","coordinates":[[-119.84527,39.56045],[-119.84517,39.56495],[-119.8452,39.57057],[-119.8452,39.57812],[-119.85449,39.58469],[-119.85479,39.59318],[-119.85499,39.60444],[-119.88739,39.61773],[-119.89533,39.6209],[-119.89479,39.62331],[-119.89501,39.62536],[-119.8933,39.62643],[-119.89228,39.63163],[-119.89098,39.63693],[-119.89063,39.6375]]}},{"type":"Feature","properties":{"id":"306449","type":"AC; OVERHEAD","status":"IN SERVICE","owner":null,"voltage":230,"voltClass":"220-287"},"geometry":{"type":"LineString","coordinates":[[-118.05513,35.23693],[-118.05483,35.23854],[-118.04153,35.26322],[-118.03683,35.27175],[-118.01366,35.29312],[-117.99875,35.3343],[-118.01266,35.37136],[-117.9892,35.42353],[-117.92158,35.57331],[-117.91231,35.59389],[-117.88653,35.64455],[-117.87289,35.67955],[-117.88225,35.7635],[-117.88831,35.81839],[-117.89434,35.87277],[-117.89753,35.87925],[-117.88944,35.89698],[-117.89245,35.91086],[-117.89961,35.92694],[-117.89567,35.97278],[-117.89315,36.00235],[-117.90422,36.02532],[-117.95244,36.10083],[-117.99116,36.1175],[-118.01014,36.19347],[-118.00693,36.23587],[-118.02855,36.27387],[-118.04194,36.2975],[-118.02669,36.35731],[-118.0451,36.44307],[-118.05175,36.51929],[-118.01577,36.55708],[-118.01871,36.62515],[-118.14045,36.8376],[-118.17508,36.87832],[-118.1908,36.92885],[-118.19179,36.93195],[-118.216,36.9559],[-118.25456,36.99412],[-118.27262,37.0471],[-118.27128,37.11631],[-118.28681,37.13969],[-118.31603,37.16836],[-118.32086,37.17639],[-118.3223,37.18097],[-118.32861,37.18822],[-118.33664,37.19272],[-118.3465,37.206],[-118.36923,37.24855],[-118.38292,37.28367],[-118.38162,37.28545],[-118.39486,37.30961],[-118.40334,37.319],[-118.42392,37.32825],[-118.44,37.34064],[-118.44097,37.34222]]}},{"type":"Feature","properties":{"id":"306440","type":"AC; OVERHEAD","status":"IN SERVICE","owner":null,"voltage":230,"voltClass":"220-287"},"geometry":{"type":"LineString","coordinates":[[-119.38851,37.14825],[-119.38712,37.1581],[-119.36419,37.19212],[-119.33583,37.20657],[-119.33485,37.20818],[-119.33083,37.21035],[-119.32795,37.21324],[-119.33309,37.21727],[-119.33527,37.21892],[-119.33586,37.22055],[-119.33795,37.22041]]}},{"type":"Feature","properties":{"id":"306459","type":"AC; OVERHEAD","status":"IN SERVICE","owner":"AZUSA LIGHT & POWER","voltage":115,"voltClass":"100-161"},"geometry":{"type":"LineString","coordinates":[[-117.5425,34.98914],[-117.54398,34.99066],[-117.54545,34.99053],[-117.54782,34.99057],[-117.55016,34.99059],[-117.55254,34.99062],[-117.55493,34.99063],[-117.5573,34.99067],[-117.55968,34.99069],[-117.56204,34.99071],[-117.5644,34.9907],[-117.56679,34.9907],[-117.56916,34.99068],[-117.57153,34.99069],[-117.57389,34.99069],[-117.57627,34.99068],[-117.58028,34.99068],[-117.5823,34.99066],[-117.5847,34.99066],[-117.58714,34.99064],[-117.58958,34.99061],[-117.59202,34.99059],[-117.59446,34.99058],[-117.59689,34.99055],[-117.59934,34.99059],[-117.60178,34.99064],[-117.60424,34.99064],[-117.60668,34.99068],[-117.6091,34.99075],[-117.61153,34.9908],[-117.61353,34.99085],[-117.61554,34.99086],[-117.61755,34.99087],[-117.62001,34.99086],[-117.62252,34.99087],[-117.62504,34.99087],[-117.62754,34.99088],[-117.63004,34.99087],[-117.63255,34.99087],[-117.63476,34.99091],[-117.63727,34.99098],[-117.63979,34.991],[-117.64225,34.99106],[-117.64473,34.99112],[-117.6472,34.99117],[-117.64966,34.99123],[-117.65212,34.99124],[-117.65459,34.99124],[-117.65707,34.99122],[-117.65954,34.99122],[-117.66202,34.99122],[-117.6645,34.99121],[-117.66703,34.99121],[-117.66959,34.99119],[-117.67212,34.99118],[-117.67471,34.99118],[-117.67691,34.99116],[-117.67939,34.99115],[-117.6818,34.99117],[-117.68379,34.99117],[-117.6858,34.99117],[-117.6878,34.99117],[-117.69024,34.99116],[-117.69461,34.99116],[-117.69994,34.99114],[-117.70464,34.99116],[-117.70458,34.99201],[-117.70448,34.99371],[-117.7044,34.99539],[-117.70436,34.99624],[-117.70428,34.99794],[-117.70423,34.99879],[-117.70418,34.99966],[-117.70415,35.0008],[-117.70806,35.00108],[-117.7081,35.00386],[-117.70811,35.00506],[-117.70814,35.0073],[-117.70815,35.0102],[-117.70818,35.01162],[-117.70818,35.0133],[-117.70375,35.01348],[-117.70408,35.01413]]}},{"type":"Feature","properties":{"id":"306488","type":"AC; OVERHEAD","status":"IN SERVICE","owner":null,"voltage":230,"voltClass":"220-287"},"geometry":{"type":"LineString","coordinates":[[-119.38851,37.14825],[-119.38977,37.1465],[-119.38909,37.14455],[-119.36968,37.09125],[-119.37732,37.02868],[-119.3787,37.02725],[-119.38121,37.02459],[-119.38682,37.01874],[-119.39432,37.01101],[-119.40992,36.99462],[-119.42585,36.97798],[-119.4295,36.97417],[-119.43632,36.96353],[-119.44322,36.95283],[-119.45092,36.94087],[-119.45289,36.93787],[-119.45618,36.93276],[-119.45616,36.93127],[-119.45618,36.92904],[-119.45765,36.88595],[-119.45869,36.86806],[-119.45901,36.86251],[-119.45736,36.85989],[-119.4346,36.82285],[-119.43121,36.81731],[-119.42829,36.81257],[-119.4256,36.80822],[-119.41424,36.80186],[-119.41165,36.7997],[-119.40976,36.79562],[-119.40606,36.79207],[-119.39906,36.78595],[-119.3962,36.78297],[-119.39404,36.77926],[-119.39216,36.77836],[-119.38768,36.77325],[-119.38392,36.76868],[-119.38181,36.76543],[-119.37305,36.75136],[-119.36463,36.73645],[-119.36282,36.73326],[-119.33172,36.67834],[-119.32879,36.67319],[-119.3108,36.64123],[-119.30145,36.62467],[-119.2902,36.60484],[-119.28021,36.58731],[-119.2755,36.57899],[-119.26597,36.56203],[-119.2641,36.55869],[-119.2567,36.55291],[-119.25524,36.55175],[-119.25521,36.54298],[-119.25398,36.54074],[-119.24869,36.53141],[-119.24906,36.53026],[-119.24127,36.51818],[-119.2412,36.51593],[-119.24432,36.30387]]}},{"type":"Feature","properties":{"id":"306492","type":"AC; OVERHEAD","status":"IN SERVICE","owner":"PACIFIC GAS & ELECTRIC COMPANY","voltage":115,"voltClass":"100-161"},"geometry":{"type":"LineString","coordinates":[[-119.66461,36.89578],[-119.66415,36.89605],[-119.66254,36.89783],[-119.66123,36.89937],[-119.66026,36.90051],[-119.65917,36.90173],[-119.65789,36.90321],[-119.65651,36.90477],[-119.65495,36.90657],[-119.65299,36.90882],[-119.65143,36.9106],[-119.6502,36.912],[-119.64909,36.91326],[-119.64692,36.91574],[-119.64611,36.9167],[-119.64241,36.92094],[-119.64074,36.92282],[-119.64007,36.92361],[-119.63862,36.92546],[-119.63783,36.92645],[-119.63729,36.92723],[-119.63415,36.93148],[-119.63222,36.93415],[-119.63049,36.93652],[-119.6296,36.93775],[-119.62723,36.941],[-119.62621,36.9424],[-119.62461,36.94459],[-119.62413,36.94526],[-119.6193,36.95186],[-119.61715,36.95482],[-119.61599,36.9564],[-119.61489,36.9579],[-119.61234,36.9614],[-119.61069,36.96365],[-119.60902,36.96595],[-119.60652,36.96939],[-119.60564,36.97059],[-119.60441,36.97227],[-119.60249,36.97491],[-119.60106,36.97684],[-119.59925,36.97932],[-119.59777,36.98136],[-119.59624,36.98343],[-119.59538,36.98463],[-119.59362,36.98705],[-119.59278,36.98819],[-119.59202,36.98923],[-119.59072,36.99103],[-119.58908,36.9933],[-119.58654,36.99674],[-119.58504,36.99884],[-119.58313,37.00142],[-119.58132,37.00391],[-119.57739,37.00928],[-119.57414,37.01373],[-119.5715,37.01734],[-119.57048,37.01874],[-119.56967,37.01985],[-119.56859,37.02134],[-119.56766,37.02261],[-119.56641,37.02433],[-119.56546,37.02564],[-119.56516,37.02603],[-119.56443,37.02703],[-119.56335,37.02853],[-119.56247,37.02972],[-119.56162,37.0309],[-119.56031,37.03269],[-119.55899,37.0345],[-119.55729,37.03682],[-119.55629,37.03817],[-119.5549,37.04017],[-119.55209,37.04412],[-119.55099,37.04578],[-119.55011,37.04703],[-119.54922,37.04831],[-119.54811,37.04992],[-119.54427,37.05554],[-119.543,37.05733],[-119.54176,37.05909],[-119.54075,37.06057],[-119.54008,37.06148],[-119.53906,37.06293],[-119.53629,37.06759],[-119.53486,37.07006],[-119.53437,37.07097]]}},{"type":"Feature","properties":{"id":"306548","type":"AC; OVERHEAD","status":"IN SERVICE","owner":null,"voltage":230,"voltClass":"220-287"},"geometry":{"type":"LineString","coordinates":[[-114.56594,35.1947],[-114.56836,35.20329],[-114.56114,35.21664],[-114.56161,35.26117],[-114.56639,35.2682],[-114.57058,35.27225],[-114.59653,35.27761],[-114.6,35.27794],[-114.60733,35.28422],[-114.60775,35.29861],[-114.61014,35.30855],[-114.62352,35.32438],[-114.64733,35.34505],[-114.70621,35.39575],[-114.84225,35.51508],[-114.84862,35.52067],[-114.85362,35.52764],[-114.85633,35.53125],[-114.85906,35.53489],[-114.87743,35.57041],[-114.92358,35.663],[-114.92633,35.66594],[-114.97126,35.67053],[-115.01429,35.67462],[-115.01622,35.67456],[-115.03028,35.69278],[-115.03475,35.69862],[-115.04789,35.71579],[-115.04497,35.72017],[-115.03031,35.74618],[-115.01642,35.77054],[-115.00514,35.78897],[-115.00358,35.79984],[-115.00389,35.8017],[-115.00977,35.80377],[-115.013,35.80392]]}},{"type":"Feature","properties":{"id":"306597","type":"AC; OVERHEAD","status":"IN SERVICE","owner":"PACIFIC GAS & ELECTRIC COMPANY","voltage":115,"voltClass":"100-161"},"geometry":{"type":"LineString","coordinates":[[-119.73479,36.76426],[-119.73571,36.76431],[-119.73631,36.76449],[-119.7371,36.76506],[-119.73995,36.76681],[-119.74325,36.76889],[-119.7501,36.77302],[-119.75309,36.77507],[-119.75428,36.77595],[-119.75588,36.77662],[-119.76574,36.78018],[-119.77325,36.78288],[-119.78376,36.78659],[-119.78597,36.78671],[-119.78804,36.78782],[-119.7883,36.78671],[-119.7902,36.78676],[-119.81035,36.78663],[-119.81384,36.78821],[-119.81546,36.78884],[-119.8183,36.78997],[-119.82149,36.79124],[-119.82373,36.79239],[-119.82527,36.79332],[-119.82645,36.79406],[-119.82803,36.79468],[-119.83042,36.79623],[-119.83267,36.79731],[-119.83502,36.79825],[-119.83876,36.79973],[-119.84291,36.80118],[-119.84455,36.80184],[-119.84671,36.8027],[-119.84904,36.80362],[-119.85134,36.80453],[-119.85368,36.80546],[-119.85997,36.80796],[-119.8678,36.81191],[-119.87071,36.81418],[-119.87425,36.81695],[-119.87612,36.81817],[-119.87924,36.82061],[-119.88263,36.82351],[-119.8881,36.82759],[-119.89132,36.83008],[-119.89467,36.83269],[-119.89602,36.83374],[-119.91031,36.84008],[-119.91331,36.84111],[-119.91608,36.84181],[-119.92218,36.84478]]}},{"type":"Feature","properties":{"id":"304318","type":"AC; OVERHEAD","status":"IN SERVICE","owner":"PACIFIC GAS & ELECTRIC COMPANY","voltage":115,"voltClass":"100-161"},"geometry":{"type":"LineString","coordinates":[[-119.57139,35.18404],[-119.58255,35.19103],[-119.58234,35.1914],[-119.5824,35.19291],[-119.58238,35.19339]]}},{"type":"Feature","properties":{"id":"304295","type":"AC; OVERHEAD","status":"IN SERVICE","owner":"AZUSA LIGHT & POWER","voltage":230,"voltClass":"220-287"},"geometry":{"type":"LineString","coordinates":[[-118.3138,35.1082],[-118.31281,35.1061],[-118.3124,35.10453],[-118.31464,35.1022],[-118.31796,35.10425],[-118.32084,35.10601],[-118.32399,35.10438],[-118.32755,35.10253],[-118.33067,35.10095],[-118.33379,35.09933],[-118.33455,35.09906]]}},{"type":"Feature","properties":{"id":"304350","type":"AC; OVERHEAD","status":"IN SERVICE","owner":"PACIFIC GAS & ELECTRIC COMPANY","voltage":500,"voltClass":"500"},"geometry":{"type":"LineString","coordinates":[[-119.45217,35.40387],[-119.45544,35.39651],[-119.46161,35.39225],[-119.46512,35.39157],[-119.46677,35.39072],[-119.46717,35.38257],[-119.51378,35.38292],[-119.5777,35.35201],[-119.60717,35.33866],[-119.67772,35.33934],[-119.69542,35.33892],[-119.71436,35.33506],[-119.75386,35.32982],[-119.78955,35.31079],[-119.83608,35.28144],[-119.86036,35.26553],[-119.86692,35.26192],[-119.93803,35.26177],[-120.00086,35.24503],[-120.021,35.24027],[-120.04891,35.23321],[-120.0604,35.23066],[-120.10196,35.21811],[-120.15246,35.19888],[-120.2012,35.17658],[-120.23166,35.17325],[-120.35111,35.16707],[-120.40441,35.16183],[-120.40422,35.16303],[-120.46722,35.15993],[-120.53432,35.17468],[-120.56764,35.17278],[-120.6157,35.16659],[-120.66234,35.19657],[-120.67194,35.19749],[-120.67332,35.19836],[-120.7875,35.21223],[-120.80645,35.21385],[-120.8201,35.214],[-120.84428,35.21865],[-120.84727,35.21637]]}},{"type":"Feature","properties":{"id":"304354","type":"AC; OVERHEAD","status":"IN SERVICE","owner":"SIERRA PACIFIC POWER COMPANY","voltage":345,"voltClass":"345"},"geometry":{"type":"LineString","coordinates":[[-119.5187,39.56312],[-119.51913,39.56465],[-119.52358,39.56673],[-119.52569,39.56954],[-119.52998,39.57623],[-119.58548,39.55624],[-119.59113,39.55279],[-119.60184,39.54546],[-119.60961,39.54018],[-119.61405,39.53775],[-119.62653,39.53193],[-119.6302,39.53304],[-119.63872,39.53567],[-119.64111,39.53636],[-119.64605,39.54311],[-119.64872,39.54661],[-119.65187,39.54663],[-119.66159,39.5468],[-119.66832,39.54689],[-119.68294,39.55046],[-119.69379,39.55646],[-119.70314,39.56157],[-119.70826,39.56665],[-119.71564,39.56831],[-119.71997,39.56937],[-119.72505,39.57072],[-119.73616,39.57096],[-119.74161,39.57106],[-119.749,39.56584],[-119.76016,39.56512],[-119.76916,39.56493],[-119.77716,39.56484],[-119.78647,39.56469],[-119.80093,39.56446],[-119.80574,39.56442],[-119.8057,39.56114],[-119.8063,39.55941],[-119.80657,39.55835]]}},{"type":"Feature","properties":{"id":"304378","type":"AC; OVERHEAD","status":"IN SERVICE","owner":null,"voltage":230,"voltClass":"220-287"},"geometry":{"type":"LineString","coordinates":[[-115.96878,36.1971],[-115.96892,36.19796],[-115.96821,36.21307],[-115.97187,36.22306],[-115.98082,36.24763],[-115.99115,36.27595],[-116.00441,36.30417],[-116.02071,36.3376],[-116.0249,36.34608],[-116.03591,36.36482],[-116.0539,36.39334],[-116.06723,36.41458],[-116.06895,36.42187],[-116.07032,36.42784],[-116.0711,36.43344],[-116.06947,36.43488],[-116.05318,36.44893],[-116.05138,36.45049],[-116.05609,36.45627],[-116.05112,36.47184],[-116.04132,36.49049],[-116.02948,36.50597],[-116.02476,36.51844],[-116.01737,36.5371],[-116.02593,36.56122],[-116.02194,36.57842],[-115.96373,36.58496],[-115.95822,36.58558],[-115.94736,36.58247]]}},{"type":"Feature","properties":{"id":"304384","type":"AC; OVERHEAD","status":"IN SERVICE","owner":"PACIFIC GAS & ELECTRIC COMPANY","voltage":115,"voltClass":"100-161"},"geometry":{"type":"LineString","coordinates":[[-119.13113,35.43969],[-119.13083,35.43969],[-119.13067,35.4405],[-119.1306,35.44134],[-119.13061,35.44141],[-119.12961,35.44141],[-119.12741,35.4414],[-119.12525,35.4414],[-119.123,35.44139],[-119.12072,35.44138],[-119.11865,35.44138],[-119.1164,35.44137],[-119.11409,35.44136],[-119.11195,35.44137],[-119.11039,35.44136],[-119.10928,35.44136],[-119.10753,35.44135],[-119.10528,35.44134],[-119.10309,35.44134],[-119.10076,35.44134],[-119.09878,35.44133],[-119.09667,35.44133],[-119.09457,35.44133],[-119.09441,35.44133],[-119.09438,35.44133],[-119.0924,35.44132],[-119.09036,35.44131],[-119.08821,35.44126],[-119.08754,35.44164],[-119.08253,35.44177],[-119.08251,35.44187],[-119.08244,35.44387],[-119.08239,35.44573],[-119.08235,35.44766],[-119.08231,35.44922],[-119.08227,35.45129],[-119.08222,35.45335],[-119.08217,35.4554],[-119.08218,35.4573],[-119.08009,35.4573],[-119.07849,35.45729],[-119.07678,35.45729],[-119.07441,35.4573],[-119.07179,35.4562],[-119.06974,35.45522],[-119.0673,35.45415],[-119.06471,35.45301],[-119.06226,35.45194],[-119.05863,35.45036],[-119.05598,35.44827],[-119.05304,35.44596],[-119.05015,35.44366],[-119.04724,35.44138],[-119.04517,35.44135],[-119.04285,35.44136],[-119.04063,35.44135],[-119.03841,35.44135],[-119.03619,35.44134],[-119.03464,35.44133],[-119.03175,35.44134],[-119.02955,35.44133],[-119.0274,35.44133],[-119.02334,35.44138],[-119.02095,35.4414],[-119.02054,35.44068]]}},{"type":"Feature","properties":{"id":"304385","type":"AC; OVERHEAD","status":"IN SERVICE","owner":"PACIFIC GAS & ELECTRIC COMPANY","voltage":115,"voltClass":"100-161"},"geometry":{"type":"LineString","coordinates":[[-119.57997,35.60161],[-119.57983,35.60122],[-119.58028,35.60122],[-119.58121,35.60122],[-119.58227,35.60122],[-119.58331,35.60123],[-119.58439,35.60121],[-119.58545,35.60122],[-119.58651,35.60123],[-119.58757,35.60123],[-119.58872,35.60124],[-119.58956,35.60122],[-119.59065,35.60126],[-119.59175,35.60127],[-119.59296,35.60129],[-119.59415,35.6013],[-119.59532,35.60126],[-119.59643,35.60126],[-119.59748,35.60129],[-119.59858,35.60128],[-119.60082,35.60136],[-119.60194,35.60137],[-119.60304,35.60139],[-119.60416,35.6014],[-119.60527,35.60141],[-119.60642,35.60143],[-119.60759,35.60142],[-119.60872,35.60141],[-119.60989,35.60143],[-119.61118,35.60144],[-119.61229,35.60145],[-119.61322,35.60146],[-119.61469,35.60167]]}},{"type":"Feature","properties":{"id":"304421","type":"AC; OVERHEAD","status":"IN SERVICE","owner":"SIERRA PACIFIC POWER COMPANY","voltage":120,"voltClass":"100-161"},"geometry":{"type":"LineString","coordinates":[[-119.5187,39.56312],[-119.5187,39.56491],[-119.5206,39.56644],[-119.52793,39.5835],[-119.52923,39.58418],[-119.53255,39.58433],[-119.54476,39.58942],[-119.55241,39.59434],[-119.56208,39.59616],[-119.57541,39.59338],[-119.58641,39.59216],[-119.59009,39.59082],[-119.59893,39.59025],[-119.60642,39.58846],[-119.61768,39.59299],[-119.62631,39.59543],[-119.62903,39.59743],[-119.63993,39.60145],[-119.65582,39.60881],[-119.66103,39.61874],[-119.66197,39.62261],[-119.66653,39.63614],[-119.67265,39.63653],[-119.67325,39.6546],[-119.67369,39.66591],[-119.67618,39.67099],[-119.68486,39.67102],[-119.69601,39.67094],[-119.69604,39.67501],[-119.70514,39.67524],[-119.70992,39.6789],[-119.71362,39.68171],[-119.71428,39.68141]]}},{"type":"Feature","properties":{"id":"304468","type":"AC; OVERHEAD","status":"IN SERVICE","owner":"AZUSA LIGHT & POWER","voltage":230,"voltClass":"220-287"},"geometry":{"type":"LineString","coordinates":[[-119.25664,37.14795],[-119.2616,37.15168],[-119.26268,37.15393],[-119.26164,37.15628],[-119.2623,37.15851],[-119.25246,37.17396],[-119.26001,37.1865],[-119.24212,37.20182],[-119.2409,37.20383],[-119.24297,37.20399]]}},{"type":"Feature","properties":{"id":"304475","type":"AC; OVERHEAD","status":"IN SERVICE","owner":"NEVADA POWER COMPANY","voltage":138,"voltClass":"100-161"},"geometry":{"type":"LineString","coordinates":[[-115.08418,35.9823],[-115.08409,35.98136],[-115.07567,35.9793],[-115.06502,35.9712],[-115.06667,35.96432],[-115.0656,35.96128],[-115.06689,35.95813],[-115.07428,35.94019],[-115.07729,35.93872],[-115.08739,35.93748],[-115.10197,35.92583],[-115.1146,35.92631],[-115.11691,35.92598],[-115.12127,35.92525],[-115.12859,35.92415],[-115.13661,35.924],[-115.17041,35.92591],[-115.17326,35.92696],[-115.17488,35.92693]]}},{"type":"Feature","properties":{"id":"304496","type":"AC; OVERHEAD","status":"IN SERVICE","owner":"SIERRA PACIFIC POWER COMPANY","voltage":120,"voltClass":"100-161"},"geometry":{"type":"LineString","coordinates":[[-119.86574,39.54158],[-119.87312,39.53372],[-119.87506,39.53226],[-119.88124,39.53281],[-119.89158,39.53298],[-119.90121,39.53329],[-119.90777,39.5335],[-119.92179,39.53321],[-119.92632,39.53522],[-119.93645,39.53546],[-119.94471,39.5332],[-119.95393,39.53076],[-119.97734,39.5285],[-119.98171,39.52907],[-119.98717,39.52874],[-119.99151,39.5271],[-119.99425,39.52558],[-119.99646,39.52361],[-119.99768,39.52002],[-120.00273,39.51995],[-120.00677,39.51997],[-120.00722,39.52144],[-120.00861,39.52152],[-120.00868,39.52123]]}},{"type":"Feature","properties":{"id":"304513","type":"AC; OVERHEAD","status":"IN SERVICE","owner":"NEVADA POWER COMPANY","voltage":230,"voltClass":"220-287"},"geometry":{"type":"LineString","coordinates":[[-115.013,35.80392],[-115.0053,35.80487],[-114.97179,35.82329],[-114.95624,35.83172],[-114.95505,35.83289],[-114.93853,35.84894],[-114.92104,35.86591],[-114.90637,35.88008],[-114.89073,35.89531],[-114.8733,35.91225],[-114.85928,35.92572],[-114.85857,35.92588],[-114.84258,35.92404],[-114.83849,35.92437],[-114.83585,35.92464],[-114.83474,35.92781]]}},{"type":"Feature","properties":{"id":"304570","type":"AC; OVERHEAD","status":"IN SERVICE","owner":"SIERRA PACIFIC POWER COMPANY","voltage":120,"voltClass":"100-161"},"geometry":{"type":"LineString","coordinates":[[-116.94528,40.6481],[-116.94629,40.64816],[-116.94855,40.64766],[-116.95372,40.64763],[-116.96609,40.64763],[-117.00169,40.67058],[-117.08906,40.72378],[-117.17767,40.77772],[-117.18686,40.78339],[-117.23097,40.81061],[-117.23086,40.84788],[-117.20665,40.8512],[-117.15931,40.87861],[-117.15394,40.87958],[-117.15236,40.87856]]}},{"type":"Feature","properties":{"id":"304598","type":"AC; OVERHEAD","status":"IN SERVICE","owner":"WELLS RURAL ELECTRIC COMPANY","voltage":120,"voltClass":"100-161"},"geometry":{"type":"LineString","coordinates":[[-116.21937,40.79462],[-116.21527,40.79671],[-116.21147,40.79871],[-116.20631,40.7989],[-116.19754,40.79934],[-116.17669,40.79156],[-116.17461,40.79012],[-116.17321,40.78886],[-116.17075,40.78786]]}},{"type":"Feature","properties":{"id":"304609","type":"AC; OVERHEAD","status":"IN SERVICE","owner":"AZUSA LIGHT & POWER","voltage":115,"voltClass":"100-161"},"geometry":{"type":"LineString","coordinates":[[-117.55554,35.00948],[-117.55553,35.01133],[-117.55572,35.01177]]}},{"type":"Feature","properties":{"id":"304669","type":"AC; OVERHEAD","status":"IN SERVICE","owner":"PACIFIC GAS & ELECTRIC COMPANY","voltage":230,"voltClass":"220-287"},"geometry":{"type":"LineString","coordinates":[[-120.12875,36.14233],[-120.12865,36.13896],[-120.12743,36.1374],[-120.11651,36.13294],[-120.10255,36.11654],[-120.06306,36.07082],[-120.0559,36.06348],[-120.04804,36.05695],[-120.03941,36.05079],[-120.0274,36.04335],[-120.01221,36.0339],[-119.99476,36.02291],[-119.97059,36.00766],[-119.96078,36.00068],[-119.95348,35.99334],[-119.93838,35.97608],[-119.92988,35.96627],[-119.92027,35.95706],[-119.9103,35.94407],[-119.8826,35.91482],[-119.8641,35.89534],[-119.82209,35.85088],[-119.80724,35.83566],[-119.78316,35.808],[-119.7535,35.77179],[-119.74277,35.75869],[-119.72407,35.73157],[-119.71658,35.72124],[-119.70302,35.70665],[-119.70023,35.70372],[-119.68818,35.69048],[-119.67313,35.67339],[-119.64995,35.645],[-119.62855,35.61871],[-119.61469,35.60167]]}},{"type":"Feature","properties":{"id":"304681","type":"AC; OVERHEAD","status":"IN SERVICE","owner":null,"voltage":230,"voltClass":"220-287"},"geometry":{"type":"LineString","coordinates":[[-114.74302,36.01836],[-114.74952,36.0147],[-114.75019,36.01374],[-114.75314,36.01218],[-114.77171,36.00522],[-114.78177,36.00167],[-114.78458,35.99958],[-114.78718,35.99197],[-114.78937,35.9869],[-114.79288,35.97959],[-114.79912,35.96709],[-114.81283,35.93957],[-114.82076,35.92365],[-114.82821,35.92602],[-114.83474,35.92781]]}},{"type":"Feature","properties":{"id":"304696","type":"AC; OVERHEAD","status":"IN SERVICE","owner":"SIERRA PACIFIC POWER COMPANY","voltage":120,"voltClass":"100-161"},"geometry":{"type":"LineString","coordinates":[[-116.52984,40.74802],[-116.52987,40.74901],[-116.53006,40.75806],[-116.53009,40.76635],[-116.53027,40.77618],[-116.51616,40.7931],[-116.50404,40.80762],[-116.50293,40.81235],[-116.50254,40.81433],[-116.50134,40.81596],[-116.49525,40.81602]]}},{"type":"Feature","properties":{"id":"304774","type":"AC; OVERHEAD","status":"IN SERVICE","owner":"PACIFIC GAS & ELECTRIC COMPANY","voltage":115,"voltClass":"100-161"},"geometry":{"type":"LineString","coordinates":[[-119.76841,36.8239],[-119.76875,36.82448],[-119.76796,36.82482],[-119.76789,36.83416],[-119.77017,36.83592],[-119.77019,36.83736],[-119.7701,36.85026],[-119.80064,36.8498],[-119.80332,36.84987]]}},{"type":"Feature","properties":{"id":"304813","type":"AC; OVERHEAD","status":"IN SERVICE","owner":"PACIFIC GAS & ELECTRIC COMPANY","voltage":115,"voltClass":"100-161"},"geometry":{"type":"LineString","coordinates":[[-119.52135,36.60753],[-119.52147,36.60773],[-119.52112,36.60773],[-119.52108,36.61148],[-119.52104,36.6182],[-119.52084,36.63381],[-119.53965,36.634],[-119.56573,36.63426],[-119.56566,36.64682],[-119.56555,36.67005],[-119.56556,36.69238],[-119.59219,36.69223],[-119.59206,36.70633],[-119.59186,36.70654],[-119.60089,36.70653],[-119.60788,36.70641],[-119.6099,36.7064],[-119.61075,36.7073]]}},{"type":"Feature","properties":{"id":"304817","type":"AC; OVERHEAD","status":"IN SERVICE","owner":"PACIFIC GAS & ELECTRIC COMPANY","voltage":230,"voltClass":"220-287"},"geometry":{"type":"LineString","coordinates":[[-119.08822,36.90878],[-119.08877,36.90854],[-119.0955,36.90755],[-119.09731,36.9073],[-119.09995,36.9071],[-119.10351,36.90622],[-119.11048,36.90441],[-119.12052,36.90199],[-119.12223,36.90054],[-119.12197,36.89587],[-119.12136,36.88781],[-119.12036,36.88439],[-119.11936,36.881],[-119.12,36.87899],[-119.12103,36.87851],[-119.12339,36.87867],[-119.12778,36.87892],[-119.13082,36.87929],[-119.13214,36.87917],[-119.13705,36.87955],[-119.13836,36.87982],[-119.14083,36.87983],[-119.14251,36.88013],[-119.144,36.8801],[-119.14688,36.88131],[-119.15075,36.88417],[-119.1518,36.88462],[-119.15342,36.88603],[-119.15522,36.88727],[-119.15606,36.88792],[-119.15736,36.88822],[-119.15801,36.88848],[-119.15954,36.88824]]}},{"type":"Feature","properties":{"id":"304823","type":"AC; OVERHEAD","status":"IN SERVICE","owner":null,"voltage":500,"voltClass":"500"},"geometry":{"type":"LineString","coordinates":[[-119.45217,35.40387],[-119.45297,35.40076],[-119.45237,35.39994],[-119.44881,35.39983],[-119.44692,35.4005],[-119.44084,35.40038],[-119.41364,35.38736],[-119.2755,35.38668],[-119.19834,35.31985],[-119.12565,35.25205],[-118.99084,35.12545],[-118.86689,35.1248],[-118.85917,35.12156],[-118.81275,35.11786],[-118.73018,35.09488],[-118.7045,35.08216],[-118.67986,35.05458],[-118.62969,35.02969],[-118.61664,35.02339],[-118.60078,35.01775],[-118.58544,35.01394],[-118.56939,35.00289],[-118.5436,34.99007],[-118.48952,34.91586],[-118.46612,34.88719],[-118.44162,34.85722],[-118.43712,34.85815]]}},{"type":"Feature","properties":{"id":"304848","type":"AC; OVERHEAD","status":"IN SERVICE","owner":"NEVADA POWER COMPANY","voltage":138,"voltClass":"100-161"},"geometry":{"type":"LineString","coordinates":[[-115.38149,36.38189],[-115.38228,36.38145],[-115.38648,36.38494],[-115.42402,36.416],[-115.42951,36.42548]]}},{"type":"Feature","properties":{"id":"304912","type":"AC; OVERHEAD","status":"IN SERVICE","owner":"PACIFIC GAS & ELECTRIC COMPANY","voltage":115,"voltClass":"100-161"},"geometry":{"type":"LineString","coordinates":[[-119.15196,35.50035],[-119.15181,35.50148],[-119.09275,35.50146],[-119.09403,35.50392],[-119.09479,35.50533],[-119.09555,35.50673],[-119.0963,35.50812],[-119.09667,35.50878],[-119.09723,35.50983],[-119.09786,35.51099],[-119.09857,35.51228],[-119.09918,35.51345],[-119.10003,35.51509],[-119.10061,35.51594],[-119.10136,35.51708],[-119.10217,35.51829],[-119.10257,35.5189],[-119.10391,35.52085],[-119.10463,35.52218],[-119.10518,35.52337],[-119.10568,35.52443],[-119.10616,35.52552],[-119.10677,35.52685],[-119.1073,35.52798],[-119.10779,35.52908],[-119.1081,35.52975],[-119.10835,35.53032],[-119.10901,35.53162],[-119.1095,35.5326],[-119.11026,35.5341],[-119.11073,35.535],[-119.11144,35.53639],[-119.11189,35.53727],[-119.11235,35.53815],[-119.11293,35.5393],[-119.11349,35.5404],[-119.1141,35.54159],[-119.11455,35.54248],[-119.115,35.54338],[-119.11532,35.54398],[-119.1151,35.54409],[-119.11487,35.54425]]}},{"type":"Feature","properties":{"id":"304978","type":"AC; OVERHEAD","status":"IN SERVICE","owner":"SIERRA PACIFIC POWER COMPANY","voltage":345,"voltClass":"345"},"geometry":{"type":"LineString","coordinates":[[-117.15236,40.87856],[-117.14851,40.87369],[-117.13947,40.87374],[-117.12071,40.87381],[-117.0718,40.87393],[-117.03772,40.87399],[-116.97186,40.874],[-116.92331,40.87404],[-116.89006,40.87398],[-116.85274,40.87399],[-116.84424,40.87402],[-116.81894,40.874],[-116.79896,40.87388],[-116.77715,40.87391],[-116.75494,40.87388],[-116.73751,40.86818],[-116.71285,40.86047],[-116.67436,40.84836],[-116.64723,40.83966],[-116.63517,40.83351],[-116.61774,40.82516],[-116.59469,40.81363],[-116.55709,40.81388],[-116.5344,40.81397],[-116.50212,40.81408],[-116.49525,40.81602]]}},{"type":"Feature","properties":{"id":"305049","type":"AC; OVERHEAD","status":"IN SERVICE","owner":"SIERRA PACIFIC POWER COMPANY","voltage":230,"voltClass":"220-287"},"geometry":{"type":"LineString","coordinates":[[-117.10543,38.70709],[-117.10641,38.70758],[-117.11796,38.70936],[-117.13663,38.66805],[-117.11752,38.66012],[-117.14065,38.60747],[-117.17488,38.52954],[-117.19836,38.51403],[-117.21225,38.48887],[-117.24285,38.45153],[-117.29876,38.39694],[-117.33616,38.34699],[-117.33609,38.32515],[-117.33581,38.32393]]}},{"type":"Feature","properties":{"id":"305123","type":"AC; OVERHEAD","status":"IN SERVICE","owner":"SIERRA PACIFIC POWER COMPANY","voltage":120,"voltClass":"100-161"},"geometry":{"type":"LineString","coordinates":[[-117.17465,40.46069],[-117.17303,40.4623],[-117.17304,40.46477],[-117.23642,40.50672],[-117.26215,40.5236],[-117.26229,40.53006],[-117.26245,40.56091],[-117.26255,40.59694],[-117.26262,40.61268],[-117.2627,40.6297],[-117.26273,40.63891],[-117.26281,40.65545],[-117.26291,40.66668],[-117.26326,40.75827],[-117.26331,40.76978],[-117.25635,40.77406],[-117.24937,40.77835],[-117.23533,40.78697],[-117.2239,40.79387],[-117.22534,40.80435],[-117.22536,40.81503],[-117.22983,40.81965],[-117.23091,40.81964]]}},{"type":"Feature","properties":{"id":"305185","type":"AC; OVERHEAD","status":"IN SERVICE","owner":"PACIFIC GAS & ELECTRIC COMPANY","voltage":115,"voltClass":"100-161"},"geometry":{"type":"LineString","coordinates":[[-119.45477,35.71778],[-119.45479,35.71579],[-119.4548,35.71406],[-119.45482,35.71225],[-119.45482,35.71044],[-119.45485,35.70867],[-119.45486,35.70686],[-119.45487,35.70499],[-119.45484,35.70306],[-119.45489,35.70131],[-119.4549,35.69949],[-119.45491,35.69767],[-119.45492,35.6959],[-119.45493,35.6941],[-119.45494,35.69228],[-119.45494,35.69039],[-119.45496,35.68847],[-119.45497,35.6866],[-119.45497,35.6848],[-119.45499,35.68295],[-119.45501,35.68109],[-119.45503,35.67926],[-119.45503,35.67741],[-119.45504,35.67557],[-119.45505,35.67375],[-119.45508,35.67192],[-119.45508,35.6701],[-119.4551,35.66829],[-119.45503,35.66677],[-119.45513,35.66471],[-119.45513,35.66287],[-119.45516,35.661],[-119.45517,35.65926],[-119.45519,35.65745],[-119.4552,35.65562],[-119.45523,35.65383],[-119.45523,35.65202],[-119.45526,35.65016],[-119.45528,35.64831],[-119.45529,35.6465],[-119.45529,35.64465],[-119.4553,35.64287],[-119.45532,35.64107],[-119.45534,35.63923],[-119.45536,35.63742],[-119.45537,35.6356],[-119.45538,35.63378],[-119.4554,35.63195],[-119.45541,35.63042]]}},{"type":"Feature","properties":{"id":"305190","type":"AC; OVERHEAD","status":"IN SERVICE","owner":"PACIFIC GAS & ELECTRIC COMPANY","voltage":115,"voltClass":"100-161"},"geometry":{"type":"LineString","coordinates":[[-118.86144,35.29688],[-118.86165,35.29749],[-118.86475,35.29746],[-118.86776,35.29745],[-118.87079,35.29744],[-118.87374,35.29743],[-118.87675,35.29742],[-118.87861,35.2974],[-118.87935,35.2974],[-118.88209,35.29906],[-118.88469,35.30059],[-118.88723,35.3021],[-118.8904,35.30209],[-118.89383,35.30207],[-118.89694,35.30205],[-118.89994,35.30204],[-118.90287,35.30203],[-118.90577,35.30203],[-118.90851,35.30202],[-118.91096,35.30202],[-118.91374,35.30295],[-118.91671,35.30394],[-118.91977,35.30393],[-118.92225,35.30384],[-118.92255,35.30385],[-118.92279,35.30386],[-118.92306,35.30387],[-118.92383,35.30389],[-118.92664,35.30387],[-118.92977,35.30386],[-118.93216,35.30383],[-118.93247,35.30382],[-118.93551,35.3038],[-118.93853,35.30378],[-118.94175,35.30376],[-118.94399,35.30549],[-118.94595,35.30722],[-118.94839,35.30921],[-118.95074,35.31112],[-118.95286,35.31285],[-118.9549,35.3145],[-118.95794,35.31449],[-118.96097,35.31448],[-118.96399,35.31447],[-118.967,35.31447],[-118.97002,35.31443],[-118.97305,35.31443],[-118.97608,35.31442],[-118.97763,35.31441]]}},{"type":"Feature","properties":{"id":"305224","type":"AC; OVERHEAD","status":"IN SERVICE","owner":"NEVADA POWER COMPANY","voltage":138,"voltClass":"100-161"},"geometry":{"type":"LineString","coordinates":[[-115.16029,36.21446],[-115.1442,36.21514],[-115.14048,36.22907]]}},{"type":"Feature","properties":{"id":"305241","type":"AC; OVERHEAD","status":"IN SERVICE","owner":"NEVADA POWER COMPANY","voltage":230,"voltClass":"220-287"},"geometry":{"type":"LineString","coordinates":[[-114.90397,36.42562],[-114.90667,36.42509],[-114.90807,36.424],[-114.90454,36.42064],[-114.8868,36.40382],[-114.8855,36.40194],[-114.88715,36.39891],[-114.89103,36.39149],[-114.89503,36.38957],[-114.92299,36.37624],[-114.94453,36.32509],[-114.95846,36.31864],[-114.96136,36.31727],[-114.97251,36.3146],[-114.9807,36.3126],[-114.99779,36.30851],[-115.02026,36.30319],[-115.03016,36.30064],[-115.03452,36.29905],[-115.04791,36.29434],[-115.06138,36.28958],[-115.07481,36.28482],[-115.08821,36.2801],[-115.09274,36.27851],[-115.09598,36.27648],[-115.09636,36.27466]]}},{"type":"Feature","properties":{"id":"305303","type":"AC; OVERHEAD","status":"IN SERVICE","owner":"PACIFIC GAS & ELECTRIC COMPANY","voltage":115,"voltClass":"100-161"},"geometry":{"type":"LineString","coordinates":[[-119.72602,35.42371],[-119.72265,35.42371],[-119.72049,35.42368],[-119.71936,35.42368],[-119.71724,35.42368],[-119.71617,35.4237],[-119.71397,35.4237],[-119.71063,35.4237],[-119.70952,35.42371],[-119.70729,35.4237],[-119.70619,35.42371],[-119.70502,35.42371],[-119.70392,35.4237],[-119.70048,35.42372],[-119.69702,35.42371],[-119.69237,35.42374],[-119.68788,35.42374],[-119.68789,35.42456],[-119.68772,35.42494]]}},{"type":"Feature","properties":{"id":"305324","type":"AC; OVERHEAD","status":"IN SERVICE","owner":"SIERRA PACIFIC POWER COMPANY","voltage":230,"voltClass":"220-287"},"geometry":{"type":"LineString","coordinates":[[-117.0902,39.52696],[-117.09139,39.52713],[-117.31001,39.54537],[-117.38727,39.55199],[-117.52957,39.54994],[-117.56526,39.55002],[-117.57627,39.55027],[-117.58774,39.55044],[-117.77249,39.48974],[-117.80213,39.48],[-117.86769,39.45102],[-117.87018,39.44584],[-118.00691,39.39257],[-118.04949,39.37634],[-118.14779,39.36347],[-118.16632,39.3538],[-118.22544,39.34941],[-118.26102,39.3467],[-118.35724,39.28231],[-118.362,39.278],[-118.36741,39.26584],[-118.3777,39.25556],[-118.39422,39.23914],[-118.49257,39.23484],[-118.52043,39.23364],[-118.54356,39.22625],[-118.58874,39.22682],[-118.59142,39.22669]]}},{"type":"Feature","properties":{"id":"305377","type":"AC; OVERHEAD","status":"IN SERVICE","owner":"PACIFIC GAS & ELECTRIC COMPANY","voltage":115,"voltClass":"100-161"},"geometry":{"type":"LineString","coordinates":[[-119.01312,35.42656],[-119.01312,35.42489],[-119.0131,35.42134],[-119.01308,35.41892],[-119.01307,35.4173],[-119.01306,35.41547],[-119.01193,35.41567]]}},{"type":"Feature","properties":{"id":"305426","type":"AC; OVERHEAD","status":"IN SERVICE","owner":"AZUSA LIGHT & POWER","voltage":230,"voltClass":"220-287"},"geometry":{"type":"LineString","coordinates":[[-119.24297,37.20399],[-119.25562,37.19025],[-119.29858,37.18953],[-119.30693,37.20018]]}},{"type":"Feature","properties":{"id":"309628","type":"AC; OVERHEAD","status":"IN SERVICE","owner":"AZUSA LIGHT & POWER","voltage":115,"voltClass":"100-161"},"geometry":{"type":"LineString","coordinates":[[-117.55548,35.01631],[-117.55642,35.01632],[-117.56151,35.01631],[-117.56154,35.01805],[-117.56603,35.01804]]}},{"type":"Feature","properties":{"id":"309637","type":"AC; OVERHEAD","status":"IN SERVICE","owner":"VALLEY ELECTRIC ASSOCIATION COOPERATIVE","voltage":138,"voltClass":"100-161"},"geometry":{"type":"LineString","coordinates":[[-116.36598,36.67015],[-116.50456,36.67023],[-116.5067,36.66556],[-116.5368,36.6729],[-116.63284,36.72535],[-116.70125,36.78072],[-116.7489,36.82361],[-116.75885,36.84428],[-116.76228,36.85507],[-116.76133,36.86939],[-116.76134,36.87277],[-116.76523,36.87228],[-116.77881,36.87608],[-116.775,36.89001],[-116.77325,36.89627],[-116.77269,36.90257],[-116.76914,36.90251],[-116.76789,36.90275]]}},{"type":"Feature","properties":{"id":"309640","type":"AC; OVERHEAD","status":"IN SERVICE","owner":"PACIFIC GAS & ELECTRIC COMPANY","voltage":115,"voltClass":"100-161"},"geometry":{"type":"LineString","coordinates":[[-119.07729,35.37708],[-119.07724,35.37748],[-119.0784,35.37748],[-119.07863,35.37756],[-119.07862,35.37842],[-119.08221,35.37841],[-119.08437,35.37842],[-119.08545,35.37845],[-119.08651,35.37843],[-119.08759,35.37844],[-119.08966,35.37844],[-119.0911,35.37971],[-119.09202,35.3809],[-119.09246,35.38145],[-119.09248,35.38251],[-119.09251,35.38309],[-119.09259,35.3832],[-119.09451,35.38321],[-119.09614,35.38322],[-119.09616,35.38018],[-119.09709,35.3794]]}},{"type":"Feature","properties":{"id":"309644","type":"AC; OVERHEAD","status":"IN SERVICE","owner":"NEVADA POWER COMPANY","voltage":138,"voltClass":"100-161"},"geometry":{"type":"LineString","coordinates":[[-115.03901,36.14024],[-115.04057,36.14032],[-115.0423,36.13994],[-115.04751,36.14024],[-115.04749,36.14257],[-115.04858,36.14357]]}},{"type":"Feature","properties":{"id":"309658","type":"AC; OVERHEAD","status":"IN SERVICE","owner":"PACIFIC GAS & ELECTRIC COMPANY","voltage":115,"voltClass":"100-161"},"geometry":{"type":"LineString","coordinates":[[-119.13113,35.43969],[-119.13079,35.4396],[-119.13062,35.44053],[-119.13057,35.4413],[-119.12846,35.44136],[-119.12625,35.44135],[-119.09445,35.44116],[-119.09442,35.43544],[-119.09444,35.43351],[-119.09443,35.43254],[-119.09442,35.42689],[-119.0944,35.42604],[-119.09439,35.42517],[-119.09442,35.42433],[-119.09442,35.42337],[-119.09443,35.42263],[-119.09445,35.42074],[-119.09443,35.41963],[-119.09441,35.41958],[-119.0928,35.41954],[-119.09264,35.41948],[-119.09709,35.3794]]}},{"type":"Feature","properties":{"id":"309681","type":"AC; OVERHEAD","status":"IN SERVICE","owner":null,"voltage":345,"voltClass":"345"},"geometry":{"type":"LineString","coordinates":[[-115.93992,41.22726],[-115.94167,41.22758],[-115.96247,41.22211],[-115.99672,41.21303],[-116.01491,41.21178],[-116.10113,41.20169],[-116.13036,41.19289],[-116.22244,41.1922],[-116.3083,41.19322],[-116.35925,41.15778],[-116.3717,41.14536],[-116.4193,41.09756],[-116.42344,41.09467]]}},{"type":"Feature","properties":{"id":"309697","type":"AC; OVERHEAD","status":"IN SERVICE","owner":"SIERRA PACIFIC POWER COMPANY","voltage":120,"voltClass":"100-161"},"geometry":{"type":"LineString","coordinates":[[-119.03984,39.77896],[-118.99905,39.82053],[-118.98989,39.83],[-118.98439,39.83294],[-118.89753,39.87392],[-118.85214,39.90875],[-118.81778,39.9263],[-118.75036,39.96355],[-118.69611,40.00939],[-118.68539,40.01922],[-118.67539,40.03694],[-118.67114,40.04118],[-118.66265,40.05101],[-118.65785,40.05667],[-118.65112,40.06372],[-118.6448,40.07026],[-118.63992,40.07517],[-118.62821,40.08724],[-118.61169,40.10435],[-118.60148,40.11494],[-118.59241,40.12438],[-118.58358,40.1325],[-118.57599,40.1412],[-118.55988,40.15413],[-118.54405,40.16642],[-118.5418,40.16931],[-118.53584,40.17708],[-118.53044,40.18355],[-118.52673,40.18819],[-118.52415,40.19142],[-118.51742,40.20538],[-118.51443,40.21152],[-118.5111,40.21817],[-118.50851,40.22356],[-118.5056,40.22938],[-118.50267,40.23555],[-118.50019,40.2408],[-118.49002,40.24967],[-118.47812,40.25445],[-118.39877,40.25516],[-118.35969,40.27011],[-118.35497,40.27392],[-118.34414,40.28075],[-118.3297,40.28981],[-118.27556,40.32386],[-118.27317,40.32733],[-118.2735,40.33322],[-118.27421,40.3359]]}},{"type":"Feature","properties":{"id":"309707","type":"AC; OVERHEAD","status":"IN SERVICE","owner":"PACIFIC GAS & ELECTRIC COMPANY","voltage":115,"voltClass":"100-161"},"geometry":{"type":"LineString","coordinates":[[-119.43757,35.6008],[-119.43819,35.6016],[-119.43818,35.60203],[-119.43815,35.60312],[-119.43814,35.60465],[-119.43811,35.60627],[-119.43808,35.60787],[-119.43807,35.60868],[-119.43806,35.6095],[-119.43804,35.61109],[-119.438,35.61272],[-119.43798,35.61433],[-119.43797,35.6158],[-119.43996,35.6158],[-119.44192,35.6158],[-119.44391,35.61579],[-119.44587,35.61579],[-119.44781,35.61578],[-119.44981,35.61577],[-119.45179,35.61577],[-119.45377,35.61576],[-119.45488,35.61576],[-119.45573,35.61576],[-119.45769,35.61575],[-119.45969,35.61575],[-119.46165,35.61574],[-119.46365,35.61574],[-119.46561,35.61574],[-119.4676,35.61573],[-119.46958,35.61573],[-119.47155,35.61572],[-119.47357,35.61572],[-119.4755,35.61572],[-119.47753,35.61571],[-119.47951,35.6157],[-119.48148,35.61569],[-119.48368,35.61568],[-119.48541,35.61568],[-119.48738,35.61567],[-119.48938,35.61567],[-119.49132,35.61566],[-119.49329,35.61566],[-119.49526,35.61565],[-119.49724,35.61565],[-119.49922,35.61564],[-119.50121,35.61563],[-119.50318,35.61563],[-119.50517,35.61562],[-119.50713,35.61562],[-119.50918,35.61561],[-119.51109,35.61562],[-119.51309,35.61561],[-119.51503,35.61562],[-119.517,35.61561],[-119.519,35.6156],[-119.52096,35.61561],[-119.52296,35.6156],[-119.52493,35.6156],[-119.52692,35.6156],[-119.5269,35.61681],[-119.52689,35.61802],[-119.52691,35.61925],[-119.53057,35.61924],[-119.53462,35.61922],[-119.53864,35.61923],[-119.54263,35.61919],[-119.54649,35.6192],[-119.55049,35.6192],[-119.55449,35.61919],[-119.55789,35.6192],[-119.56045,35.61721],[-119.56322,35.6151],[-119.56596,35.61296],[-119.56879,35.61078],[-119.57165,35.60858],[-119.57455,35.60638],[-119.57735,35.60419],[-119.57986,35.60226],[-119.57997,35.60161]]}},{"type":"Feature","properties":{"id":"309751","type":"AC; OVERHEAD","status":"IN SERVICE","owner":"NEVADA POWER COMPANY","voltage":138,"voltClass":"100-161"},"geometry":{"type":"LineString","coordinates":[[-115.27627,36.11545],[-115.27892,36.11586],[-115.2788,36.1314],[-115.27883,36.14002],[-115.2789,36.14438],[-115.28001,36.15775],[-115.27891,36.15822]]}},{"type":"Feature","properties":{"id":"309776","type":"AC; OVERHEAD","status":"IN SERVICE","owner":null,"voltage":500,"voltClass":"500"},"geometry":{"type":"LineString","coordinates":[[-112.32218,33.7066],[-112.32506,33.71181],[-112.33903,33.70592],[-112.35967,33.70149],[-112.38983,33.69434],[-112.41297,33.68442],[-112.42704,33.6801],[-112.44847,33.67525],[-112.56651,33.67526],[-112.64412,33.67522],[-112.65716,33.70843],[-112.68605,33.78183],[-112.75071,33.78184],[-112.81062,33.7819],[-112.87451,33.78191],[-112.89997,33.83519],[-112.93354,33.90526],[-112.9698,33.98071],[-112.98852,34.01701],[-113.00857,34.05478],[-113.02629,34.09415],[-113.04348,34.13297],[-113.07669,34.20784],[-113.08941,34.23648],[-113.09332,34.24467],[-113.1124,34.27567],[-113.15992,34.35287],[-113.17762,34.38199],[-113.20185,34.39696],[-113.22546,34.41149],[-113.2337,34.42057],[-113.24215,34.42771],[-113.26358,34.44419],[-113.27373,34.45198],[-113.28028,34.45643],[-113.35068,34.49081],[-113.43445,34.5317],[-113.45158,34.54559],[-113.47625,34.56582],[-113.47965,34.56785],[-113.48258,34.57338],[-113.51219,34.61781],[-113.55875,34.6883],[-113.58014,34.7215],[-113.62308,34.75484],[-113.62512,34.76263],[-113.63411,34.79757],[-113.64506,34.84005],[-113.66437,34.91461],[-113.67674,34.98905],[-113.6774,34.99313],[-113.69794,35.11713],[-113.70418,35.1591],[-113.71465,35.24796],[-113.7149,35.25328],[-113.71391,35.27167],[-113.71083,35.32778],[-113.72875,35.36871],[-113.76898,35.41676],[-113.80062,35.4557],[-113.82737,35.53079],[-114.03163,35.69806],[-114.05053,35.71347],[-114.08722,35.72408],[-114.23161,35.76531],[-114.35365,35.8],[-114.4095,35.8158],[-114.48446,35.83699],[-114.48802,35.83799],[-114.492,35.8385],[-114.55858,35.83782],[-114.56659,35.83774],[-114.57072,35.8377],[-114.5788,35.83813],[-114.58418,35.83868],[-114.58799,35.83906],[-114.59247,35.8395],[-114.60778,35.84137],[-114.62467,35.84412],[-114.6289,35.84486],[-114.64355,35.84767],[-114.6455,35.84742],[-114.65495,35.84557],[-114.65603,35.84509],[-114.65877,35.84282],[-114.66138,35.84016],[-114.66414,35.8373],[-114.66785,35.8359],[-114.67286,35.834],[-114.67835,35.83193],[-114.68232,35.8308],[-114.69118,35.83116],[-114.69801,35.8317],[-114.70594,35.83597],[-114.71537,35.84498],[-114.71883,35.85693],[-114.73126,35.86914],[-114.74607,35.89423],[-114.80911,35.91983],[-114.82742,35.92785],[-114.83022,35.92797],[-114.83474,35.92781]]}},{"type":"Feature","properties":{"id":"309788","type":"AC; OVERHEAD","status":"IN SERVICE","owner":"NEVADA POWER COMPANY","voltage":138,"voltClass":"100-161"},"geometry":{"type":"LineString","coordinates":[[-115.21107,36.05642],[-115.21093,36.05609],[-115.21229,36.05602],[-115.21233,36.05502],[-115.21236,36.05258],[-115.21238,36.05076],[-115.21241,36.04844],[-115.21245,36.04631],[-115.21247,36.04412],[-115.2125,36.0419],[-115.21252,36.03754],[-115.21251,36.03541],[-115.21238,36.03272],[-115.21248,36.03085],[-115.21167,36.03121],[-115.21075,36.03162],[-115.20993,36.03196],[-115.20909,36.03233],[-115.19874,36.037],[-115.19349,36.03932],[-115.19081,36.04053],[-115.1903,36.0397],[-115.1902,36.03813],[-115.19115,36.03808],[-115.191,36.0378]]}},{"type":"Feature","properties":{"id":"309870","type":"AC; OVERHEAD","status":"IN SERVICE","owner":null,"voltage":500,"voltClass":"500"},"geometry":{"type":"LineString","coordinates":[[-114.94174,36.76741],[-114.95094,36.8207],[-114.96843,36.92176],[-114.98607,37.02338],[-114.99714,37.08703],[-115.01233,37.17424],[-115.01635,37.19712],[-115.01959,37.20025],[-115.01695,37.20692],[-114.9776,37.2355],[-114.97367,37.23983],[-114.97189,37.24556],[-114.9582,37.25893],[-114.90679,37.3662],[-114.78217,37.62135],[-114.72716,37.7339],[-114.71579,37.75603],[-114.71659,37.80338],[-114.71644,37.84742],[-114.71394,37.88413],[-114.71394,37.92334],[-114.71394,37.9979],[-114.71419,38.0389],[-114.77662,38.12555],[-114.85083,38.22818],[-114.88464,38.22988],[-115.01654,38.25355],[-115.09585,38.26819],[-115.20797,38.29071],[-115.24113,38.33446],[-115.23614,38.4286],[-115.23129,38.52239],[-115.22834,38.57608],[-115.23753,38.6011],[-115.21985,38.65918],[-115.20502,38.70807],[-115.1784,38.79567],[-115.18644,38.82039],[-115.2013,38.83988],[-115.22993,38.87779],[-115.21498,38.95783],[-115.21137,38.9645],[-115.14492,38.98402],[-115.10508,39.05306],[-115.06052,39.13032],[-115.00659,39.22333],[-114.98006,39.22354],[-114.9832,39.24472],[-114.98384,39.25077],[-114.98518,39.25414],[-114.98518,39.25586],[-114.98312,39.25925],[-114.9832,39.25997],[-114.98245,39.2624],[-114.98223,39.26304],[-114.982,39.2643],[-114.98028,39.26732],[-114.97939,39.26792],[-114.97738,39.26849],[-114.97591,39.26894],[-114.97482,39.26983],[-114.97426,39.27077],[-114.97386,39.27172],[-114.97321,39.27314],[-114.97342,39.27707],[-114.97338,39.27791],[-114.97362,39.27999],[-114.97389,39.28017]]}},{"type":"Feature","properties":{"id":"309909","type":"AC; OVERHEAD","status":"IN SERVICE","owner":"AZUSA LIGHT & POWER","voltage":115,"voltClass":"100-161"},"geometry":{"type":"LineString","coordinates":[[-117.55048,35.00945],[-117.5505,35.01633],[-117.55442,35.01632],[-117.55548,35.01631]]}},{"type":"Feature","properties":{"id":"309912","type":"AC; OVERHEAD","status":"IN SERVICE","owner":"AZUSA LIGHT & POWER","voltage":115,"voltClass":"100-161"},"geometry":{"type":"LineString","coordinates":[[-117.70408,35.01413],[-117.7042,35.01497],[-117.70414,35.01628],[-117.70414,35.0176],[-117.70409,35.0189],[-117.70403,35.02021],[-117.70399,35.02151],[-117.70394,35.02278],[-117.70386,35.02543],[-117.70381,35.02674],[-117.70392,35.02737],[-117.70378,35.02786],[-117.70382,35.02855],[-117.70287,35.02936],[-117.70026,35.03163],[-117.70033,35.03252]]}},{"type":"Feature","properties":{"id":"309937","type":"AC; OVERHEAD","status":"IN SERVICE","owner":null,"voltage":120,"voltClass":"100-161"},"geometry":{"type":"LineString","coordinates":[[-116.3353,40.96815],[-116.33657,40.96859],[-116.34042,40.96875],[-116.35582,40.96884],[-116.35688,40.97254],[-116.35588,40.97438],[-116.35541,40.97927],[-116.3574,40.98426],[-116.3598,40.98589],[-116.36389,40.9887],[-116.36768,40.98958],[-116.37246,40.99071],[-116.37666,40.99203],[-116.38591,40.99258],[-116.38937,40.99145],[-116.39052,40.98982],[-116.39293,40.98856],[-116.39913,40.98428],[-116.41499,40.97921],[-116.42441,40.97922],[-116.4244,40.98648],[-116.43427,40.99008],[-116.43529,40.99063]]}},{"type":"Feature","properties":{"id":"309980","type":"AC; OVERHEAD","status":"IN SERVICE","owner":"AZUSA LIGHT & POWER","voltage":220,"voltClass":"220-287"},"geometry":{"type":"LineString","coordinates":[[-118.37811,35.09939],[-118.37787,35.10021],[-118.37791,35.1012],[-118.37797,35.10375],[-118.37802,35.10654],[-118.37803,35.10684],[-118.37711,35.10668],[-118.3752,35.10635],[-118.37131,35.10566],[-118.36758,35.10501],[-118.36423,35.10443],[-118.36141,35.10393],[-118.36139,35.10624],[-118.357,35.10625],[-118.35262,35.10626],[-118.34842,35.10627],[-118.34398,35.10629],[-118.33969,35.1063],[-118.33537,35.10631],[-118.33568,35.1046],[-118.33639,35.10077],[-118.33671,35.09987],[-118.33625,35.09957],[-118.33545,35.09945],[-118.33455,35.09906]]}},{"type":"Feature","properties":{"id":"309985","type":"AC; OVERHEAD","status":"IN SERVICE","owner":"AZUSA LIGHT & POWER","voltage":115,"voltClass":"100-161"},"geometry":{"type":"LineString","coordinates":[[-117.55048,35.00945],[-117.55469,35.00947],[-117.55554,35.00948]]}},{"type":"Feature","properties":{"id":"310005","type":"AC; OVERHEAD","status":"IN SERVICE","owner":"PACIFIC GAS & ELECTRIC COMPANY","voltage":115,"voltClass":"100-161"},"geometry":{"type":"LineString","coordinates":[[-119.4965,36.051],[-119.49635,36.05077],[-119.49542,36.04941],[-119.49433,36.04784],[-119.49324,36.04624],[-119.49216,36.04466],[-119.49109,36.04309],[-119.49,36.0415],[-119.48893,36.03992],[-119.48784,36.03835],[-119.48676,36.03674],[-119.48567,36.03514],[-119.4846,36.03354],[-119.48345,36.03188],[-119.48238,36.03033],[-119.48131,36.02873],[-119.48017,36.02717],[-119.47906,36.02557],[-119.47797,36.02395],[-119.47691,36.02239],[-119.47582,36.02081],[-119.47474,36.01923],[-119.47365,36.01766],[-119.47257,36.01607],[-119.47146,36.01447],[-119.47041,36.01291],[-119.46931,36.01133],[-119.46823,36.00975],[-119.46713,36.00814],[-119.46606,36.00658],[-119.46499,36.00501],[-119.46391,36.00337],[-119.46283,36.00178],[-119.46174,36.0002],[-119.46066,35.99862],[-119.45951,35.99695],[-119.45837,35.99527],[-119.45721,35.99358],[-119.45583,35.99157],[-119.4559,35.98926],[-119.45592,35.98742],[-119.45595,35.98557],[-119.45597,35.98375],[-119.456,35.98195],[-119.45602,35.98014],[-119.45605,35.9782],[-119.45607,35.97641],[-119.45608,35.9746],[-119.4561,35.97279],[-119.45606,35.97098],[-119.45605,35.96917],[-119.45603,35.96737],[-119.45602,35.96553],[-119.45599,35.96371],[-119.45599,35.96339],[-119.45599,35.96337]]}},{"type":"Feature","properties":{"id":"310113","type":"AC; OVERHEAD","status":"IN SERVICE","owner":"PACIFIC GAS & ELECTRIC COMPANY","voltage":115,"voltClass":"100-161"},"geometry":{"type":"LineString","coordinates":[[-119.73968,35.44248],[-119.73977,35.44392],[-119.73995,35.44541],[-119.73658,35.44538],[-119.73492,35.44542],[-119.73492,35.44655],[-119.73495,35.4475],[-119.73497,35.44792],[-119.73449,35.44793],[-119.73401,35.44795],[-119.73404,35.44864]]}},{"type":"Feature","properties":{"id":"310084","type":"AC; OVERHEAD","status":"IN SERVICE","owner":"PACIFIC GAS & ELECTRIC COMPANY","voltage":230,"voltClass":"220-287"},"geometry":{"type":"LineString","coordinates":[[-118.92193,35.36115],[-118.92131,35.36204],[-118.92062,35.36538],[-118.9206,35.3691],[-118.92043,35.37241],[-118.92041,35.37589],[-118.92041,35.37842],[-118.9204,35.38175],[-118.92036,35.39782],[-118.92035,35.40618],[-118.92033,35.41677],[-118.92028,35.43221],[-118.92294,35.43439],[-118.92682,35.4381],[-118.94721,35.45794],[-118.94942,35.45149],[-118.98411,35.45159]]}},{"type":"Feature","properties":{"id":"310174","type":"AC; OVERHEAD","status":"IN SERVICE","owner":"AZUSA LIGHT & POWER","voltage":115,"voltClass":"100-161"},"geometry":{"type":"LineString","coordinates":[[-118.48178,37.33533],[-118.48054,37.33535],[-118.48056,37.33534],[-118.48306,37.33342],[-118.48422,37.33219],[-118.48631,37.32993],[-118.48843,37.32779],[-118.48987,37.3267],[-118.49162,37.32612],[-118.49303,37.32573],[-118.49515,37.3251],[-118.49617,37.32476],[-118.49849,37.3241],[-118.49922,37.32392],[-118.50073,37.32345],[-118.50172,37.32308]]}},{"type":"Feature","properties":{"id":"310141","type":"AC; OVERHEAD","status":"IN SERVICE","owner":"PACIFIC GAS & ELECTRIC COMPANY","voltage":115,"voltClass":"100-161"},"geometry":{"type":"LineString","coordinates":[[-119.15954,36.88824],[-119.16034,36.88862],[-119.16732,36.88893],[-119.16938,36.88788],[-119.1758,36.88466],[-119.18089,36.88194],[-119.18422,36.878],[-119.18625,36.87756],[-119.2005,36.87557],[-119.20552,36.87508],[-119.20785,36.87457],[-119.21129,36.87343],[-119.21467,36.8722],[-119.21667,36.8724],[-119.22303,36.87326],[-119.22638,36.87357],[-119.23116,36.87231],[-119.23984,36.86785],[-119.24801,36.86373],[-119.2485,36.86314],[-119.24929,36.86235],[-119.25715,36.85344],[-119.2609,36.8492],[-119.265,36.84486],[-119.26938,36.84111],[-119.2792,36.83689],[-119.28406,36.83519],[-119.29366,36.83215],[-119.31002,36.82721],[-119.32871,36.82165],[-119.33879,36.81821],[-119.3428,36.81706],[-119.34559,36.81663],[-119.36008,36.81542],[-119.36508,36.81499],[-119.37001,36.81479],[-119.38734,36.81361],[-119.39512,36.80914],[-119.40121,36.80551],[-119.41035,36.80092],[-119.41711,36.79925],[-119.42169,36.79755],[-119.42436,36.79736],[-119.42711,36.7965],[-119.43133,36.79561],[-119.43708,36.79439],[-119.44533,36.79242],[-119.44945,36.79142],[-119.45358,36.79042],[-119.46008,36.78878],[-119.46833,36.78386],[-119.4882,36.77191],[-119.50508,36.76244],[-119.51539,36.75736],[-119.52479,36.75312],[-119.53298,36.74905],[-119.54031,36.74565],[-119.54342,36.74423],[-119.54573,36.74253],[-119.55466,36.73632],[-119.55909,36.73287],[-119.56689,36.72855],[-119.57338,36.72504],[-119.58675,36.71785],[-119.59981,36.71101],[-119.60234,36.71014],[-119.60777,36.70809],[-119.61075,36.7073]]}},{"type":"Feature","properties":{"id":"310233","type":"AC; OVERHEAD","status":"IN SERVICE","owner":"NEVADA POWER COMPANY","voltage":230,"voltClass":"220-287"},"geometry":{"type":"LineString","coordinates":[[-114.90397,36.42562],[-114.90669,36.42519],[-114.90818,36.42402],[-114.90462,36.42057],[-114.88709,36.40371],[-114.88566,36.40195],[-114.88727,36.39896],[-114.89114,36.39157],[-114.8951,36.38967],[-114.92282,36.37604],[-114.94464,36.3252],[-114.95849,36.31874],[-114.96139,36.31738],[-114.97255,36.31467],[-114.98068,36.31268],[-114.99777,36.30861],[-115.01084,36.30553],[-115.01534,36.30533],[-115.0272,36.30556],[-115.03528,36.30616],[-115.04304,36.30666],[-115.06133,36.30648],[-115.08321,36.30599],[-115.09652,36.30608],[-115.11886,36.30524],[-115.15324,36.30561],[-115.18036,36.30578],[-115.18727,36.30561],[-115.18879,36.30552],[-115.18883,36.30699],[-115.18788,36.30712]]}},{"type":"Feature","properties":{"id":"310237","type":"AC; OVERHEAD","status":"IN SERVICE","owner":"PACIFIC GAS & ELECTRIC COMPANY","voltage":115,"voltClass":"100-161"},"geometry":{"type":"LineString","coordinates":[[-119.45599,35.96337],[-119.45682,35.96335]]}},{"type":"Feature","properties":{"id":"308462","type":"AC; OVERHEAD","status":"IN SERVICE","owner":"PACIFIC GAS & ELECTRIC COMPANY","voltage":115,"voltClass":"100-161"},"geometry":{"type":"LineString","coordinates":[[-119.20353,35.6051],[-119.20353,35.60539],[-119.20328,35.60568],[-119.20413,35.60569],[-119.20567,35.6057],[-119.20725,35.60569],[-119.20913,35.6057],[-119.21011,35.60571],[-119.213,35.60573],[-119.21345,35.6061],[-119.21436,35.60686],[-119.21581,35.60784],[-119.21681,35.6085],[-119.21784,35.60917],[-119.2193,35.60919],[-119.22048,35.60922],[-119.22215,35.6092],[-119.22373,35.60917],[-119.22538,35.60919],[-119.22701,35.60917],[-119.22863,35.60916],[-119.23025,35.60916],[-119.2319,35.60914],[-119.23664,35.60914],[-119.23771,35.60903],[-119.23877,35.60892],[-119.2431,35.60889],[-119.24581,35.60885],[-119.24715,35.60889],[-119.2485,35.60888],[-119.25001,35.60889],[-119.25279,35.60886],[-119.25656,35.60886],[-119.25844,35.60887],[-119.25927,35.60971],[-119.26021,35.61032],[-119.26083,35.6109],[-119.26184,35.6109],[-119.26274,35.61021],[-119.26356,35.60955],[-119.26402,35.60939],[-119.26434,35.60898],[-119.26565,35.60896],[-119.26705,35.60894],[-119.26852,35.60892],[-119.27023,35.60892],[-119.2719,35.60891],[-119.27359,35.60891],[-119.2753,35.60891],[-119.27704,35.60888],[-119.27897,35.60889],[-119.28054,35.60886],[-119.28361,35.60887],[-119.28695,35.60887],[-119.28857,35.60885],[-119.29338,35.6088],[-119.29816,35.6088],[-119.29983,35.60881],[-119.30486,35.60881],[-119.30821,35.60878],[-119.31264,35.60877],[-119.31765,35.60876],[-119.321,35.60874],[-119.32419,35.60873],[-119.3249,35.6087],[-119.32501,35.6087],[-119.325,35.60835],[-119.3252,35.60824]]}},{"type":"Feature","properties":{"id":"308551","type":"AC; OVERHEAD","status":"IN SERVICE","owner":"SIERRA PACIFIC POWER COMPANY","voltage":120,"voltClass":"100-161"},"geometry":{"type":"LineString","coordinates":[[-119.7102,38.96347],[-119.70997,38.96419],[-119.70602,38.97477],[-119.70548,38.97601],[-119.70565,38.99068],[-119.70169,38.99382],[-119.69568,38.99853],[-119.6956,39.00861],[-119.69567,39.01752],[-119.69553,39.02514],[-119.69556,39.04284],[-119.69552,39.05995],[-119.6962,39.10417],[-119.7149,39.10782],[-119.71658,39.10839],[-119.72752,39.10911],[-119.7354,39.11148],[-119.73771,39.11385],[-119.74751,39.11391],[-119.74748,39.11445],[-119.74733,39.12176],[-119.75187,39.12827],[-119.75456,39.12824],[-119.75481,39.12792]]}},{"type":"Feature","properties":{"id":"308591","type":"AC; OVERHEAD","status":"IN SERVICE","owner":null,"voltage":230,"voltClass":"220-287"},"geometry":{"type":"LineString","coordinates":[[-119.38851,37.14825],[-119.38876,37.14687],[-119.38747,37.14306],[-119.33429,37.00411],[-119.30562,36.89335],[-119.27392,36.85797],[-119.26889,36.85047],[-119.26597,36.84685],[-119.26308,36.84208],[-119.25772,36.83586],[-119.25372,36.83122],[-119.25105,36.82837],[-119.22958,36.7887],[-119.22252,36.77492],[-119.21825,36.76525],[-119.21408,36.75581],[-119.20981,36.74666],[-119.20095,36.7275],[-119.16786,36.66853],[-119.16527,36.66557],[-119.14834,36.63545],[-119.13758,36.61173],[-119.12637,36.58817],[-119.1186,36.57583],[-119.1105,36.56274],[-119.10427,36.55268],[-119.09978,36.54307],[-119.07754,36.49335],[-119.04804,36.43719],[-119.03507,36.42304],[-119.02341,36.41007],[-119.01805,36.40287],[-119.0182,36.39872],[-119.01766,36.37542],[-119.02666,36.3754],[-119.02671,36.37222],[-119.03994,36.37213],[-119.04492,36.36827],[-119.06101,36.35927],[-119.06376,36.35777],[-119.0788,36.35792],[-119.10688,36.35847],[-119.11585,36.35862],[-119.11626,36.35822],[-119.11677,36.33312],[-119.12993,36.33323],[-119.1302,36.33288],[-119.13011,36.32643],[-119.13051,36.32596],[-119.13422,36.32598],[-119.13441,36.32552]]}},{"type":"Feature","properties":{"id":"308584","type":"AC; OVERHEAD","status":"IN SERVICE","owner":"PACIFIC GAS & ELECTRIC COMPANY","voltage":115,"voltClass":"100-161"},"geometry":{"type":"LineString","coordinates":[[-119.61075,36.7073],[-119.60784,36.70822],[-119.59998,36.71161],[-119.59689,36.7139],[-119.59653,36.7285],[-119.59197,36.72852],[-119.59199,36.74314],[-119.59174,36.7875],[-119.59184,36.80111],[-119.58979,36.8011],[-119.5898,36.80812],[-119.59189,36.80813],[-119.59189,36.83206],[-119.59167,36.84395],[-119.59177,36.84953],[-119.59337,36.85213],[-119.59328,36.87478],[-119.59316,36.91118],[-119.6,36.92072],[-119.60199,36.92349],[-119.60194,36.93404],[-119.60095,36.93716],[-119.60118,36.94573],[-119.60047,36.96744],[-119.60275,36.97285],[-119.59541,36.98403],[-119.56519,37.02543],[-119.56439,37.05216],[-119.55651,37.07144],[-119.55803,37.07185]]}},{"type":"Feature","properties":{"id":"308619","type":"AC; OVERHEAD","status":"IN SERVICE","owner":"PACIFIC GAS & ELECTRIC COMPANY","voltage":230,"voltClass":"220-287"},"geometry":{"type":"LineString","coordinates":[[-118.84294,34.93535],[-118.84453,34.9372],[-118.86275,35.00286],[-118.88656,35.0843],[-118.92318,35.20795],[-118.92307,35.35916],[-118.92193,35.36115]]}},{"type":"Feature","properties":{"id":"308626","type":"AC; OVERHEAD","status":"IN SERVICE","owner":"SIERRA PACIFIC POWER COMPANY","voltage":120,"voltClass":"100-161"},"geometry":{"type":"LineString","coordinates":[[-119.71747,39.45563],[-119.71859,39.45594],[-119.71899,39.45839],[-119.72079,39.45997],[-119.72764,39.46569],[-119.74351,39.46385],[-119.74467,39.46451],[-119.74341,39.46706],[-119.74404,39.46803],[-119.74827,39.46895],[-119.75109,39.468],[-119.75349,39.46933],[-119.75669,39.46937],[-119.75863,39.4688],[-119.76129,39.47012],[-119.76239,39.47133],[-119.76298,39.47382],[-119.76166,39.47644],[-119.7625,39.47714],[-119.76231,39.47818],[-119.76065,39.48179],[-119.75718,39.48907],[-119.75701,39.49034],[-119.7553,39.49393],[-119.75265,39.49792],[-119.74993,39.50218],[-119.74231,39.5146],[-119.74119,39.51637],[-119.74043,39.51795],[-119.74016,39.51951],[-119.74005,39.5201],[-119.74351,39.52154],[-119.75369,39.52147],[-119.75461,39.52154],[-119.75655,39.52248],[-119.75763,39.523],[-119.75972,39.52328],[-119.76488,39.52334],[-119.76877,39.52338],[-119.76875,39.52281],[-119.76933,39.52267]]}},{"type":"Feature","properties":{"id":"308627","type":"AC; OVERHEAD","status":"IN SERVICE","owner":"PACIFIC GAS & ELECTRIC COMPANY","voltage":230,"voltClass":"220-287"},"geometry":{"type":"LineString","coordinates":[[-119.32701,36.83262],[-119.3269,36.83248],[-119.32853,36.82996],[-119.32903,36.8273],[-119.32845,36.82085],[-119.32271,36.8225],[-119.30738,36.82707],[-119.28022,36.83523],[-119.27396,36.84005],[-119.27078,36.84254],[-119.26652,36.84657],[-119.2629,36.85001],[-119.25844,36.8543],[-119.25668,36.85597],[-119.25222,36.86019],[-119.24952,36.86272],[-119.24857,36.86363],[-119.24523,36.86664],[-119.24088,36.86876],[-119.23108,36.87354],[-119.22424,36.87696],[-119.21881,36.87967],[-119.21649,36.88079],[-119.21429,36.88061],[-119.20882,36.8807],[-119.19802,36.88057],[-119.18849,36.88046],[-119.18533,36.88097],[-119.18198,36.88256],[-119.17597,36.8854],[-119.17347,36.88658],[-119.17044,36.88799],[-119.16556,36.88977],[-119.16297,36.88963],[-119.16131,36.88958],[-119.157,36.88928],[-119.14996,36.8889],[-119.14767,36.88872],[-119.12911,36.89477],[-119.12208,36.8981],[-119.12156,36.89936],[-119.11962,36.90054],[-119.11833,36.90138],[-119.11641,36.90253],[-119.11016,36.90405],[-119.10308,36.9058],[-119.09228,36.90789],[-119.09157,36.90787],[-119.08846,36.90824],[-119.08822,36.90878]]}},{"type":"Feature","properties":{"id":"308638","type":"AC; OVERHEAD","status":"IN SERVICE","owner":"SIERRA PACIFIC POWER COMPANY","voltage":120,"voltClass":"100-161"},"geometry":{"type":"LineString","coordinates":[[-119.1332,39.12817],[-119.13387,39.12811],[-119.1383,39.12923],[-119.14427,39.13096],[-119.15809,39.13485],[-119.16179,39.13531],[-119.17307,39.13801],[-119.18775,39.14162],[-119.19939,39.14451],[-119.21219,39.14783],[-119.2266,39.15124],[-119.23584,39.15352],[-119.2376,39.14968],[-119.26261,39.08926],[-119.2846,39.09618],[-119.32507,39.08652],[-119.38375,39.08357],[-119.41364,39.08224],[-119.46246,39.08062],[-119.52004,39.07843],[-119.56256,39.05231],[-119.63778,39.00543],[-119.67273,38.98412],[-119.68619,38.97579],[-119.69101,38.97579],[-119.69901,38.97584],[-119.70455,38.97591],[-119.70525,38.97501],[-119.70929,38.9634],[-119.7102,38.96347]]}},{"type":"Feature","properties":{"id":"308725","type":"AC; OVERHEAD","status":"IN SERVICE","owner":"AZUSA LIGHT & POWER","voltage":230,"voltClass":"220-287"},"geometry":{"type":"LineString","coordinates":[[-118.55732,37.43785],[-118.5582,37.43536],[-118.54058,37.42064],[-118.51522,37.39944],[-118.51483,37.39355],[-118.51106,37.38967],[-118.49567,37.37378],[-118.47022,37.35847],[-118.45714,37.35383],[-118.44267,37.34278],[-118.44097,37.34222]]}},{"type":"Feature","properties":{"id":"308820","type":"AC; OVERHEAD","status":"IN SERVICE","owner":"AZUSA LIGHT & POWER","voltage":230,"voltClass":"220-287"},"geometry":{"type":"LineString","coordinates":[[-117.81018,36.00615],[-117.8094,36.00477],[-117.81299,35.98264],[-117.82376,35.97405],[-117.81806,35.94667],[-117.83593,35.92337],[-117.85516,35.89883],[-117.85837,35.88065],[-117.86622,35.8451],[-117.85073,35.80579],[-117.85092,35.80083],[-117.82843,35.74102],[-117.80815,35.68682],[-117.79614,35.65469],[-117.79345,35.64566],[-117.77921,35.60717],[-117.7523,35.53574],[-117.72454,35.46243],[-117.72169,35.45666],[-117.71367,35.44042],[-117.70544,35.43375],[-117.64535,35.36361],[-117.63098,35.31117],[-117.61102,35.24016],[-117.54163,34.99151],[-117.5425,34.98914]]}},{"type":"Feature","properties":{"id":"308846","type":"AC; OVERHEAD","status":"IN SERVICE","owner":"PACIFIC GAS & ELECTRIC COMPANY","voltage":115,"voltClass":"100-161"},"geometry":{"type":"LineString","coordinates":[[-119.37619,36.60454],[-119.37676,36.60555],[-119.37693,36.60563],[-119.37806,36.60634],[-119.37904,36.60697],[-119.38012,36.6074],[-119.3811,36.60778],[-119.3811,36.60856],[-119.38109,36.60936],[-119.38108,36.61013],[-119.38107,36.61091],[-119.38107,36.61203],[-119.38107,36.613],[-119.38107,36.61389],[-119.38107,36.61481],[-119.38106,36.61585],[-119.38105,36.61687],[-119.38104,36.61786],[-119.38102,36.61892],[-119.38102,36.61991],[-119.38101,36.62091],[-119.381,36.6219],[-119.38099,36.6229],[-119.38094,36.62485],[-119.38094,36.62584],[-119.38095,36.62689],[-119.38091,36.62783],[-119.38093,36.62885],[-119.38091,36.62985],[-119.38091,36.63087],[-119.3809,36.6319],[-119.3809,36.63289],[-119.38092,36.63371],[-119.38095,36.6346],[-119.38098,36.63549],[-119.38103,36.63639],[-119.381,36.6374],[-119.381,36.63842],[-119.38099,36.63943],[-119.38097,36.64118],[-119.38096,36.64218],[-119.38094,36.64317],[-119.38092,36.64517],[-119.38091,36.64619],[-119.3809,36.64716],[-119.38091,36.64808],[-119.38093,36.649],[-119.38096,36.64994],[-119.38095,36.65084],[-119.381,36.65187],[-119.38035,36.653],[-119.38038,36.65393],[-119.38038,36.65446],[-119.38042,36.65566],[-119.38045,36.65659],[-119.38045,36.65713],[-119.38048,36.65802],[-119.3805,36.65865],[-119.38053,36.65963],[-119.38056,36.66067],[-119.3806,36.66169],[-119.3809,36.66242],[-119.38126,36.66329],[-119.38124,36.6642],[-119.38123,36.6651],[-119.38123,36.66602],[-119.38123,36.66696],[-119.38123,36.66787],[-119.38122,36.66872],[-119.38122,36.66963],[-119.38129,36.67084],[-119.38127,36.6719],[-119.38127,36.67298],[-119.38125,36.67416],[-119.38126,36.67503],[-119.38123,36.67617],[-119.38122,36.67726],[-119.38121,36.67824],[-119.38137,36.67921],[-119.38136,36.6802],[-119.38135,36.68119],[-119.38133,36.68219],[-119.38132,36.68324],[-119.38112,36.6844],[-119.38113,36.68537],[-119.38112,36.68633],[-119.38111,36.68729],[-119.3811,36.68825],[-119.38107,36.68987],[-119.38105,36.6909],[-119.38106,36.69192],[-119.3812,36.69306],[-119.3812,36.69417],[-119.38103,36.69617],[-119.381,36.69801],[-119.38099,36.69891],[-119.38098,36.69984],[-119.38097,36.70067],[-119.38096,36.70161],[-119.38096,36.7026],[-119.38095,36.70346],[-119.38094,36.7043],[-119.38095,36.70563],[-119.38097,36.70727],[-119.38,36.70797],[-119.3791,36.70869],[-119.3782,36.70942],[-119.37729,36.71014],[-119.37639,36.71086],[-119.37638,36.7119],[-119.37637,36.71292],[-119.37637,36.71394],[-119.37636,36.71495],[-119.37634,36.71596],[-119.37634,36.71698],[-119.37633,36.71794],[-119.37632,36.7189],[-119.37632,36.71973],[-119.37631,36.72072],[-119.3763,36.72171],[-119.3763,36.7227],[-119.3763,36.72369],[-119.37629,36.72467],[-119.37629,36.72567],[-119.37627,36.72664],[-119.37626,36.72764],[-119.37626,36.72863],[-119.37626,36.72961],[-119.37625,36.73061],[-119.37624,36.7316],[-119.37622,36.7325],[-119.37623,36.73356],[-119.37622,36.7345],[-119.37621,36.73547],[-119.37619,36.7365],[-119.37619,36.73753],[-119.37618,36.73835],[-119.37618,36.73931],[-119.37618,36.74026],[-119.37618,36.74119],[-119.37579,36.74217],[-119.37541,36.74308],[-119.37509,36.74404],[-119.37483,36.74489],[-119.37456,36.74568],[-119.37426,36.74655],[-119.37381,36.74783],[-119.37396,36.74906],[-119.37404,36.74988],[-119.37413,36.7507],[-119.37422,36.75154],[-119.37458,36.75249],[-119.37491,36.75335],[-119.37551,36.75428],[-119.37642,36.75576],[-119.37679,36.75619],[-119.37803,36.75758],[-119.37816,36.75795],[-119.37823,36.75814],[-119.37933,36.75932],[-119.38301,36.76363],[-119.39369,36.76381],[-119.39355,36.77003],[-119.39332,36.77064]]}},{"type":"Feature","properties":{"id":"308878","type":"AC; OVERHEAD","status":"IN SERVICE","owner":"VALLEY ELECTRIC ASSOCIATION COOPERATIVE","voltage":138,"voltClass":"100-161"},"geometry":{"type":"LineString","coordinates":[[-116.01073,36.31735],[-116.01182,36.31848],[-116.01836,36.33201],[-116.02499,36.3456],[-116.03668,36.36521],[-116.05417,36.39322],[-116.06753,36.41428],[-116.06934,36.42191],[-116.07047,36.42704],[-116.07098,36.429],[-116.07145,36.43335],[-116.07265,36.43444],[-116.09835,36.44324],[-116.16538,36.46625],[-116.29782,36.51154],[-116.4001,36.53736]]}},{"type":"Feature","properties":{"id":"308900","type":"AC; OVERHEAD","status":"IN SERVICE","owner":"PACIFIC GAS & ELECTRIC COMPANY","voltage":115,"voltClass":"100-161"},"geometry":{"type":"LineString","coordinates":[[-119.66461,36.89578],[-119.66502,36.89539],[-119.66568,36.89539],[-119.66675,36.8954],[-119.66783,36.89541],[-119.6689,36.89541],[-119.67002,36.89541],[-119.67114,36.89543],[-119.67227,36.89543],[-119.67339,36.89543],[-119.67451,36.89543],[-119.67531,36.89544],[-119.67624,36.89544],[-119.67728,36.89545],[-119.67828,36.89546],[-119.67916,36.89546],[-119.68007,36.89546],[-119.68098,36.89547],[-119.68188,36.89548],[-119.68289,36.89548],[-119.68374,36.8955],[-119.68482,36.89551],[-119.68587,36.89553],[-119.68689,36.89554],[-119.688,36.89555],[-119.6888,36.89556],[-119.68962,36.89556],[-119.69053,36.89557],[-119.69165,36.89556],[-119.69278,36.89556],[-119.69375,36.89557],[-119.69472,36.89558],[-119.6957,36.89558],[-119.69667,36.89558],[-119.6976,36.89558],[-119.69882,36.8956],[-119.69987,36.8956],[-119.70099,36.89561],[-119.70211,36.8956],[-119.703,36.89561],[-119.70405,36.89561],[-119.70501,36.89559],[-119.70609,36.8956],[-119.70707,36.89561],[-119.70802,36.89561],[-119.70876,36.8956],[-119.70994,36.89559],[-119.71085,36.89558],[-119.71194,36.89563],[-119.71315,36.89563],[-119.71409,36.89563],[-119.71502,36.89564],[-119.71598,36.89565],[-119.71693,36.89568],[-119.71798,36.89571],[-119.71903,36.89572],[-119.72007,36.89576],[-119.72118,36.89578],[-119.72221,36.8958],[-119.72324,36.89582],[-119.72426,36.89583],[-119.72537,36.89586],[-119.72644,36.89588],[-119.72747,36.89589],[-119.72854,36.89591],[-119.7296,36.89593],[-119.7308,36.89611],[-119.7322,36.89607],[-119.7336,36.89605],[-119.73501,36.896],[-119.73641,36.89597],[-119.7378,36.89594],[-119.73922,36.89591],[-119.74061,36.89588],[-119.74199,36.89585],[-119.74336,36.89583],[-119.74472,36.89579],[-119.74595,36.89577],[-119.74746,36.89574],[-119.74874,36.89574],[-119.75102,36.89627]]}},{"type":"Feature","properties":{"id":"308935","type":"AC; OVERHEAD","status":"IN SERVICE","owner":null,"voltage":500,"voltClass":"500"},"geometry":{"type":"LineString","coordinates":[[-119.45217,35.40387],[-119.45341,35.40057],[-119.45312,35.39818],[-119.42501,35.39061],[-119.3428,35.34759],[-119.31422,35.33067],[-119.3028,35.32224],[-119.26783,35.29311],[-119.235,35.2665],[-119.19259,35.22819],[-119.17113,35.23148],[-119.04627,35.16282],[-119.04641,34.97958],[-118.98906,34.93903],[-118.94816,34.89272],[-118.91724,34.85045],[-118.91715,34.83192],[-118.88345,34.77909],[-118.83479,34.77436],[-118.75876,34.73433],[-118.74754,34.70928],[-118.73781,34.68421],[-118.72893,34.66169],[-118.72787,34.65636],[-118.70936,34.62076],[-118.69061,34.61117],[-118.63483,34.61309],[-118.59901,34.61351],[-118.56349,34.60565],[-118.55756,34.60487],[-118.55123,34.60295],[-118.51366,34.5944],[-118.47115,34.59581],[-118.45661,34.60385],[-118.43692,34.59706],[-118.40661,34.59557],[-118.3146,34.59711],[-118.29658,34.58172],[-118.24971,34.57597],[-118.2251,34.55891],[-118.19017,34.55895],[-118.18488,34.55853],[-118.1716,34.54604],[-118.15981,34.53495],[-118.14251,34.51868],[-118.12957,34.50648],[-118.12311,34.50043],[-118.11807,34.4863]]}},{"type":"Feature","properties":{"id":"308938","type":"AC; OVERHEAD","status":"IN SERVICE","owner":"PACIFIC GAS & ELECTRIC COMPANY","voltage":230,"voltClass":"220-287"},"geometry":{"type":"LineString","coordinates":[[-119.45217,35.40387],[-119.44063,35.40098],[-119.41298,35.38821],[-119.27383,35.38728],[-119.18628,35.38705],[-119.13985,35.387],[-119.10958,35.38704],[-119.09772,35.3866],[-119.09709,35.3794]]}},{"type":"Feature","properties":{"id":"308958","type":"AC; OVERHEAD","status":"IN SERVICE","owner":"VALLEY ELECTRIC ASSOCIATION COOPERATIVE","voltage":138,"voltClass":"100-161"},"geometry":{"type":"LineString","coordinates":[[-115.96878,36.1971],[-115.96818,36.19651],[-115.94469,36.18206],[-115.91483,36.17192],[-115.91175,36.17049],[-115.90529,36.16508],[-115.90129,36.1618],[-115.90037,36.16132]]}},{"type":"Feature","properties":{"id":"308969","type":"AC; OVERHEAD","status":"IN SERVICE","owner":"NEVADA POWER COMPANY","voltage":230,"voltClass":"220-287"},"geometry":{"type":"LineString","coordinates":[[-115.28262,36.08614],[-115.28345,36.0852],[-115.29317,36.08515],[-115.31579,36.08522],[-115.31542,36.1034],[-115.31532,36.1183],[-115.32256,36.11948],[-115.3261,36.12048],[-115.32949,36.12213],[-115.33386,36.12655],[-115.33543,36.12882],[-115.33662,36.13156],[-115.33709,36.13384],[-115.33718,36.13711],[-115.33748,36.1414],[-115.33826,36.1574],[-115.33855,36.1734],[-115.33918,36.17516],[-115.34032,36.17789],[-115.342,36.18029],[-115.3434,36.18139],[-115.34384,36.18364],[-115.34349,36.18527],[-115.34384,36.18883],[-115.34346,36.19578],[-115.34261,36.19795],[-115.34209,36.20398],[-115.34165,36.20613],[-115.34097,36.20767],[-115.34001,36.20919],[-115.33037,36.21705],[-115.32983,36.21957],[-115.32952,36.23991],[-115.33814,36.23984],[-115.35155,36.24414],[-115.35154,36.26122],[-115.35156,36.26989],[-115.33363,36.26984],[-115.33379,36.28361],[-115.334,36.30546],[-115.33358,36.30874],[-115.33337,36.32091],[-115.32954,36.32109],[-115.3293,36.33266],[-115.33006,36.33447]]}},{"type":"Feature","properties":{"id":"309018","type":"AC; OVERHEAD","status":"IN SERVICE","owner":"NEVADA POWER COMPANY","voltage":230,"voltClass":"220-287"},"geometry":{"type":"LineString","coordinates":[[-115.21346,36.00878],[-115.21465,36.0082],[-115.21463,36.00688],[-115.22013,36.00224],[-115.22572,35.99752],[-115.22595,35.98896],[-115.22686,35.98671],[-115.22589,35.98156],[-115.22201,35.97648],[-115.21911,35.97052],[-115.21505,35.96652],[-115.20911,35.9631],[-115.20531,35.96026],[-115.20097,35.95639],[-115.1984,35.95388],[-115.19721,35.95041],[-115.19525,35.94474],[-115.19335,35.94353],[-115.18758,35.93991],[-115.18561,35.93749],[-115.17511,35.92826],[-115.17488,35.92693]]}},{"type":"Feature","properties":{"id":"309005","type":"AC; OVERHEAD","status":"IN SERVICE","owner":null,"voltage":230,"voltClass":"220-287"},"geometry":{"type":"LineString","coordinates":[[-119.917,36.8533],[-119.91768,36.85256],[-119.91768,36.8518],[-119.92021,36.85175],[-119.93143,36.86009],[-119.93948,36.86985],[-119.94696,36.87893],[-119.95438,36.88789],[-119.96258,36.89788],[-119.96918,36.90591],[-119.97464,36.91255],[-119.98027,36.91932],[-119.98264,36.92227],[-119.98661,36.92702],[-119.99388,36.9358],[-119.99928,36.94232],[-120.00647,36.95098],[-120.01347,36.95942],[-120.01895,36.96604],[-120.02541,36.97387],[-120.03061,36.98016],[-120.03288,36.98292],[-120.03348,36.98378],[-120.03393,36.98363],[-120.04428,36.99064],[-120.05405,36.99732],[-120.05989,37.00128],[-120.06736,37.00636],[-120.07453,37.01125],[-120.08057,37.01535],[-120.08427,37.01862],[-120.08951,37.02329],[-120.09645,37.02953],[-120.10293,37.0353],[-120.10795,37.03979],[-120.11478,37.04586],[-120.11997,37.05044],[-120.12348,37.05342],[-120.12882,37.05805],[-120.13245,37.06113],[-120.14103,37.06851],[-120.14586,37.073],[-120.14909,37.07596],[-120.15409,37.08057],[-120.15757,37.08379],[-120.16266,37.0884],[-120.16765,37.09288],[-120.17825,37.10227],[-120.18679,37.1099],[-120.19695,37.11891],[-120.20501,37.12608],[-120.21339,37.13352],[-120.22194,37.14114],[-120.23269,37.15065],[-120.244,37.16067],[-120.2551,37.17053],[-120.26417,37.17856],[-120.27157,37.18512],[-120.27283,37.18582],[-120.28786,37.1943],[-120.30025,37.20122],[-120.31278,37.20824],[-120.32327,37.21411],[-120.33198,37.219],[-120.34097,37.22404],[-120.34996,37.2291],[-120.35936,37.23627],[-120.36852,37.24326],[-120.37588,37.2489],[-120.38472,37.25564],[-120.39067,37.26025],[-120.40026,37.26759],[-120.40799,37.27351],[-120.40809,37.28323],[-120.40808,37.29035],[-120.4075,37.29067],[-120.40739,37.29283]]}},{"type":"Feature","properties":{"id":"309021","type":"AC; OVERHEAD","status":"IN SERVICE","owner":"NEVADA POWER COMPANY","voltage":230,"voltClass":"220-287"},"geometry":{"type":"LineString","coordinates":[[-114.97585,35.98668],[-114.97556,35.98626],[-114.97627,35.98623],[-114.97632,35.97884],[-115.00006,35.9801],[-115.00075,35.96791],[-115.00112,35.96163],[-114.9995,35.95198],[-115.00038,35.95019],[-114.99653,35.94654],[-114.98846,35.94359],[-114.96777,35.93611],[-114.95538,35.92944],[-114.9525,35.92781],[-114.95131,35.92722],[-114.94945,35.92675],[-114.94823,35.92658],[-114.94431,35.92673],[-114.92312,35.93248],[-114.91792,35.93388],[-114.91658,35.93176],[-114.91562,35.93065],[-114.88838,35.93049],[-114.87753,35.93053],[-114.86153,35.9283],[-114.85639,35.92753],[-114.84247,35.92545],[-114.83843,35.92554],[-114.83654,35.92563],[-114.83474,35.92781]]}},{"type":"Feature","properties":{"id":"307263","type":"AC; OVERHEAD","status":"IN SERVICE","owner":"SIERRA PACIFIC POWER COMPANY","voltage":120,"voltClass":"100-161"},"geometry":{"type":"LineString","coordinates":[[-119.85732,39.47836],[-119.8588,39.47839],[-119.86467,39.48059],[-119.87559,39.48468],[-119.89318,39.49116],[-119.91214,39.49824],[-119.92271,39.50204],[-119.92964,39.50468],[-119.93334,39.50611],[-119.93404,39.50759],[-119.93458,39.5115],[-119.93652,39.51493],[-119.93801,39.51719],[-119.94078,39.52232],[-119.94573,39.52546],[-119.95435,39.52545],[-119.95974,39.52554],[-119.97025,39.52592],[-119.97888,39.52612],[-119.98058,39.52562],[-119.98725,39.52358],[-119.99593,39.5198],[-119.99786,39.51984],[-120.00145,39.51985],[-120.00727,39.51967],[-120.00789,39.52104],[-120.00868,39.52123]]}},{"type":"Feature","properties":{"id":"307276","type":"AC; OVERHEAD","status":"IN SERVICE","owner":"PACIFIC GAS & ELECTRIC COMPANY","voltage":115,"voltClass":"100-161"},"geometry":{"type":"LineString","coordinates":[[-119.26071,35.442],[-119.25838,35.44161],[-119.25615,35.4416],[-119.25394,35.44161],[-119.25158,35.4416],[-119.24947,35.44159],[-119.2473,35.44158],[-119.24507,35.44157],[-119.24285,35.44157],[-119.24064,35.44156],[-119.23839,35.44157],[-119.23624,35.44157],[-119.23392,35.44157],[-119.2316,35.44156],[-119.2295,35.44156],[-119.22729,35.44156],[-119.22504,35.44157],[-119.22278,35.44157],[-119.22061,35.44156],[-119.21836,35.44156],[-119.21626,35.44156],[-119.21408,35.44156],[-119.21183,35.44153],[-119.20961,35.44154],[-119.20741,35.44154],[-119.2052,35.44153],[-119.20298,35.44154],[-119.20107,35.44154],[-119.19925,35.44153],[-119.19835,35.44154],[-119.19615,35.44153],[-119.19388,35.44154],[-119.19165,35.44153],[-119.18945,35.44153],[-119.18722,35.44152],[-119.18503,35.44152],[-119.18282,35.44152],[-119.1806,35.4415],[-119.17832,35.4415],[-119.17615,35.44149],[-119.17341,35.44145],[-119.17016,35.44106],[-119.1668,35.44105],[-119.16345,35.44143],[-119.16066,35.44146],[-119.15839,35.44146],[-119.1562,35.44146],[-119.15398,35.44145],[-119.15184,35.44144],[-119.14954,35.44146],[-119.14734,35.4414],[-119.14512,35.44142],[-119.1429,35.44141],[-119.14071,35.44142],[-119.13838,35.44142],[-119.13626,35.44142],[-119.13408,35.44142]]}},{"type":"Feature","properties":{"id":"307358","type":"AC; OVERHEAD","status":"IN SERVICE","owner":"AZUSA LIGHT & POWER","voltage":115,"voltClass":"100-161"},"geometry":{"type":"LineString","coordinates":[[-119.11686,37.95219],[-119.11815,37.94841],[-119.12009,37.94423],[-119.12179,37.94267],[-119.12729,37.94104],[-119.13747,37.93795],[-119.14722,37.935],[-119.14843,37.9339],[-119.15414,37.93192],[-119.15649,37.93175],[-119.15711,37.93241],[-119.16547,37.93122],[-119.16585,37.93039],[-119.16901,37.9298],[-119.17092,37.92987],[-119.1751,37.93076],[-119.17821,37.93278],[-119.18007,37.93502],[-119.1877,37.93942],[-119.19369,37.94293],[-119.19588,37.94419],[-119.20235,37.94589],[-119.2127,37.94535],[-119.21548,37.94455],[-119.21607,37.9444]]}},{"type":"Feature","properties":{"id":"307301","type":"AC; OVERHEAD","status":"IN SERVICE","owner":null,"voltage":115,"voltClass":"100-161"},"geometry":{"type":"LineString","coordinates":[[-119.63909,36.6108],[-119.62786,36.60742],[-119.60196,36.60824],[-119.6019,36.58327],[-119.59302,36.58312],[-119.59346,36.56515],[-119.59356,36.54425],[-119.59322,36.53037],[-119.59321,36.50751],[-119.59318,36.48896],[-119.59317,36.48701],[-119.59113,36.48751],[-119.59134,36.45681],[-119.5919,36.3548],[-119.59198,36.26971],[-119.59185,36.21538],[-119.59163,36.15679],[-119.56863,36.12709],[-119.55683,36.11181],[-119.5572,36.10944]]}},{"type":"Feature","properties":{"id":"307348","type":"AC; OVERHEAD","status":"IN SERVICE","owner":"AZUSA LIGHT & POWER","voltage":220,"voltClass":"220-287"},"geometry":{"type":"LineString","coordinates":[[-118.37811,35.09939],[-118.37827,35.10013],[-118.37917,35.09997],[-118.37935,35.09993],[-118.37976,35.09986],[-118.37978,35.09788],[-118.3798,35.09491],[-118.37887,35.09219],[-118.37839,35.09075],[-118.37759,35.08837],[-118.37652,35.08513],[-118.37603,35.08366],[-118.37552,35.08152],[-118.37522,35.0803],[-118.37864,35.0784],[-118.38047,35.0741],[-118.38015,35.0706],[-118.38212,35.06708],[-118.38477,35.06545],[-118.38731,35.06387],[-118.38727,35.06175],[-118.38722,35.05969],[-118.38488,35.05807],[-118.38192,35.05734],[-118.37998,35.05663],[-118.37771,35.05604],[-118.37463,35.05594],[-118.37211,35.05557],[-118.3698,35.05522],[-118.36675,35.05505],[-118.36425,35.05381],[-118.36395,35.05366],[-118.36191,35.05314],[-118.3593,35.05244],[-118.35798,35.0521],[-118.35699,35.05184],[-118.35645,35.0514],[-118.35565,35.05076],[-118.35493,35.04961],[-118.35466,35.04965],[-118.35267,35.04998],[-118.34966,35.05014],[-118.34729,35.05137],[-118.34566,35.05165],[-118.34273,35.05197],[-118.34081,35.0526],[-118.33826,35.0524],[-118.337,35.05297],[-118.3353,35.05241],[-118.3322,35.05224],[-118.32916,35.05139],[-118.32666,35.05023],[-118.32409,35.04929],[-118.32202,35.04836],[-118.31818,35.0471],[-118.3145,35.0459],[-118.31115,35.04392],[-118.31048,35.04345],[-118.31026,35.0433],[-118.30915,35.04251],[-118.30743,35.04148],[-118.30512,35.04012],[-118.30176,35.03923],[-118.29867,35.03839],[-118.29616,35.03841],[-118.29341,35.0386],[-118.29291,35.03863]]}},{"type":"Feature","properties":{"id":"307368","type":"AC; OVERHEAD","status":"IN SERVICE","owner":"WELLS RURAL ELECTRIC COMPANY","voltage":120,"voltClass":"100-161"},"geometry":{"type":"LineString","coordinates":[[-114.97761,41.1131],[-114.97765,41.11254],[-114.97864,41.11252],[-114.97857,41.11214]]}},{"type":"Feature","properties":{"id":"307384","type":"AC; OVERHEAD","status":"IN SERVICE","owner":"SIERRA PACIFIC POWER COMPANY","voltage":120,"voltClass":"100-161"},"geometry":{"type":"LineString","coordinates":[[-119.75364,39.39573],[-119.7539,39.39591],[-119.75387,39.39661],[-119.75951,39.40008],[-119.76973,39.40664],[-119.78198,39.41653],[-119.78945,39.42262],[-119.79875,39.43022],[-119.80542,39.4356],[-119.81706,39.44504],[-119.82612,39.45266],[-119.83224,39.45742],[-119.84479,39.4678],[-119.85491,39.47594],[-119.85764,39.47792],[-119.85732,39.47836]]}},{"type":"Feature","properties":{"id":"307436","type":"AC; OVERHEAD","status":"IN SERVICE","owner":"MT. WHEELER POWER","voltage":345,"voltClass":"345"},"geometry":{"type":"LineString","coordinates":[[-114.80732,39.33655],[-114.81001,39.33673],[-114.81251,39.33505],[-114.82404,39.33504],[-114.85469,39.33504],[-114.86915,39.33563],[-114.88372,39.32611],[-114.89252,39.32024],[-114.90205,39.31412],[-114.91097,39.3081],[-114.92067,39.30153],[-114.92842,39.29626],[-114.93468,39.29193],[-114.94003,39.28837],[-114.9433,39.28951],[-114.94983,39.29151],[-114.95433,39.29215],[-114.95709,39.29094],[-114.96095,39.28934],[-114.96614,39.28698],[-114.96995,39.2833],[-114.9741,39.2828],[-114.97389,39.28017]]}},{"type":"Feature","properties":{"id":"307493","type":"AC; OVERHEAD","status":"IN SERVICE","owner":"PACIFIC GAS & ELECTRIC COMPANY","voltage":115,"voltClass":"100-161"},"geometry":{"type":"LineString","coordinates":[[-118.97631,35.08906],[-118.97652,35.08972],[-118.97652,35.0902],[-118.97651,35.09148],[-118.97653,35.09272],[-118.97652,35.09372],[-118.97652,35.09376],[-118.97653,35.09479],[-118.97653,35.09589],[-118.97652,35.09808],[-118.97653,35.09916],[-118.97654,35.10137],[-118.97655,35.10244],[-118.97654,35.10465],[-118.97654,35.10576],[-118.97655,35.10685],[-118.97665,35.10844],[-118.97665,35.10982],[-118.97665,35.11227],[-118.97666,35.11443],[-118.97666,35.11555],[-118.97667,35.11777],[-118.97666,35.12108],[-118.97666,35.12336],[-118.97668,35.12567],[-118.97668,35.126],[-118.97668,35.1271],[-118.97669,35.12948],[-118.97672,35.1324],[-118.97673,35.13521],[-118.97674,35.13769],[-118.97675,35.14098],[-118.97673,35.14427],[-118.97675,35.14654],[-118.97675,35.14769],[-118.97674,35.14878],[-118.97674,35.14986],[-118.97675,35.15077],[-118.97691,35.15166],[-118.97715,35.15267],[-118.9773,35.15443],[-118.97731,35.1556],[-118.97731,35.15782],[-118.9773,35.16005],[-118.97728,35.16334],[-118.97727,35.16551],[-118.97729,35.16776],[-118.97728,35.17102],[-118.97727,35.17212],[-118.97727,35.17431],[-118.97727,35.17651],[-118.97724,35.17872],[-118.97713,35.17939],[-118.97685,35.18057],[-118.97688,35.18172],[-118.97682,35.18449],[-118.97681,35.18704],[-118.97682,35.19038],[-118.97688,35.19266],[-118.97689,35.19548],[-118.97681,35.20067],[-118.97679,35.20181],[-118.9768,35.20291],[-118.97679,35.20399],[-118.97678,35.20628],[-118.97679,35.20753],[-118.9765,35.20878],[-118.97649,35.21008],[-118.97651,35.21117],[-118.97649,35.21366],[-118.97649,35.21665],[-118.97649,35.21885],[-118.97648,35.22129],[-118.97647,35.22312],[-118.97647,35.22469],[-118.97647,35.22744],[-118.97646,35.23085],[-118.97647,35.23418],[-118.97646,35.23526],[-118.97645,35.23765],[-118.97645,35.24002],[-118.97644,35.24113],[-118.97646,35.24332],[-118.97644,35.24663],[-118.97642,35.24988],[-118.97643,35.25224],[-118.97644,35.25447],[-118.97642,35.25663],[-118.97642,35.25996],[-118.97641,35.26102],[-118.97643,35.26431],[-118.97643,35.26563],[-118.97641,35.26822],[-118.9764,35.26932],[-118.97643,35.27154],[-118.97643,35.2737],[-118.97642,35.27481],[-118.97644,35.27703],[-118.97646,35.2793],[-118.97644,35.28153],[-118.97645,35.283],[-118.97645,35.2858],[-118.97644,35.28858],[-118.97646,35.2913],[-118.97647,35.29235],[-118.97646,35.29351],[-118.97646,35.2946],[-118.97643,35.29709],[-118.97644,35.30078],[-118.97644,35.30297],[-118.97644,35.30409],[-118.97645,35.30521],[-118.97646,35.30636],[-118.97645,35.30742],[-118.97646,35.30855],[-118.97646,35.30965],[-118.97645,35.31073],[-118.97644,35.31187],[-118.97645,35.31298],[-118.97646,35.31418],[-118.97703,35.31417],[-118.97747,35.31425],[-118.97763,35.31441]]}},{"type":"Feature","properties":{"id":"307510","type":"AC; OVERHEAD","status":"IN SERVICE","owner":null,"voltage":120,"voltClass":"100-161"},"geometry":{"type":"LineString","coordinates":[[-118.48115,37.33595],[-118.44146,37.39701],[-118.18021,37.41001],[-118.17632,37.4425],[-117.99981,37.39692],[-117.88807,37.50447],[-117.84964,37.541],[-117.78749,37.6001],[-117.7418,37.64322],[-117.69483,37.68805],[-117.64657,37.73369],[-117.63147,37.74771],[-117.62972,37.75131],[-117.63234,37.75433]]}},{"type":"Feature","properties":{"id":"307522","type":"AC; OVERHEAD","status":"IN SERVICE","owner":"NEVADA POWER COMPANY","voltage":138,"voltClass":"100-161"},"geometry":{"type":"LineString","coordinates":[[-115.11676,36.20262],[-115.11697,36.20302],[-115.11791,36.20301],[-115.1377,36.20297],[-115.15412,36.20298],[-115.15418,36.19853],[-115.15642,36.19855],[-115.15641,36.18095],[-115.1626,36.181],[-115.1626,36.17603],[-115.16394,36.17616],[-115.1648,36.17541],[-115.16489,36.17029],[-115.16551,36.17031],[-115.16588,36.17012]]}},{"type":"Feature","properties":{"id":"307528","type":"AC; OVERHEAD","status":"IN SERVICE","owner":"NEVADA POWER COMPANY","voltage":138,"voltClass":"100-161"},"geometry":{"type":"LineString","coordinates":[[-115.27891,36.15822],[-115.27769,36.1589],[-115.27444,36.15892],[-115.27351,36.15894],[-115.27328,36.15919],[-115.26508,36.15923],[-115.25105,36.15925],[-115.251,36.16573],[-115.25108,36.17917],[-115.25148,36.19901],[-115.25189,36.19931]]}},{"type":"Feature","properties":{"id":"307541","type":"AC; OVERHEAD","status":"IN SERVICE","owner":null,"voltage":500,"voltClass":"500"},"geometry":{"type":"LineString","coordinates":[[-114.59532,35.14747],[-114.59701,35.14699],[-114.60091,35.14796],[-114.60254,35.14873],[-114.61411,35.15086],[-114.62882,35.15336],[-114.63483,35.15345],[-114.63684,35.15309],[-114.65596,35.14279],[-114.74306,35.0959],[-114.7535,35.09042],[-114.7552,35.08925],[-114.81166,35.05875],[-114.90673,35.00729],[-114.94466,34.98714],[-115.11524,34.94817],[-115.16989,34.9357],[-115.46688,34.90945],[-115.57149,34.91246],[-115.65286,34.89573],[-115.76097,34.87317],[-115.77622,34.86964],[-115.83312,34.85949],[-115.85859,34.85239],[-115.93548,34.83081],[-115.98706,34.81494],[-116.00803,34.80772],[-116.10446,34.77473],[-116.15721,34.75663],[-116.19413,34.74261],[-116.25712,34.75162],[-116.29164,34.75813],[-116.31197,34.76784],[-116.35784,34.78041],[-116.40351,34.76108],[-116.41097,34.75033],[-116.42122,34.73561],[-116.43006,34.73134],[-116.46549,34.71436],[-116.4892,34.69446],[-116.50364,34.68203],[-116.54162,34.66345],[-116.56427,34.65238],[-116.57126,34.64713],[-116.58638,34.63574],[-116.60713,34.62631],[-116.62857,34.61637],[-116.66527,34.61576],[-116.6802,34.61559],[-116.70305,34.60835],[-116.74794,34.60636],[-116.7914,34.58634],[-116.81327,34.57626],[-116.85592,34.56699],[-116.88516,34.56064],[-116.92281,34.5525],[-116.9465,34.54736],[-116.97789,34.51895],[-117.01041,34.47839],[-117.01791,34.47257],[-117.02993,34.46862],[-117.04808,34.46101],[-117.06762,34.42941],[-117.0674,34.41429],[-117.07515,34.41428],[-117.11925,34.39455],[-117.1814,34.36678],[-117.27208,34.36495],[-117.30681,34.36477],[-117.32597,34.34843],[-117.33814,34.35109],[-117.36874,34.36669]]}},{"type":"Feature","properties":{"id":"307548","type":"AC; OVERHEAD","status":"IN SERVICE","owner":"NEVADA POWER COMPANY","voltage":138,"voltClass":"100-161"},"geometry":{"type":"LineString","coordinates":[[-115.25189,36.19931],[-115.25149,36.19994],[-115.25156,36.20377],[-115.2515,36.21458],[-115.25162,36.23241],[-115.25182,36.23323],[-115.24213,36.23317],[-115.24209,36.23581],[-115.24171,36.23629]]}},{"type":"Feature","properties":{"id":"307555","type":"AC; OVERHEAD","status":null,"owner":"HARNEY ELECTRIC COOPERATIVE","voltage":115,"voltClass":"100-161"},"geometry":{"type":"LineString","coordinates":[[-117.79871,41.99936],[-117.79874,41.99837],[-117.79706,41.99308],[-117.79422,41.98438],[-117.79195,41.97723],[-117.78918,41.96879],[-117.78523,41.95631],[-117.78242,41.94758],[-117.77964,41.93858],[-117.77735,41.93173],[-117.77481,41.92348],[-117.77416,41.92173],[-117.77155,41.91334],[-117.7689,41.90517],[-117.76828,41.90352],[-117.76927,41.89679],[-117.77025,41.88974],[-117.77122,41.88259],[-117.77223,41.87516],[-117.77326,41.86794],[-117.7742,41.86074],[-117.77542,41.85171],[-117.77655,41.84322],[-117.77769,41.83501],[-117.78151,41.82707],[-117.78492,41.81988],[-117.78831,41.81272],[-117.79449,41.80453],[-117.80099,41.79592],[-117.8072,41.78752],[-117.81288,41.78013],[-117.81866,41.77246],[-117.82485,41.7644],[-117.83057,41.75662],[-117.83618,41.74922],[-117.84037,41.74377],[-117.83994,41.74022],[-117.83917,41.7333],[-117.8388,41.72684],[-117.83818,41.72551],[-117.84116,41.71821],[-117.84381,41.71129],[-117.84655,41.70424],[-117.84808,41.70056],[-117.8482,41.69324]]}},{"type":"Feature","properties":{"id":"307581","type":"AC; OVERHEAD","status":"IN SERVICE","owner":"PACIFIC GAS & ELECTRIC COMPANY","voltage":115,"voltClass":"100-161"},"geometry":{"type":"LineString","coordinates":[[-119.73479,36.76426],[-119.73614,36.76467],[-119.73705,36.76552],[-119.74535,36.77071],[-119.74801,36.77231],[-119.75145,36.77446],[-119.75412,36.77625],[-119.75778,36.77763],[-119.76129,36.77894],[-119.76602,36.78059],[-119.76923,36.78172],[-119.77249,36.7829],[-119.78357,36.78695],[-119.78573,36.78709],[-119.78781,36.78802]]}},{"type":"Feature","properties":{"id":"307579","type":"AC; OVERHEAD","status":"IN SERVICE","owner":"PACIFIC GAS & ELECTRIC COMPANY","voltage":115,"voltClass":"100-161"},"geometry":{"type":"LineString","coordinates":[[-120.63489,35.26168],[-120.60093,35.27178],[-120.52099,35.3422],[-120.44772,35.36695],[-120.40656,35.36672],[-120.39028,35.3594],[-120.37632,35.35054],[-120.37203,35.35015],[-120.36761,35.34984],[-120.36389,35.34962],[-120.35364,35.35349],[-120.32981,35.36631],[-120.31834,35.37125],[-120.31312,35.37237],[-120.31172,35.37172],[-120.28817,35.37155],[-120.26984,35.37139],[-120.24992,35.37083],[-120.22244,35.37789],[-120.16808,35.39125],[-120.14902,35.38922],[-120.09577,35.38138],[-120,35.37881],[-119.91255,35.37658],[-119.80761,35.35328],[-119.7582,35.38307],[-119.69621,35.38275]]}},{"type":"Feature","properties":{"id":"307591","type":"AC; OVERHEAD","status":"IN SERVICE","owner":"NEVADA POWER COMPANY","voltage":500,"voltClass":"500"},"geometry":{"type":"LineString","coordinates":[[-114.90867,36.42904],[-114.9063,36.43037],[-114.90089,36.42526],[-114.8983,36.42013],[-114.89502,36.41704],[-114.8875,36.40987],[-114.88371,36.4062],[-114.87978,36.40545],[-114.87621,36.41269],[-114.87169,36.42132],[-114.86719,36.42987],[-114.85695,36.44927],[-114.84743,36.46729],[-114.84151,36.47843],[-114.8321,36.47847],[-114.82955,36.47848],[-114.83035,36.48251]]}},{"type":"Feature","properties":{"id":"307607","type":"AC; OVERHEAD","status":"IN SERVICE","owner":null,"voltage":230,"voltClass":"220-287"},"geometry":{"type":"LineString","coordinates":[[-114.74302,36.01836],[-114.75638,36.014],[-114.75794,36.01299],[-114.77191,36.00871],[-114.77666,36.00715],[-114.78446,36.00466],[-114.7857,36.00408],[-114.78684,36.00194],[-114.78946,35.99467],[-114.79978,35.97006],[-114.81405,35.94329],[-114.81994,35.93111],[-114.82325,35.93038],[-114.83474,35.92781]]}},{"type":"Feature","properties":{"id":"307644","type":"AC; OVERHEAD","status":"IN SERVICE","owner":"PACIFIC GAS & ELECTRIC COMPANY","voltage":115,"voltClass":"100-161"},"geometry":{"type":"LineString","coordinates":[[-119.45536,35.71792],[-119.45477,35.71778]]}},{"type":"Feature","properties":{"id":"307665","type":"AC; OVERHEAD","status":"IN SERVICE","owner":"SIERRA PACIFIC POWER COMPANY","voltage":120,"voltClass":"100-161"},"geometry":{"type":"LineString","coordinates":[[-118.08029,40.72319],[-118.08265,40.71972],[-118.08753,40.71811],[-118.131,40.718],[-118.16075,40.68614],[-118.18164,40.66492],[-118.20672,40.64289],[-118.20502,40.64147],[-118.22933,40.6152],[-118.22661,40.61375],[-118.24106,40.59631],[-118.24947,40.5844],[-118.25645,40.57533],[-118.26111,40.56789],[-118.26232,40.56298],[-118.26647,40.53517],[-118.26524,40.53512],[-118.26464,40.53481]]}},{"type":"Feature","properties":{"id":"308236","type":"AC; OVERHEAD","status":"IN SERVICE","owner":"AZUSA LIGHT & POWER","voltage":115,"voltClass":"100-161"},"geometry":{"type":"LineString","coordinates":[[-117.56603,35.01804],[-117.56573,35.01715],[-117.56576,35.0155]]}},{"type":"Feature","properties":{"id":"307686","type":"AC; OVERHEAD","status":"IN SERVICE","owner":"SIERRA PACIFIC POWER COMPANY","voltage":230,"voltClass":"220-287"},"geometry":{"type":"LineString","coordinates":[[-116.85917,39.50599],[-116.85772,39.50401],[-116.86167,39.48042],[-116.86979,39.43208],[-116.88808,39.33873],[-116.9028,39.26884],[-116.91783,39.19879],[-116.94279,39.07965],[-116.94469,39.07563],[-116.97845,39.00305],[-117.0246,38.90371],[-117.0593,38.82898],[-117.10363,38.73312],[-117.10563,38.70886],[-117.10543,38.70709]]}},{"type":"Feature","properties":{"id":"307859","type":"AC; OVERHEAD","status":"IN SERVICE","owner":"WELLS RURAL ELECTRIC COMPANY","voltage":120,"voltClass":"100-161"},"geometry":{"type":"LineString","coordinates":[[-116.17075,40.78786],[-116.16954,40.78718],[-116.16196,40.78281],[-116.14582,40.75677],[-116.13955,40.74673],[-116.13473,40.73887],[-116.12695,40.73342],[-116.11726,40.72654],[-116.1164,40.72661]]}},{"type":"Feature","properties":{"id":"307952","type":"AC; OVERHEAD","status":"IN SERVICE","owner":"SIERRA PACIFIC POWER COMPANY","voltage":230,"voltClass":"220-287"},"geometry":{"type":"LineString","coordinates":[[-117.0902,39.52696],[-117.0891,39.52737],[-117.03619,39.53286],[-116.97854,39.53254],[-116.96197,39.53202],[-116.94193,39.52702],[-116.91404,39.52002],[-116.88479,39.51267],[-116.86476,39.50756],[-116.86293,39.50712],[-116.85917,39.50599]]}},{"type":"Feature","properties":{"id":"307949","type":"AC; OVERHEAD","status":"IN SERVICE","owner":"NEVADA POWER COMPANY","voltage":138,"voltClass":"100-161"},"geometry":{"type":"LineString","coordinates":[[-115.08529,36.02307],[-115.08605,36.02334],[-115.08796,36.0233],[-115.08968,36.02306],[-115.09146,36.02304],[-115.09321,36.02298],[-115.09519,36.02299],[-115.09726,36.02286],[-115.09859,36.02247],[-115.10023,36.02181],[-115.10045,36.0188],[-115.10055,36.01751],[-115.10076,36.01634],[-115.10348,36.01441],[-115.10635,36.01234],[-115.11192,36.00838],[-115.12017,36.00243],[-115.12819,36.00248],[-115.1291,36.00256]]}},{"type":"Feature","properties":{"id":"307986","type":"AC; OVERHEAD","status":"IN SERVICE","owner":"VALLEY ELECTRIC ASSOCIATION COOPERATIVE","voltage":138,"voltClass":"100-161"},"geometry":{"type":"LineString","coordinates":[[-115.94941,36.13245],[-115.94958,36.13203],[-116.00755,36.13172],[-116.0079,36.15385],[-116.09065,36.1538],[-116.11288,36.17101],[-116.11304,36.20371],[-116.11353,36.20456]]}},{"type":"Feature","properties":{"id":"308015","type":"AC; OVERHEAD","status":"IN SERVICE","owner":null,"voltage":230,"voltClass":"220-287"},"geometry":{"type":"LineString","coordinates":[[-114.56594,35.1947],[-114.5662,35.19779],[-114.56796,35.20312],[-114.56085,35.21641],[-114.56114,35.26168],[-114.56369,35.2652],[-114.56873,35.27212],[-114.57802,35.27424],[-114.59847,35.27825],[-114.60156,35.28065],[-114.60575,35.28422],[-114.60828,35.3063],[-114.60902,35.31306],[-114.64719,35.34581],[-114.77672,35.45745],[-114.84856,35.52114],[-114.85851,35.53474],[-114.87618,35.5686],[-114.92691,35.67069],[-114.94109,35.69922],[-114.92377,35.73839],[-114.91255,35.76328],[-114.90708,35.76983],[-114.90407,35.77329],[-114.88881,35.79186],[-114.88386,35.80189],[-114.85236,35.86558],[-114.83636,35.89727],[-114.82498,35.92008],[-114.82729,35.92191],[-114.82953,35.92258],[-114.83167,35.92329],[-114.83474,35.92781]]}},{"type":"Feature","properties":{"id":"307994","type":"AC; OVERHEAD","status":"IN SERVICE","owner":"AZUSA LIGHT & POWER","voltage":115,"voltClass":"100-161"},"geometry":{"type":"LineString","coordinates":[[-117.56603,35.01804],[-117.56625,35.01877],[-117.56628,35.0203]]}},{"type":"Feature","properties":{"id":"307995","type":"AC; OVERHEAD","status":"IN SERVICE","owner":"NEVADA POWER COMPANY","voltage":230,"voltClass":"220-287"},"geometry":{"type":"LineString","coordinates":[[-114.83474,35.92781],[-114.83661,35.92581],[-114.8385,35.92567],[-114.84256,35.92566],[-114.8539,35.92733],[-114.85664,35.92809],[-114.877,35.93103],[-114.89115,35.93115],[-114.90157,35.93106],[-114.91349,35.93108],[-114.91579,35.93204],[-114.9125,35.94742],[-114.91232,35.95049],[-114.91289,35.95913],[-114.91351,35.96522],[-114.91416,35.96745],[-114.91425,35.96995],[-114.91446,35.973],[-114.91588,35.97744],[-114.91814,35.98152],[-114.93518,35.99674],[-114.95931,36.01776],[-114.9676,36.02072],[-114.96909,36.0223]]}},{"type":"Feature","properties":{"id":"308030","type":"AC; OVERHEAD","status":"IN SERVICE","owner":"AZUSA LIGHT & POWER","voltage":230,"voltClass":"220-287"},"geometry":{"type":"LineString","coordinates":[[-119.13441,36.32552],[-119.13449,36.32599],[-119.14025,36.32603],[-119.1686,36.32617],[-119.17064,36.32434],[-119.17206,36.29769],[-119.22496,36.298],[-119.22494,36.29984],[-119.2393,36.29997],[-119.24296,36.29987],[-119.24282,36.30342],[-119.2434,36.3034],[-119.24432,36.30387]]}},{"type":"Feature","properties":{"id":"308037","type":"AC; OVERHEAD","status":"IN SERVICE","owner":null,"voltage":230,"voltClass":"220-287"},"geometry":{"type":"LineString","coordinates":[[-115.96878,36.1971],[-115.96853,36.19643],[-115.95716,36.18929],[-115.9451,36.18169],[-115.91238,36.17017],[-115.90113,36.16104],[-115.89955,36.1596],[-115.89173,36.15427],[-115.87159,36.13781],[-115.72267,36.04696],[-115.66199,36.00993],[-115.65873,36.00797],[-115.65705,36.00626],[-115.63541,35.98444],[-115.57006,35.92646],[-115.55549,35.91375],[-115.55739,35.9037],[-115.53669,35.87591],[-115.51445,35.87954],[-115.5067,35.8727],[-115.47852,35.86468],[-115.44397,35.8108],[-115.44233,35.80874],[-115.40772,35.77611],[-115.40247,35.77114],[-115.37399,35.75444],[-115.30519,35.71441],[-115.2946,35.70804],[-115.2936,35.70702],[-115.29201,35.70723],[-115.28167,35.71138],[-115.24249,35.7307],[-115.205,35.74945],[-115.18109,35.76181],[-115.17199,35.76271],[-115.1635,35.75927],[-115.15726,35.75868],[-115.14922,35.75422],[-115.14739,35.75557],[-115.14054,35.76088],[-115.13308,35.76075],[-115.10211,35.7605],[-115.09946,35.76058],[-115.09476,35.7638],[-115.09271,35.76456],[-115.05934,35.78727],[-115.03155,35.80685],[-115.01001,35.82797],[-115.00823,35.82795],[-114.99558,35.82764],[-114.9895,35.82799],[-114.97051,35.83019],[-114.9574,35.83171],[-114.95595,35.83315],[-114.94036,35.84833],[-114.923,35.86516],[-114.90739,35.88027],[-114.89088,35.89626],[-114.87484,35.91185],[-114.86236,35.92395],[-114.85987,35.92603],[-114.85842,35.92654],[-114.84258,35.92438],[-114.8362,35.92504],[-114.83474,35.92781]]}},{"type":"Feature","properties":{"id":"308041","type":"AC; OVERHEAD","status":"IN SERVICE","owner":"NEVADA POWER COMPANY","voltage":230,"voltClass":"220-287"},"geometry":{"type":"LineString","coordinates":[[-115.09093,36.00296],[-115.09065,36.00239],[-115.09006,36.00238],[-115.0903,35.9823],[-115.08643,35.98229],[-115.07541,35.97967],[-115.06463,35.97181],[-115.03222,35.96591],[-115.00887,35.9589],[-114.99629,35.94684],[-114.96757,35.93637],[-114.95123,35.92752],[-114.94661,35.927],[-114.9391,35.92853],[-114.91778,35.9344],[-114.89922,35.932],[-114.87742,35.93202],[-114.8559,35.92932],[-114.84257,35.92646],[-114.83892,35.92642],[-114.83474,35.92781]]}},{"type":"Feature","properties":{"id":"308056","type":"AC; OVERHEAD","status":"IN SERVICE","owner":"PACIFIC GAS & ELECTRIC COMPANY","voltage":115,"voltClass":"100-161"},"geometry":{"type":"LineString","coordinates":[[-119.45599,35.96337],[-119.45597,35.96238],[-119.45594,35.95987],[-119.45591,35.95816],[-119.45589,35.95665],[-119.45589,35.95484],[-119.45588,35.95303],[-119.45587,35.95122],[-119.45586,35.94935],[-119.45585,35.94748],[-119.45584,35.94568],[-119.45583,35.94379],[-119.45583,35.94201],[-119.45583,35.9402],[-119.45584,35.93828],[-119.45583,35.93648],[-119.45583,35.93457],[-119.45584,35.93277],[-119.45584,35.93096],[-119.45584,35.92915],[-119.45584,35.92729],[-119.45585,35.92547],[-119.45586,35.92366],[-119.45586,35.92184],[-119.45587,35.92016],[-119.45588,35.91827],[-119.45587,35.91644],[-119.45587,35.91459],[-119.45588,35.91276],[-119.45588,35.91094],[-119.45587,35.90912],[-119.45588,35.9073],[-119.45588,35.90551],[-119.45589,35.90369],[-119.45589,35.90187],[-119.45589,35.90004],[-119.45589,35.89834],[-119.45591,35.89653],[-119.45593,35.89477],[-119.45594,35.89294],[-119.45594,35.89115],[-119.45595,35.88929],[-119.45596,35.88745],[-119.45597,35.88563],[-119.45598,35.88406],[-119.45598,35.88221],[-119.45597,35.88037],[-119.45597,35.87857],[-119.45597,35.87675],[-119.45593,35.87491],[-119.45588,35.8731],[-119.45584,35.87128],[-119.4558,35.86946],[-119.45575,35.86761],[-119.45571,35.86581],[-119.45568,35.86399],[-119.45562,35.86219],[-119.45561,35.86029],[-119.45559,35.85848],[-119.45558,35.85664],[-119.45557,35.85481],[-119.45555,35.85294],[-119.45553,35.85112],[-119.45552,35.84929],[-119.4555,35.8475],[-119.45549,35.84573],[-119.45548,35.84392],[-119.45547,35.84211],[-119.45545,35.8403],[-119.45545,35.83849],[-119.45544,35.83669],[-119.45543,35.83487],[-119.45543,35.83307],[-119.45541,35.83126],[-119.4554,35.82943],[-119.45538,35.82762],[-119.45538,35.82578],[-119.45536,35.82398],[-119.45536,35.82216],[-119.45535,35.82036],[-119.45533,35.81863],[-119.45536,35.81685],[-119.4554,35.81504],[-119.45539,35.8132],[-119.45543,35.81139],[-119.45545,35.80958],[-119.45548,35.80776],[-119.45551,35.80594],[-119.45554,35.80414],[-119.45556,35.80232],[-119.45558,35.80053],[-119.4556,35.79873],[-119.45561,35.79686],[-119.45563,35.79504],[-119.45565,35.79323],[-119.45567,35.79145],[-119.45567,35.7898],[-119.4549,35.78818],[-119.45411,35.78651],[-119.45414,35.78459],[-119.45414,35.7828],[-119.45416,35.78098],[-119.45417,35.77927],[-119.45418,35.77743],[-119.45419,35.77564],[-119.45421,35.77383],[-119.45421,35.77201],[-119.45423,35.77022],[-119.45425,35.76842],[-119.45425,35.76654],[-119.45428,35.76476],[-119.45429,35.76294],[-119.4543,35.7611],[-119.45431,35.75925],[-119.45432,35.75745],[-119.45434,35.75563],[-119.45436,35.75385],[-119.45437,35.75204],[-119.45437,35.75022],[-119.4544,35.74839],[-119.45441,35.74659],[-119.45446,35.7448],[-119.45451,35.74304],[-119.45454,35.74122],[-119.45458,35.73941],[-119.45461,35.73757],[-119.45464,35.73572],[-119.45467,35.7339],[-119.45471,35.73213],[-119.45472,35.73033],[-119.45473,35.72852],[-119.45474,35.72671],[-119.45474,35.72488],[-119.45476,35.72307],[-119.45475,35.72125],[-119.45476,35.71944],[-119.45477,35.71778]]}},{"type":"Feature","properties":{"id":"308090","type":"AC; OVERHEAD","status":"IN SERVICE","owner":"PACIFIC GAS & ELECTRIC COMPANY","voltage":115,"voltClass":"100-161"},"geometry":{"type":"LineString","coordinates":[[-119.32617,35.60195],[-119.32481,35.60163],[-119.3237,35.60164],[-119.32257,35.60163],[-119.32149,35.60164],[-119.32036,35.60165],[-119.31929,35.60166],[-119.31818,35.60166],[-119.31704,35.60167],[-119.31588,35.60168],[-119.31477,35.60169],[-119.31372,35.60169],[-119.31259,35.60169],[-119.31151,35.60169],[-119.31041,35.60169],[-119.30924,35.6017],[-119.30796,35.60171],[-119.30702,35.60171],[-119.30595,35.60171],[-119.30485,35.60171],[-119.3037,35.60172],[-119.30259,35.60173],[-119.3015,35.60173],[-119.30041,35.60173],[-119.29929,35.60173],[-119.29817,35.60174],[-119.29706,35.60174],[-119.29587,35.60175],[-119.29473,35.60175],[-119.29356,35.60176],[-119.29247,35.60176],[-119.29141,35.60176],[-119.29029,35.60177],[-119.2897,35.60177],[-119.28915,35.60177],[-119.28804,35.60178],[-119.28699,35.60178],[-119.28586,35.60178],[-119.28527,35.6018],[-119.28468,35.60179],[-119.2836,35.60179],[-119.28252,35.60179],[-119.28148,35.6018],[-119.28038,35.6018],[-119.27917,35.60181],[-119.2781,35.60181],[-119.27701,35.60182]]}},{"type":"Feature","properties":{"id":"308098","type":"AC; OVERHEAD","status":"IN SERVICE","owner":"PACIFIC GAS & ELECTRIC COMPANY","voltage":115,"voltClass":"100-161"},"geometry":{"type":"LineString","coordinates":[[-119.01731,35.4001],[-119.01602,35.39974],[-119.01265,35.40107],[-119.00973,35.40221],[-119.00957,35.40228],[-119.00957,35.40228],[-119.00727,35.40421],[-119.00615,35.40482],[-119.00258,35.40627],[-118.99895,35.40773],[-118.9939,35.40979],[-118.99091,35.41033],[-118.98512,35.41143],[-118.98169,35.41188],[-118.97889,35.41224],[-118.97654,35.41263],[-118.97448,35.413],[-118.97168,35.41348],[-118.96796,35.41424],[-118.96596,35.41466],[-118.96397,35.41479],[-118.961,35.41582],[-118.9578,35.41636],[-118.95626,35.41636],[-118.95276,35.41634],[-118.94976,35.41634],[-118.94645,35.41633],[-118.94226,35.41633],[-118.94199,35.41661],[-118.94185,35.41675],[-118.94104,35.41766],[-118.9404,35.41842],[-118.93979,35.41908],[-118.93918,35.41975],[-118.93805,35.41974],[-118.93691,35.41974],[-118.93676,35.42064],[-118.93661,35.42154],[-118.93549,35.42234],[-118.93425,35.42132],[-118.93264,35.4201],[-118.93178,35.4196],[-118.92951,35.41944],[-118.92824,35.41942],[-118.92697,35.41891]]}},{"type":"Feature","properties":{"id":"308120","type":"AC; OVERHEAD","status":"IN SERVICE","owner":"NEVADA POWER COMPANY","voltage":230,"voltClass":"220-287"},"geometry":{"type":"LineString","coordinates":[[-115.03128,36.03559],[-115.03188,36.03449],[-115.03412,36.03422],[-115.03747,36.03479],[-115.04714,36.03823],[-115.04653,36.08494],[-115.04943,36.08641]]}},{"type":"Feature","properties":{"id":"308115","type":"AC; OVERHEAD","status":"IN SERVICE","owner":"MT. WHEELER POWER","voltage":230,"voltClass":"220-287"},"geometry":{"type":"LineString","coordinates":[[-114.80732,39.33655],[-114.81127,39.33801],[-114.82537,39.34095],[-114.85427,39.34725],[-114.85874,39.34799],[-114.87249,39.34739],[-114.87341,39.34682],[-114.89209,39.34676],[-114.9028,39.34626],[-114.91042,39.34898],[-114.94997,39.36882],[-114.96914,39.37782],[-115.00726,39.39623],[-115.03824,39.39983],[-115.05509,39.40176],[-115.08793,39.40559],[-115.13609,39.41103],[-115.16988,39.41501],[-115.20509,39.41903],[-115.2424,39.42317],[-115.26684,39.42788],[-115.30065,39.42981],[-115.33145,39.43393],[-115.38058,39.47177],[-115.39413,39.47177],[-115.43484,39.47266],[-115.53366,39.47471],[-115.63958,39.47642],[-115.77056,39.47902],[-115.79652,39.47962],[-115.80956,39.47974],[-115.8529,39.47726],[-115.8654,39.48832],[-115.87068,39.49152],[-115.88437,39.49982],[-115.89625,39.50797],[-115.91907,39.5235],[-115.95061,39.5452],[-115.95969,39.54625],[-115.96927,39.54742],[-115.97209,39.54499],[-115.97379,39.54494]]}},{"type":"Feature","properties":{"id":"308134","type":"AC; OVERHEAD","status":"IN SERVICE","owner":"PACIFIC GAS & ELECTRIC COMPANY","voltage":230,"voltClass":"220-287"},"geometry":{"type":"LineString","coordinates":[[-118.97755,35.01419],[-118.97623,35.01352],[-118.97882,35.01131],[-118.98036,35.01194],[-118.98427,35.01348],[-118.98629,35.01549],[-118.9891,35.01808],[-118.99174,35.0205],[-118.99333,35.02248],[-118.99498,35.02457],[-118.99505,35.02466],[-118.99765,35.02522],[-119.00083,35.02589],[-119.00398,35.02656],[-119.00412,35.02659]]}},{"type":"Feature","properties":{"id":"308151","type":"AC; OVERHEAD","status":"IN SERVICE","owner":"VALLEY ELECTRIC ASSOCIATION COOPERATIVE","voltage":138,"voltClass":"100-161"},"geometry":{"type":"LineString","coordinates":[[-115.96878,36.1971],[-115.96914,36.19749],[-115.96903,36.20107],[-115.96843,36.21259],[-115.9722,36.22294],[-115.9813,36.24775],[-115.99141,36.27583],[-116.01063,36.31616],[-116.01073,36.31735]]}},{"type":"Feature","properties":{"id":"308168","type":"AC; OVERHEAD","status":"IN SERVICE","owner":"NEVADA POWER COMPANY","voltage":230,"voltClass":"220-287"},"geometry":{"type":"LineString","coordinates":[[-115.21346,36.00878],[-115.21486,36.00959],[-115.24332,36.00935],[-115.24397,36.00945],[-115.24272,36.05554],[-115.24373,36.05615],[-115.27906,36.05606],[-115.27919,36.08547],[-115.29319,36.08544],[-115.31559,36.08542],[-115.31508,36.10332],[-115.31501,36.11862],[-115.31532,36.11857],[-115.32194,36.11959],[-115.32641,36.12093],[-115.32932,36.12245],[-115.33269,36.12576],[-115.33435,36.12779],[-115.33525,36.12924],[-115.33642,36.13166],[-115.33687,36.13454],[-115.33692,36.13747],[-115.33794,36.15742],[-115.33841,36.1735],[-115.33907,36.17538],[-115.34009,36.17792],[-115.34192,36.18036],[-115.34329,36.18147],[-115.34344,36.1824],[-115.34449,36.18245]]}},{"type":"Feature","properties":{"id":"308175","type":"AC; OVERHEAD","status":"IN SERVICE","owner":"PACIFIC GAS & ELECTRIC COMPANY","voltage":230,"voltClass":"220-287"},"geometry":{"type":"LineString","coordinates":[[-119.91705,35.37899],[-119.87818,35.3768],[-119.80323,35.36889],[-119.73901,35.39025],[-119.69018,35.39394],[-119.63827,35.39394],[-119.45312,35.39636],[-119.45217,35.40387]]}},{"type":"Feature","properties":{"id":"308194","type":"AC; OVERHEAD","status":"IN SERVICE","owner":"AZUSA LIGHT & POWER","voltage":115,"voltClass":"100-161"},"geometry":{"type":"LineString","coordinates":[[-117.70408,35.01413],[-117.70402,35.02878],[-117.70158,35.03229]]}},{"type":"Feature","properties":{"id":"308199","type":"AC; OVERHEAD","status":"IN SERVICE","owner":"NEVADA POWER COMPANY","voltage":138,"voltClass":"100-161"},"geometry":{"type":"LineString","coordinates":[[-115.33006,36.33447],[-115.3285,36.33341],[-115.32889,36.3067],[-115.32862,36.26236],[-115.29772,36.24857],[-115.28861,36.24118],[-115.28904,36.24041]]}},{"type":"Feature","properties":{"id":"308247","type":"AC; OVERHEAD","status":"IN SERVICE","owner":"PACIFIC GAS & ELECTRIC COMPANY","voltage":115,"voltClass":"100-161"},"geometry":{"type":"LineString","coordinates":[[-119.76426,36.71958],[-119.76379,36.71894],[-119.76353,36.71835],[-119.76356,36.71772],[-119.76354,36.71643],[-119.76355,36.71397],[-119.74389,36.71402],[-119.73636,36.71405],[-119.73631,36.70843],[-119.73621,36.70713],[-119.73523,36.70716],[-119.71945,36.70782],[-119.71696,36.70787],[-119.71229,36.70773],[-119.69564,36.70763],[-119.67957,36.70756],[-119.6615,36.70763],[-119.65307,36.70758],[-119.64706,36.70755],[-119.64097,36.70734],[-119.63139,36.70696],[-119.62823,36.70684],[-119.62057,36.70677],[-119.61218,36.70669],[-119.61164,36.70712],[-119.61075,36.7073]]}},{"type":"Feature","properties":{"id":"308261","type":"AC; OVERHEAD","status":"IN SERVICE","owner":"PACIFIC GAS & ELECTRIC COMPANY","voltage":230,"voltClass":"220-287"},"geometry":{"type":"LineString","coordinates":[[-118.96377,37.03914],[-118.96399,37.03878],[-118.96703,37.03808],[-118.97273,37.03625],[-118.98054,37.03573],[-118.99054,37.03356],[-118.99199,37.03285],[-118.99406,37.03179],[-119.00112,37.02292],[-119.0083,37.0181],[-119.01794,37.01186],[-119.03222,37.0033],[-119.03394,37.00173],[-119.03538,37.00046],[-119.04114,36.99756],[-119.04346,36.9964],[-119.04789,36.99569],[-119.05633,36.9943],[-119.0652,36.99265],[-119.07915,36.98952],[-119.08571,36.98793],[-119.09016,36.98688],[-119.09714,36.98669],[-119.10082,36.9866],[-119.11195,36.98864],[-119.11641,36.98732],[-119.11927,36.9856],[-119.12678,36.98098],[-119.12891,36.97968],[-119.13142,36.97812],[-119.13408,36.97808],[-119.13792,36.97752],[-119.1405,36.97708],[-119.14224,36.97679],[-119.1434,36.9762],[-119.14525,36.97533],[-119.14762,36.97414],[-119.15697,36.96943],[-119.16175,36.96712],[-119.16261,36.96571],[-119.16521,36.96153],[-119.17181,36.95962],[-119.17657,36.95832],[-119.18816,36.9586],[-119.19278,36.95872],[-119.19523,36.95925],[-119.20421,36.96115],[-119.21423,36.96202],[-119.2173,36.96201],[-119.22075,36.96305],[-119.23797,36.96821],[-119.24528,36.96707],[-119.25509,36.96626],[-119.28023,36.9608],[-119.28803,36.9614],[-119.29614,36.9598],[-119.30036,36.95738],[-119.30215,36.95511],[-119.32801,36.94841],[-119.44728,36.94538],[-119.51703,36.93527],[-119.57869,36.94942],[-119.68281,36.94234],[-119.82231,36.94234],[-119.85971,36.92415],[-119.91227,36.91606],[-119.917,36.8533]]}},{"type":"Feature","properties":{"id":"308266","type":"AC; OVERHEAD","status":"IN SERVICE","owner":"SIERRA PACIFIC POWER COMPANY","voltage":345,"voltClass":"345"},"geometry":{"type":"LineString","coordinates":[[-119.5187,39.56312],[-119.51806,39.56539],[-119.507,39.58286],[-119.50594,39.58425],[-119.50122,39.58794],[-119.49928,39.58917],[-119.48456,39.59622],[-119.46484,39.60253],[-119.46186,39.60322],[-119.45695,39.60511],[-119.44542,39.60908],[-119.43589,39.61341],[-119.42689,39.61742],[-119.42203,39.6205],[-119.39841,39.65508],[-119.39422,39.65808],[-119.37497,39.66919],[-119.37006,39.67261],[-119.35736,39.68683],[-119.34905,39.69805],[-119.34622,39.7028],[-119.33783,39.70644],[-119.31811,39.71408],[-119.29836,39.72172],[-119.29119,39.72519],[-119.266,39.74203],[-119.26305,39.74358],[-119.26266,39.74586],[-119.2555,39.76178],[-119.24714,39.78006],[-119.24575,39.78311],[-119.236,39.80447],[-119.23383,39.80669],[-119.21716,39.82589],[-119.20625,39.83972],[-119.17069,39.86361],[-119.16356,39.86839],[-119.11208,39.89983],[-119.07681,39.92153],[-119.00144,39.96064],[-118.96406,39.97946],[-118.9141,40.00512],[-118.86657,40.03004],[-118.81492,40.05681],[-118.76525,40.08262],[-118.75992,40.08383],[-118.72988,40.09276],[-118.72581,40.09541],[-118.71922,40.09966],[-118.70674,40.10755],[-118.69129,40.11713],[-118.67636,40.12655],[-118.65621,40.13919],[-118.63507,40.15232],[-118.62417,40.15925],[-118.61965,40.16326],[-118.60627,40.17458],[-118.59671,40.18714],[-118.58434,40.20306],[-118.57533,40.21453],[-118.56882,40.21917],[-118.55316,40.22998],[-118.53659,40.24145],[-118.52474,40.24949],[-118.51794,40.2531],[-118.50178,40.25851],[-118.48263,40.2651],[-118.45948,40.27292],[-118.44145,40.27932],[-118.43756,40.28061],[-118.41131,40.28912],[-118.38994,40.29655],[-118.38433,40.29869],[-118.38015,40.30035],[-118.37591,40.30186],[-118.36633,40.30497],[-118.36176,40.30655],[-118.35199,40.30994],[-118.34281,40.31316],[-118.33234,40.31658],[-118.31172,40.32377],[-118.28271,40.33358],[-118.27867,40.33494],[-118.2725,40.3352],[-118.24924,40.33612],[-118.23161,40.33656],[-118.22283,40.33814],[-118.20844,40.34093],[-118.20682,40.34115],[-118.19817,40.33852],[-118.18799,40.33537],[-118.17809,40.3322],[-118.16973,40.32959],[-118.15549,40.33623],[-118.1451,40.34123],[-118.12404,40.35117],[-117.96772,40.42462],[-117.87567,40.46811],[-117.85312,40.4803],[-117.83184,40.49198],[-117.82163,40.49723],[-117.80981,40.5051],[-117.80832,40.50714],[-117.80098,40.51705],[-117.76214,40.57031],[-117.68379,40.6027],[-117.62082,40.62874],[-117.58079,40.64479],[-117.55389,40.65643],[-117.54157,40.65945],[-117.47214,40.66675],[-117.45019,40.66899],[-117.44575,40.67121],[-117.43231,40.67867],[-117.35434,40.72105],[-117.29121,40.75804],[-117.26367,40.77505],[-117.24033,40.78931],[-117.2289,40.7962],[-117.22957,40.8108],[-117.22951,40.82661],[-117.23005,40.84688],[-117.21365,40.84927],[-117.20599,40.8504],[-117.20305,40.85225],[-117.18409,40.86305],[-117.17648,40.8675],[-117.17192,40.87018],[-117.16864,40.87202],[-117.16491,40.87422],[-117.15932,40.87747],[-117.15394,40.879],[-117.15236,40.87856]]}},{"type":"Feature","properties":{"id":"308295","type":"AC; OVERHEAD","status":"IN SERVICE","owner":"PACIFIC GAS & ELECTRIC COMPANY","voltage":230,"voltClass":"220-287"},"geometry":{"type":"LineString","coordinates":[[-119.91705,35.37899],[-119.87842,35.37632],[-119.80323,35.36889],[-119.73822,35.38956],[-119.72228,35.39028],[-119.69042,35.39345],[-119.63867,35.39421],[-119.46279,35.39573],[-119.45217,35.40387]]}},{"type":"Feature","properties":{"id":"308381","type":"AC; OVERHEAD","status":"IN SERVICE","owner":"NEVADA POWER COMPANY","voltage":138,"voltClass":"100-161"},"geometry":{"type":"LineString","coordinates":[[-115.03128,36.03559],[-115.02961,36.03633],[-115.02937,36.03733],[-115.02927,36.04304],[-115.02885,36.0525],[-115.02872,36.05563],[-115.02957,36.05642],[-115.03623,36.05634],[-115.04165,36.0559],[-115.04177,36.05366],[-115.0425,36.0532]]}},{"type":"Feature","properties":{"id":"308426","type":"AC; OVERHEAD","status":"IN SERVICE","owner":"SIERRA PACIFIC POWER COMPANY","voltage":120,"voltClass":"100-161"},"geometry":{"type":"LineString","coordinates":[[-119.98592,38.87711],[-119.95428,38.89344],[-119.90538,38.90085],[-119.89593,38.91215],[-119.88987,38.91926],[-119.88571,38.92402],[-119.86372,38.93681],[-119.84753,38.93946],[-119.81994,38.93947],[-119.80704,38.93946],[-119.80704,38.9451],[-119.80706,38.94997],[-119.80698,38.95634],[-119.80702,38.97581],[-119.79537,38.97575],[-119.77815,38.97579],[-119.75813,38.97582],[-119.7299,38.97589],[-119.70991,38.97595],[-119.70775,38.97594],[-119.70632,38.97453],[-119.7091,38.96687],[-119.71027,38.96419],[-119.7102,38.96347]]}},{"type":"Feature","properties":{"id":"309139","type":"AC; OVERHEAD","status":"IN SERVICE","owner":"SIERRA PACIFIC POWER COMPANY","voltage":120,"voltClass":"100-161"},"geometry":{"type":"LineString","coordinates":[[-117.15236,40.87856],[-117.16426,40.92337],[-117.211,40.96394],[-117.26304,41.00187],[-117.36536,41.00716],[-117.3142,41.05215],[-117.25599,41.10066],[-117.24513,41.13002],[-117.24763,41.15655],[-117.22873,41.19028],[-117.18117,41.21664]]}},{"type":"Feature","properties":{"id":"309085","type":"AC; OVERHEAD","status":"IN SERVICE","owner":"NEVADA POWER COMPANY","voltage":500,"voltClass":"500"},"geometry":{"type":"LineString","coordinates":[[-114.90867,36.42904],[-114.91101,36.42687],[-114.91219,36.42621],[-114.88809,36.40323],[-114.88719,36.40172],[-114.8921,36.39227],[-114.91977,36.37913],[-114.92161,36.38188]]}},{"type":"Feature","properties":{"id":"309102","type":null,"status":"IN SERVICE","owner":"NEVADA POWER COMPANY","voltage":138,"voltClass":"100-161"},"geometry":{"type":"LineString","coordinates":[[-115.05078,36.20376],[-115.05315,36.20378],[-115.05676,36.2038],[-115.05968,36.20381],[-115.06062,36.20383],[-115.06108,36.20415],[-115.06131,36.2045]]}},{"type":"Feature","properties":{"id":"309117","type":"AC; OVERHEAD","status":"IN SERVICE","owner":"PACIFIC GAS & ELECTRIC COMPANY","voltage":115,"voltClass":"100-161"},"geometry":{"type":"LineString","coordinates":[[-119.80332,36.84987],[-119.80651,36.85018],[-119.81108,36.84975],[-119.81492,36.85192],[-119.82411,36.8607],[-119.84223,36.86285],[-119.8473,36.86275],[-119.85567,36.86164],[-119.89183,36.86166],[-119.89487,36.86138],[-119.9,36.85848],[-119.90187,36.85698],[-119.90667,36.85399],[-119.90904,36.85251],[-119.91129,36.85144],[-119.91439,36.85141],[-119.91547,36.84973],[-119.91633,36.8491],[-119.91708,36.84824],[-119.91797,36.84749],[-119.92,36.84445],[-119.92082,36.84333],[-119.9214,36.84342],[-119.922,36.84395],[-119.92218,36.84478]]}},{"type":"Feature","properties":{"id":"309135","type":"AC; OVERHEAD","status":"IN SERVICE","owner":null,"voltage":230,"voltClass":"220-287"},"geometry":{"type":"LineString","coordinates":[[-118.92193,35.36115],[-118.92128,35.35946],[-118.91061,35.34778],[-118.89634,35.33668],[-118.88997,35.33106],[-118.83429,35.26999],[-118.7224,35.10599],[-118.67856,35.05649],[-118.64037,35.03733],[-118.63288,35.03261],[-118.61978,35.02602],[-118.59999,35.01883],[-118.58469,35.01501],[-118.5673,35.00293],[-118.54317,34.99078],[-118.48911,34.9167],[-118.4332,34.848],[-118.30648,34.69229],[-118.3061,34.69176],[-118.30574,34.69128],[-118.30231,34.68728],[-118.30073,34.68797],[-118.29869,34.68641]]}},{"type":"Feature","properties":{"id":"309152","type":"AC; OVERHEAD","status":"IN SERVICE","owner":"NEVADA POWER COMPANY","voltage":230,"voltClass":"220-287"},"geometry":{"type":"LineString","coordinates":[[-115.1291,36.00256],[-115.12799,36.00264],[-115.1267,36.00262],[-115.09146,36.00239],[-115.09093,36.00296]]}},{"type":"Feature","properties":{"id":"309162","type":"AC; OVERHEAD","status":"IN SERVICE","owner":"PACIFIC GAS & ELECTRIC COMPANY","voltage":115,"voltClass":"100-161"},"geometry":{"type":"LineString","coordinates":[[-119.73968,35.44248],[-119.72602,35.42371]]}},{"type":"Feature","properties":{"id":"309172","type":"AC; OVERHEAD","status":"IN SERVICE","owner":"PACIFIC GAS & ELECTRIC COMPANY","voltage":115,"voltClass":"100-161"},"geometry":{"type":"LineString","coordinates":[[-119.09709,35.3794],[-119.09636,35.37873],[-119.0959,35.37707],[-119.09534,35.37642],[-119.09492,35.37594],[-119.09495,35.37348],[-119.09495,35.37103],[-119.09246,35.37104],[-119.0892,35.37103],[-119.08617,35.371],[-119.08295,35.371],[-119.07959,35.37098],[-119.07618,35.371],[-119.0731,35.37095],[-119.06967,35.37093],[-119.06637,35.37093],[-119.06304,35.37091],[-119.0597,35.37089],[-119.0565,35.3708],[-119.05209,35.3707],[-119.05042,35.37183],[-119.04925,35.37313],[-119.04607,35.37479],[-119.0459,35.375],[-119.04485,35.37624],[-119.04358,35.37773],[-119.04235,35.37919],[-119.04067,35.38047],[-119.03894,35.3818],[-119.03712,35.38314],[-119.03525,35.38476],[-119.03339,35.38624],[-119.03157,35.38824],[-119.03014,35.38985],[-119.02863,35.3916],[-119.02693,35.39355],[-119.02595,35.39594],[-119.02517,35.39757],[-119.02496,35.39843]]}},{"type":"Feature","properties":{"id":"309201","type":"AC; OVERHEAD","status":"IN SERVICE","owner":"PACIFIC GAS & ELECTRIC COMPANY","voltage":115,"voltClass":"100-161"},"geometry":{"type":"LineString","coordinates":[[-119.58093,36.53929],[-119.58069,36.53945]]}},{"type":"Feature","properties":{"id":"309238","type":"AC; OVERHEAD","status":"IN SERVICE","owner":"NEVADA POWER COMPANY","voltage":138,"voltClass":"100-161"},"geometry":{"type":"LineString","coordinates":[[-115.08635,36.03302],[-115.08495,36.03391],[-115.08331,36.03676],[-115.08248,36.03858],[-115.08221,36.04043],[-115.08245,36.05054],[-115.08258,36.05322],[-115.08449,36.05711],[-115.08498,36.05905],[-115.08487,36.06117],[-115.08426,36.06306],[-115.08254,36.06611],[-115.08234,36.06779],[-115.08223,36.06875],[-115.08149,36.06894]]}},{"type":"Feature","properties":{"id":"309259","type":"AC; OVERHEAD","status":"IN SERVICE","owner":"PACIFIC GAS & ELECTRIC COMPANY","voltage":115,"voltClass":"100-161"},"geometry":{"type":"LineString","coordinates":[[-119.12339,35.55625],[-119.12932,35.55855],[-119.12946,35.55863],[-119.13264,35.55991],[-119.13436,35.56059],[-119.13601,35.56126],[-119.13685,35.56162],[-119.13852,35.56227],[-119.13996,35.56284],[-119.14147,35.56344],[-119.14241,35.56397],[-119.14335,35.56412],[-119.14465,35.56452],[-119.14542,35.56484],[-119.14598,35.56526],[-119.14652,35.56564],[-119.14856,35.56628],[-119.14968,35.5667],[-119.15097,35.56726],[-119.15232,35.56779],[-119.15368,35.56835],[-119.15458,35.5687],[-119.15648,35.56945],[-119.15738,35.5698],[-119.15915,35.57052],[-119.16078,35.57117],[-119.16193,35.57163],[-119.16328,35.57217],[-119.16473,35.57274],[-119.16625,35.5731],[-119.16722,35.57375],[-119.16981,35.57478],[-119.17054,35.5755],[-119.17194,35.57687],[-119.17263,35.57757],[-119.17382,35.57875],[-119.17468,35.57959],[-119.17596,35.58085],[-119.17667,35.58154],[-119.17768,35.58253],[-119.17881,35.58365],[-119.17959,35.58443],[-119.18057,35.58538],[-119.1815,35.58627],[-119.18257,35.58735],[-119.18318,35.58794],[-119.18338,35.5886],[-119.1836,35.58925],[-119.18393,35.58982],[-119.18448,35.59085],[-119.18506,35.59186],[-119.18565,35.59287],[-119.18653,35.59359],[-119.18702,35.59429],[-119.18729,35.59522],[-119.18764,35.59617],[-119.18898,35.5971],[-119.18981,35.59782],[-119.19079,35.59892],[-119.19193,35.60002],[-119.19282,35.60095],[-119.19364,35.60179],[-119.19407,35.60206],[-119.19407,35.60206],[-119.19407,35.60206],[-119.19458,35.60213],[-119.19537,35.60243],[-119.19617,35.60272],[-119.1977,35.60329],[-119.19918,35.60383],[-119.20049,35.60432],[-119.20164,35.60474],[-119.2022,35.60495],[-119.20353,35.6051]]}},{"type":"Feature","properties":{"id":"309265","type":"AC; OVERHEAD","status":"IN SERVICE","owner":"SIERRA PACIFIC POWER COMPANY","voltage":120,"voltClass":"100-161"},"geometry":{"type":"LineString","coordinates":[[-117.23091,40.81964],[-117.22835,40.82156],[-117.22932,40.84537],[-117.20499,40.84965],[-117.15879,40.87638],[-117.15236,40.87856]]}},{"type":"Feature","properties":{"id":"309361","type":"AC; OVERHEAD","status":"IN SERVICE","owner":"PACIFIC GAS & ELECTRIC COMPANY","voltage":115,"voltClass":"100-161"},"geometry":{"type":"LineString","coordinates":[[-119.55261,37.09223],[-119.5553,37.09203],[-119.5843,37.09113],[-119.59119,37.09061],[-119.59856,37.09042],[-119.60082,37.09056],[-119.60396,37.09061],[-119.60569,37.09089],[-119.60806,37.09132],[-119.61757,37.09383],[-119.62684,37.09416],[-119.65637,37.09563],[-119.66873,37.09629],[-119.67438,37.09639],[-119.67628,37.09658],[-119.68192,37.0981],[-119.69465,37.09754],[-119.69496,37.09972],[-119.69323,37.10262],[-119.69063,37.10803],[-119.69074,37.11605],[-119.69124,37.13423],[-119.6916,37.15546],[-119.6898,37.17447],[-119.68995,37.19157],[-119.69178,37.19323],[-119.69118,37.20167],[-119.69045,37.20287],[-119.69085,37.20912],[-119.69111,37.24309],[-119.67766,37.24306],[-119.67727,37.2666],[-119.66629,37.27567],[-119.66669,37.27984],[-119.66433,37.28225],[-119.65644,37.28665],[-119.6553,37.28631],[-119.63603,37.28654],[-119.6363,37.3106],[-119.63567,37.32142],[-119.63435,37.3219]]}},{"type":"Feature","properties":{"id":"309345","type":"AC; OVERHEAD","status":"IN SERVICE","owner":null,"voltage":345,"voltClass":"345"},"geometry":{"type":"LineString","coordinates":[[-114.42061,42.83567],[-114.41955,42.8361],[-114.41803,42.83608],[-114.41793,42.83517],[-114.41424,42.83455],[-114.40213,42.83309],[-114.39548,42.82586],[-114.38099,42.80997],[-114.3716,42.79978],[-114.36435,42.79189],[-114.35668,42.78365],[-114.35031,42.77667],[-114.34661,42.77277],[-114.34191,42.76878],[-114.33032,42.75906],[-114.32238,42.75241],[-114.31944,42.74972],[-114.31643,42.74719],[-114.30234,42.73534],[-114.29424,42.72843],[-114.28195,42.71809],[-114.26751,42.70597],[-114.25305,42.69371],[-114.23726,42.68026],[-114.23268,42.67645],[-114.22994,42.66957],[-114.23004,42.65819],[-114.23007,42.65419],[-114.23096,42.64682],[-114.23231,42.63723],[-114.23246,42.63413],[-114.23981,42.63301],[-114.2399,42.62821],[-114.23987,42.615],[-114.23987,42.60837],[-114.23984,42.60205],[-114.23986,42.59584],[-114.23994,42.5864],[-114.23998,42.58038],[-114.24,42.57687],[-114.23992,42.57362],[-114.23993,42.56995],[-114.24001,42.56339],[-114.24,42.56019],[-114.23972,42.55581],[-114.23978,42.54956],[-114.23999,42.5431],[-114.23999,42.54062],[-114.24215,42.5385],[-114.24956,42.53136],[-114.24952,42.52201],[-114.2495,42.50696],[-114.24941,42.50026],[-114.24927,42.48662],[-114.2492,42.48073],[-114.24911,42.47511],[-114.24899,42.4724],[-114.24895,42.46375],[-114.24883,42.45028],[-114.24884,42.44101],[-114.24883,42.43485],[-114.24872,42.42443],[-114.24879,42.40709],[-114.26314,42.40707],[-114.28157,42.40706],[-114.28788,42.40986],[-114.30156,42.40997],[-114.30974,42.40999],[-114.31991,42.41005],[-114.3278,42.40948],[-114.33754,42.40883],[-114.3461,42.40824],[-114.35466,42.40765],[-114.3625,42.40712],[-114.38014,42.4059],[-114.39092,42.40514],[-114.39898,42.4046],[-114.40942,42.40391],[-114.42896,42.39594],[-114.44422,42.38968],[-114.45139,42.38677],[-114.45516,42.38517],[-114.46052,42.37641],[-114.46234,42.37329],[-114.46751,42.36428],[-114.4694,42.36117],[-114.47141,42.35794],[-114.47613,42.3541],[-114.48248,42.34875],[-114.48696,42.34505],[-114.4924,42.33834],[-114.49705,42.33257],[-114.50257,42.32575],[-114.50681,42.32007],[-114.51548,42.30856],[-114.51779,42.30533],[-114.52027,42.30202],[-114.52472,42.29593],[-114.52925,42.28983],[-114.53302,42.28479],[-114.53552,42.28146],[-114.53539,42.27788],[-114.53537,42.26342],[-114.53536,42.25589],[-114.5354,42.2489],[-114.53534,42.23505],[-114.53546,42.22204],[-114.53551,42.21925],[-114.54576,42.21273],[-114.56448,42.20103],[-114.58163,42.19035],[-114.60466,42.17593],[-114.62125,42.16549],[-114.63417,42.15741],[-114.63804,42.15308],[-114.64938,42.14047],[-114.66001,42.12852],[-114.66981,42.11762],[-114.6746,42.11228],[-114.69248,42.08994],[-114.70088,42.07945],[-114.70418,42.07532],[-114.70392,42.06603],[-114.70349,42.05444],[-114.70301,42.04112],[-114.70251,42.02816],[-114.70201,42.0141],[-114.70164,42.00335],[-114.70162,41.99651],[-114.69704,41.98893],[-114.69113,41.97877],[-114.69902,41.9643],[-114.70228,41.95852],[-114.7093,41.94605],[-114.70964,41.94266],[-114.711,41.93013],[-114.7122,41.91829],[-114.71372,41.90383],[-114.71498,41.89119],[-114.71634,41.87772],[-114.71799,41.86248],[-114.72691,41.83807],[-114.73177,41.82497],[-114.73714,41.81029],[-114.73714,41.79518],[-114.73718,41.78157],[-114.73713,41.77417],[-114.74173,41.76789],[-114.74717,41.76075],[-114.75197,41.7544],[-114.75813,41.74619],[-114.76339,41.73928],[-114.76962,41.73101],[-114.77677,41.72155],[-114.77676,41.70067],[-114.77681,41.69406],[-114.77687,41.68766],[-114.77694,41.67886],[-114.77701,41.67094],[-114.77701,41.66191],[-114.777,41.65317],[-114.77706,41.64857],[-114.77701,41.63834],[-114.77712,41.63127],[-114.77715,41.62188],[-114.7852,41.61134],[-114.78937,41.60584],[-114.79529,41.59805],[-114.80163,41.58974],[-114.80579,41.58432],[-114.81343,41.57518],[-114.81855,41.56906],[-114.82337,41.56328],[-114.83069,41.55455],[-114.83531,41.54907],[-114.8448,41.5379],[-114.85188,41.52941],[-114.85894,41.52107],[-114.86466,41.51433],[-114.87165,41.50605],[-114.87866,41.49769],[-114.88507,41.48996],[-114.89148,41.48213],[-114.89617,41.47657],[-114.90037,41.47296],[-114.90746,41.4669],[-114.91878,41.45729],[-114.92891,41.44873],[-114.93673,41.44203],[-114.9417,41.43774],[-114.95017,41.43221],[-114.95842,41.42682],[-114.96412,41.42292],[-114.98493,41.40947],[-114.99724,41.40143],[-115.0038,41.39623],[-115.01322,41.38861],[-115.02427,41.37976],[-115.03346,41.37235],[-115.04321,41.36417],[-115.05398,41.35531],[-115.06281,41.34731],[-115.07066,41.34026],[-115.07971,41.33196],[-115.09577,41.31722],[-115.10126,41.31239],[-115.11005,41.30439],[-115.12606,41.28962],[-115.14497,41.27246],[-115.15042,41.26753],[-115.15298,41.26513],[-115.19707,41.25458],[-115.21838,41.24948],[-115.24795,41.24231],[-115.27443,41.23593],[-115.30339,41.22893],[-115.31161,41.22757],[-115.35712,41.22354],[-115.37747,41.22169],[-115.40456,41.2315],[-115.43071,41.24098],[-115.45644,41.25027],[-115.4847,41.26055],[-115.50135,41.26651],[-115.53612,41.2635],[-115.56166,41.26133],[-115.58163,41.25952],[-115.61077,41.25702],[-115.63752,41.25461],[-115.66689,41.25204],[-115.69077,41.24997],[-115.72349,41.24714],[-115.74606,41.24498],[-115.76808,41.24295],[-115.7917,41.24074],[-115.82046,41.23812],[-115.84586,41.23582],[-115.87357,41.23349],[-115.8989,41.23118],[-115.93287,41.22837],[-115.93722,41.22799],[-115.93999,41.22775],[-115.93992,41.22726]]}},{"type":"Feature","properties":{"id":"309476","type":"AC; OVERHEAD","status":"IN SERVICE","owner":"NEVADA POWER COMPANY","voltage":230,"voltClass":"220-287"},"geometry":{"type":"LineString","coordinates":[[-115.33006,36.33447],[-115.32947,36.33576],[-115.32839,36.33586],[-115.31437,36.33596],[-115.29393,36.33591],[-115.28719,36.33582],[-115.26157,36.33559],[-115.22968,36.33531],[-115.20735,36.33509],[-115.2071,36.32328],[-115.20731,36.32301],[-115.20829,36.32258]]}},{"type":"Feature","properties":{"id":"309505","type":"AC; OVERHEAD","status":"IN SERVICE","owner":"NEVADA POWER COMPANY","voltage":230,"voltClass":"220-287"},"geometry":{"type":"LineString","coordinates":[[-115.03128,36.03559],[-115.02942,36.03458],[-115.02951,36.02679],[-115.02216,36.02671],[-115.01336,36.02247],[-115.00613,36.01882],[-115.00207,36.01518],[-115.00054,36.01407],[-115.00077,36.01024],[-114.99713,36.00118],[-114.99494,35.99573],[-114.99519,35.99369],[-115.0003,35.98174],[-115.00059,35.97644],[-115.00146,35.96167],[-114.99979,35.95212],[-115.00262,35.95064],[-115.00249,35.94962],[-114.99817,35.94268],[-114.99737,35.94059],[-114.99741,35.92689],[-114.99768,35.87904],[-114.99888,35.87092],[-115.00124,35.85458],[-115.00505,35.82827],[-115.00729,35.81293],[-115.00788,35.80957],[-115.01083,35.80806],[-115.013,35.80392]]}},{"type":"Feature","properties":{"id":"309550","type":"AC; OVERHEAD","status":"IN SERVICE","owner":"SIERRA PACIFIC POWER COMPANY","voltage":120,"voltClass":"100-161"},"geometry":{"type":"LineString","coordinates":[[-117.45936,38.13121],[-117.45701,38.12846],[-117.4003,38.11325],[-117.30689,38.08683],[-117.29656,38.08421],[-117.24549,38.06972],[-117.24388,38.06951],[-117.24268,38.06926]]}},{"type":"Feature","properties":{"id":"309566","type":"AC; OVERHEAD","status":"IN SERVICE","owner":null,"voltage":230,"voltClass":"220-287"},"geometry":{"type":"LineString","coordinates":[[-114.74302,36.01836],[-114.75417,36.01525],[-114.76138,36.01261],[-114.77114,36.00967],[-114.78041,36.00684],[-114.78521,36.00514],[-114.78703,36.00376],[-114.78902,35.99766],[-114.80003,35.97018],[-114.81445,35.94325],[-114.81991,35.93201],[-114.8274,35.92979],[-114.83474,35.92781]]}},{"type":"Feature","properties":{"id":"312751","type":"AC; OVERHEAD","status":"IN SERVICE","owner":"NEVADA POWER COMPANY","voltage":230,"voltClass":"220-287"},"geometry":{"type":"LineString","coordinates":[[-115.09636,36.27466],[-115.09642,36.27624],[-115.09818,36.27643],[-115.10468,36.27639],[-115.11657,36.27629],[-115.12806,36.27626],[-115.13989,36.27631],[-115.16155,36.27666],[-115.17234,36.27679],[-115.18377,36.27624],[-115.18883,36.27598],[-115.19513,36.2761],[-115.19734,36.27611],[-115.20042,36.27631],[-115.20605,36.27642],[-115.20652,36.27713],[-115.20668,36.28913],[-115.20712,36.30525],[-115.20711,36.31568],[-115.20714,36.32153],[-115.20829,36.32258]]}},{"type":"Feature","properties":{"id":"312735","type":"AC; OVERHEAD","status":"IN SERVICE","owner":"PACIFIC GAS & ELECTRIC COMPANY","voltage":115,"voltClass":"100-161"},"geometry":{"type":"LineString","coordinates":[[-119.43757,35.6008],[-119.4378,35.60159],[-119.43693,35.60156],[-119.4358,35.60154],[-119.43467,35.60154],[-119.43362,35.60154],[-119.43252,35.60154],[-119.43143,35.60153],[-119.43034,35.60153],[-119.42941,35.60152],[-119.42821,35.60152],[-119.42703,35.60152],[-119.42584,35.60153],[-119.42466,35.60153],[-119.42354,35.60154],[-119.42241,35.60154],[-119.4213,35.60154],[-119.42035,35.60155],[-119.41913,35.60155],[-119.41791,35.60157],[-119.41687,35.60158],[-119.41576,35.60157],[-119.41467,35.60157],[-119.41356,35.60157],[-119.41147,35.60158],[-119.41041,35.60161],[-119.40931,35.60162],[-119.40818,35.60162],[-119.40712,35.60163],[-119.40593,35.60164],[-119.40482,35.60164],[-119.40397,35.60164],[-119.40304,35.60164],[-119.40264,35.60163],[-119.40209,35.60162],[-119.40126,35.60162],[-119.40035,35.60162],[-119.39919,35.60162],[-119.39801,35.60162],[-119.3969,35.60163],[-119.39584,35.6017],[-119.39476,35.60163],[-119.39371,35.60163],[-119.39261,35.60162],[-119.3915,35.60162],[-119.3904,35.60162],[-119.38931,35.60162],[-119.38815,35.60162],[-119.38703,35.60163],[-119.38592,35.60162],[-119.38484,35.60135],[-119.38371,35.60135],[-119.38273,35.60135],[-119.3815,35.60135],[-119.38027,35.60135],[-119.37921,35.60136],[-119.37814,35.60136],[-119.37705,35.60135],[-119.37594,35.60135],[-119.37485,35.60135],[-119.37369,35.60135],[-119.37252,35.60135],[-119.37138,35.60135],[-119.37027,35.60135],[-119.36919,35.60135],[-119.36838,35.60136],[-119.36756,35.60136],[-119.36706,35.6016],[-119.36588,35.6016],[-119.36486,35.6016],[-119.36374,35.6016],[-119.3626,35.6016],[-119.36144,35.60161],[-119.36033,35.60161],[-119.35924,35.60162],[-119.35813,35.60161],[-119.35705,35.60162],[-119.35589,35.60162],[-119.35485,35.60162],[-119.35365,35.60164],[-119.35257,35.60163],[-119.35162,35.60168],[-119.35084,35.60168],[-119.34992,35.60166],[-119.34942,35.60168],[-119.3482,35.60167],[-119.34705,35.60167],[-119.34601,35.60167],[-119.34483,35.60162],[-119.34372,35.60163],[-119.34264,35.60162],[-119.3415,35.60163],[-119.34041,35.60163],[-119.33938,35.60163],[-119.33821,35.60162],[-119.33713,35.60163],[-119.336,35.60162],[-119.33534,35.60162],[-119.33467,35.60162],[-119.33397,35.60162],[-119.33301,35.60162],[-119.33186,35.60164],[-119.3313,35.60164],[-119.33014,35.60162],[-119.32924,35.60162],[-119.32827,35.60162],[-119.32718,35.60162],[-119.32617,35.60195]]}},{"type":"Feature","properties":{"id":"312737","type":"AC; OVERHEAD","status":"IN SERVICE","owner":"NEVADA POWER COMPANY","voltage":500,"voltClass":"500"},"geometry":{"type":"LineString","coordinates":[[-114.9591,36.41593],[-114.95876,36.41404],[-114.95123,36.41746],[-114.9446,36.41721],[-114.93479,36.41705],[-114.92516,36.41718],[-114.92295,36.41888],[-114.91156,36.42753],[-114.90867,36.42904]]}},{"type":"Feature","properties":{"id":"312754","type":"AC; OVERHEAD","status":"IN SERVICE","owner":"PACIFIC GAS & ELECTRIC COMPANY","voltage":115,"voltClass":"100-161"},"geometry":{"type":"LineString","coordinates":[[-119.58092,36.53872],[-119.58093,36.53929]]}},{"type":"Feature","properties":{"id":"312755","type":"AC; OVERHEAD","status":"IN SERVICE","owner":null,"voltage":120,"voltClass":"100-161"},"geometry":{"type":"LineString","coordinates":[[-115.7995,40.85338],[-115.80183,40.85347],[-115.80958,40.85355],[-115.82415,40.85665],[-115.83247,40.85846],[-115.8339,40.85977],[-115.84141,40.86686],[-115.8504,40.87526],[-115.85315,40.87788],[-115.85375,40.87815]]}},{"type":"Feature","properties":{"id":"312756","type":"AC; OVERHEAD","status":"IN SERVICE","owner":null,"voltage":120,"voltClass":"100-161"},"geometry":{"type":"LineString","coordinates":[[-116.3353,40.96815],[-116.33484,40.96835],[-116.33239,40.96826],[-116.33235,40.96964],[-116.33239,40.98001],[-116.34054,40.99778],[-116.34044,41.00146],[-116.341,41.00609],[-116.34237,41.00856],[-116.34488,41.01316],[-116.35026,41.01335],[-116.35826,41.02412],[-116.36124,41.02823],[-116.36704,41.02958],[-116.38315,41.03318],[-116.39198,41.03518],[-116.40286,41.04904],[-116.41128,41.05991],[-116.4099,41.0648],[-116.4076,41.07287],[-116.42206,41.09261],[-116.42344,41.09467]]}},{"type":"Feature","properties":{"id":"312811","type":"AC; OVERHEAD","status":"IN SERVICE","owner":"NEVADA POWER COMPANY","voltage":230,"voltClass":"220-287"},"geometry":{"type":"LineString","coordinates":[[-114.96909,36.0223],[-114.96738,36.02113],[-114.95913,36.01808],[-114.93518,35.99715],[-114.91787,35.98173],[-114.91558,35.97764],[-114.9141,35.97307],[-114.91377,35.96833],[-114.91319,35.96566],[-114.91232,35.9586],[-114.9118,35.95049],[-114.91202,35.94738],[-114.91548,35.93244],[-114.91341,35.93123],[-114.90162,35.93124],[-114.88843,35.93126],[-114.87746,35.9313],[-114.85634,35.92829],[-114.8538,35.92752],[-114.8426,35.92584],[-114.83851,35.92585],[-114.8367,35.92601],[-114.83474,35.92781]]}},{"type":"Feature","properties":{"id":"312899","type":"AC; OVERHEAD","status":"IN SERVICE","owner":"SIERRA PACIFIC POWER COMPANY","voltage":120,"voltClass":"100-161"},"geometry":{"type":"LineString","coordinates":[[-117.45936,38.13121],[-117.46087,38.12972],[-117.47511,38.12864],[-117.47276,38.13932],[-117.54895,38.19656],[-117.58108,38.22063],[-117.60544,38.23937],[-117.62944,38.25681],[-117.7404,38.26563],[-117.90095,38.27869],[-117.94025,38.28178],[-117.96306,38.27819],[-117.99983,38.27219],[-118.01212,38.27013],[-118.0134,38.27259],[-118.01593,38.27725],[-118.01736,38.27981],[-118.01967,38.2835]]}},{"type":"Feature","properties":{"id":"312895","type":"AC; OVERHEAD","status":"IN SERVICE","owner":"NEVADA POWER COMPANY","voltage":138,"voltClass":"100-161"},"geometry":{"type":"LineString","coordinates":[[-115.21356,36.11403],[-115.21444,36.11481],[-115.22455,36.11428],[-115.2406,36.11429],[-115.25644,36.11446],[-115.27157,36.11452],[-115.27572,36.11462],[-115.27627,36.11545]]}},{"type":"Feature","properties":{"id":"312903","type":"AC; OVERHEAD","status":"IN SERVICE","owner":"PACIFIC GAS & ELECTRIC COMPANY","voltage":230,"voltClass":"220-287"},"geometry":{"type":"LineString","coordinates":[[-119.89612,36.44522],[-119.89625,36.47448],[-119.88742,36.47451],[-119.8875,36.48889],[-119.88159,36.48891],[-119.88151,36.50783],[-119.88138,36.53185],[-119.88168,36.53212]]}},{"type":"Feature","properties":{"id":"312924","type":"AC; OVERHEAD","status":"IN SERVICE","owner":"NEVADA POWER COMPANY","voltage":138,"voltClass":"100-161"},"geometry":{"type":"LineString","coordinates":[[-115.68249,36.57977],[-115.68224,36.57926],[-115.68056,36.56458],[-115.68318,36.56451],[-115.69897,36.56333],[-115.80776,36.55513],[-115.87649,36.56234],[-115.94941,36.58391],[-115.95779,36.58603],[-115.99856,36.634],[-116.00389,36.63965],[-116.00218,36.64619],[-116.00446,36.64685]]}},{"type":"Feature","properties":{"id":"312969","type":"AC; OVERHEAD","status":"IN SERVICE","owner":null,"voltage":230,"voltClass":"220-287"},"geometry":{"type":"LineString","coordinates":[[-118.05513,35.23693],[-118.05656,35.23528],[-118.06433,35.22099],[-118.19843,35.08747],[-118.22061,35.00761],[-118.26022,34.94747],[-118.28779,34.90566],[-118.31339,34.86666],[-118.32018,34.85633],[-118.33711,34.83015],[-118.34338,34.81915],[-118.34288,34.79233],[-118.34196,34.74134],[-118.35966,34.67773],[-118.36544,34.66624],[-118.37369,34.65391],[-118.38308,34.63995],[-118.39911,34.63164],[-118.41342,34.62466],[-118.44457,34.60899],[-118.44541,34.60691],[-118.45017,34.59471],[-118.45028,34.59198],[-118.45552,34.56718],[-118.46973,34.55554],[-118.48411,34.54955],[-118.48908,34.54708],[-118.49682,34.54022],[-118.50356,34.53316],[-118.5106,34.52662],[-118.51469,34.52062],[-118.51822,34.51542],[-118.51732,34.49899],[-118.51718,34.49639],[-118.51632,34.49343],[-118.5158,34.49151],[-118.51421,34.48733],[-118.50868,34.48062],[-118.50728,34.47586],[-118.50751,34.47352],[-118.50646,34.46932],[-118.50827,34.46088],[-118.50993,34.45281],[-118.50812,34.44466],[-118.50474,34.4315],[-118.50159,34.41934],[-118.49958,34.39838],[-118.49766,34.38004],[-118.49665,34.36914],[-118.49568,34.35919],[-118.49194,34.34041],[-118.48925,34.32762],[-118.48729,34.32486],[-118.47979,34.31422],[-118.48073,34.31287],[-118.48779,34.31408],[-118.49006,34.31349],[-118.49147,34.31267],[-118.4932,34.31461],[-118.49484,34.30886],[-118.49494,34.30455],[-118.48949,34.29682],[-118.48565,34.29058],[-118.4819,34.28595],[-118.48211,34.28382],[-118.47908,34.28001],[-118.4783,34.28059]]}},{"type":"Feature","properties":{"id":"312977","type":"AC; OVERHEAD","status":"IN SERVICE","owner":null,"voltage":120,"voltClass":"100-161"},"geometry":{"type":"LineString","coordinates":[[-115.93992,41.22726],[-115.94072,41.22772],[-115.94345,41.22807],[-115.94589,41.23214],[-115.94976,41.23865],[-115.94828,41.24221],[-115.94099,41.25942],[-115.93791,41.26683],[-115.93203,41.27196],[-115.92225,41.28066],[-115.91645,41.28579],[-115.91649,41.29148],[-115.91679,41.30546],[-115.91071,41.30553],[-115.9021,41.30553],[-115.90219,41.32736],[-115.90222,41.34575],[-115.90219,41.36337],[-115.90229,41.38457],[-115.90376,41.38799],[-115.9077,41.39846],[-115.90984,41.40328],[-115.90433,41.40712],[-115.90402,41.40765]]}},{"type":"Feature","properties":{"id":"312982","type":"AC; OVERHEAD","status":"IN SERVICE","owner":"NEVADA POWER COMPANY","voltage":500,"voltClass":"500"},"geometry":{"type":"LineString","coordinates":[[-114.83474,35.92781],[-114.8385,35.92614],[-114.84261,35.9261],[-114.85699,35.92793],[-114.85966,35.92832],[-114.87753,35.93085],[-114.89582,35.93081],[-114.90707,35.93083],[-114.91597,35.93084],[-114.91656,35.93119],[-114.91808,35.93357],[-114.94426,35.92643],[-114.9482,35.92636],[-114.95097,35.92599],[-114.95332,35.9278],[-114.96436,35.93374],[-114.9682,35.93583],[-114.96998,35.93879],[-114.97415,35.94562],[-114.96769,35.95454],[-114.94875,35.96164],[-114.94082,35.97176],[-114.91823,35.98473],[-114.91172,35.98854],[-114.9117,35.99435],[-114.91285,35.99962],[-114.91253,36.00133],[-114.91233,36.00319],[-114.91473,36.01665],[-114.91705,36.02822],[-114.93667,36.0543],[-114.93694,36.06498],[-114.93711,36.0737],[-114.93723,36.07939],[-114.93736,36.08513],[-114.93765,36.08685],[-114.93944,36.08814],[-114.93954,36.09207],[-114.93986,36.09933],[-114.94031,36.10334],[-114.94547,36.12002],[-114.94526,36.14203],[-114.94522,36.14497],[-114.94484,36.14991],[-114.94405,36.15156],[-114.93088,36.16125],[-114.91395,36.19227],[-114.89744,36.22218],[-114.89596,36.22499],[-114.88006,36.26075],[-114.86246,36.30027],[-114.85053,36.32707],[-114.84172,36.34185],[-114.84016,36.34517],[-114.82721,36.37306],[-114.82613,36.37531],[-114.82633,36.37843],[-114.83936,36.38676],[-114.85202,36.39452],[-114.86029,36.4006],[-114.8721,36.40388],[-114.87586,36.40451],[-114.8838,36.40602],[-114.88764,36.40969],[-114.89518,36.41688],[-114.89852,36.41999],[-114.90105,36.42513],[-114.90641,36.43004],[-114.90867,36.42904]]}},{"type":"Feature","properties":{"id":"313024","type":"AC; OVERHEAD","status":"IN SERVICE","owner":"PACIFIC GAS & ELECTRIC COMPANY","voltage":115,"voltClass":"100-161"},"geometry":{"type":"LineString","coordinates":[[-119.53437,37.07097],[-119.53265,37.07395],[-119.53165,37.07573],[-119.53094,37.07698],[-119.53011,37.07846],[-119.52918,37.08009],[-119.52835,37.08153],[-119.52667,37.0845],[-119.52607,37.08557],[-119.52477,37.08786],[-119.52374,37.08967],[-119.52265,37.09175],[-119.52265,37.09175],[-119.52055,37.09519],[-119.51998,37.09625],[-119.51746,37.10066],[-119.5171,37.1012],[-119.51636,37.10255],[-119.51484,37.10534],[-119.51142,37.11143],[-119.5109,37.11235],[-119.50722,37.11887],[-119.5063,37.12055],[-119.50623,37.12164],[-119.50615,37.12388],[-119.50607,37.12578],[-119.50597,37.12749],[-119.50591,37.1292],[-119.50586,37.13008],[-119.50579,37.13126],[-119.50571,37.13346],[-119.50559,37.13576],[-119.50555,37.1371],[-119.50537,37.1398],[-119.50527,37.14197],[-119.50555,37.14461],[-119.50582,37.14699],[-119.50528,37.14929],[-119.50449,37.15133]]}},{"type":"Feature","properties":{"id":"313071","type":"AC; OVERHEAD","status":"IN SERVICE","owner":"PACIFIC GAS & ELECTRIC COMPANY","voltage":230,"voltClass":"220-287"},"geometry":{"type":"LineString","coordinates":[[-118.84294,34.93535],[-118.84393,34.9382],[-118.88658,35.08615],[-118.92292,35.20798],[-118.92281,35.35918],[-118.92193,35.36115]]}},{"type":"Feature","properties":{"id":"313088","type":"AC; OVERHEAD","status":"IN SERVICE","owner":"AZUSA LIGHT & POWER","voltage":115,"voltClass":"100-161"},"geometry":{"type":"LineString","coordinates":[[-117.79584,35.65257],[-117.79602,35.65214],[-117.79602,35.65184],[-117.79571,35.65146],[-117.79472,35.65024],[-117.79426,35.64848],[-117.79359,35.64674],[-117.79295,35.64501],[-117.79234,35.64328],[-117.79168,35.64154],[-117.79079,35.63916],[-117.79039,35.63808],[-117.78974,35.63634],[-117.78909,35.63461],[-117.78845,35.63288],[-117.7878,35.63114],[-117.78716,35.62941],[-117.7865,35.62768],[-117.78585,35.62593],[-117.78524,35.6243],[-117.78463,35.62269],[-117.78423,35.62123],[-117.78358,35.61949],[-117.78293,35.61775],[-117.78228,35.61601],[-117.78165,35.6143],[-117.78099,35.61255],[-117.78035,35.61081],[-117.7797,35.60909],[-117.77901,35.60724],[-117.77836,35.60549],[-117.77772,35.60376],[-117.77707,35.60203],[-117.77643,35.60031],[-117.77578,35.59856],[-117.77513,35.59684],[-117.77449,35.5951],[-117.77386,35.59344],[-117.77165,35.59341],[-117.76942,35.59341],[-117.76722,35.5934],[-117.765,35.5934],[-117.76277,35.59339],[-117.76048,35.59339],[-117.75828,35.59339],[-117.75606,35.59339],[-117.75383,35.59339],[-117.75161,35.5934],[-117.7494,35.59341],[-117.74717,35.59341],[-117.74495,35.59341],[-117.74274,35.59342],[-117.74051,35.59341],[-117.7383,35.5934],[-117.73609,35.59339],[-117.73386,35.59338],[-117.73164,35.59336],[-117.72942,35.59334],[-117.72719,35.59333],[-117.72505,35.59332],[-117.72282,35.59331],[-117.72066,35.5933],[-117.71851,35.59329],[-117.71636,35.59329],[-117.71421,35.59329],[-117.71191,35.59327],[-117.70963,35.59327],[-117.70808,35.59326],[-117.70554,35.59326],[-117.70298,35.59327],[-117.70077,35.59328],[-117.69855,35.5933],[-117.69631,35.59331],[-117.69412,35.59331],[-117.69191,35.5933],[-117.68967,35.59328],[-117.68746,35.59328],[-117.68521,35.5933],[-117.68299,35.59331],[-117.68077,35.59333],[-117.67855,35.59335],[-117.67633,35.59336],[-117.6741,35.59338],[-117.6719,35.5934],[-117.66969,35.5934],[-117.6676,35.59336],[-117.66551,35.59333],[-117.6634,35.5933],[-117.66134,35.59327],[-117.65927,35.59325],[-117.65719,35.59322],[-117.65515,35.5932],[-117.65312,35.59317],[-117.65087,35.59318],[-117.64863,35.5932],[-117.64631,35.59321],[-117.64406,35.59324],[-117.64183,35.59325],[-117.63959,35.59327],[-117.63734,35.59329],[-117.6351,35.5933],[-117.63285,35.59331],[-117.63064,35.59331],[-117.62841,35.59331],[-117.62616,35.59331],[-117.62391,35.5933],[-117.62163,35.5933],[-117.61943,35.5933],[-117.61718,35.59329],[-117.61496,35.59329],[-117.61284,35.59393],[-117.61077,35.59457],[-117.6087,35.59522],[-117.60667,35.59588],[-117.60454,35.59653],[-117.60245,35.59718],[-117.60039,35.59783],[-117.59828,35.59847],[-117.5962,35.59912],[-117.59412,35.59976],[-117.59203,35.6004],[-117.58995,35.60104],[-117.58787,35.60168],[-117.5858,35.60234],[-117.58373,35.60298],[-117.58163,35.60362],[-117.57957,35.60426],[-117.57747,35.6049],[-117.57335,35.60618],[-117.57123,35.60683],[-117.56911,35.6075],[-117.56731,35.60812],[-117.56508,35.6087],[-117.56352,35.60926],[-117.56158,35.60983],[-117.55975,35.61038],[-117.55868,35.6107],[-117.55715,35.61118],[-117.55554,35.61168],[-117.55338,35.61234],[-117.55125,35.61301],[-117.54912,35.61367],[-117.54698,35.61429],[-117.54492,35.61494],[-117.54286,35.61559],[-117.54079,35.61623],[-117.53869,35.61686],[-117.53663,35.61751],[-117.53455,35.61815],[-117.53246,35.61879],[-117.53041,35.61944],[-117.52833,35.62007],[-117.52626,35.62072],[-117.5242,35.62135],[-117.52211,35.62199],[-117.52005,35.62263],[-117.51797,35.62327],[-117.51589,35.62391],[-117.51374,35.62456],[-117.51185,35.62517],[-117.50984,35.62578],[-117.50787,35.62662],[-117.50592,35.62746],[-117.50393,35.6283],[-117.50198,35.62916],[-117.50004,35.63],[-117.49806,35.63084],[-117.49608,35.63169],[-117.49414,35.63254],[-117.49217,35.63338],[-117.4902,35.63422],[-117.48824,35.63506],[-117.48625,35.63591],[-117.48434,35.63673],[-117.48233,35.63757],[-117.4803,35.63846],[-117.47847,35.63927],[-117.47649,35.6401],[-117.47452,35.64094],[-117.4726,35.64176],[-117.47093,35.64248],[-117.46894,35.64334],[-117.46696,35.64419],[-117.46497,35.64504],[-117.46326,35.64577],[-117.46126,35.64664],[-117.45969,35.64729],[-117.45792,35.64805],[-117.45596,35.6489],[-117.45429,35.65012],[-117.45258,35.65137],[-117.45086,35.65261],[-117.44907,35.6539],[-117.44753,35.65522],[-117.44585,35.65646],[-117.44518,35.65673],[-117.44333,35.65733],[-117.44162,35.6579],[-117.44003,35.65851],[-117.43847,35.65911],[-117.43693,35.65973],[-117.43306,35.66157],[-117.43153,35.66229],[-117.43051,35.66272],[-117.42854,35.66373],[-117.42655,35.66526],[-117.42516,35.66586],[-117.42378,35.66644],[-117.42184,35.66733],[-117.41992,35.6682],[-117.41796,35.66909],[-117.41603,35.66998],[-117.41216,35.67174],[-117.41019,35.67263],[-117.40827,35.6735],[-117.40633,35.6744],[-117.40437,35.67528],[-117.40046,35.67704],[-117.39844,35.67796],[-117.39647,35.67886],[-117.39451,35.67978],[-117.3941,35.68143],[-117.39368,35.68324],[-117.39326,35.685],[-117.39287,35.68679],[-117.3925,35.68848],[-117.39218,35.68991],[-117.39181,35.69152],[-117.39088,35.69279],[-117.38988,35.69393],[-117.39148,35.69494],[-117.39306,35.69597],[-117.39464,35.69697],[-117.39614,35.69796],[-117.39741,35.69877],[-117.39788,35.69908],[-117.39862,35.69954],[-117.39871,35.69963],[-117.39878,35.70004]]}},{"type":"Feature","properties":{"id":"313097","type":"AC; OVERHEAD","status":"IN SERVICE","owner":"NEVADA POWER COMPANY","voltage":230,"voltClass":"220-287"},"geometry":{"type":"LineString","coordinates":[[-114.91838,36.02206],[-114.91583,36.01959],[-114.91315,36.02002],[-114.8942,36.01896],[-114.88024,36.01748],[-114.86128,36.0131],[-114.85486,36.01578],[-114.81743,36.01766],[-114.81337,36.02241],[-114.8092,36.02808],[-114.8095,36.03529],[-114.81652,36.04265],[-114.82397,36.04848],[-114.82591,36.04999],[-114.82641,36.05184],[-114.82707,36.05412],[-114.82954,36.05695],[-114.82983,36.06066],[-114.83008,36.06397],[-114.83128,36.06445]]}},{"type":"Feature","properties":{"id":"313141","type":"AC; OVERHEAD","status":"IN SERVICE","owner":"PACIFIC GAS & ELECTRIC COMPANY","voltage":115,"voltClass":"100-161"},"geometry":{"type":"LineString","coordinates":[[-119.76841,36.8239],[-119.7685,36.82443],[-119.76758,36.82471],[-119.76732,36.83435],[-119.76951,36.83621],[-119.76965,36.85071],[-119.78122,36.85044],[-119.80278,36.85022],[-119.80315,36.85022],[-119.80337,36.85023],[-119.80534,36.85075],[-119.81086,36.85017],[-119.81419,36.85223],[-119.82365,36.86117],[-119.84206,36.86333],[-119.84866,36.86353],[-119.85567,36.86225],[-119.8676,36.86225],[-119.87946,36.86227],[-119.89272,36.862],[-119.8951,36.86185],[-119.90475,36.85575],[-119.90711,36.85439],[-119.90922,36.85375],[-119.91097,36.85312],[-119.91091,36.85146],[-119.91482,36.85128],[-119.91615,36.84967],[-119.91814,36.84759],[-119.92019,36.84453],[-119.92095,36.84359],[-119.92158,36.84384],[-119.92218,36.84478]]}},{"type":"Feature","properties":{"id":"313165","type":"AC; OVERHEAD","status":"IN SERVICE","owner":"SIERRA PACIFIC POWER COMPANY","voltage":120,"voltClass":"100-161"},"geometry":{"type":"LineString","coordinates":[[-119.7102,38.96347],[-119.70981,38.96413],[-119.70572,38.97493],[-119.70586,38.99075],[-119.69586,38.99862],[-119.69605,39.08044],[-119.69614,39.08615],[-119.69569,39.08685]]}},{"type":"Feature","properties":{"id":"313185","type":"AC; OVERHEAD","status":"IN SERVICE","owner":"NEVADA POWER COMPANY","voltage":138,"voltClass":"100-161"},"geometry":{"type":"LineString","coordinates":[[-115.1153,36.17443],[-115.1143,36.17462],[-115.10717,36.17449],[-115.10714,36.16616],[-115.09837,36.1659],[-115.08301,36.16609],[-115.06742,36.16627],[-115.05657,36.1665],[-115.05657,36.14463],[-115.05655,36.13863],[-115.05634,36.1254],[-115.05502,36.09015],[-115.04943,36.08641]]}},{"type":"Feature","properties":{"id":"313240","type":"AC; OVERHEAD","status":"IN SERVICE","owner":"NEVADA POWER COMPANY","voltage":230,"voltClass":"220-287"},"geometry":{"type":"LineString","coordinates":[[-114.99863,36.03789],[-114.99813,36.03679],[-114.99763,36.03459],[-114.99515,36.03249],[-114.99316,36.03113],[-114.98473,36.02787],[-114.97216,36.02299],[-114.96925,36.02168],[-114.96909,36.0223]]}},{"type":"Feature","properties":{"id":"313196","type":"AC; OVERHEAD","status":"IN SERVICE","owner":"SIERRA PACIFIC POWER COMPANY","voltage":120,"voltClass":"100-161"},"geometry":{"type":"LineString","coordinates":[[-119.69569,39.08685],[-119.72172,39.09314],[-119.74001,39.08573],[-119.7423,39.0596],[-119.7591,39.05885]]}},{"type":"Feature","properties":{"id":"313208","type":"AC; OVERHEAD","status":"IN SERVICE","owner":"NEVADA POWER COMPANY","voltage":230,"voltClass":"220-287"},"geometry":{"type":"LineString","coordinates":[[-115.013,35.80392],[-115.00557,35.80521],[-114.96015,35.82976],[-114.95629,35.83181],[-114.93871,35.849],[-114.92092,35.86631],[-114.90615,35.88051],[-114.89082,35.89548],[-114.87424,35.91155],[-114.85953,35.92581],[-114.85832,35.92631],[-114.84251,35.92421],[-114.83607,35.92486],[-114.83474,35.92781]]}},{"type":"Feature","properties":{"id":"313209","type":"AC; OVERHEAD","status":"IN SERVICE","owner":null,"voltage":120,"voltClass":"100-161"},"geometry":{"type":"LineString","coordinates":[[-116.39928,40.98217],[-116.40116,40.98095],[-116.40531,40.97751],[-116.40528,40.97304],[-116.40227,40.97113],[-116.39889,40.97062],[-116.39583,40.96701],[-116.39321,40.96689],[-116.38138,40.96716],[-116.37632,40.96544],[-116.37419,40.96501],[-116.3722,40.96619],[-116.36667,40.96625],[-116.36241,40.96837],[-116.35806,40.96888],[-116.35667,40.96892],[-116.35601,40.96871],[-116.34964,40.9687],[-116.34057,40.9686],[-116.33652,40.96841],[-116.3353,40.96815]]}},{"type":"Feature","properties":{"id":"313227","type":"AC; OVERHEAD","status":"IN SERVICE","owner":"PACIFIC GAS & ELECTRIC COMPANY","voltage":230,"voltClass":"220-287"},"geometry":{"type":"LineString","coordinates":[[-120.0599,35.38225],[-119.91705,35.37899]]}},{"type":"Feature","properties":{"id":"313260","type":"AC; OVERHEAD","status":"IN SERVICE","owner":"SIERRA PACIFIC POWER COMPANY","voltage":120,"voltClass":"100-161"},"geometry":{"type":"LineString","coordinates":[[-117.45936,38.13121],[-117.45805,38.13105],[-117.41055,38.20197],[-117.33798,38.30838],[-117.338,38.32289],[-117.33581,38.32393]]}},{"type":"Feature","properties":{"id":"311532","type":"AC; OVERHEAD","status":"IN SERVICE","owner":"AZUSA LIGHT & POWER","voltage":115,"voltClass":"100-161"},"geometry":{"type":"LineString","coordinates":[[-117.55554,35.00948],[-117.55591,35.00947],[-117.55591,35.00781],[-117.55579,35.00738]]}},{"type":"Feature","properties":{"id":"311537","type":"AC; OVERHEAD","status":"IN SERVICE","owner":"PACIFIC GAS & ELECTRIC COMPANY","voltage":115,"voltClass":"100-161"},"geometry":{"type":"LineString","coordinates":[[-119.02054,35.44068],[-119.01964,35.44026],[-119.019,35.44025],[-119.01697,35.44024],[-119.01355,35.44041],[-119.0133,35.44045]]}},{"type":"Feature","properties":{"id":"311544","type":"AC; OVERHEAD","status":"IN SERVICE","owner":"MT. WHEELER POWER","voltage":230,"voltClass":"220-287"},"geometry":{"type":"LineString","coordinates":[[-114.49998,39.09917],[-114.5001,39.10024],[-114.51175,39.10055],[-114.52419,39.10091],[-114.53165,39.10116],[-114.54296,39.10142],[-114.55266,39.10168],[-114.56697,39.10205],[-114.57691,39.10231],[-114.58818,39.10255],[-114.5923,39.10268],[-114.59616,39.1044],[-114.60451,39.10823],[-114.61274,39.11197],[-114.61689,39.11442],[-114.62862,39.11926],[-114.63401,39.12171],[-114.64236,39.12558],[-114.64449,39.12655],[-114.65832,39.12905],[-114.66671,39.1307],[-114.67703,39.13262],[-114.68158,39.13344],[-114.69133,39.13513],[-114.69436,39.13584],[-114.70276,39.13742],[-114.71101,39.13895],[-114.72253,39.14112],[-114.73074,39.14265],[-114.74008,39.15065],[-114.74587,39.15565],[-114.74991,39.15913],[-114.7547,39.1632],[-114.75971,39.1675],[-114.76484,39.1719],[-114.77016,39.17646],[-114.7785,39.18362],[-114.78397,39.18827],[-114.78518,39.19687],[-114.78625,39.20431],[-114.78724,39.21174],[-114.78825,39.21881],[-114.78885,39.22288],[-114.79,39.23161],[-114.79102,39.23858],[-114.79212,39.2458],[-114.79314,39.2542],[-114.79444,39.26297],[-114.79544,39.26984],[-114.79663,39.27876],[-114.79794,39.28752],[-114.79887,39.29425],[-114.80027,39.30407],[-114.80158,39.31357],[-114.80298,39.32285],[-114.80419,39.33091],[-114.80472,39.33536],[-114.80715,39.3359],[-114.80732,39.33655]]}},{"type":"Feature","properties":{"id":"311664","type":"AC; OVERHEAD","status":"IN SERVICE","owner":"PACIFIC GAS & ELECTRIC COMPANY","voltage":115,"voltClass":"100-161"},"geometry":{"type":"LineString","coordinates":[[-119.62455,35.2424],[-119.62477,35.24319],[-119.62441,35.28965],[-119.62135,35.29475],[-119.60675,35.29703],[-119.6061,35.30177],[-119.60497,35.31522],[-119.60036,35.31953],[-119.59942,35.3257],[-119.60043,35.33623],[-119.60081,35.34051],[-119.59769,35.34265],[-119.53683,35.37056],[-119.51736,35.37903],[-119.51133,35.38172],[-119.4981,35.38219],[-119.48325,35.38283],[-119.45898,35.39554],[-119.45217,35.40387]]}},{"type":"Feature","properties":{"id":"311673","type":"AC; OVERHEAD","status":"IN SERVICE","owner":null,"voltage":120,"voltClass":"100-161"},"geometry":{"type":"LineString","coordinates":[[-118.48115,37.33595],[-118.47971,37.33572],[-118.44566,37.327],[-118.41808,37.31997],[-118.40958,37.317],[-118.40314,37.31497],[-118.38172,37.28328],[-118.37042,37.26591],[-118.36733,37.26064],[-118.36344,37.25539],[-118.35386,37.24105],[-118.34505,37.228],[-118.33264,37.20936],[-118.31783,37.18714],[-118.31128,37.17725],[-118.31052,37.17511],[-118.30782,37.17198],[-118.30172,37.16303],[-118.29567,37.15373],[-118.28936,37.14436],[-118.28525,37.13819],[-118.27607,37.12439],[-118.26449,37.10698],[-118.26435,37.095],[-118.25717,37.07637],[-118.25599,37.07479],[-118.24041,37.06092],[-118.23765,37.05802],[-118.23501,37.05759],[-118.2331,37.05452],[-118.23079,37.04466],[-118.22011,37.01352],[-118.21966,37.00623],[-118.21393,36.99241],[-118.20616,36.97344],[-118.19617,36.94164],[-118.18399,36.90264],[-118.17362,36.86943],[-118.1655,36.84338],[-118.13474,36.74462],[-118.12755,36.72685],[-118.10064,36.67898],[-118.09677,36.67453],[-118.09544,36.67303],[-118.09458,36.67152],[-118.09402,36.66949],[-118.09252,36.6628],[-118.09195,36.66031],[-118.08988,36.65155],[-118.07976,36.63871],[-118.07546,36.63422],[-118.06096,36.62548],[-118.05118,36.61957],[-118.04027,36.59689],[-118.03262,36.51619],[-118.03643,36.47908],[-118.037,36.46529],[-118.03713,36.45706],[-118.03605,36.44535],[-118.0303,36.41345],[-118.02618,36.39057],[-118.02546,36.35777],[-118.02268,36.34447],[-118.01998,36.32323],[-118.0188,36.3138],[-118.01733,36.30977],[-118.0135,36.30629],[-117.99398,36.28608],[-117.98167,36.24516],[-117.9787,36.2352],[-117.97133,36.2195],[-117.96191,36.15636],[-117.95893,36.1364],[-117.95509,36.11032],[-117.95451,36.10675],[-117.92373,35.98387],[-117.91036,35.95895],[-117.905,35.93853],[-117.90635,35.93274],[-117.90329,35.91683],[-117.89414,35.89712],[-117.87898,35.8735],[-117.86786,35.84393],[-117.80843,35.68546],[-117.79674,35.65411],[-117.79584,35.65257]]}},{"type":"Feature","properties":{"id":"311680","type":"AC; OVERHEAD","status":"IN SERVICE","owner":"SIERRA PACIFIC POWER COMPANY","voltage":345,"voltClass":"345"},"geometry":{"type":"LineString","coordinates":[[-119.5187,39.56312],[-119.51851,39.56151],[-119.51872,39.55941],[-119.52171,39.559],[-119.53121,39.55727],[-119.54022,39.55564],[-119.54309,39.55408],[-119.55373,39.54731],[-119.56223,39.54212],[-119.56731,39.53912],[-119.57487,39.53454],[-119.58422,39.52859],[-119.6044,39.51591],[-119.61423,39.50993],[-119.62171,39.50531],[-119.63147,39.50383],[-119.6354,39.50325],[-119.66475,39.48614],[-119.68049,39.47667],[-119.69367,39.4585],[-119.6963,39.45628],[-119.69903,39.4545],[-119.70128,39.45314],[-119.70744,39.45397],[-119.71069,39.454],[-119.71589,39.45581],[-119.71747,39.45563]]}},{"type":"Feature","properties":{"id":"311689","type":"AC; OVERHEAD","status":"IN SERVICE","owner":"SIERRA PACIFIC POWER COMPANY","voltage":120,"voltClass":"100-161"},"geometry":{"type":"LineString","coordinates":[[-118.08029,40.72319],[-118.08045,40.75898],[-118.03353,40.78489],[-118.00425,40.80139],[-117.98122,40.81855],[-117.93975,40.86606],[-117.90819,40.87431],[-117.74672,40.93616],[-117.73599,40.945],[-117.7153,40.94525]]}},{"type":"Feature","properties":{"id":"311692","type":"AC; OVERHEAD","status":"IN SERVICE","owner":"SIERRA PACIFIC POWER COMPANY","voltage":120,"voltClass":"100-161"},"geometry":{"type":"LineString","coordinates":[[-119.71428,39.68141],[-119.71444,39.68101],[-119.71473,39.68032],[-119.72,39.67842],[-119.72243,39.67816],[-119.72389,39.67863],[-119.72536,39.67938],[-119.72628,39.67877],[-119.73449,39.66496],[-119.73456,39.65057],[-119.75305,39.65057],[-119.76583,39.64968],[-119.78782,39.64918],[-119.83311,39.6484],[-119.84393,39.6487],[-119.84707,39.65043],[-119.86591,39.65039],[-119.86598,39.64668],[-119.88137,39.64475],[-119.88847,39.64472],[-119.89063,39.6375]]}},{"type":"Feature","properties":{"id":"311695","type":"AC; OVERHEAD","status":"IN SERVICE","owner":null,"voltage":230,"voltClass":"220-287"},"geometry":{"type":"LineString","coordinates":[[-114.56594,35.1947],[-114.56564,35.194],[-114.56505,35.19357],[-114.56261,35.1918],[-114.55911,35.19086],[-114.53049,35.18996],[-114.4692,35.18818],[-114.44492,35.18749],[-114.44215,35.18405],[-114.40981,35.17966],[-114.38212,35.17623],[-114.34918,35.17256],[-114.32374,35.16972],[-114.28694,35.1656],[-114.264,35.16286],[-114.22447,35.15855],[-114.16298,35.15166],[-114.12326,35.14716],[-114.10068,35.14109],[-114.08923,35.13801],[-114.08625,35.13834]]}},{"type":"Feature","properties":{"id":"311706","type":"AC; OVERHEAD","status":"IN SERVICE","owner":"PACIFIC GAS & ELECTRIC COMPANY","voltage":115,"voltClass":"100-161"},"geometry":{"type":"LineString","coordinates":[[-119.4741,35.27692],[-119.4748,35.27645],[-119.47477,35.27329],[-119.47494,35.27249],[-119.47411,35.27226]]}},{"type":"Feature","properties":{"id":"311759","type":"AC; OVERHEAD","status":"IN SERVICE","owner":null,"voltage":230,"voltClass":"220-287"},"geometry":{"type":"LineString","coordinates":[[-114.74302,36.01836],[-114.75006,36.01487],[-114.75233,36.01315],[-114.78005,36.003],[-114.78272,36.00196],[-114.78517,35.99928],[-114.78644,35.99484],[-114.78799,35.99067],[-114.79166,35.98304],[-114.79947,35.96732],[-114.81361,35.93899],[-114.82155,35.92294],[-114.83474,35.92781]]}},{"type":"Feature","properties":{"id":"311769","type":"AC; OVERHEAD","status":"IN SERVICE","owner":"NEVADA POWER COMPANY","voltage":230,"voltClass":"220-287"},"geometry":{"type":"LineString","coordinates":[[-115.33006,36.33447],[-115.33006,36.33605],[-115.32859,36.33691],[-115.36821,36.36982],[-115.3818,36.38108],[-115.38149,36.38189]]}},{"type":"Feature","properties":{"id":"311773","type":"AC; OVERHEAD","status":"IN SERVICE","owner":"PACIFIC GAS & ELECTRIC COMPANY","voltage":500,"voltClass":"500"},"geometry":{"type":"LineString","coordinates":[[-119.45217,35.40387],[-119.45619,35.40562],[-119.45923,35.40926],[-119.4693,35.42165],[-119.48329,35.43889],[-119.50137,35.46111],[-119.50923,35.47079],[-119.51427,35.47696],[-119.52423,35.4892],[-119.53342,35.50168],[-119.5402,35.50884],[-119.55269,35.52415],[-119.55751,35.53003],[-119.57248,35.54837],[-119.5848,35.56364],[-119.59161,35.57233],[-119.599,35.58166],[-119.61689,35.60333],[-119.6301,35.61997],[-119.65086,35.64544],[-119.67319,35.67278],[-119.6887,35.6902],[-119.71716,35.72092],[-119.73739,35.74997],[-119.74338,35.75847],[-119.75929,35.77819],[-119.78512,35.80897],[-119.79901,35.82536],[-119.80753,35.83491],[-119.84283,35.87226],[-119.86306,35.89362],[-119.88293,35.91459],[-119.8975,35.92996],[-119.91059,35.94378],[-119.9206,35.95681],[-119.92878,35.96468],[-119.93386,35.97025],[-119.93652,35.97334],[-119.93927,35.97654],[-119.95297,35.99222],[-119.96059,35.99955],[-119.96382,36.00192],[-119.96791,36.00347],[-119.98637,36.0173],[-120.01167,36.03317],[-120.02721,36.04288],[-120.03902,36.05026],[-120.04833,36.05669],[-120.05628,36.06337],[-120.06343,36.07062],[-120.06838,36.07638],[-120.11763,36.13494],[-120.11993,36.13738],[-120.12875,36.14233]]}},{"type":"Feature","properties":{"id":"311820","type":"AC; OVERHEAD","status":"IN SERVICE","owner":"NEVADA POWER COMPANY","voltage":230,"voltClass":"220-287"},"geometry":{"type":"LineString","coordinates":[[-114.96909,36.0223],[-114.96914,36.0215],[-114.97219,36.02282],[-114.98512,36.02782],[-114.99334,36.03101],[-114.99509,36.03218],[-114.99792,36.03449],[-114.99839,36.03677],[-114.99863,36.03789]]}},{"type":"Feature","properties":{"id":"311880","type":"AC; OVERHEAD","status":"IN SERVICE","owner":"NEVADA POWER COMPANY","voltage":230,"voltClass":"220-287"},"geometry":{"type":"LineString","coordinates":[[-115.04858,36.14357],[-115.0473,36.10638],[-115.04943,36.08641]]}},{"type":"Feature","properties":{"id":"311889","type":"AC; OVERHEAD","status":"IN SERVICE","owner":"AZUSA LIGHT & POWER","voltage":115,"voltClass":"100-161"},"geometry":{"type":"LineString","coordinates":[[-117.79584,35.65257],[-117.79423,35.65226],[-117.72316,35.65204],[-117.72305,35.62242],[-117.6894,35.62238],[-117.68827,35.62206]]}},{"type":"Feature","properties":{"id":"311968","type":"AC; OVERHEAD","status":"IN SERVICE","owner":"NEVADA POWER COMPANY","voltage":138,"voltClass":"100-161"},"geometry":{"type":"LineString","coordinates":[[-115.18497,36.10875],[-115.18541,36.10909],[-115.18544,36.11538],[-115.18643,36.11535],[-115.18738,36.1155],[-115.18903,36.11528],[-115.19152,36.1153],[-115.19897,36.11527],[-115.20818,36.11518],[-115.21312,36.11488],[-115.21356,36.11403]]}},{"type":"Feature","properties":{"id":"311966","type":"AC; OVERHEAD","status":"IN SERVICE","owner":"NEVADA POWER COMPANY","voltage":230,"voltClass":"220-287"},"geometry":{"type":"LineString","coordinates":[[-115.03128,36.03559],[-115.03249,36.03462],[-115.03411,36.0344],[-115.03743,36.03502],[-115.04031,36.03605],[-115.04676,36.03861],[-115.04619,36.08477],[-115.04642,36.09076],[-115.04676,36.09079],[-115.04722,36.11177],[-115.04858,36.14357]]}},{"type":"Feature","properties":{"id":"312037","type":"AC; OVERHEAD","status":"IN SERVICE","owner":"AZUSA LIGHT & POWER","voltage":115,"voltClass":"100-161"},"geometry":{"type":"LineString","coordinates":[[-117.5425,34.98914],[-117.54381,34.99104],[-117.54394,34.9912],[-117.54397,34.99202],[-117.54397,34.99209],[-117.54399,34.99319],[-117.54403,34.99429],[-117.54413,34.99677],[-117.54407,34.99701],[-117.54396,34.99747],[-117.54379,34.99808],[-117.5447,35.00132],[-117.54503,35.00249],[-117.54518,35.00307],[-117.54597,35.00305],[-117.55047,35.00306],[-117.55048,35.00437],[-117.55047,35.00691],[-117.55048,35.00945]]}},{"type":"Feature","properties":{"id":"312054","type":"AC; OVERHEAD","status":"IN SERVICE","owner":"PACIFIC GAS & ELECTRIC COMPANY","voltage":115,"voltClass":"100-161"},"geometry":{"type":"LineString","coordinates":[[-119.54432,35.57817],[-119.54504,35.57839],[-119.54507,35.57933],[-119.54508,35.5801],[-119.54518,35.58121],[-119.54517,35.58172],[-119.54514,35.5822],[-119.54511,35.58313],[-119.5451,35.58409],[-119.54507,35.58503],[-119.54509,35.586],[-119.54507,35.58687],[-119.54507,35.58788],[-119.54507,35.58882],[-119.54502,35.58978],[-119.54497,35.59073],[-119.54496,35.59165],[-119.54493,35.59262],[-119.54492,35.59358],[-119.54485,35.59411],[-119.54495,35.59422],[-119.54503,35.59439],[-119.54511,35.59464],[-119.54509,35.59491],[-119.54496,35.59532],[-119.54496,35.59629],[-119.54495,35.59723],[-119.54492,35.59819],[-119.5449,35.59919],[-119.54489,35.60013],[-119.54488,35.60124],[-119.54387,35.60124],[-119.54272,35.60124],[-119.54156,35.60123],[-119.54033,35.60123],[-119.53921,35.60122],[-119.53803,35.60121],[-119.53682,35.60123],[-119.53565,35.60121],[-119.53458,35.60122],[-119.53341,35.60121],[-119.53223,35.60121],[-119.53106,35.6012],[-119.52984,35.6012],[-119.52865,35.6012],[-119.52748,35.6012],[-119.52637,35.6012],[-119.52519,35.6012],[-119.52395,35.6012],[-119.52283,35.6012],[-119.52163,35.6012],[-119.52048,35.60121],[-119.51929,35.60121],[-119.51812,35.6012],[-119.51706,35.60119],[-119.51587,35.60119],[-119.5147,35.60119],[-119.51356,35.60117],[-119.51235,35.60117],[-119.51117,35.60116],[-119.51,35.60116],[-119.50764,35.60116],[-119.5063,35.60118],[-119.50527,35.60118],[-119.5041,35.60118],[-119.50298,35.60119],[-119.50176,35.6012],[-119.50059,35.60121],[-119.49943,35.60122],[-119.49821,35.60121],[-119.49705,35.60121],[-119.49591,35.60121],[-119.4947,35.60121],[-119.49352,35.60121],[-119.49233,35.60121],[-119.49116,35.60121],[-119.49007,35.60121],[-119.48886,35.60121],[-119.48772,35.60121],[-119.48654,35.60121],[-119.48536,35.60122],[-119.48419,35.60123],[-119.48299,35.60123],[-119.48184,35.60122],[-119.48065,35.60122],[-119.47949,35.60123],[-119.47826,35.60123],[-119.47713,35.60123],[-119.47593,35.60124],[-119.47479,35.60123],[-119.47359,35.60123],[-119.47242,35.60124],[-119.47124,35.60125],[-119.47006,35.60125],[-119.4689,35.60127],[-119.46771,35.60127],[-119.46654,35.60128],[-119.46534,35.60129],[-119.46419,35.60129],[-119.46299,35.6013],[-119.46184,35.6013],[-119.46063,35.60131],[-119.4594,35.60131],[-119.45831,35.60132],[-119.45712,35.60133],[-119.45596,35.60133],[-119.45478,35.60135],[-119.45358,35.60135],[-119.4524,35.60137],[-119.45124,35.60138],[-119.45009,35.6014],[-119.44889,35.60141],[-119.44821,35.60142],[-119.44723,35.60142],[-119.44658,35.60144],[-119.44592,35.60145],[-119.44474,35.60147],[-119.44356,35.60149],[-119.44238,35.6015],[-119.44123,35.60152],[-119.44006,35.60155],[-119.43877,35.60157],[-119.43821,35.60162],[-119.43794,35.60158],[-119.43757,35.6008]]}},{"type":"Feature","properties":{"id":"312057","type":"AC; OVERHEAD","status":"IN SERVICE","owner":null,"voltage":345,"voltClass":"345"},"geometry":{"type":"LineString","coordinates":[[-120.00421,39.6559],[-120.00454,39.6578],[-120.00478,39.6603],[-120.0101,39.66595],[-120.01833,39.67487],[-120.02089,39.68361],[-120.02307,39.69103],[-120.02614,39.70132],[-120.02702,39.70428],[-120.02674,39.71485],[-120.02602,39.7261],[-120.02524,39.73801],[-120.02466,39.74719],[-120.02393,39.75848],[-120.02321,39.76963],[-120.023,39.77291],[-120.02157,39.77676],[-120.01987,39.78129],[-120.01738,39.78804],[-120.01478,39.79487],[-120.01464,39.79952],[-120.01437,39.80849],[-120.01774,39.81837],[-120.02167,39.8298],[-120.02372,39.83688],[-120.02397,39.84344],[-120.03914,39.86098],[-120.0459,39.86867],[-120.0482,39.87654],[-120.04373,39.88339],[-120.04023,39.88879],[-120.03809,39.89208],[-120.03177,39.90173],[-120.02796,39.90567],[-120.01394,39.91498],[-120.01776,39.92327],[-120.0179,39.92833],[-120.003,39.93905],[-119.98591,39.95123],[-119.97938,39.95589],[-119.97025,39.96245],[-119.9639,39.96696],[-119.95362,39.97432],[-119.94701,39.97902],[-119.94416,39.99168],[-119.94042,40.00839],[-119.93778,40.01983],[-119.93505,40.03212],[-119.9422,40.03772],[-119.94538,40.04708],[-119.95557,40.05599],[-119.96358,40.06286],[-119.97285,40.07096],[-119.97267,40.0729],[-119.97391,40.07399],[-119.97414,40.07483]]}},{"type":"Feature","properties":{"id":"310836","type":"AC; OVERHEAD","status":"IN SERVICE","owner":"PACIFIC GAS & ELECTRIC COMPANY","voltage":115,"voltClass":"100-161"},"geometry":{"type":"LineString","coordinates":[[-119.00653,35.57651],[-119.00732,35.57729],[-119.00788,35.57787],[-119.00862,35.57863],[-119.01018,35.58018],[-119.0109,35.58095],[-119.0122,35.58096],[-119.01342,35.58095],[-119.01475,35.58091],[-119.01601,35.58091],[-119.01726,35.58092],[-119.01833,35.58091],[-119.01963,35.5809],[-119.02058,35.58089],[-119.02179,35.58087],[-119.02301,35.58088],[-119.02418,35.58085],[-119.0268,35.58086],[-119.02891,35.58084],[-119.02951,35.57966],[-119.03097,35.57838],[-119.03094,35.57788],[-119.03172,35.57755],[-119.03197,35.57744],[-119.0322,35.57734],[-119.03207,35.57662],[-119.03196,35.57594],[-119.03181,35.57505],[-119.03168,35.57431],[-119.03155,35.57352],[-119.03278,35.57352],[-119.03384,35.57351],[-119.03498,35.57351],[-119.0357,35.57351],[-119.03682,35.5735],[-119.03868,35.5735],[-119.0409,35.5735],[-119.04198,35.57349],[-119.04299,35.57347],[-119.04518,35.57347],[-119.0462,35.57346],[-119.04733,35.57347],[-119.04866,35.57345],[-119.05009,35.57345],[-119.05176,35.57345],[-119.05309,35.57344],[-119.05443,35.57345],[-119.05559,35.57343],[-119.05635,35.57343],[-119.05727,35.57343],[-119.06009,35.57342],[-119.06209,35.57341],[-119.06415,35.57342],[-119.06645,35.57341],[-119.06761,35.5734],[-119.07109,35.5734],[-119.07222,35.5734],[-119.07515,35.57339],[-119.07753,35.5734],[-119.07875,35.57339],[-119.08121,35.57337],[-119.08123,35.57248],[-119.08125,35.57145],[-119.08127,35.56988],[-119.08129,35.56799],[-119.08132,35.56626],[-119.08144,35.56543],[-119.08153,35.56459],[-119.08157,35.56374],[-119.08158,35.56293],[-119.08159,35.56121],[-119.08161,35.55948],[-119.08165,35.55842],[-119.08164,35.55739],[-119.08165,35.55651],[-119.08164,35.55577],[-119.08165,35.55408],[-119.08166,35.55297],[-119.0817,35.552],[-119.0817,35.55091],[-119.08171,35.54992],[-119.0817,35.5491],[-119.08169,35.54807],[-119.08169,35.54675],[-119.08171,35.54569],[-119.08128,35.54481]]}},{"type":"Feature","properties":{"id":"312100","type":"AC; OVERHEAD","status":"IN SERVICE","owner":"NV ENERGY","voltage":230,"voltClass":"220-287"},"geometry":{"type":"LineString","coordinates":[[-114.91838,36.02206],[-114.9176,36.02036],[-114.91534,36.0163],[-114.91376,36.00319],[-114.91236,35.98917],[-114.91238,35.98752],[-114.91247,35.98013],[-114.90979,35.97622],[-114.90887,35.97048],[-114.90808,35.96582],[-114.89855,35.95874],[-114.88929,35.95185],[-114.88619,35.9503],[-114.87846,35.94642],[-114.86343,35.93888],[-114.86068,35.93751],[-114.86119,35.9305],[-114.85858,35.92984],[-114.85591,35.92946],[-114.84612,35.92743],[-114.84257,35.92661],[-114.83894,35.92655],[-114.83474,35.92781]]}},{"type":"Feature","properties":{"id":"312106","type":"AC; OVERHEAD","status":"IN SERVICE","owner":"PACIFIC GAS & ELECTRIC COMPANY","voltage":115,"voltClass":"100-161"},"geometry":{"type":"LineString","coordinates":[[-119.27701,35.60182],[-119.27586,35.60181],[-119.27483,35.60182],[-119.27373,35.60182],[-119.27261,35.60183],[-119.2715,35.60183],[-119.2704,35.60184],[-119.26929,35.60184],[-119.26818,35.60186],[-119.26704,35.60186],[-119.26594,35.60186],[-119.26483,35.60187],[-119.26378,35.60187],[-119.26166,35.60189],[-119.26038,35.60188],[-119.25926,35.6019],[-119.25813,35.6019],[-119.25703,35.6019],[-119.25689,35.60169],[-119.25569,35.6017],[-119.25467,35.60171],[-119.25348,35.60171],[-119.25237,35.60172],[-119.25131,35.60172],[-119.2502,35.60172],[-119.24915,35.60173],[-119.24802,35.60174],[-119.24692,35.60174],[-119.24581,35.60175],[-119.24471,35.60175],[-119.24357,35.60176],[-119.24246,35.60175],[-119.24135,35.60176],[-119.24021,35.60176],[-119.23908,35.60177],[-119.23796,35.60177],[-119.23692,35.60177],[-119.23574,35.60178],[-119.23466,35.60178],[-119.23363,35.60178],[-119.23247,35.60178],[-119.23139,35.60179],[-119.23028,35.60179],[-119.22917,35.60179],[-119.22804,35.60179],[-119.22695,35.6018],[-119.22584,35.6018],[-119.22467,35.60181],[-119.22354,35.60182],[-119.22245,35.60182],[-119.22137,35.60182],[-119.2202,35.60183],[-119.21912,35.60183],[-119.21799,35.60184],[-119.21686,35.60185],[-119.21579,35.60186],[-119.2147,35.60186],[-119.2136,35.60186],[-119.21184,35.60221],[-119.21094,35.60218],[-119.20924,35.60213],[-119.20856,35.60211],[-119.20775,35.60212],[-119.20691,35.60213],[-119.2061,35.60213],[-119.20544,35.60214],[-119.20441,35.60216],[-119.20441,35.60269],[-119.20441,35.60343],[-119.20441,35.60415],[-119.20441,35.60498],[-119.20422,35.605],[-119.20353,35.6051]]}},{"type":"Feature","properties":{"id":"312112","type":"AC; OVERHEAD","status":"IN SERVICE","owner":"NEVADA POWER COMPANY","voltage":230,"voltClass":"220-287"},"geometry":{"type":"LineString","coordinates":[[-115.00854,35.79732],[-115.00462,35.7965],[-114.99423,35.79317],[-114.99435,35.79171],[-114.99436,35.79001]]}},{"type":"Feature","properties":{"id":"312120","type":"AC; OVERHEAD","status":"IN SERVICE","owner":null,"voltage":345,"voltClass":"345"},"geometry":{"type":"LineString","coordinates":[[-114.97389,39.28017],[-114.97402,39.28072],[-114.97426,39.28276],[-114.97783,39.2822],[-114.98493,39.28223],[-114.99126,39.28173],[-115.04855,39.34761],[-115.08858,39.40317],[-115.24136,39.4216],[-115.33174,39.43346],[-115.33661,39.43444],[-115.38194,39.46875],[-115.45,39.47016],[-115.52101,39.47142],[-115.65001,39.47377],[-115.77703,39.47602],[-115.85304,39.47711],[-115.8656,39.48809],[-115.94929,39.54471],[-115.96914,39.54708],[-115.9907,39.54997],[-116.01342,39.55252],[-116.01837,39.55623],[-116.02375,39.55621],[-116.04563,39.55633],[-116.07546,39.55905],[-116.10506,39.55991],[-116.11178,39.57586],[-116.11482,39.58282],[-116.1176,39.58909],[-116.13173,39.62164],[-116.13889,39.63794],[-116.14593,39.65424],[-116.15317,39.67071],[-116.16082,39.68848],[-116.16975,39.70874],[-116.17527,39.7215],[-116.18409,39.7415],[-116.19947,39.7768],[-116.20645,39.79232],[-116.20639,39.79761],[-116.20705,39.81397],[-116.20789,39.83528],[-116.2084,39.84989],[-116.20649,39.85288],[-116.18144,39.89045],[-116.17497,39.90014],[-116.18065,39.92147],[-116.18628,39.94282],[-116.19686,39.98055],[-116.21116,40.01458],[-116.21595,40.0254],[-116.21609,40.04246],[-116.21623,40.0574],[-116.21632,40.07253],[-116.2165,40.09156],[-116.21673,40.10978],[-116.21683,40.13031],[-116.21701,40.15002],[-116.2171,40.17024],[-116.21725,40.18497],[-116.21442,40.1909],[-116.19979,40.22183],[-116.18462,40.25388],[-116.1698,40.28522],[-116.16219,40.30119],[-116.16213,40.30452],[-116.16211,40.3252],[-116.16203,40.34512],[-116.162,40.36909],[-116.16203,40.38989],[-116.162,40.40731],[-116.16143,40.42551],[-116.16198,40.443],[-116.16193,40.45357],[-116.16193,40.46237],[-116.16189,40.46574],[-116.19117,40.47292],[-116.21394,40.47851],[-116.22918,40.4823],[-116.25552,40.48867],[-116.28236,40.49541],[-116.30972,40.5025],[-116.34044,40.50952],[-116.46381,40.509],[-116.46648,40.51107],[-116.4742,40.51699],[-116.48217,40.52318],[-116.49108,40.53],[-116.53499,40.56378],[-116.5391,40.56693],[-116.54531,40.57174],[-116.55052,40.57569],[-116.55696,40.58137],[-116.56334,40.58696],[-116.56655,40.58979],[-116.56961,40.59242],[-116.55403,40.60811],[-116.53728,40.62501],[-116.52615,40.63625],[-116.51879,40.64367],[-116.51875,40.64815],[-116.51865,40.65449],[-116.51861,40.65893],[-116.51852,40.66613],[-116.51839,40.67705],[-116.51827,40.6845],[-116.51827,40.69133],[-116.51892,40.69774],[-116.51654,40.70274],[-116.51468,40.70584],[-116.51066,40.71007],[-116.50888,40.71228],[-116.50696,40.71465],[-116.49931,40.72132],[-116.49937,40.7373],[-116.49923,40.75621],[-116.49862,40.8122],[-116.49525,40.81602]]}},{"type":"Feature","properties":{"id":"312138","type":"AC; OVERHEAD","status":"IN SERVICE","owner":"PACIFIC GAS & ELECTRIC COMPANY","voltage":115,"voltClass":"100-161"},"geometry":{"type":"LineString","coordinates":[[-118.97631,35.08906],[-118.97637,35.08952],[-118.97638,35.09022],[-118.97638,35.09146],[-118.97638,35.09271],[-118.97639,35.0934],[-118.97639,35.09373],[-118.97639,35.09478],[-118.97639,35.09591],[-118.9764,35.09698],[-118.9764,35.09807],[-118.97641,35.09915],[-118.97641,35.10024],[-118.97641,35.10135],[-118.97642,35.10245],[-118.97641,35.10354],[-118.97641,35.10464],[-118.97642,35.10574],[-118.97642,35.10683],[-118.97641,35.10778],[-118.97651,35.10842],[-118.97651,35.1098],[-118.97651,35.11118],[-118.97651,35.11229],[-118.97651,35.11337],[-118.97651,35.11447],[-118.97651,35.11554],[-118.97651,35.11666],[-118.97652,35.11778],[-118.97651,35.11885],[-118.97652,35.11992],[-118.97652,35.12104],[-118.97652,35.12215],[-118.97653,35.12337],[-118.97654,35.12467],[-118.97654,35.12567],[-118.97655,35.12598],[-118.97655,35.12708],[-118.97655,35.12819],[-118.97656,35.12946],[-118.97657,35.13073],[-118.97657,35.13183],[-118.97658,35.13294],[-118.97658,35.13406],[-118.97659,35.13518],[-118.97661,35.13648],[-118.9766,35.13769],[-118.97661,35.13878],[-118.9766,35.13988],[-118.9766,35.14096],[-118.9766,35.14206],[-118.9766,35.14315],[-118.97661,35.14434],[-118.9766,35.14542],[-118.9766,35.14653],[-118.9766,35.14765],[-118.9766,35.14876],[-118.97661,35.14987],[-118.9766,35.15078],[-118.97678,35.15165],[-118.97705,35.15263],[-118.97716,35.15439],[-118.97716,35.1556],[-118.97716,35.15671],[-118.97716,35.15782],[-118.97716,35.15892],[-118.97716,35.16002],[-118.97715,35.16112],[-118.97715,35.16222],[-118.97715,35.16332],[-118.97715,35.16442],[-118.97715,35.16553],[-118.97714,35.16663],[-118.97715,35.16773],[-118.97714,35.1688],[-118.97714,35.16992],[-118.97714,35.17099],[-118.97714,35.17209],[-118.97714,35.1732],[-118.97713,35.17431],[-118.97713,35.17541],[-118.97713,35.17652],[-118.97713,35.17762],[-118.97713,35.1787],[-118.97699,35.17937],[-118.97671,35.18057],[-118.97673,35.18171],[-118.97675,35.18306],[-118.97668,35.1845],[-118.97668,35.18575],[-118.97669,35.18701],[-118.9767,35.18811],[-118.97671,35.18922],[-118.97672,35.19036],[-118.97674,35.19145],[-118.97674,35.19264],[-118.97675,35.19403],[-118.97675,35.19541],[-118.97677,35.19681],[-118.97679,35.19796],[-118.97675,35.19909],[-118.97672,35.19987],[-118.97665,35.2007],[-118.97665,35.2018],[-118.97665,35.20291],[-118.97665,35.20401],[-118.97665,35.2051],[-118.97665,35.20621],[-118.97665,35.2075],[-118.97638,35.20871],[-118.9764,35.21005],[-118.97637,35.21116],[-118.97641,35.21224],[-118.9764,35.21334],[-118.97638,35.21444],[-118.97635,35.21555],[-118.97636,35.21666],[-118.97635,35.21775],[-118.97635,35.21886],[-118.97635,35.21996],[-118.97635,35.22128],[-118.97634,35.223],[-118.97634,35.22312],[-118.97634,35.22468],[-118.97634,35.22614],[-118.97632,35.22745],[-118.97633,35.22864],[-118.97634,35.22972],[-118.97634,35.23083],[-118.97632,35.23194],[-118.97633,35.23304],[-118.97633,35.23414],[-118.97633,35.23524],[-118.97633,35.23635],[-118.97632,35.23765],[-118.97632,35.23877],[-118.97631,35.24001],[-118.97631,35.24111],[-118.97631,35.24221],[-118.97631,35.2433],[-118.97631,35.24441],[-118.97631,35.24551],[-118.9763,35.24662],[-118.9763,35.24768],[-118.97631,35.24883],[-118.9763,35.24991],[-118.9763,35.25097],[-118.9763,35.25224],[-118.97629,35.25336],[-118.97628,35.25447],[-118.97629,35.25557],[-118.9763,35.25664],[-118.9763,35.25772],[-118.97629,35.25885],[-118.97629,35.25995],[-118.97629,35.26104],[-118.97629,35.26214],[-118.97629,35.26314],[-118.97629,35.26434],[-118.97629,35.26557],[-118.97628,35.26696],[-118.97628,35.26819],[-118.97629,35.26932],[-118.9763,35.27036],[-118.9763,35.27146],[-118.97629,35.27257],[-118.9763,35.2737],[-118.9763,35.2748],[-118.97631,35.2759],[-118.97631,35.27702],[-118.97631,35.27813],[-118.97634,35.27927],[-118.97634,35.28034],[-118.97631,35.28151],[-118.97632,35.28293],[-118.97632,35.28436],[-118.97632,35.28578],[-118.97632,35.28714],[-118.97632,35.28857],[-118.97633,35.28995],[-118.97633,35.29122],[-118.97632,35.29236],[-118.97633,35.29347],[-118.97633,35.29462],[-118.97634,35.29585],[-118.9763,35.29705],[-118.9763,35.2984],[-118.9763,35.29971],[-118.97631,35.30076],[-118.97631,35.30187],[-118.97631,35.30299],[-118.97633,35.3041],[-118.97633,35.30521],[-118.97633,35.30633],[-118.97633,35.30742],[-118.97632,35.30852],[-118.97632,35.30963],[-118.97632,35.31075],[-118.97632,35.31187],[-118.97633,35.31298],[-118.97633,35.3143],[-118.97714,35.3143],[-118.97752,35.31452]]}},{"type":"Feature","properties":{"id":"312145","type":"AC; OVERHEAD","status":"IN SERVICE","owner":"SIERRA PACIFIC POWER COMPANY","voltage":120,"voltClass":"100-161"},"geometry":{"type":"LineString","coordinates":[[-118.08029,40.72319],[-118.08051,40.7238],[-118.08054,40.75917],[-118.08046,40.76543],[-118.08033,40.76841],[-118.08034,40.77037],[-118.08054,40.77636],[-118.08066,40.77808],[-118.09855,40.77807],[-118.0987,40.81207],[-118.09865,40.81401],[-118.07964,40.82798],[-118.0798,40.8408],[-118.07994,40.86654],[-118.08034,40.90112],[-118.10262,40.93465],[-118.11419,40.95214],[-118.12641,40.97007],[-118.12995,40.97553],[-118.13378,40.98126],[-118.13576,40.98418],[-118.14364,40.99001],[-118.14371,40.99463]]}},{"type":"Feature","properties":{"id":"312232","type":"AC; OVERHEAD","status":"IN SERVICE","owner":"PACIFIC GAS & ELECTRIC COMPANY","voltage":115,"voltClass":"100-161"},"geometry":{"type":"LineString","coordinates":[[-119.31752,35.51394],[-119.31793,35.5134],[-119.31794,35.51251],[-119.31795,35.51105],[-119.31799,35.5097],[-119.31799,35.50839],[-119.318,35.50704],[-119.31804,35.50552],[-119.31807,35.50414],[-119.31808,35.50271],[-119.31811,35.5013],[-119.31813,35.49982],[-119.31817,35.49551],[-119.31821,35.49412],[-119.31823,35.49129],[-119.31829,35.48558],[-119.31833,35.48405],[-119.31835,35.4826],[-119.31839,35.47971],[-119.31842,35.47822],[-119.31842,35.477],[-119.31847,35.47539],[-119.31847,35.47395],[-119.31849,35.4727],[-119.31852,35.47102],[-119.31852,35.46952],[-119.31854,35.46672],[-119.31855,35.46533],[-119.31856,35.46378],[-119.31856,35.46234],[-119.31855,35.46078],[-119.31857,35.45925],[-119.31856,35.45768],[-119.31858,35.45623],[-119.3186,35.45327],[-119.31861,35.45183],[-119.31862,35.45033],[-119.31867,35.44556],[-119.31873,35.44253],[-119.31867,35.4418],[-119.31755,35.4418],[-119.31497,35.44179],[-119.31253,35.44179],[-119.31003,35.44178],[-119.30751,35.44178],[-119.30493,35.44177],[-119.30237,35.44176],[-119.29984,35.44175],[-119.29731,35.44174],[-119.29475,35.44173],[-119.2922,35.44172],[-119.28966,35.44172],[-119.2871,35.4417],[-119.28456,35.44169],[-119.282,35.44167],[-119.27951,35.44166],[-119.27823,35.44165],[-119.27691,35.44165],[-119.27437,35.44163],[-119.27183,35.44164],[-119.26937,35.44164],[-119.26715,35.44163],[-119.26496,35.44162],[-119.26275,35.44161],[-119.26071,35.442]]}},{"type":"Feature","properties":{"id":"312254","type":"AC; OVERHEAD","status":"IN SERVICE","owner":"PACIFIC GAS & ELECTRIC COMPANY","voltage":115,"voltClass":"100-161"},"geometry":{"type":"LineString","coordinates":[[-119.3252,35.60824],[-119.32536,35.60829],[-119.32535,35.60871],[-119.32582,35.60872],[-119.3327,35.60866],[-119.33439,35.60868],[-119.33596,35.60869],[-119.33878,35.60868],[-119.34153,35.60871],[-119.34303,35.60871],[-119.34454,35.60872],[-119.34758,35.60871],[-119.35102,35.60871],[-119.3535,35.60868],[-119.35498,35.6087],[-119.35641,35.60871],[-119.35815,35.60868],[-119.35931,35.60867],[-119.36061,35.60866],[-119.36221,35.60867],[-119.36526,35.60865],[-119.36705,35.60868],[-119.37036,35.60864],[-119.37269,35.60867],[-119.37416,35.60865],[-119.37596,35.60863],[-119.37753,35.60865],[-119.3786,35.60865],[-119.38013,35.60865],[-119.38162,35.60867],[-119.38488,35.60866],[-119.38852,35.60866],[-119.39024,35.60866],[-119.39197,35.60866],[-119.39374,35.60864],[-119.39549,35.60865],[-119.39811,35.60865],[-119.40074,35.60865],[-119.40254,35.60864],[-119.40575,35.60866],[-119.41142,35.60866],[-119.41679,35.60862],[-119.42039,35.60858],[-119.42573,35.60857],[-119.43193,35.60861],[-119.43771,35.60849],[-119.43782,35.60165],[-119.43757,35.6008]]}},{"type":"Feature","properties":{"id":"312272","type":"AC; OVERHEAD","status":"IN SERVICE","owner":"SIERRA PACIFIC POWER COMPANY","voltage":230,"voltClass":"220-287"},"geometry":{"type":"LineString","coordinates":[[-118.59142,39.22669],[-118.5922,39.22689],[-118.6415,39.22755],[-118.70094,39.22824],[-118.76365,39.24987],[-118.77434,39.25283],[-118.85436,39.25602],[-118.91457,39.24557],[-118.94123,39.24095],[-118.99186,39.24012],[-119.04047,39.24061],[-119.05983,39.2305],[-119.08939,39.21495],[-119.10057,39.20635],[-119.13133,39.18278],[-119.13094,39.13181],[-119.1332,39.12817]]}},{"type":"Feature","properties":{"id":"312328","type":"AC; OVERHEAD","status":"IN SERVICE","owner":"NEVADA POWER COMPANY","voltage":138,"voltClass":"100-161"},"geometry":{"type":"LineString","coordinates":[[-115.08149,36.06894],[-115.08225,36.06934],[-115.08212,36.07853],[-115.06607,36.0784],[-115.05187,36.07855],[-115.05062,36.07874],[-115.05067,36.08573],[-115.04943,36.08641]]}},{"type":"Feature","properties":{"id":"312332","type":"AC; OVERHEAD","status":"IN SERVICE","owner":"PACIFIC GAS & ELECTRIC COMPANY","voltage":230,"voltClass":"220-287"},"geometry":{"type":"LineString","coordinates":[[-119.00448,35.3875],[-119.00487,35.38793],[-119.00447,35.38877],[-119.00502,35.39077],[-119.00562,35.3927],[-119.00618,35.39458],[-119.00745,35.39732],[-119.00857,35.39975],[-119.00965,35.40207],[-119.00973,35.40221],[-119.00982,35.40237],[-119.01043,35.40343],[-119.01436,35.40187],[-119.01813,35.40033],[-119.02136,35.39956],[-119.02442,35.39884],[-119.03029,35.39772],[-119.0306,35.39772],[-119.03437,35.39761],[-119.03818,35.39755],[-119.0422,35.39757],[-119.04591,35.39786],[-119.04942,35.39787],[-119.05294,35.39789],[-119.05685,35.39756],[-119.06037,35.39752],[-119.06514,35.39755],[-119.06962,35.39756],[-119.07315,35.39758],[-119.07728,35.39762],[-119.08175,35.39765],[-119.08575,35.39763],[-119.08967,35.39764],[-119.09193,35.39478],[-119.09241,35.39402],[-119.09262,35.3937],[-119.09281,35.3934],[-119.09514,35.38979],[-119.09699,35.38693],[-119.09698,35.38685],[-119.09697,35.3865],[-119.09698,35.38621],[-119.09698,35.38465],[-119.097,35.38316],[-119.097,35.38311],[-119.097,35.381],[-119.09709,35.3794]]}},{"type":"Feature","properties":{"id":"312346","type":"AC; OVERHEAD","status":"IN SERVICE","owner":"NEVADA POWER COMPANY","voltage":230,"voltClass":"220-287"},"geometry":{"type":"LineString","coordinates":[[-114.90397,36.42562],[-114.90704,36.42445],[-114.9075,36.42394],[-114.9043,36.42086],[-114.88534,36.40259],[-114.88526,36.40195],[-114.88658,36.3995],[-114.89091,36.39135],[-114.89526,36.38923],[-114.9227,36.37598],[-114.94424,36.32491],[-114.95883,36.31816],[-114.96116,36.31705],[-114.96734,36.31558],[-114.97397,36.31396],[-114.98388,36.31153],[-114.99906,36.30801],[-115.01106,36.30522],[-115.02035,36.30284],[-115.02974,36.30032],[-115.03451,36.29865],[-115.04672,36.29427],[-115.06128,36.28922],[-115.07642,36.28382],[-115.08903,36.2794],[-115.09156,36.27851],[-115.09384,36.27766],[-115.09572,36.27619],[-115.09636,36.27466]]}},{"type":"Feature","properties":{"id":"312392","type":"AC; OVERHEAD","status":"IN SERVICE","owner":null,"voltage":138,"voltClass":"100-161"},"geometry":{"type":"LineString","coordinates":[[-114.83474,35.92781],[-114.83026,35.92997],[-114.83025,35.93505],[-114.835,35.9407],[-114.83908,35.94529],[-114.8409,35.94708],[-114.845,35.94711],[-114.84564,35.94733],[-114.84548,35.96861],[-114.84545,35.97272],[-114.84614,35.97395],[-114.84846,35.97644],[-114.84597,35.97851],[-114.83922,35.98508],[-114.83588,35.98815],[-114.8372,35.98978],[-114.8355,35.99169],[-114.82061,36.00351],[-114.81492,36.00907],[-114.8104,36.01023],[-114.80877,36.01065],[-114.80799,36.01142],[-114.80862,36.01784],[-114.809,36.02845],[-114.80925,36.03535],[-114.81631,36.04287],[-114.82566,36.05008],[-114.82695,36.05428],[-114.8294,36.05701],[-114.82996,36.06417],[-114.83128,36.06445]]}},{"type":"Feature","properties":{"id":"312391","type":"AC; OVERHEAD","status":"IN SERVICE","owner":"PACIFIC GAS & ELECTRIC COMPANY","voltage":115,"voltClass":"100-161"},"geometry":{"type":"LineString","coordinates":[[-119.54432,35.57817],[-119.54498,35.57806],[-119.54505,35.57662],[-119.54502,35.57563],[-119.54552,35.57466],[-119.54557,35.57349],[-119.54557,35.5726],[-119.54557,35.57167],[-119.54561,35.56982],[-119.54567,35.56793],[-119.54568,35.56605],[-119.5457,35.56514],[-119.54573,35.5633],[-119.54575,35.56144],[-119.54577,35.56053],[-119.54577,35.55962],[-119.54601,35.55756],[-119.54615,35.55641],[-119.5462,35.55461],[-119.54625,35.55183],[-119.54631,35.54982],[-119.54634,35.54832],[-119.54634,35.54747],[-119.54637,35.54577],[-119.54638,35.54491],[-119.5466,35.544],[-119.54661,35.54309],[-119.54675,35.54128],[-119.54689,35.54016],[-119.54689,35.53823],[-119.5466,35.53763],[-119.54598,35.53758],[-119.54599,35.53696],[-119.54601,35.53628],[-119.54603,35.53532],[-119.54603,35.53449],[-119.54603,35.5326],[-119.54513,35.53195],[-119.54372,35.53191],[-119.54126,35.53194],[-119.53869,35.53195],[-119.53748,35.53197],[-119.53667,35.53171],[-119.53579,35.53112],[-119.53488,35.53049],[-119.53221,35.52863],[-119.53153,35.52838],[-119.53061,35.52834],[-119.5297,35.52833],[-119.52866,35.52796],[-119.52804,35.52741],[-119.52799,35.52658],[-119.52795,35.52581],[-119.52786,35.52485],[-119.52736,35.5244],[-119.52531,35.5235],[-119.52422,35.52306],[-119.52113,35.52167],[-119.5184,35.52035],[-119.5174,35.51996],[-119.51501,35.51884],[-119.5141,35.51827],[-119.5131,35.51758],[-119.51221,35.51698],[-119.51004,35.51566],[-119.50895,35.515],[-119.50802,35.51429],[-119.5072,35.51371],[-119.5064,35.51314],[-119.50561,35.51256],[-119.50477,35.51184],[-119.50398,35.51118],[-119.50314,35.51046],[-119.50155,35.50909],[-119.49982,35.5076],[-119.49904,35.50697],[-119.49745,35.50562],[-119.49658,35.50492],[-119.49416,35.50282],[-119.49332,35.50214],[-119.49308,35.50145],[-119.49316,35.50069],[-119.4883,35.50062],[-119.48213,35.50055],[-119.47426,35.50046],[-119.46596,35.50052],[-119.45971,35.50053],[-119.4533,35.50048],[-119.44911,35.5011]]}},{"type":"Feature","properties":{"id":"312406","type":"AC; OVERHEAD","status":"IN SERVICE","owner":"PACIFIC GAS & ELECTRIC COMPANY","voltage":500,"voltClass":"500"},"geometry":{"type":"LineString","coordinates":[[-119.45217,35.40387],[-119.46119,35.39359],[-119.48308,35.38217],[-119.51687,35.38027],[-119.55351,35.36266],[-119.57589,35.35355],[-119.58778,35.34886],[-119.59847,35.34256],[-119.60931,35.33864],[-119.63772,35.33905],[-119.63774,35.33934],[-119.68533,35.33886],[-119.74815,35.3303],[-119.78622,35.31126],[-119.86264,35.26105],[-119.92804,35.2632],[-119.94469,35.25939],[-120.02111,35.23817],[-120.04671,35.23344],[-120.05564,35.23125],[-120.09604,35.21971],[-120.19311,35.17944],[-120.21262,35.17611],[-120.27258,35.17135],[-120.39394,35.16231],[-120.47632,35.16231],[-120.51814,35.1723],[-120.54527,35.17468],[-120.61475,35.16659],[-120.66329,35.1961],[-120.75086,35.20656],[-120.8067,35.21331],[-120.82033,35.21362],[-120.84436,35.21828],[-120.84727,35.21637]]}},{"type":"Feature","properties":{"id":"312413","type":"AC; OVERHEAD","status":"IN SERVICE","owner":"PACIFIC GAS & ELECTRIC COMPANY","voltage":230,"voltClass":"220-287"},"geometry":{"type":"LineString","coordinates":[[-119.92218,36.84478],[-119.92089,36.84473],[-119.91901,36.84749],[-119.91768,36.84947],[-119.91733,36.8517],[-119.917,36.8533]]}},{"type":"Feature","properties":{"id":"312422","type":"AC; OVERHEAD","status":"IN SERVICE","owner":"NEVADA POWER COMPANY","voltage":500,"voltClass":"500"},"geometry":{"type":"LineString","coordinates":[[-114.5985,35.1483],[-114.59532,35.14747]]}},{"type":"Feature","properties":{"id":"312431","type":"AC; OVERHEAD","status":"IN SERVICE","owner":"PACIFIC GAS & ELECTRIC COMPANY","voltage":230,"voltClass":"220-287"},"geometry":{"type":"LineString","coordinates":[[-119.09709,35.3794],[-119.09819,35.37793],[-119.09709,35.37684],[-119.09558,35.37587],[-119.0956,35.37347],[-119.09561,35.37105],[-119.09561,35.36855],[-119.09563,35.36584],[-119.09561,35.36275],[-119.0957,35.35904],[-119.0958,35.35723],[-119.09594,35.35478],[-119.096,35.35256],[-119.0961,35.35007],[-119.09622,35.34741],[-119.09622,35.34482],[-119.09619,35.34255],[-119.09625,35.34056],[-119.09629,35.33877],[-119.09635,35.33623],[-119.09642,35.33398],[-119.09648,35.33184],[-119.09653,35.32935],[-119.09662,35.32726],[-119.09669,35.32486],[-119.0967,35.32238],[-119.0967,35.31991],[-119.09671,35.31785],[-119.09648,35.31784],[-119.09646,35.31784],[-119.09395,35.31779],[-119.09092,35.3178],[-119.0871,35.31776],[-119.08347,35.31776],[-119.07968,35.31775],[-119.07589,35.31775],[-119.07211,35.31773],[-119.0697,35.31773],[-119.0682,35.3177],[-119.06768,35.31708]]}},{"type":"Feature","properties":{"id":"312433","type":"AC; OVERHEAD","status":"IN SERVICE","owner":null,"voltage":230,"voltClass":"220-287"},"geometry":{"type":"LineString","coordinates":[[-114.74302,36.01836],[-114.75418,36.01461],[-114.75552,36.0135],[-114.76282,36.01101],[-114.7796,36.00562],[-114.78511,36.00393],[-114.78586,36.00315],[-114.78905,35.99491],[-114.79961,35.9701],[-114.81083,35.94851],[-114.81776,35.93463],[-114.82212,35.92476],[-114.828,35.92672],[-114.83474,35.92781]]}},{"type":"Feature","properties":{"id":"312502","type":"AC; OVERHEAD","status":"IN SERVICE","owner":null,"voltage":500,"voltClass":"500"},"geometry":{"type":"LineString","coordinates":[[-115.00854,35.79732],[-115.00936,35.79161],[-115.00999,35.78747],[-115.01104,35.78406],[-115.01814,35.7704],[-115.03137,35.74648],[-115.04971,35.71561],[-115.06366,35.69221],[-115.07291,35.67433],[-115.083,35.63334],[-115.09109,35.59831],[-115.09864,35.56763],[-115.15072,35.51172],[-115.21532,35.46521],[-115.24114,35.4467],[-115.27015,35.42594],[-115.29658,35.40693],[-115.3189,35.39125],[-115.353,35.36663],[-115.40437,35.32978],[-115.45014,35.29684],[-115.49479,35.26473],[-115.50386,35.25849],[-115.51068,35.25535],[-115.53018,35.24632],[-115.56541,35.22995],[-115.60635,35.21097],[-115.62722,35.20121],[-115.65867,35.18663],[-115.66797,35.1823],[-115.6841,35.17398],[-115.7026,35.16426],[-115.72662,35.15191],[-115.75397,35.13768],[-115.78393,35.12215],[-115.80017,35.11359],[-115.81883,35.10334],[-115.82642,35.09893],[-115.82885,35.09515],[-115.83314,35.09199],[-115.83807,35.08873],[-115.84497,35.08303],[-115.86884,35.07369],[-115.87203,35.07355],[-115.87876,35.07072],[-115.93611,35.04742],[-115.95093,35.0426],[-115.95619,35.0409],[-115.98145,35.03724],[-116.02481,35.03132],[-116.05666,35.01559],[-116.0923,34.99756],[-116.10217,34.99025],[-116.11525,34.98059],[-116.126,34.97261],[-116.14475,34.95876],[-116.15898,34.94827],[-116.17224,34.93841],[-116.18304,34.9268],[-116.191,34.9182],[-116.20607,34.90192],[-116.21133,34.89538],[-116.22486,34.88985],[-116.22818,34.8877],[-116.26673,34.86393],[-116.32609,34.83032],[-116.33276,34.82655],[-116.33905,34.82128],[-116.35703,34.80615],[-116.38351,34.7838],[-116.39362,34.77528],[-116.40114,34.7645],[-116.40382,34.7613],[-116.42152,34.73588],[-116.46576,34.71465],[-116.48958,34.69452],[-116.50391,34.68227],[-116.54185,34.66376],[-116.56454,34.65269],[-116.58665,34.636],[-116.60737,34.62651],[-116.62868,34.61672],[-116.66525,34.61612],[-116.68027,34.61594],[-116.70315,34.6087],[-116.74804,34.60669],[-116.7916,34.58662],[-116.8134,34.57661],[-116.85671,34.56718],[-116.88634,34.56077],[-116.92249,34.55291],[-116.94675,34.54766],[-116.97842,34.51895],[-117.01073,34.47861],[-117.0181,34.47289],[-117.0301,34.46897],[-117.04838,34.46134],[-117.05708,34.44728],[-117.06803,34.42947],[-117.06785,34.41463],[-117.07528,34.41464],[-117.11606,34.39647],[-117.18147,34.36714],[-117.27197,34.36539],[-117.30699,34.36512],[-117.32608,34.3488],[-117.33795,34.35146],[-117.36289,34.36398],[-117.36874,34.36669]]}},{"type":"Feature","properties":{"id":"312509","type":"AC; OVERHEAD","status":"IN SERVICE","owner":"NV ENERGY","voltage":138,"voltClass":"100-161"},"geometry":{"type":"LineString","coordinates":[[-114.96909,36.0223],[-114.96755,36.02005],[-114.96756,36.01259],[-114.99424,36.01252],[-114.99613,36.0132],[-114.99971,36.01464],[-115.00172,36.01543],[-115.00585,36.01912],[-115.01199,36.02214],[-115.02196,36.02706],[-115.03016,36.02712],[-115.04111,36.02703],[-115.06054,36.02264],[-115.0863,36.01685],[-115.1026,36.01318],[-115.10489,36.0134],[-115.10736,36.01283],[-115.11041,36.01198],[-115.11906,36.00967],[-115.15661,36.00987],[-115.19048,36.0098],[-115.24461,36.00956],[-115.28598,36.00853],[-115.28945,36.01125],[-115.29843,36.01128],[-115.29997,36.01114],[-115.30405,36.01078],[-115.30744,36.01149],[-115.32193,36.01081],[-115.33139,36.01129],[-115.38195,36.00962],[-115.41903,36.00825],[-115.42224,36.01336],[-115.4466,35.99858],[-115.45311,35.99544],[-115.46076,35.99303],[-115.46951,35.99301],[-115.4731,36.00055],[-115.48425,36.00869],[-115.49883,36.01339],[-115.50143,36.0133],[-115.5104,36.02003],[-115.51765,36.02192],[-115.53192,36.02298],[-115.55513,36.0202],[-115.57869,36.00998],[-115.57965,36.01121],[-115.58623,36.00864],[-115.63111,36.00875]]}},{"type":"Feature","properties":{"id":"312564","type":"AC; OVERHEAD","status":"IN SERVICE","owner":"NEVADA POWER COMPANY","voltage":138,"voltClass":"100-161"},"geometry":{"type":"LineString","coordinates":[[-115.04943,36.08641],[-115.05116,36.08627],[-115.06169,36.08604],[-115.06618,36.08551],[-115.08566,36.08548],[-115.08616,36.08513]]}},{"type":"Feature","properties":{"id":"312539","type":"AC; OVERHEAD","status":"IN SERVICE","owner":"NEVADA POWER COMPANY","voltage":138,"voltClass":"100-161"},"geometry":{"type":"LineString","coordinates":[[-115.1195,36.08308],[-115.11902,36.08373],[-115.11904,36.08554],[-115.11914,36.09294],[-115.11926,36.10503],[-115.11938,36.10917],[-115.12271,36.10923],[-115.1325,36.10941],[-115.13772,36.10946],[-115.13807,36.11517],[-115.14182,36.11521],[-115.14227,36.1151],[-115.14238,36.11478],[-115.14391,36.11483],[-115.14845,36.11493],[-115.15155,36.11482],[-115.15456,36.11445],[-115.16008,36.11459],[-115.1624,36.11472],[-115.16283,36.11485]]}},{"type":"Feature","properties":{"id":"312546","type":"AC; OVERHEAD","status":null,"owner":"NEVADA POWER COMPANY","voltage":138,"voltClass":"100-161"},"geometry":{"type":"LineString","coordinates":[[-115.19747,36.20333],[-115.19742,36.20273]]}},{"type":"Feature","properties":{"id":"312609","type":"AC; OVERHEAD","status":"IN SERVICE","owner":"PACIFIC GAS & ELECTRIC COMPANY","voltage":115,"voltClass":"100-161"},"geometry":{"type":"LineString","coordinates":[[-119.60964,35.31516],[-119.60957,35.31558],[-119.60693,35.31555],[-119.60693,35.31859],[-119.60695,35.32195],[-119.60696,35.32513],[-119.60697,35.32666],[-119.60698,35.32794],[-119.60697,35.33193],[-119.60699,35.33319],[-119.60703,35.33565],[-119.60701,35.337],[-119.60699,35.33838],[-119.60713,35.33974],[-119.60712,35.33996],[-119.60711,35.34094],[-119.60436,35.34314],[-119.60369,35.34431],[-119.60301,35.34554],[-119.60236,35.34672],[-119.6017,35.34793],[-119.60098,35.34919],[-119.59895,35.35106],[-119.59796,35.35199],[-119.59603,35.35376],[-119.59502,35.35471],[-119.59404,35.35562],[-119.59305,35.35649],[-119.59192,35.35716],[-119.59056,35.35798],[-119.58831,35.35928],[-119.58672,35.3602],[-119.58412,35.36169],[-119.58155,35.36316],[-119.58028,35.36389],[-119.5777,35.36539],[-119.57503,35.36693],[-119.57295,35.36812],[-119.57208,35.36864],[-119.57104,35.36949],[-119.56993,35.37043],[-119.56768,35.37228],[-119.56549,35.37408],[-119.56438,35.375],[-119.56218,35.37681],[-119.55996,35.37864],[-119.55819,35.3801],[-119.55664,35.38137],[-119.5556,35.38228],[-119.55452,35.38315],[-119.55336,35.38318],[-119.55063,35.38318],[-119.54743,35.38317],[-119.54586,35.38315],[-119.54422,35.38315],[-119.54262,35.38315],[-119.54097,35.38316],[-119.53937,35.38316],[-119.53742,35.38309],[-119.53623,35.38316],[-119.52981,35.38319],[-119.52821,35.38319],[-119.52662,35.38319],[-119.52499,35.38319],[-119.52177,35.3832],[-119.51908,35.38319],[-119.51773,35.38319],[-119.51558,35.38323],[-119.5146,35.38321],[-119.51387,35.3832],[-119.51207,35.38321],[-119.5104,35.38322],[-119.50884,35.38325],[-119.50733,35.38324],[-119.50563,35.38325],[-119.50404,35.38325],[-119.50242,35.38325],[-119.49826,35.3833],[-119.49665,35.38333],[-119.49328,35.38338],[-119.49164,35.3834],[-119.49002,35.38342],[-119.48844,35.38346],[-119.48681,35.38349],[-119.48518,35.3835],[-119.48361,35.38354],[-119.48286,35.3837],[-119.48166,35.38365],[-119.48014,35.38357],[-119.47848,35.38359],[-119.47681,35.38362],[-119.47533,35.38366],[-119.47212,35.38369],[-119.47047,35.38372],[-119.46908,35.38374],[-119.46765,35.38378],[-119.46764,35.38496],[-119.46762,35.38622],[-119.4676,35.3886],[-119.46761,35.38982],[-119.4676,35.39091],[-119.4676,35.39107],[-119.46761,35.39132],[-119.46762,35.39229],[-119.46762,35.39242],[-119.46761,35.39339],[-119.4676,35.39507],[-119.4676,35.39543],[-119.46759,35.39628],[-119.4676,35.39856],[-119.46758,35.39992],[-119.46742,35.40003],[-119.46637,35.40004],[-119.46559,35.40003],[-119.46518,35.40003],[-119.4647,35.40004],[-119.46458,35.3998],[-119.46403,35.39979],[-119.46161,35.39978],[-119.46092,35.39975],[-119.46016,35.39957],[-119.45856,35.39935],[-119.45756,35.39922],[-119.45722,35.39921],[-119.45678,35.39921],[-119.45669,35.39921],[-119.45569,35.39921],[-119.45562,35.39921],[-119.45553,35.39921],[-119.45455,35.3992],[-119.45449,35.3992],[-119.45443,35.3992],[-119.45365,35.3992],[-119.4534,35.3992],[-119.45316,35.3992],[-119.45251,35.3992],[-119.45241,35.3992],[-119.45112,35.3992],[-119.45071,35.39922],[-119.45065,35.39922],[-119.45027,35.39924],[-119.4496,35.39927],[-119.44961,35.39976],[-119.44961,35.39982],[-119.44962,35.40037],[-119.44885,35.40034]]}},{"type":"Feature","properties":{"id":"312643","type":"AC; OVERHEAD","status":"IN SERVICE","owner":"NEVADA POWER COMPANY","voltage":230,"voltClass":"220-287"},"geometry":{"type":"LineString","coordinates":[[-115.00854,35.79732],[-115.00736,35.80042],[-115.00608,35.80326],[-115.00413,35.80451],[-114.98933,35.81223],[-114.9752,35.8197],[-114.9715,35.82324],[-114.956,35.83147],[-114.95426,35.83311],[-114.92093,35.86555],[-114.90603,35.87986],[-114.87277,35.91221],[-114.86138,35.92323],[-114.85891,35.92541],[-114.85768,35.92541],[-114.84264,35.92368],[-114.83851,35.92403],[-114.83571,35.9245],[-114.83474,35.92781]]}},{"type":"Feature","properties":{"id":"312661","type":"AC; OVERHEAD","status":"IN SERVICE","owner":null,"voltage":230,"voltClass":"220-287"},"geometry":{"type":"LineString","coordinates":[[-118.58994,37.54581],[-118.57085,37.50503],[-118.56447,37.48739],[-118.56071,37.466],[-118.55732,37.43785]]}},{"type":"Feature","properties":{"id":"312667","type":"AC; OVERHEAD","status":"IN SERVICE","owner":"PACIFIC GAS & ELECTRIC COMPANY","voltage":115,"voltClass":"100-161"},"geometry":{"type":"LineString","coordinates":[[-119.72373,36.68886],[-119.72373,36.68917],[-119.7224,36.68914],[-119.72225,36.68914],[-119.72225,36.69063],[-119.72228,36.6926],[-119.72581,36.69253],[-119.72587,36.69309],[-119.72654,36.69324]]}},{"type":"Feature","properties":{"id":"312677","type":"AC; OVERHEAD","status":"IN SERVICE","owner":"PACIFIC GAS & ELECTRIC COMPANY","voltage":115,"voltClass":"100-161"},"geometry":{"type":"LineString","coordinates":[[-119.482,35.13602],[-119.48263,35.13791],[-119.48264,35.14039],[-119.48265,35.14808],[-119.48268,35.15318],[-119.48283,35.15675],[-119.48279,35.16303],[-119.48274,35.16569],[-119.48273,35.16606],[-119.48273,35.16796],[-119.48272,35.16977],[-119.48267,35.17422],[-119.48273,35.18016],[-119.47883,35.18017],[-119.47415,35.1802],[-119.47421,35.1834],[-119.47424,35.18699],[-119.47427,35.18994],[-119.47428,35.19165],[-119.47431,35.19337],[-119.47436,35.19936],[-119.47444,35.21322],[-119.47448,35.21518],[-119.47454,35.22273],[-119.47452,35.22538],[-119.47458,35.22761],[-119.47453,35.22991],[-119.47468,35.23236],[-119.47469,35.23507],[-119.47461,35.23637],[-119.47464,35.23725],[-119.47464,35.23959],[-119.47461,35.24498],[-119.47461,35.24502],[-119.47467,35.24775],[-119.47452,35.24915],[-119.47462,35.24991],[-119.47466,35.25165],[-119.4747,35.25314],[-119.47467,35.25428],[-119.47469,35.25734],[-119.47469,35.25887],[-119.47468,35.26059],[-119.47473,35.26373],[-119.47473,35.26596],[-119.47478,35.2678],[-119.47478,35.27223],[-119.47411,35.27226]]}},{"type":"Feature","properties":{"id":"310868","type":"AC; OVERHEAD","status":"IN SERVICE","owner":"PACIFIC GAS & ELECTRIC COMPANY","voltage":115,"voltClass":"100-161"},"geometry":{"type":"LineString","coordinates":[[-119.11487,35.54425],[-119.11525,35.54498],[-119.11601,35.54615],[-119.11674,35.54677],[-119.11723,35.54772],[-119.1179,35.54907],[-119.11913,35.55126],[-119.11966,35.55246],[-119.12014,35.55398],[-119.12105,35.55529],[-119.12339,35.55625]]}},{"type":"Feature","properties":{"id":"310874","type":"AC; OVERHEAD","status":"IN SERVICE","owner":"NEVADA POWER COMPANY","voltage":138,"voltClass":"100-161"},"geometry":{"type":"LineString","coordinates":[[-115.42951,36.42548],[-115.44708,36.45587],[-115.45728,36.46574],[-115.57391,36.5332],[-115.61858,36.559],[-115.67911,36.56449],[-115.68019,36.56456],[-115.6819,36.57951],[-115.68249,36.57977]]}},{"type":"Feature","properties":{"id":"310892","type":"AC; OVERHEAD","status":"IN SERVICE","owner":"SIERRA PACIFIC POWER COMPANY","voltage":120,"voltClass":"100-161"},"geometry":{"type":"LineString","coordinates":[[-119.5187,39.56312],[-119.51893,39.56474],[-119.5231,39.56693],[-119.52431,39.56878],[-119.52985,39.57692],[-119.55113,39.56916],[-119.56586,39.56393],[-119.57708,39.55986],[-119.58672,39.55635],[-119.61,39.54062],[-119.61434,39.53841],[-119.62746,39.5328],[-119.64084,39.53694],[-119.64522,39.54306],[-119.64831,39.54715],[-119.66141,39.54737],[-119.66821,39.54743],[-119.68236,39.55094],[-119.69296,39.5567],[-119.70252,39.56188],[-119.7078,39.5671],[-119.71579,39.56847],[-119.72501,39.57085],[-119.73668,39.57108],[-119.73733,39.5711],[-119.73772,39.57161]]}},{"type":"Feature","properties":{"id":"310942","type":"AC; OVERHEAD","status":"IN SERVICE","owner":"PACIFIC GAS & ELECTRIC COMPANY","voltage":115,"voltClass":"100-161"},"geometry":{"type":"LineString","coordinates":[[-119.45217,35.40387],[-119.44859,35.40378],[-119.44798,35.40379],[-119.4472,35.4046],[-119.44621,35.40564],[-119.44285,35.40563],[-119.43948,35.40564],[-119.43608,35.40564],[-119.43274,35.40562],[-119.42937,35.40561],[-119.42703,35.40561],[-119.42468,35.40561],[-119.42232,35.40561],[-119.41998,35.4056],[-119.41763,35.40561],[-119.41525,35.40561],[-119.4119,35.4056],[-119.41099,35.40651],[-119.40918,35.40831],[-119.40825,35.40919],[-119.40716,35.41009],[-119.40587,35.41136],[-119.40527,35.41201],[-119.40367,35.41364],[-119.40269,35.41459],[-119.40165,35.41559],[-119.4008,35.41644],[-119.39991,35.41732],[-119.39905,35.41815],[-119.39812,35.41899],[-119.39717,35.41991],[-119.39636,35.42074],[-119.39549,35.42159],[-119.39463,35.42243],[-119.39381,35.42322],[-119.39282,35.42416],[-119.392,35.42498],[-119.39107,35.42589],[-119.39013,35.42679],[-119.38883,35.42802],[-119.38756,35.42949],[-119.3859,35.43131],[-119.38463,35.43264],[-119.38352,35.43388],[-119.38265,35.43473],[-119.38111,35.43653],[-119.3803,35.43741],[-119.37946,35.4383],[-119.37783,35.4401],[-119.37702,35.44097],[-119.37612,35.44195],[-119.37452,35.442],[-119.37205,35.44199],[-119.36961,35.44198],[-119.36712,35.44196],[-119.36488,35.44196],[-119.36269,35.44195],[-119.3604,35.44195],[-119.35803,35.44195],[-119.3555,35.44194],[-119.35297,35.44193],[-119.35048,35.44192],[-119.34787,35.44191],[-119.34534,35.4419],[-119.3428,35.44189],[-119.34022,35.44189],[-119.33765,35.44187],[-119.33522,35.44186],[-119.33266,35.44186],[-119.33153,35.44184],[-119.33005,35.44184],[-119.3276,35.44183],[-119.32511,35.44183],[-119.32255,35.44182],[-119.32006,35.44182],[-119.31948,35.4418],[-119.31884,35.44179],[-119.31881,35.44214],[-119.31879,35.45034],[-119.31875,35.45182],[-119.31873,35.45327],[-119.31874,35.45471],[-119.31873,35.45625],[-119.31874,35.45769],[-119.31873,35.46078],[-119.3187,35.46235],[-119.31871,35.4638],[-119.3187,35.46674],[-119.3186,35.46824],[-119.31869,35.47105],[-119.31864,35.47263],[-119.31861,35.47541],[-119.31859,35.47701],[-119.31858,35.47823],[-119.31857,35.47973],[-119.31853,35.48119],[-119.31853,35.4826],[-119.31849,35.48405],[-119.3183,35.48708],[-119.31839,35.49276],[-119.31831,35.49415],[-119.31831,35.49826],[-119.3183,35.49981],[-119.31827,35.5013],[-119.31825,35.50272],[-119.31823,35.50553],[-119.31818,35.50704],[-119.31817,35.50838],[-119.31815,35.50971],[-119.31813,35.51103],[-119.31812,35.51252],[-119.31811,35.5135],[-119.31752,35.51394]]}},{"type":"Feature","properties":{"id":"310968","type":"AC; OVERHEAD","status":"IN SERVICE","owner":"NEVADA POWER COMPANY","voltage":230,"voltClass":"220-287"},"geometry":{"type":"LineString","coordinates":[[-115.03128,36.03559],[-115.0297,36.0358],[-115.02921,36.03485],[-115.0209,36.03726],[-115.01938,36.03735],[-115.00947,36.0381],[-115.00384,36.03763],[-115.00072,36.03805],[-114.99787,36.03688],[-114.99746,36.03472],[-114.99508,36.03288],[-114.97594,36.02468],[-114.91892,36.02047],[-114.91946,36.02559]]}},{"type":"Feature","properties":{"id":"310997","type":"AC; OVERHEAD","status":"IN SERVICE","owner":"NEVADA POWER COMPANY","voltage":138,"voltClass":"100-161"},"geometry":{"type":"LineString","coordinates":[[-115.13019,36.11617],[-115.13061,36.11638],[-115.13182,36.11637],[-115.13192,36.11512],[-115.13699,36.11509],[-115.13804,36.1153],[-115.14183,36.11536],[-115.1431,36.11507]]}},{"type":"Feature","properties":{"id":"311009","type":"AC; OVERHEAD","status":"IN SERVICE","owner":"SIERRA PACIFIC POWER COMPANY","voltage":120,"voltClass":"100-161"},"geometry":{"type":"LineString","coordinates":[[-119.69709,39.18889],[-119.69663,39.19004],[-119.69586,39.19074],[-119.69591,39.20073],[-119.73332,39.21715],[-119.74655,39.21777],[-119.75678,39.22224],[-119.75706,39.24766],[-119.76948,39.25984],[-119.78923,39.27545],[-119.78942,39.32446],[-119.79262,39.3302],[-119.79881,39.34108],[-119.80008,39.34324],[-119.80544,39.35436],[-119.8098,39.369],[-119.81221,39.37718],[-119.81019,39.38322],[-119.81442,39.38474],[-119.81724,39.3944],[-119.8183,39.39775],[-119.81896,39.40725],[-119.8197,39.41715],[-119.82008,39.42253],[-119.82036,39.42621],[-119.82133,39.42936],[-119.82555,39.4377],[-119.82613,39.44425],[-119.82613,39.45074],[-119.82606,39.45237],[-119.8387,39.4627],[-119.85193,39.47333],[-119.85509,39.47585],[-119.85791,39.4778],[-119.85807,39.47807],[-119.85732,39.47836]]}},{"type":"Feature","properties":{"id":"311035","type":"AC; OVERHEAD","status":"IN SERVICE","owner":"PACIFIC GAS & ELECTRIC COMPANY","voltage":115,"voltClass":"100-161"},"geometry":{"type":"LineString","coordinates":[[-119.5572,36.10944],[-119.55679,36.10902],[-119.55467,36.10903],[-119.55345,36.10903],[-119.55149,36.10901],[-119.54944,36.10901],[-119.54729,36.10901],[-119.54517,36.10901],[-119.54312,36.10902],[-119.54092,36.10902],[-119.53872,36.10902],[-119.53629,36.10906],[-119.53514,36.1074],[-119.53405,36.1058],[-119.53299,36.10423],[-119.53193,36.10271],[-119.53086,36.10113],[-119.52978,36.09955],[-119.52875,36.09805],[-119.52763,36.09642],[-119.52657,36.09487],[-119.52548,36.09328],[-119.52441,36.0917],[-119.52332,36.09012],[-119.52232,36.08869],[-119.52123,36.0871],[-119.52013,36.08551],[-119.51904,36.08392],[-119.51795,36.08232],[-119.51689,36.08075],[-119.51578,36.07918],[-119.51469,36.0776],[-119.5136,36.07602],[-119.51252,36.07444],[-119.51144,36.07298],[-119.51035,36.07125],[-119.50928,36.06966],[-119.50823,36.06815],[-119.50713,36.06652],[-119.50606,36.06493],[-119.50406,36.06202],[-119.50299,36.06046],[-119.50189,36.05888],[-119.50085,36.05733],[-119.49978,36.05578],[-119.4987,36.05417],[-119.4965,36.051]]}},{"type":"Feature","properties":{"id":"311050","type":"AC; OVERHEAD","status":"IN SERVICE","owner":"PACIFIC GAS & ELECTRIC COMPANY","voltage":230,"voltClass":"220-287"},"geometry":{"type":"LineString","coordinates":[[-118.84294,34.93535],[-118.84337,34.93793],[-118.85758,34.98736],[-118.88592,35.08469],[-118.92268,35.20801],[-118.9226,35.35902],[-118.92193,35.36115]]}},{"type":"Feature","properties":{"id":"311072","type":"AC; OVERHEAD","status":"IN SERVICE","owner":null,"voltage":500,"voltClass":"500"},"geometry":{"type":"LineString","coordinates":[[-118.11807,34.4863],[-118.12234,34.49059],[-118.12754,34.49438],[-118.14,34.50344],[-118.18567,34.52472],[-118.1855,34.53547],[-118.19385,34.5471],[-118.19563,34.55159],[-118.19857,34.55857],[-118.2253,34.55856],[-118.2499,34.57564],[-118.29681,34.58138],[-118.31485,34.59647],[-118.40663,34.59503],[-118.43708,34.59651],[-118.45653,34.60323],[-118.47093,34.59527],[-118.51374,34.59385],[-118.5511,34.6023],[-118.55783,34.60441],[-118.56245,34.60487],[-118.5991,34.61311],[-118.6341,34.61257],[-118.69083,34.6106],[-118.70963,34.62034],[-118.72853,34.65623],[-118.72991,34.66188],[-118.7391,34.6858],[-118.74818,34.70908],[-118.75929,34.73402],[-118.83496,34.77402],[-118.88375,34.77873],[-118.91686,34.83036],[-118.91781,34.83227],[-118.91794,34.85028],[-118.94853,34.89252],[-118.98941,34.9388],[-119.04685,34.97945],[-119.04677,35.10197],[-119.04671,35.16264],[-119.10939,35.19712],[-119.17121,35.23107],[-119.19273,35.22783],[-119.21165,35.24477],[-119.23564,35.26608],[-119.26811,35.29289],[-119.30311,35.32197],[-119.31458,35.33022],[-119.34394,35.34758],[-119.42524,35.39017],[-119.44837,35.39652],[-119.45354,35.39791],[-119.45394,35.4005],[-119.45217,35.40387]]}},{"type":"Feature","properties":{"id":"311066","type":"AC; OVERHEAD","status":"IN SERVICE","owner":"SIERRA PACIFIC POWER COMPANY","voltage":345,"voltClass":"345"},"geometry":{"type":"LineString","coordinates":[[-120.00421,39.6559],[-120.00274,39.65544],[-120.00158,39.64843],[-119.99522,39.644],[-119.99395,39.64205],[-119.9872,39.63154],[-119.97923,39.63083],[-119.97585,39.63611],[-119.94509,39.6362],[-119.93832,39.6318],[-119.93326,39.62869],[-119.92864,39.62671],[-119.9248,39.62567],[-119.92158,39.62579],[-119.91849,39.62572],[-119.91522,39.62533],[-119.91233,39.62496],[-119.9078,39.6241],[-119.89731,39.62197],[-119.88769,39.61968],[-119.88437,39.61904],[-119.88267,39.61792],[-119.88008,39.61819],[-119.87584,39.6174],[-119.87137,39.61735],[-119.86691,39.61648],[-119.85948,39.61492],[-119.85705,39.61418],[-119.85436,39.61339],[-119.85088,39.61239],[-119.84859,39.61045],[-119.84168,39.60451],[-119.83919,39.60226],[-119.83658,39.60155],[-119.8359,39.6002],[-119.83486,39.59856],[-119.82848,39.5926],[-119.82638,39.59176],[-119.8259,39.58984],[-119.82249,39.58621],[-119.81897,39.58248],[-119.81763,39.58114],[-119.81511,39.57943],[-119.80674,39.57441],[-119.80685,39.56991],[-119.80694,39.56344],[-119.80689,39.55935],[-119.80657,39.55835]]}},{"type":"Feature","properties":{"id":"311127","type":"AC; OVERHEAD","status":"IN SERVICE","owner":"PACIFIC GAS & ELECTRIC COMPANY","voltage":115,"voltClass":"100-161"},"geometry":{"type":"LineString","coordinates":[[-118.9764,35.42795],[-118.97748,35.42794]]}},{"type":"Feature","properties":{"id":"311132","type":"AC; OVERHEAD","status":"IN SERVICE","owner":"SIERRA PACIFIC POWER COMPANY","voltage":120,"voltClass":"100-161"},"geometry":{"type":"LineString","coordinates":[[-117.24268,38.06926],[-117.25355,38.03563],[-117.26747,38.00181],[-117.26559,37.99972],[-117.33733,37.82517],[-117.3374,37.82403]]}},{"type":"Feature","properties":{"id":"311135","type":"AC; OVERHEAD","status":"IN SERVICE","owner":"PACIFIC GAS & ELECTRIC COMPANY","voltage":115,"voltClass":"100-161"},"geometry":{"type":"LineString","coordinates":[[-119.0133,35.44045],[-119.01355,35.44045],[-119.01353,35.44124],[-119.01093,35.44118],[-119.00835,35.4412],[-119.00616,35.44122],[-119.00413,35.44122],[-119.00349,35.4414],[-119.00071,35.44141],[-118.9964,35.44139],[-118.99356,35.44131],[-118.99243,35.44148],[-118.99078,35.44149],[-118.98955,35.44146],[-118.98745,35.44142],[-118.9841,35.44142],[-118.98301,35.44145],[-118.97587,35.4413],[-118.96897,35.44116],[-118.96065,35.44115],[-118.96067,35.44066]]}},{"type":"Feature","properties":{"id":"311143","type":"AC; OVERHEAD","status":"IN SERVICE","owner":"PACIFIC GAS & ELECTRIC COMPANY","voltage":115,"voltClass":"100-161"},"geometry":{"type":"LineString","coordinates":[[-119.62455,35.2424],[-119.62514,35.23856],[-119.63122,35.23876],[-119.63422,35.23877],[-119.63467,35.23877],[-119.63509,35.23877],[-119.63582,35.23877],[-119.63969,35.23878],[-119.64276,35.23882],[-119.64512,35.23881],[-119.65052,35.23883],[-119.65191,35.23819],[-119.65354,35.23739],[-119.65534,35.23651],[-119.65698,35.23565],[-119.66008,35.23414],[-119.66367,35.23231],[-119.66512,35.23159],[-119.66643,35.23102],[-119.6679,35.2302],[-119.66963,35.22935],[-119.67095,35.22854],[-119.67185,35.22813],[-119.6757,35.22632],[-119.67918,35.22462],[-119.68168,35.22343],[-119.68358,35.2225],[-119.68525,35.22168],[-119.69062,35.21899],[-119.69295,35.21769],[-119.69661,35.21447],[-119.70043,35.21111],[-119.70433,35.20771],[-119.70871,35.20382],[-119.71301,35.20008],[-119.7151,35.19822],[-119.72444,35.19493],[-119.74054,35.18943],[-119.74395,35.18942],[-119.75078,35.18948],[-119.75954,35.18953],[-119.76642,35.18964],[-119.77516,35.18964],[-119.78105,35.18976],[-119.81872,35.18996],[-119.82481,35.18994],[-119.82817,35.18996],[-119.83487,35.19002],[-119.84284,35.19007],[-119.84948,35.19016],[-119.85474,35.19017],[-119.86231,35.1902],[-119.86697,35.19026],[-119.87266,35.19029],[-119.88111,35.19028],[-119.88786,35.19032],[-119.8888,35.19037],[-119.89863,35.19046],[-119.89932,35.19049],[-119.90426,35.1905],[-119.9064,35.19049],[-119.90966,35.19048],[-119.91393,35.19064],[-119.91794,35.1906],[-119.9232,35.19063],[-119.92572,35.19065],[-119.93191,35.1907],[-119.93841,35.19071],[-119.94468,35.19078],[-119.94841,35.19078],[-119.95479,35.19073],[-119.95594,35.19073],[-119.95709,35.18967],[-119.95935,35.18767],[-119.96098,35.18615],[-119.96443,35.18302],[-119.96764,35.18019],[-119.97103,35.17713],[-119.97332,35.1751],[-119.97694,35.17183],[-119.97981,35.16935],[-119.98228,35.16707],[-119.98411,35.16543],[-119.98646,35.16339],[-119.98923,35.16092],[-119.99046,35.15978],[-119.99301,35.1575],[-119.99476,35.15595],[-119.99829,35.15284],[-120.00295,35.14864],[-120.00372,35.14792],[-120.00857,35.14383],[-120.0121,35.14077],[-120.01807,35.13525],[-120.01919,35.13427],[-120.02301,35.13077],[-120.02553,35.12886],[-120.02695,35.1277],[-120.02962,35.12531],[-120.03248,35.12267],[-120.03365,35.12168],[-120.03671,35.11995],[-120.03979,35.11848],[-120.0433,35.11676],[-120.04718,35.11477],[-120.05122,35.11286],[-120.05671,35.11042],[-120.06006,35.10878],[-120.06523,35.10898],[-120.07049,35.10921],[-120.07734,35.10943],[-120.08189,35.10954],[-120.09293,35.10998],[-120.09596,35.11024],[-120.0985,35.11046],[-120.09984,35.11006],[-120.10627,35.10761],[-120.12083,35.10122],[-120.12619,35.09889],[-120.13589,35.09455],[-120.13916,35.09315],[-120.142,35.08992],[-120.14542,35.08686],[-120.15033,35.08256],[-120.15341,35.07872],[-120.15573,35.07642],[-120.15968,35.07241],[-120.16364,35.06839],[-120.16783,35.06424],[-120.17228,35.05967],[-120.17528,35.05608],[-120.17663,35.05413],[-120.17929,35.05018],[-120.1808,35.04796],[-120.18385,35.04347],[-120.1864,35.03972],[-120.18959,35.03518],[-120.19006,35.03436],[-120.19047,35.03367],[-120.19217,35.0318],[-120.19469,35.02915],[-120.19795,35.02532],[-120.20011,35.023],[-120.20207,35.02086],[-120.20374,35.01907],[-120.20547,35.01711],[-120.20916,35.0137],[-120.21026,35.01191],[-120.21406,35.00772],[-120.217,35.00451],[-120.21872,35.0026],[-120.22134,34.99963],[-120.22365,34.9968],[-120.22683,34.99276],[-120.23252,34.98972],[-120.23677,34.98761],[-120.23962,34.9859],[-120.24654,34.98229],[-120.24843,34.98116],[-120.25408,34.97808],[-120.25605,34.97723],[-120.25771,34.97673],[-120.26174,34.97577],[-120.26344,34.97536],[-120.26757,34.97438],[-120.27036,34.97365],[-120.27269,34.97309],[-120.27416,34.97083],[-120.27506,34.9695],[-120.28099,34.96083],[-120.28626,34.95846],[-120.28992,34.95587],[-120.29185,34.95473],[-120.29323,34.9539],[-120.29532,34.95268],[-120.30056,34.94944],[-120.30354,34.94782],[-120.30582,34.94647],[-120.31035,34.94363],[-120.31325,34.94292],[-120.31793,34.94173],[-120.32064,34.94074],[-120.3229,34.93965],[-120.32851,34.93683],[-120.33309,34.93407],[-120.33552,34.93266],[-120.33725,34.93161],[-120.33876,34.93076],[-120.34291,34.92773],[-120.34524,34.92617],[-120.34671,34.92533],[-120.34773,34.92571],[-120.3489,34.92632],[-120.35035,34.92783],[-120.35199,34.92927],[-120.35372,34.93041],[-120.355,34.93076],[-120.35553,34.93076],[-120.35555,34.9291],[-120.35559,34.92675],[-120.35561,34.92458],[-120.35574,34.9148],[-120.35592,34.91388],[-120.35629,34.91234],[-120.35632,34.90943],[-120.35,34.90341],[-120.34462,34.89638],[-120.33664,34.88603],[-120.33159,34.87843],[-120.33069,34.87851]]}},{"type":"Feature","properties":{"id":"311144","type":"AC; OVERHEAD","status":"IN SERVICE","owner":"PACIFIC GAS & ELECTRIC COMPANY","voltage":115,"voltClass":"100-161"},"geometry":{"type":"LineString","coordinates":[[-119.59242,35.29608],[-119.59421,35.29656],[-119.59734,35.29658],[-119.60032,35.2966],[-119.60329,35.29658],[-119.60576,35.29616],[-119.60829,35.29573],[-119.61064,35.29531],[-119.61324,35.29488],[-119.61559,35.29524],[-119.61821,35.29489],[-119.62098,35.29426],[-119.62362,35.2923],[-119.62372,35.28963],[-119.62375,35.2878],[-119.62376,35.28616],[-119.62336,35.28444],[-119.6237,35.28342],[-119.62369,35.28289],[-119.62366,35.28194],[-119.62363,35.27972],[-119.62357,35.27768],[-119.62353,35.27554],[-119.6235,35.27351],[-119.62343,35.27115],[-119.6233,35.26837],[-119.62325,35.26618],[-119.62328,35.26414],[-119.62336,35.26186],[-119.62342,35.26035],[-119.62347,35.25814],[-119.62353,35.25611],[-119.62361,35.25433],[-119.62367,35.25241],[-119.62371,35.25153],[-119.62424,35.25104],[-119.62506,35.25029],[-119.62588,35.24964],[-119.62754,35.24827],[-119.62935,35.24681],[-119.63085,35.24557],[-119.6325,35.24425],[-119.63411,35.24294],[-119.63596,35.24146],[-119.6353,35.23945],[-119.63509,35.23877],[-119.63457,35.23712],[-119.63405,35.23549],[-119.63361,35.23413],[-119.63371,35.23168],[-119.63381,35.23005],[-119.63388,35.22791],[-119.63382,35.22555],[-119.63391,35.22424],[-119.63386,35.22229],[-119.6338,35.22034],[-119.63257,35.21961],[-119.63118,35.21879],[-119.6288,35.21738],[-119.6265,35.216],[-119.62422,35.21462],[-119.62215,35.21339],[-119.62019,35.21225],[-119.61875,35.21136],[-119.6162,35.20993],[-119.61427,35.20935],[-119.61146,35.20945],[-119.61034,35.20949],[-119.60831,35.20937],[-119.60723,35.2093],[-119.60556,35.2092],[-119.60414,35.20921],[-119.60168,35.2092],[-119.59969,35.2092],[-119.5982,35.20939],[-119.59777,35.20945],[-119.59593,35.20944],[-119.59394,35.20944],[-119.59211,35.20944],[-119.58996,35.20943],[-119.5884,35.20943],[-119.58721,35.20905],[-119.585,35.20906],[-119.58283,35.20906],[-119.58175,35.20906],[-119.58176,35.21019],[-119.58269,35.21026]]}},{"type":"Feature","properties":{"id":"311160","type":"AC; OVERHEAD","status":"IN SERVICE","owner":null,"voltage":500,"voltClass":"500"},"geometry":{"type":"LineString","coordinates":[[-115.00854,35.79732],[-115.0075,35.78733],[-115.0084,35.78155],[-115.01563,35.77062],[-115.03005,35.74572],[-115.04453,35.72023],[-115.04848,35.71446],[-115.06039,35.69444],[-115.06332,35.68983],[-115.06848,35.67961],[-115.0714,35.67316],[-115.07332,35.66523],[-115.08131,35.63259],[-115.08466,35.61829],[-115.08903,35.59966],[-115.09664,35.56721],[-115.09914,35.56456],[-115.12719,35.53459],[-115.14896,35.51126],[-115.15618,35.50365],[-115.15818,35.5015],[-115.16604,35.49332],[-115.1734,35.48956],[-115.1823,35.485],[-115.19126,35.4809],[-115.34688,35.36633],[-115.49678,35.26104],[-115.55865,35.22951],[-115.72504,35.15038],[-115.74306,35.14088],[-115.8543,35.07782],[-115.94948,35.04094],[-116.02027,35.02964],[-116.08927,34.99751],[-116.16958,34.93922],[-116.21181,34.89341],[-116.34625,34.81549],[-116.39146,34.76968],[-116.40693,34.74589],[-116.43905,34.72328],[-116.54732,34.66023],[-116.58589,34.63554],[-116.61655,34.61592],[-116.677,34.6168],[-116.69484,34.60966],[-116.7466,34.6055],[-116.8275,34.57159],[-116.88996,34.55791],[-116.9439,34.54796],[-117.01548,34.47165],[-117.04819,34.46273],[-117.06485,34.41633],[-117.10914,34.39672],[-117.17906,34.36577],[-117.29369,34.36383],[-117.32838,34.34554],[-117.36874,34.36669]]}},{"type":"Feature","properties":{"id":"311178","type":"AC; OVERHEAD","status":"IN SERVICE","owner":null,"voltage":120,"voltClass":"100-161"},"geometry":{"type":"LineString","coordinates":[[-117.7153,40.94525],[-117.6968,40.94545],[-117.69636,40.95155],[-117.67599,40.97646],[-117.63896,41.00301],[-117.63989,41.11216],[-117.64103,41.12009],[-117.66362,41.12023],[-117.67699,41.12385],[-117.68391,41.12451],[-117.72837,41.12214],[-117.74548,41.12132],[-117.76314,41.1204],[-117.77762,41.12114],[-117.82725,41.12993],[-117.84986,41.13387],[-117.8499,41.14097],[-117.84991,41.1427],[-117.88929,41.15404],[-117.88952,41.38257],[-118.02505,41.38178],[-118.0316,41.38172],[-118.03319,41.38239]]}},{"type":"Feature","properties":{"id":"311181","type":"AC; OVERHEAD","status":"IN SERVICE","owner":"NEVADA POWER COMPANY","voltage":230,"voltClass":"220-287"},"geometry":{"type":"LineString","coordinates":[[-115.21346,36.00878],[-115.21246,36.00802],[-115.21241,36.00235],[-115.19783,36.00249],[-115.1798,36.00276],[-115.16154,36.00307],[-115.14425,36.00285],[-115.13019,36.00267],[-115.1291,36.00256]]}},{"type":"Feature","properties":{"id":"311249","type":"AC; OVERHEAD","status":"IN SERVICE","owner":"PACIFIC GAS & ELECTRIC COMPANY","voltage":115,"voltClass":"100-161"},"geometry":{"type":"LineString","coordinates":[[-119.482,35.13602],[-119.48286,35.13664],[-119.48311,35.137],[-119.48395,35.13697],[-119.49343,35.1368],[-119.49818,35.13921],[-119.50054,35.14256],[-119.50072,35.14312],[-119.50113,35.1446],[-119.50285,35.14571]]}},{"type":"Feature","properties":{"id":"311270","type":"AC; OVERHEAD","status":"IN SERVICE","owner":"NEVADA POWER COMPANY","voltage":230,"voltClass":"220-287"},"geometry":{"type":"LineString","coordinates":[[-115.00854,35.79732],[-115.00381,35.80448],[-114.99141,35.81079],[-114.97501,35.8194],[-114.9715,35.82308],[-114.95586,35.83139],[-114.95419,35.83294],[-114.93724,35.84937],[-114.92068,35.8655],[-114.90567,35.87991],[-114.88883,35.89619],[-114.86031,35.92367],[-114.85819,35.925],[-114.85646,35.92512],[-114.84263,35.92327],[-114.83852,35.92363],[-114.83538,35.92431],[-114.83474,35.92781]]}},{"type":"Feature","properties":{"id":"311260","type":"AC; OVERHEAD","status":null,"owner":"AZUSA LIGHT & POWER","voltage":115,"voltClass":"100-161"},"geometry":{"type":"LineString","coordinates":[[-117.7886,36.0019],[-117.79027,36.00148]]}},{"type":"Feature","properties":{"id":"311289","type":"AC; OVERHEAD","status":"IN SERVICE","owner":"NEVADA POWER COMPANY","voltage":138,"voltClass":"100-161"},"geometry":{"type":"LineString","coordinates":[[-115.22402,36.27077],[-115.22489,36.27083],[-115.22455,36.27401],[-115.21975,36.27466],[-115.21911,36.27583],[-115.21592,36.2759],[-115.20947,36.27612],[-115.20682,36.27646],[-115.20678,36.27965],[-115.207,36.29042],[-115.20721,36.299],[-115.20746,36.30583],[-115.20742,36.30805],[-115.20733,36.31753],[-115.20741,36.32145],[-115.20829,36.32258]]}},{"type":"Feature","properties":{"id":"311338","type":"AC; OVERHEAD","status":"IN SERVICE","owner":"NEVADA POWER COMPANY","voltage":500,"voltClass":"500"},"geometry":{"type":"LineString","coordinates":[[-115.00854,35.79732],[-115.00896,35.7918],[-115.00901,35.78873],[-115.00975,35.78465],[-115.0109,35.78179],[-115.01141,35.78041],[-115.01821,35.7692],[-115.03126,35.74602],[-115.04537,35.72097],[-115.04849,35.71583],[-115.01628,35.67368],[-114.97934,35.61052],[-114.93998,35.54201],[-114.93445,35.53228],[-114.93273,35.52995],[-114.93572,35.50831],[-114.94026,35.46873],[-114.94296,35.42468],[-114.89597,35.39679],[-114.86155,35.32329],[-114.81461,35.22281],[-114.79429,35.17922],[-114.65762,35.17951],[-114.65499,35.17968],[-114.65192,35.17602],[-114.63721,35.15626],[-114.62879,35.15373],[-114.60141,35.14907],[-114.5985,35.1483]]}},{"type":"Feature","properties":{"id":"311349","type":"AC; OVERHEAD","status":"IN SERVICE","owner":"PACIFIC GAS & ELECTRIC COMPANY","voltage":230,"voltClass":"220-287"},"geometry":{"type":"LineString","coordinates":[[-119.63909,36.6108],[-119.64267,36.61125],[-119.64187,36.60556],[-119.64255,36.60213],[-119.64445,36.5973],[-119.64703,36.595],[-119.65046,36.59444],[-119.67922,36.59444],[-119.68305,36.59447],[-119.70586,36.59444],[-119.7227,36.59455],[-119.73073,36.59488],[-119.73513,36.59487],[-119.73906,36.59486],[-119.74783,36.59458],[-119.75099,36.5945],[-119.75469,36.59438],[-119.77323,36.59435],[-119.78061,36.59425],[-119.78425,36.5942],[-119.78789,36.59414],[-119.82377,36.59424],[-119.85926,36.59404],[-119.87342,36.59413],[-119.8775,36.59422],[-119.88165,36.59429],[-120.52467,36.59173],[-120.58239,36.65333]]}},{"type":"Feature","properties":{"id":"311359","type":"AC; OVERHEAD","status":"IN SERVICE","owner":"PACIFIC GAS & ELECTRIC COMPANY","voltage":115,"voltClass":"100-161"},"geometry":{"type":"LineString","coordinates":[[-119.11487,35.54425],[-119.11359,35.54425],[-119.11225,35.54425],[-119.11096,35.54426],[-119.10962,35.54427],[-119.10836,35.54428],[-119.10706,35.54428],[-119.10576,35.5443],[-119.10446,35.5443],[-119.10323,35.54432],[-119.10196,35.54433],[-119.10066,35.54435],[-119.09935,35.54434],[-119.09821,35.54434],[-119.09703,35.54435],[-119.09583,35.54435],[-119.09474,35.54437],[-119.09314,35.54437],[-119.09146,35.54437],[-119.08981,35.54437],[-119.08859,35.54439],[-119.08752,35.54439],[-119.08678,35.54438],[-119.08498,35.5444],[-119.08393,35.5444],[-119.08271,35.54441],[-119.08128,35.54481]]}},{"type":"Feature","properties":{"id":"311372","type":"AC; OVERHEAD","status":"IN SERVICE","owner":null,"voltage":120,"voltClass":"100-161"},"geometry":{"type":"LineString","coordinates":[[-116.1164,40.72661],[-116.11681,40.72734],[-116.11567,40.73008],[-116.11383,40.73507],[-116.10433,40.73846],[-116.09728,40.74146],[-116.0905,40.74462],[-116.08778,40.7449],[-116.0711,40.7466],[-116.05498,40.74827],[-116.04501,40.7493],[-116.02068,40.75179],[-116.00733,40.75315],[-115.99217,40.75473],[-115.98519,40.75695],[-115.96765,40.76244],[-115.95801,40.7655],[-115.93937,40.77128],[-115.93073,40.7716],[-115.92779,40.77174],[-115.92469,40.77593],[-115.92245,40.77892],[-115.90913,40.79679],[-115.90561,40.80141],[-115.90163,40.8068],[-115.89807,40.81156],[-115.88646,40.82709],[-115.84782,40.85611],[-115.7995,40.85338]]}},{"type":"Feature","properties":{"id":"311384","type":"AC; OVERHEAD","status":"IN SERVICE","owner":"NEVADA POWER COMPANY","voltage":138,"voltClass":"100-161"},"geometry":{"type":"LineString","coordinates":[[-115.21346,36.00878],[-115.21245,36.0087],[-115.21237,36.00936],[-115.21246,36.03081],[-115.21165,36.03117],[-115.21073,36.03158],[-115.20991,36.03191],[-115.20907,36.03228],[-115.19872,36.03695],[-115.19347,36.03928],[-115.19082,36.04047],[-115.19035,36.03968],[-115.19025,36.03817],[-115.19125,36.03813],[-115.191,36.0378]]}},{"type":"Feature","properties":{"id":"311386","type":"AC; OVERHEAD","status":"IN SERVICE","owner":"SIERRA PACIFIC POWER COMPANY","voltage":120,"voltClass":"100-161"},"geometry":{"type":"LineString","coordinates":[[-119.69569,39.08685],[-119.69619,39.20052],[-119.7334,39.21689],[-119.75721,39.21798],[-119.75696,39.20825],[-119.75636,39.19757],[-119.75795,39.19634],[-119.75958,39.19511],[-119.76136,39.19373],[-119.76128,39.1929],[-119.76024,39.19281],[-119.7585,39.19219],[-119.75859,39.19186]]}},{"type":"Feature","properties":{"id":"311404","type":"AC; OVERHEAD","status":"IN SERVICE","owner":null,"voltage":120,"voltClass":"100-161"},"geometry":{"type":"LineString","coordinates":[[-116.43529,40.99063],[-116.43469,40.98948],[-116.43719,40.98542],[-116.43844,40.98346],[-116.44388,40.97932],[-116.44567,40.97795],[-116.49958,40.89945],[-116.49941,40.82012],[-116.49525,40.81602]]}},{"type":"Feature","properties":{"id":"311425","type":"AC; OVERHEAD","status":"IN SERVICE","owner":null,"voltage":120,"voltClass":"100-161"},"geometry":{"type":"LineString","coordinates":[[-114.97857,41.11214],[-114.97944,41.11171],[-114.97946,41.10974],[-114.97951,41.10663],[-114.98404,41.10604],[-114.99273,41.10666],[-114.99442,41.10464],[-115.01583,41.10164],[-115.03389,41.09913],[-115.04646,41.09736],[-115.07566,41.09329],[-115.08916,41.09139],[-115.09788,41.08897],[-115.11237,41.08484],[-115.11673,41.0836],[-115.16828,41.05253],[-115.16826,41.04811],[-115.16825,41.04116],[-115.18121,41.03253],[-115.27827,41.02907],[-115.37874,40.96599],[-115.37925,40.89663],[-115.43738,40.89684],[-115.4616,40.89703],[-115.4887,40.89689],[-115.51708,40.89739],[-115.52916,40.89307],[-115.5816,40.87422],[-115.59858,40.86811],[-115.61667,40.86164],[-115.63135,40.85635],[-115.64913,40.8499],[-115.6708,40.84214],[-115.6784,40.842],[-115.69496,40.84173],[-115.73728,40.84038]]}},{"type":"Feature","properties":{"id":"311428","type":"AC; OVERHEAD","status":"IN SERVICE","owner":"PACIFIC GAS & ELECTRIC COMPANY","voltage":230,"voltClass":"220-287"},"geometry":{"type":"LineString","coordinates":[[-119.63094,35.2273],[-119.63196,35.22966],[-119.63552,35.2413],[-119.6335,35.24291],[-119.62564,35.24948],[-119.62236,35.2878],[-119.62101,35.29425],[-119.60674,35.29894],[-119.60578,35.33472],[-119.60559,35.33996],[-119.51828,35.38169],[-119.48368,35.38387],[-119.4786,35.3864],[-119.46443,35.39388],[-119.45217,35.40387]]}},{"type":"Feature","properties":{"id":"311430","type":"AC; OVERHEAD","status":"IN SERVICE","owner":"PACIFIC GAS & ELECTRIC COMPANY","voltage":115,"voltClass":"100-161"},"geometry":{"type":"LineString","coordinates":[[-119.81875,36.71832],[-119.81991,36.71821],[-119.82143,36.71535],[-119.82138,36.71207],[-119.82138,36.7091],[-119.82097,36.70388],[-119.82092,36.68441],[-119.82089,36.67455],[-119.82053,36.6463],[-119.82004,36.6372],[-119.81998,36.62684],[-119.8201,36.60242],[-119.8205,36.59401],[-119.75872,36.59461],[-119.74778,36.59478],[-119.70275,36.59481],[-119.6839,36.59463],[-119.65134,36.59458],[-119.64445,36.5973],[-119.64294,36.60264],[-119.64244,36.60608],[-119.64255,36.60866],[-119.64267,36.61125],[-119.64161,36.61186],[-119.64175,36.61283],[-119.63909,36.6108]]}},{"type":"Feature","properties":{"id":"310253","type":"AC; OVERHEAD","status":"IN SERVICE","owner":"LADWP","voltage":500,"voltClass":"500"},"geometry":{"type":"LineString","coordinates":[[-117.43779,34.5514],[-117.43574,34.55403],[-117.43414,34.5555],[-117.43263,34.55689],[-117.4328,34.5592],[-117.43298,34.56143],[-117.43512,34.5627],[-117.43753,34.56406],[-117.43959,34.56526],[-117.44179,34.56654],[-117.44413,34.5679],[-117.44525,34.56855],[-117.44598,34.56897],[-117.4486,34.57051],[-117.45103,34.57189],[-117.45337,34.57325],[-117.45594,34.57476],[-117.45871,34.57637],[-117.45872,34.57918],[-117.45873,34.58167],[-117.45874,34.58409],[-117.45876,34.58666],[-117.45877,34.58904],[-117.45879,34.59164],[-117.4588,34.59407],[-117.4588,34.59668],[-117.45882,34.5995],[-117.45884,34.60213],[-117.45886,34.60464],[-117.45886,34.60717],[-117.45887,34.6095],[-117.45717,34.61087],[-117.45517,34.61244],[-117.45313,34.61405],[-117.45102,34.61571],[-117.44893,34.61736],[-117.44754,34.61845],[-117.446,34.61967],[-117.44602,34.62239],[-117.44604,34.62556],[-117.44609,34.62846],[-117.44612,34.63127],[-117.44618,34.63519],[-117.44623,34.63909],[-117.44627,34.64308],[-117.44631,34.64734],[-117.44633,34.65131],[-117.44635,34.65533],[-117.44638,34.6593],[-117.44644,34.6637],[-117.44655,34.66796],[-117.44666,34.67205],[-117.44674,34.67626],[-117.44811,34.68024],[-117.44947,34.68414],[-117.45082,34.68815],[-117.45215,34.69216],[-117.45353,34.69617],[-117.45485,34.70004],[-117.45617,34.70393],[-117.45756,34.70799],[-117.4589,34.71194],[-117.46018,34.71574],[-117.46145,34.71947],[-117.46274,34.72325],[-117.46399,34.72696],[-117.46521,34.73051],[-117.46658,34.73455],[-117.46787,34.73833],[-117.46908,34.74186],[-117.47035,34.74561],[-117.47173,34.74966],[-117.47307,34.75365],[-117.47443,34.75767],[-117.47582,34.76172],[-117.47717,34.76568],[-117.47846,34.76948],[-117.47989,34.77367],[-117.48125,34.77768],[-117.48261,34.78167],[-117.48395,34.78562],[-117.48533,34.78963],[-117.48669,34.79366],[-117.48808,34.79778],[-117.48947,34.80186],[-117.4909,34.80604],[-117.49233,34.81026],[-117.49366,34.81416],[-117.49471,34.81796],[-117.49575,34.82172],[-117.49688,34.82581],[-117.498,34.82988],[-117.49908,34.83373],[-117.50011,34.83748],[-117.50127,34.84157],[-117.50246,34.84574],[-117.50345,34.84956],[-117.50454,34.8534],[-117.50558,34.85723],[-117.50669,34.86114],[-117.50782,34.86527],[-117.50884,34.86898],[-117.50976,34.87231],[-117.51073,34.87593],[-117.5118,34.87974],[-117.51278,34.88329],[-117.5138,34.8869],[-117.51488,34.8908],[-117.51575,34.89396],[-117.51647,34.89655],[-117.51744,34.89986],[-117.51852,34.90397],[-117.51968,34.90803],[-117.52075,34.91196],[-117.52193,34.91615],[-117.52289,34.91934],[-117.52383,34.92317],[-117.52317,34.92393],[-117.52292,34.92422],[-117.52253,34.92466],[-117.52072,34.92677],[-117.51907,34.92869],[-117.5206,34.93196],[-117.52239,34.93579],[-117.52382,34.93891],[-117.52436,34.94166],[-117.52505,34.94527],[-117.52571,34.94923],[-117.52669,34.95313],[-117.52742,34.95686],[-117.52815,34.96094],[-117.52894,34.96494],[-117.5297,34.96893],[-117.53042,34.97271],[-117.53122,34.97667],[-117.53196,34.98059],[-117.53269,34.98439],[-117.53274,34.98467],[-117.53335,34.98758],[-117.53339,34.99119],[-117.5335,34.99483],[-117.53353,34.99686],[-117.53354,34.99733],[-117.53029,34.99732],[-117.52549,34.99729],[-117.52057,34.99728],[-117.51549,34.99729],[-117.51047,34.99731],[-117.50551,34.99728],[-117.50051,34.99722],[-117.49517,34.99714],[-117.49017,34.99708],[-117.48504,34.99703],[-117.47969,34.99698],[-117.47516,34.99694],[-117.46995,34.99688],[-117.46509,34.99681],[-117.46023,34.99674],[-117.45532,34.99664],[-117.45066,34.99659],[-117.44539,34.99653],[-117.44041,34.99647],[-117.43529,34.99642],[-117.43078,34.99637],[-117.42549,34.99631],[-117.42014,34.99625],[-117.41504,34.99619],[-117.4098,34.99613],[-117.40455,34.99608],[-117.40017,34.99603],[-117.39549,34.99598],[-117.39068,34.99592],[-117.38537,34.99587],[-117.38024,34.99582],[-117.37588,34.99578],[-117.37128,34.99573],[-117.36668,34.99569],[-117.36583,34.99568],[-117.36121,34.99563],[-117.35604,34.99558],[-117.35056,34.99552],[-117.34558,34.9955],[-117.34045,34.99547],[-117.3355,34.99544],[-117.33069,34.99542],[-117.32598,34.9954],[-117.32099,34.99537],[-117.31637,34.99535],[-117.31162,34.99533],[-117.30662,34.9953],[-117.30219,34.99528],[-117.29741,34.99527],[-117.29305,34.99524],[-117.28878,34.99522],[-117.28387,34.99518],[-117.27896,34.99517],[-117.27392,34.99514],[-117.2689,34.99511],[-117.26385,34.9951],[-117.25879,34.99505],[-117.25383,34.99503],[-117.24868,34.995],[-117.24359,34.99498],[-117.23854,34.99493],[-117.23335,34.99489],[-117.22838,34.99485],[-117.22337,34.99478],[-117.21844,34.99474],[-117.21332,34.9947],[-117.20826,34.99467],[-117.20314,34.99462],[-117.19829,34.99457],[-117.19332,34.99454],[-117.18834,34.99449],[-117.18328,34.99444],[-117.17809,34.9944],[-117.17301,34.99436],[-117.1679,34.99431],[-117.16274,34.99428],[-117.15776,34.99423],[-117.15305,34.99418],[-117.14826,34.99414],[-117.14317,34.99411],[-117.13816,34.99405],[-117.13342,34.99405],[-117.12847,34.99408],[-117.12349,34.99412],[-117.11826,34.99411],[-117.11292,34.99403],[-117.10767,34.9939],[-117.10252,34.99379],[-117.09808,34.99368],[-117.09575,34.99111],[-117.09325,34.98837],[-117.09054,34.98535],[-117.08815,34.98269],[-117.08556,34.97989],[-117.08498,34.97989],[-117.08475,34.97989],[-117.08433,34.9799],[-117.0791,34.97989],[-117.07435,34.97987],[-117.06975,34.97989],[-117.06539,34.9799],[-117.06099,34.97981],[-117.05659,34.97976],[-117.05141,34.97969],[-117.04837,34.97964],[-117.04355,34.97955],[-117.04038,34.97951],[-117.03727,34.97947],[-117.03425,34.98135],[-117.03053,34.98372],[-117.02646,34.98633],[-117.02248,34.98887],[-117.01851,34.99141],[-117.01455,34.99393],[-117.01059,34.99644],[-117.00666,34.99891],[-117.0027,35.00146],[-116.99883,35.0039],[-116.99451,35.00665],[-116.99131,35.00869],[-116.98742,35.01117],[-116.98338,35.01376],[-116.97959,35.01614],[-116.97554,35.01873],[-116.97227,35.0208],[-116.96781,35.02362],[-116.96398,35.02607],[-116.96071,35.02845],[-116.95698,35.03115],[-116.95323,35.03388],[-116.94953,35.03656],[-116.94575,35.0393],[-116.94256,35.04157],[-116.93921,35.04404],[-116.93554,35.04669],[-116.93187,35.04935],[-116.92808,35.0521],[-116.92413,35.05497],[-116.91963,35.0549],[-116.91451,35.05482],[-116.90979,35.05476],[-116.90539,35.05467],[-116.90026,35.0546],[-116.89617,35.05453],[-116.89356,35.05407],[-116.88912,35.05327],[-116.88462,35.05246],[-116.87972,35.05158],[-116.87565,35.05082],[-116.87038,35.04987],[-116.86534,35.04897],[-116.86161,35.0483],[-116.85749,35.04756],[-116.85376,35.04689],[-116.85015,35.04623],[-116.84636,35.04504],[-116.84207,35.04369],[-116.83732,35.04221],[-116.8326,35.04074],[-116.82812,35.0393],[-116.82363,35.03789],[-116.81968,35.03667],[-116.81725,35.03591],[-116.81388,35.03484],[-116.81061,35.03258],[-116.80716,35.03022],[-116.804,35.02802],[-116.80086,35.02587],[-116.79746,35.02354],[-116.79473,35.02167],[-116.79059,35.01884],[-116.78715,35.01645],[-116.78658,35.01606],[-116.78322,35.0137],[-116.78022,35.01167],[-116.77675,35.00922],[-116.77325,35.00686],[-116.77083,35.00521],[-116.76869,35.0037],[-116.76637,35.00211],[-116.76391,35.00042],[-116.76156,34.99881],[-116.75945,34.99734],[-116.7572,34.99581],[-116.75472,34.99409],[-116.75256,34.99261],[-116.75036,34.99108],[-116.74811,34.98955],[-116.74574,34.98791],[-116.74289,34.9879],[-116.74022,34.98789],[-116.73754,34.98788],[-116.73488,34.98786],[-116.73197,34.98785],[-116.72929,34.98783],[-116.7269,34.98783],[-116.72406,34.98782],[-116.72146,34.9878],[-116.71858,34.98779],[-116.71589,34.98778],[-116.71306,34.98777],[-116.71018,34.98776],[-116.70748,34.98774],[-116.70496,34.98773],[-116.70255,34.9877],[-116.7001,34.9877],[-116.6975,34.9877],[-116.69598,34.98771],[-116.6932,34.98774],[-116.69031,34.98777],[-116.68747,34.9878],[-116.68477,34.98782],[-116.68222,34.98785],[-116.67954,34.98788],[-116.67765,34.98786],[-116.67499,34.98783],[-116.67217,34.9878],[-116.66942,34.98776],[-116.66686,34.98774],[-116.664,34.98965],[-116.66124,34.99152],[-116.65875,34.99322],[-116.65576,34.99525],[-116.65278,34.99727],[-116.64975,34.99935],[-116.64665,35.00147],[-116.64357,35.00356],[-116.64069,35.00554],[-116.63788,35.00743],[-116.63509,35.00935],[-116.63231,35.01126],[-116.62952,35.01312],[-116.62677,35.01499],[-116.62396,35.0169],[-116.62089,35.01899],[-116.6179,35.02103],[-116.61487,35.02309],[-116.61185,35.02515],[-116.60896,35.02712],[-116.60596,35.02916],[-116.60291,35.03123],[-116.59983,35.03332],[-116.59679,35.03539],[-116.59378,35.03744],[-116.59074,35.03954],[-116.58793,35.04143],[-116.58481,35.04354],[-116.58007,35.04368],[-116.57821,35.04373],[-116.57672,35.04377],[-116.57599,35.04379],[-116.57526,35.04382],[-116.5742,35.04387],[-116.57354,35.0439],[-116.57048,35.044],[-116.56562,35.04413],[-116.56054,35.0443],[-116.55536,35.04443],[-116.55091,35.04455],[-116.54656,35.04467],[-116.54226,35.0448],[-116.53785,35.04491],[-116.53301,35.04505],[-116.52794,35.04519],[-116.52297,35.04533],[-116.51801,35.04548],[-116.51311,35.04561],[-116.50827,35.04574],[-116.50337,35.04587],[-116.49824,35.04602],[-116.4934,35.04615],[-116.48827,35.04629],[-116.48292,35.04645],[-116.47824,35.04658],[-116.47306,35.04671],[-116.4688,35.04681],[-116.46415,35.04694],[-116.4597,35.04762],[-116.45535,35.04829],[-116.45072,35.04901],[-116.44647,35.04967],[-116.44247,35.0503],[-116.43893,35.05084],[-116.43426,35.05153],[-116.42906,35.05233],[-116.42417,35.05307],[-116.41951,35.05382],[-116.41465,35.05458],[-116.41037,35.05525],[-116.40589,35.05591],[-116.40185,35.05656],[-116.3929,35.05794],[-116.38827,35.05866],[-116.38349,35.05938],[-116.37928,35.06001],[-116.37527,35.06065],[-116.37285,35.06164],[-116.36911,35.06321],[-116.36445,35.06518],[-116.36007,35.067],[-116.35556,35.06891],[-116.35079,35.07092],[-116.34838,35.07387],[-116.34588,35.0767],[-116.34326,35.07959],[-116.33941,35.08089],[-116.3352,35.08234],[-116.33096,35.08378],[-116.32738,35.08501],[-116.32513,35.088],[-116.32346,35.09011],[-116.3198,35.09213],[-116.31565,35.09448],[-116.31157,35.09682],[-116.3079,35.09891],[-116.30728,35.09927],[-116.30313,35.10165],[-116.29935,35.10354],[-116.29523,35.10565],[-116.29088,35.10784],[-116.28666,35.11],[-116.28248,35.11209],[-116.27784,35.11447],[-116.27366,35.11658],[-116.26959,35.1186],[-116.26516,35.11983],[-116.26075,35.12098],[-116.25551,35.12237],[-116.25055,35.12369],[-116.24577,35.12494],[-116.24086,35.12623],[-116.23593,35.12754],[-116.23219,35.12853],[-116.22707,35.12985],[-116.22272,35.13176],[-116.21888,35.13354],[-116.21772,35.13644],[-116.21653,35.13979],[-116.215,35.14392],[-116.21436,35.14563],[-116.21235,35.14864],[-116.20947,35.15307],[-116.20738,35.15629],[-116.20499,35.15999],[-116.20251,35.16356],[-116.20027,35.16705],[-116.19803,35.17048],[-116.19551,35.17428],[-116.19325,35.17771],[-116.19106,35.18113],[-116.1887,35.1847],[-116.18649,35.18805],[-116.18426,35.19139],[-116.1818,35.19534],[-116.17933,35.19901],[-116.17695,35.20266],[-116.17451,35.20632],[-116.17216,35.20991],[-116.16995,35.21329],[-116.1657,35.21499],[-116.16113,35.21679],[-116.1566,35.21857],[-116.15202,35.22039],[-116.1476,35.22211],[-116.14339,35.22374],[-116.13953,35.22527],[-116.13497,35.22708],[-116.13307,35.22915],[-116.13053,35.23187],[-116.12762,35.23493],[-116.12471,35.23811],[-116.12179,35.24118],[-116.11873,35.24456],[-116.11568,35.24775],[-116.11268,35.25103],[-116.10957,35.25436],[-116.10645,35.2577],[-116.10338,35.26099],[-116.1004,35.26418],[-116.09973,35.2649],[-116.09887,35.26581],[-116.09563,35.26744],[-116.09205,35.26923],[-116.08779,35.27139],[-116.08394,35.27373],[-116.08113,35.27546],[-116.07876,35.27692],[-116.07716,35.27794],[-116.07478,35.27935],[-116.07166,35.28126],[-116.06858,35.28314],[-116.06722,35.28349],[-116.06576,35.28386],[-116.06262,35.28563],[-116.0589,35.28776],[-116.05497,35.29],[-116.05088,35.29235],[-116.04673,35.29469],[-116.0428,35.29694],[-116.03883,35.29922],[-116.03482,35.30148],[-116.03091,35.3037],[-116.0268,35.30603],[-116.02317,35.30812],[-116.01945,35.31019],[-116.01523,35.31262],[-116.01136,35.31482],[-116.00774,35.31686],[-116.00402,35.31895],[-116.00015,35.32117],[-115.99604,35.32352],[-115.99209,35.32577],[-115.98852,35.32779],[-115.98463,35.33],[-115.98073,35.33221],[-115.97675,35.33446],[-115.97291,35.33665],[-115.96899,35.33887],[-115.96494,35.34118],[-115.96151,35.34315],[-115.95985,35.3446],[-115.95845,35.34583],[-115.95492,35.34888],[-115.9516,35.35175],[-115.94833,35.35459],[-115.945,35.3575],[-115.94169,35.36036],[-115.93837,35.3633],[-115.93445,35.36673],[-115.9317,35.36908],[-115.92894,35.37147],[-115.92559,35.37437],[-115.92219,35.37737],[-115.91913,35.38],[-115.91625,35.3825],[-115.91283,35.38545],[-115.90971,35.38818],[-115.90726,35.39023],[-115.90324,35.39215],[-115.89887,35.39426],[-115.89419,35.39628],[-115.89,35.39832],[-115.88583,35.40035],[-115.88139,35.40243],[-115.87765,35.40421],[-115.87399,35.40591],[-115.87041,35.40571],[-115.86356,35.40526],[-115.85941,35.405],[-115.85629,35.40479],[-115.84874,35.40436],[-115.8429,35.404],[-115.83823,35.4037],[-115.83318,35.40338],[-115.82501,35.40286],[-115.82013,35.40248],[-115.81109,35.40201],[-115.80619,35.40387],[-115.80189,35.40555],[-115.79691,35.40744],[-115.79274,35.40903],[-115.78837,35.41069],[-115.7838,35.41242],[-115.77925,35.41414],[-115.77444,35.41597],[-115.76951,35.41783],[-115.76503,35.41953],[-115.76074,35.42116],[-115.75637,35.42281],[-115.75202,35.42448],[-115.74766,35.42612],[-115.74302,35.42795],[-115.73829,35.42968],[-115.73357,35.43146],[-115.72894,35.43326],[-115.72438,35.435],[-115.7196,35.43681],[-115.71489,35.4386],[-115.71032,35.44034],[-115.70578,35.44205],[-115.70209,35.44347],[-115.69876,35.44508],[-115.69435,35.44724],[-115.69001,35.44932],[-115.68574,35.45143],[-115.68189,35.45327],[-115.67855,35.45489],[-115.67573,35.45626],[-115.67225,35.45798],[-115.66781,35.46011],[-115.66355,35.4622],[-115.65922,35.46429],[-115.65486,35.46641],[-115.65035,35.46861],[-115.64595,35.47076],[-115.64173,35.47279],[-115.63748,35.47485],[-115.6333,35.47688],[-115.62918,35.47888],[-115.62482,35.48099],[-115.62047,35.48309],[-115.61633,35.48509],[-115.61566,35.48492],[-115.61506,35.48477],[-115.6123,35.48548],[-115.60827,35.48655],[-115.60421,35.4876],[-115.60048,35.48857],[-115.5959,35.48978],[-115.59193,35.49085],[-115.58686,35.49217],[-115.58377,35.493],[-115.57955,35.49412],[-115.57508,35.49529],[-115.57056,35.49648],[-115.56605,35.49766],[-115.56137,35.49888],[-115.55709,35.50001],[-115.55142,35.50093],[-115.54676,35.50166],[-115.54323,35.50279],[-115.54028,35.50375],[-115.5362,35.50505],[-115.53267,35.50619],[-115.52671,35.50811],[-115.52552,35.50848],[-115.52279,35.50935],[-115.51977,35.51032],[-115.51525,35.51171],[-115.51122,35.51304],[-115.50722,35.51434],[-115.50331,35.51564],[-115.50114,35.51635],[-115.49994,35.51675],[-115.49646,35.51947],[-115.49287,35.5223],[-115.4891,35.52527],[-115.48529,35.52828],[-115.48153,35.53125],[-115.4778,35.53418],[-115.47405,35.53717],[-115.47052,35.53996],[-115.46731,35.54247],[-115.46406,35.54501],[-115.46084,35.54759],[-115.45764,35.55012],[-115.45442,35.55264],[-115.45073,35.55556],[-115.44702,35.55844],[-115.44336,35.56136],[-115.43987,35.56403],[-115.43657,35.56676],[-115.43277,35.56977],[-115.42914,35.57265],[-115.42542,35.57556],[-115.42172,35.57847],[-115.41812,35.58131],[-115.41453,35.58414],[-115.41115,35.58678],[-115.40766,35.58953],[-115.4046,35.59194],[-115.40161,35.59281],[-115.3979,35.59389],[-115.39476,35.59481],[-115.38996,35.59621],[-115.38507,35.59763],[-115.38082,35.60004],[-115.38042,35.599],[-115.34498,35.60931],[-115.34521,35.63297],[-115.33283,35.64401],[-115.33134,35.65155],[-115.31525,35.68271],[-115.31284,35.69019],[-115.29856,35.69889],[-115.26844,35.71532],[-115.19591,35.75304],[-115.17825,35.75594],[-115.17478,35.75644],[-115.15322,35.74889],[-115.13967,35.75145],[-115.11423,35.75127],[-115.09699,35.76105],[-115.08926,35.76635],[-115.08538,35.76899],[-115.07178,35.7783],[-115.05236,35.79149],[-115.03103,35.80608],[-115.02551,35.79507],[-115.01878,35.79864],[-115.01675,35.80163],[-115.013,35.80392]]}},{"type":"Feature","properties":{"id":"310299","type":"AC; OVERHEAD","status":"IN SERVICE","owner":"NEVADA POWER COMPANY","voltage":230,"voltClass":"220-287"},"geometry":{"type":"LineString","coordinates":[[-115.26025,36.21781],[-115.27365,36.22897],[-115.29443,36.24573],[-115.29777,36.24832],[-115.32895,36.26214],[-115.32909,36.30656],[-115.32873,36.33271],[-115.33006,36.33447]]}},{"type":"Feature","properties":{"id":"310347","type":"AC; OVERHEAD","status":"IN SERVICE","owner":"PACIFIC GAS & ELECTRIC COMPANY","voltage":115,"voltClass":"100-161"},"geometry":{"type":"LineString","coordinates":[[-119.61002,36.82687],[-119.61033,36.82672],[-119.61414,36.82669],[-119.61816,36.82665],[-119.62218,36.82664],[-119.62609,36.8266],[-119.62923,36.82699],[-119.63247,36.82671],[-119.63575,36.82642],[-119.63989,36.82646],[-119.64363,36.82649],[-119.64756,36.8265],[-119.65166,36.82648],[-119.65568,36.82647],[-119.65968,36.82645],[-119.6637,36.82645],[-119.66739,36.82646],[-119.67107,36.82649],[-119.67398,36.82652],[-119.67766,36.82655],[-119.68075,36.82657],[-119.68122,36.82622]]}},{"type":"Feature","properties":{"id":"310485","type":"AC; OVERHEAD","status":"IN SERVICE","owner":"SIERRA PACIFIC POWER COMPANY","voltage":120,"voltClass":"100-161"},"geometry":{"type":"LineString","coordinates":[[-118.26464,40.53481],[-118.26555,40.53458],[-118.26675,40.53342],[-118.26686,40.53142],[-118.26381,40.50522],[-118.26442,40.50114],[-118.27572,40.41889],[-118.27597,40.37703],[-118.27421,40.3359]]}},{"type":"Feature","properties":{"id":"310529","type":"AC; OVERHEAD","status":"IN SERVICE","owner":"PACIFIC GAS & ELECTRIC COMPANY","voltage":115,"voltClass":"100-161"},"geometry":{"type":"LineString","coordinates":[[-119.00732,35.41703],[-119.00804,35.41762],[-119.00981,35.4169],[-119.0098,35.41742],[-119.01085,35.41729],[-119.0112,35.41743]]}},{"type":"Feature","properties":{"id":"310534","type":"AC; OVERHEAD","status":"IN SERVICE","owner":"AZUSA LIGHT & POWER","voltage":115,"voltClass":"100-161"},"geometry":{"type":"LineString","coordinates":[[-118.67475,37.56007],[-118.67891,37.56057],[-118.67896,37.5613],[-118.68309,37.56162],[-118.6893,37.56084],[-118.69704,37.5601],[-118.70322,37.55947],[-118.70354,37.55944],[-118.72154,37.56283],[-118.73616,37.5656],[-118.74382,37.56697],[-118.75006,37.56813],[-118.75087,37.56818],[-118.75144,37.56818],[-118.75809,37.56917],[-118.76591,37.57401],[-118.77267,37.57829],[-118.78022,37.58311],[-118.78565,37.58647],[-118.79,37.58923],[-118.79235,37.59076],[-118.79558,37.59281],[-118.79753,37.59403],[-118.80062,37.59604],[-118.80146,37.59659],[-118.80605,37.60494],[-118.80761,37.60763],[-118.80775,37.60792],[-118.81004,37.61057],[-118.8162,37.61259],[-118.82912,37.61679],[-118.84379,37.62152],[-118.85425,37.62494],[-118.85489,37.62496],[-118.87653,37.63208],[-118.88319,37.63407],[-118.88515,37.63472],[-118.88943,37.63549],[-118.89041,37.63577],[-118.89133,37.63571],[-118.89127,37.63677],[-118.8935,37.63759],[-118.89363,37.63754],[-118.8991,37.63934],[-118.90171,37.64021],[-118.90773,37.64216],[-118.90811,37.64232],[-118.90984,37.64425],[-118.91117,37.64521],[-118.91491,37.64792],[-118.91591,37.64862],[-118.91675,37.64907]]}},{"type":"Feature","properties":{"id":"310584","type":"AC; OVERHEAD","status":"IN SERVICE","owner":"NV ENERGY","voltage":230,"voltClass":"220-287"},"geometry":{"type":"LineString","coordinates":[[-114.91946,36.02559],[-114.91796,36.02537],[-114.91608,36.0151],[-114.9144,36.00002],[-114.91329,35.98869],[-114.91284,35.98007],[-114.91271,35.97725],[-114.90918,35.96688],[-114.88911,35.952],[-114.8878,35.9505],[-114.86126,35.93706],[-114.85809,35.93525],[-114.85678,35.9313],[-114.85474,35.93085],[-114.84082,35.92818],[-114.83474,35.92781]]}},{"type":"Feature","properties":{"id":"310594","type":"AC; OVERHEAD","status":"IN SERVICE","owner":"UNS ELECTRIC INCORPORATED","voltage":230,"voltClass":"220-287"},"geometry":{"type":"LineString","coordinates":[[-114.08625,35.13834],[-114.08788,35.13803],[-114.08928,35.1377],[-114.09625,35.13958],[-114.09952,35.13544],[-114.10682,35.12649],[-114.10821,35.12444],[-114.10957,35.12159],[-114.1109,35.11879],[-114.11171,35.1164],[-114.11516,35.10587],[-114.11792,35.10516],[-114.12841,35.10025],[-114.13974,35.09494],[-114.13975,35.08047],[-114.13978,35.0562],[-114.13728,35.0559],[-114.13497,35.05594],[-114.13371,35.05549]]}},{"type":"Feature","properties":{"id":"310610","type":"AC; OVERHEAD","status":"IN SERVICE","owner":"PACIFIC GAS & ELECTRIC COMPANY","voltage":115,"voltClass":"100-161"},"geometry":{"type":"LineString","coordinates":[[-119.45541,35.63042],[-119.45575,35.6304],[-119.45677,35.6304],[-119.45831,35.63039],[-119.4599,35.6304],[-119.46147,35.63039],[-119.46304,35.6304],[-119.46449,35.63039],[-119.46583,35.6304],[-119.46733,35.63041],[-119.46884,35.6304],[-119.47038,35.63041],[-119.47192,35.63041],[-119.4735,35.63042],[-119.475,35.63042],[-119.47657,35.63042],[-119.47784,35.63028],[-119.47937,35.63028],[-119.48089,35.63028],[-119.48233,35.63029],[-119.48372,35.63029],[-119.48504,35.63028],[-119.48642,35.63027],[-119.48781,35.63027],[-119.48918,35.63026],[-119.49057,35.63026],[-119.49188,35.63025],[-119.49339,35.63025],[-119.49496,35.63024],[-119.49651,35.63024],[-119.49806,35.63024],[-119.49962,35.63023],[-119.50266,35.63026],[-119.50449,35.63025],[-119.50548,35.63024],[-119.50649,35.63024],[-119.50745,35.63021],[-119.50819,35.63016],[-119.50917,35.63015],[-119.51049,35.63014],[-119.51182,35.63014],[-119.51317,35.63014],[-119.51451,35.63013],[-119.51586,35.63014],[-119.51718,35.63013],[-119.51778,35.63013],[-119.51933,35.63014],[-119.52086,35.63016],[-119.52243,35.63017],[-119.52399,35.63018],[-119.52551,35.6302],[-119.52671,35.63019],[-119.52672,35.62931],[-119.52674,35.62849],[-119.52675,35.62689],[-119.52678,35.62525],[-119.5268,35.62367],[-119.52683,35.62208],[-119.52686,35.62066],[-119.52689,35.62065],[-119.52693,35.61927],[-119.55794,35.61923],[-119.57987,35.60229],[-119.57997,35.60161]]}},{"type":"Feature","properties":{"id":"310644","type":"AC; OVERHEAD","status":"IN SERVICE","owner":"NEVADA POWER COMPANY","voltage":138,"voltClass":"100-161"},"geometry":{"type":"LineString","coordinates":[[-115.04943,36.08641],[-115.05036,36.08562],[-115.0505,36.07859],[-115.05188,36.07838],[-115.073,36.07823],[-115.08414,36.0784],[-115.0996,36.07909],[-115.11847,36.07897],[-115.11894,36.07917],[-115.11898,36.08285],[-115.1195,36.08308]]}},{"type":"Feature","properties":{"id":"310703","type":"AC; OVERHEAD","status":"IN SERVICE","owner":null,"voltage":120,"voltClass":"100-161"},"geometry":{"type":"LineString","coordinates":[[-115.7995,40.85338],[-115.80946,40.85384],[-115.83228,40.85868],[-115.85382,40.87872],[-115.86499,40.88893],[-115.87248,40.89596],[-115.8728,40.89799],[-115.87273,40.91733],[-115.87276,40.92601],[-115.87269,40.94244],[-115.86749,40.94607],[-115.85963,40.95151],[-115.85424,40.95551],[-115.85442,40.96455],[-115.85429,40.98875],[-115.85419,40.99795],[-115.85418,41.01653],[-115.8541,41.03323],[-115.85409,41.04943],[-115.8543,41.06549],[-115.85383,41.09539],[-115.85344,41.11898],[-115.85499,41.12095],[-115.8594,41.12679],[-115.86846,41.13783],[-115.88538,41.15878],[-115.89292,41.168],[-115.90101,41.17772],[-115.90936,41.18805],[-115.92165,41.20308],[-115.9301,41.21385],[-115.93875,41.22705],[-115.93992,41.22726]]}},{"type":"Feature","properties":{"id":"310683","type":"AC; OVERHEAD","status":"IN SERVICE","owner":"PACIFIC GAS & ELECTRIC COMPANY","voltage":230,"voltClass":"220-287"},"geometry":{"type":"LineString","coordinates":[[-119.90443,36.24048],[-119.90528,36.24287],[-119.90525,36.24552],[-119.90526,36.26171],[-119.90519,36.27561],[-119.90536,36.33145],[-119.90505,36.35563],[-119.90503,36.38383],[-119.90505,36.40403],[-119.90505,36.42946],[-119.90491,36.43069],[-119.89605,36.43069],[-119.89612,36.44522]]}},{"type":"Feature","properties":{"id":"310723","type":"AC; OVERHEAD","status":"IN SERVICE","owner":"PACIFIC GAS & ELECTRIC COMPANY","voltage":115,"voltClass":"100-161"},"geometry":{"type":"LineString","coordinates":[[-119.55803,37.07185],[-119.55679,37.07264],[-119.55566,37.07492],[-119.55465,37.07752],[-119.55411,37.08023],[-119.55375,37.08274],[-119.55322,37.08615],[-119.55215,37.08923],[-119.55203,37.0907],[-119.55265,37.09175],[-119.55261,37.09223]]}},{"type":"Feature","properties":{"id":"310794","type":"AC; OVERHEAD","status":"IN SERVICE","owner":"PACIFIC GAS & ELECTRIC COMPANY","voltage":115,"voltClass":"100-161"},"geometry":{"type":"LineString","coordinates":[[-119.58069,36.53945],[-119.58001,36.53989],[-119.5794,36.5397]]}},{"type":"Feature","properties":{"id":"310758","type":"AC; OVERHEAD","status":"IN SERVICE","owner":"NEVADA POWER COMPANY","voltage":230,"voltClass":"220-287"},"geometry":{"type":"LineString","coordinates":[[-115.27891,36.15822],[-115.27811,36.15886],[-115.27816,36.17424],[-115.25983,36.18834],[-115.26025,36.21781]]}},{"type":"Feature","properties":{"id":"310789","type":"AC; OVERHEAD","status":"IN SERVICE","owner":"SIERRA PACIFIC POWER COMPANY","voltage":120,"voltClass":"100-161"},"geometry":{"type":"LineString","coordinates":[[-119.20864,39.62141],[-119.20797,39.62228],[-119.20794,39.62626],[-119.20786,39.63795],[-119.20792,39.64615],[-119.2079,39.64934],[-119.20678,39.65046],[-119.20354,39.65053],[-119.19339,39.65069],[-119.18506,39.65082],[-119.17879,39.65481],[-119.16148,39.66555],[-119.15075,39.67226],[-119.13753,39.68296],[-119.1304,39.68918],[-119.12364,39.69508],[-119.11649,39.70124],[-119.10318,39.71439],[-119.09012,39.72766],[-119.07675,39.74126],[-119.06425,39.75399],[-119.05284,39.76553],[-119.04218,39.7764],[-119.03984,39.77896]]}},{"type":"Feature","properties":{"id":"310819","type":"AC; OVERHEAD","status":"IN SERVICE","owner":"PACIFIC GAS & ELECTRIC COMPANY","voltage":230,"voltClass":"220-287"},"geometry":{"type":"LineString","coordinates":[[-119.61469,35.60167],[-119.59861,35.58188],[-119.59232,35.574],[-119.53778,35.50707],[-119.53308,35.50191],[-119.51808,35.48242],[-119.4851,35.44201],[-119.46672,35.4193],[-119.45676,35.40704],[-119.45217,35.40387]]}},{"type":"Feature","properties":{"id":"306866","type":"AC; OVERHEAD","status":"IN SERVICE","owner":"AZUSA LIGHT & POWER","voltage":115,"voltClass":"100-161"},"geometry":{"type":"LineString","coordinates":[[-116.44026,35.04962],[-116.43881,35.05045],[-116.43646,35.05078],[-116.43401,35.05117],[-116.43145,35.05157],[-116.4291,35.05193],[-116.42434,35.05266],[-116.42201,35.05302],[-116.41929,35.05343],[-116.41577,35.05399],[-116.41299,35.05443],[-116.41025,35.05486],[-116.4075,35.05528],[-116.40476,35.05569],[-116.40256,35.05603],[-116.40013,35.05639],[-116.39746,35.05682],[-116.39499,35.05721],[-116.3925,35.05759],[-116.39001,35.05797],[-116.3876,35.05835],[-116.38511,35.05873],[-116.38265,35.0591],[-116.38014,35.05949],[-116.37766,35.05987],[-116.3751,35.06025],[-116.37289,35.0612],[-116.37081,35.06207],[-116.36895,35.06286],[-116.36679,35.06378],[-116.36512,35.06447],[-116.36333,35.06522],[-116.36153,35.06599],[-116.35965,35.06677],[-116.35742,35.06771],[-116.35495,35.06875],[-116.35247,35.0698],[-116.35014,35.07082],[-116.34825,35.07306],[-116.34689,35.0746],[-116.34558,35.07615],[-116.34424,35.07768],[-116.34291,35.07924],[-116.34052,35.08004],[-116.33814,35.08088],[-116.33575,35.0817],[-116.33332,35.08252],[-116.33095,35.08334],[-116.32872,35.08409],[-116.32705,35.08478],[-116.32611,35.08634],[-116.32527,35.08746],[-116.32237,35.08799],[-116.3155,35.08987],[-116.31034,35.09206],[-116.30959,35.09418],[-116.30897,35.09597],[-116.30829,35.09785],[-116.3079,35.09891],[-116.30755,35.09988],[-116.30541,35.10095],[-116.3034,35.10197],[-116.30127,35.10305],[-116.29913,35.10413],[-116.29667,35.10588],[-116.29059,35.10849],[-116.28845,35.10956],[-116.28645,35.11057],[-116.28006,35.11382],[-116.27642,35.11578],[-116.27369,35.11704],[-116.27173,35.11805],[-116.26974,35.11905],[-116.26769,35.11959],[-116.26561,35.12014],[-116.26328,35.12075],[-116.26093,35.12138],[-116.25859,35.12199],[-116.25624,35.12261],[-116.25391,35.12323],[-116.25159,35.12384],[-116.24923,35.12446],[-116.2469,35.12508],[-116.24453,35.12569],[-116.24222,35.12632],[-116.23988,35.12694],[-116.23755,35.12755],[-116.23522,35.12816],[-116.23312,35.12871],[-116.23131,35.12942],[-116.22933,35.13021],[-116.22773,35.13085],[-116.2261,35.13148],[-116.22438,35.13215],[-116.22268,35.13281],[-116.22088,35.13353],[-116.21911,35.1342],[-116.21837,35.13618],[-116.2176,35.13842],[-116.21691,35.14016],[-116.21625,35.14201],[-116.21551,35.14404],[-116.21489,35.14571],[-116.2139,35.14722],[-116.21255,35.14922],[-116.21127,35.15126],[-116.2102,35.15288],[-116.20908,35.15465],[-116.20763,35.15705],[-116.20569,35.15979],[-116.20447,35.16162],[-116.20327,35.16338],[-116.20209,35.16524],[-116.20088,35.16706],[-116.19965,35.16886],[-116.19853,35.17072],[-116.19731,35.1725],[-116.1961,35.17431],[-116.19488,35.17611],[-116.19252,35.17974],[-116.19134,35.18159],[-116.18677,35.18864],[-116.1844,35.19227],[-116.18209,35.19587],[-116.18076,35.19767],[-116.17961,35.19949],[-116.17838,35.20132],[-116.17721,35.20314],[-116.17601,35.20495],[-116.17481,35.20676],[-116.17363,35.20857],[-116.17245,35.21039],[-116.1712,35.21225],[-116.17034,35.21361],[-116.16807,35.2145],[-116.16579,35.21541],[-116.16352,35.2163],[-116.16126,35.2172],[-116.15941,35.21794],[-116.15752,35.21868],[-116.15563,35.21942],[-116.15311,35.22042],[-116.15046,35.22148],[-116.1491,35.222],[-116.14664,35.22298],[-116.14457,35.22379],[-116.14257,35.22458],[-116.13985,35.22568],[-116.13531,35.22744],[-116.13371,35.22917],[-116.13255,35.23046],[-116.13088,35.23224],[-116.12962,35.23358],[-116.12817,35.2351],[-116.12658,35.23684],[-116.12506,35.23844],[-116.12339,35.24027],[-116.12179,35.24196],[-116.12027,35.2436],[-116.11877,35.24523],[-116.11722,35.24686],[-116.11568,35.2485],[-116.11417,35.25015],[-116.11262,35.25179],[-116.1111,35.25342],[-116.10956,35.25505],[-116.10804,35.2567],[-116.10652,35.25833],[-116.10498,35.25997],[-116.10362,35.26142],[-116.10226,35.26286],[-116.10092,35.26429],[-116.09973,35.2649],[-116.0987,35.26542],[-116.09647,35.26654],[-116.09428,35.26766],[-116.09201,35.26878],[-116.08977,35.2699],[-116.08756,35.27104],[-116.08556,35.27223],[-116.08361,35.27343],[-116.08171,35.2746],[-116.07971,35.27583],[-116.07786,35.27697],[-116.07609,35.27805],[-116.07446,35.27891]]}},{"type":"Feature","properties":{"id":"310768","type":"AC; OVERHEAD","status":"IN SERVICE","owner":null,"voltage":230,"voltClass":"220-287"},"geometry":{"type":"LineString","coordinates":[[-114.83474,35.92781],[-114.8351,35.92407],[-114.83853,35.92328],[-114.84266,35.92293],[-114.85819,35.92467],[-114.8597,35.92351],[-114.8706,35.91295],[-114.87917,35.90465],[-114.88776,35.89628],[-114.90291,35.88159],[-114.93563,35.84994],[-114.95307,35.83298],[-114.9553,35.83085],[-114.96956,35.8233],[-114.99196,35.81146],[-115.00034,35.80707],[-115.0051,35.80459],[-115.01994,35.79681],[-115.07057,35.77],[-115.11364,35.74672],[-115.12135,35.74477],[-115.14871,35.73952],[-115.16273,35.73732],[-115.17943,35.73537],[-115.20542,35.72225],[-115.25494,35.69678],[-115.28623,35.68087],[-115.29322,35.67792],[-115.3062,35.67279],[-115.34934,35.63415],[-115.37562,35.6239],[-115.37767,35.62321],[-115.38439,35.62282],[-115.39119,35.62242],[-115.39665,35.62121],[-115.40422,35.61771],[-115.43613,35.60583],[-115.53689,35.59121],[-115.55443,35.59403],[-115.57204,35.59438],[-115.61584,35.59119],[-115.71151,35.55417],[-115.8084,35.52683],[-115.84287,35.51705],[-115.9011,35.50142],[-115.92151,35.48458],[-115.97029,35.45718],[-115.98163,35.44579],[-116.0117,35.43325],[-116.0828,35.39592],[-116.11109,35.38941],[-116.11599,35.38891],[-116.13775,35.38345],[-116.14988,35.37118],[-116.16998,35.36543],[-116.22643,35.33211],[-116.25122,35.30883],[-116.26883,35.28641],[-116.29721,35.26879],[-116.36894,35.2491],[-116.38772,35.22163],[-116.41349,35.18997],[-116.43195,35.1715],[-116.45466,35.14465],[-116.46571,35.13169],[-116.4885,35.11523],[-116.52895,35.07506],[-116.58593,35.03669],[-116.6149,35.01696],[-116.75844,34.91892],[-116.77521,34.89072],[-116.83062,34.85356],[-116.90835,34.81607],[-116.94409,34.80315],[-116.95572,34.79606],[-116.96631,34.78531],[-117.04359,34.73081],[-117.09481,34.7173],[-117.13789,34.70742],[-117.15422,34.68933],[-117.20311,34.66186],[-117.24142,34.62575],[-117.31314,34.56948],[-117.32216,34.56351]]}},{"type":"Feature","properties":{"id":"311848","type":"AC; OVERHEAD","status":"IN SERVICE","owner":"AZUSA LIGHT & POWER","voltage":115,"voltClass":"100-161"},"geometry":{"type":"LineString","coordinates":[[-116.85418,34.8632],[-116.85514,34.86394],[-116.85532,34.86526],[-116.8557,34.86673],[-116.85613,34.86811],[-116.85662,34.86966],[-116.85659,34.87113],[-116.85658,34.8726],[-116.85657,34.87468],[-116.85656,34.87677],[-116.85655,34.87887],[-116.85654,34.88096],[-116.85672,34.88275],[-116.85443,34.88351],[-116.8521,34.88425],[-116.84742,34.88574],[-116.84509,34.88648],[-116.84276,34.88723],[-116.84042,34.88796],[-116.83809,34.88871],[-116.83575,34.88944],[-116.83341,34.89018],[-116.83106,34.89091],[-116.82945,34.89144],[-116.82874,34.89166],[-116.82641,34.89239],[-116.82409,34.89313],[-116.82173,34.89388],[-116.81941,34.89462],[-116.81707,34.89536],[-116.81473,34.89611],[-116.81233,34.89687],[-116.80993,34.89762],[-116.80754,34.89839],[-116.80514,34.89914],[-116.80275,34.89989],[-116.80035,34.90065],[-116.79795,34.90142],[-116.79322,34.90272],[-116.7908,34.9033],[-116.78839,34.90386],[-116.78599,34.90443],[-116.7836,34.90499],[-116.78165,34.90544],[-116.77923,34.90601],[-116.77682,34.90659],[-116.77441,34.90716],[-116.77202,34.9077],[-116.7696,34.90828],[-116.76794,34.90866],[-116.76721,34.90883],[-116.76591,34.90914],[-116.76479,34.90941],[-116.76388,34.90963],[-116.76325,34.90978],[-116.76243,34.90997],[-116.76005,34.91052],[-116.75762,34.9111],[-116.75522,34.91166],[-116.75281,34.91223],[-116.75041,34.9128],[-116.74801,34.91334],[-116.74559,34.9139],[-116.7432,34.91446],[-116.74078,34.91503],[-116.73838,34.91559],[-116.73557,34.91625],[-116.73308,34.91683],[-116.73068,34.9174],[-116.72826,34.91797],[-116.72585,34.91855],[-116.72345,34.91911],[-116.72106,34.91966],[-116.71865,34.92022],[-116.71673,34.92067],[-116.71434,34.92123],[-116.71191,34.92179],[-116.7095,34.92236],[-116.70711,34.92292],[-116.70468,34.92349],[-116.70229,34.92405],[-116.69989,34.9246],[-116.69731,34.92522],[-116.695,34.92576],[-116.69259,34.92633],[-116.69017,34.92689],[-116.68777,34.92746],[-116.68536,34.92801],[-116.68295,34.92858],[-116.68055,34.92914],[-116.67815,34.9297],[-116.67574,34.93026],[-116.67332,34.93083],[-116.67156,34.93125],[-116.66963,34.9317],[-116.6677,34.93215],[-116.66574,34.93262],[-116.66369,34.93368],[-116.66164,34.93474],[-116.65925,34.93596],[-116.65684,34.93723],[-116.65475,34.93833],[-116.65372,34.93885],[-116.65261,34.93941],[-116.6505,34.94052],[-116.64837,34.94161],[-116.64625,34.94273],[-116.64413,34.94382],[-116.64203,34.9449],[-116.63992,34.94601],[-116.6378,34.9471],[-116.63567,34.94821],[-116.63352,34.94932],[-116.63139,34.95044],[-116.62929,34.95152],[-116.62717,34.95262],[-116.62505,34.95372],[-116.62293,34.95482],[-116.62079,34.95593],[-116.6187,34.95702],[-116.61657,34.95811],[-116.61445,34.95922],[-116.61235,34.96031],[-116.61022,34.96141],[-116.6081,34.96251],[-116.606,34.9636],[-116.60385,34.96471],[-116.60175,34.9658],[-116.59962,34.96692],[-116.59751,34.968],[-116.59538,34.96911],[-116.59327,34.9702],[-116.59114,34.97131],[-116.58902,34.9724],[-116.58691,34.9735],[-116.58479,34.9746],[-116.58267,34.97569],[-116.58057,34.97677],[-116.57844,34.97788],[-116.57633,34.97897],[-116.57423,34.98006],[-116.57213,34.98113],[-116.56956,34.98245],[-116.56701,34.98383],[-116.56505,34.98478],[-116.56336,34.98565],[-116.56125,34.98676],[-116.55918,34.98783],[-116.55751,34.9887],[-116.55525,34.98987],[-116.5528,34.99402],[-116.55211,34.99525],[-116.55097,34.99723],[-116.54981,34.99921],[-116.54866,35.00118],[-116.5475,35.00313],[-116.54649,35.00487],[-116.54548,35.00661],[-116.54314,35.00747],[-116.54079,35.00832],[-116.53845,35.00917],[-116.53612,35.01003],[-116.53379,35.01091],[-116.52995,35.01222],[-116.52692,35.01336],[-116.52462,35.01419],[-116.52233,35.015],[-116.52005,35.01583],[-116.51777,35.01666],[-116.5153,35.01754],[-116.513,35.01837],[-116.51071,35.01919],[-116.50849,35.02],[-116.50612,35.02084],[-116.50383,35.02165],[-116.50153,35.02249],[-116.49923,35.02331],[-116.49694,35.02413],[-116.49464,35.02497],[-116.49235,35.02579],[-116.49004,35.02661],[-116.488,35.02733],[-116.48569,35.02816],[-116.4834,35.02898],[-116.48111,35.02981],[-116.47879,35.03062],[-116.47649,35.03146],[-116.47404,35.03235],[-116.47168,35.03316],[-116.46884,35.0333],[-116.46791,35.03335],[-116.4661,35.03443],[-116.46373,35.03582],[-116.46169,35.03702],[-116.45964,35.03822],[-116.45761,35.03942],[-116.4555,35.04066],[-116.45346,35.04186],[-116.4514,35.04305],[-116.44931,35.04429],[-116.44495,35.04684],[-116.44287,35.04802],[-116.44069,35.04938],[-116.44026,35.04962]]}},{"type":"Feature","properties":{"id":"313245","type":"AC; OVERHEAD","status":"IN SERVICE","owner":"AZUSA LIGHT & POWER","voltage":115,"voltClass":"100-161"},"geometry":{"type":"LineString","coordinates":[[-116.07446,35.27891],[-116.07398,35.27936],[-116.07308,35.27995],[-116.07206,35.28056],[-116.07005,35.28175],[-116.06811,35.28294],[-116.06722,35.28349],[-116.06618,35.28413],[-116.06407,35.28533],[-116.06199,35.28652],[-116.05992,35.28768],[-116.05784,35.28886],[-116.05577,35.29005],[-116.05374,35.29122],[-116.05159,35.29241],[-116.04958,35.29356],[-116.04754,35.29474],[-116.04545,35.29592],[-116.04338,35.29709],[-116.04131,35.29826],[-116.03924,35.29944],[-116.03719,35.30061],[-116.03513,35.30179],[-116.03305,35.30295],[-116.031,35.30413],[-116.02892,35.30531],[-116.02685,35.30648],[-116.02467,35.30773],[-116.02281,35.30879],[-116.02074,35.30997],[-116.01869,35.31113],[-116.01662,35.31231],[-116.01449,35.31352],[-116.01244,35.31469],[-116.01036,35.31587],[-116.00825,35.31707],[-116.00627,35.3182],[-116.00424,35.31937],[-116.00223,35.32051],[-116.00013,35.3217],[-115.99809,35.32286],[-115.99601,35.32404],[-115.99395,35.32521],[-115.9919,35.32639],[-115.98981,35.32756],[-115.98775,35.32874],[-115.98568,35.32991],[-115.98361,35.33109],[-115.98155,35.33226],[-115.97949,35.33344],[-115.97743,35.33461],[-115.97539,35.33576],[-115.97333,35.33693],[-115.97124,35.33811],[-115.96919,35.33929],[-115.96713,35.34047],[-115.96504,35.34164],[-115.96276,35.34281],[-115.96088,35.344],[-115.95985,35.3446],[-115.95882,35.34519],[-115.95672,35.34634],[-115.95465,35.34753],[-115.95258,35.34869],[-115.95052,35.34987],[-115.94845,35.35104],[-115.9464,35.35222],[-115.9443,35.35338],[-115.9402,35.35573],[-115.93812,35.35689],[-115.93595,35.35819],[-115.93418,35.35904],[-115.92947,35.36167],[-115.92725,35.36284],[-115.92483,35.36411],[-115.92289,35.36546],[-115.92119,35.36655],[-115.91914,35.36753],[-115.91705,35.36888],[-115.91526,35.36979],[-115.91291,35.37123],[-115.91084,35.3724],[-115.90878,35.37357],[-115.90671,35.37475],[-115.90462,35.37592],[-115.90242,35.37719],[-115.90076,35.37811],[-115.89864,35.37931],[-115.89677,35.37976],[-115.89515,35.38046],[-115.89267,35.38071],[-115.89062,35.3812],[-115.88737,35.38213],[-115.88235,35.38315],[-115.87865,35.38392],[-115.87591,35.3845],[-115.87431,35.38484],[-115.8716,35.38537],[-115.86871,35.38631],[-115.86655,35.387],[-115.86439,35.38768],[-115.86176,35.38861],[-115.85968,35.38918],[-115.85705,35.39004],[-115.85442,35.39085],[-115.85064,35.39158],[-115.84897,35.39186],[-115.84639,35.39233],[-115.8438,35.39293],[-115.84088,35.39329],[-115.83886,35.39363],[-115.83618,35.39413],[-115.83274,35.39469],[-115.83101,35.39496],[-115.8295,35.39496],[-115.69792,35.44554],[-115.6944,35.44722],[-115.65864,35.46409],[-115.62047,35.48308],[-115.58163,35.494],[-115.55219,35.50156]]}}]}