{"type":"FeatureCollection","features":[{"type":"Feature","properties":{"id":"141947","type":"AC; OVERHEAD","status":"IN SERVICE","owner":null,"voltage":115,"voltClass":"100-161"},"geometry":{"type":"LineString","coordinates":[[-71.27096,41.98527],[-71.27148,41.98586],[-71.28098,41.98754],[-71.28648,41.98854],[-71.29242,41.98956],[-71.29591,41.99005]]}},{"type":"Feature","properties":{"id":"162831","type":"AC; OVERHEAD","status":"IN SERVICE","owner":null,"voltage":115,"voltClass":"100-161"},"geometry":{"type":"LineString","coordinates":[[-71.57392,41.4665],[-71.57066,41.46623],[-71.56248,41.46586],[-71.55335,41.46641],[-71.55183,41.46678],[-71.5515,41.46778],[-71.55099,41.4696],[-71.55078,41.47026],[-71.55281,41.47302],[-71.55435,41.47482],[-71.55278,41.47824],[-71.55208,41.47931],[-71.55102,41.4806],[-71.55072,41.48111],[-71.55043,41.48189],[-71.54992,41.4823],[-71.54721,41.48442],[-71.54509,41.48627],[-71.54227,41.48912],[-71.54171,41.48962],[-71.54081,41.48951],[-71.53366,41.48862],[-71.5329,41.48866],[-71.53212,41.48871],[-71.5319,41.4887]]}},{"type":"Feature","properties":{"id":"140934","type":"AC; OVERHEAD","status":"IN SERVICE","owner":null,"voltage":115,"voltClass":"100-161"},"geometry":{"type":"LineString","coordinates":[[-71.15677,41.71609],[-71.15697,41.71821],[-71.15698,41.71823],[-71.15781,41.71924],[-71.1582,41.71946],[-71.16133,41.72127],[-71.16211,41.72221],[-71.1631,41.72254],[-71.16422,41.72289],[-71.16623,41.72354],[-71.16822,41.72418],[-71.17234,41.72551],[-71.17437,41.72616],[-71.17621,41.72676],[-71.17757,41.72723]]}},{"type":"Feature","properties":{"id":"141174","type":"AC; OVERHEAD","status":"IN SERVICE","owner":null,"voltage":115,"voltClass":"100-161"},"geometry":{"type":"LineString","coordinates":[[-71.18052,41.64443],[-71.18008,41.64412],[-71.17841,41.64406],[-71.17723,41.64398],[-71.17642,41.64327],[-71.17435,41.64328],[-71.17225,41.64344],[-71.17106,41.64331],[-71.17082,41.64319]]}},{"type":"Feature","properties":{"id":"141123","type":"AC; OVERHEAD","status":"IN SERVICE","owner":null,"voltage":115,"voltClass":"100-161"},"geometry":{"type":"LineString","coordinates":[[-71.5231,41.80276],[-71.52105,41.80153],[-71.51856,41.79834],[-71.51811,41.7986],[-71.51734,41.79838],[-71.51762,41.79778],[-71.52202,41.79214],[-71.52355,41.76806],[-71.52366,41.76621],[-71.52343,41.7648],[-71.5224,41.76201],[-71.52084,41.75707],[-71.52079,41.75695]]}},{"type":"Feature","properties":{"id":"141136","type":"AC; OVERHEAD","status":"IN SERVICE","owner":null,"voltage":115,"voltClass":"100-161"},"geometry":{"type":"LineString","coordinates":[[-71.25533,41.6018],[-71.25522,41.60141],[-71.25564,41.60066],[-71.25651,41.59956],[-71.25689,41.59872],[-71.25688,41.59719],[-71.25687,41.59566],[-71.25685,41.5941],[-71.25783,41.59307],[-71.2588,41.59206],[-71.25989,41.59092],[-71.26101,41.58975],[-71.26149,41.58848],[-71.26201,41.58708],[-71.26249,41.58579],[-71.26241,41.58439],[-71.26263,41.58277],[-71.26285,41.58115],[-71.2631,41.57953],[-71.26352,41.57809],[-71.26367,41.57681],[-71.26379,41.57585],[-71.26394,41.57455],[-71.26523,41.57436],[-71.26656,41.57415],[-71.26788,41.57396],[-71.2682,41.57263],[-71.26851,41.57137],[-71.26882,41.5701],[-71.26923,41.56841],[-71.27024,41.56703],[-71.27129,41.56561],[-71.2719,41.56478],[-71.27258,41.56385],[-71.27333,41.56284],[-71.27353,41.56171],[-71.27372,41.56066],[-71.27395,41.55934],[-71.2742,41.55798],[-71.27444,41.55662],[-71.27417,41.55505],[-71.2739,41.55344],[-71.27362,41.55184],[-71.27335,41.55027],[-71.27519,41.54975],[-71.27534,41.54842],[-71.27539,41.54797],[-71.27553,41.54702],[-71.27778,41.54635],[-71.27844,41.54638]]}},{"type":"Feature","properties":{"id":"141273","type":"AC; OVERHEAD","status":"IN SERVICE","owner":null,"voltage":345,"voltClass":"345"},"geometry":{"type":"LineString","coordinates":[[-71.6735,42.00995],[-71.67254,42.01015],[-71.67204,42.0103],[-71.67152,42.01009],[-71.66953,42.0095]]}},{"type":"Feature","properties":{"id":"142220","type":"AC; OVERHEAD","status":"IN SERVICE","owner":null,"voltage":115,"voltClass":"100-161"},"geometry":{"type":"LineString","coordinates":[[-71.53644,41.97103],[-71.53664,41.97043],[-71.53346,41.96872],[-71.53277,41.96727],[-71.53093,41.96303],[-71.52984,41.95714],[-71.52633,41.93762],[-71.52369,41.92308],[-71.52698,41.9202],[-71.5306,41.9055],[-71.53153,41.90174],[-71.53139,41.90108]]}},{"type":"Feature","properties":{"id":"142269","type":"AC; OVERHEAD","status":"IN SERVICE","owner":null,"voltage":115,"voltClass":"100-161"},"geometry":{"type":"LineString","coordinates":[[-71.18041,41.64417],[-71.18045,41.64411],[-71.18086,41.6441],[-71.18196,41.64411],[-71.1832,41.64415],[-71.18411,41.64416],[-71.18413,41.64393],[-71.18417,41.64375]]}},{"type":"Feature","properties":{"id":"142867","type":"AC; OVERHEAD","status":"IN SERVICE","owner":null,"voltage":115,"voltClass":"100-161"},"geometry":{"type":"LineString","coordinates":[[-71.388,41.8142],[-71.38738,41.81484],[-71.38575,41.81679],[-71.38481,41.81761],[-71.3841,41.81855],[-71.38358,41.81953],[-71.38311,41.8203],[-71.38187,41.82209],[-71.38037,41.82418],[-71.37967,41.82515],[-71.37889,41.82617],[-71.37836,41.82701],[-71.37743,41.8277],[-71.37534,41.82949],[-71.37337,41.83111],[-71.37238,41.83194],[-71.3715,41.83312],[-71.36939,41.83611],[-71.36888,41.83722],[-71.36871,41.83839],[-71.36873,41.8394],[-71.36855,41.84022],[-71.36788,41.84196],[-71.3679,41.84226],[-71.36794,41.84306],[-71.36734,41.84508],[-71.36687,41.84503],[-71.36671,41.84517]]}},{"type":"Feature","properties":{"id":"143005","type":"AC; OVERHEAD","status":"IN SERVICE","owner":null,"voltage":115,"voltClass":"100-161"},"geometry":{"type":"LineString","coordinates":[[-71.44348,41.74277],[-71.44359,41.74141],[-71.44371,41.74021],[-71.4436,41.73885],[-71.44348,41.73722],[-71.44339,41.73605],[-71.4433,41.73487],[-71.44317,41.73291],[-71.44309,41.73287]]}},{"type":"Feature","properties":{"id":"146192","type":"AC; OVERHEAD","status":"IN SERVICE","owner":null,"voltage":115,"voltClass":"100-161"},"geometry":{"type":"LineString","coordinates":[[-71.52353,41.86701],[-71.52018,41.85626],[-71.52504,41.84077],[-71.51861,41.82978],[-71.51953,41.82868],[-71.51942,41.82812],[-71.51932,41.82773]]}},{"type":"Feature","properties":{"id":"146249","type":"AC; OVERHEAD","status":"IN SERVICE","owner":null,"voltage":115,"voltClass":"100-161"},"geometry":{"type":"LineString","coordinates":[[-71.3306,41.86834],[-71.33046,41.86835],[-71.32939,41.86912],[-71.32801,41.8701],[-71.32756,41.87144],[-71.32708,41.87287],[-71.3254,41.8762],[-71.32451,41.87797],[-71.32364,41.87966],[-71.32174,41.88346],[-71.32002,41.88595],[-71.31991,41.88647],[-71.31967,41.88759],[-71.31852,41.88979],[-71.31971,41.89124],[-71.32044,41.89215],[-71.32162,41.89361],[-71.32257,41.89477],[-71.32353,41.89596],[-71.32507,41.89646],[-71.32653,41.89745],[-71.32797,41.89869],[-71.32927,41.8998],[-71.33146,41.90015],[-71.33316,41.9004],[-71.3349,41.90068],[-71.33628,41.90148],[-71.33708,41.90222],[-71.33788,41.90297],[-71.33871,41.90375],[-71.3395,41.90448],[-71.34106,41.90582],[-71.34226,41.90695],[-71.34396,41.90854],[-71.34544,41.90991],[-71.34566,41.91011],[-71.34705,41.91141],[-71.34824,41.91252],[-71.34878,41.9137],[-71.34939,41.91505],[-71.34947,41.91523],[-71.35182,41.9158],[-71.35428,41.91556],[-71.3567,41.91533],[-71.35961,41.91503],[-71.36149,41.91531],[-71.36434,41.91526],[-71.36649,41.91522],[-71.36882,41.91561],[-71.37122,41.916],[-71.37337,41.91636],[-71.37431,41.91656]]}},{"type":"Feature","properties":{"id":"146381","type":"AC; OVERHEAD","status":"IN SERVICE","owner":null,"voltage":115,"voltClass":"100-161"},"geometry":{"type":"LineString","coordinates":[[-71.53636,41.97088],[-71.53617,41.97141],[-71.53578,41.97248],[-71.5354,41.9735],[-71.53502,41.97455],[-71.53464,41.97559],[-71.5342,41.97679],[-71.53385,41.97775],[-71.53351,41.97866],[-71.53244,41.97908],[-71.53125,41.97955],[-71.53017,41.97998],[-71.52906,41.98041],[-71.52775,41.98006],[-71.52629,41.97967],[-71.52462,41.97921],[-71.52249,41.97964]]}},{"type":"Feature","properties":{"id":"144111","type":"AC; OVERHEAD","status":"IN SERVICE","owner":null,"voltage":115,"voltClass":"100-161"},"geometry":{"type":"LineString","coordinates":[[-71.42084,41.84334],[-71.42133,41.84301]]}},{"type":"Feature","properties":{"id":"144290","type":"AC; OVERHEAD","status":"IN SERVICE","owner":null,"voltage":115,"voltClass":"100-161"},"geometry":{"type":"LineString","coordinates":[[-71.29604,41.99019],[-71.29919,41.99076],[-71.30086,41.99117],[-71.30244,41.99335],[-71.30399,41.99543],[-71.30534,41.99713],[-71.30699,41.99912],[-71.30842,42.00102],[-71.31049,42.00346],[-71.3129,42.00451],[-71.3154,42.00577],[-71.31834,42.00723],[-71.32018,42.00817],[-71.32143,42.00878],[-71.32288,42.00998],[-71.32516,42.01197],[-71.32654,42.01321],[-71.32837,42.01473],[-71.33031,42.01637],[-71.33204,42.01786],[-71.33457,42.02003],[-71.33536,42.01997]]}},{"type":"Feature","properties":{"id":"144409","type":"AC; OVERHEAD","status":"IN SERVICE","owner":null,"voltage":115,"voltClass":"100-161"},"geometry":{"type":"LineString","coordinates":[[-71.37471,41.91633],[-71.37431,41.91656]]}},{"type":"Feature","properties":{"id":"146740","type":"AC; OVERHEAD","status":"IN SERVICE","owner":null,"voltage":115,"voltClass":"100-161"},"geometry":{"type":"LineString","coordinates":[[-71.09708,41.85786],[-71.09799,41.85711],[-71.09909,41.85619],[-71.10061,41.85491],[-71.10217,41.85362],[-71.1034,41.85258],[-71.10502,41.85122],[-71.10656,41.84995],[-71.10782,41.84889],[-71.11023,41.84834],[-71.112,41.84792],[-71.11443,41.84734],[-71.11652,41.84685],[-71.11837,41.84641],[-71.12077,41.84586],[-71.12145,41.84416],[-71.12211,41.84249],[-71.12275,41.84088],[-71.12332,41.8394],[-71.12394,41.83785],[-71.12443,41.83663],[-71.12496,41.8353],[-71.12564,41.83357],[-71.12633,41.83182],[-71.12649,41.83134],[-71.12697,41.83022],[-71.12767,41.82845],[-71.12839,41.82662],[-71.12919,41.82556],[-71.13,41.82439],[-71.13113,41.82282],[-71.13253,41.82087],[-71.13378,41.81913],[-71.13462,41.81796],[-71.13555,41.81658],[-71.13592,41.81601],[-71.14065,41.80946],[-71.14185,41.80779],[-71.14308,41.80613],[-71.14422,41.80446],[-71.14546,41.80278],[-71.14675,41.80099],[-71.14861,41.79843],[-71.15022,41.79632],[-71.15185,41.79388],[-71.15295,41.79239],[-71.15466,41.78997],[-71.15603,41.78791],[-71.15767,41.78518],[-71.15904,41.78281],[-71.16074,41.77994],[-71.16223,41.77728],[-71.16362,41.77499],[-71.16501,41.77273],[-71.16629,41.77053],[-71.16736,41.75694],[-71.16746,41.75572],[-71.16753,41.75421],[-71.1677,41.75224],[-71.1679,41.74991],[-71.16814,41.74749],[-71.16834,41.74563],[-71.1686,41.74346],[-71.16878,41.74138],[-71.16707,41.74107],[-71.16516,41.74077],[-71.16251,41.74039],[-71.16099,41.74045],[-71.15836,41.74061],[-71.15594,41.74074],[-71.15186,41.73994],[-71.14987,41.73957],[-71.14769,41.73923],[-71.14594,41.73862],[-71.14594,41.7382]]}},{"type":"Feature","properties":{"id":"147018","type":"AC; OVERHEAD","status":"IN SERVICE","owner":null,"voltage":115,"voltClass":"100-161"},"geometry":{"type":"LineString","coordinates":[[-71.5222,41.86684],[-71.52353,41.86701]]}},{"type":"Feature","properties":{"id":"147087","type":"AC; OVERHEAD","status":"IN SERVICE","owner":null,"voltage":345,"voltClass":"345"},"geometry":{"type":"LineString","coordinates":[[-71.53915,41.96947],[-71.5391,41.97027],[-71.5387,41.97128],[-71.53694,41.97028],[-71.53393,41.96852],[-71.53338,41.9684],[-71.53313,41.96834],[-71.53256,41.96822],[-71.53065,41.96837],[-71.52865,41.96853],[-71.52731,41.96896],[-71.52588,41.96942],[-71.52463,41.96982],[-71.52237,41.97054],[-71.52002,41.9713],[-71.51808,41.97192],[-71.51579,41.97265],[-71.51531,41.97272],[-71.51507,41.97275],[-71.51378,41.97292],[-71.51329,41.97299],[-71.51085,41.97332],[-71.50919,41.97354],[-71.50663,41.9746],[-71.50473,41.97539],[-71.50317,41.97604],[-71.5009,41.97698],[-71.4993,41.97764],[-71.49723,41.9785],[-71.49508,41.97939],[-71.49352,41.98004],[-71.49202,41.98066],[-71.48784,41.98237],[-71.4889,41.98511],[-71.48929,41.98827],[-71.48938,41.98914],[-71.48761,41.98929],[-71.48593,41.98945],[-71.48419,41.9896],[-71.48214,41.9898],[-71.481,41.98988],[-71.47964,41.9906],[-71.47807,41.99139],[-71.47667,41.99209],[-71.47571,41.99258],[-71.47495,41.99297],[-71.47287,41.99407],[-71.47245,41.9942],[-71.47187,41.99438],[-71.4693,41.99576],[-71.46712,41.9969],[-71.46562,41.99766],[-71.46396,41.99848],[-71.46218,41.9994],[-71.46044,42.00028],[-71.45869,42.00116],[-71.45752,42.00175],[-71.45536,42.00283],[-71.45387,42.0031],[-71.45223,42.00287],[-71.44997,42.00379],[-71.4488,42.00399],[-71.44747,42.00422],[-71.44553,42.00457],[-71.44359,42.00491],[-71.44145,42.0053],[-71.43923,42.00569],[-71.43692,42.0061],[-71.43459,42.00652],[-71.43263,42.00687],[-71.43104,42.00715],[-71.42859,42.00756],[-71.42772,42.00826],[-71.42652,42.00919],[-71.42503,42.01032],[-71.4233,42.01163],[-71.42212,42.01252],[-71.42069,42.01361],[-71.41834,42.01539],[-71.41672,42.01663],[-71.41597,42.01694],[-71.41364,42.0179],[-71.41217,42.01852],[-71.41122,42.01892],[-71.40864,42.01997],[-71.4074,42.02048],[-71.40539,42.02131],[-71.40287,42.02234],[-71.4019,42.02274],[-71.39947,42.02373],[-71.39814,42.02427],[-71.39622,42.02505],[-71.39411,42.02592],[-71.3919,42.02682],[-71.38981,42.02768],[-71.38792,42.02845],[-71.386,42.02924],[-71.38405,42.03004],[-71.38275,42.03058],[-71.38154,42.03108],[-71.37942,42.03195],[-71.37804,42.03253],[-71.37595,42.03304],[-71.37426,42.03347],[-71.37225,42.03398],[-71.37024,42.0345],[-71.36697,42.03532],[-71.36531,42.03574],[-71.36398,42.03607],[-71.36126,42.03676],[-71.35919,42.03728],[-71.35729,42.03776],[-71.35541,42.03823],[-71.35468,42.0369],[-71.35408,42.0358],[-71.35355,42.03482],[-71.35281,42.03346],[-71.35194,42.03186],[-71.35139,42.0308],[-71.34979,42.03048],[-71.34907,42.03033],[-71.34828,42.03017],[-71.34696,42.02985],[-71.34614,42.0292],[-71.34521,42.02841],[-71.34316,42.02662],[-71.34109,42.02484],[-71.34017,42.02404],[-71.33909,42.02312],[-71.33812,42.02225],[-71.3368,42.0211],[-71.33686,42.02025],[-71.33617,42.01965],[-71.33536,42.01997]]}},{"type":"Feature","properties":{"id":"145187","type":"AC; OVERHEAD","status":"IN SERVICE","owner":null,"voltage":115,"voltClass":"100-161"},"geometry":{"type":"LineString","coordinates":[[-71.47783,41.6092],[-71.47869,41.60951],[-71.48015,41.60992],[-71.48126,41.6102],[-71.48794,41.61089],[-71.48806,41.61144]]}},{"type":"Feature","properties":{"id":"145554","type":"AC; OVERHEAD","status":"IN SERVICE","owner":null,"voltage":115,"voltClass":"100-161"},"geometry":{"type":"LineString","coordinates":[[-71.17242,41.67064],[-71.17233,41.67258],[-71.17003,41.67424],[-71.16848,41.67883],[-71.16833,41.67965],[-71.16817,41.67996]]}},{"type":"Feature","properties":{"id":"145721","type":"AC; OVERHEAD","status":"IN SERVICE","owner":null,"voltage":115,"voltClass":"100-161"},"geometry":{"type":"LineString","coordinates":[[-71.53915,41.96947],[-71.53843,41.96966],[-71.53813,41.97053],[-71.53636,41.97088]]}},{"type":"Feature","properties":{"id":"145751","type":"AC; OVERHEAD","status":"IN SERVICE","owner":null,"voltage":115,"voltClass":"100-161"},"geometry":{"type":"LineString","coordinates":[[-71.48155,41.55103],[-71.48127,41.5505],[-71.48174,41.54873],[-71.49236,41.54447],[-71.49311,41.53499],[-71.49393,41.52748],[-71.5139,41.51856],[-71.53183,41.51042],[-71.54014,41.50995],[-71.56688,41.49562],[-71.57348,41.4864],[-71.57376,41.47306],[-71.57392,41.47271],[-71.57424,41.47266]]}},{"type":"Feature","properties":{"id":"148664","type":"AC; OVERHEAD","status":null,"owner":null,"voltage":115,"voltClass":"100-161"},"geometry":{"type":"LineString","coordinates":[[-71.12688,41.83139],[-71.12429,41.8314]]}},{"type":"Feature","properties":{"id":"148961","type":"AC; OVERHEAD","status":"IN SERVICE","owner":null,"voltage":115,"voltClass":"100-161"},"geometry":{"type":"LineString","coordinates":[[-71.48153,41.55038],[-71.48004,41.55057],[-71.4724,41.54924],[-71.47235,41.54896],[-71.47214,41.54865]]}},{"type":"Feature","properties":{"id":"149149","type":"AC; OVERHEAD","status":"IN SERVICE","owner":null,"voltage":115,"voltClass":"100-161"},"geometry":{"type":"LineString","coordinates":[[-71.44329,41.74276],[-71.44469,41.74201],[-71.4462,41.74125],[-71.44704,41.74082],[-71.44886,41.74055],[-71.45066,41.74023],[-71.45192,41.73972],[-71.45522,41.73589],[-71.4554,41.73585]]}},{"type":"Feature","properties":{"id":"149332","type":"AC; OVERHEAD","status":"IN SERVICE","owner":null,"voltage":115,"voltClass":"100-161"},"geometry":{"type":"LineString","coordinates":[[-71.63233,41.43847],[-71.63206,41.43845],[-71.6318,41.43844],[-71.63176,41.43826],[-71.63346,41.43798],[-71.63494,41.43774],[-71.63646,41.43749],[-71.63792,41.43725],[-71.64008,41.43689],[-71.64192,41.43659],[-71.64375,41.43628],[-71.64514,41.43604],[-71.64711,41.43573],[-71.6485,41.4355],[-71.65019,41.43522],[-71.65184,41.43494],[-71.65359,41.43466],[-71.655,41.43442],[-71.65724,41.43405],[-71.65853,41.43384],[-71.6601,41.43358],[-71.66161,41.43333],[-71.6632,41.43307],[-71.66465,41.43282],[-71.66629,41.43255],[-71.66793,41.43227],[-71.66922,41.43207],[-71.67051,41.43185],[-71.67191,41.43165],[-71.67352,41.43142],[-71.67498,41.43121],[-71.67679,41.43095],[-71.67839,41.43072],[-71.67998,41.43049],[-71.68141,41.43028],[-71.68298,41.43006],[-71.68454,41.42984],[-71.68634,41.42958],[-71.6878,41.42937],[-71.68944,41.42914],[-71.69092,41.42892],[-71.69264,41.42867],[-71.69434,41.42843],[-71.69582,41.42821],[-71.69731,41.42799],[-71.69889,41.42777],[-71.70023,41.42757],[-71.70192,41.4272],[-71.70351,41.42687],[-71.70391,41.42676],[-71.704,41.4274],[-71.70412,41.42746]]}},{"type":"Feature","properties":{"id":"149542","type":"AC; OVERHEAD","status":"IN SERVICE","owner":null,"voltage":115,"voltClass":"100-161"},"geometry":{"type":"LineString","coordinates":[[-71.28083,41.73361],[-71.28068,41.73414],[-71.28078,41.73437],[-71.28042,41.73474],[-71.28027,41.73492],[-71.27919,41.73627],[-71.27916,41.73631],[-71.27907,41.73642],[-71.2787,41.73737],[-71.27815,41.73825],[-71.27703,41.74008],[-71.27719,41.74119],[-71.27735,41.74233],[-71.27751,41.74333],[-71.27764,41.74433],[-71.27778,41.74543],[-71.27794,41.7466],[-71.27811,41.74779],[-71.27828,41.74891],[-71.27846,41.75],[-71.27867,41.75101],[-71.27896,41.75221],[-71.27922,41.75342],[-71.27953,41.75457],[-71.27972,41.75594],[-71.27932,41.75703],[-71.27902,41.75789],[-71.27872,41.7588],[-71.27856,41.75936],[-71.27823,41.75988]]}},{"type":"Feature","properties":{"id":"149570","type":"AC; OVERHEAD","status":"IN SERVICE","owner":null,"voltage":115,"voltClass":"100-161"},"geometry":{"type":"LineString","coordinates":[[-71.3816,41.86731],[-71.38054,41.86625],[-71.37753,41.86526],[-71.3757,41.86609],[-71.37291,41.86299],[-71.3699,41.8646],[-71.36677,41.86564],[-71.36499,41.86549],[-71.36004,41.86527],[-71.35874,41.86645],[-71.35503,41.8664],[-71.35331,41.86634],[-71.35139,41.86634],[-71.34761,41.86632],[-71.34536,41.8661],[-71.34081,41.86574],[-71.33846,41.86709],[-71.33653,41.86827],[-71.33588,41.86822],[-71.33181,41.86785],[-71.33077,41.86832],[-71.3306,41.86834]]}},{"type":"Feature","properties":{"id":"148089","type":"AC; OVERHEAD","status":"IN SERVICE","owner":null,"voltage":115,"voltClass":"100-161"},"geometry":{"type":"LineString","coordinates":[[-71.40565,41.81634],[-71.40548,41.81655],[-71.40475,41.81666],[-71.40456,41.81674]]}},{"type":"Feature","properties":{"id":"148242","type":"AC; OVERHEAD","status":"IN SERVICE","owner":null,"voltage":115,"voltClass":"100-161"},"geometry":{"type":"LineString","coordinates":[[-71.53644,41.97103],[-71.53629,41.97145],[-71.5359,41.97252],[-71.53552,41.97354],[-71.53514,41.97459],[-71.53476,41.97563],[-71.53432,41.97683],[-71.53397,41.97778],[-71.53361,41.97875],[-71.53249,41.97919],[-71.5313,41.97966],[-71.53022,41.98009],[-71.52907,41.98054],[-71.52772,41.98018],[-71.52626,41.97978],[-71.52461,41.97933],[-71.52349,41.97946],[-71.52249,41.97964]]}},{"type":"Feature","properties":{"id":"148274","type":"AC; OVERHEAD","status":"IN SERVICE","owner":null,"voltage":115,"voltClass":"100-161"},"geometry":{"type":"LineString","coordinates":[[-71.52692,41.88144],[-71.52739,41.88151]]}},{"type":"Feature","properties":{"id":"148424","type":"AC; OVERHEAD","status":"IN SERVICE","owner":null,"voltage":115,"voltClass":"100-161"},"geometry":{"type":"LineString","coordinates":[[-71.47942,41.68328],[-71.47909,41.68355],[-71.47907,41.68438],[-71.47837,41.68559],[-71.47653,41.6867],[-71.47593,41.68709],[-71.47561,41.68825],[-71.47528,41.68943],[-71.47483,41.69087],[-71.47435,41.69242],[-71.47387,41.69394],[-71.47375,41.69548],[-71.47368,41.69632],[-71.47338,41.69642],[-71.47338,41.69653],[-71.47288,41.69661]]}},{"type":"Feature","properties":{"id":"148498","type":"AC; OVERHEAD","status":"IN SERVICE","owner":null,"voltage":115,"voltClass":"100-161"},"geometry":{"type":"LineString","coordinates":[[-71.11619,41.74018],[-71.11769,41.74043],[-71.11883,41.73982],[-71.12064,41.73867],[-71.1234,41.73916],[-71.12533,41.73933],[-71.12835,41.73944],[-71.13147,41.73972],[-71.13269,41.7383],[-71.13715,41.73636],[-71.14458,41.73943],[-71.14594,41.7382]]}},{"type":"Feature","properties":{"id":"147174","type":"AC; OVERHEAD","status":"IN SERVICE","owner":null,"voltage":115,"voltClass":"100-161"},"geometry":{"type":"LineString","coordinates":[[-71.48855,41.61079],[-71.48843,41.61118],[-71.48829,41.61161],[-71.48753,41.61259],[-71.48733,41.61284],[-71.48611,41.61432],[-71.48522,41.61539],[-71.48443,41.61635],[-71.48381,41.61711],[-71.48447,41.62018],[-71.48481,41.6239],[-71.48499,41.62503],[-71.48545,41.62606],[-71.48558,41.62745],[-71.48567,41.6284],[-71.48574,41.62912],[-71.48591,41.63083],[-71.48608,41.63253],[-71.48623,41.63402],[-71.48635,41.63523],[-71.48647,41.63651],[-71.4866,41.63779],[-71.48673,41.63912],[-71.48668,41.64023],[-71.48663,41.64146],[-71.48677,41.64241],[-71.48693,41.64358],[-71.48711,41.64474],[-71.48734,41.64631],[-71.4875,41.64752],[-71.48771,41.64876],[-71.48789,41.64997],[-71.48802,41.65088],[-71.48822,41.65217],[-71.48839,41.65337],[-71.48862,41.65488],[-71.48876,41.65586],[-71.48935,41.66045],[-71.48897,41.66259],[-71.48562,41.66961],[-71.48457,41.67027],[-71.48386,41.67068],[-71.4813,41.67285],[-71.47982,41.67409],[-71.47953,41.67513],[-71.47882,41.67758],[-71.4784,41.67898],[-71.4784,41.68035],[-71.47921,41.68225],[-71.47935,41.6826],[-71.47942,41.68328]]}},{"type":"Feature","properties":{"id":"147499","type":"AC; OVERHEAD","status":"IN SERVICE","owner":null,"voltage":115,"voltClass":"100-161"},"geometry":{"type":"LineString","coordinates":[[-71.51855,41.97852],[-71.51916,41.97842],[-71.52215,41.97907],[-71.52331,41.97941],[-71.52249,41.97964]]}},{"type":"Feature","properties":{"id":"147739","type":"AC; OVERHEAD","status":"IN SERVICE","owner":null,"voltage":115,"voltClass":"100-161"},"geometry":{"type":"LineString","coordinates":[[-71.44977,41.72955],[-71.44999,41.72987]]}},{"type":"Feature","properties":{"id":"150192","type":"AC; OVERHEAD","status":"IN SERVICE","owner":null,"voltage":115,"voltClass":"100-161"},"geometry":{"type":"LineString","coordinates":[[-71.51692,41.80257],[-71.51672,41.80271],[-71.5164,41.8028],[-71.51546,41.80251]]}},{"type":"Feature","properties":{"id":"150587","type":"AC; OVERHEAD","status":"IN SERVICE","owner":null,"voltage":115,"voltClass":"100-161"},"geometry":{"type":"LineString","coordinates":[[-71.46199,41.93713],[-71.4619,41.93707],[-71.46139,41.93737],[-71.4613,41.93742]]}},{"type":"Feature","properties":{"id":"150254","type":"AC; OVERHEAD","status":"IN SERVICE","owner":null,"voltage":115,"voltClass":"100-161"},"geometry":{"type":"LineString","coordinates":[[-71.40582,41.81679],[-71.40564,41.81697],[-71.40493,41.81696],[-71.40456,41.81674]]}},{"type":"Feature","properties":{"id":"150362","type":"AC; OVERHEAD","status":"IN SERVICE","owner":null,"voltage":115,"voltClass":"100-161"},"geometry":{"type":"LineString","coordinates":[[-71.19041,41.71287],[-71.18955,41.71317],[-71.18858,41.7145],[-71.18786,41.71545],[-71.1872,41.71639],[-71.18682,41.71688],[-71.18655,41.71726],[-71.18589,41.71816],[-71.18505,41.71933],[-71.1843,41.72035],[-71.18326,41.72174],[-71.18274,41.72247],[-71.1825,41.72363],[-71.18227,41.7249],[-71.182,41.72617],[-71.18169,41.7276],[-71.18146,41.72877],[-71.18123,41.72981],[-71.18113,41.73025],[-71.18108,41.73045],[-71.18096,41.73105],[-71.18085,41.73159],[-71.18137,41.73242],[-71.18253,41.73328],[-71.18356,41.73408],[-71.18443,41.73475],[-71.18505,41.73521],[-71.18452,41.73724],[-71.18421,41.73853],[-71.1825,41.73982],[-71.18195,41.74023],[-71.1809,41.74103],[-71.17991,41.74174],[-71.17891,41.74249],[-71.17796,41.74318],[-71.17691,41.74396],[-71.17606,41.74463],[-71.17534,41.74514],[-71.17521,41.74636],[-71.17584,41.7473],[-71.17641,41.74816],[-71.17697,41.74906],[-71.17772,41.75021],[-71.1784,41.75125],[-71.17912,41.75236],[-71.17972,41.75329],[-71.18031,41.75422],[-71.18117,41.75553],[-71.18194,41.75675],[-71.18326,41.75878],[-71.1838,41.75964],[-71.18451,41.76069],[-71.18531,41.76193],[-71.18576,41.76265],[-71.18675,41.76415],[-71.18746,41.76524],[-71.18811,41.76624],[-71.1887,41.76718],[-71.18926,41.76804],[-71.18998,41.76916],[-71.19058,41.77005],[-71.19143,41.77139],[-71.19194,41.77216],[-71.19207,41.77323],[-71.19221,41.77427],[-71.19235,41.77521],[-71.19253,41.77651],[-71.19269,41.77768],[-71.19284,41.77868],[-71.19297,41.77949],[-71.19312,41.78069],[-71.19326,41.78166],[-71.19339,41.7829],[-71.19354,41.78395],[-71.19372,41.78511],[-71.19386,41.78619],[-71.19405,41.78728],[-71.1942,41.78836],[-71.19434,41.78956],[-71.19448,41.7906],[-71.19467,41.79178],[-71.19482,41.79274],[-71.19493,41.79376],[-71.19508,41.79483],[-71.19524,41.79591],[-71.19541,41.79702],[-71.19553,41.79805],[-71.19571,41.79926],[-71.19582,41.80022],[-71.19588,41.80146],[-71.19593,41.80252],[-71.196,41.80393],[-71.19607,41.80509],[-71.19608,41.80617],[-71.19614,41.80726],[-71.1962,41.80833],[-71.19625,41.80964],[-71.19632,41.81082],[-71.19641,41.81282],[-71.19646,41.81406],[-71.1965,41.81511],[-71.19656,41.81599],[-71.1966,41.81702],[-71.19669,41.81926],[-71.1968,41.82146],[-71.19687,41.82262],[-71.19693,41.82397],[-71.19697,41.82487],[-71.1967,41.82593],[-71.19642,41.82693],[-71.19614,41.8281],[-71.19585,41.82924],[-71.19552,41.83059],[-71.19527,41.83171],[-71.19504,41.8327],[-71.19477,41.8338],[-71.19455,41.83478],[-71.19426,41.836],[-71.19397,41.83711],[-71.19373,41.83808],[-71.19346,41.83916],[-71.19319,41.84034],[-71.19288,41.84163],[-71.19257,41.84286],[-71.19227,41.84404],[-71.19199,41.84525],[-71.19171,41.84633],[-71.19136,41.84774],[-71.19101,41.84916],[-71.19075,41.85035],[-71.19055,41.85126],[-71.19114,41.85216],[-71.19154,41.85285],[-71.19222,41.85402],[-71.19297,41.8553],[-71.19359,41.85635],[-71.19453,41.85797],[-71.19519,41.8591],[-71.19585,41.86022],[-71.19644,41.86123],[-71.19702,41.86222],[-71.19773,41.86344],[-71.19837,41.86454],[-71.199,41.86562],[-71.20018,41.86763],[-71.20074,41.86857],[-71.20086,41.86944],[-71.20103,41.87066],[-71.20128,41.87226],[-71.20151,41.87394],[-71.20166,41.87513],[-71.20178,41.87598],[-71.20105,41.87699],[-71.20036,41.87795],[-71.19965,41.87893],[-71.19884,41.88005],[-71.1973,41.88219],[-71.19666,41.88307],[-71.19586,41.88419],[-71.19516,41.88517],[-71.19454,41.88602],[-71.19378,41.88708],[-71.19324,41.88782],[-71.19244,41.88893],[-71.19277,41.88998],[-71.19315,41.89119],[-71.19359,41.8926],[-71.19401,41.89394],[-71.19434,41.895],[-71.19472,41.89619],[-71.19505,41.89723],[-71.19532,41.89808],[-71.19564,41.89909],[-71.19599,41.90022],[-71.19638,41.90146],[-71.19678,41.90274],[-71.1971,41.90376],[-71.19754,41.90514],[-71.19792,41.90637],[-71.19824,41.90738],[-71.19858,41.90846],[-71.1989,41.90946],[-71.19928,41.91068],[-71.1996,41.9117],[-71.19999,41.91292],[-71.20039,41.91421],[-71.20075,41.91535],[-71.2011,41.91644],[-71.20143,41.91751],[-71.20176,41.91854],[-71.20209,41.91958],[-71.20268,41.92148],[-71.20466,41.92329],[-71.20575,41.92429],[-71.2068,41.92525],[-71.20783,41.92619],[-71.20873,41.92702],[-71.20948,41.9277],[-71.21046,41.9286],[-71.21143,41.92949],[-71.21254,41.93051],[-71.21355,41.93143],[-71.21449,41.93229],[-71.21542,41.93314],[-71.21643,41.93406],[-71.21729,41.93485],[-71.21838,41.93586],[-71.21931,41.93671],[-71.22019,41.93751],[-71.22267,41.93849],[-71.22408,41.93906],[-71.22532,41.93956],[-71.22657,41.94007],[-71.22772,41.94053],[-71.22939,41.9412],[-71.23042,41.94162],[-71.23185,41.94219],[-71.23328,41.94276],[-71.23469,41.94332],[-71.23571,41.94374],[-71.23727,41.94438],[-71.2373,41.94439],[-71.23752,41.94447],[-71.23845,41.94483],[-71.23968,41.94604],[-71.24078,41.94714],[-71.24167,41.94803],[-71.24268,41.94902],[-71.24355,41.94988],[-71.2444,41.95071],[-71.24517,41.95145],[-71.24599,41.95228],[-71.24675,41.95303],[-71.24753,41.95386],[-71.24759,41.95469],[-71.24761,41.95608],[-71.24763,41.95718],[-71.24763,41.95826],[-71.24804,41.95886],[-71.24867,41.95977],[-71.24934,41.9607],[-71.25016,41.96189],[-71.25087,41.96292],[-71.25155,41.96391],[-71.25222,41.96488],[-71.25307,41.9661],[-71.25391,41.96734],[-71.25471,41.96848],[-71.25553,41.96967],[-71.25625,41.97073],[-71.25726,41.97175],[-71.25838,41.9729],[-71.25943,41.97396],[-71.26049,41.97501],[-71.26131,41.9758],[-71.26233,41.97689],[-71.26347,41.97804],[-71.26424,41.97886],[-71.26505,41.97969],[-71.26599,41.98064],[-71.26711,41.98177],[-71.26802,41.98269],[-71.26881,41.9835],[-71.27057,41.98528]]}},{"type":"Feature","properties":{"id":"150377","type":"AC; OVERHEAD","status":"IN SERVICE","owner":null,"voltage":115,"voltClass":"100-161"},"geometry":{"type":"LineString","coordinates":[[-71.5107,41.81363],[-71.50852,41.81342],[-71.50703,41.81327],[-71.50594,41.81317],[-71.50485,41.81306],[-71.50333,41.81291],[-71.50161,41.81274],[-71.49982,41.81303],[-71.4978,41.81337],[-71.49617,41.81364],[-71.49506,41.81394],[-71.49345,41.81439],[-71.49123,41.81499],[-71.48986,41.81537],[-71.4883,41.8158],[-71.48713,41.81612],[-71.48586,41.81647],[-71.48489,41.81674],[-71.48322,41.8172],[-71.48214,41.81688],[-71.48113,41.81658],[-71.48019,41.8163],[-71.47788,41.81562],[-71.47654,41.81522],[-71.47574,41.81499],[-71.47539,41.81452],[-71.47482,41.8144]]}},{"type":"Feature","properties":{"id":"157142","type":"AC; UNDERGROUND","status":"IN SERVICE","owner":null,"voltage":115,"voltClass":"100-161"},"geometry":{"type":"LineString","coordinates":[[-71.51932,41.82773],[-71.40565,41.81634]]}},{"type":"Feature","properties":{"id":"157143","type":"AC; UNDERGROUND","status":"IN SERVICE","owner":null,"voltage":115,"voltClass":"100-161"},"geometry":{"type":"LineString","coordinates":[[-71.51932,41.82773],[-71.51912,41.82781],[-71.40588,41.81646],[-71.40565,41.81634]]}},{"type":"Feature","properties":{"id":"157144","type":"AC; UNDERGROUND","status":"IN SERVICE","owner":null,"voltage":115,"voltClass":"100-161"},"geometry":{"type":"LineString","coordinates":[[-71.42107,41.84245],[-71.40565,41.81634]]}},{"type":"Feature","properties":{"id":"157660","type":"AC; UNDERGROUND","status":"IN SERVICE","owner":null,"voltage":115,"voltClass":"100-161"},"geometry":{"type":"LineString","coordinates":[[-71.42122,41.84248],[-71.40588,41.81653],[-71.40565,41.81634]]}},{"type":"Feature","properties":{"id":"102089","type":"AC; OVERHEAD","status":"IN SERVICE","owner":"CONNECTICUT LIGHT & POWER CO","voltage":345,"voltClass":"345"},"geometry":{"type":"LineString","coordinates":[[-71.6735,42.00995],[-71.67519,42.00891],[-71.67774,42.00956],[-71.68086,42.01033],[-71.68313,42.01031],[-71.68626,42.01028],[-71.68934,42.01025],[-71.69209,42.01023],[-71.69379,42.01022],[-71.69672,42.01019],[-71.699,42.01017],[-71.70006,42.00945],[-71.70217,42.00803],[-71.70419,42.00666],[-71.70636,42.0052],[-71.70756,42.00438],[-71.70853,42.00373],[-71.70992,42.00223],[-71.71089,42.0012],[-71.71302,41.99891],[-71.71452,41.9973],[-71.71594,41.99577],[-71.71731,41.9943],[-71.71907,41.99354],[-71.7209,41.99274],[-71.72354,41.99159],[-71.72556,41.99071],[-71.72743,41.9899],[-71.72939,41.98905],[-71.73215,41.98785],[-71.73406,41.98702],[-71.73637,41.98601],[-71.73851,41.98508],[-71.74116,41.98393],[-71.74386,41.98276],[-71.74689,41.98144],[-71.74958,41.98027],[-71.75169,41.97935],[-71.75349,41.97916],[-71.75574,41.97893],[-71.75706,41.97879],[-71.75832,41.97866],[-71.75991,41.97795],[-71.76221,41.97693],[-71.76409,41.97611],[-71.76606,41.97524],[-71.76658,41.97351],[-71.76764,41.96995],[-71.76812,41.96833],[-71.77014,41.96756],[-71.77277,41.96656],[-71.77557,41.96549],[-71.77622,41.9643],[-71.77785,41.96133],[-71.77838,41.96036],[-71.77914,41.95898],[-71.77975,41.95787],[-71.7794,41.95642],[-71.77889,41.95434],[-71.77836,41.95218],[-71.7807,41.95134],[-71.78313,41.95047],[-71.7855,41.94962],[-71.78861,41.9485],[-71.79128,41.94754],[-71.79464,41.94634],[-71.79712,41.94544],[-71.79807,41.94511],[-71.79983,41.94448],[-71.80165,41.94382],[-71.80312,41.9433],[-71.8044,41.94287],[-71.8058,41.94218],[-71.80803,41.94113],[-71.81163,41.93943],[-71.81366,41.93847],[-71.81513,41.93778],[-71.81681,41.93699],[-71.81815,41.93638],[-71.81961,41.93569],[-71.82111,41.9359],[-71.82299,41.93618],[-71.82451,41.9354],[-71.82617,41.93454],[-71.83136,41.93189],[-71.83354,41.93074],[-71.83556,41.92973],[-71.83777,41.92859],[-71.83897,41.92798],[-71.84038,41.92726],[-71.84188,41.9265],[-71.84363,41.9256],[-71.84581,41.92447],[-71.84721,41.92376],[-71.84924,41.92271],[-71.85071,41.92192],[-71.85415,41.921],[-71.85732,41.91931],[-71.8598,41.91804],[-71.86095,41.91746],[-71.8627,41.91656],[-71.86509,41.9153],[-71.86673,41.91443],[-71.86817,41.9137],[-71.87015,41.91268],[-71.87163,41.91188],[-71.87407,41.91061],[-71.87581,41.90969],[-71.87739,41.9094],[-71.87894,41.90908],[-71.87905,41.90788],[-71.87915,41.90678],[-71.87926,41.90513],[-71.87973,41.90344],[-71.88016,41.90166],[-71.8806,41.89993],[-71.88099,41.89838],[-71.88145,41.89651],[-71.88171,41.89548],[-71.88208,41.89394],[-71.88249,41.89234],[-71.88288,41.89074],[-71.88328,41.88918],[-71.88363,41.88761],[-71.88466,41.88675],[-71.886,41.8855],[-71.88723,41.88437],[-71.8906,41.88133],[-71.89123,41.88133]]}},{"type":"Feature","properties":{"id":"126355","type":"AC; OVERHEAD","status":"IN SERVICE","owner":null,"voltage":115,"voltClass":"100-161"},"geometry":{"type":"LineString","coordinates":[[-71.84668,41.41275],[-71.84697,41.41263],[-71.84691,41.41247],[-71.84718,41.41223],[-71.84867,41.41006],[-71.85004,41.4081],[-71.85366,41.4072],[-71.85533,41.40677],[-71.85702,41.40636],[-71.85929,41.4058],[-71.86134,41.40529],[-71.86374,41.40468],[-71.86505,41.40474],[-71.86636,41.40476],[-71.86844,41.40564],[-71.87081,41.40662],[-71.87254,41.40734],[-71.87442,41.40706],[-71.87658,41.40675],[-71.8788,41.40643],[-71.88129,41.40607],[-71.88343,41.40577],[-71.88529,41.4055],[-71.88744,41.40518],[-71.88938,41.40491],[-71.89163,41.40458],[-71.89385,41.40427],[-71.89594,41.40397],[-71.89811,41.40366],[-71.90105,41.40324],[-71.90409,41.4028],[-71.90593,41.40253],[-71.90781,41.40241],[-71.90958,41.40229],[-71.91208,41.40213],[-71.91438,41.40197],[-71.91634,41.40182],[-71.9183,41.40245],[-71.92058,41.40317],[-71.92225,41.40289],[-71.92566,41.40235],[-71.9275,41.40171],[-71.93176,41.40028],[-71.93348,41.40011],[-71.93472,41.39997],[-71.93598,41.39984],[-71.93826,41.39959],[-71.93982,41.39917],[-71.93997,41.39913],[-71.94013,41.39791],[-71.94029,41.39681],[-71.94051,41.39558],[-71.94089,41.39349],[-71.94118,41.3919],[-71.9414,41.39068],[-71.94181,41.38845],[-71.94217,41.38649],[-71.94243,41.38504],[-71.94343,41.38424],[-71.9447,41.38322],[-71.94631,41.38193],[-71.94759,41.38091],[-71.94935,41.3795],[-71.9503,41.37875],[-71.95084,41.37691],[-71.95141,41.37522],[-71.95192,41.37391],[-71.95237,41.3726],[-71.95304,41.37099],[-71.95378,41.3695],[-71.95417,41.36831],[-71.9546,41.36711],[-71.95515,41.36573],[-71.95699,41.36596],[-71.95963,41.36637]]}},{"type":"Feature","properties":{"id":"117697","type":"AC; OVERHEAD","status":"IN SERVICE","owner":null,"voltage":115,"voltClass":"100-161"},"geometry":{"type":"LineString","coordinates":[[-71.08666,41.73749],[-71.08645,41.73728],[-71.08645,41.73655],[-71.08653,41.73468],[-71.0866,41.73286],[-71.08665,41.73126],[-71.08664,41.72951],[-71.08673,41.7281],[-71.08678,41.72614],[-71.08682,41.7243],[-71.08693,41.72158],[-71.08709,41.71895],[-71.08713,41.71791],[-71.08717,41.71637],[-71.08721,41.71469],[-71.08724,41.71314],[-71.08733,41.71064],[-71.08751,41.70836],[-71.08774,41.70646],[-71.08787,41.70499],[-71.08812,41.70252],[-71.08831,41.70082],[-71.0904,41.69925],[-71.09255,41.69761],[-71.09504,41.69573],[-71.09639,41.69432],[-71.09774,41.69293],[-71.09873,41.69186],[-71.10011,41.69045],[-71.10129,41.68922],[-71.10346,41.68869],[-71.10672,41.68793],[-71.10836,41.68754],[-71.11109,41.68698],[-71.11142,41.68502],[-71.11162,41.68365],[-71.11182,41.6819],[-71.11674,41.67949],[-71.12298,41.67972],[-71.12933,41.67922],[-71.13607,41.67964],[-71.14033,41.6757],[-71.14047,41.67166],[-71.14481,41.67074],[-71.14701,41.67016],[-71.14838,41.66996],[-71.15123,41.67048],[-71.15252,41.67011],[-71.1547,41.67014],[-71.15787,41.6683],[-71.15923,41.66696],[-71.16435,41.66787]]}},{"type":"Feature","properties":{"id":"101113","type":"AC; OVERHEAD","status":"IN SERVICE","owner":null,"voltage":115,"voltClass":"100-161"},"geometry":{"type":"LineString","coordinates":[[-71.1641,41.66798],[-71.15926,41.66708],[-71.15801,41.66839],[-71.15473,41.67034],[-71.15252,41.67032],[-71.15123,41.67068],[-71.14831,41.67014],[-71.14716,41.67026],[-71.14061,41.67176],[-71.14047,41.67579],[-71.13609,41.67977],[-71.12939,41.67932],[-71.12298,41.67984],[-71.11681,41.67962],[-71.11195,41.68195],[-71.11185,41.68366],[-71.11169,41.68501],[-71.11129,41.68708],[-71.10841,41.68769],[-71.10679,41.68809],[-71.10353,41.68886],[-71.10147,41.68935],[-71.09892,41.69198],[-71.09654,41.69443],[-71.09523,41.69581],[-71.09266,41.69775],[-71.0905,41.69933],[-71.08851,41.7009],[-71.08831,41.70253],[-71.08812,41.70505],[-71.08793,41.70647],[-71.08767,41.70837],[-71.08751,41.71066],[-71.08743,41.71314],[-71.08736,41.7147],[-71.08734,41.71637],[-71.08728,41.71793],[-71.08727,41.71893],[-71.08717,41.72159],[-71.08707,41.72432],[-71.08702,41.72619],[-71.08694,41.72812],[-71.0869,41.72956],[-71.08686,41.73129],[-71.08678,41.73288],[-71.08671,41.7347],[-71.08666,41.73657],[-71.08666,41.73749]]}},{"type":"Feature","properties":{"id":"100822","type":"AC; OVERHEAD","status":"IN SERVICE","owner":null,"voltage":115,"voltClass":"100-161"},"geometry":{"type":"LineString","coordinates":[[-71.47942,41.68328],[-71.47905,41.68232],[-71.47823,41.6804],[-71.47825,41.67896],[-71.47968,41.67402],[-71.48377,41.67057],[-71.48555,41.66955],[-71.48885,41.66257],[-71.48922,41.66051],[-71.48804,41.6515],[-71.48724,41.64608],[-71.48723,41.64608],[-71.48703,41.64596],[-71.48635,41.64148],[-71.48585,41.63293],[-71.48515,41.62618],[-71.48475,41.62518],[-71.48421,41.62029],[-71.48354,41.61727],[-71.48353,41.61726],[-71.48354,41.61706],[-71.48586,41.61426],[-71.48802,41.61158],[-71.48806,41.61144]]}},{"type":"Feature","properties":{"id":"100851","type":"AC; OVERHEAD","status":"IN SERVICE","owner":null,"voltage":115,"voltClass":"100-161"},"geometry":{"type":"LineString","coordinates":[[-71.34219,41.91427],[-71.34254,41.91463],[-71.34485,41.91531],[-71.34877,41.91487],[-71.35187,41.9156],[-71.35969,41.91483],[-71.36112,41.9151],[-71.36656,41.91499],[-71.37109,41.91573],[-71.37372,41.91617],[-71.37471,41.91633]]}},{"type":"Feature","properties":{"id":"101027","type":"AC; OVERHEAD","status":"IN SERVICE","owner":null,"voltage":115,"voltClass":"100-161"},"geometry":{"type":"LineString","coordinates":[[-71.42133,41.84301],[-71.42125,41.84285],[-71.42122,41.84248]]}},{"type":"Feature","properties":{"id":"165377","type":"AC; OVERHEAD","status":"IN SERVICE","owner":null,"voltage":115,"voltClass":"100-161"},"geometry":{"type":"LineString","coordinates":[[-71.51552,41.80136],[-71.51574,41.80165],[-71.51542,41.80236]]}},{"type":"Feature","properties":{"id":"100452","type":"AC; OVERHEAD","status":"IN SERVICE","owner":null,"voltage":115,"voltClass":"100-161"},"geometry":{"type":"LineString","coordinates":[[-71.43912,41.75032],[-71.44043,41.75007]]}},{"type":"Feature","properties":{"id":"100454","type":"AC; OVERHEAD","status":"IN SERVICE","owner":null,"voltage":115,"voltClass":"100-161"},"geometry":{"type":"LineString","coordinates":[[-71.43523,41.59256],[-71.43524,41.59272],[-71.4355,41.59299],[-71.43552,41.59451],[-71.44314,41.59778],[-71.45112,41.60111],[-71.45504,41.60269],[-71.45627,41.60332],[-71.45786,41.60366],[-71.45927,41.60406],[-71.46528,41.60582],[-71.46627,41.60601],[-71.46788,41.60645],[-71.47339,41.60801],[-71.47583,41.60865],[-71.47783,41.6092]]}},{"type":"Feature","properties":{"id":"100531","type":"AC; OVERHEAD","status":"IN SERVICE","owner":null,"voltage":115,"voltClass":"100-161"},"geometry":{"type":"LineString","coordinates":[[-71.27096,41.98527],[-71.26725,41.98165],[-71.26355,41.97786],[-71.26254,41.97685],[-71.26135,41.97561],[-71.26062,41.97489],[-71.25958,41.97385],[-71.25851,41.97276],[-71.25744,41.97168],[-71.25642,41.97066],[-71.25572,41.96962],[-71.25489,41.96842],[-71.25411,41.96728],[-71.2532,41.96595],[-71.2524,41.96482],[-71.25173,41.96385],[-71.25106,41.96286],[-71.25035,41.96183],[-71.24952,41.96063],[-71.24887,41.95968],[-71.24825,41.95877],[-71.24785,41.95822],[-71.24786,41.95718],[-71.24784,41.95594],[-71.24781,41.95469],[-71.24775,41.95381],[-71.24692,41.95294],[-71.24617,41.9522],[-71.24532,41.95135],[-71.24457,41.95062],[-71.24375,41.9498],[-71.24279,41.94887],[-71.24176,41.94784],[-71.24095,41.94704],[-71.23991,41.94603],[-71.2392,41.94531],[-71.23858,41.9447],[-71.23763,41.94433],[-71.23699,41.94487]]}},{"type":"Feature","properties":{"id":"100555","type":"AC; OVERHEAD","status":"IN SERVICE","owner":null,"voltage":115,"voltClass":"100-161"},"geometry":{"type":"LineString","coordinates":[[-71.3816,41.86731],[-71.3806,41.8662],[-71.37753,41.86519],[-71.37573,41.866],[-71.37293,41.8629],[-71.36986,41.86454],[-71.36675,41.86557],[-71.36502,41.86544],[-71.364,41.86539]]}},{"type":"Feature","properties":{"id":"101758","type":"AC; OVERHEAD","status":"IN SERVICE","owner":null,"voltage":115,"voltClass":"100-161"},"geometry":{"type":"LineString","coordinates":[[-71.42122,41.84248],[-71.42162,41.84183],[-71.42119,41.84161]]}},{"type":"Feature","properties":{"id":"102252","type":"AC; OVERHEAD","status":null,"owner":null,"voltage":115,"voltClass":"100-161"},"geometry":{"type":"LineString","coordinates":[[-71.40443,41.81573],[-71.40513,41.81548],[-71.40549,41.81594],[-71.40565,41.81634]]}},{"type":"Feature","properties":{"id":"102530","type":"AC; OVERHEAD","status":"IN SERVICE","owner":null,"voltage":115,"voltClass":"100-161"},"geometry":{"type":"LineString","coordinates":[[-71.52182,41.75684],[-71.52079,41.75695]]}},{"type":"Feature","properties":{"id":"102586","type":"AC; OVERHEAD","status":"IN SERVICE","owner":null,"voltage":115,"voltClass":"100-161"},"geometry":{"type":"LineString","coordinates":[[-71.51542,41.80236],[-71.51092,41.81215],[-71.51071,41.81351],[-71.5107,41.81363]]}},{"type":"Feature","properties":{"id":"102682","type":"AC; OVERHEAD","status":"IN SERVICE","owner":null,"voltage":115,"voltClass":"100-161"},"geometry":{"type":"LineString","coordinates":[[-71.52249,41.97964],[-71.52328,41.97916],[-71.52314,41.97913],[-71.52076,41.97859],[-71.50342,41.96106],[-71.48784,41.94532],[-71.48756,41.94451],[-71.48721,41.94348],[-71.48678,41.94225],[-71.48639,41.94113],[-71.48591,41.93975],[-71.48547,41.93846],[-71.48493,41.93693],[-71.48456,41.93586],[-71.48426,41.93499],[-71.48384,41.93376],[-71.48344,41.93262],[-71.48303,41.93143],[-71.48269,41.93044],[-71.48217,41.92896],[-71.48184,41.92799],[-71.48139,41.9267],[-71.48104,41.92569],[-71.48067,41.92461],[-71.48035,41.92371],[-71.47996,41.92257],[-71.47958,41.92149],[-71.47923,41.92046],[-71.47891,41.91953],[-71.47847,41.91827],[-71.47809,41.91717],[-71.47771,41.91609],[-71.47731,41.91492],[-71.47657,41.91278],[-71.47622,41.91177],[-71.47584,41.91067],[-71.47541,41.90945],[-71.47491,41.90801],[-71.47449,41.9068],[-71.47409,41.90562],[-71.47302,41.90484],[-71.47113,41.90352],[-71.47091,41.90336],[-71.46963,41.90245],[-71.46847,41.90161],[-71.46753,41.90094],[-71.46656,41.90025],[-71.46557,41.89953],[-71.46459,41.89883],[-71.46346,41.89802],[-71.46233,41.89721],[-71.46107,41.89631],[-71.45992,41.89548],[-71.45887,41.89473],[-71.45784,41.89399],[-71.45689,41.89331],[-71.45633,41.89218],[-71.45578,41.89107],[-71.45538,41.89028],[-71.45485,41.88923],[-71.45429,41.88809],[-71.4538,41.88711],[-71.45325,41.88601],[-71.45199,41.88553],[-71.4503,41.88487],[-71.44916,41.88443],[-71.44793,41.88396],[-71.44674,41.8835],[-71.44559,41.88306],[-71.44433,41.88257],[-71.4431,41.88209],[-71.44198,41.88166],[-71.43887,41.88046],[-71.43742,41.88001],[-71.43573,41.87949],[-71.43405,41.87896],[-71.43327,41.87872],[-71.43288,41.8781],[-71.43241,41.87734],[-71.43174,41.87627],[-71.43102,41.8751],[-71.43022,41.87378],[-71.4297,41.87288],[-71.43001,41.8723],[-71.43029,41.87169],[-71.42984,41.87052],[-71.42955,41.86974],[-71.42907,41.86845],[-71.42916,41.86803],[-71.42953,41.86615],[-71.42942,41.86508],[-71.4293,41.86368],[-71.42913,41.86264],[-71.42876,41.8607],[-71.42863,41.86003],[-71.42745,41.85891],[-71.4271,41.8581],[-71.42672,41.85717],[-71.42635,41.85627],[-71.42572,41.85467],[-71.42566,41.85318],[-71.42535,41.8523],[-71.42474,41.8515],[-71.42371,41.85028],[-71.42303,41.84948],[-71.42203,41.8483],[-71.42124,41.84737],[-71.42116,41.84648],[-71.42106,41.84547],[-71.42101,41.84487],[-71.42095,41.84428],[-71.4209,41.84366],[-71.42127,41.84322],[-71.42124,41.84317]]}},{"type":"Feature","properties":{"id":"103030","type":"AC; OVERHEAD","status":"IN SERVICE","owner":null,"voltage":115,"voltClass":"100-161"},"geometry":{"type":"LineString","coordinates":[[-71.28083,41.73361],[-71.2813,41.73395],[-71.28156,41.7345],[-71.28089,41.7348]]}},{"type":"Feature","properties":{"id":"104929","type":"AC; OVERHEAD","status":"IN SERVICE","owner":null,"voltage":115,"voltClass":"100-161"},"geometry":{"type":"LineString","coordinates":[[-71.57392,41.4665],[-71.57392,41.46659],[-71.57391,41.46697],[-71.5739,41.46768],[-71.57387,41.4688],[-71.57384,41.46989],[-71.57381,41.47102],[-71.57378,41.47213],[-71.57378,41.47259],[-71.57424,41.47266]]}},{"type":"Feature","properties":{"id":"105087","type":"AC; OVERHEAD","status":"IN SERVICE","owner":null,"voltage":115,"voltClass":"100-161"},"geometry":{"type":"LineString","coordinates":[[-71.42084,41.84334],[-71.42124,41.84317]]}},{"type":"Feature","properties":{"id":"105258","type":"AC; OVERHEAD","status":"IN SERVICE","owner":null,"voltage":115,"voltClass":"100-161"},"geometry":{"type":"LineString","coordinates":[[-71.33204,41.7907],[-71.33095,41.78983],[-71.33004,41.7891],[-71.32939,41.78859],[-71.329,41.78793],[-71.32785,41.78595],[-71.32721,41.78492],[-71.32675,41.78409],[-71.32613,41.78305],[-71.32551,41.78199],[-71.32506,41.78122],[-71.32403,41.78054],[-71.32291,41.7798],[-71.322,41.77921],[-71.32098,41.77853],[-71.3199,41.77782],[-71.31886,41.77711],[-71.31737,41.77649],[-71.31604,41.77594],[-71.31468,41.77537],[-71.31326,41.77479],[-71.31221,41.77434],[-71.31127,41.77394],[-71.31026,41.77351],[-71.30874,41.77286],[-71.3072,41.77225],[-71.30622,41.77183],[-71.30518,41.7714],[-71.30418,41.77098],[-71.30287,41.77043],[-71.30186,41.77001],[-71.30057,41.76948],[-71.29931,41.76895],[-71.29803,41.76841],[-71.29662,41.76782],[-71.29504,41.76714],[-71.29428,41.76714],[-71.2927,41.76709],[-71.29138,41.76705],[-71.28988,41.76699],[-71.28858,41.76695],[-71.28707,41.76689],[-71.28579,41.76686],[-71.28452,41.76682],[-71.28231,41.76668],[-71.28215,41.76667],[-71.28098,41.76664],[-71.27938,41.76658],[-71.27817,41.76654],[-71.27699,41.7665],[-71.27736,41.7651],[-71.2777,41.76404],[-71.27803,41.76287],[-71.2784,41.76167],[-71.27858,41.76095],[-71.27888,41.75998],[-71.2785,41.75985]]}},{"type":"Feature","properties":{"id":"104318","type":"AC; OVERHEAD","status":"IN SERVICE","owner":null,"voltage":115,"voltClass":"100-161"},"geometry":{"type":"LineString","coordinates":[[-71.52354,41.86676],[-71.52027,41.85626],[-71.52513,41.84077],[-71.51871,41.82979],[-71.51963,41.8287],[-71.51951,41.8281],[-71.51932,41.82773]]}},{"type":"Feature","properties":{"id":"104815","type":"AC; OVERHEAD","status":"IN SERVICE","owner":null,"voltage":115,"voltClass":"100-161"},"geometry":{"type":"LineString","coordinates":[[-71.44309,41.73287],[-71.443,41.73281],[-71.44298,41.73236],[-71.44461,41.73233],[-71.44642,41.73229],[-71.44801,41.73225],[-71.44873,41.7314],[-71.44963,41.73031],[-71.44999,41.72987]]}},{"type":"Feature","properties":{"id":"105730","type":"AC; OVERHEAD","status":"IN SERVICE","owner":"FITCHBURG GAS AND ELECTRIC LIGHT COMPANY","voltage":115,"voltClass":"100-161"},"geometry":{"type":"LineString","coordinates":[[-71.52249,41.97964],[-71.52335,41.97969],[-71.5244,41.98002],[-71.52597,41.98047],[-71.52733,41.98086],[-71.52897,41.98133],[-71.53045,41.98176],[-71.53181,41.98215],[-71.53288,41.98246],[-71.53439,41.98289],[-71.53564,41.98326],[-71.5368,41.98358],[-71.53795,41.98446],[-71.53916,41.9854],[-71.54023,41.98624],[-71.54155,41.98725],[-71.54243,41.98792],[-71.54379,41.98902],[-71.54474,41.98977],[-71.54632,41.99099],[-71.54769,41.99203],[-71.54829,41.99252],[-71.54931,41.99332],[-71.55054,41.99426],[-71.5521,41.99548],[-71.55345,41.99651],[-71.55568,41.99819],[-71.55617,41.9986],[-71.5572,41.99982],[-71.55778,42.00045],[-71.55863,42.00149],[-71.55955,42.00257],[-71.56036,42.00353],[-71.56118,42.00448],[-71.56182,42.00528],[-71.56318,42.00579],[-71.56469,42.00636],[-71.56611,42.00689],[-71.56755,42.00742],[-71.56851,42.00778],[-71.56985,42.00827],[-71.57104,42.0087],[-71.57209,42.00908],[-71.57336,42.00954],[-71.57474,42.01007],[-71.57589,42.01047],[-71.57752,42.01108],[-71.57873,42.01152],[-71.58031,42.01213],[-71.58195,42.01273],[-71.5847,42.0137],[-71.58963,42.01938],[-71.59253,42.02259],[-71.59661,42.02724],[-71.61139,42.04357],[-71.62578,42.05105],[-71.63385,42.0568],[-71.64058,42.0616],[-71.63708,42.06296],[-71.63188,42.0679],[-71.63057,42.06886],[-71.62877,42.06997],[-71.62736,42.07088],[-71.62569,42.07151],[-71.62446,42.07194],[-71.62361,42.07219],[-71.623,42.07262],[-71.62296,42.07394],[-71.62238,42.07402]]}},{"type":"Feature","properties":{"id":"105872","type":"AC; OVERHEAD","status":"IN SERVICE","owner":null,"voltage":115,"voltClass":"100-161"},"geometry":{"type":"LineString","coordinates":[[-71.17082,41.64319],[-71.17104,41.64317],[-71.17223,41.64332],[-71.17436,41.64314],[-71.17646,41.64318],[-71.1773,41.64387],[-71.17845,41.64394],[-71.18017,41.644],[-71.18041,41.64417]]}},{"type":"Feature","properties":{"id":"106005","type":"AC; OVERHEAD","status":"IN SERVICE","owner":null,"voltage":115,"voltClass":"100-161"},"geometry":{"type":"LineString","coordinates":[[-71.52739,41.88151],[-71.52616,41.87544],[-71.52353,41.86701]]}},{"type":"Feature","properties":{"id":"165855","type":"AC; OVERHEAD","status":"IN SERVICE","owner":null,"voltage":115,"voltClass":"100-161"},"geometry":{"type":"LineString","coordinates":[[-71.52075,41.75709],[-71.52232,41.76203],[-71.52334,41.76481],[-71.52357,41.76622],[-71.52346,41.76805],[-71.52193,41.79212],[-71.51748,41.7978],[-71.51595,41.80119],[-71.51552,41.80136]]}},{"type":"Feature","properties":{"id":"103594","type":"AC; OVERHEAD","status":"IN SERVICE","owner":null,"voltage":115,"voltClass":"100-161"},"geometry":{"type":"LineString","coordinates":[[-71.48153,41.55038],[-71.48245,41.55197],[-71.48301,41.55294],[-71.48343,41.55367],[-71.48413,41.55487],[-71.48464,41.55573],[-71.4854,41.55705],[-71.48614,41.55832],[-71.4867,41.55928],[-71.487,41.56008],[-71.48727,41.56077],[-71.48769,41.56187],[-71.48812,41.563],[-71.48851,41.56403],[-71.4889,41.56506],[-71.48941,41.56638],[-71.48984,41.56751],[-71.49019,41.56844],[-71.49059,41.56949],[-71.49089,41.57029],[-71.49126,41.57124],[-71.49166,41.5723],[-71.49191,41.57296],[-71.49222,41.57339],[-71.49309,41.5746],[-71.4938,41.57559],[-71.49435,41.57634],[-71.49477,41.57693],[-71.49516,41.57747],[-71.49622,41.57895],[-71.49673,41.57966],[-71.49715,41.58024],[-71.49681,41.58084],[-71.49631,41.58173],[-71.49603,41.58221],[-71.49595,41.58235],[-71.49587,41.58249],[-71.49557,41.58304],[-71.49532,41.58348],[-71.49462,41.58473],[-71.49392,41.58597],[-71.49345,41.58682],[-71.49302,41.58757],[-71.4931,41.58869],[-71.49317,41.58955],[-71.49324,41.59061],[-71.49334,41.59199],[-71.49343,41.5932],[-71.49351,41.59433],[-71.49355,41.59488],[-71.49333,41.5956],[-71.49235,41.59872],[-71.49212,41.59944],[-71.49189,41.60016],[-71.49167,41.60089],[-71.49101,41.60296],[-71.49043,41.60481],[-71.49013,41.60576],[-71.48982,41.60676],[-71.48904,41.60925],[-71.48855,41.61079]]}},{"type":"Feature","properties":{"id":"106500","type":"AC; OVERHEAD","status":"IN SERVICE","owner":null,"voltage":345,"voltClass":"345"},"geometry":{"type":"LineString","coordinates":[[-71.19094,41.71384],[-71.19041,41.71287]]}},{"type":"Feature","properties":{"id":"108759","type":"AC; OVERHEAD","status":"IN SERVICE","owner":null,"voltage":115,"voltClass":"100-161"},"geometry":{"type":"LineString","coordinates":[[-71.44329,41.74276],[-71.44339,41.74234],[-71.44344,41.74142],[-71.44356,41.7402],[-71.44347,41.73888],[-71.44332,41.73721],[-71.44324,41.73605],[-71.44316,41.73487],[-71.44301,41.73292],[-71.44301,41.7329],[-71.44309,41.73287]]}},{"type":"Feature","properties":{"id":"108788","type":"AC; OVERHEAD","status":"IN SERVICE","owner":null,"voltage":115,"voltClass":"100-161"},"geometry":{"type":"LineString","coordinates":[[-71.14594,41.7382],[-71.14633,41.73812],[-71.14791,41.73877],[-71.14982,41.73919],[-71.15194,41.73962],[-71.15403,41.74004],[-71.15605,41.7404],[-71.15822,41.7403],[-71.16255,41.74004],[-71.1649,41.74038],[-71.16679,41.74066],[-71.1692,41.74105],[-71.16982,41.73934],[-71.17052,41.73743],[-71.17197,41.73539],[-71.17315,41.73373],[-71.17432,41.7321],[-71.17537,41.73064],[-71.17641,41.72917],[-71.17817,41.72824],[-71.17949,41.72911],[-71.18104,41.73016],[-71.18115,41.73023],[-71.18151,41.73047],[-71.18169,41.7306],[-71.18188,41.73073],[-71.18215,41.73091],[-71.18323,41.73158],[-71.185,41.73274],[-71.18677,41.73413],[-71.18794,41.7351],[-71.18991,41.73672],[-71.19186,41.73833],[-71.19297,41.73926],[-71.19406,41.73975],[-71.19606,41.74062],[-71.19808,41.74156],[-71.20034,41.74266],[-71.20304,41.74394],[-71.20534,41.74503],[-71.20758,41.74661],[-71.20975,41.74713],[-71.21058,41.74877],[-71.21125,41.75035],[-71.21143,41.75141],[-71.21263,41.75212],[-71.21376,41.7528],[-71.21576,41.7527],[-71.21951,41.75254],[-71.22101,41.75364],[-71.22143,41.7551],[-71.22188,41.75648],[-71.22187,41.75804],[-71.22389,41.75947],[-71.2254,41.76055],[-71.22686,41.76159],[-71.22869,41.76227],[-71.23053,41.76297],[-71.23243,41.76368],[-71.23407,41.76478],[-71.23532,41.76562],[-71.23641,41.76633],[-71.23739,41.76743],[-71.23822,41.76825],[-71.23945,41.76946],[-71.24115,41.77083],[-71.24215,41.7719],[-71.24346,41.77329],[-71.24527,41.77541],[-71.24673,41.77712],[-71.24802,41.77863],[-71.24935,41.7802],[-71.25058,41.78165],[-71.25185,41.78312],[-71.25312,41.78462],[-71.25428,41.78598],[-71.25547,41.78739],[-71.25672,41.78886],[-71.25795,41.79029],[-71.25912,41.79166],[-71.26032,41.79299],[-71.26153,41.79431],[-71.26274,41.79563],[-71.26407,41.79708],[-71.26496,41.79853],[-71.26574,41.7998],[-71.26696,41.80175],[-71.26827,41.80292],[-71.26922,41.80376],[-71.27085,41.80519],[-71.27229,41.80645],[-71.27376,41.80776],[-71.2753,41.80911],[-71.27733,41.81092],[-71.27904,41.81244],[-71.2801,41.8134],[-71.28296,41.81524],[-71.28541,41.81665],[-71.28617,41.81733],[-71.28782,41.8184],[-71.28832,41.81949],[-71.28895,41.82084],[-71.28977,41.82259],[-71.29,41.82416],[-71.29024,41.82583],[-71.29045,41.82716],[-71.2907,41.82886],[-71.29099,41.83075],[-71.29122,41.83232],[-71.29149,41.83415],[-71.29175,41.83587],[-71.292,41.83748],[-71.29222,41.83893],[-71.29244,41.84045],[-71.29339,41.84165],[-71.2946,41.84313],[-71.29552,41.84428],[-71.29653,41.84551],[-71.29755,41.84679],[-71.29884,41.84839],[-71.30007,41.84989],[-71.30143,41.85157],[-71.30258,41.85249],[-71.30413,41.85371],[-71.30601,41.8552],[-71.30757,41.85645],[-71.30929,41.85782],[-71.31048,41.85876],[-71.31164,41.85969],[-71.31312,41.86087],[-71.31428,41.8618],[-71.31656,41.86288],[-71.31746,41.86308],[-71.31767,41.86312],[-71.31935,41.86378],[-71.32119,41.86449],[-71.32347,41.86538],[-71.32532,41.86609],[-71.32722,41.86682],[-71.32942,41.86767],[-71.33055,41.8682],[-71.3306,41.86834]]}},{"type":"Feature","properties":{"id":"109291","type":"AC; OVERHEAD","status":"IN SERVICE","owner":null,"voltage":115,"voltClass":"100-161"},"geometry":{"type":"LineString","coordinates":[[-71.13608,41.81623],[-71.13611,41.81606],[-71.13691,41.81497],[-71.13794,41.81357],[-71.13869,41.81258],[-71.13926,41.81187],[-71.14015,41.81044],[-71.14077,41.80943],[-71.142,41.80774],[-71.14357,41.80567],[-71.14493,41.8038],[-71.14606,41.80223],[-71.14681,41.80116],[-71.14781,41.79978],[-71.14891,41.79824],[-71.15017,41.79647],[-71.15169,41.79437],[-71.15307,41.79242],[-71.15422,41.79085],[-71.15518,41.78941],[-71.15613,41.78795],[-71.15686,41.78674],[-71.15749,41.78561],[-71.15828,41.78425],[-71.15884,41.78327],[-71.1597,41.78187],[-71.16045,41.78055],[-71.16096,41.77968],[-71.16173,41.77839],[-71.16275,41.7767],[-71.16379,41.77495],[-71.16464,41.77352],[-71.16552,41.77206],[-71.16643,41.77055],[-71.16654,41.76897],[-71.16669,41.76727],[-71.16681,41.76572],[-71.16694,41.76424],[-71.16706,41.76235],[-71.16719,41.76077],[-71.16731,41.7592],[-71.16746,41.7577],[-71.16758,41.75598],[-71.16769,41.75422],[-71.16775,41.75304],[-71.16788,41.75224],[-71.16804,41.75009],[-71.16831,41.74744],[-71.16847,41.74621],[-71.16887,41.74259],[-71.16903,41.74128],[-71.16671,41.74088],[-71.16486,41.74059],[-71.16254,41.74024],[-71.15823,41.7405],[-71.15603,41.74064],[-71.15395,41.74025],[-71.15188,41.73984],[-71.14975,41.73943],[-71.1477,41.73908],[-71.14607,41.73842],[-71.14594,41.7382]]}},{"type":"Feature","properties":{"id":"107529","type":"AC; OVERHEAD","status":"IN SERVICE","owner":null,"voltage":115,"voltClass":"100-161"},"geometry":{"type":"LineString","coordinates":[[-71.42124,41.84317],[-71.42108,41.84292],[-71.42107,41.84245]]}},{"type":"Feature","properties":{"id":"107128","type":"AC; OVERHEAD","status":"IN SERVICE","owner":null,"voltage":115,"voltClass":"100-161"},"geometry":{"type":"LineString","coordinates":[[-71.44996,41.73009],[-71.4503,41.72969],[-71.45124,41.72852],[-71.45215,41.72741],[-71.45293,41.72648],[-71.4539,41.7253],[-71.45459,41.72445],[-71.45547,41.72338],[-71.45634,41.72235],[-71.45771,41.72149],[-71.45865,41.72091],[-71.45941,41.72043],[-71.46054,41.71972],[-71.46222,41.71914],[-71.46364,41.71864],[-71.4658,41.71789],[-71.46773,41.71721],[-71.46921,41.71669],[-71.46944,41.71524],[-71.46963,41.71403],[-71.46986,41.71256],[-71.47002,41.71147],[-71.4702,41.71033],[-71.47037,41.70928],[-71.47054,41.7082],[-71.4707,41.70714],[-71.47086,41.70612],[-71.47106,41.70502],[-71.47121,41.70397],[-71.47131,41.70288],[-71.47151,41.70162],[-71.47165,41.7007],[-71.47176,41.69997],[-71.4719,41.6993],[-71.47192,41.69886],[-71.47203,41.69827],[-71.47211,41.69711],[-71.47225,41.69625],[-71.4732,41.69625],[-71.47323,41.69642],[-71.47288,41.69661]]}},{"type":"Feature","properties":{"id":"112236","type":"AC; OVERHEAD","status":"IN SERVICE","owner":null,"voltage":115,"voltClass":"100-161"},"geometry":{"type":"LineString","coordinates":[[-71.34884,41.80221],[-71.34858,41.80228],[-71.34849,41.80221]]}},{"type":"Feature","properties":{"id":"112402","type":"AC; OVERHEAD","status":null,"owner":null,"voltage":345,"voltClass":"345"},"geometry":{"type":"LineString","coordinates":[[-71.67034,42.0104],[-71.66953,42.0095]]}},{"type":"Feature","properties":{"id":"109938","type":"AC; OVERHEAD","status":"IN SERVICE","owner":null,"voltage":115,"voltClass":"100-161"},"geometry":{"type":"LineString","coordinates":[[-71.15677,41.71609],[-71.15701,41.71819],[-71.15702,41.7182],[-71.15785,41.7192],[-71.15823,41.71942],[-71.16136,41.72123],[-71.16214,41.72217],[-71.16312,41.72249],[-71.16424,41.72284],[-71.16625,41.7235],[-71.16823,41.72413],[-71.17235,41.72546],[-71.17438,41.72611],[-71.17622,41.72671],[-71.17757,41.72723]]}},{"type":"Feature","properties":{"id":"111465","type":"AC; OVERHEAD","status":"IN SERVICE","owner":null,"voltage":115,"voltClass":"100-161"},"geometry":{"type":"LineString","coordinates":[[-71.17705,41.72788],[-71.17609,41.7269],[-71.17411,41.72626],[-71.17212,41.72562],[-71.17014,41.72498],[-71.16814,41.72434],[-71.16615,41.72369],[-71.16414,41.72305],[-71.16303,41.72269],[-71.16191,41.72233],[-71.1574,41.71971],[-71.15683,41.71824],[-71.15677,41.71609]]}},{"type":"Feature","properties":{"id":"111038","type":"AC; OVERHEAD","status":"IN SERVICE","owner":null,"voltage":115,"voltClass":"100-161"},"geometry":{"type":"LineString","coordinates":[[-71.52182,41.75684],[-71.52075,41.75709]]}},{"type":"Feature","properties":{"id":"109340","type":"AC; OVERHEAD","status":"IN SERVICE","owner":null,"voltage":115,"voltClass":"100-161"},"geometry":{"type":"LineString","coordinates":[[-71.47737,41.60971],[-71.47764,41.60909]]}},{"type":"Feature","properties":{"id":"109590","type":"AC; OVERHEAD","status":"IN SERVICE","owner":null,"voltage":115,"voltClass":"100-161"},"geometry":{"type":"LineString","coordinates":[[-71.51096,41.81381],[-71.51081,41.8138],[-71.50157,41.81296],[-71.49619,41.8138],[-71.49502,41.81418],[-71.49502,41.81418],[-71.48316,41.81742],[-71.47543,41.8151],[-71.47523,41.81454],[-71.47482,41.8144]]}},{"type":"Feature","properties":{"id":"114057","type":"AC; OVERHEAD","status":"IN SERVICE","owner":null,"voltage":115,"voltClass":"100-161"},"geometry":{"type":"LineString","coordinates":[[-71.17223,41.67043],[-71.17313,41.67063],[-71.17533,41.6707],[-71.17603,41.66968],[-71.17706,41.66814],[-71.17932,41.66855],[-71.17975,41.66863],[-71.17992,41.66834]]}},{"type":"Feature","properties":{"id":"114077","type":"AC; OVERHEAD","status":"IN SERVICE","owner":null,"voltage":115,"voltClass":"100-161"},"geometry":{"type":"LineString","coordinates":[[-71.17757,41.72723],[-71.17712,41.72788],[-71.17624,41.72911],[-71.17519,41.73058],[-71.17415,41.73204],[-71.17364,41.73275],[-71.17299,41.73366],[-71.1718,41.73532],[-71.17033,41.73737],[-71.16963,41.7393],[-71.16906,41.74088],[-71.16681,41.74054],[-71.16493,41.74025],[-71.16255,41.73987],[-71.15818,41.74016],[-71.15605,41.74027],[-71.15405,41.73991],[-71.15199,41.73948],[-71.14984,41.73906],[-71.14808,41.73857],[-71.14651,41.7379],[-71.14594,41.7382]]}},{"type":"Feature","properties":{"id":"114443","type":"AC; OVERHEAD","status":"IN SERVICE","owner":null,"voltage":115,"voltClass":"100-161"},"geometry":{"type":"LineString","coordinates":[[-71.26851,41.69458],[-71.26768,41.69472],[-71.27263,41.70742],[-71.27188,41.71909],[-71.27217,41.72497],[-71.27244,41.72668],[-71.27107,41.73299],[-71.27385,41.73359],[-71.27601,41.73392],[-71.27892,41.73291],[-71.28013,41.73324],[-71.2802,41.73336],[-71.28083,41.73361]]}},{"type":"Feature","properties":{"id":"115339","type":"AC; OVERHEAD","status":"IN SERVICE","owner":null,"voltage":115,"voltClass":"100-161"},"geometry":{"type":"LineString","coordinates":[[-71.23699,41.94487],[-71.2374,41.94424],[-71.23585,41.94362],[-71.23478,41.94319],[-71.23333,41.94262],[-71.23205,41.94208],[-71.23053,41.94148],[-71.22946,41.94105],[-71.22799,41.94046],[-71.22664,41.93992],[-71.22543,41.93943],[-71.22419,41.93893],[-71.22273,41.93834],[-71.22099,41.93764],[-71.22032,41.93739],[-71.21954,41.93668],[-71.21852,41.93574],[-71.21744,41.93476],[-71.21657,41.93396],[-71.21556,41.93304],[-71.21465,41.9322],[-71.21367,41.9313],[-71.21269,41.93041],[-71.21161,41.92942],[-71.21062,41.92851],[-71.20952,41.9275],[-71.20879,41.92684],[-71.20791,41.92603],[-71.20693,41.92513],[-71.20588,41.92417],[-71.20479,41.92318],[-71.20365,41.92213],[-71.20286,41.92141],[-71.20225,41.91947],[-71.20196,41.91853],[-71.20161,41.91743],[-71.20129,41.9164],[-71.20094,41.91527],[-71.20059,41.91417],[-71.2002,41.91293],[-71.1998,41.91165],[-71.19945,41.91052],[-71.1991,41.90939],[-71.19878,41.90837],[-71.19845,41.90734],[-71.19814,41.90632],[-71.19775,41.90509],[-71.19732,41.90371],[-71.197,41.90268],[-71.1966,41.90143],[-71.19623,41.90025],[-71.19586,41.89906],[-71.19557,41.89813],[-71.19527,41.89718],[-71.19495,41.89614],[-71.19458,41.89496],[-71.19422,41.89382],[-71.19382,41.89254],[-71.19339,41.89115],[-71.19304,41.89004],[-71.1927,41.88895],[-71.19347,41.88789],[-71.19407,41.88704],[-71.19466,41.88623],[-71.19521,41.88546],[-71.19604,41.8843],[-71.19685,41.88317],[-71.19755,41.88219],[-71.19831,41.88113],[-71.19901,41.88016],[-71.19984,41.879],[-71.20059,41.87795],[-71.20133,41.87692],[-71.20199,41.87601],[-71.20186,41.8751],[-71.20167,41.87378],[-71.20146,41.87232],[-71.20123,41.87064],[-71.20105,41.86936],[-71.20093,41.86852],[-71.20037,41.86758],[-71.19983,41.86666],[-71.19918,41.86555],[-71.19857,41.8645],[-71.19791,41.86337],[-71.19728,41.86229],[-71.19665,41.86121],[-71.19603,41.86014],[-71.19539,41.85906],[-71.19476,41.85798],[-71.19423,41.85707],[-71.19378,41.8563],[-71.19313,41.85519],[-71.19242,41.85397],[-71.1918,41.8529],[-71.19129,41.85204],[-71.19082,41.85123],[-71.19097,41.85036],[-71.19127,41.84918],[-71.1916,41.84776],[-71.19193,41.84637],[-71.19217,41.84533],[-71.19247,41.84416],[-71.1928,41.84284],[-71.19308,41.84167],[-71.19343,41.84026],[-71.1937,41.83919],[-71.19396,41.83812],[-71.19418,41.83718],[-71.19447,41.83602],[-71.19472,41.83501],[-71.195,41.83382],[-71.19526,41.83271],[-71.19553,41.83164],[-71.19575,41.83063],[-71.19605,41.82927],[-71.19636,41.82812],[-71.19664,41.82696],[-71.19692,41.82596],[-71.19721,41.82489],[-71.19714,41.82397],[-71.19706,41.82259],[-71.19701,41.82146],[-71.19695,41.82038],[-71.19691,41.81926],[-71.19684,41.81815],[-71.19681,41.81702],[-71.19676,41.81594],[-71.19671,41.81509],[-71.19668,41.81404],[-71.19659,41.81278],[-71.19658,41.81211],[-71.19653,41.81073],[-71.19647,41.80954],[-71.19642,41.80835],[-71.19635,41.80731],[-71.19631,41.80612],[-71.19626,41.805],[-71.19621,41.80392],[-71.19615,41.80251],[-71.1961,41.80145],[-71.19604,41.80021],[-71.19589,41.79921],[-71.19574,41.79802],[-71.1956,41.79702],[-71.19544,41.79588],[-71.19529,41.79482],[-71.19513,41.79364],[-71.19498,41.79272],[-71.19488,41.79175],[-71.19467,41.79049],[-71.19454,41.78952],[-71.1944,41.78834],[-71.19425,41.78726],[-71.19408,41.78617],[-71.19392,41.78508],[-71.19375,41.78395],[-71.19359,41.78287],[-71.19345,41.78162],[-71.19334,41.78071],[-71.19316,41.77948],[-71.19304,41.77866],[-71.19291,41.77768],[-71.19275,41.77648],[-71.19257,41.7752],[-71.19243,41.77426],[-71.19231,41.77322],[-71.19212,41.7721],[-71.19161,41.7713],[-71.19063,41.76978],[-71.18993,41.76872],[-71.18937,41.76785],[-71.18863,41.76671],[-71.18761,41.76516],[-71.18691,41.76406],[-71.18602,41.76269],[-71.18561,41.76204],[-71.1848,41.7608],[-71.18404,41.75963],[-71.18341,41.75865],[-71.18251,41.75726],[-71.18189,41.75627],[-71.18135,41.75545],[-71.18054,41.7542],[-71.1799,41.75323],[-71.17929,41.75229],[-71.1786,41.75122],[-71.17792,41.75017],[-71.17716,41.74898],[-71.17653,41.74801],[-71.17601,41.74721],[-71.17542,41.74632],[-71.17554,41.74521],[-71.1762,41.74473],[-71.1771,41.74407],[-71.17812,41.7433],[-71.17906,41.7426],[-71.18008,41.74186],[-71.18104,41.74114],[-71.18211,41.74035],[-71.18265,41.73994],[-71.18386,41.73902],[-71.18441,41.73861],[-71.18473,41.73726],[-71.18501,41.73607],[-71.18525,41.73514],[-71.18451,41.73459],[-71.18372,41.73397],[-71.18266,41.73318],[-71.18153,41.73232],[-71.18161,41.73198],[-71.18164,41.73183],[-71.18167,41.73167],[-71.18183,41.73092],[-71.18187,41.73075],[-71.18196,41.7303],[-71.18199,41.73018],[-71.18223,41.72902],[-71.18244,41.72808],[-71.18278,41.72654],[-71.18304,41.72525],[-71.18338,41.72347],[-71.18355,41.72268],[-71.1846,41.72114],[-71.18547,41.72001],[-71.18629,41.71895],[-71.187,41.71796],[-71.18772,41.71696],[-71.18848,41.71589],[-71.18917,41.71496],[-71.18924,41.71481],[-71.18936,41.71453],[-71.18947,41.7143],[-71.18987,41.71337],[-71.19041,41.71287]]}},{"type":"Feature","properties":{"id":"115476","type":"AC; OVERHEAD","status":"IN SERVICE","owner":null,"voltage":115,"voltClass":"100-161"},"geometry":{"type":"LineString","coordinates":[[-71.27096,41.98527],[-71.27069,41.9854],[-71.27034,41.98557],[-71.26875,41.9862],[-71.2676,41.98667],[-71.2661,41.98726],[-71.26521,41.98793],[-71.26413,41.98847]]}},{"type":"Feature","properties":{"id":"115821","type":"AC; OVERHEAD","status":null,"owner":null,"voltage":115,"voltClass":"100-161"},"geometry":{"type":"LineString","coordinates":[[-71.51807,41.80209],[-71.51735,41.80248],[-71.51715,41.80272],[-71.51692,41.80257]]}},{"type":"Feature","properties":{"id":"112795","type":"AC; OVERHEAD","status":"IN SERVICE","owner":null,"voltage":115,"voltClass":"100-161"},"geometry":{"type":"LineString","coordinates":[[-71.52743,41.88126],[-71.5272,41.88129],[-71.52692,41.88144]]}},{"type":"Feature","properties":{"id":"112886","type":"AC; OVERHEAD","status":"IN SERVICE","owner":null,"voltage":115,"voltClass":"100-161"},"geometry":{"type":"LineString","coordinates":[[-71.3306,41.86834],[-71.33054,41.86847],[-71.32941,41.86917],[-71.32805,41.87013],[-71.32761,41.87146],[-71.32713,41.87289],[-71.32545,41.87622],[-71.32455,41.87799],[-71.32369,41.87968],[-71.32178,41.88349],[-71.32006,41.88597],[-71.31995,41.88648],[-71.31972,41.88761],[-71.31858,41.88979],[-71.31975,41.89121],[-71.32047,41.89212],[-71.32165,41.89358],[-71.3226,41.89474],[-71.32356,41.89592],[-71.32509,41.89642],[-71.32656,41.89741],[-71.328,41.89865],[-71.32929,41.89975],[-71.33147,41.9001],[-71.33316,41.90036],[-71.33492,41.90063],[-71.33631,41.90144],[-71.33711,41.90218],[-71.33791,41.90294],[-71.33874,41.90371],[-71.33954,41.90445],[-71.34109,41.90578],[-71.3423,41.90691],[-71.344,41.9085],[-71.34547,41.90987],[-71.3457,41.91008],[-71.34708,41.91137],[-71.34828,41.91249],[-71.34882,41.91368],[-71.34943,41.91503],[-71.3495,41.91519],[-71.35182,41.91575],[-71.35428,41.91551],[-71.35669,41.91528],[-71.35961,41.91498],[-71.36149,41.91526],[-71.36434,41.91521],[-71.3665,41.91517],[-71.36882,41.91556],[-71.37122,41.91595],[-71.37338,41.91631],[-71.37431,41.91656]]}},{"type":"Feature","properties":{"id":"113255","type":"AC; OVERHEAD","status":"IN SERVICE","owner":"FITCHBURG GAS AND ELECTRIC LIGHT COMPANY","voltage":115,"voltClass":"100-161"},"geometry":{"type":"LineString","coordinates":[[-71.52249,41.97964],[-71.52379,41.97962],[-71.52446,41.97983],[-71.52603,41.98028],[-71.52738,41.98067],[-71.52902,41.98114],[-71.53051,41.98156],[-71.53187,41.98195],[-71.53294,41.98227],[-71.53445,41.9827],[-71.53569,41.98307],[-71.53689,41.9834],[-71.53807,41.9843],[-71.53928,41.98524],[-71.54035,41.98609],[-71.54167,41.98709],[-71.54255,41.98776],[-71.54391,41.98887],[-71.54487,41.98961],[-71.54644,41.99083],[-71.54781,41.99188],[-71.54842,41.99236],[-71.54944,41.99317],[-71.55066,41.9941],[-71.55223,41.99532],[-71.55357,41.99635],[-71.5558,41.99804],[-71.55631,41.99846],[-71.55735,41.99969],[-71.55793,42.00032],[-71.55878,42.00136],[-71.5597,42.00244],[-71.56052,42.0034],[-71.56133,42.00435],[-71.56194,42.00512],[-71.56325,42.0056],[-71.56476,42.00617],[-71.56618,42.0067],[-71.56762,42.00724],[-71.56858,42.0076],[-71.56992,42.00808],[-71.57111,42.00851],[-71.57215,42.00889],[-71.57343,42.00936],[-71.57481,42.00988],[-71.57596,42.01029],[-71.57758,42.01089],[-71.5788,42.01134],[-71.58038,42.01194],[-71.58201,42.01254],[-71.58486,42.01361],[-71.59003,42.01953],[-71.59196,42.02169],[-71.59666,42.02697],[-71.61151,42.04341],[-71.62589,42.05093],[-71.63397,42.05664],[-71.64484,42.06438],[-71.64878,42.06643],[-71.66126,42.07303],[-71.66414,42.0754],[-71.67764,42.08629],[-71.67926,42.0873],[-71.68668,42.09166],[-71.69996,42.09955],[-71.70039,42.10024],[-71.70133,42.10394],[-71.70339,42.11177],[-71.70437,42.11554],[-71.70539,42.12319],[-71.70714,42.12441],[-71.706,42.12825],[-71.7062,42.12972],[-71.70875,42.1341],[-71.71097,42.13779],[-71.71163,42.13896],[-71.71295,42.14113],[-71.71352,42.14212],[-71.71449,42.14375],[-71.71523,42.14503],[-71.71609,42.14647],[-71.71686,42.14773],[-71.71806,42.1498],[-71.71924,42.15173],[-71.72037,42.15345],[-71.72137,42.15493],[-71.72184,42.15559],[-71.72302,42.15748],[-71.72415,42.15917],[-71.72522,42.16068],[-71.72616,42.1622],[-71.72674,42.16309],[-71.72737,42.164],[-71.72797,42.16489],[-71.7288,42.16614],[-71.73066,42.16766],[-71.73197,42.16864],[-71.73316,42.16965],[-71.73464,42.17085],[-71.73596,42.17193],[-71.73727,42.173],[-71.73806,42.17415],[-71.73911,42.17564],[-71.74027,42.17727],[-71.74147,42.17901],[-71.74253,42.18055],[-71.74311,42.18137],[-71.74316,42.18144],[-71.7436,42.18207],[-71.7438,42.18325],[-71.74406,42.185],[-71.74419,42.18583],[-71.74434,42.18685],[-71.74441,42.18729],[-71.74449,42.18778],[-71.74452,42.18802],[-71.74467,42.18884],[-71.74476,42.18961],[-71.74426,42.19062],[-71.74408,42.19098],[-71.74336,42.19158],[-71.7427,42.1917]]}},{"type":"Feature","properties":{"id":"113582","type":"AC; OVERHEAD","status":"IN SERVICE","owner":null,"voltage":115,"voltClass":"100-161"},"geometry":{"type":"LineString","coordinates":[[-71.25533,41.6018],[-71.25553,41.60138],[-71.25591,41.60075],[-71.2566,41.59958],[-71.257,41.59875],[-71.25696,41.59413],[-71.25793,41.59312],[-71.25889,41.5921],[-71.25998,41.59097],[-71.26111,41.58978],[-71.26158,41.58849],[-71.26208,41.58709],[-71.26254,41.58581],[-71.26249,41.5844],[-71.2627,41.58278],[-71.26293,41.58116],[-71.26318,41.57954],[-71.2636,41.5781],[-71.26376,41.57682],[-71.26387,41.57586],[-71.26402,41.57461],[-71.26524,41.57442],[-71.26658,41.57422],[-71.26796,41.57401],[-71.2683,41.57265],[-71.26861,41.57139],[-71.26893,41.57012],[-71.26935,41.56842],[-71.27034,41.56706],[-71.27137,41.56565],[-71.27199,41.56481],[-71.27266,41.56389],[-71.27342,41.56286],[-71.27362,41.56172],[-71.27381,41.56067],[-71.27405,41.55935],[-71.2743,41.55799],[-71.27456,41.55662],[-71.27428,41.55505],[-71.274,41.55342],[-71.27372,41.55184],[-71.27346,41.55031],[-71.2753,41.54979],[-71.2756,41.54706],[-71.27615,41.54688],[-71.2778,41.5464],[-71.27844,41.54638]]}},{"type":"Feature","properties":{"id":"113806","type":"AC; OVERHEAD","status":"IN SERVICE","owner":null,"voltage":115,"voltClass":"100-161"},"geometry":{"type":"LineString","coordinates":[[-71.16817,41.67996],[-71.16816,41.67962],[-71.1683,41.67879],[-71.16986,41.67418],[-71.17213,41.67251],[-71.17223,41.67043]]}},{"type":"Feature","properties":{"id":"114760","type":"AC; OVERHEAD","status":"IN SERVICE","owner":null,"voltage":115,"voltClass":"100-161"},"geometry":{"type":"LineString","coordinates":[[-71.29853,41.95219],[-71.29932,41.95222],[-71.3008,41.9505],[-71.29959,41.9472],[-71.3059,41.94293],[-71.31055,41.94116],[-71.31354,41.93714],[-71.31624,41.93595],[-71.31827,41.93349],[-71.32076,41.93051],[-71.32264,41.92825],[-71.32314,41.9251],[-71.329,41.92224],[-71.33196,41.92076],[-71.33347,41.92007],[-71.33587,41.91768],[-71.33757,41.91606],[-71.33993,41.91576],[-71.34209,41.91473],[-71.34219,41.91427]]}},{"type":"Feature","properties":{"id":"114917","type":"AC; OVERHEAD","status":"IN SERVICE","owner":null,"voltage":115,"voltClass":"100-161"},"geometry":{"type":"LineString","coordinates":[[-71.33033,41.79042],[-71.33048,41.79078]]}},{"type":"Feature","properties":{"id":"115087","type":"AC; OVERHEAD","status":"IN SERVICE","owner":null,"voltage":115,"voltClass":"100-161"},"geometry":{"type":"LineString","coordinates":[[-71.44579,41.98071],[-71.44548,41.97901],[-71.44483,41.97755],[-71.44313,41.97364],[-71.44094,41.96864],[-71.43902,41.96424],[-71.43414,41.95977],[-71.42511,41.95171],[-71.42454,41.95123],[-71.41953,41.94995],[-71.41551,41.94637],[-71.39287,41.93819],[-71.3836,41.92931],[-71.38037,41.92462],[-71.37888,41.92197],[-71.37708,41.91934],[-71.37524,41.91664],[-71.37431,41.91656]]}},{"type":"Feature","properties":{"id":"116428","type":"AC; OVERHEAD","status":"IN SERVICE","owner":null,"voltage":345,"voltClass":"345"},"geometry":{"type":"LineString","coordinates":[[-71.53915,41.96947],[-71.54007,41.96972],[-71.54105,41.96994],[-71.54316,41.97041],[-71.54397,41.97059],[-71.54489,41.97079],[-71.54585,41.971],[-71.54763,41.9714],[-71.54929,41.97177],[-71.55095,41.97214],[-71.55223,41.97169],[-71.55373,41.97117],[-71.5557,41.97049],[-71.55707,41.97001],[-71.55806,41.96967],[-71.56007,41.96897],[-71.56087,41.9687],[-71.56188,41.96835],[-71.56307,41.96794],[-71.56441,41.96747],[-71.56606,41.9669],[-71.56692,41.9666],[-71.56857,41.96603],[-71.56996,41.96555],[-71.57119,41.96512],[-71.57264,41.96435],[-71.57399,41.96362],[-71.57479,41.9632],[-71.5764,41.96317],[-71.57746,41.96311],[-71.57954,41.96296],[-71.58084,41.96289],[-71.58277,41.96276],[-71.58297,41.96398],[-71.58315,41.96508],[-71.58332,41.96617],[-71.58355,41.96756],[-71.58373,41.96863],[-71.58408,41.97081],[-71.58426,41.97188],[-71.58461,41.97407],[-71.58484,41.97543],[-71.58506,41.9768],[-71.58519,41.97758],[-71.58568,41.98118],[-71.59987,41.98609],[-71.60403,41.98653],[-71.60579,41.99029],[-71.62672,41.99198],[-71.64072,42.00209],[-71.64559,41.99886],[-71.6718,42.00955],[-71.67398,42.00861],[-71.6748,42.00986],[-71.6735,42.00995]]}},{"type":"Feature","properties":{"id":"118065","type":"AC; OVERHEAD","status":"IN SERVICE","owner":null,"voltage":115,"voltClass":"100-161"},"geometry":{"type":"LineString","coordinates":[[-71.29591,41.99005],[-71.29596,41.98989],[-71.29616,41.98926],[-71.29665,41.98921]]}},{"type":"Feature","properties":{"id":"118119","type":"AC; OVERHEAD","status":"IN SERVICE","owner":null,"voltage":115,"voltClass":"100-161"},"geometry":{"type":"LineString","coordinates":[[-71.33048,41.79078],[-71.33069,41.79129],[-71.32944,41.7925],[-71.32859,41.79325],[-71.32781,41.79409],[-71.32728,41.79496],[-71.32686,41.79564],[-71.3264,41.79639],[-71.32599,41.79707],[-71.32536,41.7981],[-71.32491,41.79885],[-71.32422,41.79998],[-71.32383,41.80062],[-71.32365,41.80169],[-71.32349,41.80266],[-71.32338,41.80333],[-71.32321,41.80436],[-71.32307,41.80526],[-71.32295,41.80598],[-71.323,41.80705],[-71.32305,41.80818],[-71.3231,41.80924],[-71.32317,41.81083],[-71.32322,41.81179],[-71.3233,41.81363],[-71.32316,41.81512],[-71.32309,41.81589],[-71.32302,41.81666],[-71.32293,41.81753],[-71.32285,41.81837],[-71.32278,41.81917],[-71.3227,41.82],[-71.32262,41.8208],[-71.32254,41.82167],[-71.32242,41.82288],[-71.32234,41.82377],[-71.32226,41.82463],[-71.32217,41.82555],[-71.32266,41.82626],[-71.32306,41.82684],[-71.32353,41.82752],[-71.32354,41.82815],[-71.32355,41.82922],[-71.32356,41.82984],[-71.32357,41.83059],[-71.32358,41.83152],[-71.32358,41.83237],[-71.32359,41.83326],[-71.32336,41.83417],[-71.32315,41.83497],[-71.32289,41.83601],[-71.32263,41.83705],[-71.32244,41.83776],[-71.32224,41.83855],[-71.32205,41.83933],[-71.32186,41.84008],[-71.3216,41.841],[-71.32136,41.84198],[-71.32109,41.84308],[-71.32084,41.84407],[-71.32056,41.84517],[-71.32035,41.84601],[-71.32016,41.84673],[-71.31999,41.84746],[-71.31975,41.84834],[-71.31941,41.84946],[-71.31967,41.85046],[-71.31982,41.85113],[-71.32009,41.85241],[-71.32034,41.85357],[-71.32057,41.85461],[-71.32023,41.85551],[-71.31992,41.85633],[-71.31949,41.85755],[-71.31924,41.85826],[-71.31899,41.85895],[-71.31872,41.85967],[-71.31826,41.86093],[-71.31796,41.86173],[-71.3177,41.86245],[-71.31745,41.8631],[-71.31745,41.86312],[-71.3172,41.86384],[-71.3169,41.86463],[-71.31653,41.86564],[-71.31614,41.86672],[-71.31576,41.86772],[-71.31543,41.8686],[-71.31513,41.86949],[-71.31486,41.87022],[-71.31451,41.87117],[-71.31414,41.87223],[-71.31382,41.87307],[-71.3135,41.87395],[-71.31321,41.87474],[-71.3129,41.87556],[-71.31288,41.87562],[-71.31262,41.87632],[-71.31233,41.87711],[-71.31253,41.87816],[-71.31333,41.87903],[-71.31376,41.87951],[-71.31434,41.88017],[-71.31519,41.88109],[-71.31564,41.88158],[-71.31619,41.8822],[-71.31701,41.88311],[-71.31881,41.88511],[-71.31933,41.88566],[-71.31982,41.8862],[-71.31993,41.88648],[-71.32009,41.88687],[-71.32055,41.88797],[-71.32097,41.88899],[-71.32169,41.89069],[-71.32207,41.89161],[-71.32274,41.8932],[-71.32358,41.89371],[-71.32446,41.89419],[-71.32522,41.89466],[-71.32603,41.89512],[-71.32667,41.89548],[-71.32807,41.89628],[-71.32902,41.89684],[-71.32986,41.89733],[-71.33104,41.89802],[-71.33198,41.89856],[-71.33297,41.89914],[-71.33392,41.89969],[-71.33444,41.89999],[-71.33531,41.9005],[-71.33597,41.90088],[-71.33664,41.90127],[-71.33737,41.90197],[-71.33811,41.90266],[-71.33863,41.90315],[-71.33961,41.90406],[-71.34067,41.90505],[-71.34126,41.9056],[-71.34248,41.90673],[-71.34377,41.90795],[-71.34444,41.90857],[-71.34497,41.90906],[-71.34561,41.90966],[-71.34546,41.90989],[-71.3452,41.91028],[-71.34459,41.91117],[-71.34402,41.91197],[-71.34335,41.91296],[-71.34266,41.91394],[-71.34219,41.91427]]}},{"type":"Feature","properties":{"id":"118297","type":"AC; OVERHEAD","status":"IN SERVICE","owner":null,"voltage":115,"voltClass":"100-161"},"geometry":{"type":"LineString","coordinates":[[-71.4554,41.73585],[-71.45543,41.73598],[-71.45205,41.73978],[-71.45071,41.74037],[-71.44929,41.7406],[-71.44725,41.74093],[-71.44612,41.74143],[-71.44493,41.74202],[-71.44348,41.74277]]}},{"type":"Feature","properties":{"id":"118947","type":"AC; OVERHEAD","status":"IN SERVICE","owner":null,"voltage":115,"voltClass":"100-161"},"geometry":{"type":"LineString","coordinates":[[-71.53139,41.90108],[-71.5309,41.90127]]}},{"type":"Feature","properties":{"id":"116686","type":"AC; OVERHEAD","status":"IN SERVICE","owner":null,"voltage":115,"voltClass":"100-161"},"geometry":{"type":"LineString","coordinates":[[-71.44999,41.72987],[-71.45023,41.72958],[-71.45105,41.72857],[-71.45205,41.72735],[-71.45283,41.72643],[-71.45363,41.72543],[-71.45457,41.7243],[-71.45537,41.72332],[-71.45621,41.72227],[-71.45764,41.7214],[-71.45853,41.72085],[-71.45932,41.72036],[-71.46046,41.71964],[-71.46226,41.71902],[-71.46359,41.71855],[-71.46467,41.71818],[-71.46575,41.7178],[-71.46767,41.71713],[-71.46908,41.71661],[-71.46929,41.71524],[-71.46951,41.71403],[-71.46972,41.71255],[-71.46992,41.71126],[-71.47007,41.71028],[-71.47023,41.70926],[-71.4704,41.70819],[-71.47057,41.7071],[-71.47072,41.70611],[-71.4709,41.705],[-71.47106,41.70395],[-71.47123,41.70286],[-71.47142,41.70162],[-71.47152,41.70066],[-71.47182,41.69836],[-71.47197,41.6971],[-71.47213,41.69615],[-71.47336,41.69616],[-71.47337,41.69623],[-71.47327,41.69651],[-71.47288,41.69661]]}},{"type":"Feature","properties":{"id":"116977","type":"AC; OVERHEAD","status":"IN SERVICE","owner":null,"voltage":115,"voltClass":"100-161"},"geometry":{"type":"LineString","coordinates":[[-71.17223,41.67043],[-71.16552,41.66923],[-71.16454,41.66792],[-71.16435,41.66787]]}},{"type":"Feature","properties":{"id":"116982","type":"AC; OVERHEAD","status":"IN SERVICE","owner":null,"voltage":115,"voltClass":"100-161"},"geometry":{"type":"LineString","coordinates":[[-71.50778,42.00409],[-71.50736,42.00428],[-71.50736,42.00428],[-71.50632,42.00484],[-71.50551,42.00521],[-71.50518,42.00557],[-71.5046,42.00582],[-71.50417,42.00602],[-71.50372,42.00609],[-71.50292,42.00609],[-71.5015,42.00561],[-71.50002,42.00411],[-71.4989,42.00318],[-71.49742,42.00176],[-71.49729,42.00085],[-71.49583,41.9993],[-71.49416,41.99808],[-71.49186,41.99773],[-71.49169,41.99611],[-71.49157,41.99503],[-71.49146,41.99397],[-71.49131,41.99253],[-71.49119,41.9914],[-71.49106,41.99024],[-71.49094,41.98907],[-71.49083,41.98813],[-71.49072,41.9871],[-71.4917,41.98618],[-71.49257,41.98555],[-71.49374,41.98471],[-71.49509,41.98374],[-71.49648,41.98274],[-71.49766,41.98189],[-71.49863,41.98119],[-71.49942,41.98062],[-71.50069,41.9797],[-71.50152,41.9791],[-71.50222,41.9786],[-71.50281,41.97859],[-71.50532,41.97857],[-71.50705,41.97856],[-71.50811,41.97855],[-71.50954,41.97854],[-71.51072,41.97853],[-71.51299,41.97851],[-71.51485,41.97849],[-71.51642,41.97848],[-71.51764,41.97847],[-71.51855,41.97852]]}},{"type":"Feature","properties":{"id":"117060","type":"AC; OVERHEAD","status":"IN SERVICE","owner":null,"voltage":115,"voltClass":"100-161"},"geometry":{"type":"LineString","coordinates":[[-71.14594,41.7382],[-71.14599,41.73859],[-71.1477,41.73918],[-71.14988,41.73952],[-71.15187,41.73989],[-71.15595,41.74069],[-71.15836,41.74056],[-71.16099,41.7404],[-71.16251,41.74034],[-71.16517,41.74072],[-71.16708,41.74102],[-71.16884,41.74134],[-71.16865,41.74347],[-71.16839,41.74563],[-71.16819,41.7475],[-71.16795,41.74991],[-71.16775,41.75224],[-71.16758,41.75421],[-71.16751,41.75572],[-71.16897,41.75626],[-71.17609,41.75878],[-71.18332,41.76136],[-71.18969,41.76368],[-71.20137,41.76779],[-71.20781,41.77253],[-71.21421,41.77726],[-71.22277,41.77743],[-71.23182,41.77766],[-71.23703,41.77701],[-71.2455,41.77605],[-71.25011,41.78144],[-71.25655,41.78901],[-71.26221,41.79541],[-71.26382,41.79717],[-71.26484,41.79878],[-71.26669,41.80184],[-71.26968,41.80446],[-71.27731,41.81124],[-71.27993,41.81354],[-71.28304,41.81558],[-71.28761,41.81854],[-71.28954,41.82272],[-71.29049,41.82896],[-71.29128,41.83432],[-71.29183,41.83805],[-71.2922,41.84055],[-71.29348,41.84211],[-71.2959,41.84502],[-71.30123,41.85164],[-71.30406,41.85389],[-71.30938,41.85813],[-71.31419,41.86196],[-71.31655,41.8629],[-71.32278,41.86528],[-71.32855,41.86756],[-71.33016,41.86828],[-71.33088,41.86853],[-71.33183,41.86795],[-71.33466,41.86826],[-71.33623,41.86839],[-71.33656,41.86842],[-71.33857,41.86722],[-71.34091,41.86584],[-71.3476,41.86645],[-71.34941,41.86646],[-71.355,41.8665],[-71.35883,41.8665],[-71.36009,41.8654],[-71.36305,41.86555],[-71.365,41.86563],[-71.36684,41.8657],[-71.3684,41.86518],[-71.36999,41.86465],[-71.37175,41.86371],[-71.37283,41.86315],[-71.37462,41.86505],[-71.37566,41.86622],[-71.37755,41.86546],[-71.38058,41.86645],[-71.3816,41.86731]]}},{"type":"Feature","properties":{"id":"121448","type":"AC; OVERHEAD","status":"IN SERVICE","owner":null,"voltage":115,"voltClass":"100-161"},"geometry":{"type":"LineString","coordinates":[[-71.40456,41.81674],[-71.40429,41.81686],[-71.40396,41.81682],[-71.40131,41.81654],[-71.40051,41.81647],[-71.39856,41.81764],[-71.39788,41.817],[-71.39656,41.81778],[-71.39344,41.81849],[-71.39011,41.81803],[-71.38994,41.81779],[-71.38921,41.81663],[-71.38881,41.81584],[-71.38877,41.81577],[-71.388,41.8142]]}},{"type":"Feature","properties":{"id":"121740","type":"AC; OVERHEAD","status":"IN SERVICE","owner":null,"voltage":115,"voltClass":"100-161"},"geometry":{"type":"LineString","coordinates":[[-71.52249,41.97964],[-71.52357,41.97915],[-71.52305,41.97889],[-71.52201,41.97871],[-71.52104,41.97848],[-71.52039,41.97783],[-71.51919,41.97662],[-71.51784,41.97526],[-71.51696,41.97437],[-71.51597,41.97338],[-71.51531,41.97272],[-71.51493,41.97233],[-71.51471,41.97211],[-71.5124,41.96979],[-71.51157,41.96895],[-71.5094,41.96677],[-71.50802,41.96538],[-71.50717,41.96453],[-71.5063,41.96365],[-71.5054,41.96275],[-71.50459,41.96194],[-71.50383,41.96117],[-71.50297,41.96031],[-71.50199,41.95931],[-71.50102,41.95834],[-71.50018,41.95749],[-71.49936,41.95667],[-71.49854,41.95585],[-71.49774,41.95504],[-71.49693,41.95423],[-71.49604,41.95333],[-71.49526,41.95255],[-71.49439,41.95167],[-71.49355,41.95083],[-71.49239,41.94966],[-71.49131,41.94858],[-71.4904,41.94766],[-71.48967,41.94693],[-71.4888,41.94605],[-71.48801,41.94525],[-71.48775,41.9445],[-71.4873,41.94319],[-71.48658,41.9411],[-71.48609,41.93969],[-71.48566,41.93845],[-71.48512,41.93688],[-71.48478,41.9359],[-71.48446,41.93496],[-71.48403,41.93372],[-71.48366,41.93263],[-71.48332,41.93165],[-71.48293,41.93053],[-71.48238,41.92893],[-71.48198,41.92776],[-71.48155,41.92652],[-71.48125,41.92564],[-71.48092,41.92471],[-71.48075,41.92419],[-71.48053,41.92357],[-71.48025,41.92276],[-71.47999,41.92199],[-71.47972,41.92122],[-71.47941,41.92032],[-71.4791,41.91943],[-71.47869,41.91824],[-71.47831,41.91712],[-71.47798,41.91618],[-71.47752,41.91484],[-71.47711,41.91365],[-71.47675,41.91261],[-71.47645,41.91174],[-71.47606,41.91059],[-71.47566,41.90944],[-71.47516,41.90799],[-71.47471,41.9067],[-71.47431,41.90552],[-71.47319,41.90472],[-71.47186,41.90377],[-71.4711,41.90323],[-71.46979,41.9023],[-71.46871,41.90153],[-71.46764,41.90077],[-71.46662,41.90004],[-71.4655,41.89924],[-71.46459,41.89859],[-71.46352,41.89783],[-71.46245,41.89707],[-71.46112,41.89612],[-71.45993,41.89527],[-71.45891,41.89454],[-71.458,41.8939],[-71.45706,41.89322],[-71.45647,41.89205],[-71.45591,41.89092],[-71.4555,41.89009],[-71.45495,41.88898],[-71.45441,41.8879],[-71.45393,41.88693],[-71.45341,41.8859],[-71.45201,41.88535],[-71.45087,41.88491],[-71.44957,41.88441],[-71.44825,41.8839],[-71.44702,41.88342],[-71.44588,41.88298],[-71.44456,41.88247],[-71.44329,41.88198],[-71.44207,41.8815],[-71.4405,41.8809],[-71.43899,41.88031],[-71.43752,41.87986],[-71.43565,41.87928],[-71.43395,41.87876],[-71.43341,41.87859],[-71.43311,41.87809],[-71.43258,41.87722],[-71.43168,41.87575],[-71.43115,41.87489],[-71.43038,41.87362],[-71.42992,41.87287],[-71.43054,41.8717],[-71.43007,41.87049],[-71.42983,41.86984],[-71.4293,41.86846],[-71.42941,41.86803],[-71.42976,41.86619],[-71.42966,41.86507],[-71.42949,41.86353],[-71.42931,41.8626],[-71.42899,41.8609],[-71.42884,41.85997],[-71.42761,41.85885],[-71.42722,41.85775],[-71.42696,41.85714],[-71.42671,41.85658],[-71.42593,41.85464],[-71.42585,41.85322],[-71.42553,41.85224],[-71.42532,41.8516],[-71.42406,41.85015],[-71.42334,41.84932],[-71.42237,41.84817],[-71.42159,41.84727],[-71.42148,41.84604],[-71.42139,41.84497],[-71.42129,41.84382],[-71.42126,41.84343],[-71.42146,41.84326],[-71.42139,41.84312],[-71.42133,41.84301]]}},{"type":"Feature","properties":{"id":"121820","type":"AC; OVERHEAD","status":"IN SERVICE","owner":null,"voltage":115,"voltClass":"100-161"},"geometry":{"type":"LineString","coordinates":[[-71.34849,41.80221],[-71.34847,41.80212],[-71.34871,41.80205],[-71.34924,41.8025],[-71.34962,41.80275],[-71.36091,41.80475],[-71.36188,41.80501],[-71.36631,41.80595],[-71.37244,41.80711],[-71.37454,41.80882],[-71.37587,41.8094],[-71.37869,41.81108],[-71.38105,41.80877],[-71.38231,41.80838],[-71.38344,41.80833],[-71.38724,41.80962],[-71.38786,41.81061],[-71.38779,41.81207],[-71.3881,41.81335],[-71.38805,41.81417],[-71.38886,41.81583],[-71.38926,41.81662],[-71.38999,41.81777],[-71.39015,41.81799],[-71.39344,41.81844],[-71.39653,41.81775],[-71.39789,41.81694],[-71.39857,41.81758],[-71.40049,41.81643],[-71.40132,41.8165],[-71.40396,41.81678],[-71.40426,41.8168],[-71.40469,41.81661],[-71.40544,41.8165],[-71.40565,41.81634]]}},{"type":"Feature","properties":{"id":"120820","type":"AC; OVERHEAD","status":"IN SERVICE","owner":null,"voltage":115,"voltClass":"100-161"},"geometry":{"type":"LineString","coordinates":[[-71.18052,41.64443],[-71.18023,41.64482],[-71.17965,41.64554],[-71.17902,41.6463],[-71.17777,41.64782],[-71.17619,41.64976],[-71.17491,41.65148],[-71.17355,41.65312],[-71.17219,41.65481],[-71.17087,41.65637],[-71.16959,41.65803],[-71.16821,41.65973],[-71.16715,41.66105],[-71.1658,41.66272],[-71.16484,41.66394],[-71.16453,41.66433],[-71.16451,41.66524],[-71.16446,41.66709],[-71.16435,41.66787]]}},{"type":"Feature","properties":{"id":"120828","type":"AC; OVERHEAD","status":"IN SERVICE","owner":null,"voltage":115,"voltClass":"100-161"},"geometry":{"type":"LineString","coordinates":[[-71.51546,41.80251],[-71.51103,41.81216],[-71.51096,41.81381]]}},{"type":"Feature","properties":{"id":"121095","type":"AC; OVERHEAD","status":"IN SERVICE","owner":null,"voltage":115,"voltClass":"100-161"},"geometry":{"type":"LineString","coordinates":[[-71.52743,41.88126],[-71.52625,41.87543],[-71.52354,41.86676]]}},{"type":"Feature","properties":{"id":"121350","type":"AC; OVERHEAD","status":"IN SERVICE","owner":null,"voltage":115,"voltClass":"100-161"},"geometry":{"type":"LineString","coordinates":[[-71.44309,41.73287],[-71.44318,41.73281],[-71.44319,41.7325],[-71.44478,41.73242],[-71.44644,41.73238],[-71.44809,41.73237],[-71.44884,41.73145],[-71.44972,41.73039],[-71.44996,41.73009]]}},{"type":"Feature","properties":{"id":"120528","type":"AC; OVERHEAD","status":"IN SERVICE","owner":null,"voltage":115,"voltClass":"100-161"},"geometry":{"type":"LineString","coordinates":[[-71.21046,41.74906],[-71.21069,41.74916],[-71.2112,41.75037],[-71.21139,41.75144],[-71.21261,41.75216],[-71.21375,41.75285],[-71.21576,41.75275],[-71.2195,41.75259],[-71.22096,41.75367],[-71.22139,41.75512],[-71.22183,41.75649],[-71.22182,41.75806],[-71.22386,41.75951],[-71.22537,41.76059],[-71.22683,41.76164],[-71.22868,41.76232],[-71.23051,41.76301],[-71.23241,41.76372],[-71.23404,41.76482],[-71.23529,41.76566],[-71.23638,41.76637],[-71.23735,41.76747],[-71.23819,41.76828],[-71.23942,41.7695],[-71.24111,41.77087],[-71.24212,41.77193],[-71.24342,41.77332],[-71.24523,41.77544],[-71.24669,41.77716],[-71.24799,41.77867],[-71.24932,41.78023],[-71.25055,41.78168],[-71.25181,41.78315],[-71.25308,41.78465],[-71.25424,41.78602],[-71.25544,41.78742],[-71.25668,41.78889],[-71.25791,41.79032],[-71.25908,41.7917],[-71.26028,41.79302],[-71.26149,41.79434],[-71.26271,41.79567],[-71.26403,41.79711],[-71.26492,41.79855],[-71.2657,41.79983],[-71.26692,41.80178],[-71.26824,41.80296],[-71.26918,41.8038],[-71.27082,41.80523],[-71.27226,41.80649],[-71.27373,41.8078],[-71.27527,41.80915],[-71.27729,41.81096],[-71.27901,41.81247],[-71.28007,41.81344],[-71.28294,41.81529],[-71.28538,41.81669],[-71.28614,41.81737],[-71.28778,41.81843],[-71.28828,41.81951],[-71.2889,41.82086],[-71.28972,41.8226],[-71.28995,41.82417],[-71.29019,41.82584],[-71.2904,41.82717],[-71.29065,41.82887],[-71.29094,41.83076],[-71.29117,41.83233],[-71.29144,41.83416],[-71.2917,41.83588],[-71.29195,41.83749],[-71.29217,41.83893],[-71.29239,41.84047],[-71.29335,41.84168],[-71.29457,41.84316],[-71.29548,41.84431],[-71.2965,41.84554],[-71.29751,41.84682],[-71.2988,41.84842],[-71.30003,41.84992],[-71.30139,41.8516],[-71.30255,41.85252],[-71.3041,41.85375],[-71.30598,41.85524],[-71.30754,41.85649],[-71.30926,41.85786],[-71.31045,41.8588],[-71.31161,41.85972],[-71.31309,41.86091],[-71.31426,41.86184],[-71.31655,41.86293],[-71.31745,41.86312],[-71.31765,41.86317],[-71.31933,41.86383],[-71.32117,41.86454],[-71.32345,41.86542],[-71.32531,41.86613],[-71.3272,41.86687],[-71.3294,41.86771],[-71.3306,41.86834]]}},{"type":"Feature","properties":{"id":"119385","type":"AC; OVERHEAD","status":"IN SERVICE","owner":null,"voltage":115,"voltClass":"100-161"},"geometry":{"type":"LineString","coordinates":[[-71.51542,41.80236],[-71.5164,41.80266],[-71.51674,41.80253],[-71.51692,41.80257]]}},{"type":"Feature","properties":{"id":"119469","type":"AC; OVERHEAD","status":"IN SERVICE","owner":null,"voltage":115,"voltClass":"100-161"},"geometry":{"type":"LineString","coordinates":[[-71.53139,41.90108],[-71.52785,41.88329],[-71.52743,41.88126]]}},{"type":"Feature","properties":{"id":"122697","type":"AC; OVERHEAD","status":"IN SERVICE","owner":null,"voltage":115,"voltClass":"100-161"},"geometry":{"type":"LineString","coordinates":[[-71.388,41.8142],[-71.38799,41.81338],[-71.38767,41.81207],[-71.38772,41.81057],[-71.38713,41.80968],[-71.38618,41.80935],[-71.3853,41.80905],[-71.38343,41.80844],[-71.38236,41.80849],[-71.38112,41.80887],[-71.37998,41.81001],[-71.37875,41.81122],[-71.37744,41.81044],[-71.37579,41.80945],[-71.37445,41.80887],[-71.37238,41.80718],[-71.37041,41.80679],[-71.36877,41.80647],[-71.36681,41.80609],[-71.36488,41.8057],[-71.36358,41.80545],[-71.36187,41.80511],[-71.36083,41.80483],[-71.35926,41.80456],[-71.35787,41.80431],[-71.35575,41.80393],[-71.3537,41.80357],[-71.35162,41.80319],[-71.34955,41.80283],[-71.34884,41.80221]]}},{"type":"Feature","properties":{"id":"122001","type":"AC; OVERHEAD","status":"IN SERVICE","owner":null,"voltage":115,"voltClass":"100-161"},"geometry":{"type":"LineString","coordinates":[[-71.44037,41.75423],[-71.44035,41.7544],[-71.44073,41.75471],[-71.44118,41.75352],[-71.44098,41.75261],[-71.44077,41.75165],[-71.44055,41.75063],[-71.44043,41.75007]]}},{"type":"Feature","properties":{"id":"123872","type":"AC; OVERHEAD","status":"IN SERVICE","owner":null,"voltage":115,"voltClass":"100-161"},"geometry":{"type":"LineString","coordinates":[[-71.12688,41.83139],[-71.12669,41.83129],[-71.1264,41.83209],[-71.12573,41.8338],[-71.12508,41.8354],[-71.12425,41.83753],[-71.1236,41.83916],[-71.123,41.84066],[-71.12222,41.84263],[-71.12144,41.84458],[-71.12091,41.84595],[-71.11852,41.84651],[-71.11506,41.84732],[-71.11194,41.84807],[-71.10793,41.849],[-71.10662,41.85011],[-71.10507,41.85139],[-71.10341,41.85277],[-71.10213,41.85385],[-71.10076,41.85498],[-71.0993,41.8562],[-71.09756,41.85767],[-71.09638,41.85865],[-71.09544,41.85967],[-71.09452,41.86067],[-71.0937,41.86154],[-71.09227,41.86309],[-71.09112,41.86434],[-71.08936,41.86624],[-71.08797,41.86777],[-71.08673,41.86911],[-71.08554,41.8704],[-71.08419,41.87166],[-71.08265,41.8731],[-71.08126,41.87439],[-71.07987,41.87567],[-71.0781,41.87733],[-71.07701,41.87833],[-71.07564,41.87961],[-71.07502,41.8802],[-71.07454,41.88065],[-71.07433,41.8823],[-71.07413,41.88366],[-71.07387,41.88563],[-71.07365,41.88726],[-71.07341,41.88893],[-71.07314,41.89048],[-71.07093,41.89168],[-71.06967,41.89234],[-71.06783,41.89327],[-71.06586,41.89428],[-71.06467,41.89491],[-71.06285,41.89584],[-71.06104,41.89679],[-71.05961,41.89753],[-71.0577,41.89851],[-71.05723,41.89993],[-71.05677,41.90127],[-71.0562,41.90295],[-71.05572,41.90438],[-71.0553,41.90565],[-71.05465,41.9074],[-71.05462,41.9075]]}},{"type":"Feature","properties":{"id":"122035","type":"AC; OVERHEAD","status":"IN SERVICE","owner":null,"voltage":115,"voltClass":"100-161"},"geometry":{"type":"LineString","coordinates":[[-71.46136,41.93754],[-71.46208,41.93898],[-71.46289,41.94061],[-71.46394,41.94271],[-71.46512,41.94508],[-71.46669,41.9465],[-71.46792,41.94761],[-71.46936,41.94889],[-71.47054,41.94996],[-71.47173,41.95102],[-71.47403,41.95308],[-71.47519,41.95413],[-71.47694,41.95574],[-71.47952,41.95803],[-71.48202,41.95914],[-71.48453,41.96024],[-71.48626,41.961],[-71.48846,41.96195],[-71.48988,41.96256],[-71.49092,41.96301],[-71.49249,41.9637],[-71.49536,41.96494],[-71.4971,41.9657],[-71.4998,41.96688],[-71.50168,41.96769],[-71.50395,41.96867],[-71.50637,41.96974],[-71.50857,41.97067],[-71.51151,41.97195],[-71.51263,41.97243],[-71.51357,41.97283],[-71.51378,41.97292],[-71.51538,41.97361],[-71.51673,41.97546],[-71.51739,41.97631],[-71.51865,41.9781],[-71.51916,41.97872],[-71.52171,41.97955],[-71.52143,41.98015],[-71.52249,41.97964]]}},{"type":"Feature","properties":{"id":"122395","type":"AC; OVERHEAD","status":"IN SERVICE","owner":null,"voltage":115,"voltClass":"100-161"},"geometry":{"type":"LineString","coordinates":[[-71.37471,41.91633],[-71.37544,41.91645],[-71.37576,41.91692],[-71.37626,41.91762],[-71.37688,41.91852],[-71.37749,41.91938],[-71.37826,41.92048],[-71.37904,41.9216],[-71.3794,41.92212],[-71.38142,41.92311],[-71.38212,41.92329],[-71.38343,41.92363],[-71.38492,41.92401],[-71.38577,41.92423],[-71.38689,41.92452],[-71.38794,41.9248],[-71.38856,41.92496],[-71.39012,41.92536],[-71.39125,41.92566],[-71.39231,41.92593],[-71.3935,41.92624],[-71.3944,41.92648],[-71.39552,41.92677],[-71.39637,41.92699],[-71.39757,41.9273],[-71.3992,41.92772],[-71.4001,41.92763],[-71.40146,41.92726],[-71.4025,41.92698],[-71.40341,41.92674],[-71.40498,41.92631],[-71.40603,41.92603],[-71.40738,41.92566],[-71.40868,41.92532],[-71.40969,41.92504],[-71.41082,41.92474],[-71.41252,41.92428],[-71.41382,41.92403],[-71.41474,41.92388],[-71.41617,41.9236],[-71.41746,41.92335],[-71.41908,41.92306],[-71.42099,41.92271],[-71.4217,41.92257],[-71.42393,41.92214],[-71.42589,41.92181],[-71.42761,41.92149],[-71.42871,41.92135],[-71.42954,41.92124],[-71.43062,41.92111],[-71.43241,41.92087],[-71.43454,41.9206],[-71.4352,41.92058],[-71.43707,41.92238],[-71.43931,41.92459],[-71.44381,41.92805],[-71.44519,41.92911],[-71.44707,41.93058],[-71.44849,41.93168],[-71.451,41.93279],[-71.45311,41.93375],[-71.45398,41.93414],[-71.45557,41.93486],[-71.45771,41.93584],[-71.45847,41.93727],[-71.46004,41.93731],[-71.46124,41.93732],[-71.4613,41.93742]]}},{"type":"Feature","properties":{"id":"122401","type":"AC; OVERHEAD","status":"IN SERVICE","owner":null,"voltage":115,"voltClass":"100-161"},"geometry":{"type":"LineString","coordinates":[[-71.17992,41.66834],[-71.17978,41.6687],[-71.17711,41.66821],[-71.1754,41.6708],[-71.17335,41.67078],[-71.17312,41.67078],[-71.17242,41.67064]]}},{"type":"Feature","properties":{"id":"122410","type":"AC; OVERHEAD","status":"IN SERVICE","owner":null,"voltage":115,"voltClass":"100-161"},"geometry":{"type":"LineString","coordinates":[[-71.29591,41.99005],[-71.29922,41.99061],[-71.30106,41.99106],[-71.30411,41.99534],[-71.30546,41.99704],[-71.30711,41.99903],[-71.30853,42.00092],[-71.31058,42.00334],[-71.31296,42.00438],[-71.31547,42.00563],[-71.3184,42.0071],[-71.32025,42.00804],[-71.32151,42.00866],[-71.32298,42.00987],[-71.32526,42.01186],[-71.32664,42.0131],[-71.32846,42.01461],[-71.33041,42.01626],[-71.33213,42.01774],[-71.33477,42.0199],[-71.33536,42.01997]]}},{"type":"Feature","properties":{"id":"122505","type":"AC; OVERHEAD","status":"IN SERVICE","owner":null,"voltage":115,"voltClass":"100-161"},"geometry":{"type":"LineString","coordinates":[[-71.47737,41.60971],[-71.47783,41.6092]]}},{"type":"Feature","properties":{"id":"123441","type":"AC; OVERHEAD","status":"IN SERVICE","owner":null,"voltage":115,"voltClass":"100-161"},"geometry":{"type":"LineString","coordinates":[[-71.5107,41.81363],[-71.51069,41.81398],[-71.51082,41.81482],[-71.51502,41.823],[-71.51643,41.8257],[-71.51675,41.82563],[-71.51696,41.82566],[-71.51816,41.82586],[-71.51905,41.82719],[-71.51932,41.82773]]}},{"type":"Feature","properties":{"id":"123519","type":"AC; OVERHEAD","status":"IN SERVICE","owner":null,"voltage":115,"voltClass":"100-161"},"geometry":{"type":"LineString","coordinates":[[-71.25533,41.6018],[-71.25539,41.60217],[-71.25559,41.60454],[-71.25632,41.60592],[-71.25563,41.60851],[-71.25617,41.61157],[-71.25397,41.61317],[-71.25271,41.61387],[-71.2516,41.61612],[-71.25151,41.61801],[-71.25034,41.62042],[-71.24913,41.62233],[-71.24777,41.62419],[-71.2479,41.62586],[-71.24719,41.62819],[-71.24611,41.63084],[-71.24473,41.63319],[-71.24382,41.63638],[-71.24346,41.63735],[-71.24233,41.63741],[-71.241,41.63751],[-71.23959,41.63784],[-71.23871,41.6381],[-71.23723,41.63813],[-71.23577,41.63821],[-71.23429,41.63829],[-71.23285,41.63838],[-71.23139,41.63845],[-71.23012,41.63851],[-71.22865,41.63856],[-71.22718,41.63861],[-71.22557,41.63865],[-71.22389,41.63871],[-71.22235,41.63881],[-71.22058,41.63888],[-71.21893,41.63891],[-71.21746,41.63891],[-71.21633,41.63888],[-71.21561,41.63888],[-71.21417,41.63882],[-71.21209,41.63895],[-71.21048,41.63969],[-71.20999,41.64026],[-71.20941,41.64086],[-71.20898,41.64218],[-71.20857,41.64341],[-71.20817,41.64465],[-71.20783,41.64569],[-71.20624,41.64542],[-71.20439,41.64515],[-71.20416,41.64597],[-71.20388,41.64675],[-71.20378,41.64753],[-71.2037,41.64819],[-71.20365,41.64858],[-71.20353,41.64918],[-71.20282,41.64943],[-71.20131,41.64926],[-71.19959,41.64924],[-71.19808,41.64909],[-71.19658,41.64895],[-71.1951,41.64881],[-71.1936,41.64867],[-71.19239,41.6497],[-71.19166,41.65033],[-71.19119,41.65104],[-71.19071,41.65177],[-71.19001,41.65282],[-71.18945,41.65367],[-71.1887,41.65481],[-71.18811,41.65569],[-71.18657,41.65595],[-71.18506,41.6562],[-71.18439,41.65695],[-71.18375,41.65768],[-71.18313,41.65838],[-71.18167,41.65938],[-71.18116,41.66016],[-71.18044,41.66126],[-71.17982,41.66222],[-71.17964,41.66335],[-71.17944,41.66455],[-71.18028,41.66546],[-71.1804,41.66639],[-71.18022,41.66705],[-71.18005,41.66767],[-71.17992,41.66834]]}},{"type":"Feature","properties":{"id":"123648","type":"AC; OVERHEAD","status":"IN SERVICE","owner":null,"voltage":115,"voltClass":"100-161"},"geometry":{"type":"LineString","coordinates":[[-71.19041,41.71287],[-71.19004,41.71348],[-71.18963,41.71439],[-71.1895,41.71469],[-71.18936,41.71503],[-71.18867,41.71598],[-71.18784,41.71711],[-71.18714,41.7181],[-71.18643,41.71907],[-71.18561,41.72015],[-71.18483,41.72125],[-71.18372,41.72274],[-71.18357,41.72346],[-71.18325,41.72523],[-71.18293,41.72663],[-71.18261,41.72816],[-71.18242,41.7291],[-71.1822,41.7301],[-71.18249,41.73033],[-71.18359,41.73111],[-71.18461,41.73183],[-71.18576,41.73261],[-71.18677,41.73345],[-71.18755,41.73409],[-71.18828,41.7347],[-71.18995,41.73608],[-71.19036,41.73642],[-71.19203,41.73781],[-71.19287,41.7385],[-71.19328,41.7389],[-71.19432,41.73933],[-71.19582,41.74],[-71.19705,41.74054],[-71.1982,41.74108],[-71.19937,41.74163],[-71.20071,41.74227],[-71.20185,41.74283],[-71.20341,41.74356],[-71.20461,41.74312],[-71.20585,41.74265],[-71.20707,41.74217],[-71.2085,41.74162],[-71.20988,41.74108],[-71.21116,41.74059],[-71.21227,41.74016],[-71.21345,41.7397],[-71.21482,41.73918],[-71.21607,41.73869],[-71.21768,41.7381],[-71.2193,41.73744],[-71.22096,41.73736],[-71.22215,41.73731],[-71.2233,41.73724],[-71.22499,41.73717],[-71.22621,41.73711],[-71.22772,41.73704],[-71.22901,41.73696],[-71.22994,41.73722],[-71.23145,41.7376],[-71.23259,41.73789],[-71.23371,41.73817],[-71.23502,41.73851],[-71.23619,41.73881],[-71.23758,41.73917],[-71.2386,41.73942],[-71.23955,41.74001],[-71.24185,41.7414],[-71.24254,41.74181],[-71.24376,41.74255],[-71.24518,41.74341],[-71.24635,41.74412],[-71.24737,41.74474],[-71.24851,41.74544],[-71.2496,41.74608],[-71.2505,41.74663],[-71.25152,41.74725],[-71.25256,41.74788],[-71.25357,41.74849],[-71.25465,41.74914],[-71.25568,41.74977],[-71.25664,41.75034],[-71.25749,41.75086],[-71.25852,41.75148],[-71.25949,41.75207],[-71.26059,41.75274],[-71.26172,41.75318],[-71.26302,41.7537],[-71.26435,41.75422],[-71.26561,41.75472],[-71.2669,41.75524],[-71.26821,41.75576],[-71.26934,41.7562],[-71.27062,41.7567],[-71.27193,41.75722],[-71.27317,41.75772],[-71.27517,41.75852],[-71.27653,41.75906],[-71.2785,41.75985]]}},{"type":"Feature","properties":{"id":"124074","type":"AC; OVERHEAD","status":"IN SERVICE","owner":null,"voltage":115,"voltClass":"100-161"},"geometry":{"type":"LineString","coordinates":[[-71.47942,41.68328],[-71.47931,41.68346],[-71.47928,41.68438],[-71.47853,41.68569],[-71.47667,41.68683],[-71.47612,41.68717],[-71.47582,41.68826],[-71.47549,41.68941],[-71.47496,41.69111],[-71.47454,41.69247],[-71.47408,41.69391],[-71.47397,41.69537],[-71.47385,41.69666],[-71.47385,41.69673],[-71.47338,41.69673],[-71.47288,41.69661]]}},{"type":"Feature","properties":{"id":"124254","type":"AC; OVERHEAD","status":"IN SERVICE","owner":null,"voltage":115,"voltClass":"100-161"},"geometry":{"type":"LineString","coordinates":[[-71.31027,41.52865],[-71.31002,41.52848],[-71.31012,41.52795],[-71.31001,41.52717],[-71.30995,41.5265],[-71.30983,41.52578],[-71.30969,41.52509],[-71.31,41.5248],[-71.30981,41.52372],[-71.31021,41.52289],[-71.3108,41.52204],[-71.31164,41.5216],[-71.3145,41.51901],[-71.31704,41.51669],[-71.31724,41.51647],[-71.31854,41.51459],[-71.31902,41.5134],[-71.31926,41.51138],[-71.31931,41.51076],[-71.31964,41.51101]]}},{"type":"Feature","properties":{"id":"127167","type":"AC; OVERHEAD","status":"IN SERVICE","owner":null,"voltage":115,"voltClass":"100-161"},"geometry":{"type":"LineString","coordinates":[[-71.44043,41.75007],[-71.44041,41.74998],[-71.44033,41.74957],[-71.44085,41.7488],[-71.44129,41.74813],[-71.4419,41.74719],[-71.44277,41.74587],[-71.44328,41.74511],[-71.44338,41.74391],[-71.44348,41.74277]]}},{"type":"Feature","properties":{"id":"127693","type":"AC; OVERHEAD","status":"IN SERVICE","owner":null,"voltage":115,"voltClass":"100-161"},"geometry":{"type":"LineString","coordinates":[[-71.47764,41.60909],[-71.4762,41.60868],[-71.46629,41.60591],[-71.4653,41.60572],[-71.46063,41.60433],[-71.45792,41.60357],[-71.45627,41.60325],[-71.4551,41.60264],[-71.45492,41.60257],[-71.4533,41.60193],[-71.45185,41.60136],[-71.45007,41.60061],[-71.44849,41.59996],[-71.44659,41.59918],[-71.44473,41.5984],[-71.44336,41.59781],[-71.44208,41.59726],[-71.44041,41.59655],[-71.43805,41.59552],[-71.43674,41.59497],[-71.43572,41.5945],[-71.43568,41.59283],[-71.43554,41.59263],[-71.43523,41.59256]]}},{"type":"Feature","properties":{"id":"125766","type":"AC; OVERHEAD","status":"IN SERVICE","owner":null,"voltage":115,"voltClass":"100-161"},"geometry":{"type":"LineString","coordinates":[[-71.14594,41.7382],[-71.14651,41.73784],[-71.1481,41.73852],[-71.14985,41.73901],[-71.152,41.73943],[-71.15406,41.73986],[-71.15605,41.74022],[-71.15817,41.74011],[-71.16256,41.73982],[-71.16494,41.7402],[-71.16682,41.74049],[-71.16902,41.74082],[-71.16959,41.73929],[-71.17028,41.73735],[-71.17176,41.73529],[-71.17295,41.73363],[-71.1736,41.73272],[-71.17411,41.73201],[-71.17515,41.73055],[-71.1762,41.72908],[-71.17705,41.72788]]}},{"type":"Feature","properties":{"id":"125947","type":"AC; OVERHEAD","status":"IN SERVICE","owner":null,"voltage":115,"voltClass":"100-161"},"geometry":{"type":"LineString","coordinates":[[-71.11586,41.74062],[-71.11604,41.74041],[-71.11767,41.7407],[-71.11886,41.73986],[-71.12065,41.73872],[-71.12339,41.73921],[-71.12533,41.73938],[-71.12835,41.73949],[-71.13149,41.73977],[-71.13272,41.73835],[-71.13715,41.73642],[-71.1446,41.73949],[-71.14594,41.7382]]}},{"type":"Feature","properties":{"id":"125967","type":"AC; OVERHEAD","status":"IN SERVICE","owner":null,"voltage":115,"voltClass":"100-161"},"geometry":{"type":"LineString","coordinates":[[-71.44025,41.7499],[-71.44007,41.74993],[-71.43938,41.7501],[-71.43912,41.75032]]}},{"type":"Feature","properties":{"id":"126401","type":"AC; OVERHEAD","status":"IN SERVICE","owner":null,"voltage":115,"voltClass":"100-161"},"geometry":{"type":"LineString","coordinates":[[-71.28089,41.7348],[-71.27936,41.73317],[-71.27894,41.73297],[-71.27766,41.73343],[-71.27601,41.73403],[-71.27384,41.73367],[-71.27096,41.73303],[-71.27152,41.73016],[-71.27226,41.72663],[-71.27199,41.72499],[-71.2717,41.71902],[-71.27199,41.71545],[-71.27225,41.71184],[-71.27251,41.70749],[-71.26818,41.69623],[-71.26754,41.69464],[-71.26851,41.69458]]}},{"type":"Feature","properties":{"id":"126684","type":"AC; OVERHEAD","status":null,"owner":null,"voltage":115,"voltClass":"100-161"},"geometry":{"type":"LineString","coordinates":[[-71.51807,41.80209],[-71.51715,41.80215],[-71.5169,41.80234],[-71.51692,41.80257]]}},{"type":"Feature","properties":{"id":"125329","type":"AC; OVERHEAD","status":"IN SERVICE","owner":null,"voltage":115,"voltClass":"100-161"},"geometry":{"type":"LineString","coordinates":[[-71.27823,41.75988],[-71.27644,41.75919],[-71.27513,41.75867],[-71.27306,41.75785],[-71.27183,41.75735],[-71.27054,41.75684],[-71.26925,41.75634],[-71.26811,41.75589],[-71.26679,41.75537],[-71.26551,41.75485],[-71.26427,41.75436],[-71.26293,41.75383],[-71.26164,41.75332],[-71.26048,41.75288],[-71.25937,41.75219],[-71.25837,41.75159],[-71.25736,41.75097],[-71.25654,41.75047],[-71.25553,41.74986],[-71.25452,41.74925],[-71.25344,41.74861],[-71.25242,41.74799],[-71.2514,41.74737],[-71.25036,41.74675],[-71.24946,41.7462],[-71.24843,41.74557],[-71.24735,41.74492],[-71.2462,41.74423],[-71.24505,41.74354],[-71.24248,41.74198],[-71.2416,41.74145],[-71.24067,41.74091],[-71.23943,41.74014],[-71.23849,41.73954],[-71.23752,41.73932],[-71.23612,41.73896],[-71.23494,41.73866],[-71.23352,41.7383],[-71.23256,41.73805],[-71.23138,41.73774],[-71.22987,41.73736],[-71.22901,41.73712],[-71.2277,41.73719],[-71.22625,41.73728],[-71.22502,41.73733],[-71.22334,41.73741],[-71.22219,41.73748],[-71.22097,41.73752],[-71.21937,41.73759],[-71.21731,41.73838],[-71.21619,41.73882],[-71.21494,41.73931],[-71.21355,41.73985],[-71.21227,41.74035],[-71.21126,41.74073],[-71.20996,41.74122],[-71.20865,41.74173],[-71.20713,41.74232],[-71.20591,41.74278],[-71.20463,41.74328],[-71.20341,41.74374],[-71.20175,41.74294],[-71.20059,41.7424],[-71.1993,41.74178],[-71.19809,41.7412],[-71.19695,41.74066],[-71.1957,41.7401],[-71.19421,41.73945],[-71.19319,41.73903],[-71.19276,41.7386],[-71.19188,41.7379],[-71.19047,41.73674],[-71.18975,41.73614],[-71.18824,41.73489],[-71.18743,41.73419],[-71.18661,41.73354],[-71.1856,41.7327],[-71.18446,41.73192],[-71.18348,41.73122],[-71.18234,41.73043],[-71.18199,41.73018],[-71.1818,41.73005],[-71.18162,41.72992],[-71.18141,41.72978],[-71.18162,41.72879],[-71.18186,41.72768],[-71.18215,41.72628],[-71.18243,41.72496],[-71.18271,41.7236],[-71.18294,41.72252],[-71.18336,41.72196],[-71.18439,41.72054],[-71.18511,41.71957],[-71.18594,41.71849],[-71.18662,41.71757],[-71.18738,41.71654],[-71.18807,41.71553],[-71.18879,41.71457],[-71.1897,41.71327],[-71.19041,41.71287]]}},{"type":"Feature","properties":{"id":"125508","type":"AC; OVERHEAD","status":"IN SERVICE","owner":null,"voltage":115,"voltClass":"100-161"},"geometry":{"type":"LineString","coordinates":[[-71.364,41.86539],[-71.36,41.8652],[-71.35869,41.86639],[-71.35503,41.86635],[-71.35331,41.86629],[-71.35138,41.86629],[-71.34762,41.86625],[-71.34537,41.86604],[-71.34078,41.86568],[-71.33841,41.86704],[-71.33648,41.86822],[-71.33588,41.86817],[-71.33469,41.86808],[-71.33177,41.86779],[-71.33068,41.86824],[-71.3306,41.86834]]}},{"type":"Feature","properties":{"id":"129083","type":"AC; OVERHEAD","status":"IN SERVICE","owner":null,"voltage":115,"voltClass":"100-161"},"geometry":{"type":"LineString","coordinates":[[-71.48855,41.61079],[-71.48396,41.61032],[-71.48248,41.6102],[-71.48135,41.61007],[-71.48014,41.60985],[-71.47835,41.60929],[-71.47764,41.60909]]}},{"type":"Feature","properties":{"id":"129084","type":"AC; OVERHEAD","status":null,"owner":null,"voltage":345,"voltClass":"345"},"geometry":{"type":"LineString","coordinates":[[-71.19239,41.71143],[-71.19094,41.71384]]}},{"type":"Feature","properties":{"id":"129763","type":"AC; OVERHEAD","status":"IN SERVICE","owner":null,"voltage":345,"voltClass":"345"},"geometry":{"type":"LineString","coordinates":[[-71.53915,41.96947],[-71.53949,41.96978],[-71.53969,41.96982],[-71.54047,41.97],[-71.54379,41.97075],[-71.54539,41.97111],[-71.54764,41.97162],[-71.54905,41.97193],[-71.55096,41.97237],[-71.55183,41.97207],[-71.55402,41.97131],[-71.55585,41.97068],[-71.55718,41.97021],[-71.56021,41.96917],[-71.56196,41.96856],[-71.56433,41.96774],[-71.56621,41.96709],[-71.56867,41.96624],[-71.57134,41.96532],[-71.573,41.96443],[-71.5749,41.96342],[-71.5774,41.96327],[-71.58092,41.96306],[-71.58255,41.96297],[-71.5828,41.96455],[-71.58305,41.96605],[-71.58338,41.96809],[-71.5837,41.97],[-71.58401,41.97189],[-71.58435,41.974],[-71.58466,41.97588],[-71.58497,41.97779],[-71.58534,41.98004],[-71.58554,41.98128],[-71.58725,41.98187],[-71.58966,41.9827],[-71.59216,41.98356],[-71.59429,41.98429],[-71.59718,41.98528],[-71.59983,41.98619],[-71.60298,41.98652],[-71.60403,41.98663],[-71.6048,41.98838],[-71.60568,41.99039],[-71.60784,41.99057],[-71.60993,41.99074],[-71.61231,41.99093],[-71.61539,41.99118],[-71.61779,41.99137],[-71.62024,41.99157],[-71.62187,41.9917],[-71.62337,41.99182],[-71.62669,41.99209],[-71.6286,41.99347],[-71.63021,41.99464],[-71.63264,41.9964],[-71.63352,41.99704],[-71.63522,41.99827],[-71.63743,41.99987],[-71.63901,42.00102],[-71.64072,42.00226],[-71.6429,42.00079],[-71.6442,41.99992],[-71.64565,41.99894],[-71.648,41.99997],[-71.65071,42.00117],[-71.6531,42.00221],[-71.65538,42.00322],[-71.65733,42.00408],[-71.65912,42.00486],[-71.66075,42.00558],[-71.66293,42.00639],[-71.66413,42.00684],[-71.66714,42.00796],[-71.66879,42.00857],[-71.67059,42.00924],[-71.67263,42.01001],[-71.6735,42.00995]]}},{"type":"Feature","properties":{"id":"129914","type":"AC; OVERHEAD","status":"IN SERVICE","owner":null,"voltage":115,"voltClass":"100-161"},"geometry":{"type":"LineString","coordinates":[[-71.57424,41.47266],[-71.57404,41.47279],[-71.57393,41.47304],[-71.57364,41.48641],[-71.56701,41.49568],[-71.5402,41.51003],[-71.53186,41.51049],[-71.51395,41.51862],[-71.49407,41.52754],[-71.49321,41.53499],[-71.4925,41.54453],[-71.48268,41.54848],[-71.48242,41.54861],[-71.48187,41.54881],[-71.48153,41.55038]]}},{"type":"Feature","properties":{"id":"129969","type":"AC; OVERHEAD","status":"IN SERVICE","owner":null,"voltage":115,"voltClass":"100-161"},"geometry":{"type":"LineString","coordinates":[[-71.53136,41.90138],[-71.52776,41.8833],[-71.52739,41.88151]]}},{"type":"Feature","properties":{"id":"130130","type":"AC; OVERHEAD","status":"IN SERVICE","owner":null,"voltage":115,"voltClass":"100-161"},"geometry":{"type":"LineString","coordinates":[[-71.40582,41.81679],[-71.4055,41.81681],[-71.40508,41.81684],[-71.40459,41.81704],[-71.40436,41.81753],[-71.40496,41.81843],[-71.40525,41.8189],[-71.40619,41.81899],[-71.4063,41.81895]]}},{"type":"Feature","properties":{"id":"130162","type":"AC; OVERHEAD","status":"IN SERVICE","owner":null,"voltage":115,"voltClass":"100-161"},"geometry":{"type":"LineString","coordinates":[[-71.14594,41.7382],[-71.14632,41.73817],[-71.14789,41.73881],[-71.14981,41.73924],[-71.15193,41.73967],[-71.15403,41.74009],[-71.15605,41.74045],[-71.15822,41.74035],[-71.16254,41.74009],[-71.16489,41.74043],[-71.16678,41.74071],[-71.16924,41.7411],[-71.16987,41.73935],[-71.17057,41.73745],[-71.17201,41.73541],[-71.17319,41.73376],[-71.17436,41.73213],[-71.17541,41.73067],[-71.17645,41.72921],[-71.17816,41.7283],[-71.17946,41.72915],[-71.18101,41.7302],[-71.18112,41.73027],[-71.18148,41.73052],[-71.18167,41.73064],[-71.18185,41.73077],[-71.18213,41.73095],[-71.18321,41.73162],[-71.18497,41.73278],[-71.18674,41.73417],[-71.18791,41.73514],[-71.18988,41.73676],[-71.19183,41.73837],[-71.19294,41.73931],[-71.19404,41.73979],[-71.19604,41.74066],[-71.19806,41.74161],[-71.20032,41.7427],[-71.20302,41.74398],[-71.20532,41.74507],[-71.20756,41.74665],[-71.20971,41.74717],[-71.21054,41.7488],[-71.21046,41.74906]]}},{"type":"Feature","properties":{"id":"130274","type":"AC; OVERHEAD","status":"IN SERVICE","owner":null,"voltage":115,"voltClass":"100-161"},"geometry":{"type":"LineString","coordinates":[[-71.4063,41.81895],[-71.40647,41.8189],[-71.4053,41.81878],[-71.40452,41.8175],[-71.40485,41.81671],[-71.40516,41.81636],[-71.40565,41.81634]]}},{"type":"Feature","properties":{"id":"129554","type":"AC; OVERHEAD","status":"IN SERVICE","owner":null,"voltage":115,"voltClass":"100-161"},"geometry":{"type":"LineString","coordinates":[[-71.44996,41.73009],[-71.44966,41.72971],[-71.44977,41.72955]]}},{"type":"Feature","properties":{"id":"130870","type":"AC; OVERHEAD","status":null,"owner":null,"voltage":115,"voltClass":"100-161"},"geometry":{"type":"LineString","coordinates":[[-71.17082,41.64319],[-71.17069,41.6431],[-71.1706,41.6422]]}},{"type":"Feature","properties":{"id":"132566","type":"AC; OVERHEAD","status":"IN SERVICE","owner":null,"voltage":115,"voltClass":"100-161"},"geometry":{"type":"LineString","coordinates":[[-71.44037,41.75423],[-71.44052,41.7543],[-71.4407,41.75443],[-71.44105,41.75351],[-71.44086,41.7527],[-71.44067,41.75175],[-71.44043,41.75061],[-71.44027,41.74998],[-71.44025,41.7499]]}},{"type":"Feature","properties":{"id":"132660","type":"AC; OVERHEAD","status":"IN SERVICE","owner":null,"voltage":115,"voltClass":"100-161"},"geometry":{"type":"LineString","coordinates":[[-71.1641,41.66798],[-71.16423,41.66712],[-71.16427,41.66521],[-71.1643,41.66432],[-71.1652,41.66311],[-71.16627,41.66176],[-71.16744,41.66029],[-71.16881,41.65864],[-71.17016,41.65695],[-71.17143,41.65534],[-71.17273,41.65377],[-71.17418,41.65193],[-71.17539,41.65037],[-71.17682,41.64856],[-71.17822,41.64677],[-71.17931,41.64541],[-71.18021,41.64443],[-71.18041,41.64417]]}},{"type":"Feature","properties":{"id":"132731","type":"AC; OVERHEAD","status":"IN SERVICE","owner":null,"voltage":115,"voltClass":"100-161"},"geometry":{"type":"LineString","coordinates":[[-71.18417,41.64375],[-71.18423,41.64393],[-71.18421,41.64425],[-71.1832,41.64423],[-71.18196,41.64419],[-71.18086,41.64418],[-71.18068,41.64418],[-71.18052,41.64443]]}},{"type":"Feature","properties":{"id":"132732","type":"AC; OVERHEAD","status":"IN SERVICE","owner":null,"voltage":115,"voltClass":"100-161"},"geometry":{"type":"LineString","coordinates":[[-71.17992,41.66834],[-71.18017,41.66767],[-71.18033,41.66706],[-71.18053,41.66641],[-71.18039,41.66542],[-71.17956,41.66453],[-71.17975,41.66336],[-71.17994,41.66224],[-71.18056,41.66129],[-71.18127,41.6602],[-71.18178,41.65943],[-71.18322,41.65845],[-71.18385,41.65772],[-71.18448,41.657],[-71.18511,41.65627],[-71.18659,41.65605],[-71.18818,41.65577],[-71.1888,41.65484],[-71.18956,41.65371],[-71.19012,41.65286],[-71.19082,41.65181],[-71.19131,41.65107],[-71.19177,41.65038],[-71.19248,41.64977],[-71.19365,41.64876],[-71.19508,41.6489],[-71.19656,41.64904],[-71.19807,41.64918],[-71.19958,41.64933],[-71.2013,41.64936],[-71.20282,41.64951],[-71.20366,41.64924],[-71.20379,41.64858],[-71.20391,41.64754],[-71.20401,41.64676],[-71.20431,41.646],[-71.20453,41.64526],[-71.20623,41.64551],[-71.20793,41.64579],[-71.20829,41.64468],[-71.2087,41.64344],[-71.2091,41.6422],[-71.20952,41.6409],[-71.21053,41.63971],[-71.21213,41.63899],[-71.21234,41.63898],[-71.21415,41.63887],[-71.21566,41.63894],[-71.21632,41.63897],[-71.21747,41.63901],[-71.21895,41.63901],[-71.22059,41.63898],[-71.22239,41.63892],[-71.22388,41.63881],[-71.22558,41.63875],[-71.22723,41.63872],[-71.22866,41.63866],[-71.23011,41.63861],[-71.23139,41.63855],[-71.23284,41.63847],[-71.23431,41.63839],[-71.23578,41.63831],[-71.23722,41.63823],[-71.23872,41.63819],[-71.23962,41.63793],[-71.241,41.6376],[-71.24231,41.6375],[-71.24353,41.63742],[-71.24411,41.6356],[-71.24483,41.63321],[-71.24639,41.63046],[-71.24727,41.62822],[-71.248,41.62586],[-71.24785,41.62419],[-71.25041,41.62045],[-71.25156,41.61804],[-71.25165,41.61612],[-71.2528,41.61389],[-71.25398,41.61321],[-71.25622,41.61159],[-71.25579,41.60852],[-71.25639,41.60594],[-71.25566,41.60453],[-71.25546,41.60224],[-71.25533,41.6018]]}},{"type":"Feature","properties":{"id":"133478","type":"AC; OVERHEAD","status":"IN SERVICE","owner":null,"voltage":115,"voltClass":"100-161"},"geometry":{"type":"LineString","coordinates":[[-71.27057,41.98528],[-71.27069,41.9854],[-71.27078,41.98549],[-71.27128,41.986],[-71.27542,41.98669],[-71.28092,41.98765],[-71.28642,41.98865],[-71.28805,41.98892],[-71.29134,41.98949],[-71.29252,41.98972],[-71.29604,41.99019]]}},{"type":"Feature","properties":{"id":"133759","type":"AC; OVERHEAD","status":"IN SERVICE","owner":null,"voltage":115,"voltClass":"100-161"},"geometry":{"type":"LineString","coordinates":[[-71.28089,41.7348],[-71.28055,41.7349],[-71.28043,41.73505],[-71.27935,41.7364],[-71.27932,41.73644],[-71.27925,41.73653],[-71.27889,41.73747],[-71.27832,41.73836],[-71.27725,41.74013],[-71.2774,41.74116],[-71.27756,41.7423],[-71.27772,41.7433],[-71.27784,41.74431],[-71.27799,41.7454],[-71.27815,41.74657],[-71.27832,41.74776],[-71.27848,41.74888],[-71.27866,41.74996],[-71.27887,41.75096],[-71.27917,41.75216],[-71.27943,41.75337],[-71.27973,41.75453],[-71.27993,41.75596],[-71.27952,41.7571],[-71.27922,41.75795],[-71.27892,41.75886],[-71.27875,41.75945],[-71.2785,41.75985]]}},{"type":"Feature","properties":{"id":"133904","type":"AC; OVERHEAD","status":"IN SERVICE","owner":null,"voltage":115,"voltClass":"100-161"},"geometry":{"type":"LineString","coordinates":[[-71.40565,41.81634],[-71.40558,41.81659],[-71.40445,41.81694],[-71.40432,41.81754],[-71.4052,41.81895],[-71.40621,41.81902],[-71.4063,41.81895]]}},{"type":"Feature","properties":{"id":"132920","type":"AC; OVERHEAD","status":"IN SERVICE","owner":null,"voltage":115,"voltClass":"100-161"},"geometry":{"type":"LineString","coordinates":[[-71.4613,41.93742],[-71.46133,41.93748],[-71.46136,41.93754]]}},{"type":"Feature","properties":{"id":"133110","type":"AC; OVERHEAD","status":"IN SERVICE","owner":null,"voltage":115,"voltClass":"100-161"},"geometry":{"type":"LineString","coordinates":[[-71.44025,41.7499],[-71.44018,41.74956],[-71.4407,41.74878],[-71.44114,41.74809],[-71.44179,41.74713],[-71.44266,41.74583],[-71.44313,41.74508],[-71.44324,41.74389],[-71.44329,41.74276]]}},{"type":"Feature","properties":{"id":"131886","type":"AC; OVERHEAD","status":"IN SERVICE","owner":null,"voltage":115,"voltClass":"100-161"},"geometry":{"type":"LineString","coordinates":[[-71.48806,41.61144],[-71.49317,41.59484],[-71.49267,41.58751],[-71.49675,41.58025],[-71.49672,41.58015],[-71.49166,41.57307],[-71.48643,41.55941],[-71.48155,41.55103]]}},{"type":"Feature","properties":{"id":"135614","type":"AC; OVERHEAD","status":"IN SERVICE","owner":null,"voltage":115,"voltClass":"100-161"},"geometry":{"type":"LineString","coordinates":[[-71.1641,41.66798],[-71.16441,41.66803],[-71.16539,41.66939],[-71.17242,41.67064]]}},{"type":"Feature","properties":{"id":"135640","type":"AC; OVERHEAD","status":"IN SERVICE","owner":null,"voltage":345,"voltClass":"345"},"geometry":{"type":"LineString","coordinates":[[-71.19094,41.71384],[-71.19089,41.7141],[-71.18995,41.71449],[-71.1895,41.71469],[-71.18924,41.71481],[-71.18899,41.71492],[-71.18839,41.71574],[-71.18766,41.71675],[-71.18683,41.7179],[-71.18625,41.71871],[-71.18538,41.71986],[-71.18457,41.72094],[-71.18334,41.72262],[-71.18317,41.72349],[-71.18286,41.72518],[-71.1826,41.72639],[-71.18225,41.72796],[-71.18205,41.7289],[-71.1818,41.73005],[-71.18174,41.73031],[-71.18168,41.73062],[-71.18162,41.7309],[-71.1815,41.73147],[-71.18167,41.73167],[-71.18206,41.73213],[-71.18341,41.73312],[-71.18493,41.7343],[-71.18582,41.73499],[-71.18556,41.73616],[-71.18529,41.73733],[-71.18495,41.73881],[-71.18433,41.73928],[-71.18304,41.74023],[-71.18128,41.74158],[-71.18014,41.74241],[-71.17898,41.74327],[-71.17795,41.74403],[-71.17659,41.74506],[-71.17601,41.74625],[-71.17647,41.74692],[-71.17702,41.74778],[-71.17763,41.74872],[-71.17843,41.74996],[-71.17897,41.7508],[-71.1798,41.75208],[-71.18042,41.75302],[-71.1811,41.75409],[-71.18205,41.75556],[-71.18299,41.757],[-71.18397,41.75849],[-71.18482,41.75983],[-71.18562,41.76108],[-71.1864,41.76225],[-71.18698,41.76317],[-71.18799,41.7647],[-71.18875,41.76588],[-71.18926,41.76671],[-71.18992,41.76771],[-71.19075,41.76901],[-71.1919,41.77078],[-71.19266,41.77195],[-71.19285,41.77316],[-71.19302,41.77425],[-71.19312,41.77515],[-71.19334,41.77643],[-71.19347,41.77764],[-71.19364,41.77859],[-71.19374,41.77945],[-71.1939,41.78067],[-71.19404,41.78186],[-71.19424,41.7832],[-71.19438,41.78427],[-71.19461,41.78569],[-71.19484,41.78722],[-71.195,41.7883],[-71.19512,41.78949],[-71.19531,41.79077],[-71.19548,41.79214],[-71.19566,41.79328],[-71.19583,41.79455],[-71.196,41.79569],[-71.19615,41.79683],[-71.19633,41.79798],[-71.19645,41.79899],[-71.19663,41.80019],[-71.1967,41.80153],[-71.19674,41.80308],[-71.19683,41.80431],[-71.19687,41.80566],[-71.19694,41.80708],[-71.19699,41.80834],[-71.19709,41.8099],[-71.19712,41.81096],[-71.19714,41.81191],[-71.19716,41.81278],[-71.19725,41.81402],[-71.1973,41.81508],[-71.19739,41.81638],[-71.19742,41.81768],[-71.19748,41.81908],[-71.19753,41.82035],[-71.19761,41.82166],[-71.19765,41.82286],[-71.19769,41.82387],[-71.19776,41.82491],[-71.19749,41.82614],[-71.19718,41.82725],[-71.19685,41.8286],[-71.19652,41.82989],[-71.19621,41.83127],[-71.19594,41.83234],[-71.1956,41.83365],[-71.19525,41.83505],[-71.19487,41.83647],[-71.19461,41.83763],[-71.19437,41.83878],[-71.19404,41.84012],[-71.19374,41.84137],[-71.19337,41.84292],[-71.19316,41.84364],[-71.19287,41.84482],[-71.1926,41.84593],[-71.19228,41.84724],[-71.19192,41.84886],[-71.1915,41.85056],[-71.19131,41.85118],[-71.19191,41.85219],[-71.19247,41.85314],[-71.19314,41.85428],[-71.19384,41.85547],[-71.19436,41.85636],[-71.19506,41.85755],[-71.19584,41.85887],[-71.19649,41.85997],[-71.19729,41.86134],[-71.19776,41.86213],[-71.19874,41.8638],[-71.19946,41.86502],[-71.20024,41.86628],[-71.20055,41.86687],[-71.20144,41.86839],[-71.20154,41.86905],[-71.20175,41.87039],[-71.20199,41.87195],[-71.20223,41.87347],[-71.20244,41.87483],[-71.20264,41.8761],[-71.20205,41.87692],[-71.20131,41.87794],[-71.20036,41.87925],[-71.19967,41.8802],[-71.19885,41.88133],[-71.19807,41.8824],[-71.19741,41.88331],[-71.19655,41.8845],[-71.19546,41.88599],[-71.19502,41.88661],[-71.19404,41.88795],[-71.19327,41.88901],[-71.19357,41.88995],[-71.19391,41.89104],[-71.19435,41.89243],[-71.19472,41.89361],[-71.19513,41.89489],[-71.19549,41.89606],[-71.19582,41.8971],[-71.19611,41.89803],[-71.19641,41.89896],[-71.19676,41.90008],[-71.19718,41.90142],[-71.19756,41.9026],[-71.19789,41.90366],[-71.19831,41.90498],[-71.19872,41.90629],[-71.19908,41.90745],[-71.19962,41.90916],[-71.20022,41.91104],[-71.20078,41.91284],[-71.20134,41.9146],[-71.20174,41.91586],[-71.20213,41.91712],[-71.20252,41.91835],[-71.20294,41.91967],[-71.20343,41.92122],[-71.20418,41.92191],[-71.20526,41.9229],[-71.20628,41.92384],[-71.20739,41.92486],[-71.20835,41.92574],[-71.20924,41.92655],[-71.21012,41.92736],[-71.21134,41.92848],[-71.21257,41.92961],[-71.21371,41.93065],[-71.21486,41.9317],[-71.21608,41.93282],[-71.21751,41.93414],[-71.21843,41.93498],[-71.21956,41.93602],[-71.22066,41.93702],[-71.2226,41.9378],[-71.22464,41.93862],[-71.2257,41.93905],[-71.22694,41.93955],[-71.22828,41.94007],[-71.23047,41.94097],[-71.23142,41.94136],[-71.23381,41.94232],[-71.23614,41.94325],[-71.23768,41.94387],[-71.23896,41.94438],[-71.23965,41.94505],[-71.24063,41.94603],[-71.24178,41.94717],[-71.24281,41.94818],[-71.24409,41.94945],[-71.24567,41.951],[-71.24715,41.95244],[-71.24833,41.95364],[-71.24838,41.95471],[-71.2484,41.95595],[-71.24843,41.95714],[-71.24842,41.95813],[-71.24891,41.95879],[-71.24974,41.96001],[-71.25066,41.96134],[-71.25156,41.96264],[-71.25224,41.96364],[-71.25281,41.96445],[-71.25357,41.96556],[-71.25438,41.96672],[-71.25508,41.96773],[-71.2558,41.96881],[-71.2563,41.96951],[-71.25692,41.97043],[-71.25767,41.97118],[-71.25868,41.9722],[-71.25971,41.97319],[-71.26088,41.97442],[-71.26205,41.97561],[-71.26295,41.97657],[-71.26376,41.97735],[-71.26474,41.97837],[-71.26576,41.9794],[-71.26685,41.98051],[-71.26775,41.98143],[-71.26867,41.98235],[-71.26976,41.98345],[-71.27081,41.98452],[-71.27176,41.98548],[-71.27484,41.98602],[-71.27697,41.98639],[-71.2795,41.98683],[-71.28109,41.98711],[-71.28644,41.98805],[-71.28829,41.98838],[-71.29043,41.98875],[-71.29238,41.98909],[-71.29413,41.9894],[-71.29601,41.98973],[-71.2961,41.98975],[-71.29846,41.99016],[-71.30144,41.99068],[-71.30225,41.99175],[-71.30301,41.99275],[-71.30373,41.99369],[-71.30435,41.9945],[-71.30509,41.99546],[-71.30601,41.99668],[-71.30673,41.99762],[-71.3086,42.00006],[-71.3096,42.00138],[-71.31065,42.00275],[-71.31308,42.00394],[-71.31483,42.0048],[-71.31625,42.0055],[-71.3178,42.00626],[-71.3186,42.00665],[-71.32013,42.0074],[-71.32196,42.0083],[-71.32407,42.01016],[-71.32548,42.01137],[-71.32668,42.01241],[-71.32787,42.01344],[-71.32909,42.01448],[-71.33007,42.01532],[-71.33105,42.01616],[-71.33223,42.01719],[-71.33415,42.01884],[-71.33522,42.01885],[-71.3358,42.01932],[-71.33536,42.01997]]}},{"type":"Feature","properties":{"id":"133994","type":"AC; OVERHEAD","status":"IN SERVICE","owner":null,"voltage":115,"voltClass":"100-161"},"geometry":{"type":"LineString","coordinates":[[-71.13608,41.81623],[-71.13588,41.81648],[-71.13437,41.81857],[-71.13279,41.82077],[-71.13116,41.82305],[-71.13024,41.82432],[-71.12942,41.82547],[-71.12856,41.82666],[-71.12784,41.82849],[-71.12709,41.83038],[-71.12671,41.83123],[-71.12688,41.83139]]}},{"type":"Feature","properties":{"id":"134120","type":"AC; OVERHEAD","status":"IN SERVICE","owner":null,"voltage":115,"voltClass":"100-161"},"geometry":{"type":"LineString","coordinates":[[-71.5309,41.90127],[-71.53136,41.90138]]}},{"type":"Feature","properties":{"id":"134128","type":"AC; OVERHEAD","status":"IN SERVICE","owner":null,"voltage":115,"voltClass":"100-161"},"geometry":{"type":"LineString","coordinates":[[-71.5231,41.80276],[-71.52096,41.80161],[-71.51989,41.80051],[-71.5186,41.79886],[-71.51798,41.7988],[-71.51723,41.79864],[-71.51546,41.80251]]}},{"type":"Feature","properties":{"id":"134162","type":"AC; OVERHEAD","status":"IN SERVICE","owner":null,"voltage":115,"voltClass":"100-161"},"geometry":{"type":"LineString","coordinates":[[-71.42107,41.84245],[-71.42135,41.84187],[-71.42119,41.84161]]}},{"type":"Feature","properties":{"id":"136220","type":"AC; OVERHEAD","status":"IN SERVICE","owner":null,"voltage":115,"voltClass":"100-161"},"geometry":{"type":"LineString","coordinates":[[-71.13608,41.81623],[-71.1363,41.81612],[-71.13695,41.815],[-71.13798,41.8136],[-71.13873,41.81261],[-71.1393,41.8119],[-71.14019,41.81046],[-71.14081,41.80946],[-71.14204,41.80777],[-71.14361,41.8057],[-71.14497,41.80383],[-71.1461,41.80226],[-71.14685,41.80118],[-71.14785,41.79981],[-71.14895,41.79827],[-71.15021,41.7965],[-71.15173,41.7944],[-71.15311,41.79245],[-71.15426,41.79088],[-71.15523,41.78944],[-71.15617,41.78798],[-71.1569,41.78677],[-71.15754,41.78563],[-71.15833,41.78427],[-71.15889,41.7833],[-71.15975,41.7819],[-71.1605,41.78057],[-71.161,41.7797],[-71.16177,41.77842],[-71.1628,41.77673],[-71.16383,41.77498],[-71.16468,41.77354],[-71.16556,41.77209],[-71.16648,41.77057],[-71.16659,41.76898],[-71.16674,41.76728],[-71.16686,41.76572],[-71.16699,41.76424],[-71.16711,41.76236],[-71.16724,41.76078],[-71.16736,41.75921],[-71.16751,41.75771],[-71.16763,41.75599],[-71.16774,41.75422],[-71.1678,41.75305],[-71.16793,41.75224],[-71.16809,41.7501],[-71.16836,41.74745],[-71.16852,41.74622],[-71.16892,41.74259],[-71.16908,41.74124],[-71.16672,41.74083],[-71.16486,41.74054],[-71.16254,41.74019],[-71.15823,41.74045],[-71.15603,41.74059],[-71.15396,41.7402],[-71.15189,41.73979],[-71.14976,41.73938],[-71.14772,41.73903],[-71.1461,41.73838],[-71.14594,41.7382]]}},{"type":"Feature","properties":{"id":"136588","type":"AC; OVERHEAD","status":"IN SERVICE","owner":null,"voltage":115,"voltClass":"100-161"},"geometry":{"type":"LineString","coordinates":[[-71.17705,41.72788],[-71.17606,41.72694],[-71.17409,41.72631],[-71.1721,41.72566],[-71.17012,41.72503],[-71.16812,41.72439],[-71.16613,41.72374],[-71.16413,41.7231],[-71.16302,41.72274],[-71.16189,41.72238],[-71.16087,41.7218],[-71.15732,41.71975],[-71.15675,41.71827],[-71.15676,41.71669],[-71.15677,41.71609]]}},{"type":"Feature","properties":{"id":"136712","type":"AC; OVERHEAD","status":"IN SERVICE","owner":null,"voltage":115,"voltClass":"100-161"},"geometry":{"type":"LineString","coordinates":[[-71.47214,41.54865],[-71.47212,41.54895],[-71.47223,41.54937],[-71.47287,41.54949],[-71.47448,41.54977],[-71.4761,41.55006],[-71.47736,41.55029],[-71.47869,41.55052],[-71.48155,41.55103]]}},{"type":"Feature","properties":{"id":"134885","type":"AC; OVERHEAD","status":"IN SERVICE","owner":null,"voltage":115,"voltClass":"100-161"},"geometry":{"type":"LineString","coordinates":[[-71.13608,41.81623],[-71.13592,41.8165],[-71.13441,41.8186],[-71.13283,41.8208],[-71.1312,41.82308],[-71.13028,41.82435],[-71.12946,41.8255],[-71.12861,41.82668],[-71.12788,41.82851],[-71.12713,41.8304],[-71.12675,41.83126],[-71.12644,41.83211],[-71.12578,41.83382],[-71.12513,41.83541],[-71.12429,41.83755],[-71.12365,41.83918],[-71.12305,41.84068],[-71.12227,41.84265],[-71.12148,41.8446],[-71.12095,41.84599],[-71.11853,41.84656],[-71.11507,41.84737],[-71.11195,41.84812],[-71.10795,41.84905],[-71.10665,41.85015],[-71.1051,41.85143],[-71.10345,41.85281],[-71.10216,41.85388],[-71.10079,41.85502],[-71.09933,41.85624],[-71.09759,41.85771],[-71.09718,41.85805]]}},{"type":"Feature","properties":{"id":"136092","type":"AC; OVERHEAD","status":"IN SERVICE","owner":null,"voltage":345,"voltClass":"345"},"geometry":{"type":"LineString","coordinates":[[-71.33536,42.01997],[-71.33482,42.01911],[-71.33412,42.01908],[-71.33387,42.0189],[-71.332,42.01734],[-71.33084,42.01633],[-71.32988,42.0155],[-71.32886,42.01464],[-71.3277,42.01362],[-71.32585,42.01204],[-71.32405,42.0105],[-71.32176,42.00861],[-71.31927,42.00734],[-71.3143,42.00497],[-71.31059,42.00321],[-71.30956,42.00183],[-71.30805,41.99994],[-71.30639,41.99793],[-71.3049,41.99602],[-71.30356,41.99419],[-71.30216,41.99212],[-71.30115,41.99083],[-71.29725,41.99008],[-71.29596,41.98989],[-71.29196,41.98928],[-71.28824,41.98861],[-71.28255,41.98758],[-71.28001,41.98715],[-71.27542,41.98639],[-71.27162,41.9857],[-71.26877,41.98272],[-71.26605,41.97995],[-71.26352,41.97749],[-71.26273,41.97668],[-71.26219,41.97608],[-71.26165,41.97553],[-71.26075,41.97465],[-71.25946,41.97333],[-71.25848,41.97234],[-71.25744,41.97131],[-71.25669,41.97054],[-71.25605,41.96963],[-71.25567,41.9691],[-71.2548,41.96783],[-71.25412,41.96683],[-71.25344,41.96583],[-71.25266,41.96471],[-71.25199,41.96376],[-71.2513,41.96275],[-71.25039,41.96144],[-71.24947,41.96012],[-71.24866,41.95889],[-71.24816,41.95817],[-71.24816,41.95717],[-71.24813,41.95596],[-71.24809,41.9547],[-71.24804,41.95372],[-71.24691,41.95257],[-71.24578,41.95147],[-71.2448,41.95049],[-71.24372,41.94944],[-71.24289,41.94862],[-71.24155,41.94731],[-71.24027,41.94604],[-71.2394,41.94518],[-71.23877,41.94454],[-71.23756,41.94407],[-71.23599,41.94343],[-71.23423,41.94274],[-71.23258,41.94206],[-71.23107,41.94147],[-71.22979,41.94095],[-71.22814,41.94028],[-71.22681,41.93975],[-71.22557,41.93924],[-71.22452,41.93881],[-71.2232,41.93828],[-71.2221,41.93782],[-71.22051,41.93723],[-71.21931,41.93613],[-71.21783,41.93477],[-71.21681,41.93384],[-71.21581,41.93292],[-71.21463,41.93184],[-71.21347,41.93079],[-71.21208,41.92951],[-71.21112,41.92863],[-71.20989,41.9275],[-71.20901,41.9267],[-71.20812,41.92589],[-71.20717,41.92501],[-71.20605,41.92398],[-71.20502,41.92304],[-71.20395,41.92206],[-71.20315,41.92133],[-71.20288,41.92047],[-71.20254,41.91938],[-71.20232,41.91871],[-71.20184,41.91718],[-71.20145,41.91593],[-71.20105,41.91465],[-71.20067,41.91346],[-71.19993,41.91109],[-71.19954,41.90985],[-71.19914,41.90859],[-71.1988,41.90751],[-71.19843,41.90635],[-71.19803,41.90505],[-71.19758,41.90363],[-71.19727,41.90264],[-71.1969,41.90148],[-71.19648,41.90013],[-71.19613,41.89902],[-71.19583,41.89808],[-71.19553,41.89712],[-71.19521,41.8961],[-71.19484,41.89493],[-71.19446,41.89372],[-71.19408,41.8925],[-71.19364,41.89111],[-71.19329,41.89001],[-71.19297,41.88898],[-71.1937,41.88797],[-71.1943,41.88713],[-71.19487,41.88634],[-71.19534,41.88569],[-71.19627,41.8844],[-71.19714,41.88319],[-71.19856,41.88122],[-71.19937,41.88009],[-71.20007,41.87912],[-71.20101,41.87782],[-71.20174,41.8768],[-71.20228,41.87605],[-71.20211,41.87487],[-71.20193,41.87362],[-71.20175,41.87214],[-71.20148,41.87042],[-71.20132,41.8693],[-71.2012,41.86847],[-71.2003,41.86694],[-71.19996,41.86637],[-71.19922,41.8651],[-71.1985,41.86388],[-71.19776,41.86262],[-71.19706,41.86142],[-71.19625,41.86005],[-71.1956,41.85895],[-71.19483,41.85763],[-71.19412,41.85644],[-71.1936,41.85554],[-71.19291,41.85437],[-71.19225,41.85325],[-71.19169,41.85229],[-71.19105,41.8512],[-71.19119,41.85063],[-71.19147,41.84945],[-71.19161,41.84881],[-71.19203,41.84714],[-71.19231,41.84591],[-71.19287,41.84361],[-71.19309,41.84288],[-71.19347,41.84134],[-71.19378,41.84007],[-71.19408,41.83874],[-71.19436,41.8376],[-71.19463,41.83644],[-71.19499,41.83502],[-71.19532,41.83365],[-71.19565,41.83232],[-71.19591,41.83122],[-71.19624,41.82985],[-71.19654,41.82856],[-71.19687,41.82719],[-71.19714,41.82608],[-71.19748,41.82489],[-71.19741,41.82398],[-71.19736,41.8229],[-71.1973,41.82167],[-71.19724,41.82041],[-71.1972,41.81909],[-71.19714,41.81767],[-71.19707,41.81638],[-71.19701,41.81506],[-71.19695,41.81402],[-71.1969,41.81279],[-71.19687,41.8121],[-71.19681,41.81096],[-71.19678,41.8099],[-71.1967,41.80832],[-71.19665,41.80707],[-71.19658,41.80565],[-71.19652,41.8043],[-71.19646,41.80309],[-71.1964,41.80151],[-71.19635,41.80019],[-71.19616,41.79916],[-71.19602,41.79799],[-71.19585,41.79686],[-71.19572,41.7958],[-71.19555,41.79458],[-71.19536,41.7933],[-71.1952,41.79215],[-71.19501,41.79079],[-71.19482,41.7895],[-71.1947,41.78832],[-71.19451,41.78724],[-71.19431,41.78573],[-71.1941,41.78429],[-71.19394,41.78321],[-71.19375,41.78189],[-71.19362,41.78069],[-71.19343,41.77947],[-71.19334,41.77866],[-71.19319,41.77766],[-71.19301,41.77643],[-71.19285,41.77518],[-71.19271,41.77427],[-71.19255,41.7732],[-71.19239,41.77204],[-71.1919,41.77129],[-71.19146,41.7706],[-71.19079,41.76954],[-71.18963,41.7678],[-71.18899,41.7668],[-71.18845,41.76597],[-71.18773,41.76482],[-71.18709,41.76386],[-71.18646,41.76286],[-71.18596,41.76211],[-71.18537,41.76119],[-71.18455,41.75993],[-71.18388,41.75889],[-71.18299,41.7575],[-71.18205,41.75604],[-71.1808,41.75412],[-71.18015,41.75312],[-71.17954,41.75219],[-71.1789,41.7512],[-71.17833,41.75031],[-71.17738,41.74882],[-71.17676,41.74787],[-71.17622,41.74702],[-71.17572,41.74628],[-71.17582,41.74532],[-71.17649,41.74481],[-71.17773,41.74389],[-71.17876,41.74312],[-71.17995,41.74225],[-71.18125,41.74128],[-71.18285,41.74008],[-71.18412,41.73913],[-71.18468,41.73871],[-71.185,41.73729],[-71.18526,41.73612],[-71.18554,41.73508],[-71.18472,41.73446],[-71.18317,41.73326],[-71.18184,41.73223],[-71.18161,41.73198],[-71.18127,41.73162],[-71.18144,41.73075],[-71.18149,41.7305],[-71.18159,41.73004],[-71.18162,41.72992],[-71.18183,41.72887],[-71.18199,41.72813],[-71.18236,41.7264],[-71.18264,41.72502],[-71.18293,41.72353],[-71.18313,41.72257],[-71.18341,41.72219],[-71.18451,41.72073],[-71.18526,41.71971],[-71.18607,41.71863],[-71.18665,41.71783],[-71.18751,41.71668],[-71.18823,41.71567],[-71.18881,41.71482],[-71.18936,41.71453],[-71.18963,41.71439],[-71.18982,41.7143],[-71.19067,41.71377],[-71.19094,41.71384]]}},{"type":"Feature","properties":{"id":"139378","type":"AC; OVERHEAD","status":"IN SERVICE","owner":null,"voltage":115,"voltClass":"100-161"},"geometry":{"type":"LineString","coordinates":[[-71.27057,41.98528],[-71.27023,41.98545],[-71.26867,41.98608],[-71.2675,41.98655],[-71.26601,41.98715],[-71.2651,41.98785],[-71.26413,41.98847]]}},{"type":"Feature","properties":{"id":"139761","type":"AC; OVERHEAD","status":"IN SERVICE","owner":null,"voltage":115,"voltClass":"100-161"},"geometry":{"type":"LineString","coordinates":[[-71.34219,41.91427],[-71.34226,41.91477],[-71.33988,41.91586],[-71.33761,41.91613],[-71.33512,41.91859],[-71.33358,41.92012],[-71.32907,41.92233],[-71.32442,41.92459],[-71.32324,41.92517],[-71.32278,41.92827],[-71.32019,41.9314],[-71.31634,41.93603],[-71.31361,41.93724],[-71.31067,41.94123],[-71.30672,41.94272],[-71.30597,41.94301],[-71.30442,41.94405],[-71.29971,41.94722],[-71.30098,41.95053],[-71.29928,41.95241],[-71.29853,41.95219]]}},{"type":"Feature","properties":{"id":"137104","type":"AC; OVERHEAD","status":"IN SERVICE","owner":null,"voltage":115,"voltClass":"100-161"},"geometry":{"type":"LineString","coordinates":[[-71.34884,41.80221],[-71.34877,41.80215],[-71.34853,41.80194],[-71.34773,41.80129],[-71.34637,41.80017],[-71.34603,41.79937],[-71.34463,41.79853],[-71.34317,41.79764],[-71.34189,41.79686],[-71.3408,41.7962],[-71.33975,41.79556],[-71.33863,41.79487],[-71.33762,41.79425],[-71.33649,41.79357],[-71.33527,41.79282],[-71.33408,41.7921],[-71.33285,41.79135],[-71.33204,41.7907]]}},{"type":"Feature","properties":{"id":"137242","type":"AC; OVERHEAD","status":"IN SERVICE","owner":null,"voltage":115,"voltClass":"100-161"},"geometry":{"type":"LineString","coordinates":[[-71.53636,41.97088],[-71.53654,41.97045],[-71.53339,41.96876],[-71.53269,41.9673],[-71.53084,41.96305],[-71.52975,41.95715],[-71.52624,41.93763],[-71.5236,41.92306],[-71.5269,41.92017],[-71.53051,41.90549],[-71.53143,41.90174],[-71.53136,41.90138]]}},{"type":"Feature","properties":{"id":"138871","type":"AC; OVERHEAD","status":"IN SERVICE","owner":null,"voltage":115,"voltClass":"100-161"},"geometry":{"type":"LineString","coordinates":[[-71.33204,41.7907],[-71.33147,41.79103],[-71.3307,41.79095],[-71.33062,41.79075],[-71.3306,41.79071],[-71.33033,41.79042]]}},{"type":"Feature","properties":{"id":"139097","type":"AC; OVERHEAD","status":"IN SERVICE","owner":"FITCHBURG GAS AND ELECTRIC LIGHT COMPANY","voltage":345,"voltClass":"345"},"geometry":{"type":"LineString","coordinates":[[-71.53915,41.96947],[-71.53947,41.97026],[-71.53904,41.97166],[-71.53656,41.97165],[-71.53389,41.97892],[-71.52902,41.98085],[-71.52869,41.98146],[-71.53664,41.98372],[-71.54394,41.98935],[-71.55056,41.99451],[-71.55575,41.99851],[-71.5581,42.00115],[-71.56168,42.00543],[-71.56884,42.00812],[-71.57967,42.01209],[-71.58451,42.0138],[-71.5885,42.01849],[-71.5941,42.02468],[-71.60028,42.03169],[-71.60605,42.03797],[-71.61006,42.04243],[-71.61159,42.04323],[-71.61673,42.04595],[-71.62345,42.04946],[-71.62656,42.05107],[-71.63066,42.05393],[-71.63228,42.05505],[-71.63755,42.05828],[-71.64019,42.06032],[-71.64512,42.06432],[-71.64782,42.06573],[-71.65697,42.07053],[-71.66141,42.0729],[-71.66513,42.07592],[-71.67324,42.08249],[-71.67777,42.08618],[-71.68282,42.08921],[-71.68833,42.09246],[-71.69736,42.09779],[-71.70032,42.09951],[-71.70061,42.10018],[-71.70462,42.1154],[-71.70482,42.11732],[-71.70564,42.12316],[-71.70736,42.12433],[-71.70624,42.12819],[-71.70642,42.12972],[-71.7112,42.13781],[-71.71542,42.14494],[-71.71948,42.15173],[-71.72118,42.1537],[-71.72615,42.15927],[-71.72718,42.16017],[-71.73116,42.16221],[-71.73548,42.1701],[-71.7376,42.17296],[-71.74167,42.17895],[-71.74317,42.18106],[-71.73559,42.18504],[-71.73536,42.18576],[-71.7368,42.18768],[-71.73747,42.18797]]}},{"type":"Feature","properties":{"id":"137561","type":"AC; OVERHEAD","status":"IN SERVICE","owner":null,"voltage":115,"voltClass":"100-161"},"geometry":{"type":"LineString","coordinates":[[-71.51096,41.81381],[-71.51095,41.81398],[-71.51094,41.81482],[-71.5151,41.82297],[-71.51649,41.82559],[-71.51677,41.82555],[-71.51698,41.82558],[-71.51824,41.82579],[-71.51915,41.82716],[-71.51932,41.82773]]}},{"type":"Feature","properties":{"id":"137914","type":"AC; OVERHEAD","status":"IN SERVICE","owner":null,"voltage":115,"voltClass":"100-161"},"geometry":{"type":"LineString","coordinates":[[-71.53915,41.96947],[-71.53856,41.96979],[-71.53823,41.97067],[-71.53644,41.97103]]}},{"type":"Feature","properties":{"id":"137961","type":"AC; OVERHEAD","status":"IN SERVICE","owner":null,"voltage":115,"voltClass":"100-161"},"geometry":{"type":"LineString","coordinates":[[-71.53915,41.96947],[-71.53833,41.96956],[-71.53832,41.96959],[-71.53804,41.9703],[-71.53731,41.96989],[-71.53445,41.96827],[-71.53346,41.96801],[-71.53318,41.96794],[-71.53291,41.96787],[-71.53262,41.9678],[-71.53122,41.9679],[-71.52987,41.968],[-71.52853,41.9681],[-71.52726,41.9685],[-71.52605,41.96889],[-71.52488,41.96927],[-71.5236,41.96968],[-71.52226,41.9701],[-71.52084,41.97056],[-71.51964,41.97094],[-71.51845,41.97132],[-71.51723,41.97172],[-71.51543,41.97226],[-71.51493,41.97233],[-71.51469,41.97236],[-71.51434,41.97242],[-71.51317,41.97279],[-71.51519,41.97376],[-71.51599,41.97484],[-71.51689,41.97602],[-71.51783,41.97732],[-71.51837,41.97827],[-71.51855,41.97852]]}},{"type":"Feature","properties":{"id":"137983","type":"AC; OVERHEAD","status":"IN SERVICE","owner":null,"voltage":115,"voltClass":"100-161"},"geometry":{"type":"LineString","coordinates":[[-71.46199,41.93713],[-71.46201,41.93723],[-71.46147,41.93749],[-71.46136,41.93754]]}},{"type":"Feature","properties":{"id":"140026","type":"AC; OVERHEAD","status":"IN SERVICE","owner":null,"voltage":115,"voltClass":"100-161"},"geometry":{"type":"LineString","coordinates":[[-71.29604,41.99019],[-71.2963,41.98937],[-71.29665,41.98921]]}},{"type":"Feature","properties":{"id":"140264","type":"AC; OVERHEAD","status":null,"owner":null,"voltage":345,"voltClass":"345"},"geometry":{"type":"LineString","coordinates":[[-71.66953,42.0095],[-71.66846,42.01017]]}},{"type":"Feature","properties":{"id":"140399","type":"AC; OVERHEAD","status":"IN SERVICE","owner":null,"voltage":115,"voltClass":"100-161"},"geometry":{"type":"LineString","coordinates":[[-71.5222,41.86684],[-71.52354,41.86676]]}},{"type":"Feature","properties":{"id":"140499","type":"AC; OVERHEAD","status":"IN SERVICE","owner":null,"voltage":115,"voltClass":"100-161"},"geometry":{"type":"LineString","coordinates":[[-71.33048,41.79078],[-71.33062,41.79075],[-71.33092,41.79068],[-71.33062,41.78996],[-71.32918,41.78869],[-71.3288,41.788],[-71.32825,41.78704],[-71.32764,41.78602],[-71.32705,41.78502],[-71.32654,41.78416],[-71.32592,41.78311],[-71.32531,41.78207],[-71.32486,41.78131],[-71.32389,41.78069],[-71.32277,41.77994],[-71.32187,41.77934],[-71.32129,41.77896],[-71.32117,41.77889],[-71.32082,41.77866],[-71.31976,41.77795],[-71.31864,41.77721],[-71.31727,41.77665],[-71.31594,41.7761],[-71.31463,41.77555],[-71.31315,41.77493],[-71.31209,41.77449],[-71.31113,41.77409],[-71.31012,41.77366],[-71.30864,41.77305],[-71.3071,41.7724],[-71.30609,41.77198],[-71.30507,41.77155],[-71.30406,41.77112],[-71.30281,41.7706],[-71.30175,41.77016],[-71.30044,41.76962],[-71.2992,41.7691],[-71.29766,41.76845],[-71.29635,41.76791],[-71.29499,41.76732],[-71.29425,41.7673],[-71.29271,41.76726],[-71.29135,41.76721],[-71.28986,41.76715],[-71.28857,41.76712],[-71.28706,41.76707],[-71.28576,41.76702],[-71.28233,41.76681],[-71.28219,41.7668],[-71.28096,41.76676],[-71.27942,41.76673],[-71.27811,41.76667],[-71.2768,41.76662],[-71.27724,41.76505],[-71.27753,41.76402],[-71.27788,41.7628],[-71.27822,41.76164],[-71.2785,41.76069],[-71.27868,41.76005],[-71.27823,41.75988]]}},{"type":"Feature","properties":{"id":"168308","type":null,"status":null,"owner":null,"voltage":115,"voltClass":"100-161"},"geometry":{"type":"LineString","coordinates":[[-71.6099,41.97427],[-71.6093,41.97384],[-71.60909,41.97389],[-71.59872,41.97618],[-71.59664,41.97663],[-71.5937,41.97689],[-71.5866,41.97756],[-71.5845,41.97786],[-71.58167,41.97814],[-71.5808,41.9782],[-71.57964,41.97722],[-71.57922,41.97698]]}},{"type":"Feature","properties":{"id":"140625","type":"AC; OVERHEAD","status":"IN SERVICE","owner":"FITCHBURG GAS AND ELECTRIC LIGHT COMPANY","voltage":345,"voltClass":"345"},"geometry":{"type":"LineString","coordinates":[[-71.5136,42.05955],[-71.51311,42.06044],[-71.51219,42.06135],[-71.51115,42.06243],[-71.50936,42.06299],[-71.50719,42.06363],[-71.50622,42.06509],[-71.50526,42.0664],[-71.50556,42.06797],[-71.50638,42.06909],[-71.50743,42.0705],[-71.50836,42.07175],[-71.50921,42.0714],[-71.5121,42.0702],[-71.51397,42.06941],[-71.51629,42.06844],[-71.51895,42.06733],[-71.52127,42.06636],[-71.52289,42.06565],[-71.52491,42.06517],[-71.52669,42.06472],[-71.52847,42.06428],[-71.53024,42.06292],[-71.53286,42.06093],[-71.53454,42.05966],[-71.53634,42.0583],[-71.53805,42.05695],[-71.54022,42.056],[-71.54238,42.055],[-71.54496,42.05381],[-71.54671,42.053],[-71.54839,42.05222],[-71.55036,42.05133],[-71.55244,42.05037],[-71.555,42.04919],[-71.55791,42.04781],[-71.5602,42.04781],[-71.563,42.04776],[-71.56579,42.04773],[-71.56835,42.04768],[-71.57147,42.04764],[-71.57393,42.0476],[-71.57687,42.04754],[-71.5799,42.04753],[-71.58219,42.04612],[-71.58463,42.04467],[-71.58606,42.04382],[-71.58874,42.0426],[-71.5911,42.04151],[-71.5939,42.04023],[-71.59554,42.03948],[-71.59781,42.03843],[-71.60045,42.03723],[-71.60256,42.03689],[-71.60444,42.03658],[-71.60501,42.03648],[-71.60526,42.03644],[-71.60559,42.03638],[-71.60755,42.03606],[-71.61032,42.03556],[-71.6122,42.03534],[-71.61349,42.03481],[-71.61653,42.03366],[-71.61827,42.03299],[-71.61952,42.03102],[-71.62076,42.02901],[-71.62311,42.02785],[-71.62477,42.02698],[-71.62721,42.02574],[-71.62947,42.02458],[-71.63175,42.02341],[-71.63472,42.02189],[-71.63598,42.02124],[-71.63839,42.02001],[-71.64093,42.0187],[-71.64257,42.01782],[-71.64547,42.01735],[-71.64716,42.01704],[-71.65018,42.01653],[-71.65274,42.01609],[-71.65505,42.01568],[-71.65756,42.01526],[-71.66028,42.01479],[-71.66282,42.01437],[-71.66569,42.01388],[-71.66893,42.01214],[-71.66993,42.0117],[-71.6735,42.00995]]}},{"type":"Feature","properties":{"id":"168111","type":"AC; OVERHEAD","status":"IN SERVICE","owner":null,"voltage":115,"voltClass":"100-161"},"geometry":{"type":"LineString","coordinates":[[-71.76973,41.4126],[-71.77033,41.41291],[-71.77109,41.41351],[-71.77217,41.41335],[-71.77397,41.41309],[-71.77579,41.41282],[-71.77718,41.41262],[-71.77863,41.41241],[-71.78011,41.41219],[-71.78156,41.41198],[-71.78326,41.41173],[-71.78469,41.41152],[-71.78694,41.41119],[-71.7882,41.411],[-71.78991,41.41075],[-71.79148,41.41052],[-71.79326,41.41026],[-71.79509,41.40999],[-71.79681,41.40953],[-71.79907,41.40892],[-71.80263,41.40888],[-71.80456,41.40886],[-71.80593,41.40885],[-71.80901,41.40881],[-71.81056,41.4088],[-71.81248,41.40877],[-71.81417,41.40876],[-71.81551,41.4094],[-71.81686,41.41005],[-71.81824,41.41071],[-71.81961,41.41137],[-71.82086,41.41121],[-71.82225,41.41104],[-71.82387,41.41084],[-71.82549,41.41065],[-71.82857,41.41027],[-71.82934,41.41138],[-71.83028,41.41273],[-71.83051,41.41307],[-71.83121,41.41409],[-71.83229,41.41563],[-71.83525,41.41515],[-71.83662,41.41468],[-71.83864,41.41399],[-71.84071,41.41328],[-71.84282,41.41294],[-71.84605,41.41236],[-71.84623,41.41259],[-71.8463,41.41278],[-71.84668,41.41275]]}},{"type":"Feature","properties":{"id":"175038","type":"AC; OVERHEAD","status":"IN SERVICE","owner":null,"voltage":115,"voltClass":"100-161"},"geometry":{"type":"LineString","coordinates":[[-71.70412,41.42746],[-71.7042,41.42736],[-71.70418,41.42677],[-71.70416,41.42672],[-71.70424,41.42671],[-71.70493,41.42656],[-71.70653,41.42621],[-71.70815,41.42586],[-71.7097,41.42553],[-71.71129,41.42519],[-71.71264,41.42489],[-71.71387,41.42462],[-71.7155,41.42427],[-71.71685,41.42398],[-71.71851,41.42362],[-71.72022,41.42325],[-71.72209,41.42284],[-71.72344,41.42255],[-71.72481,41.42225],[-71.72666,41.42185],[-71.7283,41.42149],[-71.72991,41.42114],[-71.73151,41.4208],[-71.73283,41.42051],[-71.73615,41.41979],[-71.73794,41.4194],[-71.74006,41.41894],[-71.74165,41.41859],[-71.74345,41.4182],[-71.74519,41.41782],[-71.74885,41.41703],[-71.75087,41.41659],[-71.75253,41.41623],[-71.75465,41.41592],[-71.75648,41.41565],[-71.75805,41.41542],[-71.75979,41.41517],[-71.76262,41.41475],[-71.76409,41.41454],[-71.76552,41.41433],[-71.76768,41.41401],[-71.7692,41.41379],[-71.77083,41.41355],[-71.77015,41.41303],[-71.76973,41.4126]]}},{"type":"Feature","properties":{"id":"122297","type":"AC; OVERHEAD","status":"IN SERVICE","owner":null,"voltage":345,"voltClass":"345"},"geometry":{"type":"LineString","coordinates":[[-71.47942,41.68328],[-71.48029,41.68383],[-71.48021,41.68428],[-71.47972,41.68493],[-71.47915,41.6857],[-71.47872,41.68686],[-71.47863,41.68954],[-71.47864,41.69379],[-71.47893,41.69434],[-71.47898,41.69442],[-71.47953,41.69525],[-71.48067,41.69701],[-71.48166,41.69852],[-71.48245,41.69892],[-71.48326,41.69933],[-71.48469,41.70006],[-71.48589,41.70067],[-71.48836,41.70192],[-71.49251,41.70403],[-71.49478,41.70518],[-71.49591,41.70576],[-71.49725,41.70644],[-71.49831,41.70698],[-71.49967,41.70767],[-71.50211,41.7089],[-71.50351,41.70961],[-71.50454,41.71014],[-71.50556,41.71065],[-71.50699,41.71138],[-71.5085,41.71215],[-71.50742,41.71363],[-71.50723,41.71446],[-71.50617,41.71629],[-71.50646,41.7176],[-71.50678,41.71903],[-71.50715,41.72068],[-71.50742,41.7219],[-71.50773,41.72327],[-71.5083,41.72477],[-71.50904,41.7269],[-71.50934,41.72844],[-71.50977,41.73031],[-71.5099,41.73109],[-71.51126,41.73343],[-71.51287,41.73593],[-71.51381,41.73739],[-71.51451,41.73848],[-71.51504,41.73931],[-71.51586,41.74058],[-71.51638,41.74216],[-71.51689,41.74371],[-71.51741,41.74527],[-71.51785,41.74662],[-71.51819,41.74763],[-71.51876,41.74937],[-71.51917,41.75063],[-71.5197,41.75222],[-71.52021,41.75376],[-71.52046,41.75454],[-71.52058,41.75489],[-71.52104,41.75629],[-71.52142,41.75743],[-71.52184,41.75873],[-71.52225,41.75995],[-71.52272,41.76139],[-71.5232,41.76285],[-71.52381,41.7647],[-71.52408,41.76618],[-71.52396,41.76809],[-71.52386,41.76964],[-71.52377,41.77108],[-71.52369,41.77237],[-71.52357,41.77417],[-71.52346,41.77585],[-71.5234,41.77683],[-71.52333,41.77799],[-71.52321,41.77976],[-71.52311,41.78139],[-71.523,41.78308],[-71.5229,41.78464],[-71.52278,41.78629],[-71.5227,41.78773],[-71.52261,41.78925],[-71.52253,41.79039],[-71.5224,41.79223],[-71.52166,41.79319],[-71.52092,41.79413],[-71.5195,41.79595],[-71.518,41.79788],[-71.51767,41.79859],[-71.51708,41.79989],[-71.51659,41.80097],[-71.51616,41.80191],[-71.51592,41.80244],[-71.51572,41.80288],[-71.51501,41.80443],[-71.51461,41.80533],[-71.51408,41.80648],[-71.51381,41.80708],[-71.51345,41.80787],[-71.51271,41.80951],[-71.5121,41.81085],[-71.51139,41.81241],[-71.51136,41.81374],[-71.51135,41.8147],[-71.51213,41.81623],[-71.51277,41.81749],[-71.51337,41.81867],[-71.51404,41.81998],[-71.51468,41.82125],[-71.51551,41.82287],[-71.5161,41.82402],[-71.51681,41.82543],[-71.51692,41.82564],[-71.51699,41.82578],[-71.51749,41.82675],[-71.51869,41.82911],[-71.5189,41.82953],[-71.51902,41.82975],[-71.52003,41.83145],[-71.5207,41.83257],[-71.52125,41.83349],[-71.52185,41.83448],[-71.52257,41.83568],[-71.52332,41.83693],[-71.52376,41.83767],[-71.52428,41.83854],[-71.52524,41.84014],[-71.52557,41.84069],[-71.52516,41.84197],[-71.52462,41.84369],[-71.52407,41.84542],[-71.52389,41.84601],[-71.52356,41.84703],[-71.52324,41.84805],[-71.52269,41.84979],[-71.52194,41.85217],[-71.52136,41.85399],[-71.52077,41.85586],[-71.52064,41.85628],[-71.521,41.85745],[-71.52151,41.8591],[-71.52192,41.86039],[-71.52219,41.86125],[-71.52265,41.86275],[-71.52302,41.86393],[-71.52353,41.86556],[-71.52393,41.86684],[-71.52429,41.86799],[-71.52469,41.86929],[-71.52506,41.87046],[-71.52567,41.87243],[-71.52601,41.87353],[-71.52661,41.87543],[-71.52686,41.87667],[-71.52709,41.87781],[-71.52738,41.87926],[-71.52766,41.88061],[-71.52798,41.88218],[-71.52819,41.88324],[-71.52822,41.88338],[-71.52853,41.88493],[-71.52876,41.88606],[-71.52919,41.88817],[-71.52934,41.88889],[-71.52956,41.88999],[-71.5299,41.89166],[-71.53019,41.89309],[-71.53055,41.89486],[-71.53077,41.89596],[-71.53093,41.89676],[-71.53115,41.89784],[-71.53136,41.89887],[-71.53174,41.90074],[-71.53194,41.90173],[-71.5317,41.90271],[-71.53136,41.90409],[-71.53059,41.90724],[-71.53009,41.90926],[-71.52985,41.91026],[-71.52955,41.91148],[-71.52922,41.91282],[-71.52901,41.91368],[-71.52858,41.9154],[-71.52815,41.91716],[-71.52783,41.91848],[-71.52737,41.92034],[-71.52626,41.9213],[-71.52496,41.92242],[-71.5241,41.92317],[-71.52428,41.92417],[-71.5246,41.92596],[-71.52489,41.92763],[-71.52506,41.92858],[-71.52522,41.92946],[-71.52547,41.93086],[-71.5257,41.93217],[-71.52607,41.9342],[-71.52638,41.93599],[-71.52667,41.93759],[-71.52697,41.93926],[-71.52729,41.94108],[-71.5276,41.94283],[-71.5279,41.94448],[-71.52814,41.94585],[-71.52847,41.94769],[-71.52864,41.94865],[-71.52885,41.9498],[-71.52917,41.95162],[-71.52952,41.95355],[-71.52982,41.95525],[-71.53015,41.95711],[-71.53054,41.95931],[-71.53071,41.96025],[-71.53097,41.96171],[-71.53121,41.96302],[-71.53169,41.96411],[-71.53227,41.9654],[-71.53305,41.96713],[-71.53475,41.96806],[-71.53743,41.96952],[-71.53787,41.96913],[-71.53876,41.96887],[-71.53915,41.96947]]}},{"type":"Feature","properties":{"id":"108714","type":"AC; OVERHEAD","status":"IN SERVICE","owner":null,"voltage":115,"voltClass":"100-161"},"geometry":{"type":"LineString","coordinates":[[-71.47288,41.69661],[-71.47335,41.69679],[-71.47509,41.69673],[-71.47934,41.69585],[-71.4813,41.69881],[-71.50782,41.71226],[-71.50723,41.71308],[-71.50565,41.71627],[-71.50727,41.72336],[-71.50775,41.7248],[-71.50946,41.7311],[-71.51535,41.7407],[-71.51825,41.74947],[-71.52075,41.75709]]}},{"type":"Feature","properties":{"id":"143763","type":"AC; OVERHEAD","status":"IN SERVICE","owner":null,"voltage":115,"voltClass":"100-161"},"geometry":{"type":"LineString","coordinates":[[-71.52079,41.75695],[-71.51833,41.74946],[-71.51544,41.74068],[-71.50958,41.7311],[-71.50791,41.72483],[-71.5074,41.72334],[-71.50574,41.71628],[-71.50731,41.7131],[-71.50794,41.71224],[-71.48137,41.69876],[-71.47939,41.69578],[-71.47507,41.69667],[-71.47342,41.69667],[-71.47288,41.69661]]}},{"type":"Feature","properties":{"id":"134398","type":"AC; OVERHEAD","status":"IN SERVICE","owner":null,"voltage":345,"voltClass":"345"},"geometry":{"type":"LineString","coordinates":[[-71.47942,41.68328],[-71.48003,41.68379],[-71.47991,41.6844],[-71.47906,41.68554],[-71.4785,41.68685],[-71.47848,41.69294],[-71.4785,41.69385],[-71.47891,41.69452],[-71.47957,41.69557],[-71.48057,41.69713],[-71.48154,41.69863],[-71.48319,41.69946],[-71.48457,41.70017],[-71.48576,41.70077],[-71.48688,41.70134],[-71.48824,41.70203],[-71.4899,41.70287],[-71.49109,41.70348],[-71.49243,41.70415],[-71.49375,41.70482],[-71.49448,41.7052],[-71.49579,41.70586],[-71.49735,41.70665],[-71.49824,41.7071],[-71.49897,41.70747],[-71.50001,41.708],[-71.50202,41.70902],[-71.5033,41.70967],[-71.50425,41.71016],[-71.50549,41.71079],[-71.50685,41.71147],[-71.50828,41.7122],[-71.50789,41.71283],[-71.50731,41.71364],[-71.50703,41.71436],[-71.50601,41.71633],[-71.5063,41.71763],[-71.50651,41.71858],[-71.50679,41.7198],[-71.50707,41.72104],[-71.50728,41.72197],[-71.50764,41.72332],[-71.50818,41.72475],[-71.50889,41.72689],[-71.50921,41.7284],[-71.50963,41.73023],[-71.50975,41.7311],[-71.51228,41.7352],[-71.51571,41.74063],[-71.52104,41.75687],[-71.52368,41.76476],[-71.52388,41.76623],[-71.52316,41.77767],[-71.52315,41.77783],[-71.52253,41.78774],[-71.52227,41.79215],[-71.52162,41.79299],[-71.52086,41.79396],[-71.52016,41.79485],[-71.51944,41.79577],[-71.51806,41.79754],[-71.51782,41.79785],[-71.51749,41.79856],[-71.51689,41.79987],[-71.51641,41.80093],[-71.51598,41.80186],[-71.51574,41.80238],[-71.51563,41.80261],[-71.51532,41.80329],[-71.51487,41.80429],[-71.51442,41.80525],[-71.5138,41.80661],[-71.51345,41.80737],[-71.51227,41.80995],[-71.51179,41.81099],[-71.51124,41.8122],[-71.51122,41.81358],[-71.51121,41.81399],[-71.5112,41.81473],[-71.51147,41.81526],[-71.51198,41.81627],[-71.51262,41.81752],[-71.5131,41.81845],[-71.51347,41.81919],[-71.5139,41.82003],[-71.51447,41.82114],[-71.5149,41.82198],[-71.51557,41.82331],[-71.51613,41.82439],[-71.51662,41.82536],[-71.51839,41.82886],[-71.51985,41.83138],[-71.5254,41.84069],[-71.52052,41.85629],[-71.52422,41.86814],[-71.52651,41.87548],[-71.52768,41.88128],[-71.53178,41.90173],[-71.52906,41.9128],[-71.52722,41.92028],[-71.52399,41.92314],[-71.52451,41.92606],[-71.52609,41.9347],[-71.52854,41.94859],[-71.52909,41.95166],[-71.53113,41.96301],[-71.5316,41.96413],[-71.53298,41.96721],[-71.53742,41.96963],[-71.53783,41.9694],[-71.53876,41.96898],[-71.53915,41.96947]]}},{"type":"Feature","properties":{"id":"167010","type":"AC; OVERHEAD","status":"IN SERVICE","owner":null,"voltage":115,"voltClass":"100-161"},"geometry":{"type":"LineString","coordinates":[[-71.31964,41.51101],[-71.31964,41.51122],[-71.31936,41.51237],[-71.31772,41.51242],[-71.31696,41.51375],[-71.31598,41.51517],[-71.3148,41.517],[-71.31367,41.51805],[-71.31317,41.51881],[-71.31274,41.51906],[-71.31225,41.51925],[-71.31176,41.51942],[-71.31115,41.51952],[-71.31063,41.51939],[-71.30907,41.51925],[-71.30292,41.51851],[-71.30046,41.51825],[-71.3001,41.51817],[-71.29991,41.51878],[-71.29984,41.51886],[-71.29866,41.52222],[-71.29827,41.52345],[-71.29829,41.5239],[-71.29781,41.52523],[-71.29758,41.52576],[-71.29696,41.52674],[-71.29591,41.52838],[-71.29425,41.53054],[-71.29393,41.53103],[-71.29279,41.53463],[-71.29189,41.53752],[-71.2917,41.53834],[-71.29164,41.53879],[-71.29024,41.53905],[-71.28961,41.53917],[-71.28944,41.53921],[-71.28928,41.54077],[-71.28921,41.54112],[-71.28915,41.54146],[-71.28909,41.54182],[-71.28902,41.54216],[-71.28896,41.54247],[-71.28864,41.54245],[-71.28812,41.54241],[-71.28771,41.54239],[-71.28727,41.54235],[-71.28681,41.54232],[-71.28637,41.54229],[-71.28587,41.54226],[-71.28581,41.54266],[-71.28575,41.543],[-71.28569,41.54334],[-71.28564,41.54369],[-71.28558,41.54404],[-71.28552,41.54437],[-71.28546,41.54473],[-71.28539,41.54503],[-71.28496,41.54508],[-71.2845,41.54514],[-71.28403,41.54519],[-71.28355,41.54524],[-71.2826,41.54535],[-71.28167,41.54544],[-71.28117,41.54549],[-71.28073,41.54555],[-71.28026,41.54562],[-71.27967,41.54584],[-71.27937,41.54611],[-71.27879,41.54617],[-71.27844,41.54638]]}},{"type":"Feature","properties":{"id":"172514","type":"AC; OVERHEAD","status":"IN SERVICE","owner":null,"voltage":115,"voltClass":"100-161"},"geometry":{"type":"LineString","coordinates":[[-71.29609,41.51781],[-71.29616,41.51797],[-71.29477,41.51837],[-71.29345,41.51879],[-71.29328,41.51914],[-71.29506,41.52257],[-71.2953,41.52292],[-71.29574,41.5231],[-71.29638,41.52342],[-71.29676,41.52354],[-71.29801,41.52379],[-71.29809,41.52376]]}},{"type":"Feature","properties":{"id":"165926","type":"AC; OVERHEAD","status":"IN SERVICE","owner":null,"voltage":115,"voltClass":"100-161"},"geometry":{"type":"LineString","coordinates":[[-71.29809,41.52376],[-71.29839,41.52381],[-71.29789,41.52519],[-71.29765,41.52578],[-71.29706,41.52677],[-71.296,41.52842],[-71.29435,41.53058],[-71.29403,41.53106],[-71.29289,41.53465],[-71.292,41.53754],[-71.2918,41.53835],[-71.29175,41.53886],[-71.29026,41.53913],[-71.28963,41.53925],[-71.28954,41.53927],[-71.28939,41.54077],[-71.28932,41.54113],[-71.28926,41.54147],[-71.28919,41.54183],[-71.28913,41.54217],[-71.28906,41.54256],[-71.28863,41.54253],[-71.28811,41.54249],[-71.2877,41.54247],[-71.28726,41.54243],[-71.2868,41.5424],[-71.28636,41.54237],[-71.28597,41.54234],[-71.28592,41.54267],[-71.28586,41.54301],[-71.2858,41.54335],[-71.28574,41.5437],[-71.28569,41.54405],[-71.28563,41.54438],[-71.28556,41.54474],[-71.28548,41.5451],[-71.28497,41.54516],[-71.28452,41.54522],[-71.28405,41.54527],[-71.28356,41.54532],[-71.28262,41.54543],[-71.28168,41.54552],[-71.28118,41.54557],[-71.28075,41.54563],[-71.2803,41.5457],[-71.27979,41.54589],[-71.27938,41.54613],[-71.27879,41.54621],[-71.27844,41.54638]]}},{"type":"Feature","properties":{"id":"172515","type":"AC; OVERHEAD","status":"IN SERVICE","owner":null,"voltage":115,"voltClass":"100-161"},"geometry":{"type":"LineString","coordinates":[[-71.29809,41.52376],[-71.29821,41.52342],[-71.29855,41.5222],[-71.29973,41.51884],[-71.29981,41.51877],[-71.30002,41.51807],[-71.30048,41.51817],[-71.30294,41.51843],[-71.30906,41.51917],[-71.31066,41.51931],[-71.31116,41.51944],[-71.31173,41.51934],[-71.3122,41.51918],[-71.31268,41.51899],[-71.31308,41.51876],[-71.31358,41.51801],[-71.3147,41.51695],[-71.31588,41.51513],[-71.31686,41.51372],[-71.31764,41.51234],[-71.31927,41.5123],[-71.31953,41.51121],[-71.31964,41.51101]]}},{"type":"Feature","properties":{"id":"134452","type":"AC; OVERHEAD","status":"IN SERVICE","owner":null,"voltage":115,"voltClass":"100-161"},"geometry":{"type":"LineString","coordinates":[[-71.44579,41.98071],[-71.44591,41.98088],[-71.44669,41.98169],[-71.44853,41.98268],[-71.45027,41.98382],[-71.45332,41.98549],[-71.45514,41.98573],[-71.45688,41.98614],[-71.45853,41.98699],[-71.46055,41.98804],[-71.4618,41.98868],[-71.463,41.98931],[-71.46536,41.99054],[-71.46724,41.99152],[-71.46898,41.99242],[-71.47076,41.99334],[-71.47242,41.99423],[-71.47273,41.9944],[-71.47666,41.9964],[-71.4781,41.99714],[-71.48128,41.99765],[-71.48378,41.99804],[-71.49128,41.99801],[-71.49394,41.99822],[-71.49594,41.99968],[-71.4971,42.00091],[-71.49723,42.00182],[-71.49872,42.00329],[-71.49986,42.00421],[-71.50084,42.00532],[-71.50135,42.00582],[-71.50284,42.00628],[-71.50391,42.00643],[-71.50439,42.00631],[-71.50595,42.00583],[-71.50749,42.00441],[-71.50778,42.00409]]}},{"type":"Feature","properties":{"id":"110129","type":"AC; OVERHEAD","status":"IN SERVICE","owner":null,"voltage":115,"voltClass":"100-161"},"geometry":{"type":"LineString","coordinates":[[-71.38479,41.91315],[-71.38466,41.91415],[-71.38358,41.91578],[-71.38242,41.9177],[-71.38155,41.91806],[-71.37947,41.91892],[-71.37765,41.91999],[-71.37896,41.92192],[-71.38046,41.92457],[-71.38171,41.92644],[-71.38196,41.9268],[-71.38281,41.92801],[-71.38368,41.92926],[-71.38509,41.93061],[-71.38651,41.93197],[-71.38779,41.9332],[-71.38927,41.93462],[-71.39073,41.93601],[-71.39187,41.9371],[-71.3929,41.93809],[-71.39546,41.93899],[-71.39824,41.94],[-71.40075,41.94091],[-71.40284,41.94167],[-71.40484,41.94238],[-71.40685,41.94309],[-71.40972,41.94412],[-71.41215,41.94499],[-71.41381,41.94559],[-71.41559,41.94627],[-71.41713,41.94765],[-71.41826,41.94867],[-71.41961,41.94988],[-71.42178,41.95043],[-71.42466,41.95116],[-71.42601,41.95238],[-71.42784,41.95401],[-71.42938,41.9554],[-71.43172,41.9575],[-71.43405,41.9596],[-71.43626,41.96157],[-71.43903,41.96406],[-71.43975,41.96571],[-71.44045,41.96731],[-71.44112,41.96883],[-71.44177,41.97033],[-71.44246,41.9719],[-71.4433,41.97382],[-71.44407,41.97557],[-71.44468,41.97696],[-71.44558,41.97902],[-71.44652,41.98118],[-71.44662,41.98148],[-71.44676,41.98163],[-71.44859,41.98262],[-71.45039,41.98368],[-71.45343,41.98537],[-71.45517,41.98566],[-71.45693,41.98606],[-71.4586,41.98692],[-71.46061,41.98797],[-71.46186,41.98862],[-71.46306,41.98925],[-71.46543,41.99048],[-71.4673,41.99145],[-71.46904,41.99236],[-71.47082,41.99327],[-71.47248,41.99416],[-71.4728,41.99433],[-71.47672,41.99634],[-71.47814,41.99707],[-71.48131,41.99758],[-71.48379,41.99796],[-71.49131,41.99788],[-71.49399,41.99815],[-71.49602,41.99963],[-71.4972,42.00088],[-71.49733,42.00179],[-71.4988,42.00324],[-71.49994,42.00416],[-71.50093,42.00527],[-71.50142,42.00575],[-71.50287,42.0062],[-71.5039,42.00635],[-71.50434,42.00624],[-71.50564,42.00561],[-71.50743,42.00435],[-71.50778,42.00409]]}},{"type":"Feature","properties":{"id":"118215","type":"AC; OVERHEAD","status":"IN SERVICE","owner":null,"voltage":115,"voltClass":"100-161"},"geometry":{"type":"LineString","coordinates":[[-71.364,41.86539],[-71.36399,41.86504],[-71.36413,41.86424],[-71.36405,41.86204],[-71.36393,41.8598],[-71.36359,41.85635],[-71.36353,41.85381],[-71.36388,41.8527],[-71.3652,41.85111],[-71.36541,41.85069],[-71.36575,41.84967],[-71.36679,41.84626],[-71.36711,41.84513],[-71.36671,41.84517]]}},{"type":"Feature","properties":{"id":"125459","type":"OVERHEAD","status":null,"owner":null,"voltage":115,"voltClass":"100-161"},"geometry":{"type":"LineString","coordinates":[[-71.52373,41.80336],[-71.5231,41.80276]]}},{"type":"Feature","properties":{"id":"135565","type":"AC; OVERHEAD","status":"IN SERVICE","owner":null,"voltage":115,"voltClass":"100-161"},"geometry":{"type":"LineString","coordinates":[[-71.63233,41.43847],[-71.63209,41.43857],[-71.63169,41.43862],[-71.63162,41.43828],[-71.63085,41.43841],[-71.62937,41.43866],[-71.62786,41.43891],[-71.62607,41.43921],[-71.62443,41.43948],[-71.62305,41.43971],[-71.62165,41.43994],[-71.62024,41.44018],[-71.61847,41.44047],[-71.61687,41.44074],[-71.61527,41.441],[-71.61401,41.44194],[-71.61281,41.44283],[-71.61159,41.44375],[-71.61067,41.44443],[-71.60944,41.44535],[-71.60822,41.44626],[-71.60697,41.4472],[-71.598,41.45389],[-71.59678,41.4548],[-71.59547,41.45578],[-71.59408,41.45681],[-71.59293,41.45767],[-71.59175,41.45855],[-71.59059,41.45942],[-71.58938,41.46032],[-71.58828,41.46114],[-71.58706,41.46206],[-71.58595,41.46289],[-71.58474,41.46379],[-71.58329,41.46487],[-71.58198,41.46585],[-71.5807,41.4668],[-71.57894,41.46672],[-71.57714,41.46664],[-71.57529,41.46656],[-71.57403,41.46651],[-71.57392,41.4665]]}}]}