{"type":"FeatureCollection","features":[{"type":"Feature","properties":{"multiple":true},"geometry":{"type":"MultiPolygon","coordinates":[[[[-91.3,29.454],[-91.304,29.46],[-91.298,29.463],[-91.3,29.454]]],[[[-91.59,29.645],[-91.584,29.636],[-91.623,29.626],[-91.663,29.632],[-91.638,29.643],[-91.609,29.636],[-91.594,29.649],[-91.59,29.645]]],[[[-85.121,29.688],[-85.094,29.685],[-85.08,29.675],[-85.104,29.68],[-85.084,29.671],[-85.067,29.673],[-85.082,29.666],[-85.097,29.633],[-85.129,29.629],[-85.182,29.663],[-85.223,29.678],[-85.155,29.679],[-85.121,29.688]]],[[[-85.371,29.702],[-85.37,29.696],[-85.377,29.709],[-85.371,29.702]]],[[[-81.936,30.827],[-81.928,30.817],[-81.909,30.816],[-81.901,30.83],[-81.892,30.825],[-81.883,30.801],[-81.869,30.793],[-81.806,30.79],[-81.798,30.782],[-81.793,30.787],[-81.782,30.761],[-81.771,30.764],[-81.769,30.777],[-81.741,30.765],[-81.742,30.758],[-81.721,30.745],[-81.693,30.748],[-81.672,30.739],[-81.669,30.746],[-81.683,30.748],[-81.662,30.754],[-81.664,30.744],[-81.652,30.743],[-81.652,30.728],[-81.638,30.734],[-81.63,30.728],[-81.624,30.736],[-81.623,30.723],[-81.611,30.716],[-81.601,30.73],[-81.596,30.718],[-81.575,30.723],[-81.563,30.712],[-81.548,30.718],[-81.542,30.709],[-81.535,30.709],[-81.533,30.724],[-81.487,30.726],[-81.473,30.713],[-81.425,30.701],[-81.443,30.601],[-81.435,30.515],[-81.457,30.534],[-81.47,30.526],[-81.454,30.517],[-81.457,30.512],[-81.432,30.487],[-81.411,30.482],[-81.406,30.433],[-81.419,30.415],[-81.408,30.407],[-81.408,30.419],[-81.394,30.398],[-81.424,30.403],[-81.449,30.381],[-81.47,30.393],[-81.513,30.393],[-81.558,30.386],[-81.553,30.376],[-81.613,30.407],[-81.637,30.394],[-81.644,30.407],[-81.601,30.418],[-81.582,30.412],[-81.588,30.516],[-81.598,30.533],[-81.615,30.543],[-81.622,30.537],[-81.62,30.566],[-81.606,30.586],[-81.65,30.577],[-81.664,30.559],[-81.662,30.551],[-81.673,30.557],[-81.667,30.561],[-81.674,30.567],[-81.696,30.563],[-81.697,30.57],[-81.705,30.564],[-81.723,30.572],[-81.726,30.56],[-81.737,30.557],[-81.738,30.535],[-81.765,30.532],[-81.765,30.518],[-81.739,30.494],[-81.757,30.477],[-81.761,30.436],[-81.733,30.419],[-81.733,30.386],[-81.724,30.371],[-81.76,30.372],[-81.761,30.336],[-81.771,30.315],[-81.899,30.304],[-81.895,30.286],[-81.916,30.274],[-81.92,30.26],[-81.91,30.246],[-81.941,30.245],[-81.941,30.218],[-81.933,30.222],[-81.933,30.209],[-81.921,30.208],[-81.917,30.198],[-81.925,30.186],[-81.924,30.15],[-81.917,30.139],[-81.96,30.155],[-81.977,30.153],[-81.978,30.142],[-81.967,30.136],[-81.97,30.109],[-81.983,30.114],[-81.984,30.084],[-81.991,30.087],[-81.99,30.072],[-81.979,30.066],[-81.981,30.055],[-82.049,30.056],[-82.048,29.994],[-82.074,29.993],[-82.085,30.009],[-82.103,30.005],[-82.107,30.015],[-82.145,30.014],[-82.154,30.023],[-82.139,30.025],[-82.134,30.036],[-82.152,30.031],[-82.153,30.042],[-82.166,30.04],[-82.184,30.067],[-82.22,30.039],[-82.19,30.026],[-82.2,30.028],[-82.204,30.019],[-82.243,30.022],[-82.231,29.999],[-82.264,29.962],[-82.288,29.981],[-82.307,29.956],[-82.341,29.962],[-82.345,29.946],[-82.359,29.933],[-82.422,29.92],[-82.436,29.931],[-82.471,29.926],[-82.484,29.94],[-82.509,29.945],[-82.526,29.945],[-82.543,29.925],[-82.559,29.927],[-82.583,29.99],[-82.603,30.003],[-82.629,30.07],[-82.64,30.074],[-82.64,30.091],[-82.657,30.12],[-82.667,30.12],[-82.662,30.128],[-82.677,30.159],[-82.668,30.158],[-82.662,30.171],[-82.673,30.162],[-82.686,30.18],[-82.795,30.203],[-82.794,30.226],[-82.77,30.223],[-82.774,30.249],[-82.795,30.249],[-82.795,30.274],[-82.762,30.268],[-82.758,30.274],[-82.779,30.293],[-82.795,30.293],[-82.803,30.314],[-82.821,30.315],[-82.81,30.32],[-82.833,30.347],[-82.845,30.341],[-82.852,30.357],[-82.854,30.352],[-82.872,30.366],[-82.885,30.365],[-82.893,30.373],[-82.89,30.387],[-82.881,30.395],[-82.871,30.392],[-82.865,30.407],[-82.851,30.398],[-82.832,30.402],[-82.819,30.39],[-82.802,30.406],[-82.807,30.409],[-82.8,30.422],[-82.792,30.422],[-82.773,30.393],[-82.755,30.387],[-82.747,30.366],[-82.718,30.39],[-82.718,30.398],[-82.683,30.396],[-82.685,30.429],[-82.669,30.444],[-82.673,30.449],[-82.662,30.45],[-82.681,30.462],[-82.677,30.472],[-82.702,30.478],[-82.697,30.49],[-82.706,30.492],[-82.705,30.503],[-82.715,30.505],[-82.718,30.521],[-82.723,30.517],[-82.728,30.525],[-82.728,30.531],[-82.714,30.532],[-82.725,30.565],[-82.718,30.563],[-82.689,30.598],[-82.216,30.569],[-82.234,30.558],[-82.24,30.537],[-82.227,30.51],[-82.201,30.485],[-82.211,30.425],[-82.191,30.376],[-82.185,30.379],[-82.162,30.357],[-82.128,30.368],[-82.105,30.369],[-82.067,30.356],[-82.042,30.365],[-82.036,30.386],[-82.044,30.415],[-82.034,30.42],[-82.04,30.437],[-82.028,30.447],[-82.017,30.475],[-82.019,30.533],[-82.005,30.564],[-82.012,30.595],[-82.027,30.606],[-82.028,30.623],[-82.031,30.619],[-82.049,30.655],[-82.05,30.677],[-82.036,30.706],[-82.046,30.728],[-82.037,30.755],[-82.027,30.751],[-82.011,30.762],[-82.023,30.788],[-82.007,30.793],[-81.977,30.777],[-81.962,30.797],[-81.965,30.817],[-81.95,30.828],[-81.936,30.827]]],[[[-85.114,31.773],[-85.091,31.729],[-85.073,31.737],[-85.051,31.759],[-85.049,31.771],[-85.005,31.779],[-85.017,31.775],[-85.017,31.744],[-85.045,31.749],[-85.046,31.689],[-85.027,31.692],[-85.015,31.707],[-84.988,31.707],[-84.991,31.717],[-84.978,31.735],[-84.923,31.73],[-84.921,31.691],[-84.933,31.688],[-84.931,31.655],[-84.943,31.656],[-84.942,31.617],[-84.96,31.609],[-84.946,31.594],[-84.899,31.594],[-84.884,31.602],[-84.828,31.598],[-84.818,31.602],[-84.818,31.62],[-84.778,31.62],[-84.777,31.612],[-84.789,31.61],[-84.792,31.6],[-84.774,31.594],[-84.768,31.605],[-84.755,31.596],[-84.748,31.6],[-84.751,31.62],[-84.656,31.62],[-84.656,31.63],[-84.647,31.617],[-84.648,31.585],[-84.637,31.584],[-84.637,31.571],[-84.656,31.566],[-84.658,31.557],[-84.691,31.556],[-84.691,31.517],[-84.664,31.518],[-84.654,31.526],[-84.628,31.505],[-84.61,31.513],[-84.61,31.505],[-84.594,31.495],[-84.598,31.463],[-84.592,31.433],[-84.56,31.43],[-84.569,31.412],[-84.566,31.4],[-84.586,31.393],[-84.565,31.376],[-84.591,31.377],[-84.588,31.364],[-84.598,31.366],[-84.6,31.294],[-84.61,31.285],[-84.61,31.258],[-84.537,31.256],[-84.538,31.221],[-84.473,31.214],[-84.475,31.204],[-84.467,31.199],[-84.473,31.177],[-84.462,31.166],[-84.42,31.198],[-84.42,31.186],[-84.414,31.187],[-84.404,31.199],[-84.406,31.219],[-84.366,31.24],[-84.36,31.259],[-84.341,31.277],[-84.339,31.307],[-84.317,31.311],[-84.312,31.324],[-84.277,31.329],[-84.267,31.342],[-84.255,31.335],[-84.244,31.343],[-84.234,31.34],[-84.225,31.354],[-84.217,31.316],[-84.074,31.316],[-84.069,31.333],[-84.053,31.335],[-84.038,31.318],[-84.014,31.313],[-84,31.295],[-84.028,31.312],[-84.034,31.312],[-84.025,31.297],[-84.096,31.298],[-84.097,31.262],[-84.075,31.263],[-84.077,31.247],[-84.099,31.243],[-84.092,31.199],[-84.148,31.21],[-84.148,31.188],[-84.172,31.184],[-84.164,31.173],[-84.17,31.161],[-84.192,31.185],[-84.191,31.156],[-84.212,31.157],[-84.202,31.173],[-84.23,31.179],[-84.245,31.13],[-84.266,31.134],[-84.269,31.123],[-84.3,31.133],[-84.305,31.114],[-84.327,31.092],[-84.336,31.112],[-84.333,31.134],[-84.351,31.12],[-84.35,31.096],[-84.382,31.096],[-84.375,31.079],[-84.414,31.079],[-84.415,31.068],[-84.475,31.006],[-84.451,31.009],[-84.438,30.996],[-84.44,30.987],[-84.472,30.98],[-84.472,30.945],[-84.483,30.942],[-84.483,30.908],[-84.496,30.907],[-84.481,30.874],[-84.49,30.866],[-84.483,30.854],[-84.468,30.851],[-84.547,30.802],[-84.548,30.749],[-84.586,30.752],[-84.551,30.704],[-84.531,30.696],[-84.733,30.702],[-84.736,30.643],[-84.714,30.646],[-84.716,30.636],[-84.699,30.621],[-84.661,30.615],[-84.67,30.604],[-84.665,30.593],[-84.64,30.591],[-84.652,30.606],[-84.62,30.608],[-84.597,30.597],[-84.574,30.599],[-84.554,30.584],[-84.52,30.588],[-84.51,30.553],[-84.517,30.527],[-84.496,30.511],[-84.517,30.49],[-84.475,30.488],[-84.475,30.477],[-84.464,30.477],[-84.464,30.491],[-84.456,30.483],[-84.436,30.488],[-84.407,30.473],[-84.46,30.456],[-84.494,30.461],[-84.5,30.452],[-84.52,30.452],[-84.53,30.44],[-84.559,30.433],[-84.562,30.438],[-84.59,30.412],[-84.624,30.41],[-84.648,30.395],[-84.647,30.388],[-84.681,30.388],[-84.681,30.417],[-84.714,30.417],[-84.714,30.46],[-84.781,30.46],[-84.782,30.517],[-84.791,30.517],[-84.821,30.503],[-84.825,30.482],[-84.853,30.452],[-84.899,30.441],[-84.893,30.43],[-84.899,30.416],[-84.932,30.416],[-84.928,30.385],[-84.893,30.379],[-84.863,30.358],[-84.907,30.302],[-84.896,30.27],[-84.904,30.253],[-84.891,30.219],[-84.989,30.132],[-84.984,30.034],[-84.969,30.034],[-84.969,30.014],[-85.008,30.014],[-85.025,29.972],[-85.018,29.951],[-85.026,29.953],[-85.029,29.932],[-85.042,29.931],[-85.048,29.91],[-85.054,29.91],[-85.033,29.83],[-85.01,29.821],[-85.01,29.798],[-85.02,29.795],[-85.014,29.793],[-85.018,29.783],[-85.007,29.778],[-85.009,29.759],[-84.965,29.74],[-84.99,29.747],[-84.985,29.737],[-84.972,29.735],[-84.983,29.731],[-84.981,29.721],[-84.991,29.715],[-85.036,29.708],[-85.072,29.719],[-85.117,29.717],[-85.262,29.686],[-85.221,29.685],[-85.233,29.677],[-85.324,29.681],[-85.348,29.669],[-85.347,29.657],[-85.377,29.69],[-85.396,29.732],[-85.417,29.816],[-85.411,29.86],[-85.39,29.874],[-85.411,29.829],[-85.41,29.802],[-85.404,29.765],[-85.393,29.758],[-85.389,29.73],[-85.372,29.691],[-85.363,29.691],[-85.364,29.679],[-85.311,29.689],[-85.301,29.799],[-85.317,29.839],[-85.338,29.851],[-85.365,29.9],[-85.403,29.937],[-85.431,29.95],[-85.422,29.967],[-85.399,29.954],[-85.39,29.959],[-85.389,30.034],[-85.402,30.043],[-85.392,30.052],[-85.4,30.05],[-85.403,30.062],[-85.403,30.053],[-85.416,30.048],[-85.437,30.059],[-85.431,30.08],[-85.417,30.094],[-85.42,30.108],[-85.419,30.094],[-85.438,30.073],[-85.442,30.048],[-85.456,30.029],[-85.484,30.034],[-85.486,30.062],[-85.495,30.072],[-85.485,30.085],[-85.491,30.093],[-85.484,30.096],[-85.523,30.093],[-85.525,30.118],[-85.539,30.129],[-85.554,30.129],[-85.561,30.121],[-85.565,30.143],[-85.574,30.138],[-85.563,30.13],[-85.568,30.119],[-85.593,30.118],[-85.604,30.105],[-85.591,30.125],[-85.602,30.118],[-85.598,30.127],[-85.611,30.126],[-85.616,30.135],[-85.6,30.14],[-85.609,30.146],[-85.608,30.214],[-85.607,30.233],[-85.598,30.234],[-85.619,30.264],[-85.598,30.275],[-85.586,30.322],[-85.564,30.334],[-85.583,30.329],[-85.592,30.348],[-85.608,30.355],[-85.624,30.349],[-85.621,30.343],[-85.643,30.353],[-85.616,30.373],[-85.625,30.383],[-85.656,30.392],[-85.645,30.395],[-85.644,30.41],[-85.606,30.409],[-85.606,30.424],[-85.658,30.424],[-85.667,30.432],[-85.565,30.439],[-85.551,30.456],[-85.557,30.473],[-85.551,30.489],[-85.528,30.503],[-85.525,30.482],[-85.498,30.49],[-85.512,30.498],[-85.503,30.51],[-85.486,30.51],[-85.486,30.568],[-85.434,30.568],[-85.434,30.657],[-85.463,30.672],[-85.446,30.689],[-85.434,30.698],[-85.406,30.697],[-85.395,30.706],[-85.387,30.694],[-85.369,30.699],[-85.364,30.708],[-85.359,30.697],[-85.345,30.698],[-85.35,30.727],[-85.332,30.726],[-85.332,30.715],[-85.341,30.714],[-85.324,30.699],[-85.298,30.726],[-85.315,30.726],[-85.314,30.744],[-85.326,30.739],[-85.332,30.757],[-85.348,30.77],[-85.338,30.808],[-85.347,30.812],[-85.349,30.832],[-85.332,30.828],[-85.351,30.854],[-85.377,30.847],[-85.384,30.834],[-85.394,30.833],[-85.395,30.822],[-85.404,30.835],[-85.395,30.836],[-85.397,30.895],[-85.367,30.887],[-85.361,30.873],[-85.348,30.873],[-85.353,30.895],[-85.336,30.89],[-85.295,30.936],[-85.305,30.943],[-85.314,30.988],[-85.329,30.999],[-85.002,31.001],[-84.999,31.014],[-85.01,31.033],[-85.011,31.054],[-85.029,31.075],[-85.026,31.086],[-85.036,31.109],[-85.055,31.121],[-85.077,31.158],[-85.101,31.166],[-85.099,31.182],[-85.108,31.186],[-85.097,31.228],[-85.115,31.277],[-85.09,31.294],[-85.084,31.328],[-85.093,31.362],[-85.077,31.401],[-85.075,31.428],[-85.066,31.43],[-85.072,31.468],[-85.045,31.517],[-85.041,31.542],[-85.058,31.57],[-85.058,31.62],[-85.087,31.639],[-85.079,31.655],[-85.093,31.66],[-85.126,31.695],[-85.119,31.733],[-85.129,31.757],[-85.125,31.767],[-85.141,31.78],[-85.12,31.78],[-85.114,31.773]]],[[[-81.077,32.087],[-81.071,32.084],[-81.098,32.09],[-81.087,32.103],[-81.071,32.093],[-81.077,32.087]]],[[[-90.086,32.512],[-90.1,32.51],[-90.09,32.521],[-90.086,32.512]]],[[[-88.554,32.578],[-88.555,32.566],[-88.614,32.57],[-88.607,32.555],[-88.62,32.555],[-88.627,32.541],[-88.657,32.577],[-88.554,32.578]]],[[[-93.428,33.519],[-93.324,33.517],[-93.324,33.509],[-93.328,33.496],[-93.344,33.491],[-93.36,33.459],[-93.357,33.448],[-93.366,33.448],[-93.397,33.399],[-93.429,33.316],[-93.423,33.302],[-93.436,33.29],[-93.437,33.265],[-93.442,33.258],[-93.46,33.259],[-93.478,33.289],[-93.478,33.345],[-93.461,33.357],[-93.459,33.387],[-93.477,33.393],[-93.463,33.411],[-93.465,33.447],[-93.414,33.446],[-93.412,33.504],[-93.43,33.502],[-93.428,33.519]]],[[[-99.981,33.836],[-99.835,33.836],[-99.833,33.799],[-99.821,33.792],[-99.829,33.77],[-99.82,33.76],[-99.835,33.741],[-99.766,33.741],[-99.764,33.731],[-99.718,33.732],[-99.719,33.703],[-99.71,33.702],[-99.684,33.702],[-99.684,33.731],[-99.632,33.731],[-99.632,33.717],[-99.607,33.703],[-99.6,33.714],[-99.559,33.712],[-99.546,33.722],[-99.538,33.715],[-99.54,33.702],[-99.499,33.713],[-99.474,33.703],[-99.476,33.834],[-98.953,33.834],[-98.953,33.693],[-98.961,33.69],[-98.953,33.676],[-98.954,33.398],[-99.472,33.399],[-99.474,33.579],[-99.495,33.585],[-99.506,33.561],[-99.523,33.559],[-99.532,33.563],[-99.535,33.588],[-99.548,33.601],[-99.558,33.586],[-99.569,33.588],[-99.571,33.571],[-99.595,33.583],[-99.613,33.579],[-99.628,33.544],[-99.645,33.557],[-99.668,33.542],[-99.712,33.554],[-99.717,33.546],[-99.71,33.541],[-99.719,33.536],[-99.713,33.524],[-99.721,33.524],[-99.73,33.507],[-99.738,33.511],[-99.778,33.495],[-99.823,33.501],[-99.832,33.477],[-99.862,33.486],[-99.858,33.461],[-99.899,33.457],[-99.914,33.47],[-99.938,33.45],[-99.914,33.424],[-99.936,33.415],[-99.959,33.43],[-99.991,33.403],[-99.996,33.836],[-99.981,33.836]],[[-99.791,33.591],[-99.802,33.591],[-99.802,33.576],[-99.785,33.576],[-99.784,33.591],[-99.791,33.591]]],[[[-95.58,33.933],[-95.557,33.927],[-95.545,33.88],[-95.507,33.897],[-95.504,33.875],[-95.461,33.889],[-95.463,33.872],[-95.368,33.866],[-95.338,33.873],[-95.326,33.886],[-95.311,33.88],[-95.311,33.864],[-95.324,33.867],[-95.345,33.846],[-95.378,33.842],[-95.386,33.833],[-95.385,33.857],[-95.433,33.846],[-95.515,33.842],[-95.514,33.858],[-95.541,33.871],[-95.579,33.869],[-95.581,33.864],[-95.569,33.86],[-95.589,33.85],[-95.602,33.853],[-95.602,33.839],[-95.619,33.845],[-95.618,33.84],[-95.638,33.842],[-95.66,33.831],[-95.663,33.8],[-95.676,33.794],[-95.68,33.763],[-95.709,33.774],[-95.706,33.793],[-95.73,33.786],[-95.755,33.79],[-95.749,33.807],[-95.773,33.818],[-95.77,33.832],[-95.732,33.852],[-95.693,33.85],[-95.688,33.865],[-95.69,33.874],[-95.698,33.874],[-95.712,33.861],[-95.719,33.867],[-95.756,33.862],[-95.763,33.874],[-95.756,33.893],[-95.738,33.896],[-95.697,33.885],[-95.664,33.909],[-95.638,33.906],[-95.603,33.927],[-95.597,33.942],[-95.58,33.933]]],[[[-115.738,34.549],[-115.715,34.544],[-115.699,34.527],[-115.691,34.541],[-115.679,34.524],[-115.644,34.502],[-115.633,34.48],[-115.601,34.449],[-115.543,34.432],[-115.416,34.234],[-115.345,34.102],[-115.349,34.092],[-115.334,34.077],[-114.435,34.08],[-114.438,34.023],[-114.465,34.012],[-114.46,33.992],[-114.468,33.993],[-114.499,33.962],[-114.522,33.956],[-114.536,33.931],[-114.508,33.905],[-114.512,33.898],[-114.526,33.898],[-114.504,33.877],[-114.503,33.866],[-114.531,33.855],[-114.52,33.828],[-114.528,33.814],[-114.504,33.756],[-114.512,33.733],[-114.494,33.711],[-114.496,33.697],[-114.524,33.686],[-114.532,33.675],[-114.514,33.66],[-114.533,33.652],[-114.524,33.635],[-114.531,33.624],[-114.522,33.611],[-114.541,33.591],[-114.524,33.553],[-114.558,33.533],[-114.567,33.511],[-114.593,33.498],[-114.641,33.418],[-114.653,33.413],[-114.688,33.418],[-114.726,33.404],[-114.707,33.383],[-114.698,33.352],[-114.708,33.323],[-114.731,33.302],[-114.722,33.287],[-114.684,33.276],[-114.672,33.26],[-114.69,33.246],[-114.674,33.226],[-114.675,33.188],[-114.679,33.16],[-114.698,33.129],[-114.708,33.091],[-114.689,33.084],[-114.665,33.034],[-114.645,33.049],[-114.619,33.027],[-114.59,33.026],[-114.575,33.037],[-114.52,33.03],[-114.501,33.008],[-114.494,32.973],[-114.468,32.971],[-114.469,32.952],[-114.481,32.936],[-114.463,32.91],[-114.469,32.845],[-114.533,32.791],[-114.527,32.757],[-114.564,32.75],[-114.565,32.742],[-114.582,32.742],[-114.582,32.735],[-114.615,32.735],[-114.618,32.728],[-114.68,32.736],[-114.702,32.746],[-114.724,32.718],[-115.335,32.676],[-115.235,32.713],[-115.246,32.726],[-115.246,32.752],[-115.265,32.752],[-115.263,32.764],[-115.276,32.776],[-115.293,32.902],[-115.236,32.922],[-115.232,32.971],[-115.19,32.969],[-115.109,32.994],[-115.071,32.998],[-115.32,33.158],[-115.346,33.135],[-115.369,33.128],[-115.345,33.075],[-115.508,33.082],[-115.504,33.075],[-115.466,33.075],[-115.466,33.066],[-115.508,33.07],[-115.513,33.045],[-115.521,33.044],[-115.536,33.051],[-115.551,33.08],[-115.57,33.09],[-115.634,33.087],[-115.648,33.1],[-115.685,33.11],[-115.755,33.156],[-115.825,33.125],[-115.854,33.122],[-115.828,33.107],[-115.732,33.009],[-115.669,32.926],[-115.63,32.927],[-115.63,32.89],[-115.624,32.888],[-115.621,32.924],[-115.601,32.941],[-115.605,32.913],[-115.543,32.913],[-115.546,32.898],[-115.518,32.898],[-115.518,32.913],[-115.457,32.917],[-115.453,32.877],[-115.443,32.872],[-115.431,32.847],[-115.442,32.84],[-115.484,32.84],[-115.484,32.823],[-115.534,32.826],[-115.559,32.818],[-115.562,32.825],[-115.561,32.818],[-115.579,32.818],[-115.579,32.797],[-115.604,32.797],[-115.604,32.826],[-115.629,32.826],[-115.629,32.811],[-115.646,32.811],[-115.646,32.826],[-115.655,32.826],[-115.655,32.847],[-115.682,32.847],[-115.702,32.831],[-115.699,32.821],[-115.712,32.82],[-115.705,32.81],[-115.712,32.793],[-115.772,32.789],[-115.774,32.775],[-115.752,32.756],[-115.753,32.745],[-115.705,32.729],[-115.684,32.71],[-115.683,32.682],[-115.664,32.667],[-115.662,32.653],[-116.271,32.605],[-116.28,32.634],[-116.263,32.629],[-116.273,32.638],[-116.265,32.664],[-116.208,32.661],[-116.209,32.727],[-116.223,32.726],[-116.22,32.829],[-116.309,32.829],[-116.309,32.815],[-116.326,32.815],[-116.326,32.829],[-116.335,32.83],[-116.335,32.851],[-116.318,32.859],[-116.318,32.871],[-116.375,32.848],[-116.375,32.837],[-116.391,32.851],[-116.42,32.851],[-116.411,32.874],[-116.421,32.891],[-116.431,32.884],[-116.448,32.893],[-116.461,32.912],[-116.484,32.925],[-116.49,32.942],[-116.505,32.949],[-116.517,32.975],[-116.558,33.009],[-116.573,32.991],[-116.587,32.99],[-116.58,32.974],[-116.601,32.983],[-116.602,33],[-116.617,32.999],[-116.607,33.012],[-116.621,33.005],[-116.63,33.014],[-116.639,33.001],[-116.65,33.002],[-116.665,32.988],[-116.706,32.996],[-116.742,32.988],[-116.728,33.005],[-116.73,33.017],[-116.672,33.08],[-116.653,33.082],[-116.649,33.073],[-116.639,33.073],[-116.646,33.099],[-116.656,33.107],[-116.665,33.099],[-116.679,33.128],[-116.644,33.134],[-116.602,33.113],[-116.597,33.134],[-116.603,33.133],[-116.601,33.141],[-116.622,33.169],[-116.615,33.196],[-116.59,33.188],[-116.55,33.156],[-116.539,33.134],[-116.489,33.101],[-116.455,33.102],[-116.434,33.12],[-116.435,33.129],[-116.417,33.133],[-116.513,33.163],[-116.517,33.179],[-116.501,33.177],[-116.492,33.186],[-116.508,33.21],[-116.482,33.211],[-116.482,33.24],[-116.501,33.252],[-116.501,33.341],[-116.567,33.342],[-116.579,33.349],[-116.567,33.363],[-116.618,33.363],[-116.618,33.427],[-116.155,33.427],[-116.155,33.453],[-116.175,33.453],[-116.174,33.486],[-116.199,33.485],[-116.198,33.511],[-116.216,33.511],[-116.216,33.555],[-116.251,33.555],[-116.25,33.584],[-116.285,33.584],[-116.286,33.599],[-116.304,33.599],[-116.304,33.613],[-116.324,33.614],[-116.323,33.672],[-116.373,33.671],[-116.374,33.711],[-116.356,33.715],[-116.361,33.716],[-116.356,33.773],[-116.391,33.773],[-116.391,33.734],[-116.408,33.733],[-116.408,33.715],[-116.46,33.714],[-116.46,33.748],[-116.467,33.759],[-116.463,33.772],[-116.441,33.772],[-116.441,33.787],[-116.449,33.787],[-116.449,33.801],[-116.44,33.806],[-116.441,33.834],[-116.458,33.846],[-116.455,33.861],[-116.47,33.885],[-116.476,33.886],[-116.478,33.859],[-116.545,33.896],[-116.545,33.918],[-116.524,33.918],[-116.527,33.932],[-116.595,33.933],[-116.598,33.922],[-116.563,33.918],[-116.564,33.907],[-116.593,33.912],[-116.615,33.911],[-116.614,33.902],[-116.635,33.904],[-116.636,33.923],[-116.602,33.916],[-116.575,34.008],[-116.591,34.033],[-116.458,34.033],[-116.461,34.077],[-116.455,34.083],[-116.477,34.094],[-116.489,34.091],[-116.497,34.102],[-116.482,34.111],[-116.501,34.115],[-116.507,34.125],[-116.478,34.137],[-116.471,34.151],[-116.493,34.156],[-116.493,34.163],[-116.516,34.163],[-116.509,34.183],[-116.495,34.188],[-116.511,34.198],[-116.511,34.219],[-116.532,34.214],[-116.551,34.222],[-116.548,34.231],[-116.537,34.227],[-116.542,34.245],[-116.521,34.249],[-116.476,34.241],[-116.502,34.261],[-116.486,34.287],[-116.462,34.295],[-116.453,34.29],[-116.474,34.28],[-116.453,34.248],[-116.45,34.259],[-116.44,34.259],[-116.442,34.266],[-116.341,34.251],[-116.338,34.244],[-116.352,34.244],[-116.352,34.237],[-116.336,34.237],[-116.336,34.251],[-116.317,34.252],[-116.317,34.244],[-116.31,34.244],[-116.32,34.262],[-116.314,34.266],[-116.299,34.266],[-116.299,34.251],[-116.126,34.252],[-116.112,34.279],[-116.121,34.294],[-116.143,34.303],[-116.129,34.311],[-116.145,34.345],[-116.144,34.376],[-116.157,34.396],[-116.082,34.394],[-116.083,34.414],[-116.043,34.422],[-116.026,34.416],[-116.015,34.376],[-116.022,34.342],[-116.035,34.326],[-116.03,34.313],[-116.044,34.313],[-116.031,34.264],[-116.051,34.267],[-116.077,34.257],[-116.062,34.232],[-116.036,34.219],[-116.028,34.223],[-116.028,34.238],[-115.984,34.238],[-115.984,34.297],[-115.72,34.296],[-115.721,34.399],[-115.73,34.399],[-115.73,34.427],[-115.809,34.427],[-115.809,34.477],[-115.751,34.501],[-115.741,34.517],[-115.745,34.549],[-115.738,34.549]],[[-116.164,33.735],[-116.164,33.727],[-116.181,33.73],[-116.181,33.716],[-116.191,33.717],[-116.181,33.708],[-116.19,33.7],[-116.216,33.7],[-116.216,33.671],[-116.225,33.671],[-116.216,33.667],[-116.217,33.657],[-116.153,33.657],[-116.142,33.649],[-116.145,33.671],[-116.108,33.671],[-116.154,33.714],[-116.13,33.716],[-116.13,33.727],[-116.164,33.741],[-116.164,33.735]],[[-116.061,33.599],[-116.078,33.599],[-116.079,33.584],[-116.095,33.584],[-116.095,33.562],[-116.044,33.547],[-116.044,33.536],[-116.061,33.533],[-116.061,33.513],[-116.054,33.506],[-116.078,33.515],[-116.085,33.506],[-116.078,33.501],[-116.08,33.475],[-116.048,33.456],[-116.042,33.426],[-115.902,33.426],[-115.85,33.375],[-115.751,33.314],[-115.706,33.224],[-115.688,33.249],[-115.66,33.339],[-115.642,33.332],[-115.617,33.305],[-115.581,33.22],[-115.58,33.227],[-115.477,33.227],[-115.453,33.216],[-115.424,33.228],[-115.581,33.363],[-115.634,33.382],[-115.691,33.439],[-115.75,33.47],[-115.768,33.509],[-115.911,33.528],[-115.933,33.554],[-115.956,33.566],[-115.991,33.567],[-116.015,33.586],[-116.032,33.587],[-116.06,33.614],[-116.061,33.599]]],[[[-95.096,34.666],[-95.095,34.659],[-95.104,34.659],[-95.096,34.666]]],[[[-104.904,35.216],[-104.558,35.216],[-104.577,35.201],[-104.543,35.155],[-104.532,35.152],[-104.544,35.119],[-104.544,35.094],[-104.56,35.072],[-104.54,35.047],[-104.507,35.048],[-104.515,35.032],[-104.55,35.032],[-104.55,34.983],[-104.574,34.964],[-104.568,34.915],[-104.603,34.923],[-104.603,34.914],[-104.591,34.912],[-104.589,34.881],[-104.567,34.881],[-104.564,34.91],[-104.52,34.898],[-104.509,34.878],[-104.494,34.878],[-104.505,34.866],[-104.504,34.852],[-104.49,34.845],[-104.516,34.843],[-104.514,34.83],[-104.502,34.833],[-104.492,34.829],[-104.492,34.818],[-104.393,34.793],[-104.358,34.794],[-104.34,34.775],[-104.129,34.779],[-104.129,34.738],[-104.122,34.735],[-104.129,34.729],[-104.129,34.614],[-104.134,34.605],[-104.146,34.612],[-104.164,34.606],[-104.17,34.579],[-104.142,34.594],[-104.106,34.594],[-104.096,34.582],[-104.126,34.564],[-104.15,34.56],[-104.145,34.545],[-104.206,34.526],[-104.219,34.496],[-104.228,34.496],[-104.207,34.496],[-104.194,34.478],[-104.194,34.459],[-104.2,34.457],[-104.176,34.449],[-104.175,34.435],[-104.158,34.434],[-104.159,34.398],[-104.149,34.398],[-104.154,34.372],[-104.144,34.361],[-104.161,34.354],[-104.159,34.347],[-104.125,34.347],[-104.105,34.374],[-104.067,34.351],[-104.043,34.323],[-104.045,34.307],[-104.066,34.308],[-104.086,34.322],[-104.105,34.318],[-104.105,34.303],[-104.112,34.299],[-104.098,34.29],[-104.088,34.293],[-104.078,34.277],[-104.032,34.269],[-104.032,34.237],[-104.007,34.237],[-104.009,34.244],[-103.998,34.244],[-103.998,34.229],[-104.051,34.216],[-104.049,34.204],[-104.032,34.203],[-104.049,34.191],[-104.053,34.178],[-104.066,34.177],[-104.049,34.173],[-104.049,34.143],[-104.079,34.145],[-104.069,34.12],[-104.088,34.112],[-104.078,34.097],[-104.056,34.097],[-104.05,34.083],[-103.986,34.082],[-103.988,34.05],[-103.96,34.037],[-103.955,34.017],[-103.936,34],[-103.929,33.981],[-103.842,33.98],[-103.842,33.819],[-103.769,33.819],[-103.771,33.728],[-103.727,33.706],[-103.718,33.704],[-103.718,33.713],[-103.719,33.64],[-103.69,33.641],[-103.678,33.656],[-103.649,33.642],[-103.649,33.656],[-103.51,33.657],[-103.51,33.57],[-103.721,33.57],[-103.721,33.396],[-103.766,33.395],[-103.766,32.965],[-103.815,32.965],[-103.814,32.522],[-103.723,32.523],[-103.723,32],[-104.025,32],[-104.102,31.105],[-104.98,30.629],[-104.986,30.663],[-105.002,30.673],[-105.006,30.686],[-105.027,30.679],[-105.039,30.689],[-105.047,30.688],[-105.045,30.68],[-105.062,30.686],[-105.068,30.704],[-105.081,30.7],[-105.088,30.716],[-105.106,30.724],[-105.111,30.744],[-105.121,30.744],[-105.118,30.75],[-105.162,30.752],[-105.156,30.77],[-105.167,30.777],[-105.177,30.768],[-105.195,30.792],[-105.217,30.783],[-105.218,30.793],[-105.21,30.797],[-105.215,30.806],[-105.258,30.794],[-105.291,30.826],[-105.301,30.824],[-105.306,30.81],[-105.309,30.817],[-105.318,30.811],[-105.318,30.828],[-105.33,30.825],[-105.339,30.84],[-105.353,30.836],[-105.362,30.851],[-105.396,30.849],[-105.401,30.856],[-105.391,30.874],[-105.404,30.88],[-105.403,30.892],[-105.412,30.889],[-105.414,30.9],[-105.441,30.908],[-105.447,30.92],[-105.453,30.916],[-105.451,30.925],[-105.467,30.924],[-105.471,30.934],[-105.499,30.95],[-105.494,30.958],[-105.502,30.968],[-105.516,30.965],[-105.533,30.985],[-105.558,30.99],[-105.57,31.018],[-105.579,31.021],[-105.585,31.058],[-105.603,31.083],[-105.628,31.099],[-105.642,31.098],[-105.648,31.116],[-105.711,31.137],[-105.742,31.165],[-105.773,31.166],[-105.782,31.197],[-105.795,31.203],[-105.87,31.29],[-105.894,31.29],[-105.908,31.313],[-105.933,31.313],[-105.953,31.364],[-105.971,31.366],[-105.997,31.387],[-105.954,31.423],[-105.959,31.478],[-105.993,31.478],[-105.996,31.767],[-106.217,31.769],[-106.216,31.75],[-106.233,31.749],[-106.233,31.762],[-106.268,31.761],[-106.273,31.832],[-106.206,31.834],[-106.204,31.888],[-106.116,31.888],[-106.11,31.895],[-106.103,31.889],[-106.1,31.944],[-106.005,31.937],[-105.997,31.961],[-105.997,31.933],[-105.954,31.923],[-105.94,31.927],[-105.921,31.917],[-105.852,31.916],[-105.839,31.877],[-105.791,31.87],[-105.786,31.848],[-105.712,31.821],[-105.284,31.747],[-105.175,31.747],[-105.133,31.739],[-104.978,31.755],[-104.959,31.818],[-104.962,31.84],[-104.98,31.853],[-104.971,31.853],[-104.973,31.861],[-104.989,31.862],[-104.989,31.909],[-104.955,31.908],[-104.953,32.001],[-106.564,32.001],[-106.553,32.02],[-106.566,32.052],[-106.529,32.083],[-106.483,32.082],[-106.485,32.089],[-106.427,32.1],[-106.429,32.082],[-106.377,32.082],[-106.377,32.517],[-106.175,32.777],[-106.137,32.797],[-106.143,32.749],[-106.136,32.701],[-106.139,32.428],[-106.135,32.394],[-106.092,32.364],[-106.046,32.407],[-106.033,32.441],[-106.032,32.518],[-106.02,32.544],[-105.992,32.716],[-105.945,32.708],[-105.945,32.694],[-105.937,32.694],[-105.906,32.714],[-105.84,32.714],[-105.822,32.723],[-105.84,32.745],[-105.833,32.756],[-105.842,32.777],[-105.83,32.813],[-105.835,32.827],[-105.821,32.834],[-105.824,32.844],[-105.835,32.847],[-105.836,32.876],[-105.853,32.884],[-105.833,32.903],[-105.826,32.891],[-105.819,32.901],[-105.825,32.913],[-105.818,32.894],[-105.807,32.907],[-105.789,32.902],[-105.795,32.912],[-105.784,32.913],[-105.797,32.917],[-105.789,32.921],[-105.796,32.932],[-105.781,32.927],[-105.783,32.936],[-105.772,32.94],[-105.792,32.946],[-105.793,32.961],[-105.76,32.964],[-105.759,32.986],[-105.746,32.996],[-105.747,33.004],[-105.381,33.003],[-105.382,32.962],[-105.367,32.962],[-105.368,32.95],[-105.415,32.955],[-105.437,32.935],[-105.463,32.949],[-105.501,32.936],[-105.52,32.955],[-105.583,32.969],[-105.621,32.961],[-105.624,32.945],[-105.641,32.955],[-105.628,32.946],[-105.656,32.929],[-105.635,32.913],[-105.583,32.925],[-105.608,32.913],[-105.595,32.914],[-105.61,32.895],[-105.572,32.894],[-105.554,32.873],[-105.501,32.866],[-105.507,32.853],[-105.599,32.857],[-105.612,32.85],[-105.629,32.817],[-105.708,32.792],[-105.723,32.764],[-105.736,32.768],[-105.746,32.761],[-105.743,32.748],[-105.721,32.739],[-105.723,32.732],[-105.711,32.732],[-105.673,32.709],[-105.624,32.72],[-105.597,32.741],[-105.569,32.739],[-105.556,32.729],[-105.53,32.739],[-105.528,32.726],[-105.503,32.731],[-105.501,32.74],[-105.484,32.738],[-105.485,32.719],[-105.531,32.696],[-105.517,32.679],[-105.513,32.654],[-105.534,32.62],[-105.516,32.605],[-105.352,32.605],[-105.353,32.867],[-105.344,32.874],[-105.345,32.905],[-105.335,32.932],[-105.353,32.931],[-105.353,32.962],[-105.322,32.962],[-105.292,32.943],[-105.246,32.931],[-105.251,32.909],[-105.228,32.894],[-105.208,32.897],[-105.18,32.884],[-105.17,32.892],[-105.146,32.89],[-105.121,32.879],[-105.069,32.887],[-105.051,32.877],[-104.936,32.86],[-104.918,32.85],[-104.842,32.843],[-104.841,32.963],[-104.906,32.963],[-104.906,33.118],[-104.913,33.119],[-104.916,33.134],[-104.932,33.126],[-104.952,33.136],[-104.906,33.139],[-104.904,33.306],[-104.885,33.306],[-104.885,33.393],[-104.893,33.398],[-104.894,34.048],[-104.922,34.053],[-104.937,34.046],[-104.988,34.057],[-105.053,34.029],[-105.049,33.999],[-105.059,33.991],[-105.081,33.995],[-105.106,34.016],[-105.163,34.007],[-105.193,33.951],[-105.23,33.961],[-105.29,33.962],[-105.319,33.974],[-105.407,33.955],[-105.434,33.938],[-105.431,33.919],[-105.449,33.893],[-105.477,33.874],[-105.499,33.871],[-105.516,33.847],[-105.514,33.838],[-105.526,33.834],[-105.526,33.825],[-105.541,33.823],[-105.595,33.854],[-105.656,33.862],[-105.67,33.898],[-105.696,33.905],[-105.718,33.929],[-105.74,33.938],[-105.726,34.053],[-105.769,34.063],[-105.795,34.054],[-105.811,34.062],[-105.86,34.052],[-105.881,34.023],[-105.926,34.02],[-105.924,34.26],[-105.313,34.26],[-105.313,34.347],[-104.892,34.347],[-104.892,34.583],[-104.955,34.621],[-104.938,34.634],[-104.938,34.769],[-104.945,34.78],[-105.008,34.752],[-105.008,34.794],[-105.016,34.803],[-105.032,34.803],[-105.034,34.817],[-105.054,34.828],[-105.081,34.879],[-105.045,34.892],[-105.057,34.893],[-105.062,34.904],[-105.056,34.927],[-104.991,34.922],[-104.991,34.976],[-104.868,34.97],[-104.921,34.976],[-104.916,35.032],[-104.944,35.05],[-104.948,35.068],[-104.969,35.074],[-104.971,35.061],[-105.005,35.082],[-104.994,35.033],[-105.004,35.032],[-105.022,35.101],[-105.013,35.097],[-105.006,35.115],[-105.01,35.128],[-104.986,35.135],[-104.989,35.151],[-105.033,35.164],[-105.039,35.15],[-105.049,35.17],[-105.024,35.174],[-105.022,35.194],[-104.997,35.194],[-105.023,35.217],[-104.904,35.216]],[[-105.662,32.603],[-105.64,32.615],[-105.663,32.624],[-105.661,32.653],[-105.676,32.653],[-105.686,32.643],[-105.682,32.662],[-105.692,32.664],[-105.698,32.647],[-105.708,32.656],[-105.746,32.657],[-105.739,32.642],[-105.729,32.643],[-105.73,32.619],[-105.696,32.612],[-105.696,32.598],[-105.662,32.603]]],[[[-113.655,35.428],[-113.649,35.427],[-113.647,35.411],[-113.663,35.382],[-113.667,35.401],[-113.655,35.428]]],[[[-88.63,32.543],[-88.576,32.54],[-88.573,32.511],[-88.563,32.541],[-88.508,32.539],[-88.506,32.548],[-88.545,32.555],[-88.541,32.578],[-88.554,32.578],[-88.554,32.621],[-88.506,32.607],[-88.499,32.599],[-88.502,32.587],[-88.479,32.578],[-88.492,32.615],[-88.469,32.636],[-88.415,32.618],[-88.408,32.596],[-88.42,32.591],[-88.412,32.583],[-88.416,32.578],[-88.389,32.578],[-88.253,33.717],[-88.14,34.582],[-87.958,34.575],[-87.951,34.581],[-87.976,34.59],[-87.984,34.604],[-88.03,34.596],[-88.043,34.605],[-88.054,34.602],[-88.063,34.613],[-88.002,34.632],[-87.993,34.65],[-87.962,34.639],[-87.953,34.651],[-87.921,34.624],[-87.908,34.623],[-87.925,34.603],[-87.918,34.575],[-87.904,34.574],[-87.904,34.614],[-87.864,34.58],[-87.844,34.619],[-87.807,34.583],[-87.785,34.583],[-87.771,34.572],[-87.733,34.572],[-87.733,34.579],[-87.716,34.585],[-87.715,34.597],[-87.73,34.61],[-87.719,34.626],[-87.7,34.62],[-87.698,34.596],[-87.704,34.592],[-87.693,34.584],[-87.653,34.614],[-87.653,34.584],[-87.66,34.585],[-87.653,34.577],[-87.682,34.579],[-87.669,34.566],[-87.641,34.58],[-87.63,34.578],[-87.619,34.595],[-87.603,34.586],[-87.601,34.568],[-87.561,34.568],[-87.561,34.582],[-87.529,34.582],[-87.521,34.568],[-87.53,34.566],[-87.504,34.557],[-87.489,34.581],[-87.475,34.58],[-87.488,34.568],[-87.481,34.551],[-87.493,34.551],[-87.486,34.537],[-87.517,34.541],[-87.529,34.528],[-87.523,34.521],[-87.504,34.521],[-87.5,34.479],[-87.53,34.468],[-87.53,34.371],[-87.495,34.395],[-87.483,34.392],[-87.479,34.4],[-87.444,34.412],[-87.443,34.448],[-87.408,34.447],[-87.407,34.469],[-87.444,34.47],[-87.447,34.478],[-87.434,34.477],[-87.429,34.488],[-87.416,34.486],[-87.408,34.494],[-87.407,34.48],[-87.398,34.48],[-87.399,34.498],[-87.388,34.497],[-87.389,34.516],[-87.367,34.512],[-87.371,34.534],[-87.398,34.534],[-87.382,34.537],[-87.394,34.55],[-87.372,34.56],[-87.37,34.573],[-87.344,34.588],[-87.342,34.583],[-87.331,34.588],[-87.325,34.576],[-87.316,34.586],[-87.31,34.58],[-87.298,34.588],[-87.303,34.599],[-87.289,34.603],[-87.277,34.603],[-87.268,34.583],[-87.254,34.603],[-87.262,34.622],[-87.235,34.615],[-87.235,34.605],[-87.258,34.585],[-87.255,34.576],[-87.262,34.572],[-87.267,34.579],[-87.265,34.563],[-87.229,34.574],[-87.24,34.535],[-87.231,34.531],[-87.227,34.542],[-87.203,34.542],[-87.205,34.53],[-87.213,34.528],[-87.205,34.525],[-87.185,34.537],[-87.186,34.527],[-87.206,34.517],[-87.201,34.503],[-87.185,34.514],[-87.192,34.524],[-87.177,34.525],[-87.185,34.537],[-87.172,34.544],[-87.172,34.533],[-87.142,34.545],[-87.125,34.535],[-87.127,34.529],[-87.115,34.529],[-87.107,34.5],[-87.09,34.514],[-87.074,34.514],[-87.06,34.503],[-87.045,34.502],[-87.045,34.508],[-87.03,34.496],[-87.036,34.485],[-87.052,34.493],[-87.059,34.466],[-87.082,34.455],[-87.06,34.451],[-87.06,34.434],[-87.082,34.444],[-87.083,34.415],[-87.045,34.414],[-87.036,34.396],[-87.022,34.398],[-87.022,34.363],[-87.042,34.354],[-87.066,34.364],[-87.054,34.356],[-87.056,34.338],[-87.066,34.334],[-87.064,34.312],[-87.095,34.307],[-87.11,34.313],[-87.11,34.25],[-87.101,34.244],[-87.101,34.231],[-87.11,34.218],[-87.111,34.161],[-87.102,34.157],[-87.102,34.139],[-87.109,34.136],[-87.112,34.146],[-87.112,34.113],[-87.126,34.115],[-87.135,34.105],[-87.128,34.082],[-87.133,34.071],[-87.119,34.086],[-87.112,34.083],[-87.111,34.108],[-87.084,34.106],[-87.077,34.098],[-87.055,34.122],[-87.02,34.13],[-86.983,34.09],[-86.957,34.088],[-87,34.046],[-86.969,34.029],[-86.973,34.022],[-86.966,34.022],[-86.964,34.005],[-86.972,33.99],[-86.94,33.973],[-86.93,33.975],[-86.928,33.963],[-86.919,33.965],[-86.935,34.004],[-86.922,34.006],[-86.92,34.018],[-86.897,34.032],[-86.884,34.03],[-86.886,34.041],[-86.877,34.046],[-86.894,34.055],[-86.875,34.084],[-86.877,34.094],[-86.866,34.101],[-86.87,34.151],[-86.879,34.169],[-86.876,34.224],[-86.888,34.25],[-86.874,34.232],[-86.868,34.243],[-86.882,34.25],[-86.874,34.254],[-86.865,34.237],[-86.867,34.243],[-86.849,34.244],[-86.846,34.225],[-86.816,34.218],[-86.811,34.226],[-86.828,34.228],[-86.825,34.235],[-86.804,34.236],[-86.81,34.241],[-86.804,34.244],[-86.805,34.263],[-86.78,34.263],[-86.777,34.278],[-86.749,34.291],[-86.751,34.303],[-86.725,34.307],[-86.707,34.288],[-86.697,34.288],[-86.687,34.294],[-86.698,34.306],[-86.674,34.326],[-86.666,34.324],[-86.661,34.305],[-86.655,34.308],[-86.652,34.338],[-86.667,34.337],[-86.67,34.344],[-86.651,34.355],[-86.647,34.372],[-86.626,34.372],[-86.608,34.371],[-86.607,34.364],[-86.612,34.35],[-86.638,34.353],[-86.617,34.338],[-86.636,34.322],[-86.635,34.315],[-86.617,34.315],[-86.632,34.308],[-86.632,34.296],[-86.61,34.302],[-86.609,34.295],[-86.589,34.291],[-86.573,34.243],[-86.554,34.254],[-86.552,34.272],[-86.541,34.273],[-86.547,34.289],[-86.534,34.29],[-86.525,34.302],[-86.534,34.304],[-86.541,34.296],[-86.57,34.303],[-86.561,34.304],[-86.561,34.329],[-86.582,34.332],[-86.581,34.36],[-86.594,34.365],[-86.59,34.376],[-86.601,34.385],[-86.593,34.396],[-86.574,34.387],[-86.537,34.397],[-86.519,34.411],[-86.524,34.417],[-86.509,34.42],[-86.501,34.414],[-86.511,34.404],[-86.506,34.393],[-86.517,34.395],[-86.51,34.384],[-86.495,34.395],[-86.497,34.384],[-86.488,34.391],[-86.476,34.376],[-86.455,34.379],[-86.455,34.371],[-86.449,34.372],[-86.424,34.39],[-86.431,34.394],[-86.428,34.414],[-86.397,34.428],[-86.381,34.424],[-86.373,34.436],[-86.375,34.425],[-86.349,34.432],[-86.349,34.441],[-86.338,34.436],[-86.335,34.451],[-86.308,34.46],[-86.296,34.456],[-86.319,34.443],[-86.286,34.443],[-86.286,34.454],[-86.278,34.458],[-86.267,34.445],[-86.261,34.456],[-86.22,34.47],[-86.224,34.456],[-86.238,34.447],[-86.222,34.443],[-86.227,34.422],[-86.22,34.422],[-86.22,34.439],[-86.209,34.438],[-86.189,34.461],[-86.186,34.446],[-86.151,34.453],[-86.125,34.449],[-86.156,34.434],[-86.188,34.382],[-86.247,34.357],[-86.248,34.348],[-86.235,34.348],[-86.244,34.322],[-86.24,34.313],[-86.258,34.31],[-86.266,34.298],[-86.279,34.302],[-86.266,34.297],[-86.277,34.29],[-86.27,34.285],[-86.287,34.295],[-86.283,34.282],[-86.299,34.283],[-86.293,34.302],[-86.301,34.308],[-86.307,34.287],[-86.334,34.289],[-86.337,34.274],[-86.351,34.271],[-86.349,34.258],[-86.331,34.258],[-86.33,34.238],[-86.342,34.234],[-86.337,34.212],[-86.317,34.218],[-86.314,34.243],[-86.299,34.248],[-86.29,34.24],[-86.289,34.222],[-86.28,34.228],[-86.284,34.213],[-86.268,34.203],[-86.258,34.2],[-86.224,34.216],[-86.209,34.21],[-86.201,34.219],[-86.183,34.22],[-86.192,34.228],[-86.158,34.229],[-86.159,34.24],[-86.17,34.245],[-86.161,34.253],[-86.107,34.258],[-86.108,34.264],[-86.12,34.259],[-86.137,34.268],[-86.121,34.274],[-86.121,34.285],[-86.108,34.283],[-86.108,34.268],[-86.097,34.266],[-86.103,34.258],[-86.094,34.253],[-86.091,34.242],[-86.097,34.238],[-86.077,34.237],[-86.076,34.247],[-86.059,34.241],[-86.05,34.258],[-86.068,34.254],[-86.07,34.268],[-86.088,34.276],[-86.079,34.28],[-86.084,34.287],[-86.114,34.299],[-86.131,34.287],[-86.132,34.302],[-86.116,34.308],[-86.153,34.315],[-86.161,34.328],[-86.125,34.348],[-86.11,34.346],[-86.11,34.36],[-86.104,34.349],[-86.076,34.37],[-86.042,34.361],[-86.063,34.352],[-86.045,34.345],[-86.05,34.334],[-86.022,34.352],[-86.011,34.329],[-85.997,34.341],[-85.985,34.335],[-85.976,34.351],[-85.982,34.358],[-85.963,34.36],[-85.964,34.339],[-85.981,34.337],[-85.965,34.323],[-85.981,34.318],[-85.946,34.316],[-85.926,34.304],[-85.908,34.326],[-85.903,34.353],[-85.883,34.356],[-85.87,34.367],[-85.887,34.385],[-85.873,34.393],[-85.874,34.403],[-85.883,34.404],[-85.882,34.395],[-85.89,34.399],[-85.89,34.41],[-85.878,34.423],[-85.85,34.433],[-85.838,34.406],[-85.849,34.391],[-85.815,34.408],[-85.803,34.392],[-85.773,34.386],[-85.818,34.325],[-85.817,34.315],[-85.796,34.308],[-85.823,34.309],[-85.826,34.295],[-85.785,34.289],[-85.778,34.298],[-85.758,34.291],[-85.756,34.274],[-85.772,34.261],[-85.754,34.259],[-85.765,34.245],[-85.735,34.244],[-85.729,34.225],[-85.72,34.237],[-85.713,34.236],[-85.716,34.224],[-85.696,34.225],[-85.701,34.199],[-85.682,34.204],[-85.634,34.194],[-85.624,34.214],[-85.61,34.215],[-85.619,34.185],[-85.609,34.163],[-85.595,34.157],[-85.587,34.163],[-85.592,34.192],[-85.567,34.207],[-85.522,34.214],[-85.488,34.176],[-85.475,34.194],[-85.451,34.203],[-85.444,34.199],[-85.385,33.892],[-85.41,33.874],[-85.44,33.876],[-85.463,33.888],[-85.459,33.878],[-85.471,33.874],[-85.471,33.865],[-85.481,33.868],[-85.477,33.85],[-85.536,33.86],[-85.579,33.848],[-85.585,33.845],[-85.586,33.802],[-85.604,33.802],[-85.603,33.788],[-85.57,33.779],[-85.526,33.744],[-85.504,33.738],[-85.497,33.718],[-85.504,33.706],[-85.489,33.712],[-85.47,33.706],[-85.462,33.699],[-85.465,33.686],[-85.45,33.689],[-85.447,33.679],[-85.417,33.668],[-85.414,33.678],[-85.39,33.674],[-85.383,33.663],[-85.366,33.664],[-85.383,33.633],[-85.363,33.612],[-85.37,33.576],[-85.381,33.578],[-85.391,33.561],[-85.417,33.559],[-85.429,33.545],[-85.444,33.553],[-85.447,33.545],[-85.466,33.542],[-85.481,33.517],[-85.482,33.503],[-85.454,33.5],[-85.461,33.488],[-85.442,33.481],[-85.446,33.476],[-85.437,33.465],[-85.464,33.471],[-85.48,33.463],[-85.474,33.475],[-85.502,33.477],[-85.519,33.465],[-85.517,33.457],[-85.543,33.456],[-85.56,33.475],[-85.592,33.464],[-85.592,33.455],[-85.628,33.5],[-85.625,33.51],[-85.639,33.527],[-85.668,33.536],[-85.651,33.549],[-85.654,33.554],[-85.668,33.547],[-85.71,33.547],[-85.743,33.567],[-85.744,33.556],[-85.77,33.556],[-85.786,33.54],[-85.788,33.525],[-85.777,33.527],[-85.768,33.517],[-85.775,33.517],[-85.774,33.509],[-85.797,33.481],[-85.8,33.5],[-85.817,33.5],[-85.817,33.482],[-85.827,33.479],[-85.827,33.469],[-85.89,33.474],[-85.905,33.468],[-85.905,33.455],[-85.923,33.455],[-85.923,33.425],[-85.938,33.413],[-85.944,33.428],[-85.967,33.438],[-85.976,33.426],[-85.973,33.462],[-85.997,33.464],[-86,33.437],[-86.024,33.44],[-86.013,33.43],[-86.017,33.425],[-85.984,33.415],[-85.993,33.41],[-86.008,33.416],[-86.004,33.401],[-86.028,33.397],[-86.027,33.42],[-86.041,33.417],[-86.037,33.433],[-86.027,33.425],[-86.026,33.491],[-86.018,33.491],[-86.015,33.501],[-86.022,33.513],[-86.016,33.51],[-86.007,33.523],[-86.007,33.533],[-86.021,33.544],[-86.007,33.553],[-86.012,33.561],[-86.017,33.551],[-86.035,33.552],[-86.042,33.535],[-86.063,33.535],[-86.079,33.553],[-86.092,33.526],[-86.068,33.53],[-86.073,33.515],[-86.115,33.504],[-86.103,33.523],[-86.102,33.543],[-86.137,33.558],[-86.127,33.559],[-86.136,33.571],[-86.131,33.573],[-86.145,33.567],[-86.168,33.571],[-86.171,33.557],[-86.181,33.562],[-86.193,33.553],[-86.212,33.563],[-86.22,33.583],[-86.213,33.595],[-86.184,33.594],[-86.201,33.61],[-86.169,33.619],[-86.165,33.639],[-86.172,33.66],[-86.214,33.66],[-86.222,33.653],[-86.236,33.672],[-86.237,33.643],[-86.248,33.65],[-86.261,33.639],[-86.262,33.658],[-86.249,33.669],[-86.281,33.652],[-86.278,33.667],[-86.291,33.678],[-86.308,33.667],[-86.31,33.654],[-86.337,33.654],[-86.361,33.642],[-86.359,33.63],[-86.394,33.597],[-86.466,33.578],[-86.481,33.556],[-86.508,33.548],[-86.482,33.546],[-86.482,33.503],[-86.441,33.502],[-86.433,33.487],[-86.457,33.462],[-86.449,33.464],[-86.449,33.455],[-86.465,33.453],[-86.486,33.424],[-86.477,33.424],[-86.48,33.404],[-86.47,33.404],[-86.489,33.374],[-86.478,33.376],[-86.478,33.358],[-86.536,33.35],[-86.552,33.334],[-86.568,33.346],[-86.581,33.324],[-86.601,33.336],[-86.605,33.313],[-86.62,33.315],[-86.622,33.325],[-86.632,33.321],[-86.627,33.312],[-86.64,33.309],[-86.638,33.298],[-86.631,33.299],[-86.633,33.272],[-86.652,33.274],[-86.658,33.257],[-86.685,33.257],[-86.708,33.238],[-86.711,33.258],[-86.765,33.248],[-86.769,33.254],[-86.788,33.24],[-86.784,33.262],[-86.801,33.266],[-86.806,33.258],[-86.815,33.261],[-86.817,33.272],[-86.84,33.266],[-86.84,33.256],[-86.851,33.251],[-86.866,33.252],[-86.866,33.26],[-86.908,33.263],[-86.907,33.254],[-86.915,33.262],[-86.923,33.253],[-86.931,33.255],[-86.924,33.25],[-86.94,33.25],[-86.939,33.257],[-86.965,33.24],[-86.961,33.228],[-86.972,33.222],[-86.963,33.213],[-86.901,33.22],[-86.894,33.215],[-86.899,33.208],[-86.891,33.21],[-86.877,33.191],[-86.859,33.19],[-86.85,33.171],[-86.821,33.169],[-86.827,33.171],[-86.82,33.177],[-86.808,33.166],[-86.804,33.172],[-86.789,33.163],[-86.789,33.151],[-86.779,33.15],[-86.783,33.144],[-86.774,33.143],[-86.774,33.133],[-86.788,33.122],[-86.808,33.128],[-86.831,33.11],[-86.832,33.103],[-86.807,33.097],[-86.815,33.093],[-86.817,33.077],[-86.803,33.08],[-86.809,33.075],[-86.802,33.069],[-86.802,33.049],[-86.792,33.043],[-86.799,33.034],[-86.791,33.025],[-86.812,33.004],[-86.844,32.997],[-86.853,33.004],[-86.876,33.003],[-86.881,33.037],[-86.894,33.034],[-86.891,33.044],[-86.9,33.059],[-86.89,33.057],[-86.878,33.075],[-86.898,33.061],[-86.934,33.064],[-86.934,33.079],[-86.952,33.079],[-86.951,33.099],[-86.969,33.098],[-86.97,33.158],[-86.984,33.162],[-87,33.143],[-87.004,33.151],[-86.997,33.162],[-87.026,33.166],[-87.026,33.179],[-87.026,33.158],[-87.033,33.161],[-87.04,33.152],[-87.028,33.141],[-87.026,33.13],[-87.041,33.126],[-87.032,33.116],[-87.079,33.07],[-87.08,33.035],[-87.07,33.03],[-87.073,33.021],[-87.089,33.013],[-87.1,33.023],[-87.103,33.011],[-87.133,32.992],[-87.148,33.002],[-87.182,33.002],[-87.17,33.03],[-87.192,33.028],[-87.226,33.045],[-87.254,33.077],[-87.249,33.062],[-87.258,33.066],[-87.269,33.059],[-87.279,33.072],[-87.294,33.064],[-87.312,33.094],[-87.282,33.133],[-87.201,33.127],[-87.173,33.145],[-87.15,33.148],[-87.146,33.136],[-87.116,33.136],[-87.122,33.151],[-87.144,33.169],[-87.145,33.185],[-87.125,33.224],[-87.142,33.219],[-87.157,33.231],[-87.142,33.243],[-87.181,33.226],[-87.199,33.231],[-87.196,33.244],[-87.205,33.246],[-87.197,33.272],[-87.181,33.27],[-87.178,33.289],[-87.155,33.291],[-87.151,33.278],[-87.144,33.279],[-87.149,33.292],[-87.127,33.306],[-87.153,33.306],[-87.159,33.299],[-87.167,33.318],[-87.233,33.296],[-87.252,33.278],[-87.25,33.272],[-87.265,33.274],[-87.273,33.255],[-87.288,33.25],[-87.301,33.229],[-87.31,33.229],[-87.287,33.223],[-87.298,33.2],[-87.291,33.199],[-87.29,33.212],[-87.266,33.205],[-87.264,33.191],[-87.279,33.188],[-87.301,33.189],[-87.296,33.196],[-87.303,33.204],[-87.304,33.189],[-87.314,33.19],[-87.331,33.219],[-87.341,33.205],[-87.354,33.213],[-87.365,33.21],[-87.362,33.218],[-87.376,33.227],[-87.378,33.252],[-87.392,33.25],[-87.385,33.262],[-87.424,33.274],[-87.394,33.289],[-87.394,33.305],[-87.408,33.313],[-87.418,33.333],[-87.413,33.382],[-87.38,33.435],[-87.383,33.442],[-87.393,33.439],[-87.382,33.465],[-87.387,33.474],[-87.377,33.474],[-87.363,33.452],[-87.337,33.475],[-87.329,33.493],[-87.303,33.49],[-87.289,33.479],[-87.287,33.502],[-87.264,33.498],[-87.261,33.507],[-87.278,33.522],[-87.258,33.539],[-87.283,33.562],[-87.27,33.57],[-87.259,33.567],[-87.254,33.538],[-87.241,33.527],[-87.236,33.539],[-87.214,33.536],[-87.188,33.551],[-87.186,33.557],[-87.205,33.575],[-87.197,33.59],[-87.225,33.595],[-87.238,33.615],[-87.234,33.629],[-87.219,33.635],[-87.207,33.621],[-87.199,33.624],[-87.217,33.647],[-87.196,33.641],[-87.17,33.648],[-87.176,33.664],[-87.157,33.664],[-87.144,33.677],[-87.136,33.658],[-87.12,33.661],[-87.129,33.686],[-87.148,33.7],[-87.139,33.713],[-87.151,33.72],[-87.134,33.736],[-87.111,33.736],[-87.11,33.757],[-87.101,33.765],[-87.087,33.757],[-87.074,33.774],[-87.085,33.788],[-87.077,33.789],[-87.067,33.774],[-87.07,33.765],[-87.055,33.746],[-87.057,33.737],[-87.032,33.729],[-87.032,33.744],[-87.023,33.743],[-87.02,33.762],[-87.034,33.769],[-87.049,33.766],[-87.045,33.791],[-87.062,33.777],[-87.066,33.792],[-87.09,33.796],[-87.11,33.815],[-87.129,33.817],[-87.143,33.807],[-87.154,33.821],[-87.185,33.821],[-87.19,33.832],[-87.204,33.828],[-87.217,33.833],[-87.217,33.84],[-87.238,33.842],[-87.23,33.848],[-87.234,33.855],[-87.256,33.845],[-87.416,33.867],[-87.42,33.857],[-87.448,33.852],[-87.47,33.872],[-87.479,33.874],[-87.493,33.863],[-87.502,33.877],[-87.514,33.876],[-87.519,33.865],[-87.504,33.863],[-87.512,33.846],[-87.522,33.873],[-87.537,33.868],[-87.531,33.791],[-87.485,33.8],[-87.47,33.791],[-87.456,33.748],[-87.477,33.727],[-87.471,33.709],[-87.506,33.738],[-87.518,33.729],[-87.53,33.745],[-87.53,33.775],[-87.553,33.782],[-87.566,33.802],[-87.585,33.806],[-87.604,33.779],[-87.603,33.769],[-87.591,33.759],[-87.549,33.752],[-87.549,33.742],[-87.606,33.715],[-87.643,33.745],[-87.651,33.742],[-87.655,33.77],[-87.637,33.793],[-87.64,33.806],[-87.626,33.813],[-87.623,33.824],[-87.657,33.826],[-87.652,33.835],[-87.675,33.825],[-87.684,33.832],[-87.715,33.827],[-87.71,33.849],[-87.733,33.85],[-87.736,33.831],[-87.744,33.828],[-87.772,33.847],[-87.805,33.822],[-87.811,33.836],[-87.822,33.84],[-87.844,33.834],[-87.84,33.828],[-87.865,33.829],[-87.864,33.812],[-87.87,33.81],[-87.884,33.824],[-87.918,33.833],[-87.938,33.852],[-87.938,33.862],[-87.997,33.847],[-87.979,33.794],[-87.964,33.801],[-87.955,33.797],[-87.949,33.77],[-87.971,33.763],[-87.983,33.746],[-87.985,33.737],[-87.969,33.738],[-87.96,33.761],[-87.951,33.734],[-87.977,33.734],[-87.986,33.727],[-87.984,33.706],[-87.99,33.709],[-87.997,33.699],[-88.001,33.665],[-88.035,33.68],[-88.044,33.673],[-88.038,33.634],[-88.03,33.633],[-88.023,33.645],[-88.004,33.642],[-88.029,33.62],[-88.009,33.594],[-88.022,33.585],[-88.012,33.578],[-88.025,33.569],[-88.001,33.559],[-87.994,33.536],[-88.01,33.527],[-88.001,33.526],[-87.997,33.51],[-88.022,33.491],[-88.033,33.464],[-88.056,33.446],[-88.073,33.478],[-88.11,33.471],[-88.105,33.442],[-88.148,33.459],[-88.151,33.451],[-88.141,33.409],[-88.117,33.403],[-88.104,33.41],[-88.105,33.401],[-88.096,33.397],[-88.121,33.366],[-88.113,33.363],[-88.114,33.317],[-88.067,33.3],[-88.032,33.336],[-88.009,33.307],[-87.949,33.304],[-87.949,33.298],[-87.955,33.287],[-87.969,33.287],[-87.964,33.261],[-87.968,33.253],[-87.979,33.253],[-87.967,33.231],[-87.985,33.203],[-88.014,33.205],[-88.03,33.182],[-88.047,33.18],[-88.063,33.163],[-88.038,33.141],[-88.061,33.097],[-88.049,33.09],[-88.062,33.08],[-88.027,33.064],[-88.031,33.053],[-88.04,33.059],[-88.031,33.042],[-88.041,33.042],[-88.044,33.033],[-88.078,33.053],[-88.074,33.044],[-88.084,33.046],[-88.083,33.036],[-88.106,33.033],[-88.115,33.042],[-88.15,33.037],[-88.143,33.025],[-88.163,33.02],[-88.173,33],[-88.169,32.973],[-88.158,32.961],[-88.17,32.954],[-88.185,32.962],[-88.187,32.952],[-88.172,32.943],[-88.173,32.935],[-88.198,32.936],[-88.208,32.924],[-88.19,32.911],[-88.182,32.874],[-88.155,32.853],[-88.168,32.837],[-88.182,32.836],[-88.185,32.816],[-88.197,32.816],[-88.19,32.825],[-88.198,32.828],[-88.208,32.822],[-88.203,32.808],[-88.216,32.81],[-88.229,32.789],[-88.263,32.781],[-88.249,32.757],[-88.271,32.744],[-88.263,32.72],[-88.268,32.705],[-88.242,32.709],[-88.253,32.678],[-88.226,32.678],[-88.226,32.635],[-88.22,32.634],[-88.217,32.664],[-88.206,32.678],[-88.191,32.672],[-88.175,32.685],[-88.173,32.678],[-88.149,32.678],[-88.149,32.672],[-88.134,32.682],[-88.117,32.682],[-88.11,32.691],[-88.078,32.684],[-88.051,32.697],[-88.041,32.688],[-88.058,32.674],[-88.055,32.646],[-88.077,32.641],[-88.081,32.628],[-88.057,32.593],[-88.007,32.601],[-87.932,32.632],[-87.918,32.63],[-87.906,32.615],[-87.858,32.621],[-87.843,32.609],[-87.855,32.59],[-87.867,32.609],[-87.883,32.61],[-87.899,32.599],[-87.875,32.572],[-87.874,32.544],[-87.844,32.529],[-87.844,32.518],[-87.905,32.523],[-87.947,32.489],[-87.962,32.465],[-88.032,32.434],[-88.04,32.42],[-88.046,32.375],[-88.017,32.369],[-87.985,32.343],[-87.971,32.344],[-87.933,32.311],[-88.149,32.308],[-88.17,32.336],[-88.183,32.333],[-88.174,32.362],[-88.189,32.359],[-88.196,32.376],[-88.208,32.347],[-88.223,32.362],[-88.237,32.357],[-88.279,32.363],[-88.286,32.328],[-88.322,32.308],[-88.421,32.309],[-88.473,31.898],[-88.463,31.672],[-88.484,31.67],[-88.489,31.691],[-88.505,31.686],[-88.502,31.68],[-88.512,31.678],[-88.523,31.66],[-88.526,31.653],[-88.515,31.64],[-88.522,31.61],[-88.513,31.59],[-88.523,31.567],[-88.536,31.567],[-88.542,31.582],[-88.559,31.574],[-88.562,31.582],[-88.589,31.579],[-88.622,31.599],[-88.643,31.594],[-88.645,31.586],[-88.631,31.571],[-88.64,31.564],[-88.633,31.556],[-88.627,31.553],[-88.629,31.567],[-88.605,31.569],[-88.608,31.553],[-88.621,31.551],[-88.62,31.522],[-88.655,31.521],[-88.66,31.476],[-88.688,31.476],[-88.692,31.468],[-88.702,31.476],[-88.74,31.477],[-88.74,31.434],[-88.77,31.435],[-88.76,31.453],[-88.769,31.458],[-88.774,31.438],[-88.798,31.434],[-88.791,31.431],[-88.799,31.432],[-88.796,31.444],[-88.83,31.448],[-88.824,31.466],[-88.836,31.492],[-88.824,31.504],[-88.838,31.505],[-88.849,31.521],[-88.84,31.554],[-88.85,31.561],[-88.883,31.552],[-88.881,31.563],[-88.859,31.56],[-88.867,31.564],[-88.872,31.61],[-88.897,31.627],[-88.892,31.637],[-88.898,31.654],[-88.886,31.656],[-88.893,31.677],[-88.889,31.692],[-88.848,31.698],[-88.862,31.726],[-88.86,31.744],[-88.852,31.747],[-88.889,31.732],[-88.903,31.714],[-88.914,31.742],[-88.893,31.741],[-88.89,31.752],[-88.911,31.774],[-88.905,31.785],[-88.94,31.78],[-88.959,31.769],[-88.969,31.775],[-88.962,31.787],[-88.99,31.788],[-88.991,31.755],[-89,31.755],[-89.011,31.741],[-89.004,31.76],[-89.037,31.771],[-89.037,31.785],[-89.057,31.773],[-89.054,31.785],[-89.076,31.786],[-89.071,31.803],[-89.083,31.816],[-89.08,31.842],[-89.096,31.843],[-89.097,31.857],[-89.109,31.857],[-89.109,31.876],[-89.116,31.875],[-89.116,31.919],[-89.103,31.919],[-89.101,31.943],[-89.091,31.944],[-89.078,31.926],[-89.072,31.94],[-89.064,31.916],[-89.065,31.962],[-89.015,31.965],[-89.021,32.019],[-89.01,32.01],[-89.009,31.981],[-88.999,31.962],[-88.969,31.963],[-88.972,31.986],[-88.961,32.01],[-88.983,32.012],[-88.992,32.023],[-88.989,32.034],[-89.018,32.04],[-89.027,32.049],[-89.113,32.05],[-89.117,32.029],[-89.148,32.021],[-89.144,32.007],[-89.154,31.999],[-89.168,31.998],[-89.192,32.019],[-89.194,32.01],[-89.229,31.997],[-89.227,32.011],[-89.244,32.001],[-89.26,32.006],[-89.258,32.016],[-89.236,32.017],[-89.235,32.055],[-89.241,32.064],[-89.254,32.067],[-89.258,32.056],[-89.27,32.056],[-89.266,32.06],[-89.275,32.059],[-89.283,32.072],[-89.298,32.063],[-89.314,32.03],[-89.322,32.032],[-89.325,31.995],[-89.347,31.986],[-89.367,32.006],[-89.386,32.012],[-89.384,32],[-89.403,32.003],[-89.408,31.976],[-89.419,31.974],[-89.412,31.957],[-89.401,31.962],[-89.403,31.956],[-89.394,31.952],[-89.394,31.926],[-89.373,31.912],[-89.368,31.899],[-89.351,31.885],[-89.321,31.882],[-89.317,31.874],[-89.317,31.802],[-89.325,31.802],[-89.325,31.795],[-89.315,31.788],[-89.315,31.778],[-89.326,31.772],[-89.313,31.765],[-89.315,31.752],[-89.338,31.752],[-89.34,31.745],[-89.326,31.734],[-89.354,31.703],[-89.37,31.707],[-89.393,31.684],[-89.401,31.686],[-89.407,31.707],[-89.438,31.694],[-89.449,31.708],[-89.46,31.707],[-89.441,31.719],[-89.448,31.723],[-89.443,31.742],[-89.456,31.74],[-89.459,31.724],[-89.481,31.727],[-89.462,31.755],[-89.485,31.772],[-89.495,31.77],[-89.506,31.748],[-89.519,31.758],[-89.533,31.747],[-89.549,31.75],[-89.541,31.734],[-89.557,31.734],[-89.561,31.756],[-89.606,31.752],[-89.587,31.727],[-89.587,31.697],[-89.612,31.697],[-89.601,31.686],[-89.609,31.682],[-89.646,31.692],[-89.662,31.676],[-89.66,31.667],[-89.671,31.667],[-89.671,31.657],[-89.681,31.676],[-89.698,31.664],[-89.694,31.684],[-89.705,31.674],[-89.753,31.687],[-89.756,31.644],[-89.76,31.657],[-89.776,31.658],[-89.769,31.662],[-89.775,31.675],[-89.788,31.668],[-89.818,31.672],[-89.812,31.684],[-89.78,31.679],[-89.778,31.686],[-89.783,31.702],[-89.81,31.69],[-89.81,31.697],[-89.786,31.707],[-89.791,31.733],[-89.802,31.734],[-89.797,31.718],[-89.807,31.711],[-89.823,31.72],[-89.823,31.734],[-89.811,31.741],[-89.834,31.748],[-89.858,31.737],[-89.848,31.715],[-89.855,31.685],[-89.889,31.691],[-89.898,31.685],[-89.896,31.677],[-89.91,31.685],[-89.913,31.68],[-89.924,31.703],[-89.935,31.696],[-89.945,31.711],[-89.95,31.688],[-89.975,31.684],[-89.962,31.673],[-89.961,31.66],[-89.948,31.653],[-89.936,31.626],[-89.975,31.625],[-89.973,31.58],[-89.968,31.573],[-89.945,31.573],[-89.946,31.563],[-89.967,31.55],[-89.952,31.542],[-89.962,31.522],[-89.959,31.48],[-89.973,31.471],[-89.98,31.475],[-89.989,31.46],[-90.002,31.464],[-90.016,31.456],[-90.033,31.478],[-90.045,31.481],[-90.033,31.481],[-90.035,31.512],[-90.049,31.509],[-90.069,31.484],[-90.052,31.475],[-90.056,31.466],[-90.069,31.466],[-90.05,31.464],[-90.052,31.442],[-90.04,31.447],[-90.047,31.437],[-90.027,31.429],[-90.014,31.44],[-90.004,31.432],[-90.011,31.431],[-90.006,31.424],[-90.016,31.428],[-90.016,31.419],[-89.998,31.421],[-90.018,31.41],[-89.998,31.394],[-90.04,31.395],[-90.044,31.355],[-90.071,31.376],[-90.128,31.372],[-90.12,31.385],[-90.124,31.401],[-90.11,31.401],[-90.1,31.418],[-90.104,31.439],[-90.13,31.425],[-90.125,31.407],[-90.159,31.398],[-90.172,31.403],[-90.166,31.411],[-90.188,31.415],[-90.148,31.414],[-90.158,31.434],[-90.142,31.443],[-90.156,31.464],[-90.144,31.482],[-90.177,31.482],[-90.181,31.467],[-90.206,31.467],[-90.21,31.483],[-90.245,31.488],[-90.243,31.473],[-90.265,31.459],[-90.256,31.453],[-90.258,31.445],[-90.279,31.449],[-90.29,31.473],[-90.301,31.459],[-90.346,31.472],[-90.356,31.465],[-90.36,31.458],[-90.347,31.452],[-90.29,31.449],[-90.286,31.435],[-90.303,31.417],[-90.329,31.411],[-90.321,31.396],[-90.331,31.382],[-90.338,31.387],[-90.363,31.326],[-90.382,31.307],[-90.337,31.306],[-90.319,31.324],[-90.302,31.326],[-90.294,31.313],[-90.295,31.291],[-90.254,31.296],[-90.255,31.286],[-90.248,31.286],[-90.235,31.294],[-90.234,31.282],[-90.195,31.278],[-90.188,31.256],[-90.176,31.267],[-90.159,31.268],[-90.159,31.284],[-90.152,31.288],[-90.082,31.283],[-90.086,31.267],[-90.056,31.262],[-90.052,31.227],[-90.032,31.227],[-90.032,31.205],[-90.052,31.205],[-90.032,31.195],[-90.043,31.187],[-90.044,31.175],[-90.028,31.183],[-90.027,31.176],[-90.006,31.176],[-90.006,31.166],[-89.946,31.148],[-89.966,31.139],[-89.964,31.124],[-89.976,31.113],[-89.968,31.103],[-89.95,31.115],[-89.93,31.111],[-89.929,31.09],[-89.946,31.074],[-89.921,31.072],[-89.921,31.063],[-89.932,31.048],[-89.97,31.052],[-89.947,31.036],[-89.936,31.038],[-89.934,31.013],[-89.948,30.998],[-89.959,30.961],[-89.98,30.957],[-89.979,30.95],[-89.995,30.937],[-89.999,30.925],[-89.987,30.922],[-90.013,30.91],[-90.006,30.895],[-89.992,30.899],[-89.998,30.871],[-89.975,30.885],[-89.923,30.888],[-89.916,30.872],[-89.904,30.873],[-89.907,30.883],[-89.881,30.878],[-89.885,30.865],[-89.872,30.855],[-89.836,30.859],[-89.832,30.832],[-89.792,30.84],[-89.789,30.83],[-89.782,30.833],[-89.788,30.823],[-89.782,30.818],[-89.797,30.822],[-89.804,30.803],[-89.816,30.804],[-89.803,30.791],[-89.812,30.787],[-89.818,30.796],[-89.819,30.783],[-89.83,30.783],[-89.828,30.77],[-89.835,30.772],[-89.826,30.759],[-89.833,30.753],[-89.822,30.755],[-89.829,30.738],[-89.816,30.738],[-89.837,30.735],[-89.828,30.733],[-89.836,30.727],[-89.826,30.727],[-89.831,30.715],[-89.843,30.72],[-89.84,30.712],[-89.847,30.706],[-89.837,30.703],[-89.835,30.691],[-89.845,30.691],[-89.837,30.688],[-89.837,30.677],[-89.847,30.669],[-89.838,30.67],[-89.852,30.661],[-89.841,30.661],[-89.841,30.652],[-89.834,30.658],[-89.82,30.646],[-89.822,30.638],[-89.814,30.639],[-89.831,30.617],[-89.821,30.62],[-89.823,30.607],[-89.814,30.608],[-89.822,30.603],[-89.807,30.588],[-89.816,30.586],[-89.808,30.567],[-89.794,30.57],[-89.792,30.564],[-89.787,30.57],[-89.792,30.562],[-89.804,30.562],[-89.792,30.548],[-89.804,30.549],[-89.78,30.545],[-89.769,30.53],[-89.768,30.513],[-89.757,30.519],[-89.759,30.506],[-89.752,30.508],[-89.757,30.499],[-89.746,30.503],[-89.742,30.497],[-89.748,30.493],[-89.726,30.493],[-89.724,30.482],[-89.71,30.478],[-89.706,30.465],[-89.683,30.452],[-89.677,30.418],[-89.684,30.406],[-89.66,30.374],[-89.657,30.356],[-89.63,30.34],[-89.634,30.321],[-89.626,30.314],[-89.641,30.307],[-89.641,30.294],[-89.648,30.291],[-89.631,30.28],[-89.625,30.263],[-89.632,30.257],[-89.614,30.245],[-89.616,30.223],[-89.601,30.216],[-89.574,30.181],[-89.54,30.196],[-89.525,30.181],[-89.556,30.181],[-89.572,30.17],[-89.576,30.157],[-89.595,30.15],[-89.654,30.162],[-89.686,30.181],[-89.718,30.167],[-89.733,30.178],[-89.753,30.18],[-89.755,30.189],[-89.754,30.178],[-89.762,30.192],[-89.755,30.198],[-89.761,30.194],[-89.796,30.214],[-89.824,30.218],[-89.856,30.155],[-89.866,30.153],[-89.868,30.132],[-89.877,30.14],[-89.87,30.147],[-89.88,30.149],[-89.943,30.076],[-90.012,30.038],[-90.031,30.053],[-90.031,30.034],[-90.038,30.031],[-90.046,30.036],[-90.082,30.027],[-90.12,30.03],[-90.137,30.021],[-90.134,30.127],[-90.125,30.172],[-90.156,30.02],[-90.258,30.048],[-90.374,30.058],[-90.405,30.078],[-90.4,30.088],[-90.409,30.081],[-90.427,30.112],[-90.434,30.147],[-90.428,30.182],[-90.405,30.218],[-90.357,30.24],[-90.322,30.283],[-90.302,30.295],[-90.35,30.297],[-90.373,30.283],[-90.486,30.277],[-90.484,30.333],[-90.474,30.349],[-90.479,30.358],[-90.49,30.356],[-90.492,30.366],[-90.504,30.363],[-90.501,30.384],[-90.515,30.392],[-90.52,30.416],[-90.533,30.419],[-90.53,30.427],[-90.544,30.435],[-90.509,30.454],[-90.479,30.448],[-90.47,30.452],[-90.474,30.458],[-90.453,30.458],[-90.439,30.479],[-90.414,30.479],[-90.421,30.469],[-90.414,30.465],[-90.402,30.467],[-90.398,30.479],[-90.339,30.48],[-90.364,30.494],[-90.358,30.517],[-90.363,30.549],[-90.328,30.549],[-90.328,30.563],[-90.306,30.554],[-90.294,30.529],[-90.308,30.505],[-90.244,30.504],[-90.245,30.555],[-90.261,30.55],[-90.261,30.575],[-90.275,30.583],[-90.281,30.607],[-90.295,30.607],[-90.295,30.621],[-90.312,30.621],[-90.312,30.632],[-90.295,30.632],[-90.295,30.65],[-90.278,30.65],[-90.278,30.636],[-90.263,30.636],[-90.261,30.617],[-90.249,30.616],[-90.243,30.645],[-90.253,30.664],[-90.254,30.737],[-90.267,30.752],[-90.263,30.766],[-90.294,30.808],[-90.29,30.823],[-90.318,30.872],[-90.317,30.891],[-90.33,30.891],[-90.33,30.901],[-90.307,30.909],[-90.328,30.915],[-90.335,30.926],[-90.308,30.946],[-90.31,30.953],[-90.317,30.957],[-90.317,30.951],[-90.347,30.942],[-90.347,31],[-90.912,31],[-90.936,31.024],[-90.936,31.038],[-90.921,31.054],[-90.933,31.053],[-90.937,31.06],[-90.948,31.05],[-90.963,31.104],[-90.986,31.101],[-90.996,31.118],[-91.025,31.126],[-91.026,31.181],[-91.041,31.171],[-91.042,31.159],[-91.051,31.168],[-91.042,31.183],[-91.061,31.174],[-91.127,31.174],[-91.128,31.19],[-91.144,31.186],[-91.143,31.174],[-91.243,31.175],[-91.233,31.185],[-91.24,31.218],[-91.211,31.229],[-91.19,31.225],[-91.156,31.257],[-91.156,31.246],[-91.135,31.235],[-91.134,31.248],[-91.147,31.261],[-91.094,31.282],[-91.074,31.265],[-91.059,31.268],[-91.06,31.26],[-91.023,31.26],[-91.032,31.278],[-91.045,31.28],[-91.034,31.296],[-91.061,31.306],[-91.063,31.298],[-91.08,31.296],[-91.095,31.321],[-91.069,31.328],[-91.066,31.339],[-91.057,31.33],[-91.042,31.336],[-91.042,31.363],[-91.025,31.363],[-91.024,31.378],[-91.007,31.378],[-91.007,31.391],[-90.994,31.393],[-90.968,31.433],[-90.953,31.432],[-90.944,31.445],[-90.922,31.453],[-90.943,31.46],[-90.923,31.469],[-90.945,31.476],[-90.965,31.474],[-90.977,31.459],[-90.993,31.468],[-90.982,31.489],[-90.957,31.481],[-90.933,31.479],[-90.933,31.488],[-90.914,31.483],[-90.921,31.497],[-90.909,31.509],[-90.916,31.52],[-90.908,31.523],[-90.906,31.552],[-90.923,31.552],[-90.923,31.567],[-90.94,31.567],[-90.94,31.611],[-90.709,31.611],[-90.7,31.621],[-90.684,31.621],[-90.692,31.64],[-90.67,31.649],[-90.672,31.661],[-90.65,31.679],[-90.65,31.692],[-90.721,31.698],[-90.724,31.715],[-90.737,31.725],[-90.712,31.742],[-90.7,31.742],[-90.692,31.756],[-90.7,31.772],[-90.686,31.774],[-90.693,31.78],[-90.671,31.791],[-90.67,31.831],[-90.659,31.833],[-90.659,31.823],[-90.644,31.823],[-90.656,31.838],[-90.642,31.845],[-90.623,31.875],[-90.663,31.886],[-90.681,31.881],[-90.692,31.895],[-90.695,31.888],[-90.716,31.9],[-90.715,31.927],[-90.686,31.934],[-90.669,31.95],[-90.647,31.935],[-90.632,31.934],[-90.624,31.948],[-90.564,31.952],[-90.563,31.961],[-90.546,31.962],[-90.557,31.97],[-90.564,31.993],[-90.503,31.993],[-90.499,32],[-90.487,31.995],[-90.483,32.006],[-90.468,32.007],[-90.471,32.033],[-90.445,32.124],[-90.45,32.15],[-90.405,32.136],[-90.385,32.146],[-90.384,32.136],[-90.371,32.148],[-90.377,32.166],[-90.392,32.167],[-90.42,32.188],[-90.375,32.188],[-90.375,32.17],[-90.365,32.171],[-90.368,32.188],[-90.332,32.19],[-90.343,32.199],[-90.346,32.215],[-90.305,32.203],[-90.305,32.21],[-90.297,32.21],[-90.297,32.225],[-90.279,32.232],[-90.279,32.24],[-90.266,32.239],[-90.264,32.216],[-90.252,32.216],[-90.247,32.203],[-90.228,32.222],[-90.22,32.221],[-90.223,32.21],[-90.191,32.21],[-90.185,32.219],[-90.209,32.235],[-90.199,32.24],[-90.206,32.252],[-90.185,32.261],[-90.179,32.29],[-90.171,32.284],[-90.151,32.291],[-90.163,32.306],[-90.15,32.312],[-90.152,32.324],[-90.142,32.321],[-90.129,32.332],[-90.144,32.338],[-90.165,32.334],[-90.153,32.348],[-90.146,32.38],[-90.149,32.412],[-90.181,32.4],[-90.244,32.4],[-90.244,32.441],[-90.214,32.436],[-90.223,32.451],[-90.202,32.451],[-90.201,32.444],[-90.19,32.447],[-90.191,32.455],[-90.176,32.451],[-90.164,32.457],[-90.158,32.451],[-90.156,32.459],[-90.152,32.451],[-90.118,32.45],[-90.122,32.44],[-90.113,32.44],[-90.106,32.427],[-90.07,32.428],[-90.071,32.45],[-90.069,32.438],[-90.043,32.44],[-90.019,32.478],[-90.004,32.486],[-89.992,32.483],[-89.982,32.498],[-89.961,32.491],[-89.941,32.508],[-89.943,32.519],[-89.971,32.521],[-89.976,32.514],[-89.991,32.515],[-90,32.5],[-90.018,32.498],[-90.025,32.484],[-90.045,32.488],[-90.055,32.478],[-90.086,32.493],[-90.075,32.506],[-90.086,32.512],[-90.06,32.542],[-90.069,32.543],[-90.06,32.561],[-90.079,32.561],[-90.074,32.558],[-90.084,32.554],[-90.081,32.561],[-90.089,32.568],[-90.091,32.547],[-90.117,32.543],[-90.112,32.561],[-90.136,32.558],[-90.137,32.583],[-90.15,32.579],[-90.147,32.609],[-90.194,32.608],[-90.201,32.598],[-90.23,32.607],[-90.26,32.632],[-90.264,32.622],[-90.302,32.619],[-90.316,32.628],[-90.311,32.641],[-90.302,32.647],[-90.286,32.643],[-90.278,32.661],[-90.194,32.665],[-90.192,32.673],[-90.155,32.692],[-90.136,32.688],[-90.132,32.703],[-90.099,32.7],[-90.076,32.73],[-90.049,32.735],[-90.026,32.775],[-90.026,32.764],[-89.989,32.762],[-89.991,32.749],[-89.973,32.75],[-89.947,32.801],[-89.937,32.807],[-89.909,32.807],[-89.904,32.798],[-89.909,32.778],[-89.883,32.784],[-89.874,32.793],[-89.883,32.801],[-89.883,32.823],[-89.86,32.843],[-89.874,32.845],[-89.891,32.836],[-89.891,32.86],[-89.931,32.865],[-89.931,32.908],[-89.949,32.916],[-89.925,32.946],[-89.986,32.967],[-89.986,32.992],[-89.959,32.985],[-89.95,33.002],[-89.955,33.011],[-89.965,33.011],[-89.957,33.003],[-89.993,33.011],[-89.999,33.03],[-90.014,33.011],[-90.032,33.008],[-90.039,32.978],[-90.034,32.967],[-90.067,32.967],[-90.069,32.952],[-90.095,32.961],[-90.098,32.942],[-90.102,32.953],[-90.148,32.944],[-90.214,32.963],[-90.233,32.95],[-90.198,32.953],[-90.214,32.931],[-90.235,32.955],[-90.26,32.941],[-90.274,32.952],[-90.266,32.972],[-90.247,32.979],[-90.263,32.984],[-90.265,32.977],[-90.278,32.977],[-90.274,32.988],[-90.338,33.01],[-90.343,33.022],[-90.354,33.012],[-90.373,33.013],[-90.383,33.023],[-90.384,33.048],[-90.417,33.049],[-90.428,33.057],[-90.433,33.097],[-90.452,33.083],[-90.476,33.088],[-90.483,33.1],[-90.491,33.098],[-90.497,33.114],[-90.508,33.113],[-90.516,33.124],[-90.555,33.124],[-90.555,33.094],[-90.702,33.096],[-90.697,33.058],[-90.719,33.047],[-90.701,33.041],[-90.739,33.018],[-90.756,33.031],[-90.755,33.048],[-90.778,33.068],[-90.813,33.079],[-90.814,33.096],[-90.914,33.097],[-90.914,33.07],[-90.874,33.063],[-90.866,33.068],[-90.855,33.058],[-90.892,33.047],[-90.914,33.054],[-90.914,33.008],[-90.951,33.008],[-90.961,33.027],[-90.99,33.034],[-91.03,33.031],[-91.044,33.069],[-91.035,33.088],[-91.05,33.105],[-91.13,33.105],[-91.14,33.097],[-91.132,33.08],[-91.099,33.083],[-91.081,33.067],[-91.089,33.051],[-91.126,33.04],[-91.122,33.061],[-91.199,33.106],[-91.202,33.125],[-91.184,33.142],[-91.161,33.142],[-91.138,33.129],[-91.11,33.13],[-91.089,33.142],[-91.084,33.181],[-91.092,33.221],[-91.071,33.227],[-91.052,33.248],[-91.044,33.278],[-91.066,33.294],[-91.086,33.286],[-91.1,33.238],[-91.128,33.268],[-91.125,33.28],[-91.141,33.297],[-91.144,33.329],[-91.141,33.351],[-91.062,33.421],[-91.058,33.446],[-91.068,33.455],[-91.086,33.452],[-91.097,33.438],[-91.101,33.406],[-91.145,33.379],[-91.184,33.386],[-91.209,33.409],[-91.2,33.418],[-91.175,33.417],[-91.132,33.43],[-91.117,33.45],[-91.125,33.473],[-91.136,33.481],[-91.171,33.498],[-91.177,33.478],[-91.169,33.452],[-91.177,33.444],[-91.203,33.434],[-91.236,33.439],[-91.232,33.457],[-91.207,33.47],[-91.183,33.498],[-91.187,33.511],[-91.222,33.535],[-91.232,33.56],[-91.219,33.569],[-91.157,33.578],[-91.134,33.594],[-91.13,33.606],[-91.14,33.627],[-91.175,33.65],[-91.216,33.66],[-91.229,33.678],[-91.208,33.7],[-91.162,33.707],[-91.127,33.672],[-91.094,33.658],[-91.042,33.669],[-91.031,33.678],[-91.03,33.688],[-91.06,33.715],[-91.101,33.705],[-91.126,33.709],[-91.147,33.73],[-91.145,33.767],[-91.13,33.784],[-91.107,33.771],[-91.054,33.779],[-91.023,33.763],[-90.991,33.777],[-90.992,33.793],[-91.045,33.814],[-91.073,33.855],[-91.071,33.867],[-91.01,33.929],[-91.03,33.942],[-91.086,33.957],[-91.09,33.97],[-91.075,33.984],[-91.048,33.985],[-91.018,34.003],[-91,33.966],[-90.971,33.962],[-90.961,33.979],[-90.98,33.998],[-90.988,34.019],[-90.943,34.018],[-90.89,34.028],[-90.889,34.052],[-90.872,34.087],[-90.886,34.098],[-90.924,34.095],[-90.956,34.12],[-90.862,34.121],[-90.84,34.112],[-90.85,34.099],[-90.834,34.102],[-90.808,34.095],[-90.811,34.087],[-90.8,34.079],[-90.765,34.077],[-90.765,34.061],[-90.754,34.059],[-90.747,34.045],[-90.728,34.079],[-90.714,34.08],[-90.717,34.09],[-90.749,34.09],[-90.759,34.101],[-90.759,34.09],[-90.795,34.088],[-90.799,34.121],[-90.69,34.119],[-90.692,34.113],[-90.677,34.119],[-90.677,34.134],[-90.691,34.129],[-90.714,34.148],[-90.712,34.163],[-90.764,34.162],[-90.764,34.177],[-90.898,34.187],[-90.933,34.215],[-90.937,34.235],[-90.929,34.245],[-90.908,34.245],[-90.895,34.224],[-90.848,34.207],[-90.828,34.274],[-90.801,34.283],[-90.767,34.28],[-90.743,34.302],[-90.743,34.322],[-90.768,34.347],[-90.766,34.362],[-90.678,34.371],[-90.693,34.323],[-90.678,34.313],[-90.661,34.315],[-90.657,34.328],[-90.667,34.356],[-90.656,34.377],[-90.609,34.393],[-90.571,34.42],[-90.566,34.437],[-90.587,34.464],[-90.588,34.496],[-90.58,34.515],[-90.549,34.535],[-90.541,34.551],[-90.587,34.616],[-90.583,34.644],[-90.589,34.669],[-90.567,34.694],[-90.552,34.697],[-90.538,34.674],[-90.553,34.66],[-90.555,34.642],[-90.532,34.627],[-90.512,34.634],[-90.467,34.672],[-90.463,34.69],[-90.472,34.7],[-90.533,34.697],[-90.568,34.725],[-90.564,34.739],[-90.536,34.748],[-90.548,34.785],[-90.526,34.802],[-90.514,34.801],[-90.501,34.775],[-90.525,34.751],[-90.52,34.732],[-90.485,34.724],[-90.453,34.738],[-90.452,34.752],[-90.475,34.793],[-90.457,34.824],[-90.484,34.861],[-90.48,34.883],[-90.462,34.892],[-90.438,34.885],[-90.429,34.869],[-90.429,34.841],[-90.411,34.832],[-90.34,34.86],[-90.311,34.844],[-90.303,34.858],[-90.313,34.872],[-90.248,34.91],[-90.246,34.945],[-90.302,34.982],[-90.31,35.001],[-90.338,35.002],[-90.338,35.024],[-90.349,35.024],[-90.356,35.039],[-90.391,35.015],[-90.402,35.017],[-90.4,35.148],[-90.445,35.146],[-90.445,35.155],[-90.444,35.169],[-90.43,35.178],[-90.4,35.178],[-90.396,35.316],[-90.353,35.315],[-90.343,35.308],[-90.236,35.309],[-90.229,35.291],[-90.201,35.295],[-90.201,35.309],[-90.163,35.311],[-90.142,35.299],[-90.106,35.307],[-90.097,35.346],[-90.075,35.384],[-90.114,35.411],[-90.131,35.414],[-90.146,35.402],[-90.137,35.376],[-90.172,35.377],[-90.179,35.386],[-90.169,35.422],[-90.14,35.437],[-90.206,35.438],[-90.183,35.467],[-90.144,35.466],[-90.144,35.459],[-90.129,35.453],[-90.139,35.44],[-90.132,35.44],[-90.115,35.473],[-90.084,35.479],[-90.067,35.466],[-90.074,35.434],[-90.062,35.415],[-90.069,35.408],[-90.054,35.389],[-90.042,35.396],[-90.057,35.404],[-90.027,35.438],[-90.019,35.469],[-90.028,35.476],[-90.007,35.467],[-90.019,35.494],[-90.01,35.514],[-89.972,35.531],[-89.923,35.514],[-89.91,35.519],[-89.904,35.532],[-89.914,35.536],[-89.91,35.547],[-89.941,35.556],[-89.958,35.588],[-89.912,35.618],[-89.896,35.615],[-89.857,35.634],[-89.851,35.657],[-89.86,35.67],[-89.897,35.651],[-89.937,35.665],[-89.957,35.695],[-89.959,35.728],[-89.948,35.74],[-89.909,35.76],[-89.877,35.741],[-89.846,35.756],[-89.821,35.757],[-89.799,35.775],[-89.794,35.795],[-89.765,35.811],[-89.712,35.807],[-89.686,35.819],[-89.672,35.809],[-89.662,35.817],[-89.627,35.809],[-89.609,35.824],[-89.611,35.849],[-89.597,35.862],[-89.597,35.881],[-89.538,35.876],[-89.519,35.884],[-89.514,35.868],[-89.491,35.851],[-89.482,35.855],[-89.482,35.83],[-89.453,35.816],[-89.457,35.805],[-89.424,35.824],[-89.432,35.8],[-89.447,35.806],[-89.459,35.793],[-89.432,35.776],[-89.438,35.767],[-89.421,35.757],[-89.416,35.738],[-89.406,35.745],[-89.352,35.736],[-89.35,35.75],[-89.33,35.754],[-89.336,35.764],[-89.333,35.789],[-89.31,35.773],[-89.286,35.773],[-89.271,35.755],[-89.247,35.753],[-89.259,35.748],[-89.249,35.74],[-89.171,35.695],[-89.169,35.654],[-89.143,35.616],[-89.108,35.616],[-89.119,35.604],[-89.12,35.582],[-89.073,35.572],[-89.077,35.47],[-89.097,35.484],[-89.114,35.484],[-89.116,35.478],[-89.095,35.469],[-89.097,35.462],[-89.089,35.465],[-89.104,35.461],[-89.106,35.469],[-89.118,35.467],[-89.124,35.474],[-89.145,35.466],[-89.178,35.467],[-89.176,35.482],[-89.198,35.497],[-89.189,35.457],[-89.212,35.45],[-89.224,35.422],[-89.245,35.42],[-89.248,35.406],[-89.281,35.414],[-89.299,35.399],[-89.357,35.4],[-89.357,35.39],[-89.412,35.389],[-89.415,35.356],[-89.404,35.349],[-89.399,35.331],[-89.413,35.331],[-89.431,35.352],[-89.452,35.356],[-89.489,35.337],[-89.483,35.326],[-89.498,35.316],[-89.485,35.313],[-89.507,35.293],[-89.573,35.293],[-89.56,35.273],[-89.551,35.273],[-89.555,35.239],[-89.548,35.239],[-89.548,35.229],[-89.571,35.218],[-89.548,35.184],[-89.569,35.181],[-89.569,35.175],[-89.556,35.175],[-89.572,35.155],[-89.565,35.147],[-89.566,35.123],[-89.587,35.123],[-89.587,35.109],[-89.599,35.097],[-89.584,35.089],[-89.613,35.071],[-89.609,35.064],[-89.595,35.066],[-89.589,35.058],[-89.594,35.05],[-89.577,35.043],[-89.581,35.011],[-89.572,35.007],[-89.572,34.995],[-89.466,34.994],[-89.472,34.983],[-89.452,34.976],[-89.459,34.949],[-89.442,34.947],[-89.441,34.914],[-89.433,34.906],[-89.459,34.911],[-89.452,34.888],[-89.426,34.896],[-89.431,34.903],[-89.423,34.902],[-89.415,34.923],[-89.413,34.906],[-89.422,34.892],[-89.411,34.863],[-89.391,34.866],[-89.401,34.869],[-89.382,34.89],[-89.362,34.874],[-89.375,34.86],[-89.353,34.861],[-89.353,34.844],[-89.299,34.844],[-89.299,34.852],[-89.29,34.852],[-89.26,34.839],[-89.245,34.816],[-89.264,34.815],[-89.26,34.797],[-89.266,34.789],[-89.257,34.787],[-89.253,34.772],[-89.263,34.769],[-89.266,34.758],[-89.287,34.749],[-89.288,34.76],[-89.299,34.764],[-89.303,34.726],[-89.33,34.707],[-89.362,34.723],[-89.369,34.716],[-89.37,34.701],[-89.358,34.694],[-89.382,34.683],[-89.397,34.634],[-89.413,34.638],[-89.418,34.647],[-89.413,34.664],[-89.432,34.685],[-89.462,34.685],[-89.458,34.648],[-89.528,34.659],[-89.528,34.639],[-89.545,34.63],[-89.55,34.604],[-89.566,34.601],[-89.574,34.578],[-89.594,34.557],[-89.627,34.555],[-89.613,34.569],[-89.617,34.577],[-89.636,34.583],[-89.651,34.577],[-89.653,34.562],[-89.642,34.555],[-89.645,34.54],[-89.599,34.55],[-89.599,34.539],[-89.608,34.537],[-89.617,34.519],[-89.635,34.519],[-89.65,34.505],[-89.657,34.516],[-89.657,34.502],[-89.675,34.505],[-89.67,34.496],[-89.683,34.488],[-89.686,34.495],[-89.689,34.486],[-89.696,34.491],[-89.703,34.477],[-89.72,34.492],[-89.722,34.419],[-89.699,34.382],[-89.692,34.391],[-89.684,34.379],[-89.721,34.379],[-89.715,34.257],[-89.725,34.229],[-89.721,34.211],[-89.739,34.224],[-89.73,34.221],[-89.726,34.229],[-89.748,34.236],[-89.741,34.222],[-89.753,34.229],[-89.75,34.237],[-89.767,34.245],[-89.783,34.241],[-89.782,34.226],[-89.791,34.222],[-89.785,34.208],[-89.77,34.204],[-89.747,34.182],[-89.735,34.178],[-89.732,34.184],[-89.721,34.176],[-89.721,34.164],[-89.734,34.164],[-89.739,34.147],[-89.767,34.145],[-89.769,34.136],[-89.761,34.13],[-89.777,34.135],[-89.773,34.12],[-89.781,34.116],[-89.756,34.113],[-89.766,34.099],[-89.762,34.089],[-89.739,34.093],[-89.734,34.087],[-89.74,34.057],[-89.726,34.035],[-89.691,34.033],[-89.669,34.057],[-89.668,34.05],[-89.646,34.04],[-89.635,34.013],[-89.616,34.022],[-89.597,34.051],[-89.57,34.063],[-89.508,34.067],[-89.507,33.915],[-89.457,33.933],[-89.454,33.953],[-89.381,33.952],[-89.38,33.942],[-89.412,33.938],[-89.398,33.921],[-89.411,33.924],[-89.453,33.9],[-89.47,33.898],[-89.465,33.879],[-89.477,33.881],[-89.477,33.872],[-89.476,33.861],[-89.448,33.867],[-89.434,33.846],[-89.415,33.855],[-89.427,33.875],[-89.411,33.879],[-89.403,33.853],[-89.396,33.853],[-89.403,33.905],[-89.401,33.914],[-89.39,33.914],[-89.395,33.887],[-89.383,33.853],[-89.39,33.846],[-89.381,33.848],[-89.38,33.836],[-89.404,33.814],[-89.437,33.804],[-89.507,33.809],[-89.507,33.762],[-89.49,33.762],[-89.487,33.745],[-89.474,33.74],[-89.464,33.722],[-89.417,33.719],[-89.366,33.692],[-89.371,33.66],[-89.355,33.653],[-89.359,33.641],[-89.351,33.63],[-89.342,33.629],[-89.339,33.649],[-89.314,33.651],[-89.297,33.64],[-89.274,33.654],[-89.278,33.667],[-89.319,33.663],[-89.338,33.691],[-89.35,33.687],[-89.34,33.722],[-89.192,33.722],[-89.192,33.739],[-89.174,33.734],[-89.166,33.691],[-89.195,33.675],[-89.178,33.663],[-89.186,33.628],[-89.158,33.628],[-89.158,33.606],[-89.151,33.605],[-89.167,33.6],[-89.16,33.591],[-89.162,33.576],[-89.152,33.573],[-89.156,33.555],[-89.182,33.534],[-89.199,33.534],[-89.2,33.527],[-89.254,33.518],[-89.24,33.506],[-89.214,33.508],[-89.211,33.496],[-89.227,33.475],[-89.225,33.46],[-89.24,33.46],[-89.24,33.45],[-89.279,33.46],[-89.3,33.452],[-89.332,33.453],[-89.336,33.429],[-89.332,33.413],[-89.305,33.391],[-89.279,33.387],[-89.272,33.394],[-89.262,33.383],[-89.269,33.327],[-89.264,33.297],[-89.241,33.319],[-89.222,33.28],[-89.201,33.282],[-89.21,33.258],[-89.205,33.241],[-89.179,33.233],[-89.179,33.21],[-89.172,33.202],[-89.179,33.197],[-89.156,33.189],[-89.151,33.18],[-89.164,33.171],[-89.157,33.17],[-89.157,33.157],[-89.165,33.157],[-89.166,33.167],[-89.178,33.164],[-89.174,33.175],[-89.182,33.19],[-89.206,33.198],[-89.205,33.191],[-89.213,33.192],[-89.214,33.17],[-89.201,33.159],[-89.197,33.137],[-89.214,33.137],[-89.214,33.109],[-89.222,33.109],[-89.22,33.104],[-89.254,33.102],[-89.226,33.089],[-89.244,33.072],[-89.247,33.051],[-89.209,33.051],[-89.195,33.025],[-89.251,33.021],[-89.247,33.013],[-89.275,33.016],[-89.286,33.008],[-89.272,32.996],[-89.276,32.988],[-89.319,33.001],[-89.319,32.953],[-89.303,32.941],[-89.306,32.932],[-89.294,32.932],[-89.291,32.916],[-89.297,32.912],[-89.28,32.899],[-89.287,32.876],[-89.251,32.863],[-89.243,32.87],[-89.22,32.865],[-89.23,32.843],[-89.256,32.847],[-89.275,32.862],[-89.31,32.836],[-89.305,32.814],[-89.319,32.812],[-89.318,32.686],[-89.346,32.679],[-89.353,32.649],[-89.318,32.649],[-89.318,32.625],[-89.3,32.628],[-89.291,32.62],[-89.282,32.632],[-89.266,32.608],[-89.316,32.576],[-89.271,32.585],[-89.258,32.615],[-89.25,32.615],[-89.246,32.643],[-89.221,32.661],[-89.223,32.686],[-89.204,32.69],[-89.216,32.673],[-89.198,32.667],[-89.193,32.679],[-89.185,32.671],[-89.182,32.701],[-89.19,32.704],[-89.171,32.721],[-89.163,32.715],[-89.164,32.724],[-89.156,32.728],[-89.15,32.714],[-89.134,32.717],[-89.134,32.694],[-89.111,32.673],[-89.11,32.639],[-89.075,32.626],[-89.065,32.654],[-89.031,32.664],[-89.023,32.66],[-89.027,32.677],[-89.013,32.693],[-88.979,32.693],[-88.963,32.669],[-88.93,32.669],[-88.915,32.679],[-88.915,32.637],[-88.932,32.633],[-88.926,32.589],[-88.943,32.561],[-88.931,32.521],[-88.915,32.511],[-88.915,32.45],[-88.897,32.455],[-88.869,32.434],[-88.825,32.442],[-88.83,32.451],[-88.814,32.443],[-88.776,32.443],[-88.797,32.471],[-88.794,32.577],[-88.767,32.576],[-88.768,32.523],[-88.752,32.529],[-88.756,32.509],[-88.727,32.468],[-88.702,32.472],[-88.704,32.513],[-88.665,32.525],[-88.655,32.546],[-88.63,32.543]],[[-88.143,32.453],[-88.201,32.443],[-88.208,32.432],[-88.195,32.427],[-88.184,32.408],[-88.138,32.422],[-88.118,32.4],[-88.092,32.42],[-88.054,32.417],[-88.059,32.425],[-88.073,32.424],[-88.059,32.434],[-88.062,32.448],[-88.086,32.441],[-88.143,32.453]],[[-88.663,32.405],[-88.655,32.415],[-88.633,32.413],[-88.639,32.427],[-88.632,32.439],[-88.671,32.443],[-88.671,32.429],[-88.658,32.428],[-88.663,32.405]],[[-89.327,32.572],[-89.336,32.573],[-89.345,32.559],[-89.323,32.56],[-89.327,32.572]],[[-89.847,33.481],[-89.827,33.488],[-89.787,33.486],[-89.795,33.503],[-89.834,33.515],[-89.834,33.524],[-89.802,33.53],[-89.795,33.522],[-89.786,33.53],[-89.786,33.543],[-89.808,33.553],[-89.786,33.566],[-89.786,33.635],[-89.798,33.642],[-89.786,33.641],[-89.787,33.677],[-89.851,33.677],[-89.851,33.629],[-89.864,33.625],[-89.87,33.633],[-89.893,33.633],[-89.902,33.621],[-89.907,33.57],[-89.897,33.557],[-89.889,33.562],[-89.881,33.547],[-89.867,33.544],[-89.873,33.525],[-89.9,33.518],[-89.876,33.516],[-89.868,33.507],[-89.867,33.494],[-89.883,33.486],[-89.875,33.473],[-89.858,33.472],[-89.847,33.481]],[[-90.753,33.54],[-90.74,33.558],[-90.743,33.543],[-90.723,33.546],[-90.733,33.558],[-90.711,33.558],[-90.708,33.573],[-90.698,33.56],[-90.659,33.544],[-90.659,33.603],[-90.623,33.611],[-90.623,33.602],[-90.606,33.602],[-90.62,33.616],[-90.619,33.666],[-90.649,33.681],[-90.691,33.664],[-90.723,33.675],[-90.754,33.631],[-90.781,33.631],[-90.781,33.624],[-90.798,33.618],[-90.798,33.646],[-90.876,33.645],[-90.876,33.674],[-90.903,33.674],[-90.902,33.603],[-90.919,33.599],[-90.921,33.53],[-90.764,33.529],[-90.764,33.539],[-90.753,33.54]],[[-89.28,33.601],[-89.272,33.6],[-89.272,33.61],[-89.28,33.61],[-89.28,33.601]],[[-90.637,34.359],[-90.631,34.359],[-90.631,34.375],[-90.638,34.377],[-90.65,34.362],[-90.637,34.359]],[[-89.565,34.83],[-89.548,34.84],[-89.554,34.86],[-89.494,34.861],[-89.498,34.884],[-89.519,34.881],[-89.52,34.901],[-89.504,34.915],[-89.513,34.944],[-89.543,34.966],[-89.565,34.963],[-89.567,34.948],[-89.58,34.938],[-89.588,34.879],[-89.618,34.881],[-89.618,34.875],[-89.592,34.872],[-89.591,34.861],[-89.618,34.861],[-89.618,34.841],[-89.6,34.836],[-89.6,34.823],[-89.577,34.829],[-89.565,34.82],[-89.565,34.83]],[[-90.618,31.44],[-90.64,31.398],[-90.671,31.423],[-90.693,31.416],[-90.724,31.439],[-90.757,31.418],[-90.759,31.391],[-90.778,31.385],[-90.78,31.355],[-90.808,31.339],[-90.808,31.331],[-90.788,31.328],[-90.786,31.315],[-90.659,31.262],[-90.681,31.263],[-90.678,31.259],[-90.687,31.259],[-90.683,31.247],[-90.703,31.258],[-90.682,31.233],[-90.725,31.232],[-90.702,31.232],[-90.697,31.19],[-90.68,31.188],[-90.668,31.204],[-90.661,31.201],[-90.616,31.239],[-90.616,31.222],[-90.6,31.225],[-90.605,31.244],[-90.568,31.261],[-90.611,31.253],[-90.638,31.257],[-90.633,31.297],[-90.61,31.333],[-90.608,31.359],[-90.577,31.372],[-90.595,31.396],[-90.616,31.4],[-90.616,31.422],[-90.607,31.422],[-90.603,31.408],[-90.59,31.407],[-90.58,31.436],[-90.612,31.444],[-90.616,31.452],[-90.618,31.44]]],[[[-101.019,36.058],[-100.54,36.056],[-100.54,35.619],[-100.38,35.62],[-100.38,35.605],[-100.362,35.605],[-100.362,35.619],[-100.34,35.619],[-100.304,35.561],[-100.273,35.561],[-100.272,35.546],[-100.254,35.546],[-100.256,35.503],[-100.249,35.491],[-100.208,35.484],[-100.191,35.491],[-100.146,35.469],[-100.132,35.478],[-100.093,35.473],[-100.088,35.482],[-100.084,35.467],[-100.047,35.446],[-100.041,35.447],[-100.041,35.461],[-100,35.466],[-99.998,34.312],[-100.059,34.312],[-100.059,34.287],[-100.095,34.291],[-100.094,34.312],[-100.289,34.312],[-100.285,34.274],[-100.304,34.224],[-100.301,34.208],[-100.306,34.201],[-100.348,34.196],[-100.349,34.185],[-100.368,34.168],[-100.394,34.201],[-100.411,34.202],[-100.411,34.208],[-100.392,34.208],[-100.391,34.223],[-100.437,34.223],[-100.445,34.236],[-100.444,34.251],[-100.419,34.253],[-100.417,34.268],[-100.407,34.271],[-100.4,34.314],[-100.579,34.314],[-100.583,34.281],[-100.572,34.278],[-100.592,34.259],[-100.592,34.218],[-100.618,34.226],[-100.604,34.252],[-100.602,34.287],[-100.612,34.294],[-100.606,34.314],[-100.946,34.313],[-100.945,34.495],[-100.973,34.49],[-101.003,34.501],[-101.004,34.492],[-101.022,34.483],[-101.056,34.48],[-101.02,34.516],[-101.024,34.529],[-101.018,34.541],[-101.029,34.559],[-101.013,34.577],[-101.004,34.606],[-100.989,34.626],[-100.967,34.631],[-100.969,34.652],[-100.987,34.661],[-100.985,34.676],[-100.976,34.677],[-100.981,34.685],[-100.975,34.698],[-100.99,34.748],[-101.28,34.748],[-101.247,34.695],[-101.218,34.671],[-101.196,34.636],[-101.178,34.63],[-101.168,34.616],[-101.139,34.62],[-101.1,34.607],[-101.077,34.618],[-101.053,34.605],[-101.048,34.589],[-101.056,34.567],[-101.041,34.557],[-101.054,34.552],[-101.047,34.54],[-101.068,34.534],[-101.052,34.507],[-101.062,34.48],[-101.08,34.472],[-101.155,34.465],[-101.155,34.421],[-101.172,34.421],[-101.172,34.387],[-101.186,34.376],[-101.188,34.35],[-101.196,34.352],[-101.197,34.314],[-101.041,34.312],[-101.041,33.969],[-101.038,33.989],[-101.003,34.012],[-101.007,34.004],[-100.997,33.987],[-100.987,33.999],[-100.951,33.989],[-100.947,33.948],[-100.98,33.92],[-101.01,33.916],[-101.041,33.93],[-101.041,33.798],[-101.051,33.798],[-101.052,33.787],[-101.041,33.782],[-101.039,33.49],[-101.067,33.483],[-101.076,33.489],[-101.101,33.483],[-101.153,33.489],[-101.153,33.481],[-101.097,33.461],[-101.097,33.409],[-101.039,33.409],[-101.039,33.397],[-101.148,33.394],[-101.148,33.367],[-101.13,33.364],[-101.13,33.357],[-101.147,33.354],[-101.118,33.341],[-101.122,33.336],[-101.108,33.327],[-101.106,33.307],[-101.078,33.306],[-101.086,33.301],[-101.079,33.275],[-101.079,33.263],[-101.086,33.264],[-101.09,33.253],[-101.084,33.252],[-101.085,33.234],[-101.108,33.212],[-101.142,33.199],[-101.149,33.165],[-101.143,33.142],[-101.15,33.137],[-101.141,33.138],[-101.142,33.129],[-101.132,33.138],[-101.134,33.126],[-101.123,33.111],[-101.136,33.105],[-101.15,33.114],[-101.144,33.09],[-101.154,33.09],[-101.161,33.068],[-101.185,33.071],[-101.195,33.062],[-101.191,33.051],[-101.207,33.048],[-101.279,33.118],[-101.31,33.136],[-101.319,33.134],[-101.317,33.126],[-101.297,33.125],[-101.301,33.095],[-101.292,33.085],[-101.304,33.06],[-101.319,33.06],[-101.316,33.031],[-101.329,33.031],[-101.338,33.016],[-101.335,32.996],[-101.321,32.995],[-101.321,32.983],[-101.343,32.978],[-101.375,32.993],[-101.414,32.985],[-101.419,32.99],[-101.442,32.962],[-101.096,32.967],[-101.059,32.918],[-101.053,32.883],[-101.042,32.873],[-101.046,32.858],[-101.055,32.859],[-101.064,32.843],[-101.058,32.837],[-101.067,32.824],[-101.066,32.771],[-101.091,32.772],[-101.093,32.74],[-101.107,32.742],[-101.102,32.707],[-101.117,32.701],[-101.174,32.708],[-101.174,32.741],[-101.213,32.749],[-101.206,32.686],[-101.227,32.673],[-101.252,32.688],[-101.264,32.653],[-101.285,32.632],[-101.273,32.622],[-101.247,32.624],[-101.224,32.604],[-101.227,32.597],[-101.243,32.591],[-101.255,32.601],[-101.277,32.598],[-101.292,32.557],[-101.359,32.558],[-101.361,32.552],[-101.358,32.524],[-101.259,32.524],[-101.259,32.509],[-101.261,32.452],[-101.383,32.373],[-101.378,32.356],[-101.361,32.36],[-101.339,32.289],[-101.311,32.294],[-101.317,32.29],[-101.311,32.281],[-101.368,32.268],[-101.363,32.249],[-101.336,32.259],[-101.296,32.257],[-101.275,32.237],[-101.278,32.23],[-101.248,32.208],[-101.181,32.213],[-101.184,32.087],[-101.28,32.087],[-101.3,32.079],[-101.296,32.067],[-101.314,32.046],[-101.342,32.047],[-101.364,32.063],[-101.415,32.065],[-101.415,32.072],[-101.482,32.062],[-101.483,32.017],[-101.534,32.006],[-101.525,31.974],[-101.571,31.951],[-101.604,31.945],[-101.604,31.96],[-101.593,31.967],[-101.601,31.99],[-101.617,31.987],[-101.648,32.086],[-101.695,32.088],[-101.692,32.271],[-101.616,32.269],[-101.604,32.293],[-101.606,32.319],[-101.597,32.322],[-101.609,32.358],[-101.592,32.362],[-101.608,32.41],[-101.589,32.414],[-101.602,32.427],[-101.596,32.429],[-101.608,32.469],[-101.59,32.473],[-101.595,32.486],[-101.613,32.483],[-101.621,32.511],[-101.587,32.518],[-101.59,32.525],[-101.689,32.525],[-101.691,32.962],[-101.846,32.961],[-101.863,32.924],[-101.94,32.907],[-101.956,32.96],[-102.076,32.96],[-102.076,33.312],[-102.154,33.312],[-102.154,33.305],[-102.199,33.299],[-102.232,33.305],[-102.232,33.297],[-102.244,33.305],[-102.258,33.305],[-102.258,33.297],[-102.31,33.298],[-102.309,33.254],[-102.395,33.254],[-102.395,33.269],[-102.57,33.269],[-102.57,33.286],[-102.595,33.284],[-102.611,33.726],[-102.588,33.726],[-102.588,33.767],[-102.578,33.761],[-102.55,33.764],[-102.55,33.787],[-102.54,33.787],[-102.54,33.803],[-102.55,33.803],[-102.549,33.825],[-102.568,33.825],[-102.567,33.842],[-102.539,33.841],[-102.54,33.825],[-102.401,33.825],[-102.4,33.918],[-102.437,33.907],[-102.437,33.919],[-102.451,33.919],[-102.451,33.926],[-102.437,33.926],[-102.436,33.949],[-102.455,33.95],[-102.455,33.957],[-102.418,33.957],[-102.418,33.965],[-102.409,33.965],[-102.408,33.988],[-102.389,33.972],[-102.39,33.964],[-102.381,33.964],[-102.372,34.011],[-102.326,34.011],[-102.325,34.042],[-102.232,34.042],[-102.223,34.058],[-102.153,34.057],[-102.136,34.072],[-102.137,34.13],[-102.198,34.13],[-102.198,34.145],[-102.233,34.145],[-102.255,34.15],[-102.254,34.157],[-102.272,34.157],[-102.271,34.186],[-102.236,34.188],[-102.271,34.193],[-102.271,34.231],[-102.24,34.231],[-102.24,34.251],[-102.202,34.25],[-102.202,34.257],[-102.182,34.264],[-102.182,34.279],[-102.213,34.28],[-102.222,34.265],[-102.271,34.26],[-102.27,34.294],[-102.239,34.289],[-102.178,34.294],[-102.177,34.306],[-102.09,34.305],[-102.089,34.286],[-102.062,34.297],[-102.039,34.291],[-102.027,34.313],[-102.006,34.313],[-101.998,34.45],[-102.072,34.45],[-102.07,34.538],[-101.998,34.53],[-101.998,34.618],[-102.008,34.618],[-102.018,34.606],[-102.141,34.608],[-102.138,34.717],[-102.192,34.717],[-102.192,34.747],[-102.169,34.747],[-102.168,34.926],[-102.205,34.911],[-102.204,34.994],[-102.169,34.994],[-102.166,35.033],[-102.145,35.036],[-102.119,35.026],[-102.107,35.034],[-102.091,35.024],[-102.054,35.044],[-102.026,35.037],[-102.025,35.058],[-101.99,35.058],[-101.986,35.043],[-101.866,35.043],[-101.866,35.058],[-101.83,35.058],[-101.829,35.044],[-101.809,35.047],[-101.794,35.03],[-101.794,35.05],[-101.78,35.05],[-101.78,35.039],[-101.763,35.038],[-101.768,35.027],[-101.751,35.027],[-101.744,35.033],[-101.75,35.053],[-101.738,35.059],[-101.7,35.028],[-101.675,34.978],[-101.626,34.971],[-101.631,35.015],[-101.625,35.015],[-101.625,35.044],[-101.665,35.044],[-101.677,35.073],[-101.624,35.073],[-101.636,35.164],[-101.614,35.161],[-101.615,35.183],[-101.329,35.182],[-101.328,35.208],[-101.312,35.208],[-101.311,35.217],[-101.31,35.356],[-101.045,35.357],[-101.045,35.372],[-101.062,35.372],[-101.062,35.445],[-101.086,35.445],[-101.086,36.044],[-101.063,36.047],[-101.06,36.058],[-101.019,36.058]],[[-101.908,34.991],[-101.91,35],[-101.919,34.999],[-101.919,34.985],[-101.908,34.985],[-101.908,34.991]],[[-101.628,34.842],[-101.62,34.842],[-101.621,34.857],[-101.592,34.849],[-101.59,34.864],[-101.582,34.862],[-101.582,34.85],[-101.573,34.85],[-101.591,34.844],[-101.582,34.838],[-101.582,34.822],[-101.553,34.822],[-101.546,34.804],[-101.56,34.784],[-101.582,34.778],[-101.547,34.772],[-101.547,34.747],[-101.494,34.747],[-101.491,34.783],[-101.481,34.79],[-101.469,34.783],[-101.456,34.802],[-101.417,34.827],[-101.42,34.847],[-101.412,34.858],[-101.43,34.848],[-101.478,34.865],[-101.493,34.857],[-101.503,34.865],[-101.555,34.856],[-101.575,34.869],[-101.604,34.874],[-101.624,34.89],[-101.628,34.842]],[[-101.886,33.586],[-101.922,33.563],[-101.871,33.563],[-101.872,33.588],[-101.886,33.586]],[[-102.492,33.468],[-102.502,33.465],[-102.503,33.456],[-102.485,33.448],[-102.481,33.465],[-102.492,33.468]],[[-101.369,32.115],[-101.37,32.106],[-101.362,32.106],[-101.369,32.115]]],[[[-91.271,36.565],[-91.234,36.56],[-91.234,36.537],[-91.194,36.538],[-91.195,36.523],[-91.169,36.512],[-91.172,36.498],[-91.358,36.497],[-91.334,36.51],[-91.327,36.507],[-91.328,36.536],[-91.351,36.53],[-91.365,36.554],[-91.308,36.555],[-91.307,36.566],[-91.271,36.565]]],[[[-91.033,36.6],[-91.014,36.597],[-91.017,36.498],[-91.127,36.498],[-91.123,36.644],[-91.069,36.643],[-91.069,36.614],[-91.033,36.613],[-91.033,36.6]]],[[[-91.524,36.647],[-91.456,36.647],[-91.458,36.603],[-91.45,36.603],[-91.448,36.591],[-91.43,36.591],[-91.427,36.511],[-91.45,36.511],[-91.45,36.498],[-91.672,36.499],[-91.672,36.544],[-91.618,36.543],[-91.618,36.557],[-91.581,36.556],[-91.582,36.571],[-91.564,36.57],[-91.564,36.604],[-91.55,36.604],[-91.549,36.648],[-91.524,36.647]]],[[[-90.244,36.842],[-90.227,36.842],[-90.227,36.828],[-90.231,36.838],[-90.244,36.839],[-90.244,36.82],[-90.25,36.82],[-90.248,36.834],[-90.255,36.842],[-90.244,36.842]]],[[[-103.905,36.841],[-103.875,36.82],[-103.84,36.767],[-103.809,36.771],[-103.811,36.763],[-103.792,36.75],[-103.778,36.753],[-103.764,36.742],[-103.709,36.742],[-103.686,36.728],[-103.575,36.728],[-103.579,36.691],[-103.57,36.675],[-103.577,36.674],[-103.578,36.641],[-103.825,36.639],[-103.85,36.612],[-103.851,36.538],[-103.823,36.526],[-103.779,36.524],[-103.786,36.497],[-103.756,36.452],[-103.962,36.446],[-103.981,36.458],[-103.997,36.454],[-103.995,36.435],[-104.003,36.434],[-104.008,36.419],[-104.008,36.698],[-103.935,36.699],[-103.936,36.748],[-103.99,36.742],[-103.988,36.753],[-103.996,36.761],[-103.988,36.779],[-103.963,36.771],[-103.956,36.789],[-104.003,36.784],[-104.008,36.84],[-103.997,36.841],[-103.983,36.824],[-103.957,36.836],[-103.905,36.841]]],[[[-81.981,36.877],[-81.977,36.87],[-81.947,36.865],[-81.95,36.855],[-81.927,36.834],[-81.923,36.818],[-81.893,36.8],[-81.903,36.775],[-81.893,36.777],[-81.911,36.762],[-81.915,36.744],[-81.912,36.737],[-81.897,36.739],[-81.921,36.718],[-81.963,36.7],[-82.018,36.692],[-82.034,36.682],[-82.023,36.68],[-82.034,36.672],[-82.039,36.678],[-82.05,36.672],[-82.056,36.655],[-82.039,36.639],[-82.041,36.631],[-82.083,36.595],[-82.389,36.597],[-82.381,36.601],[-82.388,36.61],[-82.373,36.618],[-82.381,36.631],[-82.372,36.651],[-82.381,36.669],[-82.346,36.681],[-82.334,36.676],[-82.329,36.683],[-82.32,36.669],[-82.313,36.671],[-82.285,36.686],[-82.294,36.697],[-82.279,36.689],[-82.226,36.721],[-82.201,36.725],[-82.203,36.74],[-82.19,36.746],[-82.187,36.737],[-82.183,36.758],[-82.26,36.73],[-82.268,36.733],[-82.267,36.727],[-82.296,36.715],[-82.301,36.719],[-82.288,36.731],[-82.3,36.731],[-82.193,36.774],[-82.108,36.796],[-82.115,36.826],[-82.09,36.849],[-81.981,36.877]]],[[[-90.509,36.91],[-90.487,36.901],[-90.499,36.886],[-90.484,36.893],[-90.469,36.886],[-90.475,36.868],[-90.465,36.864],[-90.459,36.819],[-90.423,36.825],[-90.419,36.833],[-90.418,36.856],[-90.427,36.862],[-90.426,36.903],[-90.405,36.904],[-90.397,36.895],[-90.354,36.904],[-90.334,36.898],[-90.321,36.905],[-90.323,36.898],[-90.309,36.902],[-90.277,36.882],[-90.252,36.888],[-90.248,36.878],[-90.257,36.88],[-90.254,36.871],[-90.278,36.851],[-90.262,36.843],[-90.28,36.843],[-90.281,36.768],[-90.335,36.765],[-90.334,36.733],[-90.345,36.733],[-90.342,36.726],[-90.317,36.728],[-90.317,36.721],[-90.34,36.722],[-90.341,36.708],[-90.32,36.701],[-90.313,36.702],[-90.317,36.717],[-90.299,36.714],[-90.3,36.705],[-90.29,36.706],[-90.29,36.691],[-90.282,36.691],[-90.291,36.691],[-90.305,36.675],[-90.304,36.648],[-90.265,36.647],[-90.264,36.639],[-90.242,36.64],[-90.243,36.632],[-90.229,36.631],[-90.175,36.632],[-90.174,36.639],[-90.156,36.639],[-90.156,36.646],[-90.141,36.649],[-90.149,36.631],[-90.029,36.63],[-90.029,36.601],[-90.061,36.6],[-90.074,36.559],[-90.03,36.557],[-90.031,36.514],[-90.017,36.513],[-90.017,36.492],[-90.031,36.492],[-90.031,36.47],[-90.04,36.47],[-90.049,36.441],[-90.023,36.441],[-90.019,36.412],[-89.979,36.404],[-89.979,36.39],[-89.89,36.386],[-89.928,36.322],[-89.961,36.323],[-89.959,36.147],[-90.062,36.149],[-90.063,36.134],[-90.074,36.134],[-90.074,36.119],[-90.087,36.119],[-90.087,36.149],[-90.114,36.149],[-90.115,36.134],[-90.132,36.134],[-90.141,36.105],[-90.16,36.105],[-90.169,36.089],[-90.168,36.068],[-90.177,36.068],[-90.177,36.076],[-90.195,36.076],[-90.195,36.09],[-90.249,36.09],[-90.249,36.131],[-90.292,36.115],[-90.301,36.097],[-90.321,36.088],[-90.32,36.072],[-90.333,36.068],[-90.352,36.025],[-90.386,35.989],[-90.387,35.965],[-90.424,35.965],[-90.42,35.958],[-90.433,35.958],[-90.433,35.943],[-90.442,35.943],[-90.442,35.965],[-90.454,35.965],[-90.469,35.947],[-90.474,35.965],[-90.692,35.962],[-90.697,35.905],[-90.684,35.901],[-90.685,35.886],[-90.671,35.884],[-90.676,35.877],[-90.703,35.879],[-90.703,35.869],[-90.695,35.85],[-90.677,35.857],[-90.677,35.847],[-90.666,35.853],[-90.668,35.836],[-90.634,35.843],[-90.641,35.853],[-90.618,35.856],[-90.611,35.864],[-90.594,35.85],[-90.598,35.878],[-90.5,35.878],[-90.5,35.852],[-90.535,35.851],[-90.535,35.837],[-90.5,35.837],[-90.501,35.817],[-90.535,35.797],[-90.509,35.794],[-90.509,35.765],[-90.5,35.765],[-90.5,35.758],[-90.509,35.757],[-90.509,35.736],[-90.5,35.736],[-90.5,35.722],[-90.527,35.721],[-90.527,35.707],[-90.748,35.705],[-90.76,35.706],[-90.76,35.72],[-90.823,35.72],[-90.823,35.705],[-90.85,35.705],[-90.838,35.727],[-90.867,35.728],[-90.877,35.706],[-90.909,35.706],[-90.912,35.794],[-90.875,35.794],[-90.875,35.822],[-90.901,35.823],[-90.901,35.852],[-90.877,35.856],[-90.887,35.855],[-90.887,35.866],[-90.874,35.869],[-90.872,35.924],[-90.86,35.925],[-90.865,35.948],[-90.85,35.965],[-90.86,35.977],[-90.848,35.984],[-90.841,35.979],[-90.855,36.002],[-90.839,36.02],[-90.84,36.039],[-90.825,36.055],[-90.825,36.069],[-90.672,36.069],[-90.672,36.098],[-90.656,36.098],[-90.663,36.102],[-90.662,36.119],[-90.646,36.119],[-90.641,36.104],[-90.652,36.09],[-90.646,36.088],[-90.615,36.103],[-90.603,36.119],[-90.577,36.128],[-90.575,36.155],[-90.589,36.151],[-90.59,36.168],[-90.628,36.184],[-90.664,36.185],[-90.662,36.238],[-90.644,36.237],[-90.644,36.224],[-90.637,36.221],[-90.59,36.22],[-90.59,36.236],[-90.572,36.235],[-90.571,36.242],[-90.589,36.246],[-90.589,36.264],[-90.576,36.265],[-90.571,36.282],[-90.535,36.281],[-90.536,36.228],[-90.51,36.192],[-90.51,36.159],[-90.465,36.159],[-90.474,36.133],[-90.447,36.126],[-90.448,36.111],[-90.398,36.111],[-90.394,36.143],[-90.367,36.142],[-90.367,36.125],[-90.344,36.124],[-90.327,36.125],[-90.313,36.143],[-90.235,36.142],[-90.235,36.16],[-90.22,36.185],[-90.211,36.183],[-90.188,36.206],[-90.155,36.214],[-90.142,36.228],[-90.126,36.229],[-90.131,36.242],[-90.122,36.246],[-90.117,36.264],[-90.084,36.272],[-90.076,36.281],[-90.079,36.29],[-90.064,36.302],[-90.082,36.327],[-90.074,36.342],[-90.078,36.35],[-90.063,36.367],[-90.063,36.384],[-90.081,36.401],[-90.116,36.406],[-90.127,36.417],[-90.139,36.414],[-90.134,36.423],[-90.144,36.428],[-90.134,36.436],[-90.134,36.454],[-90.142,36.468],[-90.156,36.464],[-90.153,36.471],[-90.142,36.47],[-90.16,36.481],[-90.16,36.494],[-90.152,36.498],[-90.72,36.499],[-90.709,36.511],[-90.704,36.538],[-90.632,36.578],[-90.629,36.614],[-90.647,36.614],[-90.647,36.634],[-90.63,36.649],[-90.611,36.652],[-90.611,36.614],[-90.593,36.614],[-90.592,36.603],[-90.534,36.602],[-90.52,36.606],[-90.52,36.62],[-90.502,36.62],[-90.502,36.664],[-90.484,36.664],[-90.484,36.649],[-90.472,36.664],[-90.457,36.663],[-90.468,36.675],[-90.535,36.664],[-90.538,36.694],[-90.566,36.693],[-90.58,36.705],[-90.577,36.728],[-90.586,36.741],[-90.628,36.723],[-90.628,36.811],[-90.663,36.811],[-90.665,36.832],[-90.699,36.84],[-90.691,36.849],[-90.677,36.844],[-90.662,36.854],[-90.661,36.883],[-90.63,36.882],[-90.627,36.872],[-90.599,36.874],[-90.568,36.901],[-90.534,36.891],[-90.517,36.899],[-90.517,36.914],[-90.509,36.91]]],[[[-114.019,37],[-113.338,37],[-113.36,36.993],[-113.346,36.986],[-113.343,36.973],[-113.346,36.954],[-113.364,36.928],[-113.364,36.872],[-113.332,36.828],[-113.3,36.747],[-113.306,36.738],[-113.291,36.731],[-113.252,36.668],[-113.276,36.662],[-113.269,36.621],[-113.276,36.603],[-113.305,36.581],[-113.34,36.575],[-113.352,36.542],[-113.376,36.528],[-113.362,36.52],[-113.361,36.505],[-113.352,36.498],[-113.348,36.47],[-113.356,36.461],[-113.325,36.448],[-113.325,36.419],[-113.336,36.419],[-113.334,36.412],[-113.278,36.405],[-113.27,36.418],[-113.25,36.417],[-113.226,36.405],[-113.17,36.402],[-113.151,36.392],[-113.159,36.381],[-113.155,36.373],[-113.141,36.386],[-113.109,36.366],[-113.076,36.369],[-113.064,36.385],[-113.055,36.385],[-113.049,36.359],[-113.064,36.311],[-113.058,36.312],[-113.059,36.302],[-113.071,36.281],[-113.071,36.244],[-113.088,36.222],[-113.078,36.2],[-113.053,36.209],[-113.037,36.228],[-113.016,36.238],[-112.979,36.232],[-112.935,36.243],[-112.923,36.258],[-112.898,36.255],[-112.876,36.278],[-112.876,36.151],[-112.762,36.151],[-112.762,36.108],[-112.601,36.108],[-112.601,36.049],[-112.548,36.05],[-112.547,36.035],[-112.53,36.034],[-112.53,35.981],[-112.521,35.97],[-112.526,35.948],[-112.504,35.952],[-112.517,35.97],[-112.512,36.021],[-112.405,36.02],[-112.405,36.121],[-112.394,36.129],[-112.374,36.18],[-112.352,36.17],[-112.351,36.186],[-112.329,36.208],[-112.31,36.184],[-112.3,36.151],[-112.262,36.146],[-112.238,36.133],[-112.229,36.112],[-112.214,36.101],[-112.174,36.098],[-112.156,36.106],[-112.126,36.096],[-112.083,36.101],[-112.031,36.08],[-111.985,36.05],[-111.906,36.046],[-111.892,36.066],[-111.871,36.074],[-111.876,36.087],[-111.857,36.087],[-111.84,36.094],[-111.839,36.103],[-111.828,36.103],[-111.811,36.162],[-111.814,36.182],[-111.8,36.194],[-111.824,36.237],[-111.826,36.263],[-111.857,36.293],[-111.856,36.306],[-111.866,36.312],[-111.861,36.338],[-111.892,36.37],[-111.888,36.378],[-111.849,36.388],[-111.86,36.397],[-111.834,36.393],[-111.819,36.372],[-111.826,36.361],[-111.822,36.342],[-111.796,36.325],[-111.755,36.341],[-111.74,36.322],[-111.666,36.326],[-111.674,36.31],[-111.673,36.322],[-111.701,36.307],[-111.685,36.298],[-111.704,36.276],[-111.725,36.286],[-111.732,36.275],[-111.734,36.29],[-111.755,36.275],[-111.78,36.278],[-111.757,36.275],[-111.766,36.252],[-111.749,36.258],[-111.732,36.253],[-111.738,36.24],[-111.723,36.214],[-111.696,36.216],[-111.682,36.231],[-111.619,36.237],[-111.601,36.252],[-111.542,36.23],[-111.485,36.227],[-111.48,36.203],[-111.445,36.196],[-111.399,36.173],[-111.393,36.191],[-111.397,36.22],[-111.461,36.304],[-111.44,36.301],[-111.406,36.342],[-111.341,36.386],[-111.325,36.356],[-111.318,36.36],[-111.324,36.377],[-111.28,36.379],[-111.26,36.361],[-111.253,36.359],[-111.252,36.368],[-111.242,36.365],[-111.243,36.352],[-111.231,36.35],[-111.218,36.337],[-111.223,36.332],[-111.212,36.327],[-111.17,36.325],[-111.145,36.315],[-111.115,36.324],[-111.082,36.298],[-111.074,36.282],[-111.029,36.276],[-111.024,36.263],[-111,36.252],[-111.001,36.281],[-110.953,36.282],[-110.948,36.29],[-110.97,36.304],[-110.988,36.294],[-110.996,36.32],[-110.991,36.348],[-110.974,36.356],[-110.956,36.338],[-110.94,36.336],[-110.941,36.302],[-110.92,36.302],[-110.917,36.279],[-110.876,36.278],[-110.874,36.31],[-110.853,36.331],[-110.862,36.333],[-110.833,36.356],[-110.832,36.365],[-110.85,36.359],[-110.846,36.373],[-110.831,36.386],[-110.755,36.41],[-110.743,36.393],[-110.722,36.393],[-110.722,36.375],[-110.593,36.375],[-110.575,36.394],[-110.548,36.396],[-110.507,36.376],[-110.398,36.458],[-110.349,36.482],[-110.247,36.464],[-110.237,36.457],[-110.247,36.436],[-110.199,36.464],[-110.182,36.46],[-110.17,36.432],[-110.093,36.472],[-110.029,36.435],[-110.015,36.454],[-110.001,36.459],[-110.001,35.663],[-109.827,35.662],[-109.827,35.518],[-109.844,35.518],[-109.841,35.17],[-109.633,35.17],[-109.633,35.258],[-109.553,35.258],[-109.42,35.257],[-109.421,35.228],[-109.21,35.225],[-109.21,35.168],[-109.046,35.167],[-109.046,35.661],[-108.463,35.659],[-108.445,35.669],[-108.42,35.659],[-108.27,35.659],[-108.272,36.165],[-108.297,36.183],[-108.298,36.194],[-108.328,36.204],[-108.347,36.187],[-108.377,36.197],[-108.393,36.18],[-108.409,36.184],[-108.427,36.177],[-108.438,36.18],[-108.443,36.196],[-108.46,36.195],[-108.47,36.189],[-108.471,36.172],[-108.485,36.168],[-108.511,36.189],[-108.522,36.187],[-108.525,36.177],[-108.548,36.185],[-108.535,36.208],[-108.555,36.223],[-108.547,36.241],[-108.561,36.255],[-108.563,36.283],[-108.541,36.307],[-108.552,36.331],[-108.571,36.348],[-108.567,36.372],[-108.589,36.375],[-108.582,36.398],[-108.597,36.419],[-108.57,36.449],[-108.562,36.475],[-108.576,36.49],[-108.566,36.501],[-108.576,36.515],[-108.565,36.527],[-108.572,36.531],[-108.566,36.542],[-108.575,36.559],[-108.564,36.572],[-108.575,36.583],[-108.575,36.595],[-108.563,36.607],[-108.573,36.613],[-108.563,36.614],[-108.545,36.639],[-108.529,36.642],[-108.535,36.647],[-108.524,36.652],[-108.528,36.676],[-108.521,36.68],[-108.529,36.682],[-108.525,36.693],[-108.538,36.718],[-108.547,36.714],[-108.556,36.722],[-108.564,36.715],[-108.586,36.727],[-108.607,36.721],[-108.611,36.725],[-108.603,36.733],[-108.635,36.749],[-108.643,36.768],[-108.655,36.772],[-108.64,36.778],[-108.633,36.769],[-108.616,36.771],[-108.603,36.766],[-108.6,36.756],[-108.575,36.752],[-108.555,36.739],[-108.499,36.755],[-108.462,36.742],[-108.438,36.741],[-108.415,36.751],[-108.389,36.725],[-108.374,36.732],[-108.327,36.72],[-108.314,36.724],[-108.312,36.732],[-108.293,36.737],[-108.303,36.76],[-108.295,36.774],[-108.304,36.785],[-108.287,36.829],[-108.273,36.829],[-108.263,36.843],[-108.233,36.838],[-108.251,36.85],[-108.251,36.909],[-108.243,36.929],[-108.22,36.917],[-108.206,36.924],[-108.21,36.896],[-108.203,36.867],[-108.191,36.881],[-108.191,36.929],[-108.099,36.919],[-108.109,36.966],[-108.047,37],[-107.635,36.999],[-107.649,36.991],[-107.648,36.973],[-107.675,36.946],[-107.671,36.914],[-107.682,36.909],[-107.688,36.886],[-107.699,36.889],[-107.705,36.869],[-107.721,36.865],[-107.696,36.853],[-107.7,36.835],[-107.71,36.829],[-107.713,36.836],[-107.732,36.82],[-107.739,36.836],[-107.774,36.837],[-107.78,36.81],[-107.775,36.791],[-107.759,36.782],[-107.738,36.783],[-107.713,36.799],[-107.658,36.793],[-107.633,36.769],[-107.62,36.771],[-107.596,36.756],[-107.577,36.76],[-107.553,36.731],[-107.519,36.715],[-107.523,36.691],[-107.542,36.696],[-107.552,36.688],[-107.575,36.706],[-107.619,36.719],[-107.627,36.449],[-107.624,36.22],[-107.557,36.219],[-107.553,36.232],[-107.511,36.227],[-107.514,36.218],[-107.411,36.218],[-107.413,36.086],[-106.999,36.086],[-106.981,36.072],[-106.975,36.088],[-106.931,36.11],[-106.932,36.173],[-106.963,36.173],[-106.948,36.182],[-106.968,36.184],[-106.952,36.205],[-106.947,36.202],[-106.953,36.189],[-106.941,36.194],[-106.943,36.205],[-106.932,36.207],[-106.93,36.217],[-106.992,36.217],[-106.992,36.26],[-107.2,36.26],[-107.195,36.436],[-107.087,36.436],[-107.087,36.521],[-106.779,36.521],[-106.779,36.531],[-106.737,36.54],[-106.73,36.533],[-106.736,36.524],[-106.72,36.52],[-106.731,36.498],[-106.705,36.466],[-106.707,36.432],[-106.683,36.383],[-106.683,36.365],[-106.674,36.35],[-106.66,36.351],[-106.648,36.337],[-106.628,36.33],[-106.662,36.311],[-106.696,36.274],[-106.721,36.271],[-106.762,36.229],[-106.77,36.227],[-106.769,36.235],[-106.796,36.224],[-106.861,36.238],[-106.914,36.217],[-106.885,36.217],[-106.885,36.007],[-106.983,35.986],[-106.991,35.968],[-106.981,35.936],[-106.986,35.917],[-106.973,35.901],[-106.966,35.845],[-106.969,35.818],[-106.977,35.811],[-106.974,35.798],[-106.991,35.778],[-107.001,35.725],[-106.992,35.726],[-106.992,35.712],[-106.955,35.712],[-106.955,35.653],[-106.992,35.653],[-106.992,35.519],[-107.016,35.537],[-107.039,35.535],[-107.059,35.507],[-107.06,35.455],[-107.076,35.461],[-107.08,35.473],[-107.115,35.48],[-107.134,35.52],[-107.165,35.509],[-107.207,35.515],[-107.23,35.503],[-107.26,35.507],[-107.308,35.499],[-107.31,35.305],[-107.555,35.304],[-107.565,35.248],[-107.567,35.254],[-107.588,35.256],[-107.603,35.245],[-107.601,35.235],[-107.591,35.241],[-107.561,35.225],[-107.523,35.224],[-107.51,35.193],[-107.499,35.135],[-107.503,35.118],[-107.545,35.109],[-107.541,35.086],[-107.559,35.086],[-107.556,35.074],[-107.723,35.083],[-107.751,35.091],[-107.752,35.073],[-107.77,35.085],[-107.794,35.069],[-107.815,35.024],[-107.812,35],[-107.853,35],[-107.853,34.985],[-107.895,34.985],[-107.895,34.959],[-107.947,34.955],[-107.954,34.908],[-108.046,34.908],[-108.046,34.917],[-108.056,34.921],[-108.078,34.91],[-108.109,34.926],[-108.106,34.941],[-108.114,34.956],[-108.138,34.964],[-108.125,34.986],[-108.141,34.991],[-108.142,35.005],[-108.159,35.001],[-108.158,35.017],[-108.146,35.017],[-108.149,35.024],[-108.128,35.043],[-108.129,35.035],[-108.121,35.033],[-108.134,35.013],[-108.103,35.011],[-108.109,35.037],[-108.072,35.042],[-108.154,35.122],[-108.146,35.147],[-108.153,35.156],[-108.148,35.169],[-108.136,35.174],[-108.144,35.202],[-108.139,35.216],[-108.131,35.222],[-108.088,35.205],[-108.012,35.222],[-107.987,35.246],[-107.977,35.233],[-107.959,35.233],[-107.977,35.248],[-107.973,35.265],[-107.933,35.218],[-107.871,35.218],[-107.872,35.247],[-107.848,35.247],[-107.836,35.266],[-107.835,35.305],[-108.083,35.306],[-108.083,35.292],[-108.113,35.292],[-108.118,35.306],[-108.146,35.306],[-108.119,35.285],[-108.121,35.262],[-108.158,35.259],[-108.158,35.306],[-108.469,35.307],[-108.469,35.299],[-108.492,35.306],[-108.539,35.293],[-108.541,35.255],[-108.541,34.991],[-108.524,34.991],[-108.523,34.974],[-108.504,34.974],[-108.503,34.959],[-109.046,34.96],[-109.048,34.867],[-109.074,34.847],[-109.1,34.845],[-109.119,34.829],[-109.165,34.811],[-109.181,34.793],[-109.201,34.785],[-109.23,34.747],[-109.249,34.74],[-109.255,34.717],[-109.285,34.714],[-109.305,34.684],[-109.327,34.671],[-109.363,34.67],[-109.391,34.65],[-109.423,34.646],[-109.434,34.653],[-109.472,34.643],[-109.514,34.654],[-109.541,34.645],[-109.574,34.648],[-109.602,34.636],[-109.631,34.643],[-109.633,34.65],[-109.67,34.644],[-109.684,34.652],[-109.717,34.648],[-109.736,34.657],[-109.763,34.635],[-109.773,34.642],[-109.794,34.636],[-109.806,34.645],[-109.83,34.647],[-109.832,34.657],[-109.851,34.664],[-109.851,34.697],[-109.87,34.693],[-109.873,34.704],[-109.893,34.717],[-109.967,34.719],[-109.995,34.743],[-110.037,34.739],[-110.032,34.756],[-110.04,34.782],[-110.135,34.798],[-110.109,34.702],[-110.157,34.707],[-110.165,34.697],[-110.24,34.7],[-110.246,34.668],[-110.255,34.675],[-110.272,34.673],[-110.273,34.66],[-110.289,34.645],[-110.306,34.643],[-110.324,34.667],[-110.357,34.642],[-110.37,34.621],[-110.41,34.621],[-110.433,34.634],[-110.447,34.626],[-110.463,34.636],[-110.505,34.621],[-110.521,34.64],[-110.571,34.645],[-110.601,34.64],[-110.603,34.626],[-110.628,34.626],[-110.627,34.64],[-110.637,34.641],[-110.638,34.653],[-110.654,34.655],[-110.667,34.64],[-110.687,34.64],[-110.686,34.63],[-110.699,34.63],[-110.699,34.637],[-110.751,34.637],[-110.751,35.01],[-110.808,34.994],[-110.875,34.99],[-110.904,34.975],[-110.98,34.982],[-110.99,34.967],[-111.012,34.981],[-111.018,34.974],[-111.046,34.979],[-111.056,34.993],[-111.116,34.96],[-111.142,34.994],[-111.161,34.995],[-111.174,34.979],[-111.255,34.959],[-111.288,34.975],[-111.327,34.968],[-111.343,34.985],[-111.388,35.003],[-111.39,35.022],[-111.399,35.027],[-111.416,35.014],[-111.435,35.029],[-111.453,35.028],[-111.452,35.007],[-111.476,34.983],[-111.488,34.957],[-111.481,34.948],[-111.498,34.943],[-111.464,34.909],[-111.477,34.889],[-111.514,34.911],[-111.528,34.907],[-111.542,34.929],[-111.552,34.926],[-111.594,34.958],[-111.591,34.945],[-111.663,34.948],[-111.678,34.956],[-111.686,34.976],[-111.693,34.971],[-111.705,34.982],[-111.7,34.994],[-111.73,35],[-111.732,35.022],[-111.709,35.031],[-111.724,35.045],[-111.717,35.036],[-111.724,35.031],[-111.757,35.028],[-111.746,35.022],[-111.745,35.005],[-111.77,35.012],[-111.778,34.981],[-111.809,34.976],[-112.335,34.973],[-112.336,35.148],[-112.442,35.15],[-112.449,35.172],[-112.443,35.172],[-112.441,35.259],[-112.473,35.238],[-112.501,35.243],[-112.542,35.236],[-112.577,35.243],[-112.603,35.269],[-112.621,35.275],[-112.618,35.289],[-112.634,35.301],[-112.66,35.292],[-112.694,35.312],[-112.755,35.306],[-112.811,35.327],[-112.954,35.353],[-112.97,35.389],[-113.003,35.41],[-113.148,35.479],[-113.168,35.504],[-113.219,35.509],[-113.262,35.53],[-113.334,35.528],[-113.334,35.508],[-113.354,35.494],[-113.621,35.494],[-113.905,35.772],[-113.907,35.874],[-113.914,35.881],[-113.933,35.872],[-113.973,35.878],[-113.924,35.915],[-113.925,35.935],[-113.914,35.95],[-113.952,35.946],[-113.953,35.995],[-113.973,36.016],[-113.996,36.01],[-114.015,36.019],[-114.015,35.996],[-114.025,35.996],[-114.033,35.981],[-114.054,35.981],[-114.068,35.964],[-114.086,35.968],[-114.091,35.959],[-114.083,35.952],[-114.057,35.959],[-114.051,35.913],[-114.014,35.886],[-114.032,35.892],[-114.051,35.881],[-114.051,35.851],[-114.044,35.851],[-114.044,35.755],[-114.039,35.76],[-114.051,35.734],[-114.096,35.752],[-114.122,35.733],[-114.272,35.776],[-114.252,35.786],[-114.264,35.792],[-114.259,35.805],[-114.267,35.857],[-114.24,35.871],[-114.232,35.879],[-114.238,35.882],[-114.207,35.897],[-114.202,35.907],[-114.247,35.916],[-114.267,35.939],[-114.265,35.981],[-114.248,35.998],[-114.251,36.02],[-114.233,36.014],[-114.177,36.028],[-114.15,36.026],[-114.114,36.096],[-114.123,36.112],[-114.1,36.122],[-114.068,36.181],[-114.047,36.194],[-114.051,37],[-114.019,37]],[[-110.551,35.943],[-110.583,35.92],[-110.586,35.91],[-110.577,35.901],[-110.594,35.873],[-110.641,35.888],[-110.666,35.85],[-110.707,35.826],[-110.7,35.814],[-110.751,35.769],[-110.751,35.5],[-110.723,35.5],[-110.723,35.52],[-110.251,35.519],[-110.251,35.533],[-110.278,35.539],[-110.28,35.61],[-110.267,35.617],[-110.281,35.625],[-110.279,35.682],[-110.285,35.686],[-110.317,35.672],[-110.311,35.68],[-110.315,35.689],[-110.336,35.69],[-110.375,35.707],[-110.36,35.743],[-110.397,35.748],[-110.429,35.773],[-110.417,35.805],[-110.424,35.833],[-110.398,35.843],[-110.404,35.86],[-110.373,35.89],[-110.373,35.91],[-110.355,35.922],[-110.34,35.946],[-110.343,35.954],[-110.334,35.964],[-110.342,35.979],[-110.297,36.016],[-110.286,36.036],[-110.403,36.042],[-110.403,36.071],[-110.425,36.07],[-110.425,36.099],[-110.465,36.099],[-110.47,36.07],[-110.501,36.071],[-110.501,36.016],[-110.537,36.022],[-110.543,36.016],[-110.523,35.985],[-110.551,35.943]],[[-111.983,35.315],[-111.994,35.301],[-111.992,35.274],[-112.008,35.255],[-111.985,35.248],[-111.941,35.255],[-111.919,35.265],[-111.917,35.28],[-111.89,35.285],[-111.889,35.301],[-111.912,35.315],[-111.923,35.317],[-111.947,35.304],[-111.947,35.322],[-111.985,35.329],[-111.983,35.315]],[[-111.815,35.227],[-111.786,35.216],[-111.785,35.225],[-111.804,35.24],[-111.848,35.24],[-111.815,35.227]],[[-111.741,35.172],[-111.727,35.12],[-111.734,35.064],[-111.675,35.066],[-111.677,35.074],[-111.641,35.065],[-111.595,35.083],[-111.587,35.068],[-111.569,35.071],[-111.56,35.058],[-111.553,35.065],[-111.521,35.056],[-111.494,35.062],[-111.52,35.07],[-111.539,35.093],[-111.59,35.115],[-111.602,35.13],[-111.6,35.152],[-111.63,35.152],[-111.63,35.164],[-111.614,35.17],[-111.613,35.177],[-111.623,35.182],[-111.663,35.172],[-111.772,35.21],[-111.772,35.19],[-111.743,35.179],[-111.741,35.172]],[[-111.657,35.185],[-111.658,35.175],[-111.646,35.187],[-111.656,35.194],[-111.657,35.185]],[[-107.873,35.132],[-107.913,35.117],[-107.887,35.105],[-107.918,35.104],[-107.926,35.094],[-107.924,35.083],[-107.912,35.076],[-107.889,35.089],[-107.905,35.06],[-107.904,35.053],[-107.888,35.067],[-107.889,35.045],[-107.863,35.052],[-107.872,35.06],[-107.873,35.132]],[[-107.612,35.093],[-107.603,35.075],[-107.592,35.1],[-107.613,35.103],[-107.612,35.093]],[[-108.771,35.556],[-108.757,35.557],[-108.758,35.569],[-108.737,35.592],[-108.742,35.599],[-108.765,35.582],[-108.793,35.581],[-108.792,35.566],[-108.803,35.566],[-108.792,35.557],[-108.771,35.556]],[[-108.775,35.598],[-108.776,35.632],[-108.761,35.641],[-108.793,35.638],[-108.793,35.65],[-108.827,35.653],[-108.829,35.638],[-108.81,35.638],[-108.81,35.624],[-108.793,35.623],[-108.793,35.601],[-108.775,35.598]],[[-107.762,36.25],[-107.755,36.256],[-107.739,36.253],[-107.742,36.276],[-107.759,36.297],[-107.779,36.278],[-107.768,36.27],[-107.785,36.257],[-107.77,36.245],[-107.762,36.25]],[[-108.169,36.741],[-108.102,36.784],[-108.074,36.792],[-108.072,36.805],[-108.082,36.805],[-108.06,36.821],[-108.064,36.831],[-108.077,36.835],[-108.061,36.837],[-108.067,36.874],[-108.059,36.9],[-108.084,36.906],[-108.173,36.817],[-108.183,36.801],[-108.178,36.791],[-108.168,36.792],[-108.166,36.763],[-108.178,36.758],[-108.171,36.756],[-108.169,36.741]]],[[[-111.507,37.002],[-111.413,37.002],[-111.388,36.968],[-111.413,36.954],[-111.443,36.969],[-111.45,36.944],[-111.487,36.954],[-111.481,36.925],[-111.501,36.916],[-111.502,36.902],[-111.518,36.901],[-111.53,36.888],[-111.514,36.88],[-111.567,36.873],[-111.543,36.846],[-111.569,36.843],[-111.581,36.865],[-111.616,36.849],[-111.666,36.756],[-111.694,36.74],[-111.695,36.729],[-111.708,36.721],[-111.713,36.697],[-111.736,36.686],[-111.743,36.659],[-111.761,36.648],[-111.758,36.616],[-111.77,36.596],[-111.811,36.568],[-111.857,36.502],[-111.877,36.498],[-111.906,36.512],[-111.951,36.512],[-111.935,36.53],[-111.939,36.554],[-112,36.567],[-111.986,36.487],[-112.01,36.48],[-112.041,36.499],[-112.052,36.532],[-112.061,36.536],[-112.089,36.53],[-112.102,36.497],[-112.132,36.494],[-112.141,36.504],[-112.14,36.523],[-112.159,36.542],[-112.181,36.547],[-112.171,36.565],[-112.185,36.613],[-112.216,36.621],[-112.243,36.617],[-112.246,36.651],[-112.272,36.665],[-112.276,36.675],[-112.27,36.68],[-112.282,36.696],[-112.296,36.69],[-112.35,36.692],[-112.344,36.713],[-112.35,36.726],[-112.36,36.718],[-112.395,36.722],[-112.41,36.714],[-112.45,36.72],[-112.459,36.73],[-112.452,36.737],[-112.46,36.747],[-112.459,36.763],[-112.467,36.757],[-112.485,36.77],[-112.502,36.799],[-112.541,36.806],[-112.565,36.821],[-112.563,36.832],[-112.601,36.832],[-112.593,36.832],[-112.587,36.858],[-112.575,36.865],[-112.572,36.893],[-112.548,36.913],[-112.545,36.939],[-112.529,36.952],[-112.544,36.985],[-112.54,37.001],[-111.507,37.002]]],[[[-79.148,37.343],[-79.15,37.332],[-79.14,37.33],[-79.113,37.338],[-79.107,37.333],[-79.123,37.322],[-79.108,37.317],[-79.163,37.302],[-79.169,37.309],[-79.16,37.312],[-79.167,37.313],[-79.164,37.329],[-79.176,37.341],[-79.161,37.356],[-79.148,37.343]]],[[[-98.821,37.384],[-98.749,37.384],[-98.749,37.316],[-98.76,37.314],[-98.763,37.299],[-98.78,37.291],[-98.778,37.282],[-98.858,37.281],[-98.858,37.138],[-98.812,37.138],[-98.812,36.999],[-99.541,37],[-99.544,37.178],[-99.607,37.178],[-99.608,37.206],[-99.544,37.207],[-99.543,37.381],[-99.291,37.383],[-99.292,37.339],[-99.255,37.339],[-99.259,37.32],[-99.247,37.317],[-99.247,37.296],[-99.274,37.296],[-99.274,37.281],[-99.236,37.28],[-99.236,37.246],[-99.224,37.223],[-99.201,37.223],[-99.201,37.209],[-99.165,37.209],[-99.164,37.162],[-99.146,37.162],[-99.127,37.119],[-99.118,37.112],[-99.087,37.118],[-99.076,37.106],[-99.077,37.118],[-99.06,37.114],[-99.044,37.143],[-99.029,37.143],[-99.024,37.151],[-99.014,37.15],[-99.001,37.124],[-99.002,37.297],[-98.945,37.297],[-98.941,37.28],[-98.952,37.26],[-98.912,37.259],[-98.915,37.296],[-98.858,37.296],[-98.858,37.384],[-98.821,37.384]]],[[[-98.209,37.384],[-98.167,37.384],[-98.166,37.297],[-98.185,37.297],[-98.185,37.268],[-98.148,37.268],[-98.151,37.215],[-97.949,37.211],[-97.948,37.196],[-97.912,37.197],[-97.912,37.139],[-97.838,37.14],[-97.839,37.154],[-97.783,37.154],[-97.784,37.213],[-97.729,37.213],[-97.729,37.14],[-97.693,37.14],[-97.693,37.184],[-97.67,37.189],[-97.67,37.199],[-97.693,37.198],[-97.693,37.213],[-97.62,37.213],[-97.62,37.199],[-97.638,37.199],[-97.638,37.184],[-97.62,37.185],[-97.62,37.156],[-97.584,37.156],[-97.584,37.141],[-97.492,37.143],[-97.493,37.128],[-97.474,37.128],[-97.473,36.999],[-98.128,36.998],[-98.128,37.022],[-98.11,37.022],[-98.11,37.036],[-98.128,37.036],[-98.129,37.065],[-98.165,37.065],[-98.166,37.08],[-98.147,37.08],[-98.148,37.094],[-98.184,37.094],[-98.184,37.152],[-98.193,37.152],[-98.186,37.167],[-98.348,37.167],[-98.35,37.384],[-98.209,37.384]]],[[[-100.27,37.475],[-100.271,37.461],[-100.289,37.46],[-100.289,37.417],[-100.307,37.417],[-100.309,37.383],[-100.308,37.358],[-100.291,37.358],[-100.291,37.343],[-100.272,37.344],[-100.272,37.271],[-100.236,37.271],[-100.236,37.227],[-100.254,37.227],[-100.254,37.213],[-100.272,37.213],[-100.272,37.184],[-100.236,37.184],[-100.236,37.169],[-100.206,37.175],[-100.19,37.168],[-100.145,37.168],[-100.117,37.183],[-100.092,37.183],[-100.089,37.002],[-100.633,37],[-100.635,37.257],[-100.743,37.257],[-100.742,37.388],[-100.653,37.388],[-100.653,37.475],[-100.27,37.475]]],[[[-115.896,36.246],[-115.92,36.229],[-115.96,36.22],[-115.973,36.205],[-115.978,36.212],[-115.972,36.22],[-115.992,36.22],[-115.994,36.234],[-115.993,36.22],[-116.104,36.219],[-116.103,36.205],[-116.113,36.191],[-116.09,36.174],[-116.109,36.167],[-115.898,36.004],[-115.898,36.084],[-115.878,36.059],[-115.854,36.048],[-115.855,36.162],[-115.898,36.156],[-115.896,36.246],[-115.827,36.286],[-115.826,36.319],[-115.818,36.321],[-115.824,36.32],[-115.828,36.363],[-115.797,36.37],[-115.798,36.393],[-115.765,36.422],[-115.765,36.437],[-115.723,36.436],[-115.722,36.422],[-115.622,36.421],[-115.626,36.373],[-115.652,36.34],[-115.629,36.338],[-115.622,36.314],[-115.61,36.308],[-115.587,36.312],[-115.567,36.328],[-115.54,36.328],[-115.531,36.34],[-115.503,36.347],[-115.47,36.408],[-115.435,36.43],[-115.429,36.424],[-115.391,36.431],[-115.37,36.424],[-115.37,36.412],[-115.351,36.392],[-115.369,36.376],[-115.355,36.365],[-115.315,36.366],[-115.316,36.336],[-115.42,36.345],[-115.429,36.327],[-115.415,36.33],[-115.415,36.32],[-115.44,36.297],[-115.431,36.288],[-115.405,36.304],[-115.334,36.326],[-115.333,36.308],[-115.343,36.308],[-115.342,36.288],[-115.352,36.281],[-115.347,36.267],[-115.333,36.264],[-115.334,36.218],[-115.396,36.211],[-115.378,36.184],[-115.368,36.182],[-115.369,36.173],[-115.384,36.166],[-115.379,36.155],[-115.315,36.159],[-115.316,36.028],[-115.352,36.044],[-115.351,36.035],[-115.316,36.024],[-115.316,36.014],[-115.351,35.954],[-115.269,35.954],[-115.291,35.876],[-115.247,35.872],[-115.248,35.867],[-115.231,35.881],[-115.284,35.828],[-115.275,35.805],[-115.244,35.783],[-115.27,35.776],[-115.209,35.72],[-115.307,35.673],[-115.39,35.605],[-115.647,35.809],[-115.736,35.809],[-115.736,35.794],[-117.146,35.796],[-117.18,35.857],[-117.185,35.888],[-117.21,35.907],[-117.201,35.925],[-117.208,35.96],[-117.203,35.971],[-117.222,35.994],[-117.221,36.08],[-117.229,36.093],[-117.214,36.128],[-117.24,36.148],[-117.267,36.147],[-117.299,36.163],[-117.328,36.191],[-117.358,36.265],[-117.423,36.339],[-117.479,36.335],[-117.492,36.347],[-117.513,36.34],[-117.528,36.348],[-117.528,36.358],[-117.535,36.358],[-117.541,36.344],[-117.551,36.352],[-117.571,36.352],[-117.597,36.38],[-117.635,36.359],[-117.664,36.322],[-117.685,36.316],[-117.702,36.329],[-117.759,36.336],[-117.802,36.376],[-117.824,36.43],[-117.908,36.353],[-117.819,36.352],[-117.803,36.324],[-117.781,36.329],[-117.763,36.292],[-117.765,36.267],[-117.789,36.248],[-117.773,36.244],[-117.768,36.232],[-117.841,36.232],[-117.842,36.19],[-117.86,36.217],[-117.907,36.237],[-117.903,36.269],[-117.922,36.266],[-117.942,36.278],[-117.947,36.266],[-117.986,36.273],[-117.993,36.29],[-118.019,36.312],[-118.021,36.334],[-118.036,36.32],[-118.037,36.232],[-118.02,36.231],[-118.025,36.172],[-117.978,36.178],[-117.964,36.094],[-117.967,36.043],[-117.951,36.021],[-117.953,35.986],[-117.935,35.954],[-117.911,35.957],[-117.906,35.939],[-117.909,35.932],[-117.918,35.935],[-117.916,35.907],[-117.899,35.899],[-117.888,35.874],[-117.917,35.884],[-117.922,35.866],[-117.91,35.858],[-117.906,35.837],[-117.891,35.84],[-117.886,35.798],[-117.924,35.798],[-117.923,35.787],[-118.008,35.789],[-118.009,35.814],[-117.999,35.823],[-118.006,35.829],[-118.006,35.863],[-117.995,35.87],[-117.981,35.867],[-117.989,35.88],[-117.982,35.896],[-117.99,35.916],[-117.983,35.927],[-117.992,35.944],[-118.017,35.955],[-118.015,35.974],[-118.004,35.977],[-118.004,35.985],[-118.018,36.003],[-118.034,36.009],[-118.052,36.06],[-118.052,36.085],[-118.067,36.092],[-118.074,36.14],[-118.06,36.15],[-118.059,36.17],[-118.106,36.213],[-118.117,36.271],[-118.128,36.28],[-118.127,36.301],[-118.11,36.31],[-118.113,36.322],[-118.098,36.331],[-118.1,36.346],[-118.123,36.351],[-118.131,36.371],[-118.163,36.389],[-118.14,36.404],[-118.141,36.421],[-118.157,36.433],[-118.194,36.427],[-118.215,36.435],[-118.21,36.445],[-118.216,36.457],[-118.25,36.482],[-118.235,36.494],[-118.241,36.5],[-118.239,36.524],[-118.247,36.521],[-118.252,36.542],[-118.265,36.552],[-118.292,36.561],[-118.289,36.591],[-118.275,36.598],[-118.321,36.627],[-118.319,36.639],[-118.338,36.655],[-118.331,36.67],[-118.348,36.672],[-118.366,36.69],[-118.337,36.703],[-118.336,36.718],[-118.351,36.741],[-118.369,36.749],[-118.38,36.782],[-118.374,36.801],[-118.394,36.831],[-118.363,36.842],[-118.362,36.861],[-118.37,36.873],[-118.361,36.888],[-118.388,36.946],[-118.405,36.958],[-118.404,36.972],[-118.42,36.987],[-118.412,36.998],[-118.428,37.011],[-118.423,37.026],[-118.44,37.04],[-118.437,37.06],[-118.487,37.077],[-118.498,37.092],[-118.515,37.094],[-118.538,37.114],[-118.564,37.113],[-118.569,37.123],[-118.583,37.122],[-118.592,37.138],[-118.655,37.142],[-118.673,37.167],[-118.664,37.178],[-118.666,37.189],[-118.682,37.205],[-118.676,37.214],[-118.686,37.227],[-118.685,37.243],[-118.665,37.262],[-118.714,37.327],[-118.741,37.315],[-118.787,37.343],[-118.768,37.368],[-118.79,37.394],[-118.78,37.422],[-118.769,37.422],[-118.759,37.438],[-118.763,37.457],[-118.775,37.463],[-118.729,37.464],[-118.708,37.534],[-118.692,37.541],[-118.673,37.57],[-118.679,37.58],[-118.73,37.59],[-118.72,37.61],[-118.732,37.63],[-118.717,37.654],[-118.717,37.685],[-118.74,37.68],[-118.731,37.692],[-118.752,37.69],[-118.766,37.7],[-118.771,37.688],[-118.797,37.687],[-118.807,37.675],[-118.816,37.697],[-118.808,37.71],[-118.818,37.735],[-118.914,37.749],[-118.904,37.757],[-118.864,37.756],[-118.862,37.776],[-118.837,37.799],[-118.827,37.791],[-118.813,37.804],[-118.782,37.804],[-118.77,37.836],[-118.741,37.836],[-118.734,37.826],[-118.729,37.873],[-118.689,37.913],[-118.665,37.902],[-118.612,37.939],[-118.615,37.945],[-118.603,37.954],[-118.557,37.972],[-118.555,37.988],[-117.878,37.499],[-117.166,36.971],[-117.166,37.75],[-117.165,37.762],[-117.145,37.756],[-117.117,37.764],[-117.097,37.761],[-117.097,37.888],[-116.329,37.886],[-116.33,37.804],[-116.221,37.804],[-116.221,37.718],[-115.899,37.724],[-115.895,37.711],[-115.894,38.051],[-115.36,38.051],[-115.348,38.03],[-115.365,37.986],[-115.356,37.954],[-115.368,37.924],[-115.358,37.906],[-115.366,37.867],[-115.343,37.821],[-115.443,37.789],[-115.46,37.758],[-115.462,37.611],[-115.49,37.595],[-115.486,37.561],[-115.503,37.495],[-115.475,37.461],[-115.455,37.449],[-115.471,37.423],[-115.469,37.395],[-115.374,37.421],[-115.378,37.438],[-115.342,37.48],[-115.332,37.448],[-115.305,37.404],[-115.31,37.389],[-115.288,37.376],[-115.274,37.392],[-115.174,37.395],[-115.172,37.414],[-115.185,37.443],[-115.139,37.463],[-115.134,37.487],[-115.105,37.49],[-115.105,37.532],[-115.075,37.573],[-115.056,37.578],[-115.022,37.578],[-114.914,37.54],[-114.832,37.521],[-114.956,37.259],[-115.019,37.203],[-114.987,37.063],[-114.956,36.853],[-115.741,36.853],[-115.741,36.842],[-115.897,36.842],[-115.896,36.246]],[[-116.75,36.885],[-116.757,36.911],[-116.751,36.916],[-116.758,36.925],[-116.773,36.932],[-116.793,36.926],[-116.8,36.914],[-116.787,36.893],[-116.797,36.878],[-116.767,36.868],[-116.75,36.885]],[[-115.406,36.044],[-115.4,36.049],[-115.409,36.05],[-115.406,36.044]]],[[[-88.71,38.272],[-88.702,38.272],[-88.702,38.257],[-88.685,38.256],[-88.685,38.205],[-88.694,38.205],[-88.694,38.183],[-88.685,38.183],[-88.685,38.125],[-88.594,38.125],[-88.594,38.14],[-88.603,38.14],[-88.603,38.15],[-88.593,38.154],[-88.593,38.184],[-88.562,38.184],[-88.557,38.199],[-88.539,38.198],[-88.539,38.187],[-88.52,38.187],[-88.52,38.212],[-88.483,38.211],[-88.483,38.147],[-88.409,38.147],[-88.409,38.125],[-88.372,38.125],[-88.379,38.069],[-88.373,38.067],[-88.374,38.039],[-88.357,38.034],[-88.338,38.039],[-88.338,38.025],[-88.319,38.025],[-88.32,38.039],[-88.301,38.039],[-88.301,38.054],[-88.283,38.054],[-88.283,38.039],[-88.264,38.039],[-88.264,38.112],[-88.207,38.112],[-88.207,38.126],[-88.221,38.126],[-88.221,38.141],[-88.244,38.141],[-88.244,38.13],[-88.253,38.13],[-88.253,38.155],[-88.263,38.154],[-88.263,38.17],[-88.238,38.17],[-88.241,38.181],[-88.23,38.183],[-88.225,38.228],[-88.152,38.227],[-88.152,38.126],[-88.121,38.126],[-88.114,38.118],[-88.105,38.126],[-88.014,38.118],[-88.005,38.128],[-87.971,38.128],[-87.975,38.11],[-88.013,38.104],[-88.015,38.09],[-88.003,38.084],[-87.96,38.1],[-87.957,38.089],[-87.967,38.067],[-87.979,38.06],[-88.042,38.046],[-88.034,38.032],[-88.008,38.031],[-88.026,38.009],[-88.012,37.969],[-88.021,37.959],[-88.037,37.957],[-88.032,37.927],[-88.042,37.924],[-88.056,37.934],[-88.07,37.927],[-88.063,37.918],[-88.021,37.914],[-88.014,37.888],[-88.098,37.904],[-88.063,37.851],[-88.027,37.837],[-88.027,37.828],[-88.037,37.823],[-88.058,37.822],[-88.078,37.831],[-88.092,37.823],[-88.067,37.8],[-88.04,37.81],[-88.027,37.807],[-88.043,37.766],[-88.066,37.737],[-88.121,37.711],[-88.16,37.66],[-88.158,37.635],[-88.134,37.575],[-88.071,37.528],[-88.061,37.505],[-88.065,37.489],[-88.088,37.471],[-88.135,37.472],[-88.282,37.453],[-88.313,37.441],[-88.364,37.402],[-88.41,37.425],[-88.466,37.401],[-88.477,37.387],[-88.486,37.341],[-88.516,37.284],[-88.504,37.265],[-88.512,37.262],[-88.448,37.204],[-88.424,37.151],[-88.452,37.085],[-88.476,37.068],[-88.549,37.071],[-88.62,37.117],[-88.692,37.141],[-88.73,37.143],[-88.797,37.185],[-88.865,37.208],[-88.867,37.221],[-88.853,37.226],[-88.867,37.229],[-88.858,37.241],[-88.869,37.241],[-88.869,37.249],[-88.845,37.25],[-88.865,37.269],[-88.856,37.285],[-88.888,37.321],[-88.955,37.297],[-89.002,37.311],[-89.003,37.333],[-88.99,37.325],[-88.98,37.332],[-88.98,37.343],[-89.012,37.342],[-89.018,37.349],[-89.009,37.374],[-89.021,37.378],[-89.021,37.389],[-89.045,37.389],[-89.044,37.442],[-89.072,37.443],[-89.08,37.481],[-89.108,37.482],[-89.108,37.497],[-89.118,37.497],[-89.116,37.52],[-89.09,37.521],[-89.062,37.535],[-89.075,37.552],[-89.073,37.567],[-89.049,37.561],[-89.051,37.597],[-89.101,37.598],[-89.096,37.617],[-89.115,37.63],[-89.115,37.643],[-89.122,37.643],[-89.127,37.656],[-89.142,37.657],[-89.152,37.644],[-89.163,37.644],[-89.163,37.633],[-89.172,37.634],[-89.163,37.629],[-89.166,37.624],[-89.207,37.623],[-89.223,37.658],[-89.213,37.672],[-89.231,37.677],[-89.211,37.686],[-89.216,37.701],[-89.2,37.7],[-89.197,37.706],[-89.184,37.701],[-89.185,37.727],[-89.191,37.728],[-89.184,37.737],[-89.152,37.745],[-89.152,37.732],[-89.147,37.745],[-89.118,37.745],[-89.127,37.74],[-89.124,37.735],[-89.106,37.742],[-89.117,37.733],[-89.104,37.737],[-89.095,37.73],[-89.093,37.701],[-89.083,37.702],[-89.087,37.71],[-89.079,37.716],[-89.079,37.709],[-89.05,37.703],[-89.052,37.693],[-89.04,37.686],[-89.04,37.745],[-89.031,37.745],[-89.031,37.73],[-89.004,37.734],[-89.004,37.741],[-89.022,37.742],[-89.02,37.76],[-89.014,37.76],[-89.022,37.771],[-88.984,37.774],[-88.985,37.79],[-88.977,37.795],[-88.992,37.796],[-88.984,37.817],[-88.993,37.816],[-89.002,37.832],[-89.002,37.84],[-88.983,37.839],[-88.984,37.862],[-89.044,37.862],[-89.041,37.891],[-89.019,37.892],[-89.012,37.904],[-89.025,37.927],[-88.991,37.95],[-89,37.95],[-88.996,37.958],[-89.002,37.964],[-88.984,37.972],[-88.984,37.99],[-89.029,37.987],[-89.029,37.979],[-89.04,37.976],[-89.054,37.981],[-89.054,37.994],[-89.065,37.994],[-89.065,38.002],[-89.067,37.994],[-89.077,37.994],[-89.072,38.013],[-89.054,38.002],[-89.054,38.038],[-89.003,38.038],[-88.998,38.06],[-89.005,38.063],[-88.989,38.067],[-88.995,38.096],[-88.982,38.107],[-89,38.121],[-88.93,38.125],[-88.93,38.175],[-88.862,38.17],[-88.839,38.158],[-88.818,38.164],[-88.815,38.2],[-88.833,38.2],[-88.833,38.229],[-88.814,38.229],[-88.814,38.218],[-88.807,38.219],[-88.796,38.239],[-88.782,38.239],[-88.778,38.258],[-88.759,38.258],[-88.757,38.269],[-88.745,38.275],[-88.71,38.272]],[[-88.912,38.126],[-88.931,38.12],[-88.93,38.052],[-88.921,38.052],[-88.914,38.066],[-88.915,38.06],[-88.89,38.06],[-88.889,38.089],[-88.876,38.089],[-88.876,38.103],[-88.853,38.104],[-88.853,38.127],[-88.912,38.126]],[[-88.539,37.995],[-88.545,37.995],[-88.545,37.951],[-88.522,37.951],[-88.522,37.995],[-88.539,37.995]],[[-88.984,37.928],[-88.99,37.903],[-88.98,37.903],[-88.98,37.917],[-88.967,37.922],[-88.985,37.936],[-88.984,37.928]]],[[[-109.807,38.5],[-109.608,38.5],[-109.599,38.471],[-109.547,38.42],[-109.526,38.445],[-109.49,38.453],[-109.477,38.418],[-109.49,38.386],[-109.483,38.38],[-109.456,38.389],[-109.423,38.439],[-109.405,38.423],[-109.367,38.433],[-109.321,38.413],[-109.322,38.429],[-109.423,38.459],[-109.437,38.471],[-109.408,38.478],[-109.419,38.5],[-109.06,38.5],[-109.06,38.273],[-109.042,38.165],[-109.046,37.36],[-109.132,37.36],[-109.132,37.375],[-109.222,37.375],[-109.223,37.389],[-109.205,37.389],[-109.205,37.404],[-109.187,37.403],[-109.187,37.429],[-109.241,37.432],[-109.241,37.447],[-109.277,37.447],[-109.277,37.461],[-109.304,37.461],[-109.304,37.447],[-109.349,37.447],[-109.349,37.461],[-109.367,37.461],[-109.367,37.447],[-109.404,37.447],[-109.404,37.432],[-109.413,37.433],[-109.413,37.411],[-109.422,37.411],[-109.422,37.389],[-109.437,37.389],[-109.435,37.381],[-109.453,37.362],[-109.394,37.36],[-109.403,37.339],[-109.399,37.324],[-109.381,37.321],[-109.376,37.331],[-109.353,37.331],[-109.349,37.317],[-109.331,37.317],[-109.332,37.296],[-109.322,37.29],[-109.326,37.282],[-109.318,37.268],[-109.286,37.277],[-109.275,37.263],[-109.25,37.263],[-109.249,37.249],[-109.261,37.237],[-109.268,37.241],[-109.263,37.246],[-109.272,37.246],[-109.293,37.231],[-109.301,37.236],[-109.31,37.225],[-109.324,37.225],[-109.326,37.251],[-109.342,37.248],[-109.349,37.261],[-109.359,37.255],[-109.361,37.263],[-109.413,37.283],[-109.437,37.274],[-109.468,37.284],[-109.502,37.273],[-109.539,37.277],[-109.619,37.258],[-109.619,37.24],[-109.665,37.235],[-109.669,37.224],[-109.713,37.211],[-109.725,37.191],[-109.734,37.199],[-109.742,37.195],[-109.739,37.205],[-109.749,37.215],[-109.752,37.204],[-109.769,37.195],[-109.767,37.181],[-109.801,37.191],[-109.816,37.179],[-109.835,37.18],[-109.851,37.195],[-109.854,37.188],[-109.895,37.182],[-109.905,37.172],[-109.911,37.181],[-109.918,37.16],[-109.927,37.171],[-109.94,37.154],[-109.945,37.163],[-109.932,37.174],[-109.951,37.167],[-109.965,37.183],[-109.96,37.192],[-109.97,37.2],[-109.985,37.197],[-109.982,37.213],[-110.005,37.201],[-110,37.214],[-110.013,37.229],[-110.032,37.216],[-110.045,37.234],[-110.043,37.244],[-110.076,37.245],[-110.054,37.258],[-110.044,37.255],[-110.038,37.264],[-110.026,37.263],[-110.016,37.275],[-109.997,37.274],[-109.97,37.295],[-109.963,37.317],[-109.927,37.349],[-109.923,37.363],[-109.919,37.33],[-109.94,37.301],[-109.93,37.301],[-109.92,37.314],[-109.913,37.354],[-109.925,37.37],[-109.939,37.372],[-109.946,37.408],[-109.897,37.488],[-109.886,37.579],[-109.897,37.587],[-109.918,37.58],[-109.934,37.556],[-109.957,37.541],[-109.974,37.541],[-110.01,37.562],[-110.027,37.563],[-110.037,37.571],[-110.043,37.594],[-110.065,37.605],[-110.077,37.603],[-110.088,37.63],[-110.116,37.648],[-110.139,37.655],[-110.148,37.638],[-110.158,37.636],[-110.175,37.656],[-110.217,37.679],[-110.242,37.707],[-110.25,37.73],[-110.281,37.743],[-110.288,37.774],[-110.305,37.799],[-110.359,37.825],[-110.355,37.859],[-110.341,37.871],[-110.37,37.891],[-110.305,37.891],[-110.283,37.866],[-110.271,37.897],[-110.211,37.893],[-110.198,37.918],[-110.206,37.935],[-110.202,37.947],[-110.166,37.966],[-110.161,37.983],[-110.137,38.005],[-110.112,38.008],[-110.095,37.995],[-110.077,37.999],[-110.076,38.023],[-110.063,38.044],[-110.046,38.049],[-110.047,38.071],[-110.026,38.098],[-110.009,38.11],[-109.989,38.1],[-109.965,38.113],[-109.955,38.131],[-109.929,38.14],[-109.932,38.158],[-109.886,38.184],[-109.886,38.19],[-109.904,38.19],[-109.888,38.208],[-109.92,38.219],[-109.916,38.227],[-109.888,38.23],[-109.899,38.243],[-109.918,38.241],[-109.903,38.254],[-109.904,38.267],[-109.936,38.263],[-109.928,38.281],[-109.949,38.29],[-109.946,38.309],[-109.964,38.321],[-109.965,38.332],[-109.948,38.338],[-109.941,38.354],[-109.952,38.355],[-109.958,38.341],[-109.968,38.341],[-109.986,38.356],[-109.972,38.38],[-109.975,38.388],[-109.988,38.386],[-110.011,38.364],[-110.009,38.376],[-110.033,38.387],[-110.003,38.413],[-110.026,38.447],[-110.044,38.449],[-110.034,38.46],[-110.021,38.447],[-110.011,38.449],[-110.002,38.482],[-110.025,38.5],[-109.807,38.5]],[[-109.563,37.289],[-109.579,37.283],[-109.566,37.278],[-109.545,37.287],[-109.563,37.289]]],[[[-82.84,38.376],[-82.849,38.364],[-82.846,38.345],[-82.839,38.343],[-82.855,38.342],[-82.847,38.33],[-82.854,38.32],[-82.842,38.313],[-82.819,38.316],[-82.828,38.31],[-82.828,38.293],[-82.867,38.282],[-82.869,38.293],[-82.918,38.299],[-82.924,38.297],[-82.92,38.28],[-82.902,38.269],[-82.916,38.265],[-82.821,38.232],[-82.814,38.213],[-82.784,38.221],[-82.797,38.235],[-82.793,38.244],[-82.767,38.235],[-82.737,38.237],[-82.7,38.262],[-82.665,38.265],[-82.661,38.257],[-82.685,38.245],[-82.683,38.228],[-82.664,38.222],[-82.649,38.231],[-82.632,38.19],[-82.61,38.179],[-82.613,38.17],[-82.643,38.17],[-82.637,38.139],[-82.621,38.132],[-82.62,38.121],[-82.586,38.108],[-82.584,38.091],[-82.55,38.07],[-82.539,38.037],[-82.515,38.006],[-82.519,38.001],[-82.489,37.999],[-82.483,37.984],[-82.464,37.984],[-82.467,37.974],[-82.484,37.972],[-82.485,37.964],[-82.472,37.959],[-82.483,37.947],[-82.497,37.946],[-82.489,37.938],[-82.502,37.932],[-82.48,37.926],[-82.488,37.917],[-82.476,37.913],[-82.473,37.899],[-82.459,37.904],[-82.443,37.875],[-82.441,37.86],[-82.473,37.859],[-82.479,37.851],[-82.469,37.816],[-82.454,37.814],[-82.442,37.802],[-82.425,37.806],[-82.429,37.793],[-82.465,37.779],[-82.489,37.795],[-82.498,37.782],[-82.521,37.787],[-82.55,37.782],[-82.562,37.764],[-82.583,37.764],[-82.586,37.752],[-82.577,37.751],[-82.574,37.738],[-82.613,37.705],[-82.564,37.685],[-82.52,37.694],[-82.509,37.686],[-82.494,37.69],[-82.49,37.678],[-82.466,37.683],[-82.457,37.677],[-82.461,37.663],[-82.481,37.664],[-82.465,37.643],[-82.462,37.607],[-82.49,37.591],[-82.473,37.599],[-82.454,37.597],[-82.447,37.611],[-82.446,37.605],[-82.422,37.604],[-82.417,37.619],[-82.394,37.604],[-82.423,37.635],[-82.406,37.636],[-82.435,37.662],[-82.426,37.657],[-82.416,37.666],[-82.433,37.677],[-82.418,37.681],[-82.4,37.674],[-82.386,37.698],[-82.413,37.713],[-82.374,37.736],[-82.373,37.746],[-82.344,37.745],[-82.319,37.734],[-82.307,37.707],[-82.297,37.703],[-82.303,37.693],[-82.296,37.686],[-82.305,37.677],[-82.294,37.678],[-82.294,37.67],[-82.282,37.676],[-82.258,37.657],[-82.236,37.66],[-82.217,37.642],[-82.213,37.625],[-82.188,37.626],[-82.191,37.645],[-82.175,37.648],[-82.172,37.633],[-82.182,37.623],[-82.164,37.62],[-82.169,37.609],[-82.156,37.609],[-82.156,37.592],[-82.132,37.594],[-82.127,37.587],[-82.124,37.576],[-82.145,37.568],[-82.134,37.563],[-82.134,37.553],[-82.124,37.551],[-82.117,37.56],[-82.103,37.56],[-82.105,37.553],[-82.075,37.556],[-82.065,37.537],[-82.049,37.535],[-82.048,37.528],[-82.044,37.548],[-82.012,37.533],[-82,37.543],[-81.997,37.538],[-81.965,37.543],[-82.325,37.283],[-82.344,37.281],[-82.349,37.268],[-82.44,37.247],[-82.554,37.203],[-82.547,37.129],[-82.518,37.099],[-82.505,37.094],[-82.496,37.105],[-82.479,37.098],[-82.47,37.104],[-82.448,37.097],[-82.445,37.086],[-82.436,37.098],[-82.427,37.093],[-82.407,37.101],[-82.399,37.096],[-82.409,37.071],[-82.386,37.055],[-82.369,37.064],[-82.361,37.088],[-82.335,37.088],[-82.334,37.081],[-82.343,37.081],[-82.325,37.065],[-82.332,37.059],[-82.311,37.035],[-82.318,37.041],[-82.336,37.033],[-82.333,37.017],[-82.321,37.016],[-82.316,37.004],[-82.313,36.994],[-82.324,36.986],[-82.31,36.984],[-82.315,36.979],[-82.274,36.972],[-82.252,36.977],[-82.236,36.97],[-82.243,36.981],[-82.235,36.979],[-82.234,36.989],[-82.247,36.995],[-82.205,37.023],[-82.197,37.009],[-82.21,36.982],[-82.178,36.963],[-82.179,36.954],[-82.192,36.948],[-82.197,36.928],[-82.176,36.931],[-82.166,36.912],[-82.193,36.905],[-82.211,36.918],[-82.228,36.903],[-82.218,36.896],[-82.206,36.901],[-82.187,36.881],[-82.168,36.884],[-82.17,36.857],[-82.158,36.842],[-82.161,36.837],[-82.177,36.85],[-82.183,36.822],[-82.199,36.811],[-82.23,36.809],[-82.302,36.765],[-82.345,36.749],[-82.385,36.838],[-82.408,36.839],[-82.427,36.82],[-82.42,36.813],[-82.459,36.795],[-82.456,36.802],[-82.484,36.795],[-82.489,36.791],[-82.48,36.786],[-82.512,36.772],[-82.507,36.764],[-82.482,36.769],[-82.475,36.754],[-82.477,36.745],[-82.491,36.751],[-82.499,36.746],[-82.497,36.74],[-82.484,36.744],[-82.481,36.731],[-82.496,36.723],[-82.49,36.717],[-82.5,36.704],[-82.483,36.708],[-82.483,36.691],[-82.471,36.691],[-82.475,36.671],[-82.485,36.67],[-82.467,36.653],[-82.481,36.637],[-82.479,36.629],[-82.49,36.637],[-82.492,36.617],[-82.474,36.607],[-82.475,36.6],[-82.416,36.595],[-82.405,36.57],[-82.429,36.575],[-82.508,36.539],[-82.54,36.557],[-82.543,36.548],[-82.536,36.543],[-82.549,36.537],[-82.521,36.518],[-82.546,36.509],[-82.541,36.499],[-82.59,36.476],[-82.574,36.467],[-82.6,36.469],[-82.63,36.433],[-82.663,36.443],[-82.681,36.432],[-82.676,36.423],[-82.703,36.41],[-82.685,36.386],[-82.669,36.401],[-82.661,36.396],[-82.648,36.402],[-82.64,36.395],[-82.631,36.4],[-82.632,36.386],[-82.654,36.382],[-82.679,36.362],[-82.662,36.358],[-82.683,36.334],[-82.676,36.322],[-82.716,36.277],[-82.673,36.278],[-82.677,36.262],[-82.69,36.26],[-82.668,36.254],[-82.674,36.23],[-82.681,36.233],[-82.687,36.219],[-82.672,36.222],[-82.658,36.201],[-82.645,36.2],[-82.646,36.188],[-82.634,36.194],[-82.639,36.181],[-82.633,36.177],[-82.64,36.17],[-82.611,36.168],[-82.578,36.15],[-82.54,36.172],[-82.535,36.18],[-82.544,36.178],[-82.543,36.188],[-82.524,36.227],[-82.507,36.212],[-82.532,36.202],[-82.517,36.195],[-82.5,36.202],[-82.495,36.245],[-82.514,36.228],[-82.526,36.229],[-82.527,36.237],[-82.514,36.241],[-82.527,36.237],[-82.515,36.252],[-82.527,36.253],[-82.518,36.263],[-82.534,36.254],[-82.537,36.267],[-82.527,36.294],[-82.54,36.295],[-82.552,36.285],[-82.568,36.288],[-82.56,36.3],[-82.575,36.298],[-82.587,36.322],[-82.607,36.327],[-82.594,36.338],[-82.606,36.359],[-82.572,36.367],[-82.603,36.398],[-82.578,36.413],[-82.581,36.42],[-82.555,36.442],[-82.536,36.446],[-82.549,36.431],[-82.537,36.429],[-82.535,36.415],[-82.517,36.425],[-82.52,36.409],[-82.504,36.381],[-82.509,36.374],[-82.501,36.372],[-82.5,36.379],[-82.5,36.367],[-82.488,36.366],[-82.494,36.361],[-82.489,36.354],[-82.482,36.362],[-82.474,36.353],[-82.444,36.352],[-82.447,36.342],[-82.438,36.324],[-82.435,36.341],[-82.408,36.37],[-82.409,36.388],[-82.397,36.384],[-82.369,36.403],[-82.364,36.397],[-82.361,36.403],[-82.346,36.397],[-82.337,36.402],[-82.311,36.387],[-82.302,36.391],[-82.306,36.359],[-82.284,36.359],[-82.284,36.345],[-82.284,36.357],[-82.264,36.361],[-82.26,36.369],[-82.25,36.358],[-82.246,36.398],[-82.262,36.409],[-82.252,36.421],[-82.189,36.4],[-82.099,36.459],[-82.076,36.458],[-82.045,36.484],[-81.999,36.492],[-82.001,36.5],[-81.987,36.511],[-81.988,36.499],[-81.95,36.472],[-82.086,36.344],[-82.079,36.333],[-82.084,36.327],[-82.073,36.315],[-82.076,36.321],[-82.069,36.324],[-82.049,36.322],[-82.048,36.314],[-82.07,36.318],[-82.073,36.312],[-82.083,36.32],[-82.116,36.309],[-82.118,36.297],[-82.1,36.278],[-82.128,36.27],[-82.118,36.263],[-82.099,36.272],[-82.09,36.245],[-82.076,36.253],[-82.074,36.266],[-82.055,36.264],[-82.004,36.217],[-81.973,36.211],[-81.908,36.302],[-81.834,36.347],[-81.793,36.362],[-81.79,36.348],[-81.766,36.339],[-81.736,36.343],[-81.707,36.335],[-81.706,36.344],[-81.723,36.353],[-81.735,36.379],[-81.729,36.393],[-81.739,36.396],[-81.742,36.412],[-81.72,36.423],[-81.717,36.457],[-81.695,36.468],[-81.697,36.506],[-81.708,36.536],[-81.69,36.552],[-81.692,36.568],[-81.677,36.57],[-81.677,36.588],[-81.663,36.577],[-81.664,36.557],[-81.652,36.555],[-81.672,36.53],[-81.658,36.532],[-81.65,36.52],[-81.611,36.521],[-81.624,36.519],[-81.615,36.504],[-81.605,36.502],[-81.599,36.477],[-81.604,36.446],[-81.6,36.44],[-81.591,36.445],[-81.598,36.438],[-81.586,36.418],[-81.589,36.405],[-81.582,36.408],[-81.559,36.392],[-81.55,36.398],[-81.548,36.373],[-81.599,36.361],[-81.603,36.375],[-81.595,36.384],[-81.627,36.402],[-81.64,36.379],[-81.646,36.383],[-81.663,36.361],[-81.682,36.37],[-81.697,36.358],[-81.689,36.314],[-81.678,36.313],[-81.681,36.301],[-81.674,36.296],[-81.667,36.307],[-81.657,36.305],[-81.647,36.314],[-81.636,36.304],[-81.627,36.307],[-81.607,36.268],[-81.599,36.265],[-81.583,36.279],[-81.571,36.278],[-81.568,36.261],[-81.552,36.244],[-81.539,36.243],[-81.55,36.238],[-81.533,36.229],[-81.53,36.213],[-81.562,36.212],[-81.564,36.23],[-81.6,36.203],[-81.59,36.193],[-81.574,36.199],[-81.562,36.186],[-81.502,36.161],[-81.5,36.143],[-81.527,36.127],[-81.509,36.113],[-81.529,36.107],[-81.516,36.097],[-81.477,36.097],[-81.445,36.072],[-81.434,36.076],[-81.433,36.062],[-81.416,36.055],[-81.408,36.066],[-81.399,36.064],[-81.39,36.051],[-81.396,36.041],[-81.381,36.045],[-81.344,36.025],[-81.366,36.033],[-81.394,36.011],[-81.386,36.011],[-81.388,36.002],[-81.369,36.012],[-81.361,36.007],[-81.344,36.023],[-81.328,35.997],[-81.343,35.923],[-81.339,35.905],[-81.353,35.904],[-81.36,35.913],[-81.384,35.908],[-81.376,35.895],[-81.391,35.888],[-81.389,35.881],[-81.406,35.884],[-81.414,35.903],[-81.429,35.88],[-81.454,35.891],[-81.469,35.891],[-81.461,35.884],[-81.466,35.879],[-81.488,35.882],[-81.496,35.875],[-81.494,35.863],[-81.507,35.863],[-81.499,35.853],[-81.519,35.854],[-81.518,35.841],[-81.532,35.837],[-81.541,35.818],[-81.56,35.822],[-81.569,35.801],[-81.556,35.777],[-81.587,35.781],[-81.584,35.748],[-81.594,35.756],[-81.605,35.743],[-81.635,35.747],[-81.626,35.739],[-81.637,35.733],[-81.634,35.728],[-81.617,35.729],[-81.636,35.725],[-81.624,35.708],[-81.617,35.703],[-81.615,35.718],[-81.6,35.718],[-81.587,35.709],[-81.59,35.701],[-81.576,35.698],[-81.577,35.688],[-81.568,35.681],[-81.535,35.673],[-81.53,35.652],[-81.54,35.651],[-81.543,35.633],[-81.582,35.634],[-81.578,35.621],[-81.591,35.615],[-81.603,35.616],[-81.614,35.629],[-81.628,35.628],[-81.692,35.579],[-81.706,35.582],[-81.72,35.607],[-81.737,35.602],[-81.753,35.614],[-81.772,35.602],[-81.772,35.593],[-81.796,35.592],[-81.8,35.579],[-81.823,35.58],[-81.843,35.542],[-81.856,35.542],[-81.854,35.558],[-81.838,35.56],[-81.846,35.583],[-81.836,35.585],[-81.851,35.589],[-81.869,35.563],[-81.865,35.553],[-81.877,35.542],[-81.906,35.542],[-81.968,35.526],[-82.003,35.552],[-82.037,35.533],[-82.096,35.532],[-82.151,35.518],[-82.168,35.528],[-82.196,35.524],[-82.198,35.508],[-82.22,35.504],[-82.243,35.467],[-82.253,35.461],[-82.266,35.468],[-82.279,35.447],[-82.27,35.4],[-82.261,35.391],[-82.298,35.336],[-82.323,35.337],[-82.346,35.319],[-82.351,35.329],[-82.392,35.328],[-82.42,35.318],[-82.418,35.31],[-82.427,35.323],[-82.438,35.324],[-82.439,35.315],[-82.426,35.312],[-82.429,35.307],[-82.419,35.299],[-82.426,35.3],[-82.428,35.291],[-82.439,35.295],[-82.441,35.282],[-82.456,35.277],[-82.452,35.271],[-82.462,35.267],[-82.465,35.249],[-82.476,35.242],[-82.478,35.248],[-82.488,35.246],[-82.485,35.237],[-82.494,35.232],[-82.532,35.235],[-82.55,35.224],[-82.553,35.202],[-82.542,35.199],[-82.544,35.191],[-82.595,35.16],[-82.639,35.156],[-82.642,35.183],[-82.632,35.189],[-82.643,35.203],[-82.658,35.198],[-82.653,35.17],[-82.663,35.171],[-82.657,35.156],[-82.668,35.158],[-82.664,35.148],[-82.647,35.148],[-82.654,35.146],[-82.65,35.138],[-82.672,35.137],[-82.675,35.127],[-82.687,35.125],[-82.695,35.115],[-82.686,35.108],[-82.698,35.095],[-82.7,35.101],[-82.727,35.094],[-82.739,35.078],[-82.75,35.082],[-82.755,35.068],[-82.782,35.065],[-82.776,35.081],[-82.79,35.085],[-82.778,35.115],[-82.805,35.12],[-82.827,35.11],[-82.813,35.1],[-82.825,35.081],[-82.883,35.063],[-82.87,35.09],[-82.886,35.112],[-82.853,35.139],[-82.838,35.142],[-82.84,35.123],[-82.827,35.123],[-82.827,35.116],[-82.824,35.13],[-82.813,35.133],[-82.82,35.136],[-82.813,35.155],[-82.824,35.158],[-82.815,35.166],[-82.829,35.162],[-82.831,35.181],[-82.841,35.183],[-82.844,35.169],[-82.843,35.179],[-82.854,35.184],[-82.85,35.193],[-82.86,35.19],[-82.856,35.215],[-82.871,35.215],[-82.898,35.202],[-82.902,35.191],[-82.871,35.178],[-82.867,35.16],[-82.856,35.153],[-82.874,35.151],[-82.863,35.149],[-82.867,35.135],[-82.906,35.1],[-82.904,35.086],[-82.886,35.075],[-82.887,35.063],[-83.109,35.001],[-83.098,34.99],[-83.122,34.965],[-83.114,34.95],[-83.128,34.95],[-83.111,34.935],[-83.127,34.939],[-83.141,34.925],[-83.157,34.931],[-83.157,34.915],[-83.168,34.92],[-83.198,34.89],[-83.204,34.893],[-83.205,34.88],[-83.214,34.889],[-83.219,34.878],[-83.243,34.878],[-83.235,34.87],[-83.246,34.868],[-83.246,34.856],[-83.254,34.855],[-83.248,34.846],[-83.268,34.848],[-83.268,34.821],[-83.277,34.817],[-83.289,34.825],[-83.295,34.813],[-83.303,34.819],[-83.301,34.804],[-83.32,34.791],[-83.332,34.797],[-83.328,34.806],[-83.337,34.812],[-83.332,34.825],[-83.343,34.829],[-83.383,34.825],[-83.392,34.835],[-83.425,34.827],[-83.408,34.854],[-83.432,34.875],[-83.467,34.858],[-83.515,34.855],[-83.547,34.843],[-83.555,34.813],[-83.547,34.814],[-83.537,34.791],[-83.549,34.786],[-83.57,34.792],[-83.557,34.785],[-83.562,34.78],[-83.551,34.75],[-83.481,34.724],[-83.432,34.747],[-83.404,34.729],[-83.387,34.737],[-83.352,34.716],[-83.347,34.703],[-83.354,34.698],[-83.338,34.687],[-83.43,34.634],[-83.429,34.612],[-83.45,34.614],[-83.469,34.627],[-83.499,34.589],[-83.528,34.594],[-83.549,34.585],[-83.557,34.59],[-83.543,34.604],[-83.549,34.61],[-83.562,34.607],[-83.572,34.617],[-83.591,34.616],[-83.592,34.623],[-83.604,34.624],[-83.619,34.612],[-83.638,34.623],[-83.646,34.604],[-83.635,34.571],[-83.615,34.554],[-83.621,34.545],[-83.616,34.542],[-83.663,34.514],[-83.673,34.495],[-83.677,34.504],[-83.778,34.505],[-83.778,34.514],[-83.787,34.514],[-83.788,34.505],[-83.81,34.505],[-83.812,34.519],[-83.831,34.53],[-83.834,34.523],[-83.832,34.532],[-83.854,34.54],[-83.847,34.551],[-83.855,34.555],[-83.885,34.546],[-83.89,34.534],[-83.904,34.529],[-83.891,34.524],[-83.893,34.515],[-83.879,34.518],[-83.874,34.511],[-83.876,34.517],[-83.893,34.515],[-83.888,34.5],[-83.875,34.505],[-83.874,34.486],[-83.89,34.469],[-83.895,34.442],[-83.905,34.445],[-83.923,34.434],[-83.935,34.449],[-83.973,34.429],[-83.975,34.419],[-83.99,34.418],[-83.993,34.439],[-83.985,34.451],[-83.995,34.463],[-83.993,34.478],[-84.008,34.479],[-84.022,34.468],[-84.024,34.481],[-84.04,34.476],[-84.06,34.49],[-84.104,34.49],[-84.103,34.498],[-84.116,34.501],[-84.111,34.509],[-84.122,34.51],[-84.127,34.52],[-84.134,34.509],[-84.151,34.505],[-84.19,34.539],[-84.204,34.534],[-84.205,34.555],[-84.192,34.566],[-84.189,34.609],[-84.197,34.618],[-84.224,34.597],[-84.255,34.598],[-84.26,34.572],[-84.271,34.577],[-84.262,34.544],[-84.247,34.534],[-84.254,34.524],[-84.257,34.533],[-84.281,34.537],[-84.279,34.547],[-84.333,34.579],[-84.339,34.579],[-84.332,34.572],[-84.345,34.563],[-84.371,34.563],[-84.371,34.549],[-84.391,34.55],[-84.393,34.56],[-84.41,34.571],[-84.414,34.589],[-84.438,34.594],[-84.425,34.597],[-84.434,34.61],[-84.441,34.597],[-84.454,34.596],[-84.458,34.603],[-84.491,34.605],[-84.502,34.615],[-84.501,34.625],[-84.514,34.593],[-84.55,34.595],[-84.545,34.583],[-84.556,34.555],[-84.586,34.557],[-84.61,34.585],[-84.645,34.578],[-84.655,34.583],[-84.654,34.54],[-84.641,34.516],[-84.643,34.499],[-84.631,34.493],[-84.623,34.472],[-84.584,34.462],[-84.583,34.442],[-84.595,34.441],[-84.584,34.427],[-84.562,34.426],[-84.559,34.418],[-84.56,34.406],[-84.569,34.406],[-84.583,34.385],[-84.583,34.412],[-84.653,34.413],[-84.654,34.388],[-84.662,34.384],[-84.657,34.379],[-84.654,34.386],[-84.654,34.355],[-84.644,34.355],[-84.645,34.347],[-84.654,34.347],[-84.654,34.314],[-84.682,34.331],[-84.68,34.313],[-84.688,34.309],[-84.686,34.321],[-84.697,34.323],[-84.719,34.298],[-84.733,34.331],[-84.763,34.321],[-84.763,34.35],[-84.803,34.373],[-84.801,34.363],[-84.81,34.368],[-84.828,34.345],[-84.83,34.33],[-84.818,34.326],[-84.819,34.312],[-84.836,34.318],[-84.837,34.308],[-84.847,34.317],[-84.86,34.296],[-84.869,34.295],[-84.869,34.286],[-84.881,34.3],[-84.884,34.289],[-84.888,34.302],[-84.897,34.304],[-84.952,34.295],[-84.95,34.319],[-84.967,34.315],[-84.969,34.305],[-84.957,34.298],[-84.969,34.297],[-85.008,34.309],[-85.007,34.323],[-85.023,34.322],[-85.023,34.342],[-85.034,34.352],[-85.044,34.344],[-85.049,34.351],[-85.063,34.348],[-85.05,34.366],[-85.056,34.368],[-85.048,34.369],[-85.048,34.401],[-85.087,34.401],[-85.077,34.395],[-85.102,34.382],[-85.122,34.383],[-85.126,34.372],[-85.114,34.348],[-85.145,34.331],[-85.122,34.333],[-85.12,34.309],[-85.182,34.28],[-85.182,34.273],[-85.171,34.273],[-85.17,34.259],[-85.192,34.256],[-85.203,34.22],[-85.249,34.199],[-85.278,34.206],[-85.301,34.2],[-85.307,34.208],[-85.334,34.203],[-85.345,34.206],[-85.345,34.25],[-85.383,34.251],[-85.402,34.231],[-85.431,34.232],[-85.438,34.22],[-85.41,34.202],[-85.386,34.202],[-85.383,34.195],[-85.411,34.181],[-85.434,34.192],[-85.445,34.2],[-85.576,34.821],[-85.508,34.816],[-85.496,34.848],[-85.493,34.837],[-85.479,34.837],[-85.479,34.856],[-85.487,34.865],[-85.477,34.875],[-85.488,34.88],[-85.472,34.91],[-85.487,34.904],[-85.436,34.953],[-85.45,34.964],[-85.442,34.971],[-85.467,34.983],[-85.342,34.984],[-85.393,34.898],[-85.388,34.901],[-85.383,34.89],[-85.383,34.861],[-85.38,34.869],[-85.366,34.866],[-85.349,34.88],[-85.349,34.89],[-85.316,34.894],[-85.312,34.919],[-85.294,34.918],[-85.292,34.929],[-85.265,34.927],[-85.261,34.904],[-85.235,34.915],[-85.259,34.942],[-85.23,34.946],[-85.233,34.938],[-85.206,34.937],[-85.213,34.951],[-85.205,34.958],[-85.212,34.967],[-85.209,34.978],[-85.2,34.978],[-85.202,34.986],[-84.982,34.988],[-84.984,34.974],[-84.997,34.972],[-85.006,34.908],[-84.994,34.909],[-84.995,34.903],[-84.979,34.896],[-84.947,34.895],[-84.947,34.904],[-84.924,34.922],[-84.872,34.932],[-84.865,34.946],[-84.881,34.959],[-84.849,34.958],[-84.843,34.965],[-84.83,34.948],[-84.811,34.988],[-84.715,34.988],[-84.714,34.966],[-84.732,34.953],[-84.737,34.96],[-84.755,34.956],[-84.741,34.944],[-84.743,34.935],[-84.727,34.934],[-84.722,34.945],[-84.689,34.946],[-84.676,34.925],[-84.668,34.926],[-84.677,34.917],[-84.699,34.919],[-84.721,34.889],[-84.728,34.895],[-84.73,34.889],[-84.717,34.883],[-84.733,34.866],[-84.743,34.867],[-84.74,34.86],[-84.725,34.832],[-84.711,34.825],[-84.646,34.814],[-84.616,34.801],[-84.602,34.817],[-84.588,34.815],[-84.582,34.826],[-84.593,34.841],[-84.606,34.84],[-84.623,34.857],[-84.621,34.988],[-84.358,34.988],[-84.371,34.987],[-84.356,34.983],[-84.364,34.96],[-84.35,34.959],[-84.337,34.947],[-84.355,34.935],[-84.324,34.918],[-84.319,34.902],[-84.287,34.907],[-84.299,34.897],[-84.268,34.866],[-84.274,34.852],[-84.265,34.845],[-84.27,34.821],[-84.243,34.819],[-84.23,34.848],[-84.229,34.827],[-84.239,34.822],[-84.231,34.821],[-84.246,34.809],[-84.24,34.785],[-84.229,34.779],[-84.215,34.795],[-84.206,34.789],[-84.201,34.796],[-84.186,34.776],[-84.19,34.838],[-84.167,34.821],[-84.145,34.823],[-84.148,34.845],[-84.125,34.864],[-84.13,34.88],[-84.111,34.877],[-84.136,34.891],[-84.12,34.897],[-84.127,34.91],[-84.162,34.928],[-84.155,34.935],[-84.137,34.933],[-84.139,34.945],[-84.111,34.951],[-84.118,34.956],[-84.113,34.984],[-84.322,34.988],[-84.29,35.225],[-84.225,35.269],[-84.211,35.266],[-84.2,35.244],[-84.189,35.24],[-84.149,35.247],[-84.126,35.241],[-84.121,35.252],[-84.098,35.247],[-84.046,35.274],[-84.021,35.301],[-84.036,35.313],[-84.029,35.334],[-84.038,35.35],[-84.023,35.354],[-84.007,35.372],[-84.008,35.39],[-84.023,35.412],[-84.001,35.423],[-83.992,35.441],[-83.972,35.447],[-83.961,35.464],[-83.949,35.461],[-83.937,35.472],[-83.912,35.476],[-83.88,35.519],[-83.826,35.524],[-83.78,35.55],[-83.772,35.562],[-83.757,35.564],[-83.64,35.566],[-83.605,35.579],[-83.586,35.563],[-83.498,35.563],[-83.485,35.568],[-83.479,35.583],[-83.446,35.612],[-83.422,35.611],[-83.396,35.623],[-83.389,35.634],[-83.368,35.638],[-83.35,35.661],[-83.33,35.665],[-83.31,35.654],[-83.297,35.658],[-83.289,35.675],[-83.254,35.696],[-83.253,35.719],[-83.241,35.727],[-83.185,35.73],[-83.16,35.765],[-83.12,35.766],[-83.078,35.79],[-83.019,35.783],[-83.016,35.793],[-83.067,35.842],[-83.093,35.841],[-83.09,35.847],[-83.101,35.851],[-83.096,35.859],[-83.106,35.862],[-83.1,35.871],[-83.123,35.87],[-83.125,35.902],[-83.104,35.918],[-83.074,35.92],[-83.072,35.938],[-83.091,35.938],[-83.106,35.953],[-83.093,35.969],[-83.059,35.975],[-83.064,35.966],[-83.049,35.956],[-83.047,35.976],[-83.03,35.99],[-83.021,35.987],[-83.029,35.974],[-83.015,35.975],[-83.008,35.96],[-82.989,35.964],[-82.987,35.971],[-82.934,35.979],[-82.943,35.979],[-82.954,35.997],[-82.98,36],[-82.969,36.009],[-82.987,36.016],[-82.985,36.023],[-83.047,36.073],[-83.056,36.091],[-83.052,36.097],[-83.019,36.095],[-82.993,36.082],[-82.982,36.092],[-82.997,36.1],[-82.99,36.118],[-82.973,36.107],[-82.953,36.127],[-82.94,36.12],[-82.932,36.125],[-82.933,36.171],[-82.945,36.17],[-82.951,36.18],[-82.944,36.177],[-82.943,36.187],[-82.923,36.177],[-82.934,36.187],[-82.919,36.202],[-82.933,36.205],[-82.941,36.226],[-82.922,36.243],[-82.902,36.239],[-82.901,36.224],[-82.88,36.208],[-82.879,36.191],[-82.836,36.166],[-82.8,36.158],[-82.802,36.145],[-82.796,36.152],[-82.781,36.139],[-82.744,36.133],[-82.742,36.117],[-82.729,36.108],[-82.707,36.117],[-82.697,36.108],[-82.68,36.114],[-82.666,36.107],[-82.674,36.116],[-82.662,36.118],[-82.664,36.123],[-82.676,36.138],[-82.697,36.138],[-82.701,36.162],[-82.715,36.151],[-82.726,36.156],[-82.718,36.156],[-82.723,36.165],[-82.709,36.165],[-82.708,36.174],[-82.716,36.178],[-82.697,36.183],[-82.689,36.195],[-82.708,36.194],[-82.7,36.212],[-82.724,36.197],[-82.737,36.203],[-82.729,36.212],[-82.74,36.219],[-82.723,36.239],[-82.737,36.248],[-82.733,36.256],[-82.753,36.26],[-82.743,36.26],[-82.74,36.27],[-82.751,36.276],[-82.735,36.298],[-82.742,36.303],[-82.738,36.313],[-82.702,36.335],[-82.709,36.345],[-82.702,36.358],[-82.691,36.361],[-82.701,36.36],[-82.704,36.37],[-82.713,36.367],[-82.718,36.394],[-82.736,36.385],[-82.722,36.401],[-82.728,36.414],[-82.776,36.406],[-82.811,36.387],[-82.829,36.366],[-82.841,36.374],[-82.819,36.397],[-82.837,36.392],[-82.911,36.33],[-82.937,36.335],[-82.984,36.298],[-83.016,36.3],[-83.028,36.32],[-83.015,36.33],[-83.017,36.339],[-83.038,36.334],[-83.041,36.341],[-83.067,36.342],[-83.086,36.329],[-83.095,36.343],[-83.105,36.34],[-83.095,36.35],[-83.101,36.357],[-83.081,36.37],[-83.083,36.376],[-83.101,36.386],[-83.114,36.384],[-83.112,36.379],[-83.124,36.379],[-83.117,36.387],[-83.143,36.385],[-83.147,36.395],[-83.13,36.402],[-83.187,36.393],[-83.188,36.383],[-83.213,36.383],[-83.207,36.394],[-83.144,36.419],[-83.156,36.427],[-83.186,36.415],[-83.194,36.424],[-83.152,36.438],[-83.155,36.452],[-83.172,36.446],[-83.18,36.453],[-83.162,36.462],[-83.153,36.474],[-83.156,36.484],[-83.144,36.489],[-83.135,36.468],[-83.153,36.453],[-83.138,36.447],[-83.026,36.505],[-83.028,36.5],[-83.009,36.505],[-83.011,36.512],[-82.944,36.546],[-82.937,36.524],[-82.944,36.49],[-82.918,36.498],[-82.896,36.489],[-82.889,36.498],[-82.868,36.502],[-82.869,36.492],[-82.887,36.485],[-82.863,36.466],[-82.891,36.453],[-82.855,36.461],[-82.854,36.449],[-82.866,36.441],[-82.858,36.436],[-82.838,36.462],[-82.814,36.452],[-82.794,36.46],[-82.788,36.476],[-82.807,36.494],[-82.777,36.474],[-82.761,36.48],[-82.76,36.492],[-82.792,36.503],[-82.77,36.527],[-82.79,36.523],[-82.794,36.533],[-82.807,36.519],[-82.812,36.524],[-82.8,36.537],[-82.775,36.538],[-82.774,36.551],[-82.785,36.562],[-82.777,36.568],[-82.783,36.575],[-82.779,36.594],[-82.985,36.594],[-82.916,36.632],[-82.887,36.638],[-82.891,36.652],[-82.884,36.664],[-82.892,36.668],[-82.867,36.693],[-82.899,36.69],[-82.942,36.671],[-82.969,36.692],[-82.933,36.713],[-82.943,36.722],[-82.917,36.72],[-82.935,36.733],[-82.913,36.75],[-82.867,36.76],[-82.881,36.76],[-82.853,36.776],[-82.866,36.792],[-82.842,36.802],[-82.88,36.792],[-82.876,36.803],[-82.886,36.797],[-82.892,36.806],[-82.863,36.814],[-82.877,36.828],[-82.846,36.845],[-82.845,36.86],[-82.879,36.894],[-82.868,36.899],[-82.877,36.909],[-82.858,36.928],[-82.862,36.944],[-82.856,36.954],[-82.866,36.958],[-82.869,36.974],[-82.896,36.991],[-82.901,37.005],[-82.914,37],[-82.945,37.026],[-82.956,37.025],[-82.965,37.012],[-82.997,37.005],[-82.991,36.997],[-83.007,36.993],[-83.02,36.978],[-83.038,36.984],[-83.063,36.979],[-83.287,36.907],[-83.277,36.893],[-83.229,36.904],[-83.213,36.86],[-83.223,36.852],[-83.252,36.861],[-83.255,36.874],[-83.276,36.868],[-83.288,36.874],[-83.287,36.863],[-83.303,36.852],[-83.327,36.854],[-83.331,36.842],[-83.335,36.852],[-83.346,36.848],[-83.352,36.853],[-83.341,36.853],[-83.353,36.856],[-83.36,36.848],[-83.382,36.858],[-83.367,36.864],[-83.37,36.881],[-83.423,36.869],[-83.491,36.837],[-83.482,36.848],[-83.497,36.879],[-83.49,36.896],[-83.504,36.898],[-83.505,36.91],[-83.526,36.9],[-83.554,36.901],[-83.538,36.915],[-83.535,36.937],[-83.568,36.923],[-83.572,36.911],[-83.57,36.939],[-83.557,36.949],[-83.59,36.958],[-83.608,36.953],[-83.615,36.962],[-83.641,36.959],[-83.661,36.977],[-83.693,36.983],[-83.718,37.002],[-83.734,37.004],[-83.732,37.016],[-83.744,37.027],[-83.775,37.015],[-83.78,37.028],[-83.774,37.037],[-83.824,37.026],[-83.832,37.031],[-83.825,37.04],[-83.856,37.042],[-83.858,37.055],[-83.885,37.062],[-83.888,37.073],[-83.867,37.084],[-83.857,37.109],[-83.872,37.117],[-83.872,37.128],[-83.927,37.114],[-83.947,37.152],[-83.969,37.168],[-83.969,37.175],[-83.944,37.19],[-83.95,37.196],[-83.941,37.205],[-83.952,37.221],[-83.942,37.225],[-83.943,37.241],[-83.931,37.228],[-83.91,37.225],[-83.9,37.267],[-83.877,37.295],[-83.882,37.307],[-83.841,37.316],[-83.848,37.298],[-83.843,37.286],[-83.826,37.287],[-83.827,37.294],[-83.774,37.293],[-83.753,37.326],[-83.736,37.32],[-83.728,37.332],[-83.715,37.331],[-83.718,37.339],[-83.795,37.351],[-83.813,37.378],[-83.787,37.429],[-83.765,37.433],[-83.788,37.45],[-83.773,37.465],[-83.769,37.492],[-83.743,37.494],[-83.745,37.509],[-83.736,37.52],[-83.703,37.508],[-83.683,37.511],[-83.657,37.537],[-83.642,37.541],[-83.618,37.521],[-83.621,37.51],[-83.607,37.515],[-83.581,37.504],[-83.562,37.549],[-83.573,37.556],[-83.588,37.531],[-83.59,37.539],[-83.582,37.543],[-83.594,37.555],[-83.573,37.563],[-83.578,37.577],[-83.546,37.587],[-83.532,37.617],[-83.533,37.611],[-83.518,37.61],[-83.525,37.614],[-83.517,37.636],[-83.522,37.638],[-83.496,37.646],[-83.495,37.619],[-83.452,37.624],[-83.45,37.643],[-83.434,37.656],[-83.428,37.683],[-83.391,37.7],[-83.418,37.667],[-83.418,37.652],[-83.356,37.674],[-83.349,37.683],[-83.334,37.675],[-83.318,37.683],[-83.292,37.682],[-83.28,37.674],[-83.268,37.68],[-83.247,37.668],[-83.258,37.681],[-83.243,37.699],[-83.261,37.707],[-83.263,37.72],[-83.243,37.744],[-83.266,37.763],[-83.288,37.767],[-83.271,37.796],[-83.288,37.811],[-83.294,37.838],[-83.317,37.844],[-83.328,37.836],[-83.35,37.867],[-83.348,37.887],[-83.368,37.901],[-83.353,37.911],[-83.35,37.925],[-83.361,37.929],[-83.374,37.921],[-83.395,37.925],[-83.412,37.919],[-83.433,37.931],[-83.423,37.948],[-83.429,37.964],[-83.412,37.969],[-83.419,37.979],[-83.441,37.972],[-83.437,38.006],[-83.428,38.018],[-83.434,38.034],[-83.45,38.031],[-83.45,38.019],[-83.465,38.017],[-83.469,38.022],[-83.456,38.033],[-83.48,38.029],[-83.463,38.05],[-83.499,38.05],[-83.479,38.07],[-83.464,38.067],[-83.464,38.083],[-83.507,38.088],[-83.514,38.069],[-83.517,38.085],[-83.523,38.084],[-83.519,38.089],[-83.535,38.095],[-83.515,38.108],[-83.52,38.116],[-83.534,38.121],[-83.559,38.115],[-83.55,38.143],[-83.585,38.146],[-83.606,38.124],[-83.622,38.148],[-83.614,38.149],[-83.616,38.16],[-83.591,38.172],[-83.602,38.179],[-83.597,38.185],[-83.608,38.187],[-83.608,38.181],[-83.611,38.188],[-83.611,38.176],[-83.62,38.175],[-83.637,38.189],[-83.641,38.208],[-83.628,38.207],[-83.614,38.219],[-83.606,38.212],[-83.575,38.222],[-83.57,38.242],[-83.56,38.231],[-83.559,38.243],[-83.525,38.255],[-83.54,38.272],[-83.57,38.285],[-83.57,38.301],[-83.58,38.301],[-83.578,38.317],[-83.587,38.326],[-83.624,38.332],[-83.633,38.357],[-83.616,38.362],[-83.619,38.375],[-83.655,38.384],[-83.652,38.393],[-83.641,38.386],[-83.631,38.391],[-83.604,38.374],[-83.583,38.391],[-83.605,38.39],[-83.611,38.405],[-83.639,38.404],[-83.649,38.43],[-83.67,38.427],[-83.686,38.441],[-83.641,38.447],[-83.638,38.484],[-83.626,38.49],[-83.624,38.504],[-83.603,38.506],[-83.606,38.501],[-83.599,38.502],[-83.601,38.496],[-83.585,38.483],[-83.59,38.475],[-83.575,38.467],[-83.517,38.475],[-83.508,38.487],[-83.525,38.51],[-83.515,38.521],[-83.513,38.541],[-83.52,38.55],[-83.506,38.556],[-83.507,38.563],[-83.49,38.557],[-83.483,38.567],[-83.5,38.578],[-83.497,38.59],[-83.524,38.595],[-83.551,38.584],[-83.56,38.586],[-83.557,38.592],[-83.58,38.587],[-83.579,38.58],[-83.596,38.568],[-83.601,38.575],[-83.591,38.59],[-83.609,38.591],[-83.607,38.604],[-83.625,38.609],[-83.647,38.636],[-83.63,38.678],[-83.513,38.702],[-83.468,38.675],[-83.353,38.653],[-83.324,38.634],[-83.318,38.609],[-83.298,38.597],[-83.285,38.6],[-83.264,38.622],[-83.24,38.629],[-83.205,38.617],[-83.146,38.622],[-83.162,38.609],[-83.178,38.61],[-83.177,38.603],[-83.241,38.623],[-83.245,38.619],[-83.237,38.615],[-83.258,38.598],[-83.252,38.593],[-83.27,38.584],[-83.267,38.571],[-83.23,38.56],[-83.227,38.547],[-83.21,38.543],[-83.185,38.502],[-83.136,38.497],[-83.056,38.464],[-83.032,38.472],[-83.028,38.486],[-83.038,38.485],[-83.08,38.517],[-83.057,38.535],[-83.062,38.558],[-83.053,38.565],[-83.086,38.581],[-83.071,38.595],[-83.081,38.61],[-83.069,38.621],[-83.074,38.633],[-83.053,38.64],[-83.08,38.667],[-83.043,38.696],[-83.031,38.726],[-83.014,38.731],[-82.977,38.726],[-82.932,38.748],[-82.885,38.755],[-82.87,38.734],[-82.878,38.688],[-82.858,38.657],[-82.847,38.594],[-82.798,38.562],[-82.751,38.56],[-82.761,38.549],[-82.76,38.535],[-82.751,38.529],[-82.766,38.532],[-82.769,38.523],[-82.758,38.516],[-82.761,38.509],[-82.744,38.51],[-82.76,38.487],[-82.741,38.482],[-82.745,38.469],[-82.762,38.464],[-82.759,38.457],[-82.777,38.448],[-82.769,38.434],[-82.774,38.418],[-82.811,38.393],[-82.817,38.374],[-82.84,38.376]],[[-83.093,38.228],[-83.106,38.219],[-83.114,38.225],[-83.14,38.219],[-83.109,38.199],[-83.085,38.17],[-83.086,38.159],[-83.112,38.15],[-83.121,38.169],[-83.141,38.177],[-83.149,38.172],[-83.147,38.163],[-83.188,38.145],[-83.183,38.128],[-83.199,38.134],[-83.21,38.119],[-83.229,38.111],[-83.21,38.095],[-83.215,38.09],[-83.199,38.062],[-83.212,38.068],[-83.215,38.088],[-83.225,38.087],[-83.236,38.07],[-83.229,38.061],[-83.197,38.059],[-83.221,38.039],[-83.223,38.029],[-83.212,38.027],[-83.226,38.014],[-83.222,38.003],[-83.233,37.999],[-83.216,37.986],[-83.217,37.96],[-83.201,37.962],[-83.2,37.97],[-83.184,37.959],[-83.167,37.981],[-83.144,37.983],[-83.12,37.971],[-83.127,37.959],[-83.098,37.949],[-83.089,37.954],[-83.105,37.969],[-83.116,37.969],[-83.11,37.984],[-83.12,38.004],[-83.088,38.01],[-83.072,38.002],[-83.065,38.008],[-83.047,37.997],[-83.024,38.01],[-83.022,37.982],[-83.009,37.968],[-82.987,37.962],[-82.98,37.948],[-82.986,37.944],[-82.968,37.924],[-82.972,37.912],[-82.961,37.913],[-82.963,37.897],[-82.942,37.886],[-82.927,37.889],[-82.927,37.881],[-82.917,37.885],[-82.89,37.849],[-82.889,37.86],[-82.874,37.872],[-82.864,37.865],[-82.845,37.881],[-82.854,37.89],[-82.863,37.888],[-82.863,37.903],[-82.87,37.905],[-82.85,37.914],[-82.862,37.922],[-82.854,37.932],[-82.855,37.947],[-82.832,37.968],[-82.905,37.988],[-82.881,38.02],[-82.902,38.021],[-82.896,38.028],[-82.91,38.032],[-82.909,38.046],[-82.919,38.039],[-82.915,38.05],[-82.943,38.047],[-82.952,38.053],[-82.942,38.064],[-82.942,38.077],[-82.918,38.099],[-82.907,38.096],[-82.89,38.117],[-82.937,38.122],[-82.926,38.141],[-82.952,38.157],[-83.005,38.157],[-83.007,38.163],[-82.987,38.163],[-82.983,38.167],[-82.991,38.174],[-82.984,38.177],[-82.991,38.182],[-82.988,38.19],[-83.01,38.194],[-83.011,38.205],[-83.022,38.195],[-83.036,38.195],[-83.038,38.184],[-83.047,38.186],[-83.043,38.172],[-83.051,38.172],[-83.053,38.19],[-83.064,38.199],[-83.077,38.197],[-83.077,38.211],[-83.082,38.219],[-83.092,38.217],[-83.093,38.228]],[[-82.709,38.091],[-82.719,38.08],[-82.728,38.09],[-82.768,38.088],[-82.774,38.076],[-82.765,38.064],[-82.78,38.057],[-82.78,38.049],[-82.766,38.04],[-82.745,38.057],[-82.708,38.054],[-82.699,38.057],[-82.707,38.06],[-82.703,38.068],[-82.687,38.063],[-82.709,38.072],[-82.702,38.082],[-82.709,38.091]],[[-83.39,38.05],[-83.38,38.052],[-83.381,38.062],[-83.371,38.059],[-83.372,38.069],[-83.343,38.069],[-83.338,38.082],[-83.361,38.116],[-83.339,38.115],[-83.355,38.168],[-83.417,38.183],[-83.43,38.178],[-83.431,38.168],[-83.439,38.17],[-83.432,38.165],[-83.447,38.164],[-83.448,38.155],[-83.485,38.148],[-83.482,38.134],[-83.446,38.136],[-83.432,38.123],[-83.426,38.128],[-83.435,38.136],[-83.429,38.153],[-83.436,38.16],[-83.408,38.158],[-83.42,38.144],[-83.415,38.117],[-83.406,38.119],[-83.409,38.066],[-83.4,38.039],[-83.39,38.05]],[[-82.949,37.683],[-82.972,37.681],[-82.987,37.662],[-83.007,37.672],[-83.013,37.661],[-82.999,37.646],[-82.959,37.639],[-82.909,37.648],[-82.942,37.669],[-82.949,37.683]],[[-82.63,37.616],[-82.634,37.58],[-82.669,37.571],[-82.644,37.553],[-82.654,37.546],[-82.637,37.542],[-82.637,37.55],[-82.633,37.544],[-82.604,37.548],[-82.604,37.56],[-82.576,37.565],[-82.612,37.575],[-82.605,37.61],[-82.63,37.616]],[[-82.885,37.541],[-82.889,37.565],[-82.9,37.57],[-82.896,37.588],[-82.904,37.603],[-82.924,37.59],[-82.986,37.611],[-82.999,37.583],[-83.012,37.58],[-83.018,37.569],[-83.018,37.549],[-83.001,37.546],[-83.001,37.529],[-82.952,37.515],[-82.955,37.507],[-82.944,37.502],[-82.942,37.49],[-82.91,37.491],[-82.911,37.5],[-82.891,37.52],[-82.893,37.532],[-82.879,37.535],[-82.885,37.541]],[[-82.754,37.524],[-82.767,37.519],[-82.769,37.495],[-82.778,37.489],[-82.77,37.481],[-82.775,37.468],[-82.752,37.459],[-82.75,37.474],[-82.717,37.484],[-82.725,37.501],[-82.762,37.506],[-82.754,37.524]],[[-83.13,37.462],[-83.094,37.497],[-83.102,37.497],[-83.112,37.523],[-83.181,37.517],[-83.197,37.506],[-83.232,37.521],[-83.247,37.507],[-83.301,37.498],[-83.324,37.478],[-83.356,37.484],[-83.359,37.472],[-83.332,37.461],[-83.339,37.447],[-83.333,37.433],[-83.348,37.434],[-83.339,37.417],[-83.352,37.412],[-83.376,37.423],[-83.372,37.443],[-83.378,37.446],[-83.404,37.407],[-83.416,37.401],[-83.396,37.393],[-83.369,37.406],[-83.34,37.39],[-83.334,37.379],[-83.343,37.365],[-83.361,37.358],[-83.35,37.37],[-83.361,37.366],[-83.368,37.347],[-83.381,37.338],[-83.398,37.336],[-83.409,37.345],[-83.407,37.354],[-83.41,37.347],[-83.423,37.351],[-83.449,37.379],[-83.468,37.374],[-83.463,37.354],[-83.44,37.34],[-83.447,37.33],[-83.417,37.325],[-83.404,37.334],[-83.394,37.331],[-83.403,37.324],[-83.395,37.309],[-83.375,37.306],[-83.373,37.295],[-83.352,37.297],[-83.353,37.284],[-83.374,37.267],[-83.354,37.249],[-83.352,37.237],[-83.325,37.231],[-83.324,37.213],[-83.348,37.195],[-83.339,37.196],[-83.33,37.16],[-83.318,37.155],[-83.325,37.142],[-83.336,37.14],[-83.319,37.138],[-83.327,37.131],[-83.324,37.118],[-83.317,37.119],[-83.344,37.106],[-83.35,37.114],[-83.335,37.125],[-83.347,37.129],[-83.37,37.115],[-83.334,37.09],[-83.316,37.101],[-83.315,37.053],[-83.295,37.05],[-83.308,37.078],[-83.292,37.108],[-83.279,37.076],[-83.263,37.077],[-83.265,37.064],[-83.256,37.069],[-83.25,37.057],[-83.219,37.047],[-83.215,37.051],[-83.233,37.065],[-83.209,37.106],[-83.184,37.112],[-83.16,37.094],[-83.153,37.104],[-83.121,37.108],[-83.12,37.128],[-83.109,37.126],[-83.098,37.136],[-83.087,37.129],[-83.077,37.145],[-83.05,37.16],[-83.049,37.17],[-83.037,37.165],[-83.015,37.178],[-82.968,37.232],[-82.962,37.258],[-82.935,37.252],[-82.92,37.259],[-82.921,37.271],[-82.905,37.3],[-82.917,37.304],[-82.879,37.335],[-82.889,37.345],[-82.861,37.352],[-82.851,37.379],[-82.839,37.379],[-82.849,37.363],[-82.83,37.36],[-82.814,37.377],[-82.81,37.358],[-82.792,37.364],[-82.792,37.374],[-82.783,37.379],[-82.756,37.381],[-82.751,37.4],[-82.762,37.41],[-82.756,37.415],[-82.764,37.426],[-82.787,37.429],[-82.797,37.417],[-82.81,37.411],[-82.825,37.415],[-82.859,37.393],[-82.874,37.399],[-82.864,37.419],[-82.875,37.422],[-82.877,37.396],[-82.901,37.392],[-82.927,37.356],[-82.949,37.349],[-82.925,37.334],[-82.917,37.317],[-82.939,37.327],[-82.95,37.347],[-82.977,37.349],[-82.971,37.378],[-82.991,37.362],[-83.009,37.398],[-83.05,37.405],[-83.053,37.39],[-83.065,37.389],[-83.07,37.405],[-83.096,37.409],[-83.108,37.448],[-83.119,37.446],[-83.135,37.457],[-83.13,37.462]],[[-83.412,37.046],[-83.414,37.052],[-83.432,37.052],[-83.466,37.028],[-83.461,37.002],[-83.434,37.003],[-83.432,37.014],[-83.419,37.02],[-83.412,37.046]],[[-83.597,37.032],[-83.566,37.043],[-83.561,37.062],[-83.538,37.065],[-83.544,37.08],[-83.553,37.08],[-83.535,37.103],[-83.551,37.119],[-83.551,37.164],[-83.581,37.166],[-83.636,37.124],[-83.647,37.101],[-83.606,37.06],[-83.572,37.064],[-83.561,37.077],[-83.599,37.05],[-83.597,37.032]],[[-83.478,37.164],[-83.468,37.154],[-83.448,37.16],[-83.438,37.152],[-83.446,37.167],[-83.44,37.17],[-83.448,37.175],[-83.426,37.18],[-83.421,37.191],[-83.401,37.199],[-83.418,37.217],[-83.408,37.231],[-83.429,37.229],[-83.447,37.216],[-83.451,37.202],[-83.468,37.199],[-83.466,37.188],[-83.475,37.184],[-83.465,37.172],[-83.478,37.164]],[[-83.568,37.279],[-83.56,37.282],[-83.577,37.31],[-83.559,37.308],[-83.546,37.336],[-83.609,37.362],[-83.631,37.361],[-83.636,37.351],[-83.648,37.357],[-83.652,37.35],[-83.638,37.344],[-83.609,37.301],[-83.597,37.292],[-83.583,37.295],[-83.568,37.279]],[[-82.534,36.821],[-82.537,36.802],[-82.547,36.797],[-82.563,36.801],[-82.59,36.793],[-82.599,36.803],[-82.628,36.804],[-82.635,36.792],[-82.661,36.782],[-82.648,36.762],[-82.672,36.755],[-82.666,36.743],[-82.673,36.726],[-82.696,36.725],[-82.66,36.721],[-82.654,36.707],[-82.631,36.709],[-82.603,36.686],[-82.578,36.689],[-82.57,36.703],[-82.558,36.694],[-82.552,36.704],[-82.556,36.728],[-82.528,36.735],[-82.548,36.755],[-82.518,36.77],[-82.526,36.788],[-82.51,36.808],[-82.534,36.821]],[[-82.554,36.646],[-82.565,36.644],[-82.558,36.635],[-82.579,36.639],[-82.579,36.61],[-82.597,36.594],[-82.609,36.596],[-82.59,36.594],[-82.591,36.587],[-82.581,36.585],[-82.593,36.576],[-82.591,36.567],[-82.571,36.575],[-82.561,36.562],[-82.554,36.571],[-82.557,36.584],[-82.571,36.592],[-82.54,36.6],[-82.556,36.616],[-82.547,36.631],[-82.555,36.637],[-82.543,36.642],[-82.554,36.646]],[[-83.874,35.036],[-83.894,35.025],[-83.898,35.031],[-83.922,35.008],[-83.935,35.016],[-83.944,34.997],[-83.955,34.992],[-83.965,34.997],[-83.971,34.976],[-83.997,34.981],[-84.004,34.97],[-83.99,34.958],[-83.998,34.944],[-83.985,34.943],[-83.993,34.931],[-83.986,34.933],[-83.972,34.912],[-83.943,34.91],[-83.901,34.923],[-83.865,34.914],[-83.867,34.888],[-83.854,34.881],[-83.877,34.885],[-83.879,34.877],[-83.811,34.874],[-83.805,34.898],[-83.82,34.914],[-83.815,34.941],[-83.826,34.959],[-83.802,34.976],[-83.801,34.988],[-83.858,34.987],[-83.864,35.009],[-83.879,35.002],[-83.869,35.027],[-83.874,35.036]],[[-83.412,34.994],[-83.498,34.993],[-83.504,34.966],[-83.518,34.951],[-83.498,34.931],[-83.49,34.97],[-83.477,34.97],[-83.465,34.944],[-83.452,34.937],[-83.459,34.922],[-83.43,34.91],[-83.399,34.922],[-83.342,34.922],[-83.345,34.935],[-83.318,34.943],[-83.303,34.961],[-83.352,34.977],[-83.356,34.991],[-83.371,34.986],[-83.377,34.96],[-83.404,34.976],[-83.412,34.994]],[[-83.764,34.646],[-83.728,34.658],[-83.707,34.64],[-83.689,34.636],[-83.67,34.646],[-83.674,34.653],[-83.645,34.664],[-83.648,34.674],[-83.637,34.7],[-83.626,34.704],[-83.639,34.71],[-83.623,34.732],[-83.633,34.77],[-83.675,34.788],[-83.685,34.802],[-83.721,34.782],[-83.725,34.773],[-83.715,34.779],[-83.709,34.772],[-83.711,34.749],[-83.72,34.747],[-83.729,34.725],[-83.706,34.719],[-83.706,34.694],[-83.714,34.694],[-83.712,34.683],[-83.739,34.672],[-83.76,34.676],[-83.767,34.661],[-83.778,34.673],[-83.79,34.656],[-83.785,34.647],[-83.764,34.646]],[[-84.772,34.601],[-84.769,34.593],[-84.758,34.6],[-84.779,34.601],[-84.779,34.608],[-84.821,34.608],[-84.808,34.621],[-84.786,34.617],[-84.803,34.637],[-84.821,34.644],[-84.834,34.642],[-84.829,34.635],[-84.852,34.612],[-84.865,34.629],[-84.868,34.616],[-84.887,34.616],[-84.889,34.639],[-84.899,34.639],[-84.904,34.622],[-84.913,34.634],[-84.928,34.626],[-84.926,34.616],[-84.95,34.616],[-84.957,34.653],[-84.964,34.654],[-84.981,34.647],[-84.989,34.632],[-84.977,34.616],[-85.05,34.616],[-85.051,34.658],[-85.059,34.658],[-85.055,34.622],[-85.06,34.587],[-85.069,34.587],[-85.069,34.575],[-85.057,34.552],[-85.05,34.563],[-85.031,34.55],[-85.031,34.557],[-85.02,34.557],[-85.014,34.532],[-85.006,34.535],[-85.001,34.527],[-84.986,34.542],[-85.01,34.56],[-84.974,34.565],[-84.971,34.558],[-84.971,34.571],[-84.956,34.573],[-84.955,34.567],[-84.943,34.577],[-84.914,34.567],[-84.912,34.549],[-84.904,34.543],[-84.896,34.58],[-84.845,34.578],[-84.825,34.562],[-84.823,34.55],[-84.779,34.552],[-84.772,34.601]],[[-85.19,34.749],[-85.17,34.767],[-85.159,34.755],[-85.149,34.775],[-85.149,34.798],[-85.178,34.79],[-85.188,34.79],[-85.19,34.798],[-85.199,34.795],[-85.211,34.814],[-85.202,34.844],[-85.219,34.847],[-85.223,34.861],[-85.255,34.86],[-85.258,34.849],[-85.251,34.849],[-85.248,34.832],[-85.257,34.842],[-85.279,34.839],[-85.277,34.776],[-85.262,34.803],[-85.241,34.803],[-85.232,34.793],[-85.232,34.773],[-85.218,34.788],[-85.208,34.773],[-85.216,34.753],[-85.201,34.756],[-85.19,34.749]],[[-85.184,34.303],[-85.203,34.293],[-85.191,34.279],[-85.182,34.28],[-85.177,34.299],[-85.184,34.303]]],[[[-102.047,39.047],[-102.042,37.389],[-101.882,37.389],[-101.882,37.127],[-101.827,37.127],[-101.827,37.156],[-101.719,37.157],[-101.719,37.214],[-101.647,37.215],[-101.647,37.229],[-101.611,37.229],[-101.611,37.243],[-101.556,37.243],[-101.557,37.388],[-101.303,37.388],[-101.303,37.301],[-101.321,37.301],[-101.321,37.257],[-101.285,37.257],[-101.285,37.214],[-101.122,37.214],[-101.122,37.243],[-101.068,37.242],[-101.068,37.257],[-100.816,37.257],[-100.815,37.228],[-100.761,37.228],[-100.76,37.163],[-100.738,37.169],[-100.72,37.154],[-100.672,37.155],[-100.665,37.11],[-100.696,37.101],[-100.692,37.092],[-100.718,37.077],[-100.742,37.082],[-100.734,36.999],[-102.154,36.993],[-102.865,37],[-102.848,36.987],[-102.84,36.991],[-102.837,36.974],[-102.822,36.962],[-102.825,36.897],[-102.819,36.883],[-102.804,36.875],[-102.805,36.719],[-103.002,36.72],[-102.998,36.657],[-102.914,36.624],[-102.894,36.602],[-102.874,36.605],[-102.869,36.596],[-102.847,36.596],[-102.831,36.587],[-102.794,36.588],[-102.777,36.599],[-102.748,36.595],[-102.722,36.615],[-102.698,36.617],[-102.682,36.63],[-102.679,36.56],[-102.643,36.56],[-102.643,36.5],[-102.162,36.5],[-102.163,36.154],[-102.241,36.154],[-102.241,36.125],[-102.223,36.125],[-102.223,36.11],[-102.24,36.11],[-102.242,36.071],[-102.163,36.069],[-102.163,35.866],[-102.213,35.867],[-102.213,35.915],[-102.221,35.919],[-102.223,35.91],[-102.282,35.909],[-102.282,35.935],[-102.407,35.935],[-102.407,35.993],[-102.459,35.993],[-102.467,36.008],[-102.485,36.008],[-102.49,35.983],[-102.504,35.971],[-102.509,35.935],[-102.516,35.934],[-102.518,35.915],[-102.507,35.898],[-102.513,35.895],[-102.503,35.888],[-102.531,35.856],[-102.528,35.848],[-102.596,35.848],[-102.592,35.894],[-102.625,35.952],[-102.646,35.966],[-102.76,35.864],[-102.761,35.839],[-102.792,35.844],[-102.852,35.792],[-102.846,35.777],[-102.83,35.766],[-102.852,35.718],[-102.896,35.719],[-102.915,35.738],[-103.042,35.651],[-103.042,35.622],[-102.748,35.624],[-102.739,35.616],[-102.735,35.584],[-102.727,35.585],[-102.721,35.575],[-102.727,35.56],[-102.717,35.553],[-102.71,35.557],[-102.705,35.543],[-102.697,35.543],[-102.704,35.538],[-102.688,35.526],[-102.694,35.519],[-102.69,35.509],[-102.705,35.508],[-102.721,35.52],[-102.725,35.514],[-102.716,35.505],[-102.749,35.505],[-102.756,35.492],[-102.736,35.473],[-102.736,35.452],[-102.724,35.445],[-102.733,35.413],[-102.727,35.402],[-102.712,35.404],[-102.696,35.391],[-102.691,35.377],[-102.697,35.359],[-102.657,35.29],[-102.641,35.286],[-102.631,35.272],[-102.558,35.269],[-102.559,35.187],[-102.612,35.187],[-102.612,35.168],[-102.63,35.168],[-102.63,35.124],[-102.647,35.125],[-102.655,35.099],[-102.665,35.099],[-102.665,35.108],[-102.745,35.108],[-102.745,35.185],[-102.978,35.184],[-102.977,35.109],[-102.95,35.071],[-102.958,35.053],[-102.976,35.052],[-102.975,35.031],[-103.043,35.032],[-103.042,35.395],[-103.074,35.378],[-103.083,35.359],[-103.1,35.369],[-103.107,35.354],[-103.111,35.361],[-103.13,35.362],[-103.122,35.376],[-103.149,35.372],[-103.16,35.384],[-103.174,35.383],[-103.174,35.39],[-103.2,35.382],[-103.201,35.396],[-103.233,35.388],[-103.239,35.374],[-103.262,35.383],[-103.263,35.368],[-103.271,35.371],[-103.27,35.38],[-103.293,35.37],[-103.299,35.372],[-103.292,35.379],[-103.329,35.378],[-103.324,35.388],[-103.339,35.393],[-103.376,35.383],[-103.375,35.368],[-103.389,35.361],[-103.384,35.347],[-103.397,35.34],[-103.401,35.327],[-103.392,35.321],[-103.402,35.318],[-103.407,35.294],[-103.436,35.267],[-103.425,35.258],[-103.427,35.246],[-103.437,35.246],[-103.431,35.241],[-103.444,35.243],[-103.431,35.237],[-103.441,35.227],[-103.431,35.21],[-103.434,35.189],[-103.489,35.16],[-103.494,35.147],[-103.51,35.14],[-103.508,35.133],[-103.519,35.133],[-103.518,35.126],[-103.562,35.105],[-103.553,35.1],[-103.557,35.069],[-103.549,35.056],[-103.534,35.045],[-103.528,35.028],[-103.5,35.012],[-103.507,34.998],[-103.525,34.998],[-103.527,34.919],[-103.521,34.895],[-103.498,34.876],[-103.476,34.88],[-103.471,34.866],[-103.46,34.866],[-103.461,34.837],[-103.495,34.837],[-103.498,34.866],[-103.524,34.869],[-103.53,34.851],[-103.636,34.852],[-103.636,34.823],[-103.774,34.823],[-103.778,34.817],[-103.812,34.844],[-103.848,34.827],[-103.896,34.83],[-103.904,34.838],[-103.915,34.824],[-103.917,34.838],[-103.955,34.874],[-104.041,34.898],[-104.037,34.907],[-104.053,34.905],[-104.054,34.914],[-104.129,34.871],[-104.125,35.216],[-104.354,35.216],[-104.361,35.222],[-104.353,35.244],[-104.337,35.25],[-104.323,35.272],[-104.291,35.279],[-104.295,35.294],[-104.312,35.294],[-104.313,35.302],[-104.299,35.313],[-104.302,35.319],[-104.313,35.316],[-104.309,35.324],[-104.287,35.326],[-104.291,35.337],[-104.302,35.331],[-104.306,35.336],[-104.299,35.339],[-104.296,35.366],[-104.275,35.376],[-104.201,35.386],[-104.195,35.402],[-104.204,35.393],[-104.25,35.388],[-104.247,35.383],[-104.265,35.379],[-104.295,35.414],[-104.316,35.407],[-104.345,35.412],[-104.357,35.431],[-104.401,35.435],[-104.417,35.467],[-104.44,35.459],[-104.566,35.467],[-104.586,35.461],[-104.655,35.463],[-104.656,35.448],[-104.705,35.427],[-104.725,35.429],[-104.744,35.417],[-104.805,35.456],[-104.827,35.453],[-104.838,35.484],[-104.832,35.507],[-104.846,35.511],[-104.849,35.549],[-104.862,35.564],[-104.856,35.577],[-104.875,35.588],[-104.868,35.603],[-104.875,35.608],[-104.873,35.623],[-104.901,35.664],[-104.912,35.696],[-104.855,35.725],[-104.863,35.778],[-104.362,35.783],[-104.371,35.804],[-104.363,35.811],[-104.378,35.822],[-104.367,35.83],[-104.38,35.835],[-104.365,35.843],[-104.376,35.848],[-104.382,35.842],[-104.377,35.852],[-104.391,35.86],[-104.381,35.863],[-104.378,35.879],[-104.373,35.87],[-104.366,35.872],[-104.374,35.882],[-104.359,35.889],[-104.368,35.898],[-104.353,35.897],[-104.354,35.908],[-104.344,35.91],[-104.355,35.921],[-104.338,35.923],[-104.344,35.931],[-104.355,35.929],[-104.353,35.94],[-104.339,35.942],[-104.352,35.954],[-104.339,35.949],[-104.327,35.961],[-104.356,35.982],[-104.341,35.992],[-104.34,36.001],[-104.365,36.013],[-104.361,36.038],[-104.38,36.048],[-104.369,36.07],[-104.322,36.073],[-104.324,36.056],[-104.295,36.062],[-104.295,36.033],[-104.278,36.03],[-104.277,36.063],[-104.259,36.063],[-104.252,36.055],[-104.239,36.066],[-104.235,36.044],[-104.188,36.044],[-104.188,36.073],[-104.134,36.073],[-104.134,36.218],[-104.009,36.218],[-104.006,36.174],[-103.794,36.174],[-103.794,36.147],[-103.787,36.171],[-103.751,36.176],[-103.759,36.205],[-103.76,36.266],[-103.745,36.294],[-103.745,36.287],[-103.682,36.287],[-103.671,36.266],[-103.633,36.261],[-103.633,36.32],[-103.651,36.319],[-103.649,36.372],[-103.637,36.366],[-103.568,36.374],[-103.547,36.363],[-103.532,36.37],[-103.507,36.358],[-103.491,36.363],[-103.49,36.373],[-103.514,36.386],[-103.489,36.395],[-103.438,36.394],[-103.406,36.41],[-103.39,36.405],[-103.379,36.41],[-103.373,36.439],[-103.362,36.434],[-103.317,36.441],[-103.34,36.474],[-103.337,36.483],[-103.32,36.49],[-103.327,36.508],[-103.343,36.521],[-103.343,36.582],[-103.361,36.583],[-103.36,36.606],[-103.381,36.603],[-103.39,36.635],[-103.401,36.641],[-103.361,36.641],[-103.361,36.757],[-103.306,36.756],[-103.306,36.742],[-103.191,36.738],[-103.127,36.749],[-103.108,36.749],[-103.102,36.742],[-103.034,36.742],[-103.018,36.764],[-103.002,36.751],[-103.002,37],[-103.997,36.996],[-104.02,37.036],[-104.002,37.04],[-104.013,37.054],[-104,37.056],[-103.994,37.103],[-103.939,37.099],[-103.933,37.11],[-103.95,37.129],[-103.928,37.148],[-103.933,37.157],[-103.947,37.158],[-103.947,37.166],[-103.992,37.161],[-103.996,37.2],[-103.988,37.25],[-103.969,37.26],[-103.968,37.272],[-103.955,37.27],[-103.938,37.281],[-103.94,37.287],[-103.917,37.296],[-103.927,37.311],[-103.905,37.327],[-103.909,37.352],[-103.868,37.363],[-103.87,37.385],[-103.855,37.381],[-103.847,37.402],[-103.835,37.406],[-103.834,37.415],[-103.823,37.414],[-103.82,37.427],[-103.805,37.421],[-103.804,37.437],[-103.796,37.435],[-103.774,37.456],[-103.761,37.456],[-103.759,37.469],[-103.75,37.464],[-103.742,37.477],[-103.728,37.476],[-103.726,37.5],[-103.71,37.513],[-103.721,37.519],[-103.718,37.526],[-103.712,37.52],[-103.686,37.523],[-103.682,37.531],[-103.672,37.525],[-103.664,37.547],[-103.65,37.545],[-103.653,37.56],[-103.638,37.561],[-103.642,37.573],[-103.653,37.577],[-103.627,37.599],[-103.604,37.606],[-103.607,37.619],[-103.582,37.622],[-103.576,37.643],[-103.259,37.644],[-103.276,37.629],[-103.276,37.585],[-103.249,37.588],[-103.252,37.568],[-103.22,37.537],[-103.222,37.528],[-103.208,37.539],[-103.217,37.54],[-103.222,37.556],[-103.227,37.605],[-103.218,37.644],[-103.086,37.643],[-103.06,37.61],[-103.062,37.602],[-103.036,37.593],[-103.018,37.558],[-102.984,37.551],[-102.984,37.524],[-102.992,37.515],[-102.968,37.524],[-102.937,37.521],[-102.919,37.529],[-102.931,37.543],[-102.908,37.542],[-102.906,37.528],[-102.893,37.525],[-102.893,37.382],[-102.851,37.382],[-102.854,37.368],[-102.905,37.366],[-102.905,37.352],[-102.851,37.352],[-102.851,37.337],[-102.799,37.338],[-102.789,37.326],[-102.787,37.331],[-102.778,37.326],[-102.778,37.308],[-102.851,37.312],[-102.851,37.323],[-102.887,37.323],[-102.893,37.316],[-102.905,37.323],[-102.905,37.308],[-102.851,37.308],[-102.851,37.149],[-102.814,37.149],[-102.812,37.196],[-102.778,37.192],[-102.778,37.149],[-102.742,37.149],[-102.735,37.175],[-102.742,37.178],[-102.742,37.207],[-102.724,37.207],[-102.724,37.221],[-102.683,37.221],[-102.668,37.233],[-102.654,37.226],[-102.647,37.234],[-102.622,37.233],[-102.615,37.25],[-102.539,37.251],[-102.539,37.244],[-102.531,37.249],[-102.526,37.271],[-102.501,37.284],[-102.504,37.29],[-102.494,37.298],[-102.472,37.291],[-102.46,37.308],[-102.444,37.311],[-102.433,37.302],[-102.413,37.312],[-102.401,37.293],[-102.38,37.302],[-102.386,37.354],[-102.411,37.354],[-102.411,37.368],[-102.434,37.369],[-102.434,37.38],[-102.402,37.38],[-102.401,37.454],[-102.383,37.449],[-102.307,37.454],[-102.298,37.464],[-102.302,37.471],[-102.337,37.471],[-102.331,37.481],[-102.337,37.483],[-102.337,37.507],[-102.328,37.507],[-102.328,37.529],[-102.255,37.529],[-102.256,37.572],[-102.474,37.571],[-102.474,37.586],[-102.492,37.586],[-102.493,37.6],[-102.529,37.6],[-102.529,37.627],[-102.54,37.644],[-102.438,37.644],[-102.437,37.6],[-102.402,37.6],[-102.402,37.615],[-102.383,37.615],[-102.383,37.644],[-102.256,37.644],[-102.256,37.824],[-102.263,37.824],[-102.263,37.868],[-102.3,37.868],[-102.301,37.941],[-102.264,37.941],[-102.265,37.984],[-102.247,37.984],[-102.247,38.05],[-102.228,38.052],[-102.263,38.053],[-102.306,38.062],[-102.307,38.071],[-102.336,38.069],[-102.412,38.085],[-102.412,38.114],[-102.484,38.114],[-102.489,38.156],[-102.478,38.175],[-102.487,38.199],[-102.481,38.213],[-102.487,38.249],[-102.48,38.268],[-102.619,38.268],[-102.619,38.339],[-102.574,38.339],[-102.571,38.321],[-102.562,38.319],[-102.539,38.326],[-102.509,38.318],[-102.5,38.396],[-102.483,38.397],[-102.496,38.437],[-102.472,38.444],[-102.464,38.461],[-102.502,38.498],[-102.498,38.55],[-102.511,38.55],[-102.528,38.573],[-102.543,38.575],[-102.558,38.596],[-102.587,38.613],[-102.547,38.613],[-102.548,38.694],[-102.535,38.694],[-102.538,38.998],[-102.502,38.998],[-102.502,39.027],[-102.484,39.028],[-102.485,39.042],[-102.047,39.047]],[[-103.239,36.344],[-103.239,36.329],[-103.256,36.318],[-103.245,36.296],[-103.227,36.289],[-103.239,36.285],[-103.239,36.246],[-103.222,36.246],[-103.222,36.173],[-103.186,36.173],[-103.186,36.159],[-103.198,36.159],[-103.198,36.149],[-103.204,36.149],[-103.204,36.13],[-103.186,36.13],[-103.186,36.144],[-103.15,36.144],[-103.15,36.122],[-103.175,36.123],[-103.186,36.116],[-103.186,36.101],[-103.204,36.101],[-103.208,36.069],[-103.215,36.071],[-103.214,36.08],[-103.225,36.07],[-103.237,36.083],[-103.244,36.072],[-103.275,36.072],[-103.287,36.062],[-103.293,36.068],[-103.318,36.061],[-103.329,36.067],[-103.334,36.061],[-103.336,36.07],[-103.365,36.072],[-103.365,35.999],[-103.375,35.999],[-103.375,35.74],[-103.126,35.74],[-103.126,35.796],[-103.161,35.799],[-103.161,35.891],[-103.144,35.899],[-103.041,35.899],[-103.041,36.29],[-103.113,36.289],[-103.113,36.308],[-103.131,36.31],[-103.131,36.319],[-103.147,36.333],[-103.216,36.348],[-103.239,36.344]]],[[[-84.666,39.062],[-84.665,39.055],[-84.646,39.057],[-84.642,39.043],[-84.667,39.041],[-84.646,39.039],[-84.644,39.029],[-84.676,39.03],[-84.681,39.042],[-84.695,39.046],[-84.666,39.062]]],[[[-78.245,39.402],[-77.833,39.135],[-77.82,39.146],[-77.821,39.131],[-77.835,39.114],[-77.822,39.118],[-77.803,39.103],[-77.81,39.092],[-77.809,39.058],[-77.821,39.053],[-77.813,39.043],[-77.829,39.028],[-77.84,39.033],[-77.834,39.046],[-77.854,39.056],[-77.851,39.065],[-77.875,39.074],[-77.89,39.061],[-77.916,39.062],[-77.921,39.051],[-77.951,39.056],[-77.957,39.047],[-77.967,39.05],[-77.968,39.073],[-77.959,39.072],[-77.954,39.088],[-77.975,39.094],[-77.987,39.086],[-78.005,39.093],[-78.004,39.105],[-78.029,39.104],[-78.032,39.115],[-78.045,39.122],[-78.04,39.127],[-78.052,39.128],[-78.039,39.141],[-78.046,39.148],[-78.074,39.15],[-78.078,39.143],[-78.09,39.148],[-78.094,39.132],[-78.108,39.12],[-78.102,39.105],[-78.111,39.104],[-78.112,39.092],[-78.148,39.105],[-78.149,39.095],[-78.138,39.095],[-78.129,39.084],[-78.125,39.089],[-78.14,39.064],[-78.167,39.085],[-78.161,39.093],[-78.179,39.082],[-78.174,39.08],[-78.183,39.071],[-78.171,39.059],[-78.157,39.07],[-78.142,39.062],[-78.153,39.034],[-78.169,39.027],[-78.161,39.023],[-78.164,39.018],[-78.148,39.026],[-78.135,39.011],[-78.125,39.025],[-78.092,39.007],[-78.052,39.022],[-78.035,39.017],[-78.038,39.006],[-78.005,38.98],[-78.041,38.951],[-78.077,38.951],[-78.101,38.945],[-78.104,38.935],[-78.111,38.938],[-78.124,38.92],[-78.102,38.914],[-78.112,38.914],[-78.107,38.909],[-78.114,38.905],[-78.105,38.898],[-78.105,38.881],[-78.131,38.869],[-78.124,38.842],[-78.132,38.854],[-78.14,38.852],[-78.132,38.862],[-78.143,38.859],[-78.171,38.83],[-78.171,38.819],[-78.18,38.818],[-78.18,38.802],[-78.168,38.801],[-78.174,38.778],[-78.16,38.778],[-78.16,38.772],[-78.108,38.75],[-78.111,38.724],[-78.086,38.723],[-78.086,38.734],[-78.075,38.736],[-78.07,38.73],[-78.066,38.719],[-78.079,38.722],[-78.09,38.708],[-78.09,38.681],[-78.097,38.681],[-78.092,38.668],[-78.126,38.674],[-78.133,38.655],[-78.142,38.67],[-78.17,38.673],[-78.186,38.687],[-78.198,38.681],[-78.173,38.674],[-78.179,38.652],[-78.209,38.647],[-78.203,38.642],[-78.209,38.63],[-78.234,38.622],[-78.224,38.618],[-78.233,38.618],[-78.238,38.607],[-78.232,38.585],[-78.208,38.578],[-78.209,38.571],[-78.193,38.562],[-78.191,38.536],[-78.171,38.527],[-78.201,38.514],[-78.219,38.495],[-78.216,38.486],[-78.235,38.483],[-78.24,38.458],[-78.252,38.452],[-78.238,38.442],[-78.225,38.445],[-78.224,38.421],[-78.203,38.403],[-78.227,38.4],[-78.2,38.381],[-78.208,38.374],[-78.194,38.371],[-78.194,38.362],[-78.154,38.355],[-78.157,38.339],[-78.167,38.33],[-78.184,38.33],[-78.18,38.348],[-78.167,38.347],[-78.183,38.36],[-78.221,38.357],[-78.224,38.349],[-78.238,38.35],[-78.24,38.328],[-78.268,38.351],[-78.269,38.366],[-78.341,38.293],[-78.348,38.277],[-78.349,38.289],[-78.365,38.292],[-78.366,38.299],[-78.357,38.302],[-78.37,38.318],[-78.366,38.332],[-78.379,38.339],[-78.374,38.354],[-78.386,38.354],[-78.399,38.321],[-78.386,38.291],[-78.408,38.301],[-78.407,38.293],[-78.42,38.288],[-78.413,38.286],[-78.407,38.256],[-78.422,38.256],[-78.419,38.283],[-78.434,38.288],[-78.437,38.27],[-78.45,38.267],[-78.447,38.255],[-78.463,38.251],[-78.466,38.233],[-78.451,38.21],[-78.475,38.217],[-78.492,38.233],[-78.513,38.237],[-78.52,38.23],[-78.542,38.237],[-78.539,38.255],[-78.527,38.249],[-78.507,38.253],[-78.567,38.285],[-78.585,38.317],[-78.562,38.322],[-78.574,38.329],[-78.636,38.291],[-78.652,38.294],[-78.666,38.266],[-78.655,38.26],[-78.67,38.247],[-78.681,38.255],[-78.711,38.241],[-78.687,38.245],[-78.687,38.237],[-78.668,38.228],[-78.649,38.234],[-78.642,38.221],[-78.588,38.228],[-78.579,38.212],[-78.596,38.201],[-78.599,38.142],[-78.607,38.155],[-78.618,38.148],[-78.608,38.136],[-78.612,38.122],[-78.625,38.113],[-78.662,38.118],[-78.658,38.091],[-78.666,38.089],[-78.663,38.078],[-78.676,38.068],[-78.625,38.06],[-78.615,38.064],[-78.615,38.072],[-78.601,38.072],[-78.598,38.057],[-78.58,38.055],[-78.568,38.065],[-78.562,38.051],[-78.526,38.05],[-78.515,38.064],[-78.515,38.056],[-78.484,38.056],[-78.478,38.044],[-78.458,38.034],[-78.46,38.027],[-78.452,38.028],[-78.452,38.017],[-78.42,38.007],[-78.402,38.011],[-78.39,37.984],[-78.364,37.966],[-78.372,37.953],[-78.351,37.956],[-78.363,37.942],[-78.357,37.94],[-78.361,37.934],[-78.374,37.93],[-78.408,37.892],[-78.378,37.893],[-78.358,37.879],[-78.38,37.874],[-78.402,37.856],[-78.398,37.85],[-78.383,37.854],[-78.377,37.846],[-78.39,37.834],[-78.366,37.83],[-78.345,37.838],[-78.36,37.825],[-78.355,37.816],[-78.365,37.807],[-78.347,37.797],[-78.369,37.764],[-78.353,37.727],[-78.426,37.74],[-78.418,37.734],[-78.421,37.723],[-78.45,37.72],[-78.446,37.702],[-78.429,37.696],[-78.437,37.689],[-78.442,37.693],[-78.457,37.675],[-78.508,37.677],[-78.51,37.654],[-78.5,37.651],[-78.511,37.637],[-78.532,37.643],[-78.566,37.639],[-78.582,37.647],[-78.601,37.701],[-78.623,37.706],[-78.619,37.712],[-78.626,37.721],[-78.64,37.722],[-78.64,37.731],[-78.656,37.705],[-78.644,37.694],[-78.643,37.682],[-78.66,37.677],[-78.676,37.696],[-78.695,37.696],[-78.688,37.678],[-78.718,37.664],[-78.713,37.646],[-78.718,37.633],[-78.712,37.634],[-78.698,37.612],[-78.687,37.625],[-78.671,37.614],[-78.641,37.625],[-78.627,37.62],[-78.643,37.602],[-78.661,37.604],[-78.67,37.594],[-78.635,37.576],[-78.622,37.555],[-78.661,37.568],[-78.66,37.551],[-78.671,37.545],[-78.647,37.54],[-78.661,37.52],[-78.652,37.503],[-78.652,37.479],[-78.679,37.458],[-78.705,37.457],[-78.684,37.429],[-78.665,37.422],[-78.654,37.434],[-78.635,37.435],[-78.619,37.456],[-78.595,37.455],[-78.57,37.467],[-78.562,37.45],[-78.568,37.424],[-78.58,37.419],[-78.593,37.428],[-78.607,37.42],[-78.618,37.406],[-78.608,37.395],[-78.594,37.398],[-78.598,37.376],[-78.607,37.367],[-78.635,37.374],[-78.636,37.363],[-78.645,37.364],[-78.641,37.356],[-78.657,37.351],[-78.651,37.341],[-78.684,37.343],[-78.718,37.327],[-78.736,37.331],[-78.747,37.323],[-78.762,37.329],[-78.774,37.322],[-78.761,37.314],[-78.771,37.312],[-78.764,37.284],[-78.733,37.244],[-78.739,37.234],[-78.734,37.22],[-78.779,37.229],[-78.809,37.202],[-78.857,37.212],[-78.86,37.238],[-78.871,37.243],[-78.882,37.227],[-78.911,37.22],[-78.909,37.194],[-78.923,37.189],[-78.938,37.198],[-78.966,37.194],[-78.973,37.174],[-78.958,37.158],[-78.971,37.142],[-78.96,37.127],[-78.968,37.118],[-78.954,37.117],[-78.943,37.095],[-78.962,37.086],[-78.994,37.103],[-78.974,37.082],[-78.981,37.074],[-78.964,37.065],[-78.97,37.051],[-79.003,37.03],[-79.017,37.04],[-79.059,37.046],[-79.089,37.067],[-79.067,37.064],[-79.051,37.073],[-79.053,37.083],[-79.078,37.089],[-79.089,37.113],[-79.111,37.101],[-79.123,37.107],[-79.123,37.09],[-79.167,37.067],[-79.181,37.071],[-79.192,37.054],[-79.205,37.072],[-79.199,37.112],[-79.195,37.106],[-79.189,37.123],[-79.162,37.128],[-79.171,37.159],[-79.206,37.191],[-79.227,37.177],[-79.273,37.184],[-79.262,37.154],[-79.267,37.144],[-79.309,37.144],[-79.322,37.121],[-79.339,37.138],[-79.345,37.134],[-79.341,37.128],[-79.353,37.122],[-79.381,37.121],[-79.371,37.106],[-79.387,37.093],[-79.405,37.092],[-79.405,37.063],[-79.455,37.056],[-79.474,37.063],[-79.476,37.072],[-79.473,37.066],[-79.498,37.061],[-79.488,37.047],[-79.498,37.037],[-79.483,37.012],[-79.5,37.025],[-79.483,37.005],[-79.499,37],[-79.496,36.989],[-79.515,36.974],[-79.503,36.967],[-79.511,36.959],[-79.531,36.962],[-79.536,36.956],[-79.463,36.932],[-79.465,36.918],[-79.442,36.921],[-79.409,36.906],[-79.398,36.913],[-79.39,36.903],[-79.363,36.915],[-79.355,36.901],[-79.368,36.898],[-79.366,36.893],[-79.306,36.886],[-79.306,36.864],[-79.277,36.873],[-79.266,36.862],[-79.267,36.839],[-79.276,36.828],[-79.285,36.828],[-79.297,36.844],[-79.325,36.829],[-79.259,36.812],[-79.216,36.774],[-79.198,36.769],[-79.18,36.803],[-79.185,36.819],[-79.158,36.832],[-79.123,36.833],[-79.106,36.847],[-79.084,36.844],[-79.058,36.818],[-79.043,36.827],[-79.044,36.838],[-79.026,36.838],[-79.029,36.86],[-79.039,36.865],[-79.021,36.877],[-79.001,36.852],[-78.991,36.862],[-78.97,36.851],[-78.956,36.855],[-78.952,36.842],[-78.941,36.841],[-78.911,36.86],[-78.855,36.854],[-78.851,36.875],[-78.837,36.876],[-78.84,36.844],[-78.831,36.835],[-78.841,36.823],[-78.84,36.808],[-78.878,36.829],[-78.879,36.812],[-78.866,36.805],[-78.874,36.799],[-78.871,36.792],[-78.887,36.786],[-78.88,36.785],[-78.885,36.78],[-78.856,36.785],[-78.847,36.772],[-78.849,36.753],[-78.815,36.737],[-78.811,36.72],[-78.829,36.714],[-78.86,36.718],[-78.873,36.729],[-78.917,36.735],[-78.924,36.744],[-78.96,36.756],[-78.968,36.747],[-78.966,36.732],[-79.018,36.719],[-79.03,36.729],[-79.036,36.714],[-79.032,36.683],[-79.043,36.686],[-79.061,36.672],[-79.074,36.683],[-79.07,36.696],[-79.084,36.702],[-79.084,36.718],[-79.119,36.738],[-79.119,36.751],[-79.134,36.755],[-79.14,36.743],[-79.153,36.747],[-79.171,36.737],[-79.178,36.709],[-79.192,36.706],[-79.187,36.696],[-79.158,36.701],[-79.142,36.691],[-79.159,36.683],[-79.149,36.679],[-79.158,36.673],[-79.157,36.659],[-79.116,36.655],[-79.146,36.64],[-79.113,36.634],[-79.107,36.618],[-79.09,36.643],[-79.06,36.632],[-79.065,36.648],[-79.028,36.662],[-79.012,36.657],[-79.029,36.646],[-79.031,36.627],[-79.04,36.629],[-79.048,36.618],[-79.038,36.623],[-79.025,36.611],[-79.015,36.616],[-79.009,36.622],[-79.023,36.63],[-78.996,36.65],[-78.978,36.633],[-78.969,36.605],[-78.937,36.607],[-78.916,36.617],[-78.873,36.607],[-78.875,36.595],[-78.89,36.591],[-78.882,36.585],[-78.895,36.58],[-78.88,36.542],[-79.214,36.542],[-79.209,36.581],[-79.273,36.583],[-79.269,36.592],[-79.242,36.591],[-79.236,36.604],[-79.235,36.589],[-79.229,36.588],[-79.23,36.606],[-79.202,36.609],[-79.199,36.622],[-79.236,36.615],[-79.25,36.628],[-79.255,36.649],[-79.246,36.655],[-79.249,36.672],[-79.262,36.688],[-79.318,36.683],[-79.307,36.661],[-79.357,36.632],[-79.359,36.609],[-79.331,36.621],[-79.326,36.604],[-79.332,36.589],[-79.302,36.582],[-79.306,36.569],[-79.333,36.572],[-79.32,36.556],[-79.344,36.562],[-79.352,36.551],[-79.343,36.541],[-79.518,36.541],[-79.518,36.556],[-79.533,36.565],[-79.56,36.557],[-79.548,36.581],[-79.598,36.554],[-79.602,36.564],[-79.625,36.563],[-79.625,36.579],[-79.616,36.579],[-79.618,36.621],[-79.604,36.628],[-79.607,36.643],[-79.618,36.645],[-79.622,36.655],[-79.617,36.672],[-79.631,36.679],[-79.635,36.696],[-79.598,36.697],[-79.604,36.719],[-79.583,36.733],[-79.588,36.75],[-79.614,36.739],[-79.617,36.746],[-79.634,36.746],[-79.639,36.758],[-79.651,36.756],[-79.634,36.785],[-79.658,36.783],[-79.657,36.795],[-79.675,36.807],[-79.685,36.795],[-79.698,36.793],[-79.697,36.784],[-79.737,36.787],[-79.753,36.833],[-79.772,36.858],[-79.744,36.865],[-79.747,36.873],[-79.729,36.88],[-79.734,36.881],[-79.725,36.896],[-79.711,36.89],[-79.704,36.895],[-79.706,36.889],[-79.692,36.895],[-79.705,36.917],[-79.668,36.941],[-79.674,36.964],[-79.654,36.982],[-79.656,36.993],[-79.64,37],[-79.647,37.01],[-79.635,37.007],[-79.634,37.02],[-79.627,37.008],[-79.623,37.02],[-79.632,37.023],[-79.621,37.032],[-79.62,37.023],[-79.611,37.029],[-79.611,37.022],[-79.601,37.021],[-79.594,37.042],[-79.606,37.042],[-79.607,37.031],[-79.659,37.051],[-79.654,37.043],[-79.674,37.045],[-79.673,37.034],[-79.688,37.044],[-79.725,37.042],[-79.719,37.025],[-79.736,37.036],[-79.73,37.053],[-79.737,37.063],[-79.746,37.063],[-79.739,37.06],[-79.744,37.054],[-79.775,37.068],[-79.782,37.058],[-79.823,37.09],[-79.834,37.078],[-79.836,37.091],[-79.86,37.084],[-79.871,37.068],[-79.889,37.067],[-79.918,37.09],[-79.91,37.09],[-79.909,37.1],[-79.89,37.093],[-79.892,37.086],[-79.877,37.089],[-79.876,37.098],[-79.854,37.093],[-79.862,37.105],[-79.855,37.108],[-79.867,37.119],[-79.852,37.117],[-79.851,37.131],[-79.84,37.124],[-79.827,37.139],[-79.795,37.122],[-79.788,37.13],[-79.741,37.125],[-79.73,37.106],[-79.709,37.123],[-79.702,37.146],[-79.718,37.19],[-79.758,37.19],[-79.761,37.201],[-79.778,37.204],[-79.774,37.217],[-79.79,37.243],[-79.804,37.243],[-79.806,37.253],[-79.83,37.25],[-79.834,37.258],[-79.81,37.255],[-79.8,37.269],[-79.771,37.273],[-79.762,37.269],[-79.77,37.256],[-79.763,37.236],[-79.748,37.26],[-79.735,37.26],[-79.722,37.248],[-79.716,37.255],[-79.705,37.253],[-79.691,37.292],[-79.677,37.294],[-79.678,37.31],[-79.715,37.301],[-79.724,37.314],[-79.717,37.35],[-79.75,37.352],[-79.75,37.364],[-79.727,37.382],[-79.749,37.401],[-79.741,37.407],[-79.731,37.402],[-79.74,37.41],[-79.734,37.422],[-79.716,37.429],[-79.7,37.466],[-79.766,37.422],[-79.785,37.446],[-79.767,37.468],[-79.786,37.474],[-79.785,37.485],[-79.818,37.493],[-79.802,37.52],[-79.825,37.525],[-79.839,37.543],[-79.832,37.553],[-79.838,37.569],[-79.832,37.568],[-79.827,37.582],[-79.835,37.589],[-79.834,37.608],[-79.855,37.608],[-79.878,37.579],[-79.884,37.587],[-79.873,37.602],[-79.896,37.61],[-79.896,37.618],[-79.988,37.571],[-80.032,37.639],[-79.942,37.699],[-79.919,37.701],[-79.889,37.739],[-79.851,37.764],[-79.845,37.783],[-79.817,37.801],[-79.805,37.798],[-79.823,37.782],[-79.818,37.776],[-79.825,37.778],[-79.817,37.756],[-79.806,37.775],[-79.784,37.779],[-79.789,37.794],[-79.674,37.763],[-79.689,37.735],[-79.668,37.693],[-79.673,37.672],[-79.684,37.662],[-79.608,37.616],[-79.596,37.628],[-79.583,37.622],[-79.577,37.627],[-79.58,37.606],[-79.572,37.602],[-79.543,37.61],[-79.543,37.629],[-79.527,37.634],[-79.537,37.642],[-79.525,37.634],[-79.517,37.638],[-79.519,37.646],[-79.494,37.655],[-79.515,37.658],[-79.486,37.687],[-79.511,37.694],[-79.488,37.717],[-79.468,37.706],[-79.47,37.725],[-79.456,37.735],[-79.451,37.727],[-79.464,37.724],[-79.442,37.716],[-79.45,37.701],[-79.423,37.701],[-79.427,37.69],[-79.417,37.685],[-79.442,37.667],[-79.444,37.658],[-79.428,37.65],[-79.442,37.623],[-79.426,37.616],[-79.419,37.626],[-79.401,37.626],[-79.345,37.66],[-79.341,37.679],[-79.32,37.696],[-79.299,37.751],[-79.253,37.802],[-79.265,37.81],[-79.284,37.795],[-79.29,37.804],[-79.315,37.811],[-79.301,37.821],[-79.309,37.844],[-79.287,37.837],[-79.255,37.862],[-79.259,37.875],[-79.246,37.868],[-79.225,37.884],[-79.235,37.889],[-79.236,37.903],[-79.254,37.887],[-79.259,37.896],[-79.286,37.886],[-79.275,37.91],[-79.293,37.909],[-79.318,37.929],[-79.305,37.939],[-79.319,37.929],[-79.334,37.931],[-79.352,37.94],[-79.366,37.961],[-79.382,37.96],[-79.393,37.976],[-79.408,37.981],[-79.427,37.961],[-79.428,37.947],[-79.471,37.918],[-79.5,37.929],[-79.52,37.91],[-79.571,37.906],[-79.601,37.862],[-79.627,37.875],[-79.647,37.875],[-79.61,37.935],[-79.533,38.004],[-79.511,38.035],[-79.525,38.041],[-79.522,38.046],[-79.483,38.085],[-79.493,38.096],[-79.437,38.162],[-79.465,38.166],[-79.504,38.126],[-79.517,38.14],[-79.482,38.17],[-79.508,38.155],[-79.532,38.152],[-79.522,38.162],[-79.527,38.171],[-79.495,38.192],[-79.496,38.201],[-79.477,38.211],[-79.481,38.217],[-79.462,38.222],[-79.438,38.216],[-79.428,38.231],[-79.397,38.223],[-79.378,38.21],[-79.377,38.2],[-79.369,38.21],[-79.353,38.204],[-79.338,38.185],[-79.35,38.173],[-79.376,38.173],[-79.369,38.147],[-79.347,38.142],[-79.363,38.133],[-79.34,38.139],[-79.332,38.155],[-79.298,38.174],[-79.276,38.17],[-79.248,38.183],[-79.244,38.188],[-79.255,38.204],[-79.296,38.213],[-79.278,38.241],[-79.283,38.239],[-79.291,38.268],[-79.3,38.275],[-79.286,38.322],[-79.244,38.336],[-79.26,38.361],[-79.284,38.378],[-79.283,38.401],[-79.299,38.413],[-79.312,38.412],[-79.28,38.42],[-79.283,38.431],[-79.254,38.456],[-79.243,38.454],[-79.24,38.47],[-79.21,38.494],[-79.206,38.525],[-79.171,38.568],[-79.133,38.649],[-78.979,38.553],[-78.981,38.545],[-78.968,38.545],[-78.867,38.638],[-78.87,38.657],[-78.903,38.671],[-78.917,38.728],[-78.865,38.767],[-78.784,38.889],[-78.758,38.901],[-78.742,38.925],[-78.717,38.936],[-78.72,38.906],[-78.697,38.914],[-78.626,38.983],[-78.602,38.965],[-78.55,39.018],[-78.572,39.032],[-78.544,39.057],[-78.49,39.039],[-78.481,39.019],[-78.496,39.009],[-78.489,39.005],[-78.479,39.013],[-78.476,38.995],[-78.453,39.012],[-78.46,39.018],[-78.448,39.044],[-78.434,39.042],[-78.435,39.052],[-78.446,39.054],[-78.439,39.061],[-78.431,39.066],[-78.423,39.058],[-78.395,39.061],[-78.374,39.075],[-78.411,39.065],[-78.403,39.069],[-78.425,39.082],[-78.403,39.094],[-78.392,39.092],[-78.393,39.102],[-78.378,39.092],[-78.357,39.097],[-78.429,39.132],[-78.456,39.112],[-78.481,39.107],[-78.46,39.113],[-78.427,39.153],[-78.404,39.167],[-78.419,39.177],[-78.413,39.184],[-78.396,39.184],[-78.387,39.193],[-78.381,39.188],[-78.315,39.238],[-78.291,39.232],[-78.296,39.239],[-78.291,39.247],[-78.261,39.267],[-78.258,39.277],[-78.273,39.281],[-78.314,39.269],[-78.292,39.286],[-78.265,39.287],[-78.296,39.308],[-78.269,39.312],[-78.269,39.32],[-78.279,39.321],[-78.273,39.336],[-78.286,39.346],[-78.26,39.351],[-78.277,39.372],[-78.255,39.4],[-78.251,39.395],[-78.245,39.402]],[[-78.266,39],[-78.268,38.994],[-78.251,38.992],[-78.246,39.004],[-78.268,39.011],[-78.266,39]],[[-78.354,38.614],[-78.384,38.588],[-78.381,38.561],[-78.388,38.557],[-78.404,38.575],[-78.408,38.566],[-78.42,38.576],[-78.417,38.563],[-78.437,38.552],[-78.432,38.549],[-78.442,38.544],[-78.447,38.523],[-78.46,38.524],[-78.474,38.514],[-78.453,38.507],[-78.439,38.517],[-78.358,38.464],[-78.361,38.454],[-78.343,38.44],[-78.325,38.442],[-78.322,38.449],[-78.337,38.45],[-78.344,38.461],[-78.327,38.466],[-78.304,38.462],[-78.283,38.443],[-78.27,38.442],[-78.265,38.459],[-78.253,38.468],[-78.262,38.476],[-78.268,38.465],[-78.28,38.465],[-78.271,38.46],[-78.278,38.449],[-78.296,38.466],[-78.292,38.482],[-78.279,38.489],[-78.254,38.472],[-78.246,38.522],[-78.231,38.533],[-78.274,38.569],[-78.3,38.57],[-78.289,38.583],[-78.336,38.626],[-78.354,38.614]],[[-78.871,38.441],[-78.878,38.441],[-78.875,38.429],[-78.855,38.429],[-78.854,38.437],[-78.871,38.441]],[[-78.79,38.073],[-78.821,38.06],[-78.835,38.04],[-78.799,38.043],[-78.809,38.03],[-78.755,38.021],[-78.747,38.012],[-78.729,38.016],[-78.739,38.04],[-78.728,38.044],[-78.769,38.057],[-78.79,38.073]],[[-78.524,38.047],[-78.528,38.027],[-78.507,38.032],[-78.523,38.038],[-78.524,38.047]],[[-79.066,37.916],[-79.087,37.912],[-79.074,37.891],[-79.129,37.877],[-79.143,37.842],[-79.158,37.837],[-79.158,37.819],[-79.172,37.803],[-79.142,37.813],[-79.143,37.825],[-79.129,37.829],[-79.127,37.848],[-79.046,37.857],[-79.043,37.876],[-79.017,37.891],[-79.045,37.891],[-79.052,37.913],[-79.066,37.916]],[[-78.574,37.868],[-78.564,37.86],[-78.568,37.851],[-78.593,37.849],[-78.584,37.82],[-78.561,37.84],[-78.56,37.855],[-78.549,37.85],[-78.555,37.865],[-78.565,37.872],[-78.574,37.868]],[[-79.345,37.489],[-79.356,37.481],[-79.343,37.481],[-79.336,37.47],[-79.323,37.484],[-79.328,37.476],[-79.317,37.476],[-79.307,37.464],[-79.331,37.458],[-79.329,37.442],[-79.315,37.437],[-79.317,37.432],[-79.296,37.432],[-79.295,37.42],[-79.248,37.395],[-79.247,37.378],[-79.226,37.374],[-79.255,37.361],[-79.265,37.343],[-79.247,37.329],[-79.276,37.323],[-79.273,37.313],[-79.291,37.304],[-79.278,37.301],[-79.282,37.296],[-79.273,37.284],[-79.253,37.284],[-79.243,37.295],[-79.244,37.301],[-79.263,37.3],[-79.27,37.307],[-79.261,37.318],[-79.255,37.31],[-79.225,37.314],[-79.216,37.297],[-79.24,37.275],[-79.23,37.269],[-79.206,37.272],[-79.202,37.292],[-79.18,37.307],[-79.161,37.301],[-79.161,37.295],[-79.13,37.291],[-79.131,37.303],[-79.113,37.3],[-79.104,37.322],[-79.074,37.338],[-79.071,37.354],[-79.084,37.356],[-79.07,37.363],[-79.071,37.371],[-79.125,37.384],[-79.115,37.395],[-79.123,37.399],[-79.145,37.398],[-79.164,37.432],[-79.145,37.427],[-79.177,37.45],[-79.187,37.474],[-79.209,37.477],[-79.225,37.493],[-79.22,37.506],[-79.241,37.506],[-79.26,37.494],[-79.263,37.51],[-79.295,37.499],[-79.33,37.512],[-79.345,37.489]],[[-78.908,37.402],[-78.927,37.393],[-78.961,37.353],[-78.954,37.349],[-78.969,37.342],[-78.953,37.316],[-78.95,37.293],[-78.926,37.277],[-78.922,37.262],[-78.917,37.269],[-78.874,37.261],[-78.886,37.272],[-78.875,37.279],[-78.873,37.298],[-78.864,37.305],[-78.887,37.313],[-78.894,37.337],[-78.883,37.358],[-78.869,37.361],[-78.87,37.387],[-78.894,37.384],[-78.897,37.401],[-78.908,37.402]],[[-79.424,37.338],[-79.417,37.356],[-79.43,37.362],[-79.46,37.354],[-79.451,37.339],[-79.44,37.338],[-79.431,37.347],[-79.424,37.338]]],[[[-77.593,39.503],[-77.574,39.501],[-77.554,39.476],[-77.539,39.474],[-77.541,39.483],[-77.564,39.496],[-77.553,39.502],[-77.53,39.493],[-77.523,39.481],[-77.508,39.488],[-77.495,39.478],[-77.501,39.462],[-77.495,39.455],[-77.505,39.453],[-77.507,39.414],[-77.514,39.406],[-77.543,39.411],[-77.539,39.393],[-77.551,39.398],[-77.563,39.377],[-77.584,39.389],[-77.585,39.411],[-77.609,39.404],[-77.592,39.42],[-77.603,39.43],[-77.627,39.427],[-77.64,39.406],[-77.637,39.438],[-77.616,39.469],[-77.622,39.483],[-77.614,39.491],[-77.62,39.497],[-77.628,39.487],[-77.64,39.493],[-77.621,39.505],[-77.593,39.503]]],[[[-120.136,39.516],[-120.1,39.512],[-120.098,39.496],[-120.088,39.5],[-120.099,39.489],[-120.102,39.469],[-120.096,39.445],[-120.312,39.446],[-120.285,39.459],[-120.283,39.495],[-120.273,39.506],[-120.232,39.504],[-120.22,39.512],[-120.192,39.506],[-120.136,39.516]]],[[[-76.946,39.72],[-76.932,39.698],[-76.941,39.694],[-76.938,39.678],[-76.926,39.671],[-76.921,39.677],[-76.915,39.671],[-76.899,39.674],[-76.901,39.66],[-76.89,39.661],[-76.933,39.628],[-76.923,39.621],[-76.909,39.632],[-76.895,39.619],[-76.928,39.588],[-76.906,39.589],[-76.892,39.566],[-76.893,39.558],[-76.913,39.561],[-76.916,39.553],[-76.93,39.554],[-76.925,39.543],[-76.934,39.54],[-76.93,39.531],[-76.943,39.528],[-76.955,39.513],[-76.947,39.507],[-76.946,39.493],[-76.953,39.494],[-76.937,39.467],[-76.955,39.452],[-76.94,39.442],[-76.925,39.45],[-76.929,39.434],[-76.875,39.421],[-76.885,39.398],[-76.872,39.389],[-76.885,39.388],[-76.89,39.377],[-76.904,39.392],[-76.92,39.383],[-76.932,39.389],[-76.929,39.376],[-76.939,39.38],[-76.942,39.369],[-76.931,39.366],[-76.94,39.359],[-76.915,39.349],[-76.932,39.345],[-76.952,39.309],[-76.991,39.321],[-76.989,39.328],[-76.999,39.336],[-77.014,39.336],[-77,39.341],[-76.996,39.355],[-77.016,39.353],[-77.013,39.338],[-77.021,39.336],[-77.015,39.328],[-77.031,39.319],[-77.021,39.299],[-77.048,39.284],[-77.056,39.257],[-77.046,39.256],[-77.047,39.24],[-77.032,39.22],[-77.009,39.207],[-77.012,39.195],[-77.005,39.193],[-77.027,39.193],[-77.029,39.177],[-77.017,39.167],[-77.007,39.177],[-76.998,39.175],[-77,39.161],[-77.036,39.174],[-77.043,39.165],[-77.069,39.158],[-77.073,39.169],[-77.06,39.177],[-77.064,39.182],[-77.08,39.181],[-77.091,39.169],[-77.111,39.184],[-77.119,39.184],[-77.124,39.176],[-77.118,39.176],[-77.127,39.171],[-77.14,39.185],[-77.157,39.187],[-77.179,39.172],[-77.185,39.195],[-77.19,39.179],[-77.202,39.179],[-77.191,39.169],[-77.198,39.167],[-77.196,39.152],[-77.223,39.172],[-77.214,39.189],[-77.195,39.194],[-77.208,39.204],[-77.226,39.19],[-77.224,39.177],[-77.238,39.167],[-77.232,39.161],[-77.242,39.151],[-77.27,39.145],[-77.267,39.133],[-77.28,39.134],[-77.29,39.115],[-77.295,39.123],[-77.303,39.11],[-77.287,39.099],[-77.29,39.077],[-77.309,39.08],[-77.324,39.069],[-77.313,39.065],[-77.309,39.071],[-77.309,39.059],[-77.336,39.069],[-77.341,39.063],[-77.386,39.062],[-77.461,39.075],[-77.483,39.108],[-77.504,39.115],[-77.489,39.118],[-77.469,39.105],[-77.453,39.127],[-77.469,39.129],[-77.47,39.135],[-77.452,39.134],[-77.453,39.159],[-77.439,39.152],[-77.427,39.162],[-77.419,39.15],[-77.418,39.165],[-77.401,39.171],[-77.377,39.157],[-77.377,39.182],[-77.362,39.172],[-77.362,39.18],[-77.348,39.184],[-77.372,39.2],[-77.356,39.216],[-77.366,39.221],[-77.349,39.22],[-77.327,39.242],[-77.301,39.247],[-77.285,39.232],[-77.298,39.214],[-77.238,39.221],[-77.231,39.253],[-77.209,39.239],[-77.204,39.247],[-77.212,39.26],[-77.189,39.259],[-77.204,39.268],[-77.202,39.284],[-77.184,39.284],[-77.179,39.274],[-77.161,39.29],[-77.166,39.312],[-77.199,39.319],[-77.231,39.344],[-77.226,39.372],[-77.243,39.381],[-77.236,39.398],[-77.212,39.418],[-77.238,39.43],[-77.237,39.445],[-77.247,39.446],[-77.248,39.457],[-77.26,39.462],[-77.264,39.478],[-77.248,39.473],[-77.24,39.485],[-77.272,39.505],[-77.266,39.521],[-77.255,39.515],[-77.25,39.527],[-77.233,39.529],[-77.24,39.551],[-77.233,39.56],[-77.221,39.555],[-77.212,39.579],[-77.199,39.576],[-77.192,39.584],[-77.204,39.594],[-77.18,39.595],[-77.188,39.614],[-77.194,39.606],[-77.204,39.616],[-77.211,39.61],[-77.185,39.653],[-77.203,39.644],[-77.216,39.661],[-77.245,39.653],[-77.253,39.662],[-77.267,39.654],[-77.283,39.664],[-77.284,39.675],[-77.25,39.693],[-77.25,39.702],[-77.261,39.699],[-77.265,39.72],[-76.946,39.72]]],[[[-77.758,39.721],[-77.567,39.72],[-77.575,39.686],[-77.599,39.688],[-77.62,39.667],[-77.612,39.657],[-77.638,39.655],[-77.651,39.629],[-77.659,39.628],[-77.648,39.61],[-77.631,39.635],[-77.575,39.612],[-77.598,39.541],[-77.606,39.536],[-77.614,39.581],[-77.643,39.582],[-77.646,39.572],[-77.656,39.578],[-77.661,39.563],[-77.672,39.566],[-77.68,39.559],[-77.69,39.572],[-77.699,39.56],[-77.76,39.572],[-77.774,39.562],[-77.784,39.54],[-77.806,39.545],[-77.795,39.525],[-77.821,39.525],[-77.834,39.533],[-77.842,39.518],[-77.865,39.516],[-77.865,39.538],[-77.889,39.558],[-77.836,39.566],[-77.83,39.595],[-77.837,39.606],[-77.89,39.617],[-77.895,39.634],[-77.886,39.636],[-77.894,39.638],[-77.894,39.647],[-77.882,39.659],[-77.871,39.653],[-77.846,39.662],[-77.806,39.659],[-77.835,39.678],[-77.831,39.687],[-77.809,39.689],[-77.84,39.692],[-77.842,39.706],[-77.82,39.719],[-77.758,39.721]],[[-77.745,39.703],[-77.756,39.701],[-77.747,39.69],[-77.739,39.701],[-77.745,39.703]],[[-77.707,39.613],[-77.712,39.607],[-77.704,39.606],[-77.707,39.613]]],[[[-93.947,37.579],[-93.948,37.55],[-93.921,37.55],[-93.917,37.544],[-93.917,37.536],[-93.936,37.536],[-93.937,37.523],[-93.914,37.521],[-93.877,37.521],[-93.872,37.549],[-93.855,37.549],[-93.846,37.534],[-93.824,37.526],[-93.818,37.538],[-93.794,37.539],[-93.771,37.574],[-93.838,37.578],[-93.852,37.564],[-93.875,37.564],[-93.874,37.579],[-93.947,37.579],[-93.942,37.696],[-93.969,37.69],[-93.998,37.694],[-93.996,37.729],[-94.022,37.73],[-94.029,37.726],[-94.036,37.683],[-94.057,37.683],[-94.053,37.693],[-94.071,37.694],[-94.069,37.756],[-94.11,37.739],[-94.11,37.754],[-94.123,37.754],[-94.118,37.786],[-94.135,37.781],[-94.141,37.79],[-94.171,37.795],[-94.172,37.803],[-94.2,37.803],[-94.202,37.759],[-94.325,37.763],[-94.326,37.721],[-94.38,37.723],[-94.382,37.706],[-94.397,37.711],[-94.399,37.722],[-94.41,37.715],[-94.528,37.725],[-94.527,37.769],[-94.618,37.772],[-94.614,38.118],[-94.497,38.115],[-94.491,38.223],[-94.613,38.227],[-94.608,38.847],[-94.565,38.845],[-94.566,38.827],[-94.555,38.823],[-94.542,38.844],[-94.399,38.839],[-94.4,38.825],[-94.373,38.823],[-94.376,38.838],[-94.362,38.838],[-94.36,38.867],[-94.342,38.866],[-94.34,38.89],[-94.345,38.891],[-94.345,38.877],[-94.354,38.877],[-94.359,38.893],[-94.469,38.888],[-94.47,38.913],[-94.451,38.913],[-94.448,38.943],[-94.41,38.941],[-94.416,38.952],[-94.409,38.959],[-94.41,38.948],[-94.405,38.949],[-94.403,38.964],[-94.386,38.958],[-94.388,39.02],[-94.338,39.034],[-94.341,39.045],[-94.315,39.054],[-94.316,39.069],[-94.297,39.061],[-94.291,39.073],[-94.271,39.053],[-94.24,39.053],[-94.257,39.068],[-94.256,39.081],[-94.237,39.082],[-94.257,39.083],[-94.255,39.103],[-94.282,39.103],[-94.281,39.109],[-94.264,39.111],[-94.263,39.138],[-94.385,39.129],[-94.397,39.151],[-94.397,39.169],[-94.461,39.119],[-94.452,39.116],[-94.447,39.095],[-94.467,39.099],[-94.477,39.092],[-94.481,39.114],[-94.503,39.11],[-94.508,39.12],[-94.578,39.113],[-94.535,39.146],[-94.498,39.15],[-94.493,39.181],[-94.478,39.18],[-94.48,39.195],[-94.493,39.198],[-94.488,39.244],[-94.662,39.247],[-94.66,39.178],[-94.685,39.184],[-94.714,39.17],[-94.752,39.173],[-94.768,39.184],[-94.77,39.192],[-94.763,39.195],[-94.79,39.218],[-94.815,39.264],[-94.838,39.262],[-94.883,39.283],[-94.901,39.301],[-94.911,39.35],[-94.881,39.37],[-94.883,39.387],[-94.894,39.394],[-94.923,39.384],[-94.942,39.389],[-94.951,39.412],[-94.97,39.419],[-94.987,39.445],[-95.041,39.466],[-95.052,39.5],[-95.093,39.524],[-95.114,39.554],[-95.099,39.58],[-95.069,39.576],[-95.055,39.582],[-95.046,39.6],[-95.055,39.625],[-95.031,39.662],[-94.994,39.647],[-94.994,39.633],[-94.973,39.633],[-94.994,39.618],[-94.919,39.618],[-94.906,39.64],[-94.88,39.64],[-94.881,39.618],[-94.862,39.618],[-94.864,39.654],[-94.836,39.654],[-94.834,39.618],[-94.819,39.617],[-94.811,39.618],[-94.829,39.632],[-94.796,39.632],[-94.79,39.661],[-94.768,39.664],[-94.767,39.683],[-94.73,39.682],[-94.73,39.701],[-94.679,39.675],[-94.665,39.682],[-94.664,39.668],[-94.625,39.667],[-94.633,39.673],[-94.632,39.685],[-94.609,39.685],[-94.623,39.689],[-94.621,39.704],[-94.602,39.704],[-94.602,39.781],[-94.531,39.777],[-94.537,39.806],[-94.519,39.806],[-94.519,39.85],[-94.468,39.85],[-94.462,39.835],[-94.342,39.835],[-94.338,39.82],[-94.326,39.818],[-94.338,39.813],[-94.338,39.797],[-94.32,39.797],[-94.32,39.79],[-94.338,39.79],[-94.338,39.747],[-94.319,39.747],[-94.319,39.733],[-94.337,39.733],[-94.337,39.66],[-94.375,39.659],[-94.375,39.733],[-94.432,39.733],[-94.432,39.748],[-94.47,39.748],[-94.47,39.733],[-94.432,39.733],[-94.432,39.704],[-94.403,39.704],[-94.403,39.682],[-94.47,39.682],[-94.47,39.66],[-94.511,39.66],[-94.515,39.647],[-94.498,39.648],[-94.498,39.638],[-94.509,39.638],[-94.508,39.631],[-94.522,39.631],[-94.527,39.623],[-94.522,39.606],[-94.513,39.605],[-94.509,39.583],[-94.515,39.583],[-94.509,39.582],[-94.509,39.558],[-94.502,39.553],[-94.505,39.54],[-94.528,39.54],[-94.526,39.501],[-94.515,39.503],[-94.515,39.489],[-94.508,39.488],[-94.517,39.491],[-94.523,39.48],[-94.51,39.479],[-94.504,39.463],[-94.472,39.463],[-94.464,39.474],[-94.445,39.463],[-94.449,39.404],[-94.464,39.404],[-94.465,39.422],[-94.481,39.419],[-94.475,39.425],[-94.48,39.428],[-94.486,39.418],[-94.478,39.415],[-94.492,39.415],[-94.492,39.408],[-94.478,39.408],[-94.478,39.397],[-94.464,39.384],[-94.464,39.368],[-94.422,39.368],[-94.412,39.36],[-94.413,39.353],[-94.436,39.353],[-94.436,39.339],[-94.423,39.325],[-94.436,39.31],[-94.423,39.31],[-94.411,39.295],[-94.407,39.303],[-94.372,39.303],[-94.361,39.325],[-94.3,39.32],[-94.296,39.31],[-94.311,39.306],[-94.296,39.293],[-94.313,39.274],[-94.291,39.274],[-94.284,39.252],[-94.298,39.236],[-94.269,39.239],[-94.259,39.252],[-94.25,39.251],[-94.249,39.24],[-94.222,39.244],[-94.222,39.257],[-94.212,39.254],[-94.212,39.265],[-94.196,39.27],[-94.194,39.279],[-94.192,39.269],[-94.169,39.267],[-94.179,39.277],[-94.179,39.286],[-94.169,39.276],[-94.169,39.288],[-94.183,39.287],[-94.182,39.293],[-94.15,39.3],[-94.15,39.308],[-94.121,39.31],[-94.119,39.289],[-94.103,39.297],[-94.103,39.305],[-94.055,39.311],[-94.062,39.344],[-94.036,39.343],[-94.035,39.336],[-94.002,39.339],[-94.012,39.372],[-94.03,39.373],[-94.03,39.394],[-94.021,39.394],[-94.021,39.38],[-94.003,39.379],[-94.003,39.409],[-93.985,39.408],[-93.98,39.445],[-93.955,39.446],[-93.947,39.437],[-93.946,39.465],[-93.938,39.456],[-93.928,39.474],[-93.908,39.474],[-93.908,39.463],[-93.87,39.468],[-93.87,39.787],[-93.927,39.786],[-93.927,39.797],[-93.946,39.797],[-93.946,39.822],[-93.966,39.815],[-93.966,39.83],[-93.977,39.834],[-93.994,39.815],[-94.002,39.815],[-94.004,39.829],[-94.051,39.829],[-94.051,39.849],[-94.061,39.848],[-94.066,39.872],[-94.052,39.872],[-94.052,39.887],[-94.085,39.892],[-94.085,39.916],[-94.069,39.922],[-94.092,39.922],[-94.079,39.928],[-94.093,39.942],[-94.092,39.989],[-94.049,39.981],[-94.039,39.972],[-94.044,39.956],[-94.038,39.952],[-94.025,39.953],[-94.025,39.96],[-93.987,39.96],[-93.982,39.967],[-93.939,39.968],[-93.935,39.99],[-93.92,39.99],[-93.916,39.976],[-93.904,39.998],[-93.891,39.998],[-93.897,40.04],[-93.916,40.04],[-93.915,40.06],[-93.898,40.06],[-93.887,40.09],[-93.93,40.091],[-93.953,40.105],[-93.953,40.115],[-93.935,40.134],[-93.935,40.148],[-94.085,40.157],[-94.085,40.164],[-94.103,40.164],[-94.108,40.186],[-94.184,40.184],[-94.184,40.209],[-94.16,40.209],[-94.16,40.217],[-94.141,40.219],[-94.14,40.281],[-94.145,40.296],[-94.159,40.296],[-94.159,40.311],[-94.121,40.31],[-94.13,40.314],[-94.13,40.339],[-94.148,40.34],[-94.149,40.347],[-94.134,40.347],[-94.118,40.367],[-94.101,40.368],[-94.1,40.383],[-94.045,40.382],[-94.038,40.368],[-94.011,40.367],[-94.01,40.375],[-94.001,40.374],[-94.006,40.36],[-93.956,40.359],[-93.956,40.323],[-93.941,40.314],[-93.948,40.307],[-93.945,40.283],[-93.931,40.279],[-93.859,40.279],[-93.859,40.271],[-93.802,40.279],[-93.802,40.293],[-93.764,40.293],[-93.763,40.248],[-93.733,40.2],[-93.652,40.206],[-93.651,40.195],[-93.632,40.191],[-93.623,40.198],[-93.604,40.199],[-93.605,40.192],[-93.596,40.192],[-93.591,40.202],[-93.538,40.204],[-93.514,40.196],[-93.513,40.16],[-93.499,40.16],[-93.499,40.207],[-93.48,40.207],[-93.48,40.193],[-93.438,40.193],[-93.438,40.185],[-93.447,40.185],[-93.442,40.149],[-93.461,40.145],[-93.466,40.134],[-93.442,40.134],[-93.442,40.12],[-93.416,40.12],[-93.415,40.106],[-93.427,40.112],[-93.424,40.09],[-93.457,40.083],[-93.454,40.047],[-93.442,40.047],[-93.43,40.062],[-93.367,40.062],[-93.362,39.982],[-93.349,39.983],[-93.348,39.997],[-93.327,39.998],[-93.31,39.998],[-93.305,39.982],[-93.305,39.94],[-93.361,39.938],[-93.361,39.909],[-93.388,39.903],[-93.39,39.88],[-93.447,39.878],[-93.435,39.845],[-93.435,39.815],[-93.425,39.807],[-93.425,39.747],[-93.412,39.747],[-93.403,39.732],[-93.384,39.732],[-93.384,39.721],[-93.365,39.721],[-93.364,39.821],[-93.324,39.821],[-93.326,39.848],[-93.315,39.852],[-93.315,39.866],[-93.249,39.866],[-93.254,39.837],[-93.183,39.838],[-93.182,39.823],[-93.166,39.824],[-93.16,39.839],[-93.096,39.84],[-93.1,39.861],[-93.076,39.85],[-93.075,39.918],[-93.068,39.918],[-93.065,39.899],[-93.059,39.899],[-93.059,39.917],[-93.048,39.92],[-93.05,39.942],[-93.028,39.941],[-93.027,39.955],[-92.991,39.952],[-93.002,39.924],[-92.973,39.922],[-92.973,39.929],[-92.945,39.931],[-92.944,39.921],[-92.932,39.913],[-92.939,39.895],[-92.928,39.891],[-92.941,39.891],[-92.956,39.878],[-92.96,39.863],[-92.943,39.862],[-92.94,39.819],[-92.95,39.819],[-92.949,39.838],[-92.96,39.837],[-92.968,39.821],[-92.963,39.804],[-92.987,39.805],[-92.988,39.793],[-92.96,39.791],[-92.961,39.766],[-92.975,39.762],[-92.931,39.761],[-92.932,39.749],[-92.914,39.749],[-92.917,39.73],[-92.868,39.734],[-92.857,39.731],[-92.857,39.719],[-92.844,39.724],[-92.839,39.74],[-92.819,39.736],[-92.799,39.769],[-92.809,39.773],[-92.809,39.788],[-92.828,39.792],[-92.815,39.811],[-92.817,39.821],[-92.836,39.817],[-92.836,39.825],[-92.822,39.833],[-92.809,39.857],[-92.758,39.845],[-92.76,39.866],[-92.743,39.869],[-92.738,39.838],[-92.732,39.836],[-92.731,39.852],[-92.717,39.852],[-92.718,39.83],[-92.697,39.829],[-92.688,39.816],[-92.689,39.873],[-92.599,39.87],[-92.609,39.849],[-92.605,39.813],[-92.611,39.807],[-92.609,39.792],[-92.596,39.779],[-92.596,39.757],[-92.613,39.736],[-92.614,39.714],[-92.605,39.711],[-92.617,39.711],[-92.615,39.674],[-92.609,39.652],[-92.601,39.65],[-92.613,39.646],[-92.621,39.609],[-92.532,39.608],[-92.533,39.513],[-92.496,39.513],[-92.497,39.488],[-92.475,39.484],[-92.487,39.47],[-92.483,39.459],[-92.522,39.455],[-92.535,39.441],[-92.508,39.436],[-92.508,39.426],[-92.536,39.426],[-92.535,39.41],[-92.481,39.402],[-92.482,39.38],[-92.462,39.38],[-92.473,39.358],[-92.566,39.36],[-92.566,39.368],[-92.578,39.363],[-92.587,39.368],[-92.594,39.354],[-92.624,39.361],[-92.632,39.346],[-92.656,39.347],[-92.658,39.355],[-92.668,39.334],[-92.689,39.318],[-92.62,39.299],[-92.633,39.295],[-92.633,39.283],[-92.65,39.283],[-92.654,39.268],[-92.631,39.268],[-92.635,39.251],[-92.624,39.231],[-92.587,39.245],[-92.588,39.231],[-92.58,39.238],[-92.56,39.237],[-92.581,39.209],[-92.544,39.208],[-92.548,39.201],[-92.535,39.201],[-92.535,39.188],[-92.528,39.201],[-92.513,39.204],[-92.507,39.194],[-92.494,39.196],[-92.494,39.178],[-92.508,39.164],[-92.485,39.163],[-92.49,39.154],[-92.479,39.157],[-92.483,39.148],[-92.509,39.13],[-92.524,39.099],[-92.557,39.099],[-92.554,39.063],[-92.581,39.071],[-92.586,39.035],[-92.57,39.033],[-92.571,39.026],[-92.597,39.021],[-92.637,39.027],[-92.637,39.043],[-92.663,39.048],[-92.662,39.076],[-92.67,39.072],[-92.696,39.081],[-92.715,39.072],[-92.726,39.075],[-92.741,39.06],[-92.746,39.068],[-92.781,39.065],[-92.781,39.03],[-92.807,39.033],[-92.786,39.011],[-92.793,38.99],[-92.764,38.989],[-92.759,38.979],[-92.741,38.984],[-92.755,38.987],[-92.752,38.995],[-92.769,39.005],[-92.779,39.003],[-92.783,39.013],[-92.765,39.031],[-92.745,39.032],[-92.754,39.022],[-92.753,39.003],[-92.73,38.996],[-92.731,38.984],[-92.785,38.971],[-92.851,38.98],[-92.861,38.971],[-92.863,38.949],[-92.876,38.951],[-92.872,38.94],[-92.895,38.925],[-92.882,38.913],[-92.86,38.913],[-92.894,38.88],[-92.867,38.882],[-92.856,38.874],[-92.867,38.862],[-92.853,38.862],[-92.848,38.87],[-92.836,38.865],[-92.855,38.799],[-92.93,38.802],[-92.931,38.774],[-92.994,38.776],[-93.009,38.766],[-93.007,38.76],[-93.024,38.756],[-93.055,38.767],[-93.092,38.754],[-93.134,38.757],[-93.136,38.721],[-93.147,38.721],[-93.152,38.711],[-93.124,38.717],[-93.125,38.706],[-93.112,38.704],[-93.118,38.694],[-93.097,38.694],[-93.098,38.687],[-93.107,38.687],[-93.109,38.655],[-93.099,38.65],[-93.099,38.64],[-93.109,38.64],[-93.11,38.622],[-93.128,38.623],[-93.115,38.614],[-93.116,38.605],[-93.139,38.606],[-93.143,38.599],[-93.144,38.615],[-93.158,38.621],[-93.153,38.592],[-93.176,38.592],[-93.179,38.534],[-93.243,38.535],[-93.246,38.523],[-93.218,38.519],[-93.219,38.497],[-93.182,38.497],[-93.18,38.515],[-93.161,38.514],[-93.16,38.533],[-93.095,38.531],[-93.101,38.509],[-93.068,38.507],[-93.072,38.442],[-93.064,38.423],[-93.078,38.263],[-93.061,38.272],[-93.046,38.268],[-93.015,38.244],[-93.006,38.223],[-92.985,38.221],[-92.983,38.214],[-93.02,38.205],[-93.021,38.196],[-93.006,38.186],[-93.021,38.17],[-93.038,38.174],[-93.029,38.171],[-93.041,38.163],[-93.037,38.134],[-93.058,38.134],[-93.061,38.141],[-93.066,38.047],[-93.051,38.041],[-93.046,38.021],[-93.068,38.018],[-93.073,37.891],[-93.038,37.875],[-93.038,37.862],[-93.044,37.85],[-93.076,37.852],[-93.076,37.829],[-93.049,37.832],[-93.049,37.817],[-93.079,37.814],[-93.073,37.807],[-93.05,37.806],[-93.05,37.799],[-93.022,37.801],[-93.031,37.791],[-93.034,37.751],[-93.025,37.751],[-93.025,37.743],[-92.992,37.743],[-92.98,37.75],[-92.97,37.733],[-92.971,37.715],[-92.928,37.707],[-92.932,37.69],[-92.925,37.684],[-92.938,37.683],[-92.938,37.699],[-92.943,37.688],[-92.957,37.695],[-92.983,37.693],[-92.999,37.682],[-93.01,37.698],[-93.016,37.682],[-93.044,37.673],[-93.046,37.664],[-93.031,37.654],[-93.05,37.641],[-93.049,37.631],[-93.036,37.632],[-93.032,37.641],[-93.004,37.624],[-93.004,37.617],[-93.032,37.619],[-93.029,37.611],[-93.049,37.601],[-93.041,37.585],[-93.081,37.591],[-93.093,37.553],[-93.11,37.554],[-93.096,37.544],[-93.103,37.521],[-93.089,37.523],[-93.089,37.505],[-93.099,37.502],[-93.099,37.492],[-93.108,37.492],[-93.117,37.468],[-93.133,37.465],[-93.14,37.474],[-93.126,37.474],[-93.126,37.488],[-93.116,37.488],[-93.111,37.501],[-93.144,37.503],[-93.143,37.423],[-93.15,37.432],[-93.182,37.434],[-93.182,37.447],[-93.244,37.454],[-93.225,37.447],[-93.228,37.422],[-93.253,37.414],[-93.264,37.376],[-93.272,37.381],[-93.275,37.375],[-93.267,37.339],[-93.248,37.331],[-93.249,37.347],[-93.239,37.353],[-93.266,37.353],[-93.266,37.359],[-93.247,37.364],[-93.234,37.385],[-93.223,37.383],[-93.229,37.375],[-93.218,37.374],[-93.221,37.356],[-93.212,37.352],[-93.232,37.331],[-93.221,37.331],[-93.224,37.323],[-93.214,37.32],[-93.185,37.319],[-93.185,37.33],[-93.168,37.328],[-93.168,37.344],[-93.159,37.345],[-93.166,37.354],[-93.134,37.358],[-93.133,37.345],[-93.121,37.347],[-93.115,37.383],[-93.091,37.362],[-93.075,37.361],[-93.075,37.342],[-93.048,37.342],[-93.048,37.335],[-93.071,37.335],[-93.069,37.317],[-93.055,37.329],[-93.03,37.332],[-93.021,37.325],[-93.007,37.327],[-93.007,37.334],[-92.993,37.332],[-92.994,37.303],[-93.012,37.3],[-92.998,37.287],[-93.021,37.287],[-93.022,37.269],[-93.012,37.255],[-92.996,37.269],[-92.974,37.268],[-92.985,37.258],[-92.971,37.25],[-92.982,37.243],[-92.966,37.236],[-92.963,37.219],[-92.99,37.219],[-92.991,37.197],[-93.018,37.194],[-93.032,37.169],[-93.023,37.165],[-93.024,37.149],[-93.008,37.149],[-93.011,37.135],[-92.989,37.141],[-92.988,37.131],[-92.971,37.131],[-92.983,37.125],[-92.974,37.124],[-92.975,37.087],[-92.977,37.069],[-92.987,37.065],[-92.98,37.055],[-92.989,37.044],[-92.971,37.046],[-92.976,37.04],[-93.013,37.044],[-93.013,37.031],[-93.001,37.032],[-93,37.015],[-92.986,37.015],[-92.995,36.971],[-92.948,36.97],[-92.932,36.993],[-92.95,37.011],[-92.904,37.009],[-92.905,36.983],[-92.953,36.966],[-92.991,36.965],[-93.003,36.957],[-93.004,36.974],[-93.016,36.988],[-93.051,36.979],[-93.056,36.968],[-93.065,36.968],[-93.065,36.958],[-93.04,36.977],[-93.039,36.942],[-93.087,36.943],[-93.088,36.914],[-93.122,36.915],[-93.104,36.894],[-93.09,36.893],[-93.089,36.877],[-93.099,36.87],[-93.103,36.853],[-93.083,36.817],[-93.054,36.812],[-93.065,36.797],[-93.06,36.779],[-93.099,36.778],[-93.106,36.787],[-93.108,36.776],[-93.111,36.785],[-93.117,36.783],[-93.089,36.749],[-93.09,36.736],[-93.075,36.738],[-93.05,36.724],[-93.038,36.73],[-93.059,36.709],[-93.06,36.698],[-93.044,36.704],[-93.045,36.691],[-93.053,36.698],[-93.055,36.687],[-93.07,36.691],[-93.064,36.684],[-93.072,36.665],[-93.064,36.637],[-93.03,36.631],[-93.062,36.623],[-93.071,36.591],[-93.099,36.604],[-93.106,36.595],[-93.08,36.574],[-93.052,36.576],[-93.064,36.528],[-93.022,36.513],[-93.014,36.5],[-93.036,36.476],[-93.041,36.483],[-93.056,36.477],[-93.054,36.457],[-93.065,36.467],[-93.063,36.451],[-93.073,36.459],[-93.072,36.45],[-93.086,36.45],[-93.074,36.436],[-93.088,36.436],[-93.08,36.428],[-93.093,36.421],[-93.077,36.404],[-93.021,36.392],[-93.018,36.378],[-92.993,36.382],[-92.958,36.37],[-92.943,36.374],[-92.943,36.347],[-92.965,36.338],[-92.939,36.332],[-92.915,36.343],[-92.888,36.336],[-92.889,36.282],[-92.871,36.286],[-92.85,36.261],[-92.865,36.257],[-92.872,36.246],[-92.881,36.252],[-92.873,36.235],[-92.889,36.234],[-92.889,36.217],[-92.862,36.216],[-92.851,36.241],[-92.824,36.22],[-92.827,36.21],[-92.858,36.2],[-92.864,36.21],[-92.869,36.203],[-92.889,36.213],[-92.931,36.211],[-92.926,36.185],[-92.938,36.202],[-92.944,36.201],[-92.937,36.192],[-92.957,36.188],[-92.953,36.159],[-92.977,36.158],[-92.965,36.151],[-92.979,36.14],[-92.973,36.131],[-92.998,36.156],[-93.016,36.145],[-93.021,36.116],[-92.965,36.116],[-92.966,36.126],[-92.945,36.116],[-92.945,36.072],[-92.939,36.065],[-92.914,36.066],[-92.934,36.043],[-92.926,36.03],[-92.837,36.027],[-92.842,36.044],[-92.865,36.058],[-92.849,36.074],[-92.85,36.082],[-92.872,36.094],[-92.863,36.106],[-92.837,36.106],[-92.844,36.121],[-92.837,36.123],[-92.83,36.123],[-92.827,36.109],[-92.817,36.121],[-92.803,36.121],[-92.819,36.11],[-92.818,36.102],[-92.831,36.106],[-92.804,36.069],[-92.767,36.069],[-92.765,36.108],[-92.773,36.114],[-92.731,36.097],[-92.728,36.125],[-92.718,36.125],[-92.667,36.114],[-92.67,36.101],[-92.658,36.074],[-92.664,36.066],[-92.581,36.065],[-92.587,36.056],[-92.576,36.048],[-92.597,36.038],[-92.584,36.033],[-92.589,36.02],[-92.61,36.022],[-92.624,36.041],[-92.635,36.043],[-92.62,36.022],[-92.63,36.013],[-92.672,36.029],[-92.676,36.024],[-92.661,36.02],[-92.66,36.011],[-92.686,36.011],[-92.682,36.006],[-92.694,35.997],[-92.722,35.994],[-92.718,35.98],[-92.702,35.983],[-92.706,35.977],[-92.7,35.973],[-92.707,35.971],[-92.7,35.963],[-92.706,35.966],[-92.712,35.958],[-92.699,35.953],[-92.693,35.926],[-92.766,35.917],[-92.768,35.93],[-92.785,35.926],[-92.791,35.937],[-92.8,35.936],[-92.8,35.944],[-92.81,35.943],[-92.809,35.927],[-92.822,35.925],[-92.821,35.907],[-92.867,35.904],[-92.873,35.895],[-92.876,35.84],[-92.946,35.841],[-92.921,35.818],[-92.921,35.808],[-92.902,35.806],[-92.896,35.798],[-92.834,35.812],[-92.832,35.826],[-92.804,35.825],[-92.81,35.819],[-92.811,35.78],[-92.8,35.773],[-92.811,35.761],[-92.813,35.722],[-92.909,35.724],[-92.914,35.696],[-92.907,35.667],[-92.92,35.651],[-92.948,35.646],[-92.968,35.66],[-92.968,35.643],[-92.975,35.65],[-92.993,35.642],[-93.006,35.651],[-93.002,35.639],[-93.011,35.634],[-93.006,35.621],[-93.012,35.609],[-93.002,35.583],[-93.02,35.581],[-93.025,35.566],[-92.99,35.566],[-92.993,35.508],[-93.047,35.484],[-93.097,35.522],[-93.096,35.545],[-93.067,35.564],[-93.07,35.586],[-93.056,35.59],[-93.066,35.607],[-93.06,35.622],[-93.069,35.63],[-93.063,35.654],[-93.076,35.662],[-93.095,35.665],[-93.1,35.652],[-93.118,35.641],[-93.13,35.65],[-93.132,35.67],[-93.165,35.677],[-93.168,35.598],[-93.221,35.599],[-93.223,35.501],[-93.192,35.481],[-93.187,35.466],[-93.229,35.44],[-93.228,35.433],[-93.265,35.427],[-93.234,35.408],[-93.24,35.397],[-93.221,35.393],[-93.223,35.377],[-93.257,35.378],[-93.24,35.371],[-93.249,35.366],[-93.244,35.344],[-93.252,35.342],[-93.219,35.335],[-93.221,35.328],[-93.245,35.334],[-93.239,35.328],[-93.245,35.329],[-93.245,35.315],[-93.231,35.309],[-93.243,35.297],[-93.226,35.292],[-93.213,35.312],[-93.221,35.322],[-93.205,35.319],[-93.206,35.304],[-93.235,35.274],[-93.186,35.265],[-93.156,35.235],[-93.122,35.174],[-93.109,35.171],[-93.09,35.184],[-93.081,35.182],[-93.08,35.15],[-93.093,35.138],[-93.069,35.119],[-93.046,35.118],[-93.03,35.127],[-93.03,35.156],[-93.017,35.165],[-92.927,35.176],[-92.896,35.171],[-92.931,35.165],[-92.956,35.14],[-92.979,35.132],[-92.975,35.124],[-92.983,35.116],[-93.02,35.118],[-93.041,35.109],[-93.026,35.089],[-93.051,35.077],[-93.051,35.063],[-93.069,35.063],[-93.069,35.075],[-93.084,35.083],[-93.098,35.075],[-93.105,35.079],[-93.11,35.071],[-93.114,35.076],[-93.118,35.064],[-93.139,35.057],[-93.177,35.058],[-93.19,35.067],[-93.199,35.076],[-93.181,35.091],[-93.206,35.094],[-93.21,35.115],[-93.228,35.113],[-93.228,35.144],[-93.234,35.136],[-93.255,35.133],[-93.254,35.152],[-93.276,35.164],[-93.281,35.145],[-93.293,35.142],[-93.29,35.128],[-93.299,35.127],[-93.299,35.14],[-93.308,35.14],[-93.314,35.111],[-93.317,35.119],[-93.333,35.121],[-93.369,35.097],[-93.361,35.123],[-93.374,35.123],[-93.397,35.059],[-93.418,35.073],[-93.437,35.062],[-93.442,35.07],[-93.46,35.07],[-93.46,35.077],[-93.531,35.075],[-93.531,35.086],[-93.513,35.086],[-93.509,35.11],[-93.437,35.123],[-93.455,35.128],[-93.458,35.144],[-93.494,35.148],[-93.494,35.174],[-93.511,35.174],[-93.511,35.16],[-93.529,35.16],[-93.53,35.145],[-93.701,35.149],[-93.699,35.135],[-93.714,35.13],[-93.707,35.127],[-93.709,35.076],[-93.722,35.076],[-93.722,35.065],[-93.709,35.066],[-93.704,35.047],[-93.707,34.905],[-93.813,34.905],[-93.814,34.877],[-93.919,34.878],[-93.92,34.864],[-93.973,34.865],[-93.973,34.851],[-93.99,34.851],[-93.99,34.837],[-94.026,34.837],[-94.027,34.736],[-93.781,34.733],[-93.782,34.718],[-93.817,34.718],[-93.817,34.711],[-93.87,34.713],[-93.878,34.665],[-93.931,34.666],[-93.935,34.35],[-93.921,34.349],[-93.913,34.334],[-93.92,34.318],[-93.888,34.321],[-93.884,34.31],[-93.936,34.309],[-93.936,34.301],[-93.944,34.3],[-93.945,34.309],[-93.972,34.314],[-93.972,34.3],[-93.981,34.297],[-94.031,34.299],[-94.019,34.289],[-94.017,34.275],[-94.005,34.271],[-94.012,34.261],[-94.007,34.246],[-93.997,34.253],[-93.995,34.24],[-93.984,34.249],[-93.983,34.241],[-93.969,34.242],[-93.987,34.236],[-93.97,34.235],[-93.952,34.187],[-93.751,34.181],[-93.751,34.165],[-93.762,34.164],[-93.761,34.155],[-93.752,34.153],[-93.752,34.07],[-93.698,34.053],[-93.706,34.027],[-93.683,34.034],[-93.665,34.018],[-93.666,33.982],[-93.647,33.983],[-93.617,33.96],[-93.59,33.965],[-93.546,33.951],[-93.531,33.955],[-93.529,33.943],[-93.5,33.945],[-93.491,33.957],[-93.476,33.952],[-93.478,33.962],[-93.469,33.964],[-93.458,33.957],[-93.428,33.96],[-93.42,33.949],[-93.374,33.957],[-93.351,33.934],[-93.34,33.935],[-93.338,33.916],[-93.325,33.918],[-93.322,33.907],[-93.311,33.907],[-93.299,33.894],[-93.298,33.887],[-93.308,33.882],[-93.304,33.869],[-93.291,33.845],[-93.274,33.841],[-93.277,33.835],[-93.261,33.838],[-93.265,33.832],[-93.241,33.824],[-93.241,33.83],[-93.219,33.829],[-93.219,33.821],[-93.214,33.826],[-93.211,33.819],[-93.195,33.819],[-93.18,33.8],[-93.14,33.816],[-93.129,33.793],[-93.104,33.777],[-93.106,33.741],[-93.115,33.741],[-93.114,33.755],[-93.15,33.765],[-93.159,33.755],[-93.194,33.747],[-93.211,33.735],[-93.211,33.664],[-93.282,33.672],[-93.269,33.646],[-93.255,33.646],[-93.259,33.629],[-93.308,33.631],[-93.312,33.646],[-93.32,33.647],[-93.321,33.619],[-93.395,33.62],[-93.397,33.606],[-93.464,33.606],[-93.466,33.587],[-93.459,33.578],[-93.463,33.563],[-93.478,33.557],[-93.469,33.531],[-93.482,33.52],[-93.483,33.476],[-93.536,33.477],[-93.539,33.39],[-93.528,33.39],[-93.531,33.305],[-93.553,33.306],[-93.558,33.27],[-93.567,33.266],[-93.572,33.245],[-93.586,33.236],[-93.594,33.206],[-93.58,33.198],[-93.582,33.179],[-93.569,33.157],[-93.555,33.154],[-93.554,33.164],[-93.547,33.165],[-93.533,33.156],[-93.533,33.135],[-93.548,33.136],[-93.55,33.13],[-93.544,33.122],[-93.553,33.116],[-93.546,33.107],[-93.556,33.108],[-93.542,33.103],[-93.533,33.082],[-93.569,33.099],[-93.568,33.112],[-93.573,33.088],[-93.586,33.088],[-93.579,33.075],[-93.578,33.02],[-93.392,33.018],[-93.398,32.973],[-93.388,32.952],[-93.371,32.941],[-93.37,32.93],[-93.394,32.9],[-93.374,32.876],[-93.36,32.875],[-93.351,32.846],[-93.339,32.863],[-93.321,32.869],[-93.267,32.869],[-93.254,32.862],[-93.253,32.84],[-93.273,32.818],[-93.238,32.826],[-93.238,32.803],[-93.218,32.803],[-93.215,32.797],[-93.216,32.789],[-93.238,32.789],[-93.238,32.766],[-93.223,32.766],[-93.225,32.759],[-93.208,32.759],[-93.206,32.769],[-93.188,32.763],[-93.186,32.753],[-93.196,32.75],[-93.201,32.731],[-93.188,32.725],[-93.187,32.697],[-93.163,32.712],[-93.173,32.724],[-93.165,32.731],[-93.131,32.731],[-93.128,32.709],[-93.113,32.697],[-93.121,32.691],[-93.117,32.685],[-93.138,32.674],[-93.121,32.662],[-93.121,32.632],[-93.141,32.616],[-93.152,32.585],[-93.179,32.585],[-93.174,32.565],[-93.204,32.571],[-93.222,32.564],[-93.249,32.577],[-93.249,32.559],[-93.255,32.559],[-93.282,32.585],[-93.297,32.586],[-93.296,32.561],[-93.31,32.559],[-93.306,32.539],[-93.336,32.538],[-93.33,32.537],[-93.337,32.536],[-93.336,32.523],[-93.356,32.499],[-93.351,32.456],[-93.364,32.431],[-93.365,32.411],[-93.348,32.409],[-93.346,32.395],[-93.333,32.394],[-93.339,32.382],[-93.322,32.382],[-93.305,32.366],[-93.281,32.366],[-93.275,32.38],[-93.253,32.377],[-93.251,32.366],[-93.267,32.363],[-93.267,32.35],[-93.253,32.349],[-93.244,32.339],[-93.221,32.345],[-93.212,32.338],[-93.212,32.321],[-93.189,32.297],[-93.214,32.277],[-93.206,32.237],[-93.213,32.197],[-93.192,32.179],[-93.187,32.145],[-93.152,32.104],[-93.164,32.094],[-93.161,32.081],[-93.14,32.062],[-93.127,32.077],[-93.13,32.09],[-93.105,32.085],[-93.099,32.104],[-93.076,32.115],[-93.077,32.104],[-93.061,32.108],[-93.079,32.122],[-93.074,32.14],[-93.088,32.141],[-93.099,32.132],[-93.098,32.148],[-93,32.148],[-93.026,32.148],[-93.022,32.158],[-93.03,32.162],[-93.015,32.168],[-93.014,32.186],[-93.004,32.19],[-92.972,32.183],[-92.983,32.229],[-92.976,32.25],[-92.961,32.253],[-92.96,32.238],[-92.941,32.221],[-92.912,32.235],[-92.912,32.213],[-92.9,32.212],[-92.882,32.225],[-92.879,32.216],[-92.864,32.217],[-92.848,32.229],[-92.798,32.203],[-92.799,32.18],[-92.822,32.164],[-92.821,32.151],[-92.81,32.143],[-92.814,32.134],[-92.798,32.093],[-92.806,32.067],[-92.777,32.023],[-92.754,32.009],[-92.722,32.008],[-92.712,31.996],[-92.674,31.984],[-92.662,31.985],[-92.66,31.997],[-92.646,31.997],[-92.64,32.009],[-92.624,32.001],[-92.586,32.008],[-92.587,31.972],[-92.53,31.978],[-92.536,31.993],[-92.528,31.992],[-92.521,32.006],[-92.522,31.984],[-92.535,31.963],[-92.501,31.963],[-92.492,31.943],[-92.482,31.939],[-92.46,31.946],[-92.444,31.921],[-92.474,31.885],[-92.414,31.846],[-92.444,31.819],[-92.422,31.797],[-92.363,31.797],[-92.361,31.781],[-92.344,31.77],[-92.345,31.759],[-92.337,31.759],[-92.328,31.778],[-92.282,31.781],[-92.276,31.765],[-92.264,31.767],[-92.242,31.755],[-92.165,31.753],[-92.174,31.739],[-92.157,31.739],[-92.141,31.716],[-92.098,31.745],[-92.089,31.743],[-92.072,31.772],[-92.078,31.788],[-92.068,31.791],[-92.039,31.772],[-92.022,31.779],[-92.025,31.748],[-92.008,31.747],[-92.008,31.736],[-91.977,31.751],[-91.951,31.749],[-91.94,31.761],[-91.927,31.747],[-91.938,31.734],[-91.923,31.737],[-91.915,31.73],[-91.945,31.726],[-91.947,31.716],[-91.907,31.684],[-91.87,31.698],[-91.85,31.719],[-91.852,31.726],[-91.829,31.744],[-91.829,31.764],[-91.818,31.763],[-91.815,31.75],[-91.8,31.752],[-91.782,31.74],[-91.809,31.732],[-91.797,31.719],[-91.806,31.689],[-91.816,31.681],[-91.797,31.674],[-91.813,31.66],[-91.801,31.656],[-91.815,31.637],[-91.806,31.631],[-91.769,31.648],[-91.752,31.618],[-91.737,31.614],[-91.726,31.62],[-91.728,31.61],[-91.762,31.607],[-91.747,31.593],[-91.715,31.593],[-91.698,31.584],[-91.704,31.566],[-91.68,31.56],[-91.67,31.549],[-91.635,31.548],[-91.637,31.565],[-91.627,31.588],[-91.596,31.584],[-91.568,31.614],[-91.552,31.618],[-91.546,31.593],[-91.518,31.604],[-91.479,31.585],[-91.429,31.597],[-91.404,31.59],[-91.411,31.565],[-91.442,31.543],[-91.479,31.53],[-91.515,31.532],[-91.523,31.522],[-91.515,31.511],[-91.514,31.446],[-91.502,31.422],[-91.472,31.397],[-91.471,31.376],[-91.479,31.365],[-91.506,31.365],[-91.529,31.384],[-91.543,31.433],[-91.57,31.419],[-91.578,31.399],[-91.569,31.378],[-91.558,31.386],[-91.546,31.383],[-91.549,31.347],[-91.513,31.318],[-91.526,31.279],[-91.568,31.264],[-91.613,31.27],[-91.604,31.269],[-91.588,31.285],[-91.639,31.283],[-91.602,31.331],[-91.61,31.335],[-91.617,31.359],[-91.649,31.359],[-91.643,31.392],[-91.651,31.402],[-91.617,31.436],[-91.643,31.445],[-91.645,31.46],[-91.658,31.466],[-91.642,31.482],[-91.652,31.481],[-91.662,31.494],[-91.677,31.494],[-91.689,31.505],[-91.704,31.483],[-91.733,31.467],[-91.74,31.475],[-91.718,31.486],[-91.709,31.504],[-91.719,31.51],[-91.733,31.498],[-91.745,31.501],[-91.761,31.491],[-91.751,31.474],[-91.76,31.472],[-91.731,31.466],[-91.721,31.446],[-91.73,31.434],[-91.755,31.43],[-91.78,31.441],[-91.809,31.44],[-91.822,31.486],[-91.804,31.49],[-91.822,31.486],[-91.839,31.503],[-91.857,31.495],[-91.854,31.483],[-91.864,31.462],[-91.852,31.416],[-91.826,31.398],[-91.78,31.393],[-91.777,31.384],[-91.793,31.373],[-91.835,31.379],[-91.852,31.371],[-91.866,31.339],[-91.862,31.302],[-91.841,31.292],[-91.822,31.295],[-91.829,31.308],[-91.825,31.329],[-91.815,31.326],[-91.818,31.315],[-91.8,31.298],[-91.786,31.301],[-91.785,31.315],[-91.769,31.315],[-91.769,31.285],[-91.78,31.274],[-91.759,31.274],[-91.737,31.291],[-91.733,31.28],[-91.688,31.258],[-91.691,31.237],[-91.68,31.229],[-91.684,31.209],[-91.677,31.187],[-91.684,31.163],[-91.703,31.162],[-91.719,31.136],[-91.718,31.119],[-91.703,31.106],[-91.719,31.089],[-91.71,31.073],[-91.724,31.044],[-91.695,31.039],[-91.663,31.045],[-91.644,31.028],[-91.664,30.979],[-91.645,30.929],[-91.661,30.895],[-91.66,30.854],[-91.63,30.84],[-91.599,30.847],[-91.581,30.847],[-91.566,30.836],[-91.559,30.84],[-91.565,30.885],[-91.584,30.896],[-91.61,30.898],[-91.615,30.918],[-91.544,30.914],[-91.521,30.89],[-91.515,30.872],[-91.539,30.791],[-91.554,30.779],[-91.584,30.773],[-91.596,30.76],[-91.593,30.748],[-91.571,30.735],[-91.534,30.734],[-91.54,30.714],[-91.581,30.721],[-91.603,30.748],[-91.611,30.738],[-91.655,30.727],[-91.661,30.709],[-91.736,30.709],[-91.731,30.67],[-91.748,30.663],[-91.743,30.63],[-91.757,30.616],[-91.759,30.56],[-91.752,30.546],[-91.764,30.569],[-91.758,30.586],[-91.765,30.603],[-91.791,30.623],[-91.815,30.62],[-91.807,30.599],[-91.83,30.566],[-91.814,30.546],[-91.792,30.541],[-91.833,30.541],[-91.827,30.499],[-91.839,30.48],[-91.828,30.456],[-91.795,30.459],[-91.794,30.452],[-91.772,30.453],[-91.769,30.436],[-91.751,30.437],[-91.758,30.462],[-91.742,30.466],[-91.756,30.498],[-91.701,30.498],[-91.692,30.481],[-91.64,30.443],[-91.625,30.392],[-91.629,30.378],[-91.648,30.365],[-91.625,30.354],[-91.628,30.33],[-91.621,30.31],[-91.59,30.277],[-91.588,30.257],[-91.564,30.242],[-91.511,30.241],[-91.475,30.229],[-91.49,30.2],[-91.472,30.187],[-91.472,30.141],[-91.461,30.131],[-91.472,30.112],[-91.464,30.102],[-91.389,30.102],[-91.371,30.081],[-91.367,30.055],[-91.354,30.061],[-91.269,30.059],[-91.241,30.029],[-91.225,30.042],[-91.224,30.025],[-91.136,30.053],[-91.131,30.037],[-91.139,30.038],[-91.158,30.017],[-91.111,30.008],[-91.15,29.999],[-91.151,29.987],[-91.161,29.98],[-91.154,29.96],[-91.171,29.959],[-91.178,29.952],[-91.173,29.947],[-91.187,29.941],[-91.14,29.935],[-91.149,29.924],[-91.15,29.9],[-91.129,29.891],[-91.135,29.875],[-91.125,29.865],[-91.128,29.857],[-91.091,29.851],[-91.077,29.828],[-91.108,29.824],[-91.106,29.818],[-91.098,29.811],[-91.034,29.812],[-91.029,29.794],[-91.011,29.78],[-91.031,29.773],[-90.995,29.773],[-91.007,29.764],[-91.008,29.751],[-90.992,29.733],[-91.086,29.623],[-91.117,29.618],[-91.121,29.608],[-91.138,29.61],[-91.14,29.602],[-91.151,29.604],[-91.16,29.593],[-91.174,29.598],[-91.175,29.609],[-91.184,29.608],[-91.22,29.583],[-91.223,29.562],[-91.236,29.55],[-91.266,29.543],[-91.272,29.527],[-91.265,29.51],[-91.274,29.479],[-91.266,29.472],[-91.281,29.482],[-91.295,29.477],[-91.336,29.485],[-91.32,29.489],[-91.352,29.496],[-91.345,29.501],[-91.355,29.515],[-91.421,29.516],[-91.429,29.524],[-91.412,29.534],[-91.41,29.553],[-91.423,29.553],[-91.436,29.541],[-91.472,29.544],[-91.551,29.519],[-91.525,29.551],[-91.539,29.57],[-91.553,29.632],[-91.582,29.637],[-91.595,29.651],[-91.595,29.662],[-91.586,29.659],[-91.59,29.666],[-91.602,29.664],[-91.594,29.65],[-91.61,29.637],[-91.628,29.637],[-91.637,29.646],[-91.636,29.652],[-91.606,29.655],[-91.609,29.661],[-91.614,29.654],[-91.63,29.66],[-91.618,29.711],[-91.622,29.735],[-91.606,29.759],[-91.62,29.759],[-91.631,29.743],[-91.671,29.746],[-91.715,29.737],[-91.736,29.749],[-91.781,29.745],[-91.856,29.704],[-91.862,29.709],[-91.856,29.715],[-91.851,29.708],[-91.839,29.716],[-91.881,29.711],[-91.857,29.73],[-91.852,29.744],[-91.863,29.745],[-91.859,29.75],[-91.865,29.744],[-91.883,29.747],[-91.88,29.758],[-91.863,29.762],[-91.872,29.767],[-91.856,29.796],[-91.848,29.8],[-91.85,29.788],[-91.839,29.774],[-91.826,29.779],[-91.828,29.831],[-91.863,29.825],[-91.893,29.836],[-91.908,29.831],[-91.916,29.815],[-91.939,29.815],[-91.967,29.829],[-91.963,29.836],[-91.94,29.828],[-91.941,29.837],[-91.966,29.837],[-91.985,29.822],[-91.98,29.797],[-92.066,29.768],[-92.144,29.718],[-92.122,29.755],[-92.141,29.782],[-92.162,29.781],[-92.109,29.794],[-92.136,29.788],[-92.131,29.816],[-92.12,29.816],[-92.13,29.843],[-92.123,29.853],[-92.124,29.885],[-92.099,29.885],[-92.107,29.904],[-92.09,29.902],[-92.084,29.936],[-92.067,29.958],[-92.056,29.961],[-92.068,29.968],[-92.065,29.996],[-92.023,29.995],[-92.023,30.011],[-91.991,30.02],[-91.998,30.03],[-91.994,30.037],[-92.024,30.057],[-92.023,30.038],[-92.075,30.037],[-92.08,30.064],[-92.073,30.091],[-92.091,30.117],[-92.076,30.142],[-92.081,30.129],[-92.1,30.124],[-92.115,30.135],[-92.12,30.128],[-92.133,30.134],[-92.129,30.15],[-92.115,30.143],[-92.112,30.167],[-92.105,30.167],[-92.111,30.186],[-92.105,30.195],[-92.119,30.197],[-92.127,30.212],[-92.142,30.212],[-92.142,30.221],[-92.129,30.226],[-92.142,30.235],[-92.125,30.235],[-92.121,30.222],[-92.105,30.222],[-92.105,30.228],[-92.117,30.229],[-92.116,30.24],[-92.125,30.242],[-92.142,30.235],[-92.154,30.256],[-92.176,30.256],[-92.176,30.248],[-92.206,30.248],[-92.21,30.226],[-92.242,30.215],[-92.21,30.211],[-92.21,30.203],[-92.231,30.206],[-92.23,30.194],[-92.217,30.183],[-92.225,30.178],[-92.246,30.184],[-92.258,30.164],[-92.226,30.162],[-92.226,30.17],[-92.209,30.159],[-92.21,30.181],[-92.163,30.181],[-92.163,30.167],[-92.176,30.152],[-92.165,30.148],[-92.155,30.159],[-92.145,30.146],[-92.176,30.133],[-92.175,30.108],[-92.209,30.108],[-92.209,30.123],[-92.242,30.123],[-92.243,30.108],[-92.229,30.106],[-92.276,30.094],[-92.276,30.117],[-92.285,30.118],[-92.286,30.129],[-92.311,30.12],[-92.311,30.113],[-92.326,30.115],[-92.355,30.081],[-92.395,30.079],[-92.395,30.094],[-92.413,30.096],[-92.413,30.11],[-92.43,30.11],[-92.43,30.125],[-92.447,30.125],[-92.447,30.181],[-92.46,30.181],[-92.448,30.195],[-92.467,30.201],[-92.464,30.236],[-92.498,30.237],[-92.498,30.254],[-92.49,30.259],[-92.498,30.277],[-92.56,30.276],[-92.551,30.289],[-92.559,30.298],[-92.601,30.29],[-92.626,30.302],[-92.621,30.308],[-92.633,30.317],[-92.624,30.319],[-92.626,30.328],[-92.618,30.334],[-92.628,30.347],[-92.63,30.38],[-92.607,30.386],[-92.602,30.399],[-92.631,30.401],[-92.628,30.409],[-92.791,30.401],[-92.792,30.373],[-92.847,30.376],[-92.88,30.403],[-92.905,30.388],[-92.912,30.365],[-92.878,30.365],[-92.878,30.336],[-92.86,30.336],[-92.86,30.307],[-92.912,30.307],[-92.912,30.336],[-92.929,30.336],[-92.93,30.29],[-92.917,30.29],[-92.916,30.261],[-92.895,30.261],[-92.895,30.232],[-92.929,30.232],[-92.929,30.219],[-92.914,30.217],[-92.918,30.191],[-92.89,30.16],[-92.895,30.147],[-92.889,30.141],[-92.907,30.131],[-92.909,30.114],[-92.9,30.111],[-92.905,30.107],[-92.953,30.111],[-92.954,30.126],[-92.935,30.128],[-92.937,30.141],[-92.946,30.141],[-92.946,30.156],[-93.008,30.157],[-93.013,30.173],[-93.03,30.173],[-93.03,30.157],[-93.018,30.143],[-92.996,30.146],[-92.996,30.126],[-92.984,30.126],[-92.989,30.115],[-93.013,30.117],[-93.013,30.126],[-93.129,30.118],[-93.129,30.2],[-93.12,30.198],[-93.12,30.215],[-93.128,30.218],[-93.115,30.218],[-93.115,30.233],[-93.03,30.233],[-93.03,30.239],[-93.047,30.239],[-93.048,30.247],[-93.064,30.247],[-93.064,30.26],[-93.081,30.26],[-93.047,30.264],[-93.048,30.276],[-93.077,30.283],[-93.078,30.313],[-93.1,30.337],[-93.098,30.353],[-93.088,30.355],[-93.091,30.38],[-93.131,30.38],[-93.129,30.403],[-93.142,30.395],[-93.152,30.403],[-93.289,30.403],[-93.297,30.386],[-93.293,30.375],[-93.317,30.35],[-93.334,30.348],[-93.334,30.367],[-93.352,30.384],[-93.349,30.363],[-93.352,30.355],[-93.364,30.359],[-93.364,30.344],[-93.385,30.352],[-93.414,30.351],[-93.429,30.332],[-93.424,30.317],[-93.469,30.314],[-93.488,30.32],[-93.501,30.314],[-93.499,30.3],[-93.491,30.296],[-93.499,30.296],[-93.504,30.282],[-93.469,30.282],[-93.469,30.237],[-93.497,30.237],[-93.506,30.233],[-93.502,30.227],[-93.511,30.228],[-93.511,30.198],[-93.502,30.184],[-93.543,30.184],[-93.542,30.19],[-93.564,30.184],[-93.552,30.167],[-93.539,30.169],[-93.537,30.139],[-93.571,30.14],[-93.566,30.161],[-93.576,30.141],[-93.569,30.129],[-93.57,30.094],[-93.547,30.099],[-93.546,30.092],[-93.536,30.092],[-93.536,30.079],[-93.522,30.08],[-93.522,30.056],[-93.721,30.052],[-93.718,30.066],[-93.707,30.053],[-93.7,30.063],[-93.718,30.07],[-93.734,30.088],[-93.723,30.083],[-93.724,30.094],[-93.702,30.113],[-93.708,30.121],[-93.701,30.122],[-93.701,30.138],[-93.688,30.141],[-93.698,30.153],[-93.71,30.147],[-93.7,30.176],[-93.712,30.18],[-93.713,30.193],[-93.705,30.194],[-93.717,30.193],[-93.714,30.209],[-93.721,30.209],[-93.711,30.235],[-93.705,30.233],[-93.709,30.239],[-93.703,30.238],[-93.71,30.245],[-93.703,30.26],[-93.711,30.273],[-93.705,30.291],[-93.743,30.301],[-93.741,30.308],[-93.756,30.326],[-93.752,30.33],[-93.766,30.332],[-93.759,30.339],[-93.766,30.343],[-93.76,30.342],[-93.761,30.36],[-93.751,30.361],[-93.784,30.423],[-93.889,30.439],[-93.881,30.57],[-93.904,30.569],[-93.913,30.579],[-93.93,30.523],[-93.94,30.527],[-93.936,30.54],[-94,30.546],[-94.022,30.534],[-94.03,30.535],[-94.031,30.551],[-94.042,30.552],[-94.036,30.54],[-94.042,30.517],[-94.061,30.516],[-94.062,30.534],[-94.074,30.547],[-94.086,30.547],[-94.094,30.566],[-94.086,30.57],[-94.096,30.578],[-94.082,30.592],[-94.081,30.607],[-94.07,30.611],[-94.076,30.618],[-94.053,30.629],[-94.051,30.64],[-94.06,30.645],[-94.055,30.654],[-94.074,30.668],[-94.08,30.661],[-94.073,30.656],[-94.087,30.657],[-94.083,30.669],[-94.091,30.681],[-94.109,30.679],[-94.109,30.646],[-94.136,30.667],[-94.169,30.654],[-94.154,30.646],[-94.14,30.622],[-94.154,30.613],[-94.151,30.589],[-94.176,30.589],[-94.176,30.574],[-94.236,30.571],[-94.246,30.563],[-94.248,30.595],[-94.228,30.623],[-94.181,30.631],[-94.202,30.675],[-94.183,30.683],[-94.182,30.693],[-94.191,30.698],[-94.223,30.701],[-94.23,30.695],[-94.239,30.706],[-94.244,30.697],[-94.294,30.721],[-94.294,30.714],[-94.32,30.707],[-94.315,30.689],[-94.36,30.697],[-94.367,30.689],[-94.391,30.686],[-94.389,30.661],[-94.429,30.66],[-94.448,30.674],[-94.471,30.678],[-94.487,30.702],[-94.512,30.676],[-94.535,30.68],[-94.576,30.734],[-94.577,30.754],[-94.598,30.752],[-94.622,30.854],[-94.597,30.844],[-94.579,30.866],[-94.551,30.858],[-94.544,30.865],[-94.56,30.882],[-94.533,30.894],[-94.511,30.916],[-94.499,30.919],[-94.49,30.904],[-94.476,30.924],[-94.452,30.932],[-94.421,30.958],[-94.414,30.953],[-94.407,30.985],[-94.418,30.999],[-94.396,31.012],[-94.402,31.027],[-94.414,31.027],[-94.436,31.014],[-94.434,31.007],[-94.451,31.003],[-94.444,31.034],[-94.473,31.026],[-94.486,31.031],[-94.491,31.045],[-94.509,31.043],[-94.532,31.057],[-94.537,31.052],[-94.562,31.059],[-94.657,31.013],[-94.644,30.952],[-94.664,30.938],[-94.657,30.933],[-94.674,30.909],[-94.696,30.902],[-94.734,30.917],[-94.763,30.914],[-94.771,30.923],[-94.792,30.915],[-94.794,30.927],[-94.779,30.942],[-94.786,30.958],[-94.81,30.95],[-94.811,30.943],[-94.825,30.944],[-94.824,30.952],[-94.834,30.954],[-94.856,30.946],[-94.853,30.967],[-94.868,30.968],[-94.873,30.976],[-94.885,30.969],[-94.89,30.977],[-94.9,30.972],[-94.911,30.992],[-94.953,30.994],[-94.975,30.972],[-95.006,30.987],[-95.2,30.825],[-95.213,30.833],[-95.201,30.823],[-95.207,30.82],[-95.198,30.807],[-95.205,30.804],[-95.213,30.812],[-95.24,30.806],[-95.271,30.775],[-95.284,30.773],[-95.285,30.793],[-95.269,30.799],[-95.268,30.812],[-95.273,30.822],[-95.293,30.824],[-95.31,30.771],[-95.305,30.758],[-95.279,30.75],[-95.309,30.726],[-95.29,30.698],[-95.308,30.666],[-95.276,30.656],[-95.256,30.635],[-95.242,30.632],[-95.246,30.618],[-95.267,30.617],[-95.27,30.624],[-95.285,30.608],[-95.265,30.556],[-95.28,30.54],[-95.27,30.526],[-95.261,30.536],[-95.261,30.555],[-95.232,30.563],[-95.224,30.564],[-95.215,30.546],[-95.195,30.546],[-95.192,30.536],[-95.178,30.543],[-95.168,30.527],[-95.168,30.493],[-95.159,30.482],[-95.139,30.492],[-95.127,30.456],[-95.107,30.469],[-95.075,30.416],[-95.071,30.386],[-94.933,30.442],[-94.843,30.487],[-94.849,30.494],[-94.733,30.49],[-94.668,30.311],[-94.801,30.294],[-94.807,30.285],[-94.798,30.269],[-94.789,30.272],[-94.789,30.251],[-94.803,30.239],[-94.81,30.251],[-94.806,30.225],[-94.82,30.225],[-94.825,30.214],[-94.833,30.215],[-94.828,30.226],[-94.89,30.225],[-94.912,30.237],[-94.932,30.234],[-94.933,30.256],[-94.97,30.255],[-94.974,30.272],[-94.985,30.263],[-94.995,30.279],[-95.003,30.279],[-94.983,30.301],[-95.026,30.301],[-95.017,30.24],[-94.997,30.207],[-95.004,30.19],[-94.991,30.17],[-95.004,30.148],[-95.044,30.13],[-95.062,30.105],[-95.072,30.103],[-95.045,30.029],[-95.055,30.03],[-95.051,30.005],[-95.108,30.004],[-95.131,29.991],[-95.133,30.017],[-95.123,30.044],[-95.146,30.056],[-95.139,30.06],[-95.168,30.093],[-95.181,30.079],[-95.192,30.082],[-95.174,30.036],[-95.177,30.026],[-95.221,30.023],[-95.208,30.024],[-95.204,30.01],[-95.212,29.982],[-95.247,29.977],[-95.309,29.985],[-95.309,30.002],[-95.316,30.005],[-95.329,29.999],[-95.382,30.001],[-95.375,30.011],[-95.385,30.02],[-95.382,30.04],[-95.405,30.03],[-95.413,30.038],[-95.429,30.036],[-95.437,30.084],[-95.54,30.09],[-95.574,30.057],[-95.589,30.055],[-95.571,30.023],[-95.592,30.013],[-95.584,30.002],[-95.588,29.997],[-95.62,30.002],[-95.625,30.016],[-95.642,30.022],[-95.637,30.046],[-95.728,30.045],[-95.726,30.033],[-95.733,30.028],[-95.743,30.036],[-95.762,30.033],[-95.763,30.025],[-95.782,30.037],[-95.782,30.004],[-95.77,29.999],[-95.768,29.978],[-95.782,29.978],[-95.783,29.957],[-95.805,29.951],[-95.808,29.904],[-95.834,29.904],[-95.834,29.921],[-95.873,29.92],[-95.873,29.908],[-95.888,29.927],[-95.908,29.932],[-95.958,29.932],[-95.958,29.917],[-96.013,29.918],[-96.014,29.937],[-96.034,29.938],[-96.054,29.936],[-96.053,29.889],[-96.066,29.888],[-96.067,29.899],[-96.083,29.898],[-96.083,29.912],[-96.115,29.912],[-96.125,29.906],[-96.124,29.895],[-96.093,29.88],[-96.112,29.873],[-96.11,29.858],[-96.101,29.853],[-96.122,29.837],[-96.107,29.822],[-96.098,29.827],[-96.102,29.809],[-96.046,29.8],[-96.029,29.753],[-96.04,29.738],[-96.034,29.719],[-96.009,29.719],[-96.005,29.704],[-96.023,29.705],[-96.015,29.696],[-96.017,29.68],[-96.03,29.688],[-96.059,29.681],[-96.043,29.658],[-96.049,29.652],[-96.071,29.675],[-96.063,29.687],[-96.11,29.703],[-96.126,29.696],[-96.13,29.704],[-96.185,29.67],[-96.172,29.657],[-96.162,29.661],[-96.134,29.633],[-96.138,29.626],[-96.175,29.633],[-96.214,29.662],[-96.227,29.665],[-96.24,29.657],[-96.259,29.668],[-96.267,29.688],[-96.289,29.696],[-96.316,29.675],[-96.33,29.686],[-96.337,29.679],[-96.365,29.698],[-96.358,29.704],[-96.337,29.701],[-96.317,29.72],[-96.325,29.728],[-96.32,29.734],[-96.336,29.746],[-96.324,29.758],[-96.323,29.773],[-96.337,29.775],[-96.349,29.754],[-96.359,29.756],[-96.366,29.77],[-96.337,29.784],[-96.315,29.78],[-96.33,29.807],[-96.316,29.833],[-96.27,29.796],[-96.26,29.806],[-96.243,29.794],[-96.239,29.813],[-96.277,29.821],[-96.296,29.836],[-96.289,29.849],[-96.318,29.863],[-96.308,29.886],[-96.291,29.888],[-96.301,29.921],[-96.32,29.925],[-96.325,29.914],[-96.347,29.908],[-96.373,29.913],[-96.366,29.921],[-96.374,29.933],[-96.363,29.936],[-96.385,29.948],[-96.388,29.969],[-96.405,29.975],[-96.416,29.968],[-96.417,29.977],[-96.432,29.975],[-96.428,29.98],[-96.438,29.988],[-96.464,29.983],[-96.465,30.022],[-96.493,30.045],[-96.521,30.021],[-96.526,30.006],[-96.546,30.014],[-96.543,30.032],[-96.557,30.036],[-96.579,30.059],[-96.589,30.049],[-96.586,30.036],[-96.602,30.018],[-96.613,30.011],[-96.622,30.015],[-96.634,30.004],[-96.645,30.011],[-96.662,29.997],[-96.696,30.011],[-96.694,30.02],[-96.705,30.029],[-96.72,30.019],[-96.712,30.007],[-96.7,30.007],[-96.71,29.998],[-96.715,30.002],[-96.74,29.969],[-96.781,29.995],[-96.786,30.008],[-96.811,29.99],[-96.827,30.004],[-96.816,30.015],[-96.834,30.028],[-96.836,30.043],[-96.86,30.048],[-96.878,30.04],[-96.9,30.054],[-96.93,30.047],[-96.948,30.065],[-96.998,30.043],[-96.992,30.041],[-97.01,30.013],[-97.024,30.051],[-97.062,30.017],[-97.069,30.041],[-97.06,30.043],[-97.062,30.091],[-97.037,30.098],[-97.052,30.171],[-97.032,30.184],[-97.014,30.184],[-97.029,30.201],[-97.007,30.192],[-96.998,30.218],[-97.013,30.208],[-97.028,30.21],[-97.039,30.23],[-96.992,30.234],[-96.99,30.246],[-97.006,30.245],[-97.024,30.257],[-97.018,30.273],[-97.031,30.279],[-97.022,30.295],[-97,30.3],[-96.999,30.294],[-96.979,30.294],[-96.986,30.28],[-96.976,30.269],[-96.997,30.258],[-96.991,30.253],[-96.975,30.253],[-96.964,30.272],[-96.936,30.27],[-96.924,30.253],[-96.91,30.252],[-96.886,30.266],[-96.897,30.283],[-96.89,30.296],[-96.898,30.307],[-96.881,30.323],[-96.861,30.325],[-96.863,30.342],[-96.883,30.358],[-96.9,30.345],[-96.917,30.355],[-96.929,30.397],[-96.92,30.408],[-96.931,30.417],[-96.953,30.409],[-96.949,30.394],[-96.985,30.371],[-96.978,30.346],[-97.001,30.359],[-97.009,30.356],[-97.011,30.337],[-97.047,30.321],[-97.044,30.315],[-97.056,30.316],[-97.051,30.303],[-97.06,30.306],[-97.06,30.288],[-97.083,30.305],[-97.106,30.307],[-97.111,30.294],[-97.106,30.275],[-97.162,30.316],[-97.154,30.324],[-97.16,30.339],[-97.176,30.348],[-97.168,30.385],[-97.227,30.377],[-97.235,30.395],[-97.231,30.411],[-97.207,30.422],[-97.204,30.442],[-97.184,30.418],[-97.166,30.423],[-97.17,30.444],[-97.178,30.449],[-97.146,30.462],[-97.143,30.475],[-97.16,30.515],[-97.172,30.518],[-97.171,30.495],[-97.194,30.506],[-97.185,30.53],[-97.227,30.632],[-97.257,30.64],[-97.287,30.635],[-97.269,30.644],[-97.269,30.657],[-97.278,30.659],[-97.274,30.671],[-97.243,30.671],[-97.252,30.693],[-97.262,30.692],[-97.26,30.7],[-97.292,30.695],[-97.298,30.704],[-97.302,30.695],[-97.311,30.702],[-97.341,30.701],[-97.386,30.666],[-97.403,30.666],[-97.399,30.66],[-97.418,30.645],[-97.429,30.651],[-97.433,30.644],[-97.471,30.636],[-97.482,30.663],[-97.496,30.667],[-97.493,30.688],[-97.527,30.692],[-97.546,30.684],[-97.552,30.706],[-97.577,30.71],[-97.584,30.727],[-97.562,30.727],[-97.576,30.74],[-97.556,30.749],[-97.567,30.772],[-97.547,30.776],[-97.552,30.783],[-97.542,30.786],[-97.524,30.784],[-97.502,30.859],[-97.489,30.854],[-97.486,30.86],[-97.512,30.875],[-97.495,30.879],[-97.467,30.867],[-97.47,30.851],[-97.454,30.847],[-97.444,30.874],[-97.493,30.888],[-97.487,30.899],[-97.473,30.893],[-97.469,30.904],[-97.455,30.901],[-97.44,30.944],[-97.405,30.933],[-97.396,30.95],[-97.373,30.948],[-97.348,30.967],[-97.337,30.955],[-97.318,30.951],[-97.317,30.944],[-97.312,30.948],[-97.318,30.965],[-97.304,30.965],[-97.29,31],[-97.282,30.99],[-97.278,31.003],[-97.236,30.992],[-97.225,31.019],[-97.201,31.012],[-97.204,31.003],[-97.192,30.985],[-97.16,31.055],[-97.147,31.051],[-97.152,31.041],[-97.123,31.033],[-97.112,31.045],[-97.129,31.07],[-97.115,31.077],[-97.122,31.089],[-97.115,31.093],[-97.11,31.076],[-97.088,31.087],[-97.098,31.104],[-97.064,31.128],[-97.072,31.137],[-97.052,31.151],[-97.037,31.159],[-97.015,31.129],[-96.994,31.139],[-96.983,31.125],[-96.968,31.128],[-96.984,31.151],[-96.947,31.17],[-96.948,31.18],[-96.931,31.19],[-96.944,31.205],[-96.929,31.217],[-96.937,31.231],[-96.92,31.24],[-96.921,31.252],[-96.91,31.247],[-96.894,31.215],[-96.835,31.237],[-96.84,31.243],[-96.858,31.241],[-96.861,31.257],[-96.786,31.219],[-96.761,31.23],[-96.758,31.218],[-96.744,31.22],[-96.754,31.233],[-96.739,31.251],[-96.684,31.279],[-96.694,31.289],[-96.715,31.286],[-96.721,31.31],[-96.772,31.307],[-96.788,31.315],[-96.759,31.334],[-96.734,31.388],[-96.714,31.389],[-96.72,31.415],[-96.661,31.449],[-96.652,31.438],[-96.573,31.474],[-96.578,31.454],[-96.57,31.455],[-96.573,31.442],[-96.558,31.445],[-96.549,31.429],[-96.543,31.432],[-96.547,31.44],[-96.535,31.446],[-96.527,31.424],[-96.516,31.434],[-96.512,31.426],[-96.496,31.426],[-96.488,31.409],[-96.438,31.402],[-96.41,31.412],[-96.372,31.412],[-96.361,31.391],[-96.329,31.388],[-96.355,31.422],[-96.349,31.434],[-96.358,31.466],[-96.35,31.469],[-96.344,31.493],[-96.334,31.492],[-96.329,31.511],[-96.311,31.524],[-96.381,31.628],[-96.344,31.628],[-96.348,31.664],[-96.363,31.669],[-96.363,31.688],[-96.35,31.721],[-96.333,31.727],[-96.333,31.758],[-96.253,31.746],[-96.25,31.734],[-96.259,31.728],[-96.263,31.697],[-96.253,31.697],[-96.258,31.705],[-96.249,31.719],[-96.227,31.724],[-96.23,31.697],[-96.209,31.693],[-96.215,31.678],[-96.181,31.691],[-96.169,31.649],[-96.156,31.647],[-96.146,31.614],[-96.137,31.627],[-96.123,31.627],[-96.121,31.649],[-96.106,31.653],[-96.071,31.645],[-96.074,31.65],[-96.064,31.653],[-96.047,31.683],[-96.034,31.675],[-96.034,31.686],[-96.018,31.679],[-96.026,31.673],[-96.022,31.655],[-96.03,31.656],[-96.02,31.631],[-95.993,31.626],[-95.977,31.645],[-95.98,31.658],[-95.953,31.655],[-95.955,31.674],[-95.971,31.691],[-95.963,31.698],[-95.976,31.708],[-95.959,31.712],[-95.96,31.744],[-95.927,31.738],[-95.938,31.754],[-95.923,31.76],[-95.921,31.769],[-95.901,31.768],[-95.901,31.753],[-95.88,31.757],[-95.867,31.745],[-95.879,31.742],[-95.879,31.733],[-95.872,31.74],[-95.825,31.733],[-95.815,31.761],[-95.83,31.761],[-95.841,31.783],[-95.811,31.783],[-95.764,31.81],[-95.737,31.804],[-95.737,31.901],[-95.808,31.906],[-95.83,31.947],[-95.829,31.957],[-95.814,31.958],[-95.809,31.98],[-95.765,31.979],[-95.777,32.02],[-95.755,32.03],[-95.76,32.045],[-95.753,32.054],[-95.73,32.054],[-95.718,32.046],[-95.601,32.061],[-95.614,32.03],[-95.584,32.028],[-95.576,32.011],[-95.614,32.011],[-95.604,31.977],[-95.618,31.957],[-95.599,31.948],[-95.589,31.921],[-95.565,31.9],[-95.547,31.901],[-95.535,31.945],[-95.521,31.944],[-95.516,31.989],[-95.496,31.989],[-95.488,32.013],[-95.472,32.009],[-95.472,32.017],[-95.427,32.022],[-95.438,32.037],[-95.403,32.06],[-95.406,32.079],[-95.349,32.076],[-95.325,32.053],[-95.304,32.046],[-95.298,32.032],[-95.281,32.029],[-95.281,32.046],[-95.273,32.053],[-95.277,32.069],[-95.284,32.07],[-95.279,32.076],[-95.284,32.1],[-95.245,32.096],[-95.248,32.106],[-95.267,32.11],[-95.255,32.114],[-95.288,32.118],[-95.289,32.133],[-95.246,32.128],[-95.221,32.136],[-95.236,32.147],[-95.196,32.181],[-95.184,32.182],[-95.189,32.192],[-95.169,32.209],[-95.169,32.244],[-95.187,32.265],[-95.182,32.271],[-95.204,32.289],[-95.219,32.283],[-95.214,32.276],[-95.247,32.281],[-95.244,32.274],[-95.261,32.275],[-95.268,32.257],[-95.278,32.256],[-95.279,32.274],[-95.262,32.29],[-95.273,32.309],[-95.237,32.317],[-95.267,32.348],[-95.253,32.343],[-95.183,32.361],[-95.129,32.358],[-95.113,32.366],[-95.111,32.355],[-95.071,32.356],[-95.072,32.306],[-95.095,32.317],[-95.127,32.352],[-95.149,32.348],[-95.142,32.336],[-95.148,32.328],[-95.137,32.328],[-95.136,32.315],[-95.148,32.314],[-95.15,32.3],[-95.116,32.287],[-95.111,32.276],[-95.125,32.264],[-95.113,32.248],[-95.12,32.237],[-95.114,32.214],[-95.085,32.214],[-95.081,32.201],[-95.077,32.211],[-95.06,32.205],[-95.042,32.22],[-95.035,32.214],[-95.029,32.22],[-95.012,32.205],[-94.985,32.196],[-94.981,32.168],[-94.966,32.166],[-94.966,32.184],[-94.946,32.189],[-94.933,32.18],[-94.875,32.173],[-94.842,32.15],[-94.788,32.153],[-94.792,32.141],[-94.756,32.157],[-94.694,32.149],[-94.676,32.154],[-94.489,32.149],[-94.469,32.185],[-94.433,32.217],[-94.398,32.217],[-94.383,32.231],[-94.337,32.237],[-94.298,32.224],[-94.288,32.234],[-94.264,32.221],[-94.228,32.227],[-94.227,32.217],[-94.217,32.214],[-94.228,32.185],[-94.221,32.179],[-94.219,32.191],[-94.205,32.201],[-94.217,32.23],[-94.163,32.235],[-94.152,32.208],[-94.132,32.202],[-94.127,32.174],[-94.087,32.162],[-94.073,32.173],[-94.043,32.167],[-94.042,31.992],[-94.018,31.992],[-94.017,31.981],[-93.972,31.92],[-93.961,31.924],[-93.954,31.911],[-93.929,31.913],[-93.922,31.904],[-93.931,31.891],[-93.926,31.895],[-93.92,31.886],[-93.901,31.897],[-93.896,31.886],[-93.902,31.875],[-93.881,31.867],[-93.889,31.855],[-93.873,31.837],[-93.873,31.815],[-93.851,31.8],[-93.84,31.801],[-93.838,31.781],[-93.823,31.775],[-93.826,31.759],[-93.837,31.75],[-93.815,31.73],[-93.817,31.708],[-93.794,31.703],[-93.816,31.676],[-93.812,31.67],[-93.823,31.674],[-93.827,31.665],[-93.811,31.648],[-93.818,31.648],[-93.817,31.622],[-93.827,31.621],[-93.819,31.615],[-93.828,31.617],[-93.839,31.599],[-93.818,31.571],[-93.819,31.555],[-93.785,31.526],[-93.76,31.524],[-93.747,31.531],[-93.742,31.521],[-93.732,31.53],[-93.715,31.518],[-93.709,31.521],[-93.713,31.529],[-93.705,31.524],[-93.707,31.537],[-93.7,31.528],[-93.705,31.521],[-93.688,31.534],[-93.684,31.528],[-93.683,31.535],[-93.654,31.537],[-93.653,31.544],[-93.646,31.539],[-93.659,31.575],[-93.635,31.605],[-93.619,31.598],[-93.569,31.607],[-93.542,31.596],[-93.543,31.642],[-93.534,31.645],[-93.543,31.658],[-93.542,31.68],[-93.491,31.691],[-93.486,31.674],[-93.477,31.67],[-93.481,31.706],[-93.458,31.713],[-93.442,31.697],[-93.44,31.714],[-93.399,31.714],[-93.398,31.739],[-93.373,31.737],[-93.339,31.784],[-93.351,31.784],[-93.347,31.824],[-93.356,31.842],[-93.39,31.842],[-93.386,31.856],[-93.369,31.855],[-93.387,31.876],[-93.434,31.868],[-93.441,31.878],[-93.441,31.914],[-93.424,31.932],[-93.415,31.934],[-93.408,31.919],[-93.377,31.924],[-93.385,31.929],[-93.38,31.947],[-93.402,31.947],[-93.402,31.969],[-93.41,31.969],[-93.41,31.979],[-93.403,31.981],[-93.406,31.994],[-93.442,31.989],[-93.459,32.007],[-93.46,32.021],[-93.481,32.03],[-93.48,32.057],[-93.504,32.064],[-93.514,32.086],[-93.541,32.104],[-93.523,32.126],[-93.509,32.131],[-93.521,32.144],[-93.522,32.164],[-93.496,32.161],[-93.497,32.151],[-93.449,32.15],[-93.442,32.168],[-93.473,32.204],[-93.471,32.224],[-93.487,32.234],[-93.483,32.242],[-93.5,32.27],[-93.512,32.278],[-93.524,32.272],[-93.518,32.284],[-93.555,32.302],[-93.582,32.351],[-93.622,32.355],[-93.614,32.356],[-93.606,32.381],[-93.563,32.401],[-93.569,32.422],[-93.561,32.427],[-93.584,32.451],[-93.594,32.448],[-93.59,32.456],[-93.604,32.465],[-93.594,32.48],[-93.598,32.498],[-93.586,32.498],[-93.584,32.533],[-93.61,32.531],[-93.619,32.55],[-93.634,32.557],[-93.627,32.562],[-93.635,32.569],[-93.628,32.591],[-93.618,32.597],[-93.618,32.63],[-93.753,32.63],[-93.76,32.638],[-93.782,32.638],[-93.787,32.646],[-93.764,32.641],[-93.777,32.658],[-93.755,32.671],[-93.769,32.678],[-93.787,32.668],[-93.783,32.721],[-93.801,32.727],[-93.817,32.711],[-93.825,32.713],[-93.824,32.734],[-93.791,32.759],[-93.783,32.781],[-93.796,32.8],[-93.817,32.782],[-93.824,32.786],[-93.82,32.8],[-93.797,32.808],[-93.785,32.842],[-93.788,32.862],[-93.799,32.847],[-93.815,32.852],[-93.8,32.866],[-93.821,32.888],[-93.804,32.936],[-93.845,32.949],[-93.827,32.967],[-93.809,32.961],[-93.8,32.967],[-93.803,32.974],[-93.823,32.967],[-93.821,32.989],[-93.81,32.997],[-93.824,33.01],[-93.815,33.019],[-94.043,33.019],[-94.043,32.558],[-94.09,32.564],[-94.088,32.516],[-94.118,32.516],[-94.152,32.552],[-94.239,32.54],[-94.238,32.517],[-94.223,32.511],[-94.218,32.492],[-94.224,32.474],[-94.215,32.464],[-94.19,32.464],[-94.19,32.446],[-94.168,32.441],[-94.158,32.456],[-94.14,32.456],[-94.139,32.446],[-94.119,32.438],[-94.126,32.405],[-94.148,32.394],[-94.162,32.368],[-94.189,32.362],[-94.188,32.339],[-94.24,32.333],[-94.238,32.351],[-94.247,32.351],[-94.349,32.332],[-94.35,32.326],[-94.367,32.346],[-94.382,32.345],[-94.385,32.367],[-94.41,32.372],[-94.441,32.362],[-94.446,32.372],[-94.457,32.369],[-94.477,32.379],[-94.48,32.391],[-94.498,32.398],[-94.515,32.387],[-94.527,32.394],[-94.527,32.403],[-94.543,32.4],[-94.555,32.408],[-94.567,32.399],[-94.577,32.425],[-94.568,32.431],[-94.586,32.435],[-94.605,32.469],[-94.603,32.48],[-94.588,32.478],[-94.589,32.485],[-94.575,32.488],[-94.598,32.499],[-94.59,32.504],[-94.593,32.51],[-94.668,32.504],[-94.665,32.496],[-94.703,32.529],[-94.704,32.521],[-94.764,32.524],[-94.764,32.539],[-94.784,32.525],[-94.82,32.591],[-94.838,32.58],[-94.841,32.591],[-94.868,32.59],[-94.857,32.595],[-94.874,32.613],[-94.903,32.617],[-94.916,32.611],[-94.915,32.592],[-94.953,32.588],[-94.956,32.593],[-94.946,32.598],[-94.95,32.614],[-94.97,32.624],[-94.977,32.56],[-95.012,32.532],[-95.024,32.548],[-95.025,32.537],[-95.041,32.532],[-95.044,32.542],[-95.076,32.537],[-95.084,32.542],[-95.079,32.556],[-95.086,32.553],[-95.085,32.558],[-95.099,32.556],[-95.099,32.549],[-95.112,32.552],[-95.12,32.543],[-95.122,32.55],[-95.14,32.55],[-95.15,32.572],[-95.159,32.566],[-95.165,32.544],[-95.175,32.556],[-95.181,32.542],[-95.19,32.542],[-95.207,32.559],[-95.205,32.572],[-95.239,32.561],[-95.25,32.578],[-95.278,32.572],[-95.307,32.597],[-95.313,32.593],[-95.332,32.606],[-95.345,32.604],[-95.353,32.633],[-95.362,32.64],[-95.361,32.663],[-95.377,32.677],[-95.315,32.682],[-95.298,32.708],[-95.289,32.711],[-95.273,32.701],[-95.266,32.714],[-95.251,32.695],[-95.239,32.692],[-95.234,32.716],[-95.227,32.717],[-95.227,32.733],[-95.261,32.739],[-95.257,32.754],[-95.27,32.754],[-95.277,32.781],[-95.306,32.789],[-95.305,32.809],[-95.319,32.816],[-95.34,32.877],[-95.371,32.855],[-95.372,32.891],[-95.387,32.892],[-95.388,32.909],[-95.402,32.91],[-95.388,32.949],[-95.367,32.949],[-95.361,32.976],[-95.342,32.982],[-95.341,32.993],[-95.368,33.01],[-95.368,33.029],[-95.331,33.038],[-95.333,33.052],[-95.323,33.057],[-95.338,33.083],[-95.321,33.086],[-95.324,33.102],[-95.308,33.102],[-95.31,33.257],[-95.34,33.251],[-95.349,33.236],[-95.36,33.234],[-95.355,33.228],[-95.402,33.217],[-95.427,33.201],[-95.435,33.175],[-95.42,33.165],[-95.427,33.156],[-95.426,33.149],[-95.417,33.149],[-95.423,33.132],[-95.414,33.139],[-95.401,33.134],[-95.408,33.114],[-95.426,33.113],[-95.439,33.122],[-95.432,33.108],[-95.471,33.107],[-95.475,33.091],[-95.483,33.094],[-95.484,33.082],[-95.497,33.08],[-95.492,33.068],[-95.539,33.077],[-95.535,33.048],[-95.517,33.045],[-95.517,33.035],[-95.504,33.031],[-95.516,33.028],[-95.527,33.01],[-95.518,32.998],[-95.521,32.961],[-95.51,32.961],[-95.508,32.943],[-95.469,32.944],[-95.469,32.936],[-95.455,32.935],[-95.448,32.922],[-95.458,32.922],[-95.458,32.914],[-95.486,32.912],[-95.511,32.895],[-95.524,32.896],[-95.533,32.859],[-95.525,32.842],[-95.551,32.846],[-95.549,32.809],[-95.563,32.796],[-95.559,32.788],[-95.532,32.78],[-95.542,32.771],[-95.537,32.741],[-95.551,32.741],[-95.553,32.73],[-95.575,32.724],[-95.586,32.706],[-95.616,32.708],[-95.593,32.694],[-95.594,32.684],[-95.585,32.683],[-95.583,32.674],[-95.571,32.676],[-95.595,32.67],[-95.594,32.627],[-95.576,32.622],[-95.583,32.591],[-95.594,32.592],[-95.594,32.565],[-95.636,32.564],[-95.661,32.593],[-95.672,32.568],[-95.692,32.571],[-95.694,32.543],[-95.72,32.535],[-95.728,32.55],[-95.711,32.561],[-95.724,32.585],[-95.745,32.581],[-95.752,32.593],[-95.765,32.596],[-95.766,32.606],[-95.789,32.597],[-95.829,32.62],[-95.828,32.705],[-95.796,32.743],[-95.768,32.75],[-95.761,32.77],[-95.798,32.773],[-95.797,32.78],[-95.816,32.785],[-95.82,32.799],[-95.863,32.8],[-95.848,32.833],[-95.858,32.839],[-95.852,32.883],[-95.813,32.881],[-95.807,32.899],[-95.794,32.897],[-95.793,32.91],[-95.779,32.926],[-95.79,32.941],[-95.769,32.956],[-95.769,32.98],[-95.69,32.98],[-95.682,33.024],[-95.696,33.022],[-95.699,33.084],[-95.676,33.084],[-95.676,33.103],[-95.709,33.103],[-95.709,33.12],[-95.734,33.124],[-95.734,33.158],[-95.748,33.156],[-95.77,33.173],[-95.77,33.181],[-95.788,33.188],[-95.774,33.219],[-95.791,33.22],[-95.791,33.226],[-95.782,33.245],[-95.766,33.243],[-95.768,33.266],[-95.754,33.277],[-95.742,33.272],[-95.726,33.28],[-95.707,33.306],[-95.696,33.308],[-95.731,33.323],[-95.732,33.339],[-95.755,33.35],[-95.758,33.36],[-95.775,33.358],[-95.77,33.342],[-95.777,33.342],[-95.811,33.345],[-95.822,33.362],[-95.827,33.377],[-95.774,33.38],[-95.782,33.406],[-95.781,33.456],[-95.764,33.463],[-95.764,33.474],[-95.756,33.474],[-95.755,33.465],[-95.706,33.464],[-95.702,33.48],[-95.685,33.479],[-95.678,33.47],[-95.644,33.487],[-95.603,33.485],[-95.588,33.47],[-95.59,33.424],[-95.541,33.432],[-95.539,33.39],[-95.524,33.376],[-95.519,33.383],[-95.5,33.382],[-95.5,33.363],[-95.459,33.37],[-95.434,33.391],[-95.378,33.396],[-95.308,33.378],[-95.31,33.521],[-95.272,33.517],[-95.245,33.531],[-95.244,33.524],[-95.227,33.528],[-95.214,33.516],[-95.201,33.532],[-95.234,33.548],[-95.216,33.564],[-95.173,33.548],[-95.157,33.516],[-95.134,33.497],[-95.066,33.504],[-95.012,33.488],[-94.983,33.458],[-94.936,33.452],[-94.946,33.483],[-94.939,33.49],[-94.937,33.524],[-94.958,33.593],[-94.965,33.596],[-94.964,33.621],[-94.939,33.628],[-94.91,33.622],[-94.904,33.607],[-94.873,33.61],[-94.86,33.628],[-94.863,33.645],[-94.879,33.659],[-94.867,33.67],[-94.842,33.67],[-94.829,33.688],[-94.851,33.73],[-94.794,33.725],[-94.801,33.672],[-94.817,33.663],[-94.801,33.658],[-94.795,33.626],[-94.746,33.621],[-94.746,33.703],[-94.754,33.71],[-94.732,33.723],[-94.742,33.727],[-94.753,33.714],[-94.758,33.718],[-94.748,33.725],[-94.752,33.735],[-94.773,33.727],[-94.789,33.736],[-94.776,33.747],[-94.758,33.749],[-94.763,33.774],[-94.748,33.774],[-94.751,33.807],[-94.722,33.809],[-94.722,33.838],[-94.687,33.838],[-94.687,33.859],[-94.678,33.867],[-94.652,33.867],[-94.653,33.894],[-94.644,33.896],[-94.644,33.91],[-94.653,33.911],[-94.647,33.948],[-94.618,33.948],[-94.614,33.939],[-94.595,33.955],[-94.575,33.951],[-94.574,33.961],[-94.589,33.973],[-94.579,33.982],[-94.601,33.994],[-94.604,34.025],[-94.62,34.035],[-94.617,34.051],[-94.633,34.083],[-94.653,34.098],[-94.652,34.117],[-94.684,34.137],[-94.708,34.135],[-94.705,34.143],[-94.691,34.141],[-94.681,34.151],[-94.681,34.194],[-94.646,34.193],[-94.615,34.182],[-94.588,34.157],[-94.562,34.153],[-94.549,34.158],[-94.547,34.167],[-94.538,34.166],[-94.538,34.173],[-94.522,34.172],[-94.529,34.197],[-94.521,34.202],[-94.47,34.198],[-94.462,34.463],[-94.433,34.469],[-94.406,34.464],[-94.396,34.457],[-94.405,34.446],[-94.388,34.447],[-94.386,34.456],[-94.381,34.446],[-94.262,34.443],[-94.251,34.506],[-94.275,34.51],[-94.295,34.495],[-94.318,34.511],[-94.321,34.504],[-94.339,34.509],[-94.362,34.504],[-94.349,34.512],[-94.357,34.535],[-94.346,34.546],[-94.359,34.542],[-94.377,34.549],[-94.384,34.535],[-94.392,34.562],[-94.409,34.565],[-94.41,34.544],[-94.426,34.548],[-94.425,34.536],[-94.436,34.546],[-94.453,34.541],[-94.46,34.55],[-94.459,34.595],[-94.465,34.597],[-94.57,34.595],[-94.57,34.607],[-94.582,34.613],[-94.784,34.619],[-94.773,34.613],[-94.794,34.607],[-94.815,34.584],[-94.805,34.575],[-94.843,34.566],[-94.833,34.536],[-94.849,34.536],[-94.839,34.546],[-94.846,34.552],[-94.87,34.55],[-94.882,34.538],[-94.888,34.538],[-94.883,34.548],[-94.89,34.549],[-94.9,34.536],[-94.932,34.532],[-94.928,34.524],[-94.938,34.523],[-94.938,34.507],[-95.039,34.507],[-95.058,34.535],[-95.031,34.554],[-95.037,34.561],[-95.005,34.573],[-95.003,34.584],[-95.049,34.6],[-95.048,34.608],[-95.04,34.608],[-95.052,34.612],[-95.04,34.621],[-95.042,34.681],[-95.244,34.681],[-95.245,34.674],[-95.26,34.67],[-95.262,34.659],[-95.279,34.652],[-95.278,34.607],[-95.303,34.601],[-95.325,34.562],[-95.34,34.575],[-95.354,34.576],[-95.366,34.565],[-95.393,34.565],[-95.418,34.548],[-95.445,34.552],[-95.454,34.536],[-95.468,34.54],[-95.471,34.515],[-95.478,34.516],[-95.485,34.504],[-95.51,34.507],[-95.549,34.453],[-95.576,34.446],[-95.582,34.429],[-95.572,34.422],[-95.575,34.415],[-95.591,34.404],[-95.607,34.406],[-95.604,34.432],[-95.622,34.43],[-95.622,34.459],[-95.639,34.458],[-95.644,34.467],[-95.662,34.472],[-95.666,34.479],[-95.659,34.485],[-95.684,34.49],[-95.68,34.507],[-95.672,34.507],[-95.672,34.548],[-95.606,34.565],[-95.596,34.577],[-95.598,34.594],[-95.69,34.594],[-95.69,34.601],[-95.571,34.652],[-95.555,34.649],[-95.56,34.638],[-95.515,34.638],[-95.514,34.754],[-95.563,34.735],[-95.596,34.743],[-95.59,34.733],[-95.597,34.728],[-95.597,34.707],[-95.617,34.713],[-95.644,34.706],[-95.664,34.71],[-95.675,34.696],[-95.714,34.682],[-95.751,34.687],[-95.768,34.701],[-95.763,34.72],[-95.778,34.706],[-95.777,34.721],[-95.847,34.724],[-95.85,34.717],[-95.882,34.708],[-95.882,34.67],[-95.931,34.659],[-95.974,34.602],[-95.996,34.603],[-96.011,34.582],[-96.014,34.593],[-96.052,34.594],[-96.024,34.619],[-96.019,34.642],[-96.004,34.64],[-96.005,34.659],[-95.987,34.661],[-95.987,34.71],[-95.967,34.71],[-95.966,34.731],[-95.999,34.737],[-95.998,34.729],[-96.005,34.728],[-96.022,34.731],[-96.021,34.741],[-96.046,34.745],[-96.047,34.724],[-96.066,34.724],[-96.066,34.738],[-96.075,34.738],[-96.075,34.752],[-96.081,34.753],[-96.092,34.746],[-96.092,34.535],[-96.07,34.529],[-96.074,34.521],[-96.092,34.52],[-96.092,34.506],[-96.145,34.506],[-96.145,34.462],[-96.162,34.45],[-96.145,34.448],[-96.145,34.419],[-96.346,34.418],[-96.344,34.441],[-96.356,34.449],[-96.347,34.455],[-96.353,34.464],[-96.344,34.481],[-96.356,34.513],[-96.335,34.535],[-96.285,34.535],[-96.285,34.572],[-96.277,34.584],[-96.287,34.597],[-96.285,34.664],[-96.284,34.672],[-96.267,34.673],[-96.261,34.693],[-96.266,34.754],[-96.258,34.767],[-96.197,34.767],[-96.195,34.776],[-96.197,34.808],[-96.249,34.832],[-96.25,34.854],[-96.213,34.855],[-96.212,34.869],[-96.177,34.869],[-96.177,34.889],[-96.184,34.896],[-96.21,34.9],[-96.212,34.913],[-96.223,34.908],[-96.248,34.914],[-96.24,34.948],[-96.243,34.976],[-96.183,34.96],[-96.148,34.983],[-96.153,34.984],[-96.134,35.006],[-96.131,35.015],[-96.161,35.014],[-96.166,35.035],[-96.161,35.031],[-96.17,35.042],[-96.167,35.064],[-96.147,35.08],[-96.155,35.085],[-96.159,35.079],[-96.162,35.092],[-96.146,35.14],[-96.136,35.145],[-96.142,35.167],[-96.133,35.174],[-96.195,35.188],[-96.195,35.178],[-96.187,35.178],[-96.195,35.17],[-96.195,35.125],[-96.171,35.127],[-96.17,35.103],[-96.213,35.101],[-96.214,35.112],[-96.247,35.114],[-96.248,35.13],[-96.264,35.131],[-96.27,35.141],[-96.265,35.159],[-96.283,35.159],[-96.283,35.188],[-96.265,35.188],[-96.265,35.203],[-96.329,35.196],[-96.353,35.211],[-96.353,35.232],[-96.441,35.232],[-96.441,35.319],[-96.458,35.319],[-96.459,35.348],[-96.495,35.348],[-96.494,35.377],[-96.535,35.376],[-96.535,35.391],[-96.555,35.394],[-96.554,35.403],[-96.562,35.397],[-96.59,35.411],[-96.607,35.393],[-96.624,35.401],[-96.601,35.406],[-96.601,35.421],[-96.618,35.421],[-96.618,35.433],[-96.624,35.432],[-96.621,35.61],[-96.653,35.608],[-96.652,35.594],[-96.663,35.594],[-96.663,35.616],[-96.68,35.616],[-96.68,35.632],[-96.707,35.638],[-96.724,35.627],[-96.741,35.636],[-96.758,35.62],[-96.798,35.623],[-96.804,35.628],[-96.798,35.637],[-96.787,35.637],[-96.787,35.652],[-96.822,35.652],[-96.822,35.623],[-96.84,35.623],[-96.84,35.594],[-96.857,35.594],[-96.858,35.579],[-96.893,35.58],[-96.893,35.594],[-96.964,35.594],[-96.964,35.565],[-96.982,35.565],[-96.982,35.579],[-97.053,35.579],[-97.053,35.526],[-97.036,35.529],[-97.036,35.507],[-97.057,35.507],[-97.06,35.488],[-97.089,35.487],[-97.07,35.503],[-97.071,35.536],[-97.089,35.536],[-97.089,35.516],[-97.106,35.516],[-97.107,35.478],[-97.122,35.478],[-97.106,35.464],[-97.141,35.469],[-97.143,35.464],[-97.142,35.435],[-97.125,35.435],[-97.125,35.428],[-97.133,35.429],[-97.133,35.42],[-97.167,35.421],[-97.166,35.413],[-97.177,35.413],[-97.177,35.429],[-97.191,35.421],[-97.195,35.464],[-97.206,35.464],[-97.212,35.474],[-97.212,35.493],[-97.23,35.493],[-97.23,35.536],[-97.24,35.536],[-97.247,35.551],[-97.265,35.551],[-97.265,35.537],[-97.3,35.537],[-97.3,35.544],[-97.318,35.551],[-97.318,35.559],[-97.336,35.554],[-97.336,35.566],[-97.354,35.566],[-97.354,35.551],[-97.37,35.551],[-97.371,35.537],[-97.389,35.537],[-97.389,35.563],[-97.395,35.563],[-97.389,35.566],[-97.389,35.595],[-97.398,35.595],[-97.398,35.58],[-97.425,35.58],[-97.425,35.595],[-97.478,35.594],[-97.478,35.609],[-97.538,35.609],[-97.55,35.616],[-97.549,35.624],[-97.674,35.624],[-97.674,35.639],[-97.484,35.638],[-97.476,35.696],[-97.478,35.769],[-97.585,35.777],[-97.591,35.755],[-97.621,35.755],[-97.621,35.877],[-97.615,35.88],[-97.626,35.88],[-97.649,35.859],[-97.668,35.867],[-97.674,35.861],[-97.675,35.867],[-97.676,36.165],[-97.765,36.165],[-97.765,36.188],[-97.693,36.189],[-97.693,36.218],[-97.586,36.217],[-97.586,36.289],[-97.604,36.289],[-97.604,36.304],[-97.622,36.304],[-97.622,36.318],[-97.64,36.318],[-97.64,36.325],[-97.622,36.329],[-97.586,36.326],[-97.586,36.347],[-97.604,36.347],[-97.604,36.376],[-97.55,36.376],[-97.55,36.39],[-97.532,36.39],[-97.532,36.376],[-97.461,36.376],[-97.461,36.434],[-97.283,36.434],[-97.283,36.594],[-97.184,36.594],[-97.188,36.587],[-97.197,36.593],[-97.207,36.579],[-97.203,36.566],[-97.193,36.573],[-97.193,36.565],[-97.175,36.565],[-97.175,36.551],[-97.135,36.493],[-97.086,36.493],[-97.086,36.507],[-97.075,36.507],[-97.068,36.486],[-97.053,36.495],[-97.04,36.491],[-97.04,36.497],[-97.028,36.489],[-97.025,36.497],[-97.019,36.489],[-97.006,36.492],[-96.981,36.466],[-96.943,36.456],[-96.884,36.473],[-96.877,36.472],[-96.885,36.46],[-96.877,36.449],[-96.728,36.449],[-96.682,36.421],[-96.633,36.425],[-96.606,36.403],[-96.602,36.382],[-96.59,36.374],[-96.575,36.374],[-96.544,36.4],[-96.531,36.397],[-96.52,36.368],[-96.563,36.345],[-96.577,36.304],[-96.599,36.304],[-96.599,36.317],[-96.607,36.319],[-96.621,36.304],[-96.647,36.302],[-96.639,36.275],[-96.711,36.275],[-96.713,36.186],[-96.741,36.193],[-96.784,36.188],[-96.784,36.154],[-96.768,36.145],[-96.736,36.145],[-96.74,36.16],[-96.621,36.16],[-96.623,36.07],[-96.617,36.074],[-96.594,36.06],[-96.574,36.072],[-96.561,36.061],[-96.548,36.061],[-96.548,36.076],[-96.53,36.076],[-96.53,36.061],[-96.512,36.061],[-96.512,36.047],[-96.479,36.047],[-96.484,36.056],[-96.473,36.058],[-96.459,36.054],[-96.459,36.04],[-96.475,36.042],[-96.459,36.018],[-96.459,36.003],[-96.376,36.003],[-96.325,35.987],[-96.329,35.997],[-96.316,36],[-96.318,36.011],[-96.307,36.016],[-96.296,36.045],[-96.272,36.047],[-96.257,36.063],[-96.208,36.061],[-96.208,36.047],[-96.19,36.044],[-96.19,36.076],[-96.166,36.076],[-96.159,36.069],[-96.155,36.076],[-96.101,36.076],[-96.101,36.025],[-96.083,36.025],[-96.083,36.032],[-96.064,36.036],[-96.053,36.018],[-96.034,36.023],[-96.03,36.015],[-96.012,36.017],[-96.012,36.032],[-95.976,36.032],[-95.976,36.05],[-95.904,36.046],[-95.904,36.003],[-95.869,36.003],[-95.869,36.017],[-95.851,36.017],[-95.851,36.075],[-95.824,36.075],[-95.824,36.083],[-95.816,36.083],[-95.815,36.104],[-95.797,36.104],[-95.797,36.09],[-95.762,36.09],[-95.762,36.134],[-95.726,36.133],[-95.726,36.148],[-95.753,36.148],[-95.743,36.152],[-95.745,36.161],[-95.78,36.163],[-95.783,36.186],[-95.815,36.188],[-95.815,36.227],[-95.76,36.235],[-95.758,36.246],[-95.743,36.25],[-95.745,36.267],[-95.731,36.242],[-95.72,36.243],[-95.73,36.224],[-95.728,36.211],[-95.693,36.193],[-95.653,36.201],[-95.625,36.224],[-95.597,36.227],[-95.601,36.231],[-95.594,36.236],[-95.56,36.236],[-95.557,36.249],[-95.525,36.249],[-95.519,36.264],[-95.436,36.264],[-95.44,36.206],[-95.387,36.206],[-95.387,36.244],[-95.337,36.249],[-95.341,36.207],[-95.33,36.213],[-95.328,36.203],[-95.312,36.202],[-95.305,36.191],[-95.288,36.202],[-95.281,36.187],[-95.265,36.184],[-95.244,36.197],[-95.241,36.234],[-95.214,36.24],[-95.175,36.232],[-95.152,36.245],[-95.15,36.264],[-95.137,36.263],[-95.147,36.231],[-95.129,36.227],[-95.136,36.238],[-95.089,36.235],[-95.073,36.219],[-95.065,36.22],[-95.065,36.249],[-95.059,36.249],[-95.059,36.234],[-95.011,36.234],[-95.006,36.264],[-95.029,36.271],[-95.028,36.292],[-94.99,36.292],[-94.988,36.278],[-94.974,36.276],[-94.97,36.265],[-94.952,36.263],[-94.918,36.271],[-94.911,36.285],[-94.9,36.285],[-94.86,36.26],[-94.848,36.22],[-94.815,36.22],[-94.807,36.25],[-94.816,36.269],[-94.787,36.275],[-94.79,36.255],[-94.766,36.255],[-94.774,36.234],[-94.744,36.234],[-94.739,36.204],[-94.711,36.19],[-94.708,36.178],[-94.719,36.179],[-94.735,36.154],[-94.747,36.151],[-94.762,36.127],[-94.755,36.119],[-94.764,36.12],[-94.769,36.095],[-94.788,36.094],[-94.797,36.103],[-94.797,36.068],[-94.781,36.064],[-94.753,36.029],[-94.73,36.039],[-94.724,36.024],[-94.686,36.007],[-94.668,35.978],[-94.699,35.958],[-94.7,35.949],[-94.652,35.951],[-94.631,35.925],[-94.584,35.904],[-94.534,35.916],[-94.518,35.906],[-94.494,35.763],[-94.484,35.765],[-94.478,35.776],[-94.483,35.78],[-94.473,35.783],[-94.458,35.764],[-94.432,35.758],[-94.43,35.78],[-94.443,35.785],[-94.442,35.804],[-94.434,35.807],[-94.466,35.795],[-94.495,35.805],[-94.485,35.81],[-94.495,35.81],[-94.496,35.838],[-94.486,35.838],[-94.495,35.844],[-94.495,35.869],[-94.487,35.88],[-94.467,35.876],[-94.457,35.902],[-94.434,35.908],[-94.42,35.896],[-94.421,35.913],[-94.395,35.912],[-94.388,35.923],[-94.36,35.921],[-94.359,35.947],[-94.377,35.947],[-94.371,35.958],[-94.377,35.958],[-94.379,35.98],[-94.393,36.002],[-94.375,36.002],[-94.368,36.032],[-94.353,36.042],[-94.361,36.056],[-94.344,36.062],[-94.314,36.055],[-94.321,36.051],[-94.324,36.028],[-94.307,36.017],[-94.305,36.001],[-94.233,35.999],[-94.228,35.97],[-94.233,35.963],[-94.214,35.963],[-94.216,35.954],[-94.194,35.953],[-94.196,35.962],[-94.159,35.976],[-94.159,35.985],[-94.14,35.982],[-94.142,35.973],[-94.125,35.974],[-94.122,35.991],[-94.109,35.987],[-94.116,35.975],[-94.112,35.958],[-94.107,35.967],[-94.095,35.968],[-94.06,35.956],[-94.06,35.896],[-94.073,35.883],[-94.058,35.877],[-94.053,35.85],[-94.025,35.85],[-94.026,35.86],[-94.004,35.853],[-93.999,35.836],[-94.007,35.835],[-93.952,35.833],[-93.938,35.794],[-93.945,35.785],[-93.941,35.777],[-93.963,35.761],[-93.911,35.76],[-93.911,35.774],[-93.802,35.772],[-93.805,35.76],[-93.791,35.76],[-93.79,35.772],[-93.714,35.769],[-93.713,35.808],[-93.653,35.811],[-93.665,35.828],[-93.645,35.822],[-93.643,35.839],[-93.632,35.846],[-93.671,35.888],[-93.648,35.886],[-93.642,35.876],[-93.621,35.87],[-93.622,35.862],[-93.587,35.865],[-93.568,35.917],[-93.558,35.922],[-93.564,35.951],[-93.54,35.954],[-93.54,35.983],[-93.633,35.979],[-93.642,35.985],[-93.657,35.978],[-93.662,35.986],[-93.68,35.986],[-93.702,35.998],[-93.702,35.973],[-93.684,35.94],[-93.685,35.928],[-93.695,35.917],[-93.733,35.915],[-93.738,35.901],[-93.756,35.895],[-93.765,35.873],[-93.766,35.883],[-93.801,35.917],[-93.843,35.918],[-93.842,35.947],[-93.859,35.948],[-93.859,35.962],[-93.842,35.949],[-93.838,35.967],[-93.817,35.976],[-93.827,35.989],[-93.778,35.967],[-93.769,35.98],[-93.769,35.992],[-93.79,36.001],[-93.767,36.025],[-93.767,36.047],[-93.785,36.047],[-93.784,36.062],[-93.805,36.063],[-93.802,36.048],[-93.824,36.048],[-93.82,36.032],[-93.837,36.032],[-93.842,36.019],[-93.852,36.016],[-93.864,36.024],[-93.886,36.016],[-93.864,36.033],[-93.869,36.049],[-93.862,36.053],[-93.811,36.058],[-93.816,36.074],[-93.841,36.073],[-93.852,36.08],[-93.836,36.107],[-93.839,36.116],[-93.861,36.119],[-93.856,36.132],[-93.816,36.124],[-93.814,36.157],[-93.8,36.161],[-93.8,36.176],[-93.818,36.174],[-93.823,36.186],[-93.815,36.196],[-93.836,36.199],[-93.836,36.212],[-93.852,36.228],[-93.796,36.241],[-93.798,36.252],[-93.837,36.253],[-93.84,36.268],[-93.854,36.265],[-93.869,36.273],[-93.87,36.235],[-93.888,36.233],[-93.897,36.24],[-93.895,36.264],[-93.913,36.255],[-93.913,36.273],[-93.926,36.263],[-93.927,36.273],[-93.939,36.266],[-93.942,36.277],[-93.956,36.27],[-93.944,36.255],[-93.962,36.251],[-93.943,36.238],[-93.976,36.233],[-93.976,36.204],[-93.981,36.214],[-94.009,36.217],[-93.987,36.236],[-94.001,36.237],[-94.007,36.246],[-94.027,36.241],[-94.03,36.258],[-94.06,36.256],[-94.069,36.264],[-94.067,36.271],[-94.044,36.274],[-94.038,36.293],[-94.034,36.278],[-94.019,36.28],[-94.015,36.289],[-94.023,36.301],[-94.052,36.301],[-94.078,36.318],[-94.086,36.318],[-94.086,36.309],[-94.135,36.312],[-94.135,36.334],[-94.223,36.336],[-94.222,36.357],[-94.276,36.36],[-94.277,36.373],[-94.258,36.37],[-94.253,36.376],[-94.253,36.383],[-94.266,36.383],[-94.266,36.376],[-94.28,36.381],[-94.266,36.401],[-94.288,36.396],[-94.288,36.388],[-94.324,36.388],[-94.325,36.377],[-94.332,36.377],[-94.325,36.373],[-94.325,36.359],[-94.345,36.357],[-94.331,36.352],[-94.331,36.345],[-94.345,36.345],[-94.345,36.323],[-94.368,36.322],[-94.368,36.298],[-94.364,36.283],[-94.313,36.29],[-94.321,36.26],[-94.305,36.257],[-94.306,36.243],[-94.297,36.243],[-94.306,36.234],[-94.307,36.214],[-94.292,36.222],[-94.257,36.22],[-94.259,36.234],[-94.237,36.245],[-94.204,36.241],[-94.192,36.226],[-94.185,36.241],[-94.174,36.241],[-94.174,36.232],[-94.151,36.236],[-94.14,36.223],[-94.15,36.223],[-94.154,36.214],[-94.144,36.205],[-94.158,36.139],[-94.153,36.133],[-94.204,36.136],[-94.208,36.143],[-94.237,36.141],[-94.249,36.127],[-94.256,36.132],[-94.265,36.126],[-94.278,36.145],[-94.273,36.163],[-94.299,36.168],[-94.317,36.154],[-94.336,36.152],[-94.338,36.196],[-94.351,36.195],[-94.358,36.203],[-94.351,36.227],[-94.34,36.226],[-94.34,36.233],[-94.369,36.237],[-94.366,36.25],[-94.351,36.256],[-94.358,36.262],[-94.378,36.258],[-94.378,36.244],[-94.387,36.244],[-94.387,36.22],[-94.412,36.233],[-94.427,36.232],[-94.427,36.243],[-94.446,36.241],[-94.446,36.227],[-94.468,36.227],[-94.473,36.209],[-94.487,36.21],[-94.502,36.224],[-94.493,36.237],[-94.51,36.233],[-94.509,36.239],[-94.525,36.225],[-94.545,36.223],[-94.54,36.235],[-94.551,36.233],[-94.55,36.247],[-94.576,36.24],[-94.593,36.344],[-94.622,36.331],[-94.633,36.339],[-94.649,36.335],[-94.657,36.322],[-94.68,36.32],[-94.694,36.327],[-94.714,36.321],[-94.733,36.33],[-94.734,36.31],[-94.708,36.293],[-94.695,36.293],[-94.693,36.282],[-94.732,36.285],[-94.756,36.278],[-94.758,36.298],[-94.749,36.302],[-94.762,36.317],[-94.755,36.326],[-94.759,36.345],[-94.784,36.338],[-94.773,36.335],[-94.778,36.313],[-94.795,36.317],[-94.824,36.304],[-94.844,36.343],[-94.862,36.34],[-94.885,36.354],[-94.872,36.366],[-94.868,36.38],[-94.874,36.387],[-94.864,36.405],[-94.845,36.409],[-94.845,36.423],[-94.875,36.439],[-94.884,36.481],[-94.921,36.498],[-94.933,36.512],[-94.95,36.513],[-94.954,36.529],[-94.946,36.54],[-94.916,36.546],[-94.896,36.565],[-94.869,36.565],[-94.842,36.552],[-94.84,36.54],[-94.816,36.533],[-94.813,36.519],[-94.782,36.496],[-94.782,36.467],[-94.755,36.467],[-94.754,36.486],[-94.746,36.492],[-94.764,36.505],[-94.763,36.539],[-94.755,36.553],[-94.721,36.548],[-94.72,36.54],[-94.704,36.536],[-94.684,36.54],[-94.68,36.551],[-94.652,36.553],[-94.618,36.524],[-94.618,36.649],[-94.63,36.635],[-94.64,36.637],[-94.649,36.648],[-94.643,36.668],[-94.651,36.668],[-94.651,36.649],[-94.665,36.657],[-94.668,36.643],[-94.679,36.639],[-94.693,36.648],[-94.706,36.645],[-94.683,36.668],[-94.707,36.668],[-94.707,36.677],[-94.716,36.668],[-94.743,36.666],[-94.75,36.654],[-94.758,36.668],[-94.826,36.67],[-94.837,36.685],[-94.873,36.69],[-94.873,36.68],[-94.86,36.683],[-94.841,36.671],[-94.856,36.671],[-94.855,36.66],[-94.886,36.657],[-94.891,36.67],[-94.88,36.671],[-94.879,36.685],[-94.891,36.685],[-94.891,36.743],[-94.909,36.743],[-94.909,36.772],[-94.927,36.769],[-94.927,36.758],[-94.999,36.758],[-95,36.743],[-95.035,36.743],[-95.035,36.729],[-95.072,36.729],[-95.071,36.743],[-95.09,36.743],[-95.09,36.75],[-95.126,36.751],[-95.126,36.743],[-95.157,36.742],[-95.157,36.757],[-95.18,36.757],[-95.18,36.741],[-95.216,36.743],[-95.216,36.772],[-95.241,36.772],[-95.233,36.801],[-95.289,36.801],[-95.288,36.83],[-95.342,36.83],[-95.342,36.858],[-95.379,36.858],[-95.378,36.888],[-95.432,36.888],[-95.432,36.943],[-95.408,36.943],[-95.408,36.999],[-95.811,36.999],[-95.801,37.005],[-95.801,37.019],[-95.787,37.019],[-95.787,37.052],[-95.747,37.051],[-95.747,37.07],[-95.729,37.07],[-95.729,37.095],[-95.711,37.095],[-95.711,37.109],[-95.693,37.109],[-95.693,37.124],[-95.674,37.124],[-95.674,37.154],[-95.666,37.154],[-95.664,37.144],[-95.649,37.147],[-95.62,37.13],[-95.62,37.094],[-95.589,37.093],[-95.586,37.108],[-95.558,37.107],[-95.558,37.092],[-95.54,37.092],[-95.54,37.077],[-95.522,37.077],[-95.522,37.12],[-95.477,37.12],[-95.477,37.15],[-95.396,37.149],[-95.396,37.134],[-95.465,37.134],[-95.464,37.121],[-95.449,37.111],[-95.449,37.091],[-95.431,37.093],[-95.431,37.062],[-95.413,37.063],[-95.414,37.034],[-95.4,37.034],[-95.4,36.999],[-94.859,36.999],[-94.845,36.99],[-94.849,36.981],[-94.885,36.973],[-94.885,36.929],[-94.87,36.923],[-94.856,36.934],[-94.867,36.944],[-94.864,36.958],[-94.831,36.958],[-94.831,36.944],[-94.813,36.944],[-94.813,36.973],[-94.833,36.976],[-94.833,36.983],[-94.82,36.987],[-94.82,36.999],[-94.618,36.998],[-94.618,37.086],[-94.591,37.086],[-94.584,37.073],[-94.562,37.07],[-94.532,37.07],[-94.531,37.077],[-94.478,37.074],[-94.477,37.062],[-94.47,37.061],[-94.469,37.07],[-94.45,37.069],[-94.424,37.054],[-94.424,37.063],[-94.405,37.069],[-94.404,37.091],[-94.386,37.095],[-94.404,37.097],[-94.403,37.126],[-94.376,37.129],[-94.384,37.156],[-94.416,37.165],[-94.408,37.173],[-94.419,37.184],[-94.419,37.199],[-94.401,37.199],[-94.4,37.238],[-94.422,37.242],[-94.418,37.226],[-94.44,37.221],[-94.451,37.233],[-94.445,37.243],[-94.431,37.239],[-94.431,37.246],[-94.44,37.246],[-94.44,37.261],[-94.449,37.261],[-94.451,37.25],[-94.443,37.246],[-94.45,37.239],[-94.466,37.246],[-94.48,37.272],[-94.471,37.278],[-94.471,37.29],[-94.488,37.29],[-94.486,37.302],[-94.474,37.301],[-94.465,37.315],[-94.431,37.314],[-94.43,37.336],[-94.446,37.336],[-94.448,37.354],[-94.429,37.358],[-94.428,37.402],[-94.41,37.401],[-94.41,37.416],[-94.396,37.416],[-94.387,37.4],[-94.245,37.397],[-94.244,37.411],[-94.272,37.412],[-94.273,37.425],[-94.226,37.426],[-94.222,37.442],[-94.207,37.44],[-94.208,37.418],[-94.226,37.418],[-94.235,37.404],[-94.227,37.382],[-94.209,37.381],[-94.216,37.405],[-94.226,37.411],[-94.172,37.41],[-94.171,37.439],[-94.098,37.43],[-94.096,37.495],[-94.078,37.494],[-94.077,37.522],[-94.022,37.522],[-94.022,37.537],[-94.003,37.537],[-94.004,37.522],[-93.995,37.522],[-93.993,37.566],[-93.984,37.565],[-93.984,37.574],[-93.992,37.576],[-93.947,37.579]],[[-93.488,37.52],[-93.462,37.511],[-93.461,37.525],[-93.447,37.525],[-93.447,37.518],[-93.454,37.522],[-93.448,37.507],[-93.447,37.515],[-93.425,37.514],[-93.424,37.525],[-93.393,37.524],[-93.388,37.539],[-93.381,37.518],[-93.375,37.527],[-93.369,37.518],[-93.354,37.52],[-93.378,37.538],[-93.343,37.538],[-93.342,37.516],[-93.348,37.51],[-93.366,37.513],[-93.36,37.502],[-93.351,37.501],[-93.353,37.509],[-93.333,37.505],[-93.326,37.499],[-93.326,37.479],[-93.275,37.478],[-93.28,37.499],[-93.302,37.52],[-93.29,37.525],[-93.303,37.536],[-93.3,37.545],[-93.278,37.54],[-93.287,37.553],[-93.286,37.594],[-93.309,37.598],[-93.321,37.632],[-93.339,37.638],[-93.321,37.645],[-93.32,37.675],[-93.27,37.675],[-93.27,37.695],[-93.247,37.706],[-93.256,37.731],[-93.284,37.732],[-93.283,37.757],[-93.266,37.761],[-93.267,37.776],[-93.245,37.775],[-93.254,37.804],[-93.299,37.805],[-93.302,37.821],[-93.3,37.834],[-93.293,37.834],[-93.276,37.815],[-93.271,37.825],[-93.282,37.837],[-93.278,37.856],[-93.253,37.856],[-93.248,37.873],[-93.261,37.877],[-93.269,37.865],[-93.297,37.858],[-93.316,37.872],[-93.307,37.876],[-93.305,37.89],[-93.299,37.885],[-93.295,37.891],[-93.327,37.89],[-93.334,37.869],[-93.367,37.881],[-93.357,37.868],[-93.366,37.858],[-93.35,37.819],[-93.362,37.822],[-93.375,37.814],[-93.376,37.735],[-93.421,37.746],[-93.466,37.744],[-93.457,37.735],[-93.453,37.7],[-93.478,37.694],[-93.479,37.668],[-93.501,37.668],[-93.509,37.643],[-93.54,37.64],[-93.541,37.612],[-93.522,37.607],[-93.523,37.585],[-93.542,37.586],[-93.542,37.579],[-93.51,37.578],[-93.507,37.541],[-93.482,37.541],[-93.501,37.535],[-93.488,37.52]],[[-93.57,37.877],[-93.569,37.917],[-93.585,37.93],[-93.584,37.943],[-93.617,37.945],[-93.601,37.96],[-93.602,37.971],[-93.65,37.983],[-93.643,37.961],[-93.627,37.96],[-93.625,37.909],[-93.643,37.91],[-93.647,37.923],[-93.64,37.931],[-93.652,37.932],[-93.651,37.946],[-93.641,37.95],[-93.644,37.961],[-93.654,37.961],[-93.655,37.95],[-93.715,37.955],[-93.714,37.919],[-93.734,37.919],[-93.732,37.946],[-93.754,37.958],[-93.763,37.946],[-93.773,37.949],[-93.796,37.938],[-93.756,37.93],[-93.753,37.917],[-93.776,37.906],[-93.757,37.903],[-93.742,37.89],[-93.751,37.88],[-93.767,37.891],[-93.776,37.884],[-93.809,37.888],[-93.812,37.835],[-93.572,37.828],[-93.57,37.877]],[[-93.508,37.992],[-93.511,37.928],[-93.457,37.926],[-93.455,37.984],[-93.418,37.983],[-93.413,38.07],[-93.432,38.071],[-93.43,38.079],[-93.45,38.081],[-93.453,38.101],[-93.47,38.101],[-93.454,38.115],[-93.472,38.117],[-93.472,38.101],[-93.492,38.108],[-93.494,38.087],[-93.503,38.088],[-93.504,38.077],[-93.517,38.077],[-93.518,38.061],[-93.53,38.06],[-93.534,38.024],[-93.541,38.023],[-93.53,38.009],[-93.507,38.014],[-93.508,37.992]],[[-93.952,37.39],[-93.956,37.386],[-93.948,37.387],[-93.952,37.39]],[[-94.163,37.199],[-94.132,37.195],[-94.128,37.188],[-94.13,37.199],[-94.144,37.204],[-94.144,37.225],[-94.162,37.225],[-94.163,37.199]],[[-93.292,37.215],[-93.331,37.206],[-93.311,37.204],[-93.311,37.197],[-93.284,37.197],[-93.276,37.21],[-93.292,37.215]],[[-93.895,37.015],[-93.889,37.026],[-93.906,37.029],[-93.906,37.016],[-93.895,37.015]],[[-93.364,36.965],[-93.358,36.945],[-93.38,36.945],[-93.394,36.927],[-93.377,36.923],[-93.378,36.905],[-93.366,36.896],[-93.353,36.898],[-93.347,36.882],[-93.352,36.876],[-93.341,36.873],[-93.341,36.848],[-93.333,36.842],[-93.337,36.831],[-93.347,36.835],[-93.347,36.818],[-93.311,36.817],[-93.297,36.823],[-93.304,36.833],[-93.296,36.823],[-93.272,36.817],[-93.27,36.785],[-93.258,36.78],[-93.269,36.773],[-93.251,36.77],[-93.253,36.761],[-93.282,36.746],[-93.266,36.743],[-93.251,36.753],[-93.225,36.739],[-93.221,36.729],[-93.201,36.723],[-93.196,36.731],[-93.196,36.725],[-93.187,36.731],[-93.149,36.726],[-93.147,36.814],[-93.164,36.814],[-93.149,36.817],[-93.153,36.836],[-93.179,36.835],[-93.178,36.853],[-93.186,36.846],[-93.215,36.858],[-93.21,36.903],[-93.223,36.916],[-93.246,36.917],[-93.244,36.943],[-93.267,36.933],[-93.267,36.947],[-93.282,36.943],[-93.284,36.952],[-93.331,36.965],[-93.337,36.95],[-93.357,36.958],[-93.357,36.967],[-93.364,36.965]],[[-93.939,36.728],[-93.953,36.73],[-93.953,36.72],[-93.96,36.721],[-93.953,36.709],[-93.963,36.702],[-93.971,36.706],[-93.971,36.727],[-93.958,36.727],[-93.984,36.73],[-93.979,36.745],[-94.007,36.745],[-94.01,36.76],[-94.048,36.761],[-94.067,36.777],[-94.071,36.651],[-94.053,36.654],[-94.054,36.647],[-94.022,36.639],[-94.014,36.646],[-93.965,36.637],[-93.926,36.644],[-93.932,36.657],[-93.915,36.657],[-93.924,36.665],[-93.919,36.679],[-93.911,36.68],[-93.927,36.686],[-93.927,36.697],[-93.936,36.697],[-93.936,36.705],[-93.918,36.704],[-93.917,36.715],[-93.94,36.716],[-93.939,36.728]],[[-94.072,36.633],[-94.071,36.647],[-94.117,36.648],[-94.145,36.616],[-94.215,36.639],[-94.247,36.627],[-94.277,36.632],[-94.269,36.619],[-94.257,36.62],[-94.255,36.609],[-94.231,36.598],[-94.22,36.579],[-94.213,36.579],[-94.208,36.596],[-94.18,36.622],[-94.176,36.601],[-94.157,36.592],[-94.16,36.577],[-94.138,36.577],[-94.15,36.602],[-94.161,36.606],[-94.092,36.602],[-94.078,36.613],[-94.073,36.607],[-94.072,36.633]],[[-93.84,36.584],[-93.839,36.569],[-93.831,36.569],[-93.834,36.499],[-94.385,36.5],[-94.372,36.488],[-94.378,36.465],[-94.369,36.46],[-94.369,36.447],[-94.35,36.451],[-94.349,36.445],[-94.333,36.444],[-94.334,36.432],[-94.356,36.432],[-94.356,36.417],[-94.369,36.418],[-94.38,36.401],[-94.361,36.398],[-94.32,36.41],[-94.313,36.437],[-94.3,36.435],[-94.299,36.42],[-94.274,36.416],[-94.27,36.426],[-94.264,36.417],[-94.262,36.425],[-94.248,36.428],[-94.249,36.416],[-94.234,36.415],[-94.23,36.426],[-94.217,36.427],[-94.215,36.44],[-94.198,36.438],[-94.178,36.449],[-94.176,36.457],[-94.185,36.458],[-94.176,36.47],[-94.156,36.472],[-94.14,36.459],[-94.158,36.458],[-94.159,36.446],[-94.149,36.438],[-94.155,36.425],[-94.084,36.418],[-94.078,36.435],[-94.057,36.441],[-94.053,36.429],[-94.066,36.42],[-94.051,36.42],[-94.059,36.402],[-94.04,36.4],[-94.042,36.407],[-94.035,36.397],[-94.017,36.393],[-94.011,36.403],[-94.013,36.389],[-93.989,36.405],[-93.977,36.408],[-93.973,36.402],[-93.973,36.41],[-93.96,36.41],[-93.967,36.386],[-93.983,36.368],[-93.988,36.373],[-93.988,36.364],[-93.993,36.368],[-93.993,36.359],[-94.001,36.362],[-93.995,36.356],[-94.009,36.358],[-94.009,36.351],[-93.982,36.35],[-93.983,36.34],[-93.953,36.333],[-93.947,36.336],[-93.964,36.36],[-93.922,36.352],[-93.909,36.36],[-93.899,36.349],[-93.917,36.333],[-93.905,36.335],[-93.891,36.326],[-93.889,36.348],[-93.867,36.365],[-93.867,36.379],[-93.86,36.372],[-93.856,36.381],[-93.84,36.375],[-93.841,36.383],[-93.832,36.38],[-93.832,36.387],[-93.816,36.392],[-93.823,36.383],[-93.805,36.381],[-93.799,36.394],[-93.791,36.39],[-93.794,36.38],[-93.782,36.386],[-93.779,36.397],[-93.764,36.401],[-93.781,36.432],[-93.807,36.428],[-93.816,36.441],[-93.834,36.445],[-93.805,36.449],[-93.817,36.474],[-93.808,36.473],[-93.807,36.462],[-93.787,36.461],[-93.782,36.451],[-93.774,36.459],[-93.747,36.458],[-93.752,36.442],[-93.74,36.43],[-93.743,36.413],[-93.737,36.418],[-93.733,36.413],[-93.738,36.428],[-93.73,36.438],[-93.719,36.435],[-93.722,36.424],[-93.707,36.424],[-93.711,36.431],[-93.69,36.435],[-93.689,36.45],[-93.653,36.449],[-93.656,36.457],[-93.669,36.456],[-93.674,36.474],[-93.644,36.482],[-93.648,36.499],[-93.599,36.499],[-93.602,36.518],[-93.592,36.521],[-93.603,36.527],[-93.623,36.508],[-93.624,36.525],[-93.611,36.532],[-93.628,36.54],[-93.607,36.538],[-93.607,36.557],[-93.596,36.551],[-93.6,36.563],[-93.592,36.572],[-93.614,36.571],[-93.604,36.584],[-93.621,36.596],[-93.636,36.585],[-93.639,36.567],[-93.669,36.587],[-93.681,36.583],[-93.675,36.559],[-93.689,36.55],[-93.708,36.569],[-93.706,36.578],[-93.719,36.57],[-93.739,36.588],[-93.762,36.595],[-93.831,36.598],[-93.84,36.584]],[[-93.961,36.762],[-93.956,36.752],[-93.939,36.751],[-93.939,36.766],[-93.961,36.762]],[[-95.705,37.059],[-95.715,37.06],[-95.704,37.051],[-95.705,37.059]],[[-93.592,35.76],[-93.625,35.729],[-93.657,35.745],[-93.697,35.751],[-93.698,35.71],[-93.661,35.709],[-93.654,35.699],[-93.655,35.672],[-93.666,35.673],[-93.667,35.657],[-93.683,35.642],[-93.679,35.625],[-93.666,35.619],[-93.62,35.628],[-93.582,35.612],[-93.567,35.619],[-93.57,35.635],[-93.555,35.649],[-93.487,35.646],[-93.484,35.734],[-93.52,35.734],[-93.519,35.764],[-93.592,35.76]],[[-95.002,35.638],[-94.989,35.646],[-94.966,35.638],[-94.835,35.639],[-94.844,35.675],[-94.856,35.678],[-94.867,35.696],[-94.861,35.699],[-94.861,35.745],[-94.893,35.764],[-94.896,35.789],[-94.886,35.797],[-94.918,35.816],[-94.916,35.824],[-94.903,35.82],[-94.9,35.828],[-94.95,35.827],[-94.95,35.844],[-94.968,35.847],[-94.968,35.856],[-94.95,35.856],[-94.95,35.871],[-94.98,35.858],[-94.968,35.846],[-94.968,35.827],[-95.004,35.827],[-95.003,35.813],[-94.99,35.813],[-94.99,35.798],[-95.003,35.798],[-95.003,35.763],[-95.094,35.769],[-95.096,35.731],[-95.107,35.732],[-95.108,35.751],[-95.127,35.759],[-95.127,35.639],[-95.002,35.638]],[[-96.739,35.702],[-96.745,35.724],[-96.787,35.724],[-96.787,35.695],[-96.734,35.695],[-96.739,35.702]],[[-95.553,35.724],[-95.553,35.711],[-95.536,35.711],[-95.536,35.736],[-95.53,35.735],[-95.536,35.74],[-95.536,35.769],[-95.527,35.769],[-95.531,35.783],[-95.518,35.784],[-95.518,35.793],[-95.563,35.788],[-95.581,35.769],[-95.571,35.755],[-95.553,35.759],[-95.553,35.724]],[[-94.454,35.872],[-94.432,35.865],[-94.432,35.872],[-94.454,35.872]],[[-94.863,36.176],[-94.851,36.181],[-94.869,36.182],[-94.868,36.199],[-94.833,36.205],[-94.833,36.213],[-94.869,36.212],[-94.869,36.205],[-94.878,36.205],[-94.877,36.191],[-94.887,36.191],[-94.887,36.18],[-94.863,36.176]],[[-97.074,36.121],[-97.069,36.128],[-97.087,36.13],[-97.087,36.123],[-97.074,36.121]],[[-96.725,36.145],[-96.713,36.145],[-96.714,36.154],[-96.731,36.152],[-96.725,36.145]],[[-94.137,35.505],[-94.15,35.494],[-94.141,35.484],[-94.124,35.482],[-94.123,35.494],[-94.133,35.493],[-94.132,35.506],[-94.137,35.505]],[[-93.729,35.406],[-93.745,35.405],[-93.745,35.375],[-93.758,35.374],[-93.754,35.366],[-93.71,35.375],[-93.709,35.407],[-93.729,35.406]],[[-94.399,35.373],[-94.398,35.393],[-94.426,35.406],[-94.442,35.381],[-94.485,35.368],[-94.481,35.35],[-94.495,35.343],[-94.495,35.332],[-94.468,35.332],[-94.476,35.321],[-94.465,35.317],[-94.463,35.322],[-94.434,35.317],[-94.434,35.328],[-94.401,35.328],[-94.4,35.341],[-94.408,35.342],[-94.396,35.351],[-94.403,35.357],[-94.396,35.357],[-94.399,35.373]],[[-95.667,35.13],[-95.698,35.098],[-95.699,35.078],[-95.678,35.076],[-95.689,35.066],[-95.679,35.057],[-95.692,35.055],[-95.693,35.038],[-95.706,35.037],[-95.701,35.053],[-95.709,35.051],[-95.702,35.035],[-95.666,35.051],[-95.666,35.094],[-95.643,35.106],[-95.675,35.115],[-95.671,35.123],[-95.657,35.122],[-95.657,35.13],[-95.667,35.13]],[[-94.354,35.089],[-94.345,35.094],[-94.358,35.099],[-94.354,35.089]],[[-95.721,34.93],[-95.725,34.925],[-95.711,34.92],[-95.711,34.928],[-95.721,34.93]],[[-95.575,34.864],[-95.587,34.862],[-95.589,34.847],[-95.569,34.838],[-95.567,34.844],[-95.575,34.843],[-95.569,34.862],[-95.575,34.864]],[[-94.121,33.788],[-94.137,33.783],[-94.128,33.773],[-94.148,33.76],[-94.148,33.741],[-94.127,33.758],[-94.103,33.747],[-94.113,33.742],[-94.103,33.741],[-94.101,33.732],[-94.08,33.736],[-94.094,33.712],[-94.069,33.725],[-94.064,33.737],[-94.076,33.74],[-94.061,33.756],[-94.042,33.759],[-94.041,33.782],[-94.121,33.788]],[[-94.254,33.772],[-94.267,33.771],[-94.253,33.767],[-94.254,33.772]],[[-94.141,33.454],[-94.147,33.446],[-94.135,33.441],[-94.14,33.428],[-94.127,33.424],[-94.119,33.434],[-94.104,33.434],[-94.113,33.452],[-94.141,33.454]],[[-94.616,33.41],[-94.625,33.408],[-94.618,33.377],[-94.684,33.322],[-94.679,33.307],[-94.641,33.288],[-94.613,33.259],[-94.623,33.252],[-94.65,33.259],[-94.652,33.276],[-94.675,33.286],[-94.677,33.295],[-94.687,33.293],[-94.691,33.312],[-94.696,33.307],[-94.701,33.316],[-94.728,33.309],[-94.736,33.295],[-94.783,33.289],[-94.811,33.273],[-94.812,33.288],[-94.829,33.309],[-94.857,33.316],[-94.871,33.303],[-94.892,33.301],[-94.892,33.289],[-94.909,33.29],[-94.909,33.265],[-94.926,33.265],[-94.926,33.226],[-94.901,33.226],[-94.9,33.237],[-94.879,33.247],[-94.874,33.243],[-94.89,33.225],[-94.891,33.211],[-94.876,33.205],[-94.875,33.186],[-94.855,33.184],[-94.874,33.175],[-94.875,33.165],[-94.855,33.163],[-94.853,33.137],[-94.838,33.135],[-94.834,33.118],[-94.827,33.118],[-94.827,33.098],[-94.802,33.081],[-94.783,33.079],[-94.778,33.057],[-94.74,33.058],[-94.727,33.046],[-94.725,33.059],[-94.741,33.072],[-94.741,33.086],[-94.731,33.086],[-94.733,33.112],[-94.699,33.112],[-94.691,33.122],[-94.676,33.123],[-94.653,33.117],[-94.658,33.089],[-94.692,33.092],[-94.692,33.073],[-94.684,33.073],[-94.692,33.054],[-94.671,33.051],[-94.702,33.043],[-94.702,33.037],[-94.667,33.026],[-94.667,33.014],[-94.632,32.998],[-94.654,32.998],[-94.654,32.967],[-94.634,32.961],[-94.63,32.927],[-94.594,32.944],[-94.597,32.96],[-94.579,32.953],[-94.54,32.957],[-94.539,32.974],[-94.503,32.964],[-94.48,32.968],[-94.481,32.978],[-94.468,32.985],[-94.472,32.996],[-94.456,33.012],[-94.517,33.008],[-94.528,33.023],[-94.524,33.038],[-94.543,33.053],[-94.536,33.069],[-94.548,33.085],[-94.521,33.091],[-94.498,33.079],[-94.504,33.124],[-94.443,33.112],[-94.435,33.124],[-94.422,33.126],[-94.417,33.118],[-94.395,33.12],[-94.397,33.1],[-94.391,33.097],[-94.373,33.103],[-94.354,33.096],[-94.352,33.123],[-94.321,33.127],[-94.318,33.137],[-94.297,33.148],[-94.305,33.19],[-94.246,33.206],[-94.248,33.217],[-94.268,33.234],[-94.236,33.231],[-94.229,33.244],[-94.235,33.245],[-94.23,33.249],[-94.239,33.26],[-94.233,33.271],[-94.24,33.275],[-94.215,33.286],[-94.215,33.33],[-94.209,33.33],[-94.209,33.362],[-94.218,33.368],[-94.247,33.362],[-94.263,33.381],[-94.286,33.377],[-94.288,33.399],[-94.324,33.398],[-94.359,33.408],[-94.363,33.393],[-94.372,33.393],[-94.366,33.365],[-94.388,33.361],[-94.387,33.339],[-94.396,33.339],[-94.404,33.321],[-94.424,33.323],[-94.436,33.346],[-94.447,33.336],[-94.475,33.343],[-94.471,33.374],[-94.495,33.387],[-94.503,33.374],[-94.52,33.372],[-94.524,33.385],[-94.539,33.389],[-94.54,33.368],[-94.58,33.363],[-94.578,33.374],[-94.556,33.375],[-94.555,33.391],[-94.587,33.387],[-94.586,33.418],[-94.615,33.418],[-94.616,33.41]],[[-95.045,33.115],[-95.033,33.116],[-95.033,33.129],[-95.025,33.129],[-95.032,33.159],[-95.11,33.161],[-95.11,33.167],[-95.113,33.16],[-95.125,33.16],[-95.126,33.119],[-95.12,33.114],[-95.081,33.12],[-95.059,33.109],[-95.045,33.115]],[[-95.645,33.416],[-95.646,33.434],[-95.662,33.434],[-95.663,33.401],[-95.645,33.416]],[[-93.307,32.207],[-93.323,32.181],[-93.319,32.17],[-93.293,32.166],[-93.293,32.178],[-93.278,32.182],[-93.279,32.21],[-93.307,32.207]],[[-92.738,31.67],[-92.726,31.631],[-92.758,31.63],[-92.757,31.607],[-92.773,31.618],[-92.777,31.605],[-92.795,31.605],[-92.801,31.597],[-92.788,31.579],[-92.756,31.558],[-92.761,31.547],[-92.717,31.525],[-92.718,31.519],[-92.73,31.52],[-92.738,31.509],[-92.765,31.509],[-92.785,31.527],[-92.784,31.515],[-92.799,31.52],[-92.815,31.517],[-92.813,31.506],[-92.828,31.508],[-92.824,31.5],[-92.833,31.491],[-92.795,31.484],[-92.783,31.471],[-92.859,31.497],[-92.844,31.511],[-92.855,31.518],[-92.875,31.511],[-92.867,31.521],[-92.872,31.529],[-92.883,31.525],[-92.916,31.535],[-92.932,31.49],[-92.91,31.487],[-92.913,31.476],[-92.94,31.461],[-92.942,31.433],[-92.963,31.424],[-92.943,31.419],[-92.938,31.434],[-92.925,31.436],[-92.918,31.432],[-92.918,31.418],[-92.886,31.408],[-92.888,31.39],[-92.918,31.383],[-92.93,31.413],[-92.955,31.414],[-93.005,31.374],[-92.981,31.339],[-92.88,31.317],[-92.88,31.289],[-92.863,31.289],[-92.863,31.274],[-92.846,31.27],[-92.846,31.253],[-92.83,31.252],[-92.829,31.165],[-92.818,31.16],[-92.804,31.166],[-92.801,31.156],[-92.762,31.184],[-92.742,31.188],[-92.759,31.143],[-92.723,31.144],[-92.722,31.127],[-92.743,31.131],[-92.723,31.121],[-92.727,31.109],[-92.707,31.107],[-92.71,31.094],[-92.695,31.096],[-92.695,31.121],[-92.688,31.101],[-92.664,31.109],[-92.643,31.093],[-92.637,31.094],[-92.641,31.109],[-92.673,31.131],[-92.676,31.144],[-92.654,31.144],[-92.649,31.156],[-92.628,31.143],[-92.627,31.167],[-92.622,31.158],[-92.595,31.19],[-92.592,31.168],[-92.603,31.145],[-92.614,31.143],[-92.602,31.129],[-92.61,31.114],[-92.544,31.125],[-92.547,31.095],[-92.526,31.09],[-92.518,31.097],[-92.519,31.118],[-92.509,31.116],[-92.509,31.108],[-92.469,31.087],[-92.476,31.061],[-92.457,31.081],[-92.442,31.077],[-92.41,31.032],[-92.376,31.014],[-92.369,31.053],[-92.374,31.056],[-92.35,31.072],[-92.356,31.076],[-92.345,31.089],[-92.313,31.096],[-92.287,31.083],[-92.258,31.08],[-92.241,31.111],[-92.21,31.114],[-92.187,31.171],[-92.143,31.2],[-92.155,31.213],[-92.171,31.198],[-92.192,31.217],[-92.168,31.226],[-92.19,31.251],[-92.176,31.269],[-92.189,31.288],[-92.188,31.306],[-92.217,31.322],[-92.233,31.319],[-92.233,31.256],[-92.269,31.249],[-92.294,31.253],[-92.297,31.271],[-92.307,31.271],[-92.324,31.283],[-92.322,31.293],[-92.331,31.293],[-92.33,31.319],[-92.305,31.312],[-92.299,31.325],[-92.309,31.335],[-92.282,31.325],[-92.273,31.338],[-92.249,31.335],[-92.253,31.345],[-92.246,31.351],[-92.254,31.357],[-92.244,31.367],[-92.263,31.363],[-92.253,31.405],[-92.279,31.422],[-92.28,31.461],[-92.45,31.429],[-92.458,31.447],[-92.454,31.466],[-92.469,31.465],[-92.48,31.458],[-92.481,31.441],[-92.466,31.426],[-92.479,31.417],[-92.485,31.421],[-92.483,31.411],[-92.519,31.403],[-92.526,31.413],[-92.52,31.422],[-92.535,31.431],[-92.532,31.469],[-92.549,31.469],[-92.57,31.449],[-92.59,31.464],[-92.581,31.477],[-92.559,31.476],[-92.559,31.493],[-92.549,31.494],[-92.566,31.529],[-92.556,31.542],[-92.569,31.559],[-92.601,31.566],[-92.612,31.548],[-92.624,31.568],[-92.649,31.558],[-92.644,31.546],[-92.656,31.55],[-92.654,31.629],[-92.665,31.621],[-92.656,31.631],[-92.66,31.636],[-92.654,31.634],[-92.654,31.656],[-92.665,31.656],[-92.664,31.634],[-92.68,31.642],[-92.693,31.63],[-92.692,31.643],[-92.706,31.648],[-92.703,31.664],[-92.713,31.676],[-92.745,31.686],[-92.738,31.67]],[[-92.507,31.54],[-92.494,31.52],[-92.514,31.523],[-92.523,31.54],[-92.531,31.538],[-92.53,31.515],[-92.555,31.524],[-92.541,31.516],[-92.538,31.494],[-92.528,31.485],[-92.52,31.497],[-92.493,31.494],[-92.493,31.516],[-92.487,31.502],[-92.468,31.5],[-92.468,31.49],[-92.451,31.496],[-92.433,31.521],[-92.469,31.514],[-92.467,31.533],[-92.425,31.524],[-92.42,31.532],[-92.448,31.541],[-92.507,31.54]],[[-92.231,31.108],[-92.227,31.075],[-92.21,31.068],[-92.198,31.05],[-92.201,31.041],[-92.191,31.04],[-92.182,31.023],[-92.159,31.02],[-92.15,31.029],[-92.147,31],[-92.136,30.985],[-92.098,30.974],[-92.11,30.959],[-92.086,30.974],[-92.073,30.972],[-92.066,30.935],[-92.017,30.916],[-92.023,30.893],[-92.012,30.916],[-91.991,30.919],[-91.993,30.93],[-91.982,30.942],[-91.992,30.94],[-91.992,30.976],[-91.977,30.983],[-91.975,31.009],[-91.993,31.018],[-91.999,31.037],[-92.006,31.024],[-92.038,31.035],[-92.051,31.019],[-92.078,31.014],[-92.096,31.022],[-92.091,31.035],[-92.122,31.033],[-92.127,31.039],[-92.124,31.051],[-92.113,31.055],[-92.119,31.065],[-92.106,31.07],[-92.131,31.094],[-92.167,31.079],[-92.175,31.09],[-92.186,31.093],[-92.191,31.086],[-92.214,31.097],[-92.214,31.109],[-92.231,31.108]],[[-94.606,31.078],[-94.624,31.138],[-94.617,31.152],[-94.623,31.215],[-94.613,31.22],[-94.62,31.247],[-94.611,31.278],[-94.633,31.288],[-94.614,31.286],[-94.612,31.31],[-94.592,31.308],[-94.593,31.325],[-94.572,31.341],[-94.56,31.338],[-94.563,31.35],[-94.571,31.352],[-94.547,31.365],[-94.546,31.381],[-94.578,31.373],[-94.584,31.384],[-94.569,31.389],[-94.564,31.404],[-94.542,31.419],[-94.545,31.432],[-94.584,31.434],[-94.588,31.448],[-94.628,31.439],[-94.669,31.462],[-94.657,31.512],[-94.648,31.517],[-94.666,31.525],[-94.654,31.576],[-94.659,31.618],[-94.63,31.621],[-94.581,31.65],[-94.525,31.699],[-94.52,31.711],[-94.533,31.716],[-94.497,31.723],[-94.48,31.743],[-94.519,31.748],[-94.505,31.74],[-94.505,31.725],[-94.518,31.724],[-94.519,31.732],[-94.559,31.734],[-94.556,31.757],[-94.58,31.75],[-94.584,31.742],[-94.575,31.735],[-94.605,31.733],[-94.603,31.741],[-94.629,31.743],[-94.64,31.755],[-94.642,31.78],[-94.61,31.778],[-94.61,31.789],[-94.6,31.791],[-94.611,31.821],[-94.603,31.844],[-94.756,31.844],[-94.745,31.834],[-94.761,31.81],[-94.758,31.778],[-94.788,31.797],[-94.782,31.784],[-94.79,31.769],[-94.78,31.753],[-94.827,31.714],[-94.815,31.707],[-94.821,31.66],[-94.859,31.667],[-94.851,31.685],[-94.858,31.714],[-94.841,31.714],[-94.849,31.731],[-94.845,31.763],[-94.871,31.718],[-94.921,31.733],[-94.96,31.727],[-94.973,31.738],[-94.967,31.754],[-94.945,31.752],[-94.926,31.762],[-94.975,31.782],[-94.978,31.794],[-94.954,31.797],[-94.942,31.818],[-94.948,31.827],[-94.935,31.834],[-94.937,31.846],[-94.986,31.845],[-95.032,31.883],[-95.057,31.887],[-95.061,31.879],[-95.073,31.878],[-95.114,31.917],[-95.171,31.9],[-95.172,31.873],[-95.184,31.866],[-95.213,31.871],[-95.218,31.889],[-95.229,31.88],[-95.232,31.852],[-95.242,31.85],[-95.241,31.843],[-95.27,31.842],[-95.274,31.828],[-95.263,31.819],[-95.276,31.809],[-95.311,31.799],[-95.318,31.818],[-95.309,31.82],[-95.305,31.846],[-95.319,31.848],[-95.347,31.84],[-95.354,31.814],[-95.404,31.803],[-95.394,31.788],[-95.402,31.761],[-95.358,31.75],[-95.363,31.737],[-95.372,31.737],[-95.367,31.727],[-95.335,31.735],[-95.343,31.718],[-95.334,31.712],[-95.329,31.718],[-95.326,31.704],[-95.311,31.706],[-95.312,31.697],[-95.283,31.676],[-95.284,31.663],[-95.276,31.656],[-95.286,31.648],[-95.282,31.635],[-95.288,31.633],[-95.265,31.625],[-95.259,31.611],[-95.274,31.591],[-95.256,31.575],[-95.224,31.577],[-95.209,31.57],[-95.17,31.585],[-95.14,31.563],[-95.148,31.553],[-95.144,31.54],[-95.126,31.539],[-95.124,31.531],[-95.12,31.535],[-95.1,31.519],[-95.095,31.498],[-95.111,31.484],[-95.104,31.474],[-95.097,31.476],[-95.101,31.468],[-95.071,31.464],[-95.064,31.471],[-95.046,31.445],[-95.006,31.445],[-95.012,31.436],[-95.003,31.426],[-94.866,31.527],[-94.861,31.514],[-94.851,31.505],[-94.84,31.508],[-94.821,31.483],[-94.804,31.49],[-94.793,31.479],[-94.778,31.481],[-94.765,31.469],[-94.729,31.462],[-94.726,31.412],[-94.71,31.371],[-94.73,31.337],[-94.727,31.301],[-94.74,31.299],[-94.735,31.287],[-94.728,31.298],[-94.73,31.286],[-94.752,31.25],[-94.737,31.252],[-94.737,31.259],[-94.717,31.249],[-94.71,31.253],[-94.704,31.232],[-94.718,31.229],[-94.714,31.192],[-94.673,31.193],[-94.635,31.107],[-94.644,31.105],[-94.647,31.093],[-94.606,31.078]],[[-95.411,31.834],[-95.407,31.845],[-95.387,31.849],[-95.393,31.871],[-95.372,31.885],[-95.394,31.895],[-95.396,31.904],[-95.433,31.891],[-95.435,31.866],[-95.446,31.855],[-95.447,31.843],[-95.411,31.834]],[[-94.444,31.578],[-94.471,31.575],[-94.48,31.562],[-94.453,31.538],[-94.45,31.508],[-94.469,31.514],[-94.474,31.528],[-94.513,31.529],[-94.497,31.551],[-94.527,31.555],[-94.529,31.532],[-94.537,31.528],[-94.533,31.516],[-94.522,31.513],[-94.523,31.486],[-94.507,31.462],[-94.485,31.478],[-94.458,31.464],[-94.442,31.471],[-94.451,31.456],[-94.481,31.445],[-94.49,31.426],[-94.514,31.429],[-94.51,31.412],[-94.474,31.381],[-94.469,31.384],[-94.471,31.372],[-94.456,31.352],[-94.448,31.318],[-94.395,31.302],[-94.383,31.274],[-94.358,31.26],[-94.357,31.247],[-94.328,31.223],[-94.324,31.23],[-94.34,31.241],[-94.329,31.251],[-94.34,31.263],[-94.322,31.286],[-94.327,31.292],[-94.315,31.309],[-94.323,31.322],[-94.313,31.338],[-94.331,31.36],[-94.323,31.385],[-94.327,31.4],[-94.314,31.403],[-94.305,31.422],[-94.325,31.44],[-94.313,31.46],[-94.316,31.496],[-94.307,31.492],[-94.312,31.495],[-94.305,31.497],[-94.302,31.512],[-94.311,31.516],[-94.308,31.521],[-94.369,31.522],[-94.382,31.53],[-94.38,31.557],[-94.389,31.568],[-94.42,31.568],[-94.444,31.578]],[[-93.377,31.415],[-93.405,31.399],[-93.388,31.383],[-93.388,31.364],[-93.407,31.336],[-93.414,31.34],[-93.406,31.346],[-93.433,31.34],[-93.427,31.352],[-93.441,31.362],[-93.452,31.362],[-93.454,31.353],[-93.442,31.338],[-93.45,31.324],[-93.422,31.312],[-93.415,31.323],[-93.406,31.323],[-93.417,31.308],[-93.408,31.301],[-93.417,31.282],[-93.392,31.263],[-93.373,31.292],[-93.366,31.278],[-93.347,31.28],[-93.337,31.291],[-93.332,31.32],[-93.26,31.321],[-93.287,31.296],[-93.282,31.282],[-93.235,31.306],[-93.236,31.321],[-93.222,31.321],[-93.231,31.338],[-93.232,31.365],[-93.338,31.364],[-93.339,31.407],[-93.368,31.401],[-93.377,31.415]],[[-93.017,31.276],[-93.026,31.276],[-93.021,31.262],[-92.999,31.263],[-92.998,31.276],[-93.017,31.276]],[[-93.914,31.262],[-93.9,31.277],[-93.891,31.318],[-93.909,31.31],[-93.912,31.318],[-93.9,31.319],[-93.9,31.327],[-93.915,31.34],[-93.927,31.343],[-93.938,31.327],[-93.969,31.318],[-93.979,31.289],[-94.025,31.301],[-94.03,31.27],[-94.004,31.261],[-94.029,31.251],[-94.026,31.234],[-94.039,31.218],[-94.042,31.169],[-94.031,31.168],[-94.029,31.176],[-94.024,31.168],[-94.019,31.177],[-94.012,31.175],[-94.01,31.186],[-93.901,31.169],[-93.9,31.184],[-93.913,31.197],[-93.919,31.218],[-93.914,31.262]],[[-92.986,31.617],[-92.995,31.638],[-92.959,31.639],[-92.957,31.647],[-93,31.656],[-92.997,31.642],[-93.007,31.64],[-92.994,31.625],[-92.998,31.617],[-92.983,31.606],[-92.986,31.617]],[[-94.603,31.951],[-94.564,31.952],[-94.558,31.959],[-94.565,31.974],[-94.549,31.974],[-94.548,31.984],[-94.531,31.995],[-94.522,31.993],[-94.524,31.982],[-94.516,31.995],[-94.471,31.995],[-94.472,32.023],[-94.482,32.034],[-94.472,32.052],[-94.483,32.095],[-94.515,32.081],[-94.518,32.086],[-94.567,32.073],[-94.58,32.098],[-94.598,32.103],[-94.61,32.098],[-94.602,32.056],[-94.623,32.052],[-94.602,32.044],[-94.601,32.032],[-94.61,32.033],[-94.656,31.977],[-94.636,31.97],[-94.615,31.974],[-94.603,31.951]],[[-94.958,32.11],[-94.936,32.135],[-94.947,32.138],[-94.95,32.129],[-94.981,32.11],[-94.985,32.12],[-94.985,32.107],[-94.958,32.11]],[[-97.079,30.771],[-97.123,30.77],[-97.132,30.747],[-97.069,30.74],[-97.049,30.774],[-97.079,30.771]],[[-96.467,30.486],[-96.458,30.485],[-96.468,30.492],[-96.467,30.486]],[[-92.824,30.879],[-92.875,30.876],[-92.825,30.876],[-92.832,30.854],[-92.784,30.859],[-92.785,30.873],[-92.79,30.875],[-92.788,30.866],[-92.8,30.872],[-92.814,30.888],[-92.824,30.889],[-92.824,30.879]],[[-94.469,30.862],[-94.459,30.871],[-94.48,30.874],[-94.477,30.862],[-94.469,30.862]],[[-92.947,30.768],[-92.953,30.737],[-92.99,30.758],[-93.003,30.753],[-93.002,30.763],[-93.02,30.77],[-93.02,30.751],[-93.001,30.753],[-92.996,30.729],[-93.037,30.705],[-93.046,30.672],[-93.101,30.672],[-93.113,30.687],[-93.14,30.668],[-93.149,30.66],[-93.138,30.648],[-93.148,30.624],[-93.148,30.598],[-93.093,30.598],[-93.088,30.605],[-93.069,30.606],[-93.069,30.598],[-92.979,30.598],[-92.979,30.639],[-92.971,30.657],[-92.96,30.66],[-92.96,30.672],[-92.974,30.668],[-92.978,30.69],[-92.952,30.692],[-92.953,30.679],[-92.94,30.674],[-92.944,30.693],[-92.935,30.694],[-92.931,30.706],[-92.915,30.712],[-92.891,30.7],[-92.906,30.726],[-92.904,30.746],[-92.927,30.764],[-92.947,30.768],[-92.947,30.788],[-92.92,30.774],[-92.92,30.811],[-92.978,30.825],[-93.01,30.849],[-93.015,30.84],[-93.003,30.834],[-93,30.823],[-92.987,30.828],[-92.99,30.808],[-92.977,30.789],[-92.977,30.774],[-92.963,30.766],[-92.947,30.768]],[[-92.089,30.44],[-92.101,30.435],[-92.099,30.428],[-92.125,30.431],[-92.125,30.416],[-92.14,30.422],[-92.135,30.408],[-92.146,30.408],[-92.145,30.421],[-92.151,30.422],[-92.151,30.4],[-92.167,30.4],[-92.167,30.371],[-92.137,30.372],[-92.139,30.364],[-92.129,30.364],[-92.136,30.33],[-92.116,30.328],[-92.116,30.321],[-92.134,30.321],[-92.127,30.298],[-92.106,30.291],[-92.075,30.298],[-92.058,30.291],[-92.059,30.298],[-92.039,30.298],[-92.041,30.307],[-92.031,30.311],[-92.025,30.296],[-92.03,30.31],[-92.006,30.32],[-91.99,30.311],[-91.996,30.307],[-91.987,30.306],[-91.983,30.294],[-91.973,30.293],[-91.978,30.305],[-91.962,30.312],[-91.966,30.327],[-91.953,30.339],[-91.954,30.36],[-91.992,30.37],[-92.002,30.364],[-92.015,30.372],[-92.026,30.36],[-92.034,30.362],[-92.043,30.376],[-92.028,30.41],[-92.049,30.42],[-92.056,30.415],[-92.071,30.44],[-92.089,30.44]],[[-92.046,30.225],[-92.052,30.223],[-92.047,30.215],[-92.041,30.219],[-92.046,30.225]],[[-91.98,29.957],[-92.006,29.954],[-92.014,29.926],[-92.005,29.939],[-91.997,29.932],[-91.997,29.938],[-91.988,29.937],[-91.997,29.919],[-91.978,29.928],[-91.963,29.947],[-91.979,29.95],[-91.98,29.957]],[[-91.524,29.883],[-91.526,29.869],[-91.548,29.86],[-91.555,29.861],[-91.552,29.873],[-91.577,29.871],[-91.543,29.841],[-91.57,29.834],[-91.55,29.82],[-91.538,29.825],[-91.543,29.835],[-91.524,29.865],[-91.524,29.883]],[[-93.462,38.402],[-93.477,38.402],[-93.476,38.417],[-93.42,38.415],[-93.418,38.452],[-93.437,38.452],[-93.44,38.482],[-93.403,38.48],[-93.402,38.51],[-93.365,38.508],[-93.364,38.537],[-93.387,38.538],[-93.387,38.549],[-93.373,38.549],[-93.378,38.564],[-93.388,38.567],[-93.384,38.554],[-93.4,38.548],[-93.399,38.568],[-93.419,38.568],[-93.417,38.583],[-93.454,38.584],[-93.456,38.54],[-93.475,38.541],[-93.473,38.57],[-93.487,38.57],[-93.5,38.541],[-93.512,38.538],[-93.511,38.556],[-93.492,38.57],[-93.49,38.614],[-93.502,38.616],[-93.496,38.624],[-93.515,38.627],[-93.514,38.645],[-93.523,38.646],[-93.527,38.664],[-93.587,38.661],[-93.593,38.639],[-93.608,38.64],[-93.605,38.617],[-93.591,38.616],[-93.593,38.587],[-93.607,38.588],[-93.608,38.566],[-93.676,38.56],[-93.673,38.525],[-93.637,38.516],[-93.605,38.519],[-93.604,38.529],[-93.577,38.529],[-93.596,38.485],[-93.575,38.485],[-93.569,38.477],[-93.595,38.475],[-93.607,38.457],[-93.561,38.448],[-93.561,38.434],[-93.568,38.43],[-93.56,38.419],[-93.513,38.417],[-93.515,38.392],[-93.455,38.387],[-93.454,38.402],[-93.462,38.402]],[[-93.532,38.72],[-93.531,38.739],[-93.54,38.739],[-93.539,38.752],[-93.556,38.74],[-93.577,38.745],[-93.579,38.715],[-93.532,38.713],[-93.532,38.72]],[[-93.491,39.032],[-93.491,39.045],[-93.416,39.042],[-93.414,39.068],[-93.304,39.067],[-93.301,39.11],[-93.32,39.111],[-93.318,39.14],[-93.299,39.14],[-93.299,39.154],[-93.309,39.155],[-93.308,39.17],[-93.298,39.17],[-93.298,39.176],[-93.258,39.174],[-93.26,39.188],[-93.245,39.189],[-93.242,39.211],[-93.259,39.211],[-93.258,39.233],[-93.162,39.234],[-93.157,39.226],[-93.134,39.226],[-93.135,39.196],[-93.097,39.196],[-93.099,39.122],[-92.945,39.119],[-92.94,39.127],[-92.911,39.131],[-92.911,39.111],[-92.889,39.093],[-92.859,39.106],[-92.841,39.102],[-92.847,39.093],[-92.84,39.085],[-92.808,39.092],[-92.835,39.101],[-92.829,39.11],[-92.813,39.103],[-92.807,39.115],[-92.81,39.136],[-92.842,39.15],[-92.842,39.163],[-92.784,39.158],[-92.767,39.171],[-92.767,39.199],[-92.758,39.199],[-92.763,39.21],[-92.744,39.227],[-92.758,39.234],[-92.757,39.245],[-92.773,39.265],[-92.784,39.266],[-92.774,39.273],[-92.787,39.281],[-92.775,39.301],[-92.764,39.3],[-92.763,39.336],[-92.79,39.344],[-92.804,39.316],[-92.836,39.316],[-92.837,39.307],[-92.905,39.311],[-92.918,39.295],[-92.92,39.304],[-92.94,39.304],[-92.956,39.319],[-92.958,39.311],[-93.045,39.318],[-93.043,39.348],[-92.874,39.345],[-92.869,39.483],[-92.86,39.483],[-92.85,39.502],[-92.831,39.509],[-92.831,39.519],[-92.868,39.518],[-92.864,39.599],[-92.909,39.599],[-92.904,39.594],[-92.912,39.579],[-92.975,39.583],[-92.973,39.615],[-93.057,39.616],[-93.056,39.643],[-93.085,39.626],[-93.084,39.661],[-93.122,39.661],[-93.122,39.616],[-93.198,39.616],[-93.2,39.572],[-93.266,39.573],[-93.27,39.56],[-93.258,39.554],[-93.267,39.547],[-93.254,39.542],[-93.266,39.542],[-93.271,39.534],[-93.286,39.538],[-93.276,39.53],[-93.366,39.529],[-93.365,39.515],[-93.393,39.515],[-93.403,39.519],[-93.403,39.529],[-93.422,39.529],[-93.421,39.442],[-93.413,39.443],[-93.412,39.428],[-93.384,39.428],[-93.384,39.414],[-93.348,39.414],[-93.329,39.418],[-93.329,39.428],[-93.31,39.428],[-93.31,39.385],[-93.319,39.385],[-93.319,39.356],[-93.207,39.352],[-93.227,39.328],[-93.253,39.339],[-93.276,39.312],[-93.337,39.307],[-93.345,39.287],[-93.329,39.254],[-93.388,39.227],[-93.414,39.233],[-93.405,39.264],[-93.446,39.269],[-93.463,39.292],[-93.477,39.293],[-93.485,39.154],[-93.504,39.155],[-93.505,39.137],[-93.522,39.137],[-93.522,39.167],[-93.546,39.159],[-93.553,39.164],[-93.57,39.151],[-93.601,39.152],[-93.602,39.139],[-93.59,39.137],[-93.591,39.108],[-93.603,39.108],[-93.604,39.093],[-93.589,39.093],[-93.589,39.057],[-93.534,39.054],[-93.535,39.043],[-93.524,39.039],[-93.522,39.024],[-93.492,39.023],[-93.491,39.032]],[[-94.118,39.132],[-94.124,39.132],[-94.123,39.143],[-94.132,39.143],[-94.133,39.135],[-94.149,39.137],[-94.118,39.132]],[[-93.974,39.143],[-93.942,39.158],[-93.94,39.18],[-93.904,39.183],[-93.872,39.206],[-93.872,39.236],[-93.909,39.228],[-93.909,39.243],[-93.947,39.248],[-93.941,39.242],[-93.946,39.229],[-93.977,39.217],[-93.977,39.208],[-93.955,39.19],[-93.963,39.176],[-93.982,39.169],[-93.989,39.153],[-93.974,39.143]],[[-93.674,39.616],[-93.678,39.635],[-93.656,39.652],[-93.661,39.656],[-93.641,39.666],[-93.651,39.664],[-93.648,39.7],[-93.592,39.702],[-93.58,39.714],[-93.58,39.73],[-93.541,39.735],[-93.534,39.741],[-93.537,39.751],[-93.559,39.755],[-93.566,39.747],[-93.571,39.758],[-93.577,39.75],[-93.583,39.758],[-93.594,39.752],[-93.593,39.764],[-93.601,39.757],[-93.63,39.763],[-93.624,39.754],[-93.634,39.752],[-93.634,39.759],[-93.655,39.759],[-93.658,39.768],[-93.686,39.765],[-93.691,39.774],[-93.696,39.768],[-93.693,39.779],[-93.701,39.772],[-93.697,39.781],[-93.716,39.777],[-93.71,39.788],[-93.718,39.783],[-93.732,39.791],[-93.737,39.785],[-93.732,39.792],[-93.739,39.794],[-93.755,39.789],[-93.751,39.795],[-93.759,39.807],[-93.759,39.742],[-93.741,39.743],[-93.742,39.698],[-93.72,39.699],[-93.716,39.67],[-93.74,39.67],[-93.738,39.655],[-93.758,39.655],[-93.758,39.611],[-93.674,39.616]],[[-93.76,39.807],[-93.76,39.839],[-93.779,39.847],[-93.76,39.847],[-93.76,39.879],[-93.777,39.878],[-93.765,39.874],[-93.765,39.861],[-93.774,39.861],[-93.777,39.852],[-93.803,39.865],[-93.803,39.88],[-93.862,39.877],[-93.863,39.867],[-93.854,39.872],[-93.848,39.864],[-93.854,39.857],[-93.832,39.861],[-93.814,39.85],[-93.815,39.839],[-93.802,39.833],[-93.809,39.821],[-93.796,39.811],[-93.792,39.818],[-93.788,39.809],[-93.773,39.818],[-93.771,39.811],[-93.761,39.811],[-93.769,39.807],[-93.76,39.807]],[[-94.821,39.281],[-94.821,39.29],[-94.835,39.289],[-94.828,39.275],[-94.821,39.281]],[[-94.503,39.31],[-94.473,39.31],[-94.473,39.333],[-94.542,39.328],[-94.584,39.333],[-94.584,39.34],[-94.585,39.309],[-94.503,39.31]]],[[[-77.716,40.358],[-77.735,40.338],[-77.741,40.348],[-77.827,40.25],[-77.814,40.243],[-77.776,40.28],[-77.756,40.281],[-77.756,40.275],[-77.776,40.272],[-77.833,40.201],[-77.846,40.202],[-77.857,40.187],[-77.805,40.179],[-77.817,40.159],[-77.84,40.163],[-77.858,40.141],[-77.863,40.124],[-77.856,40.101],[-77.884,40.076],[-77.866,40.06],[-77.832,40.07],[-77.829,40.065],[-77.859,40.041],[-77.877,40.014],[-77.857,40.008],[-77.775,40.083],[-77.762,40.082],[-77.723,40.113],[-77.708,40.116],[-77.718,40.128],[-77.744,40.114],[-77.761,40.123],[-77.745,40.126],[-77.699,40.159],[-77.685,40.16],[-77.638,40.137],[-77.643,40.124],[-77.631,40.116],[-77.663,40.107],[-77.647,40.109],[-77.63,40.093],[-77.608,40.1],[-77.599,40.081],[-77.569,40.093],[-77.587,40.116],[-77.563,40.117],[-77.559,40.105],[-77.547,40.114],[-77.549,40.12],[-77.561,40.118],[-77.545,40.121],[-77.553,40.133],[-77.541,40.124],[-77.544,40.119],[-77.521,40.122],[-77.516,40.11],[-77.509,40.12],[-77.524,40.133],[-77.515,40.139],[-77.502,40.134],[-77.501,40.14],[-77.484,40.124],[-77.472,40.137],[-77.452,40.13],[-77.44,40.134],[-77.45,40.122],[-77.437,40.113],[-77.413,40.13],[-77.411,40.114],[-77.399,40.121],[-77.391,40.113],[-77.371,40.117],[-77.366,40.102],[-77.404,40.09],[-77.409,40.095],[-77.434,40.082],[-77.424,40.074],[-77.39,40.093],[-77.368,40.055],[-77.406,40.071],[-77.404,40.055],[-77.356,40.006],[-77.385,39.998],[-77.399,40.009],[-77.41,40.001],[-77.426,40.009],[-77.429,40.022],[-77.45,40.02],[-77.434,40.002],[-77.438,39.995],[-77.413,39.998],[-77.432,39.984],[-77.355,39.942],[-77.341,39.947],[-77.314,39.927],[-77.342,39.902],[-77.356,39.898],[-77.383,39.908],[-77.398,39.895],[-77.348,39.89],[-77.338,39.882],[-77.347,39.873],[-77.326,39.86],[-77.32,39.841],[-77.341,39.826],[-77.374,39.831],[-77.378,39.821],[-77.348,39.81],[-77.354,39.806],[-77.336,39.784],[-77.324,39.783],[-77.332,39.789],[-77.301,39.779],[-77.314,39.769],[-77.286,39.742],[-77.305,39.72],[-77.479,39.72],[-77.472,39.727],[-77.48,39.738],[-77.465,39.74],[-77.46,39.76],[-77.464,39.827],[-77.488,39.847],[-77.52,39.849],[-77.529,39.835],[-77.559,39.845],[-77.561,39.867],[-77.572,39.874],[-77.607,39.845],[-77.612,39.824],[-77.625,39.838],[-77.637,39.828],[-77.649,39.837],[-77.672,39.805],[-77.685,39.808],[-77.675,39.82],[-77.686,39.818],[-77.701,39.832],[-77.711,39.824],[-77.709,39.836],[-77.732,39.844],[-77.753,39.84],[-77.758,39.851],[-77.744,39.847],[-77.739,39.853],[-77.774,39.866],[-77.778,39.89],[-77.785,39.893],[-77.781,39.9],[-77.76,39.9],[-77.754,39.915],[-77.742,39.921],[-77.755,39.931],[-77.766,39.923],[-77.771,39.933],[-77.797,39.943],[-77.804,39.948],[-77.797,39.96],[-77.824,39.959],[-77.817,39.954],[-77.818,39.937],[-77.836,39.923],[-77.84,39.906],[-77.881,39.906],[-77.891,39.895],[-77.914,39.92],[-77.953,39.918],[-77.976,39.871],[-78.019,39.88],[-78.056,39.847],[-78.07,39.85],[-78.081,39.825],[-78.101,39.824],[-78.092,39.816],[-78.102,39.814],[-78.094,39.811],[-78.102,39.808],[-78.092,39.802],[-78.093,39.794],[-78.072,39.788],[-78.078,39.779],[-78.096,39.779],[-78.102,39.768],[-78.111,39.774],[-78.095,39.792],[-78.121,39.805],[-78.109,39.816],[-78.116,39.821],[-78.11,39.849],[-78.138,39.846],[-78.13,39.832],[-78.145,39.825],[-78.148,39.813],[-78.137,39.807],[-78.144,39.802],[-78.137,39.798],[-78.145,39.797],[-78.132,39.793],[-78.132,39.785],[-78.149,39.777],[-78.146,39.772],[-78.162,39.776],[-78.165,39.77],[-78.148,39.764],[-78.123,39.772],[-78.145,39.73],[-78.141,39.722],[-78.331,39.723],[-78.353,39.732],[-78.362,39.745],[-78.325,39.789],[-78.345,39.798],[-78.361,39.782],[-78.366,39.793],[-78.383,39.8],[-78.395,39.78],[-78.405,39.782],[-78.397,39.767],[-78.408,39.759],[-78.429,39.761],[-78.442,39.747],[-78.464,39.755],[-78.46,39.761],[-78.493,39.742],[-78.501,39.753],[-78.515,39.755],[-78.52,39.73],[-78.538,39.722],[-78.961,39.723],[-78.983,39.728],[-78.997,39.742],[-78.971,39.748],[-78.982,39.751],[-78.999,39.749],[-79.022,39.732],[-79.049,39.73],[-79.062,39.753],[-79.054,39.756],[-79.053,39.772],[-79.076,39.773],[-79.072,39.763],[-79.092,39.759],[-79.119,39.785],[-79.138,39.788],[-79.143,39.77],[-79.165,39.776],[-79.169,39.771],[-79.178,39.779],[-79.189,39.763],[-79.205,39.771],[-79.183,39.798],[-79.166,39.794],[-79.169,39.805],[-79.15,39.809],[-79.146,39.825],[-79.132,39.835],[-79.1,39.813],[-79.096,39.818],[-79.105,39.83],[-79.092,39.843],[-79.075,39.833],[-79.061,39.836],[-79.06,39.845],[-79.046,39.834],[-79.039,39.837],[-79.051,39.85],[-79.038,39.847],[-79.035,39.855],[-79.016,39.86],[-79.031,39.868],[-79.02,39.872],[-79.009,39.871],[-79.012,39.851],[-78.988,39.849],[-78.99,39.841],[-78.978,39.838],[-78.974,39.851],[-78.984,39.851],[-78.98,39.86],[-78.989,39.859],[-78.977,39.861],[-78.97,39.877],[-78.961,39.876],[-78.949,39.849],[-78.885,39.918],[-78.875,39.91],[-78.841,39.922],[-78.835,39.938],[-78.794,39.945],[-78.781,39.934],[-78.768,39.942],[-78.769,39.954],[-78.752,39.95],[-78.709,39.965],[-78.673,39.966],[-78.673,39.954],[-78.663,39.948],[-78.635,39.953],[-78.642,39.941],[-78.612,39.924],[-78.576,39.972],[-78.559,39.979],[-78.552,40],[-78.556,40.014],[-78.546,40.024],[-78.552,40.047],[-78.569,40.042],[-78.592,40.049],[-78.584,40.063],[-78.605,40.081],[-78.596,40.094],[-78.6,40.105],[-78.566,40.116],[-78.559,40.11],[-78.568,40.104],[-78.551,40.094],[-78.543,40.101],[-78.534,40.088],[-78.526,40.11],[-78.542,40.116],[-78.526,40.126],[-78.522,40.137],[-78.528,40.143],[-78.508,40.146],[-78.496,40.154],[-78.498,40.16],[-78.484,40.151],[-78.458,40.15],[-78.437,40.121],[-78.404,40.107],[-78.401,40.099],[-78.372,40.108],[-78.365,40.095],[-78.343,40.101],[-78.294,40.091],[-78.309,40.082],[-78.301,40.075],[-78.315,40.075],[-78.307,40.065],[-78.323,40.065],[-78.311,40.055],[-78.325,40.053],[-78.318,40.05],[-78.301,40.05],[-78.229,40.088],[-78.206,40.087],[-78.158,40.122],[-78.131,40.167],[-78.15,40.174],[-78.135,40.195],[-78.144,40.193],[-78.15,40.206],[-78.135,40.209],[-78.132,40.22],[-78.152,40.239],[-78.149,40.251],[-78.121,40.277],[-78.127,40.281],[-78.121,40.287],[-78.078,40.262],[-78.103,40.234],[-78.096,40.219],[-78.082,40.216],[-78.087,40.211],[-78.048,40.208],[-78.037,40.242],[-78.028,40.24],[-78.037,40.212],[-78.018,40.208],[-78.005,40.216],[-78.001,40.21],[-77.998,40.233],[-77.984,40.233],[-77.987,40.252],[-77.975,40.282],[-77.921,40.257],[-77.932,40.241],[-77.919,40.232],[-77.905,40.246],[-77.895,40.241],[-77.886,40.273],[-77.856,40.263],[-77.733,40.399],[-77.662,40.456],[-77.641,40.423],[-77.69,40.388],[-77.716,40.358]],[[-77.724,39.987],[-77.685,39.987],[-77.681,40.001],[-77.654,40.023],[-77.661,40.025],[-77.663,40.04],[-77.654,40.053],[-77.707,40.06],[-77.715,40.053],[-77.729,40.062],[-77.785,40.017],[-77.724,39.987]],[[-77.705,39.859],[-77.699,39.852],[-77.687,39.854],[-77.705,39.859]]],[[[-109.003,40.542],[-108.99,40.535],[-108.99,40.521],[-108.982,40.53],[-108.962,40.529],[-108.957,40.519],[-108.944,40.53],[-108.916,40.524],[-108.931,40.517],[-108.921,40.516],[-108.926,40.508],[-108.918,40.506],[-108.919,40.497],[-108.905,40.493],[-108.911,40.487],[-108.903,40.471],[-108.871,40.496],[-108.873,40.484],[-108.856,40.486],[-108.864,40.482],[-108.858,40.476],[-108.87,40.472],[-108.846,40.465],[-108.832,40.483],[-108.814,40.477],[-108.812,40.495],[-108.773,40.502],[-108.768,40.484],[-108.743,40.492],[-108.72,40.475],[-108.668,40.467],[-108.661,40.458],[-108.645,40.47],[-108.615,40.453],[-108.613,40.445],[-108.56,40.473],[-108.55,40.461],[-108.51,40.449],[-108.502,40.429],[-108.526,40.398],[-108.535,40.398],[-108.551,40.369],[-108.564,40.363],[-108.588,40.404],[-108.59,40.372],[-108.606,40.371],[-108.605,40.347],[-108.587,40.343],[-108.591,40.334],[-108.58,40.301],[-108.56,40.278],[-108.59,40.248],[-108.615,40.244],[-108.624,40.233],[-108.621,40.222],[-108.315,40.222],[-108.317,40.21],[-108.326,40.206],[-108.326,40.189],[-108.359,40.188],[-108.37,40.169],[-108.346,40.153],[-108.344,40.159],[-108.336,40.148],[-108.32,40.147],[-108.309,40.131],[-108.283,40.119],[-108.26,40.136],[-108.256,40.15],[-108.239,40.143],[-108.218,40.113],[-108.226,40.086],[-108.258,40.048],[-108.252,40.009],[-108.185,40.007],[-108.13,39.975],[-108.082,39.903],[-108.039,39.882],[-108.037,39.84],[-108.018,39.845],[-108.003,39.831],[-107.981,39.834],[-107.977,39.828],[-107.976,39.834],[-107.96,39.833],[-107.953,39.856],[-107.952,39.824],[-107.939,39.813],[-107.939,39.825],[-107.612,39.829],[-107.608,39.808],[-107.613,39.802],[-107.63,39.805],[-107.634,39.787],[-107.656,39.772],[-107.645,39.761],[-107.654,39.746],[-107.647,39.733],[-107.658,39.719],[-107.657,39.708],[-107.668,39.699],[-107.676,39.705],[-107.677,39.685],[-107.67,39.679],[-107.698,39.678],[-107.7,39.648],[-107.678,39.644],[-107.669,39.629],[-107.652,39.629],[-107.654,39.608],[-107.663,39.605],[-107.666,39.59],[-107.689,39.587],[-107.695,39.571],[-107.709,39.579],[-107.709,39.564],[-107.682,39.564],[-107.691,39.55],[-107.677,39.547],[-107.708,39.546],[-107.716,39.537],[-107.707,39.518],[-107.732,39.52],[-107.743,39.498],[-107.733,39.482],[-107.733,39.453],[-107.701,39.454],[-107.699,39.46],[-107.698,39.45],[-107.765,39.416],[-107.792,39.386],[-107.784,39.379],[-107.793,39.376],[-107.794,39.366],[-107.87,39.366],[-107.87,39.379],[-107.892,39.381],[-107.917,39.444],[-107.916,39.453],[-107.903,39.455],[-107.882,39.48],[-107.938,39.481],[-107.942,39.496],[-107.974,39.478],[-108.022,39.474],[-108.047,39.455],[-108.075,39.47],[-107.997,39.489],[-108.006,39.496],[-108.007,39.51],[-107.987,39.531],[-107.967,39.538],[-107.957,39.531],[-107.888,39.579],[-107.894,39.586],[-107.891,39.603],[-107.914,39.629],[-107.944,39.694],[-108.283,39.695],[-108.32,39.65],[-108.291,39.613],[-108.259,39.603],[-108.258,39.595],[-108.237,39.582],[-108.242,39.573],[-108.229,39.555],[-108.227,39.532],[-108.218,39.524],[-108.193,39.533],[-108.195,39.524],[-108.179,39.508],[-108.179,39.491],[-108.166,39.491],[-108.165,39.479],[-108.174,39.472],[-108.17,39.456],[-108.161,39.453],[-108.161,39.403],[-108.17,39.366],[-108.102,39.366],[-108.102,39.354],[-108.09,39.346],[-108.104,39.342],[-108.104,39.299],[-108.158,39.297],[-108.158,39.268],[-108.147,39.268],[-108.147,39.253],[-108.14,39.249],[-108.161,39.232],[-108.139,39.203],[-108.141,39.191],[-108.167,39.188],[-108.194,39.201],[-108.259,39.191],[-108.276,39.178],[-108.281,39.184],[-108.304,39.168],[-108.303,39.153],[-108.316,39.147],[-108.332,39.119],[-108.411,39.125],[-108.413,39.134],[-108.459,39.16],[-108.468,39.19],[-108.495,39.218],[-108.499,39.233],[-108.517,39.236],[-108.515,39.248],[-108.529,39.249],[-108.527,39.258],[-108.537,39.263],[-108.558,39.257],[-108.548,39.284],[-108.572,39.269],[-108.569,39.281],[-108.578,39.282],[-108.579,39.297],[-108.566,39.313],[-108.569,39.34],[-108.532,39.366],[-109.051,39.367],[-109.05,40.54],[-109.022,40.535],[-109.012,40.545],[-109.003,40.542]]],[[[-80.116,40.674],[-80.114,40.662],[-80.132,40.662],[-80.132,40.673],[-80.116,40.674]]],[[[-93.557,40.696],[-93.556,40.674],[-93.532,40.682],[-93.527,40.675],[-93.513,40.675],[-93.511,40.682],[-93.442,40.681],[-93.442,40.652],[-93.414,40.652],[-93.413,40.594],[-93.399,40.594],[-93.398,40.58],[-93.671,40.578],[-93.672,40.638],[-93.633,40.638],[-93.639,40.652],[-93.632,40.696],[-93.557,40.696]]],[[[-73.748,40.781],[-73.715,40.761],[-73.721,40.757],[-73.711,40.749],[-73.681,40.755],[-73.689,40.757],[-73.687,40.767],[-73.66,40.761],[-73.651,40.737],[-73.688,40.725],[-73.686,40.683],[-73.68,40.683],[-73.69,40.65],[-73.713,40.65],[-73.732,40.639],[-73.707,40.617],[-73.706,40.602],[-73.699,40.597],[-73.694,40.605],[-73.687,40.593],[-73.736,40.597],[-73.788,40.587],[-73.779,40.61],[-73.774,40.607],[-73.782,40.598],[-73.768,40.598],[-73.774,40.613],[-73.755,40.61],[-73.767,40.62],[-73.745,40.629],[-73.743,40.643],[-73.751,40.654],[-73.733,40.685],[-73.747,40.69],[-73.754,40.714],[-73.71,40.727],[-73.723,40.755],[-73.735,40.742],[-73.757,40.762],[-73.755,40.778],[-73.748,40.781]]],[[[-123.088,40.96],[-123.085,40.925],[-123.104,40.927],[-123.106,40.787],[-123.127,40.787],[-123.128,40.769],[-123.136,40.77],[-123.14,40.761],[-123.137,40.75],[-123.129,40.759],[-123.125,40.752],[-123.132,40.74],[-123.103,40.736],[-123.097,40.748],[-123.086,40.751],[-123.061,40.736],[-123.063,40.726],[-123.049,40.715],[-123.092,40.712],[-123.069,40.705],[-123.063,40.699],[-123.071,40.693],[-123.06,40.691],[-123.081,40.69],[-123.097,40.675],[-123.114,40.686],[-123.129,40.681],[-123.158,40.654],[-123.17,40.662],[-123.169,40.67],[-123.194,40.667],[-123.217,40.679],[-123.231,40.675],[-123.236,40.688],[-123.263,40.701],[-123.281,40.699],[-123.291,40.718],[-123.274,40.72],[-123.277,40.73],[-123.264,40.741],[-123.285,40.753],[-123.282,40.761],[-123.308,40.766],[-123.308,40.779],[-123.329,40.772],[-123.34,40.776],[-123.306,40.787],[-123.301,40.814],[-123.281,40.84],[-123.274,40.86],[-123.29,40.89],[-123.226,40.929],[-123.23,40.946],[-123.194,40.953],[-123.163,40.941],[-123.153,40.945],[-123.157,40.935],[-123.088,40.96]]],[[[-77.918,41.051],[-77.899,41.034],[-77.876,41.032],[-77.882,41.02],[-77.891,41.019],[-77.875,41.009],[-77.883,40.989],[-77.878,40.962],[-77.846,40.955],[-77.823,40.93],[-77.872,40.903],[-77.882,40.909],[-77.874,40.9],[-77.89,40.878],[-77.925,40.859],[-77.908,40.848],[-77.918,40.841],[-77.91,40.842],[-77.9,40.818],[-77.93,40.815],[-77.929,40.798],[-77.92,40.789],[-77.972,40.762],[-77.95,40.75],[-77.908,40.773],[-77.901,40.766],[-77.904,40.775],[-77.896,40.779],[-77.89,40.773],[-77.89,40.779],[-77.879,40.78],[-77.868,40.796],[-77.841,40.808],[-77.851,40.818],[-77.833,40.837],[-77.842,40.833],[-77.853,40.841],[-77.833,40.857],[-77.818,40.844],[-77.813,40.85],[-77.809,40.843],[-77.771,40.85],[-77.788,40.839],[-77.802,40.816],[-77.815,40.819],[-77.82,40.808],[-77.799,40.792],[-77.815,40.769],[-77.803,40.746],[-77.834,40.741],[-77.905,40.711],[-77.896,40.715],[-77.891,40.698],[-77.855,40.726],[-77.826,40.727],[-77.87,40.674],[-77.848,40.678],[-77.82,40.696],[-77.795,40.695],[-77.759,40.708],[-77.775,40.683],[-77.798,40.666],[-77.793,40.659],[-77.826,40.653],[-77.831,40.64],[-77.852,40.634],[-77.869,40.633],[-77.873,40.646],[-77.89,40.652],[-77.911,40.642],[-77.922,40.618],[-77.933,40.626],[-77.94,40.618],[-77.922,40.617],[-77.921,40.604],[-77.9,40.614],[-77.893,40.61],[-77.956,40.579],[-77.959,40.594],[-77.99,40.582],[-77.979,40.576],[-77.988,40.569],[-77.981,40.564],[-78.015,40.534],[-78.039,40.541],[-78.036,40.55],[-78.052,40.575],[-78.042,40.587],[-78.017,40.592],[-78.014,40.608],[-78.032,40.612],[-78.069,40.644],[-78.078,40.637],[-78.082,40.648],[-78.089,40.647],[-78.076,40.664],[-78.039,40.681],[-78.033,40.673],[-78.021,40.685],[-78.027,40.693],[-78.016,40.697],[-78.017,40.707],[-78.049,40.721],[-78.098,40.691],[-78.108,40.673],[-78.098,40.66],[-78.105,40.653],[-78.12,40.655],[-78.138,40.636],[-78.129,40.619],[-78.138,40.609],[-78.121,40.597],[-78.13,40.58],[-78.135,40.588],[-78.144,40.581],[-78.156,40.595],[-78.167,40.592],[-78.172,40.601],[-78.235,40.562],[-78.255,40.568],[-78.248,40.58],[-78.261,40.582],[-78.257,40.588],[-78.266,40.6],[-78.254,40.62],[-78.283,40.621],[-78.289,40.627],[-78.281,40.639],[-78.293,40.64],[-78.297,40.648],[-78.307,40.642],[-78.321,40.647],[-78.311,40.64],[-78.318,40.633],[-78.307,40.632],[-78.319,40.625],[-78.317,40.611],[-78.339,40.617],[-78.343,40.609],[-78.336,40.593],[-78.324,40.591],[-78.328,40.582],[-78.364,40.584],[-78.366,40.592],[-78.387,40.594],[-78.404,40.612],[-78.445,40.594],[-78.448,40.625],[-78.44,40.645],[-78.409,40.644],[-78.348,40.723],[-78.377,40.754],[-78.352,40.769],[-78.34,40.798],[-78.314,40.808],[-78.297,40.837],[-78.279,40.832],[-78.281,40.821],[-78.271,40.826],[-78.236,40.818],[-78.243,40.829],[-78.266,40.838],[-78.263,40.85],[-78.245,40.858],[-78.264,40.871],[-78.25,40.876],[-78.281,40.887],[-78.239,40.906],[-78.253,40.915],[-78.275,40.908],[-78.29,40.915],[-78.289,40.921],[-78.269,40.921],[-78.269,40.953],[-78.236,40.926],[-78.212,40.944],[-78.204,40.938],[-78.2,40.957],[-78.188,40.946],[-78.181,40.949],[-78.2,40.928],[-78.215,40.926],[-78.208,40.919],[-78.213,40.916],[-78.189,40.919],[-78.152,40.949],[-78.138,40.947],[-78.136,40.967],[-78.13,40.963],[-78.134,40.946],[-78.121,40.942],[-78.078,40.956],[-78.086,40.97],[-78.097,40.973],[-78.082,40.984],[-78.086,40.995],[-78.062,40.995],[-78.063,41.005],[-78.027,40.991],[-77.983,41.004],[-77.982,41.017],[-78.005,41.03],[-77.991,41.032],[-78.003,41.048],[-77.981,41.038],[-77.959,41.05],[-77.925,41.04],[-77.918,41.051]],[[-78.228,40.818],[-78.251,40.805],[-78.262,40.807],[-78.233,40.809],[-78.231,40.798],[-78.243,40.785],[-78.235,40.763],[-78.211,40.775],[-78.204,40.788],[-78.225,40.823],[-78.228,40.818]]],[[[-123.906,41.089],[-123.88,41.081],[-123.877,41.061],[-123.83,41.056],[-123.805,41.069],[-123.797,41.052],[-123.786,41.059],[-123.786,41.04],[-123.765,41.031],[-123.745,40.969],[-123.751,40.941],[-123.716,40.941],[-123.716,40.868],[-123.699,40.865],[-123.699,40.764],[-123.724,40.764],[-123.752,40.812],[-123.766,40.82],[-123.77,40.839],[-123.789,40.859],[-123.784,40.863],[-123.805,40.861],[-123.805,40.872],[-123.83,40.893],[-123.828,40.88],[-123.855,40.885],[-123.858,40.875],[-123.876,40.883],[-123.909,40.867],[-123.919,40.853],[-123.954,40.871],[-123.969,40.868],[-123.98,40.88],[-123.998,40.881],[-124.001,40.889],[-123.967,40.884],[-123.937,40.894],[-123.927,40.905],[-123.932,40.914],[-123.946,40.915],[-123.942,40.922],[-123.951,40.922],[-123.955,40.93],[-123.949,40.935],[-123.957,40.943],[-123.972,40.942],[-123.985,40.955],[-124.019,41.029],[-123.985,41.032],[-123.982,41.046],[-123.969,41.053],[-123.969,41.071],[-123.938,41.056],[-123.941,41.068],[-123.917,41.076],[-123.906,41.089]]],[[[-76.9,41.098],[-76.888,41.098],[-76.858,41.073],[-76.856,41.048],[-76.865,41.02],[-76.882,41.025],[-76.883,41.019],[-76.896,41.019],[-76.904,41.03],[-76.906,41.02],[-76.936,41.02],[-76.944,41.034],[-76.963,41.035],[-77.06,41.029],[-77.06,41.086],[-76.904,41.09],[-76.908,41.095],[-76.9,41.098]]],[[[-74.42,41.23],[-74.407,41.217],[-74.411,41.203],[-74.396,41.21],[-74.416,41.192],[-74.415,41.177],[-74.405,41.174],[-74.432,41.151],[-74.374,41.145],[-74.364,41.146],[-74.363,41.156],[-74.349,41.153],[-74.343,41.137],[-74.324,41.139],[-74.326,41.103],[-74.281,41.163],[-74.213,41.134],[-74.249,41.064],[-74.197,41.044],[-74.17,41.024],[-74.148,41.027],[-74.154,41.032],[-74.149,41.043],[-74.113,41.045],[-74.123,41.049],[-74.123,41.061],[-74.103,41.087],[-74.072,41.073],[-74.079,41.049],[-74.07,41.042],[-74.05,41.049],[-74.023,41.037],[-74.012,41.046],[-73.959,41.023],[-73.971,40.995],[-73.963,40.983],[-74.002,40.97],[-73.963,40.968],[-73.936,40.951],[-73.934,40.937],[-73.942,40.926],[-73.92,40.913],[-73.948,40.858],[-73.968,40.869],[-73.949,40.901],[-73.972,40.913],[-74.018,40.912],[-74.003,40.952],[-74.025,40.951],[-74.025,40.94],[-74.046,40.945],[-74.049,40.965],[-74.078,40.978],[-74.073,40.984],[-74.079,40.991],[-74.114,40.995],[-74.118,41.006],[-74.128,41.008],[-74.133,40.985],[-74.149,40.972],[-74.141,40.967],[-74.149,40.941],[-74.184,40.926],[-74.192,40.932],[-74.25,40.905],[-74.233,40.883],[-74.24,40.893],[-74.254,40.883],[-74.264,40.886],[-74.273,40.898],[-74.267,40.911],[-74.289,40.925],[-74.279,40.942],[-74.278,40.975],[-74.298,40.98],[-74.293,40.989],[-74.299,41.003],[-74.329,41.002],[-74.33,40.966],[-74.341,40.953],[-74.335,40.949],[-74.343,40.947],[-74.363,40.958],[-74.406,40.964],[-74.432,40.958],[-74.434,41.002],[-74.435,40.994],[-74.443,40.994],[-74.441,40.974],[-74.463,40.966],[-74.462,40.934],[-74.475,40.922],[-74.48,40.931],[-74.503,40.909],[-74.49,40.9],[-74.499,40.901],[-74.496,40.885],[-74.512,40.887],[-74.507,40.877],[-74.525,40.879],[-74.536,40.891],[-74.522,40.9],[-74.538,40.905],[-74.555,40.895],[-74.555,40.903],[-74.566,40.905],[-74.542,40.907],[-74.548,40.913],[-74.533,40.914],[-74.527,40.934],[-74.508,40.933],[-74.485,40.953],[-74.516,40.954],[-74.492,40.992],[-74.495,40.998],[-74.513,40.994],[-74.53,40.978],[-74.538,40.983],[-74.548,40.977],[-74.539,40.985],[-74.548,40.989],[-74.541,41],[-74.523,41.003],[-74.527,41.02],[-74.587,41.008],[-74.536,41.059],[-74.544,41.069],[-74.573,41.076],[-74.552,41.091],[-74.561,41.095],[-74.553,41.108],[-74.576,41.101],[-74.57,41.137],[-74.514,41.115],[-74.498,41.133],[-74.492,41.167],[-74.465,41.157],[-74.487,41.168],[-74.474,41.184],[-74.484,41.198],[-74.468,41.198],[-74.474,41.203],[-74.462,41.212],[-74.444,41.206],[-74.42,41.23]],[[-74.308,41.045],[-74.323,41.039],[-74.319,41.024],[-74.303,41.012],[-74.29,41.015],[-74.283,41.037],[-74.308,41.045]]],[[[-91.715,41.436],[-91.715,41.424],[-91.7,41.424],[-91.701,41.41],[-91.677,41.41],[-91.677,41.396],[-91.619,41.396],[-91.619,41.367],[-91.6,41.367],[-91.602,41.201],[-91.572,41.193],[-91.582,41.191],[-91.582,41.163],[-91.486,41.162],[-91.486,41.192],[-91.385,41.191],[-91.385,41.176],[-91.332,41.176],[-91.332,41.185],[-91.284,41.191],[-91.284,41.175],[-91.255,41.176],[-91.255,41.161],[-91.245,41.161],[-91.245,41.132],[-91.225,41.132],[-91.221,41.117],[-91.197,41.118],[-91.198,41.088],[-91.217,41.088],[-91.222,41.059],[-91.199,41.059],[-91.199,41.045],[-91.237,41.045],[-91.237,41.001],[-91.256,41.002],[-91.256,40.987],[-91.246,40.987],[-91.247,40.979],[-91.226,40.973],[-91.224,40.965],[-91.252,40.95],[-91.257,40.9],[-91.268,40.9],[-91.261,40.882],[-91.251,40.88],[-91.252,40.866],[-91.276,40.865],[-91.276,40.827],[-91.255,40.823],[-91.254,40.81],[-91.257,40.798],[-91.296,40.797],[-91.295,40.775],[-91.282,40.76],[-91.208,40.754],[-91.181,40.762],[-91.18,40.801],[-91.166,40.8],[-91.146,40.815],[-91.146,40.826],[-91.166,40.828],[-91.161,40.841],[-91.18,40.834],[-91.173,40.851],[-91.192,40.857],[-91.192,40.867],[-91.217,40.866],[-91.247,40.878],[-91.245,40.892],[-91.228,40.892],[-91.218,40.905],[-91.217,40.929],[-91.209,40.928],[-91.195,40.906],[-91.18,40.906],[-91.18,40.928],[-91.169,40.928],[-91.163,40.913],[-91.141,40.913],[-91.141,40.922],[-91.122,40.921],[-91.122,40.934],[-91.07,40.933],[-91.069,40.942],[-91.081,40.947],[-91.074,40.953],[-91.046,40.949],[-91.042,40.971],[-91.026,40.972],[-91.026,40.979],[-91.007,40.979],[-91.007,40.986],[-90.955,40.986],[-90.952,40.954],[-90.965,40.922],[-91.01,40.901],[-91.056,40.848],[-91.094,40.82],[-91.092,40.777],[-91.109,40.75],[-91.116,40.725],[-91.112,40.696],[-91.124,40.669],[-91.187,40.637],[-91.253,40.638],[-91.349,40.61],[-91.406,40.552],[-91.427,40.552],[-91.419,40.572],[-91.426,40.579],[-91.424,40.594],[-91.472,40.589],[-91.463,40.582],[-91.475,40.567],[-91.501,40.557],[-91.509,40.562],[-91.509,40.553],[-91.537,40.553],[-91.537,40.532],[-91.547,40.532],[-91.547,40.524],[-91.519,40.524],[-91.519,40.51],[-91.534,40.51],[-91.539,40.498],[-91.503,40.471],[-91.51,40.469],[-91.506,40.46],[-91.513,40.451],[-91.575,40.466],[-91.589,40.491],[-91.619,40.507],[-91.622,40.518],[-91.611,40.511],[-91.602,40.515],[-91.602,40.532],[-91.64,40.554],[-91.639,40.583],[-91.625,40.583],[-91.62,40.605],[-91.639,40.605],[-91.637,40.624],[-91.645,40.624],[-91.646,40.636],[-91.64,40.639],[-91.669,40.639],[-91.68,40.649],[-91.68,40.668],[-91.704,40.668],[-91.704,40.683],[-91.672,40.683],[-91.672,40.697],[-91.661,40.697],[-91.66,40.726],[-91.641,40.726],[-91.641,40.756],[-91.718,40.755],[-91.718,40.668],[-91.757,40.668],[-91.754,40.653],[-91.821,40.654],[-91.82,40.639],[-91.829,40.638],[-91.826,40.624],[-91.845,40.624],[-91.856,40.64],[-91.858,40.661],[-91.873,40.661],[-91.873,40.682],[-91.892,40.682],[-91.892,40.697],[-91.911,40.697],[-91.911,40.66],[-91.94,40.66],[-91.94,40.674],[-91.948,40.674],[-91.949,40.657],[-91.968,40.654],[-91.968,40.645],[-91.986,40.645],[-91.987,40.652],[-91.996,40.652],[-91.996,40.687],[-92.025,40.696],[-92.043,40.725],[-92.082,40.726],[-92.086,40.748],[-92.115,40.747],[-92.116,40.762],[-92.135,40.766],[-92.161,40.748],[-92.179,40.748],[-92.178,40.762],[-92.203,40.766],[-92.198,40.79],[-92.236,40.792],[-92.236,40.81],[-92.265,40.81],[-92.255,40.828],[-92.294,40.828],[-92.294,40.85],[-92.332,40.85],[-92.339,40.868],[-92.31,40.876],[-92.295,40.888],[-92.295,40.899],[-92.321,40.9],[-92.347,40.924],[-92.377,40.924],[-92.407,40.94],[-92.409,40.927],[-92.457,40.933],[-92.462,40.899],[-92.482,40.899],[-92.488,40.914],[-92.511,40.917],[-92.51,40.928],[-92.529,40.928],[-92.534,40.943],[-92.579,40.938],[-92.591,40.964],[-92.601,40.964],[-92.601,40.976],[-92.572,40.987],[-92.572,41.004],[-92.552,41.007],[-92.553,41.027],[-92.56,41.023],[-92.606,41.036],[-92.64,41.03],[-92.64,41.104],[-92.583,41.097],[-92.564,41.102],[-92.56,41.115],[-92.53,41.095],[-92.525,41.104],[-92.501,41.104],[-92.516,41.12],[-92.508,41.137],[-92.496,41.137],[-92.496,41.162],[-92.373,41.162],[-92.373,41.205],[-92.392,41.205],[-92.392,41.213],[-92.401,41.213],[-92.393,41.247],[-92.411,41.25],[-92.405,41.271],[-92.375,41.261],[-92.324,41.265],[-92.315,41.245],[-92.301,41.245],[-92.301,41.234],[-92.242,41.248],[-92.244,41.241],[-92.208,41.23],[-92.164,41.248],[-92.108,41.238],[-92.116,41.242],[-92.117,41.265],[-92.102,41.265],[-92.102,41.276],[-92.078,41.282],[-92.083,41.276],[-92.064,41.271],[-92.055,41.251],[-91.945,41.251],[-91.941,41.237],[-91.918,41.23],[-91.912,41.232],[-91.911,41.262],[-91.903,41.262],[-91.909,41.269],[-91.898,41.28],[-91.875,41.287],[-91.868,41.279],[-91.849,41.279],[-91.849,41.293],[-91.869,41.294],[-91.869,41.308],[-91.755,41.308],[-91.764,41.337],[-91.793,41.344],[-91.797,41.355],[-91.789,41.36],[-91.798,41.38],[-91.817,41.38],[-91.815,41.395],[-91.808,41.395],[-91.812,41.41],[-91.783,41.41],[-91.777,41.395],[-91.735,41.395],[-91.734,41.424],[-91.754,41.424],[-91.754,41.435],[-91.715,41.436]],[[-91.55,41.137],[-91.55,41.13],[-91.54,41.131],[-91.541,41.138],[-91.55,41.137]],[[-92.535,41.082],[-92.525,41.086],[-92.535,41.09],[-92.535,41.082]],[[-91.535,40.766],[-91.535,40.758],[-91.516,40.758],[-91.516,40.77],[-91.535,40.766]],[[-91.338,40.742],[-91.328,40.742],[-91.337,40.743],[-91.329,40.75],[-91.343,40.75],[-91.338,40.742]]],[[[-73.817,41.452],[-73.816,41.446],[-73.801,41.449],[-73.797,41.441],[-73.789,41.448],[-73.79,41.428],[-73.751,41.431],[-73.792,41.405],[-73.816,41.339],[-73.767,41.344],[-73.735,41.338],[-73.729,41.318],[-73.717,41.319],[-73.699,41.306],[-73.699,41.276],[-73.71,41.275],[-73.7,41.269],[-73.687,41.285],[-73.695,41.299],[-73.682,41.298],[-73.682,41.289],[-73.677,41.293],[-73.677,41.277],[-73.628,41.301],[-73.624,41.292],[-73.612,41.291],[-73.612,41.28],[-73.629,41.273],[-73.621,41.255],[-73.567,41.264],[-73.554,41.248],[-73.543,41.25],[-73.545,41.237],[-73.533,41.239],[-73.533,41.225],[-73.519,41.221],[-73.524,41.214],[-73.514,41.199],[-73.644,41.14],[-73.644,41.148],[-73.661,41.148],[-73.659,41.155],[-73.668,41.161],[-73.663,41.176],[-73.683,41.172],[-73.689,41.16],[-73.696,41.167],[-73.709,41.165],[-73.729,41.149],[-73.731,41.162],[-73.745,41.173],[-73.738,41.182],[-73.75,41.178],[-73.752,41.187],[-73.759,41.181],[-73.754,41.206],[-73.77,41.206],[-73.773,41.218],[-73.766,41.229],[-73.81,41.232],[-73.822,41.249],[-73.856,41.235],[-73.875,41.245],[-73.896,41.236],[-73.923,41.248],[-73.919,41.262],[-73.926,41.259],[-73.934,41.268],[-73.901,41.28],[-73.89,41.3],[-73.919,41.308],[-73.936,41.293],[-73.949,41.293],[-73.983,41.316],[-73.96,41.351],[-73.948,41.396],[-73.934,41.404],[-73.937,41.416],[-73.914,41.418],[-73.9,41.434],[-73.904,41.423],[-73.887,41.432],[-73.887,41.421],[-73.875,41.426],[-73.865,41.431],[-73.863,41.443],[-73.834,41.454],[-73.823,41.468],[-73.817,41.452]],[[-73.765,41.333],[-73.778,41.332],[-73.774,41.305],[-73.761,41.309],[-73.76,41.303],[-73.743,41.302],[-73.765,41.333]],[[-73.858,41.299],[-73.871,41.302],[-73.874,41.294],[-73.856,41.293],[-73.858,41.299]]],[[[-74.936,41.483],[-74.912,41.476],[-74.906,41.46],[-74.891,41.457],[-74.895,41.439],[-74.855,41.444],[-74.826,41.431],[-74.816,41.441],[-74.805,41.413],[-74.817,41.406],[-74.793,41.4],[-74.793,41.394],[-74.747,41.414],[-74.748,41.401],[-74.765,41.381],[-74.761,41.344],[-74.694,41.357],[-74.649,41.337],[-74.673,41.307],[-74.678,41.263],[-74.703,41.23],[-74.713,41.225],[-74.741,41.243],[-74.757,41.234],[-74.755,41.249],[-74.801,41.252],[-74.801,41.267],[-74.803,41.255],[-74.832,41.26],[-74.847,41.238],[-74.861,41.239],[-74.867,41.228],[-74.859,41.22],[-74.867,41.23],[-74.858,41.248],[-74.847,41.253],[-74.839,41.276],[-74.867,41.279],[-74.873,41.263],[-74.895,41.269],[-74.897,41.276],[-74.903,41.271],[-74.931,41.294],[-74.957,41.295],[-74.967,41.285],[-75.045,41.29],[-75.018,41.342],[-75.005,41.352],[-75.014,41.357],[-75.012,41.372],[-74.984,41.39],[-74.991,41.394],[-74.967,41.476],[-74.936,41.483]]],[[[-124.047,41.759],[-124.031,41.756],[-124.031,41.744],[-124.004,41.744],[-124.003,41.722],[-123.994,41.722],[-123.993,41.709],[-123.983,41.709],[-123.981,41.64],[-123.94,41.642],[-123.941,41.607],[-123.931,41.587],[-123.971,41.572],[-123.976,41.564],[-123.97,41.541],[-123.985,41.534],[-123.975,41.523],[-123.957,41.526],[-123.942,41.511],[-123.942,41.499],[-123.965,41.5],[-123.965,41.49],[-123.944,41.471],[-123.97,41.46],[-123.953,41.448],[-123.963,41.415],[-123.953,41.411],[-123.943,41.377],[-123.927,41.366],[-123.967,41.285],[-123.987,41.264],[-123.998,41.272],[-124.099,41.267],[-124.071,41.382],[-124.065,41.468],[-124.081,41.509],[-124.081,41.546],[-124.102,41.57],[-124.1,41.602],[-124.116,41.616],[-124.12,41.642],[-124.135,41.657],[-124.141,41.684],[-124.128,41.693],[-124.138,41.7],[-124.132,41.713],[-124.12,41.699],[-124.096,41.701],[-124.084,41.693],[-124.089,41.715],[-124.123,41.708],[-124.118,41.722],[-124.128,41.722],[-124.128,41.744],[-124.09,41.74],[-124.089,41.759],[-124.047,41.759]]],[[[-90.197,41.796],[-90.179,41.795],[-90.178,41.766],[-90.198,41.765],[-90.197,41.75],[-90.164,41.735],[-90.131,41.737],[-90.131,41.722],[-90.117,41.721],[-90.117,41.709],[-90.084,41.707],[-90.084,41.696],[-89.997,41.715],[-89.997,41.729],[-89.968,41.729],[-89.967,41.706],[-89.985,41.696],[-89.964,41.693],[-89.969,41.685],[-89.939,41.687],[-89.935,41.711],[-89.905,41.714],[-89.895,41.724],[-89.871,41.712],[-89.863,41.723],[-89.862,41.715],[-89.849,41.715],[-89.849,41.726],[-89.83,41.726],[-89.825,41.696],[-89.796,41.694],[-89.796,41.686],[-89.748,41.686],[-89.748,41.671],[-89.71,41.664],[-89.709,41.638],[-89.728,41.639],[-89.728,41.616],[-89.747,41.62],[-89.747,41.584],[-89.631,41.585],[-89.632,41.603],[-89.622,41.617],[-89.613,41.621],[-89.613,41.614],[-89.587,41.609],[-89.548,41.643],[-89.536,41.643],[-89.536,41.622],[-89.516,41.619],[-89.516,41.599],[-89.497,41.599],[-89.497,41.639],[-89.462,41.636],[-89.458,41.628],[-89.42,41.628],[-89.419,41.62],[-89.412,41.628],[-89.363,41.628],[-89.363,41.643],[-89.32,41.643],[-89.311,41.628],[-89.345,41.628],[-89.343,41.614],[-89.305,41.614],[-89.302,41.63],[-89.31,41.641],[-89.286,41.644],[-89.284,41.68],[-89.274,41.671],[-89.229,41.671],[-89.229,41.658],[-89.183,41.658],[-89.174,41.643],[-89.167,41.643],[-89.167,41.657],[-89.149,41.657],[-89.149,41.628],[-89.129,41.628],[-89.13,41.642],[-89.11,41.642],[-89.11,41.628],[-89.091,41.627],[-89.091,41.642],[-89.025,41.642],[-89.036,41.627],[-88.998,41.627],[-88.997,41.642],[-88.978,41.642],[-88.979,41.657],[-88.959,41.657],[-88.959,41.663],[-88.939,41.638],[-88.939,41.665],[-88.968,41.671],[-88.974,41.686],[-88.94,41.688],[-88.941,41.717],[-88.853,41.718],[-88.853,41.732],[-88.828,41.732],[-88.829,41.717],[-88.819,41.718],[-88.819,41.682],[-88.793,41.682],[-88.738,41.7],[-88.732,41.66],[-88.751,41.66],[-88.751,41.645],[-88.713,41.645],[-88.712,41.636],[-88.717,41.616],[-88.731,41.616],[-88.731,41.602],[-88.675,41.602],[-88.689,41.607],[-88.688,41.614],[-88.651,41.63],[-88.656,41.644],[-88.651,41.666],[-88.656,41.675],[-88.681,41.674],[-88.681,41.687],[-88.713,41.696],[-88.712,41.711],[-88.693,41.711],[-88.691,41.696],[-88.681,41.696],[-88.684,41.715],[-88.66,41.71],[-88.652,41.719],[-88.606,41.719],[-88.605,41.713],[-88.588,41.72],[-88.49,41.721],[-88.49,41.713],[-88.484,41.714],[-88.489,41.695],[-88.476,41.695],[-88.459,41.698],[-88.457,41.706],[-88.449,41.703],[-88.446,41.716],[-88.434,41.717],[-88.429,41.702],[-88.447,41.705],[-88.448,41.688],[-88.428,41.687],[-88.429,41.675],[-88.408,41.681],[-88.408,41.697],[-88.398,41.696],[-88.391,41.708],[-88.39,41.69],[-88.403,41.672],[-88.378,41.675],[-88.398,41.663],[-88.378,41.672],[-88.382,41.648],[-88.37,41.644],[-88.369,41.624],[-88.356,41.625],[-88.354,41.606],[-88.316,41.607],[-88.315,41.578],[-88.322,41.578],[-88.326,41.563],[-88.353,41.563],[-88.358,41.546],[-88.352,41.541],[-88.405,41.525],[-88.404,41.474],[-88.446,41.481],[-88.448,41.473],[-88.481,41.473],[-88.482,41.458],[-88.511,41.458],[-88.51,41.442],[-88.578,41.443],[-88.578,41.428],[-88.595,41.428],[-88.597,41.486],[-88.616,41.486],[-88.616,41.472],[-88.635,41.471],[-88.635,41.457],[-88.616,41.457],[-88.654,41.445],[-88.653,41.42],[-88.615,41.42],[-88.614,41.399],[-88.633,41.398],[-88.633,41.387],[-88.614,41.387],[-88.613,41.376],[-88.632,41.376],[-88.632,41.369],[-88.613,41.369],[-88.612,41.348],[-88.631,41.347],[-88.63,41.32],[-88.62,41.317],[-88.642,41.311],[-88.604,41.291],[-88.628,41.285],[-88.627,41.27],[-88.666,41.267],[-88.666,41.241],[-88.646,41.239],[-88.684,41.238],[-88.684,41.223],[-88.722,41.223],[-88.722,41.238],[-88.742,41.238],[-88.741,41.199],[-88.753,41.197],[-88.76,41.197],[-88.761,41.208],[-88.799,41.208],[-88.799,41.194],[-88.816,41.194],[-88.817,41.223],[-88.828,41.223],[-88.836,41.194],[-88.875,41.193],[-88.874,41.215],[-88.902,41.216],[-88.906,41.204],[-88.953,41.208],[-88.961,41.204],[-88.961,41.178],[-88.952,41.178],[-88.951,41.164],[-89.009,41.163],[-89.009,41.149],[-89.048,41.141],[-89.047,41.105],[-89.162,41.104],[-89.162,41.044],[-89.105,41.044],[-89.105,41.014],[-89.086,41.014],[-89.086,40.985],[-89.105,40.985],[-89.105,40.971],[-89.086,40.97],[-89.086,40.941],[-89.067,40.941],[-89.067,40.926],[-88.951,40.928],[-88.951,40.913],[-88.931,40.913],[-88.931,40.957],[-88.893,40.958],[-88.893,40.943],[-88.855,40.944],[-88.854,40.951],[-88.835,40.952],[-88.835,40.973],[-88.825,40.974],[-88.825,40.959],[-88.816,40.959],[-88.816,40.974],[-88.806,40.974],[-88.806,40.985],[-88.786,40.99],[-88.772,40.989],[-88.777,40.967],[-88.748,40.968],[-88.735,40.96],[-88.739,40.953],[-88.731,40.96],[-88.673,40.961],[-88.665,40.973],[-88.605,40.976],[-88.605,40.961],[-88.586,40.962],[-88.586,40.945],[-88.577,40.947],[-88.577,40.933],[-88.491,40.934],[-88.491,40.919],[-88.472,40.92],[-88.472,40.948],[-88.462,40.949],[-88.454,40.949],[-88.454,40.934],[-88.284,40.936],[-88.285,40.98],[-88.304,40.979],[-88.295,40.985],[-88.298,40.994],[-88.279,40.994],[-88.273,40.979],[-88.246,40.98],[-88.246,40.951],[-88.225,40.952],[-88.215,40.966],[-88.189,40.967],[-88.188,40.952],[-88.208,40.952],[-88.207,40.937],[-88.131,40.939],[-88.132,40.998],[-88.143,40.997],[-88.136,41.002],[-88.138,41.012],[-88.151,41.012],[-88.152,41.02],[-88.152,41.041],[-88.133,41.042],[-88.134,41.108],[-88.144,41.107],[-88.149,41.116],[-88.148,41.107],[-88.154,41.107],[-88.154,41.116],[-88.164,41.116],[-88.165,41.13],[-88.157,41.131],[-88.145,41.131],[-88.145,41.116],[-88.094,41.117],[-88.091,41.108],[-88.077,41.109],[-88.076,41.072],[-87.984,41.074],[-87.984,41.052],[-88.003,41.052],[-88.002,41.03],[-87.968,41.031],[-87.964,41.041],[-87.964,41.001],[-87.925,41.002],[-87.925,41.032],[-87.906,41.032],[-87.906,41.054],[-87.887,41.06],[-87.868,41.059],[-87.868,41.048],[-87.85,41.048],[-87.845,41.034],[-87.83,41.034],[-87.83,41.056],[-87.806,41.063],[-87.804,41.076],[-87.792,41.078],[-87.776,41.102],[-87.74,41.131],[-87.73,41.133],[-87.721,41.127],[-87.725,41.12],[-87.715,41.12],[-87.715,41.112],[-87.724,41.112],[-87.724,41.09],[-87.714,41.09],[-87.714,41.079],[-87.695,41.079],[-87.695,41.072],[-87.685,41.073],[-87.685,41.08],[-87.657,41.079],[-87.657,41.102],[-87.64,41.103],[-87.637,41.088],[-87.602,41.104],[-87.601,41.082],[-87.594,41.082],[-87.595,41.104],[-87.586,41.097],[-87.592,41.097],[-87.592,41.087],[-87.582,41.088],[-87.582,41.097],[-87.563,41.097],[-87.563,41.105],[-87.582,41.106],[-87.582,41.112],[-87.607,41.111],[-87.607,41.121],[-87.527,41.121],[-87.526,40.945],[-87.674,40.935],[-87.674,40.949],[-87.693,40.949],[-87.693,40.969],[-87.706,40.965],[-87.717,40.971],[-87.713,40.963],[-87.746,40.962],[-87.794,40.969],[-87.814,40.966],[-87.81,40.947],[-87.828,40.947],[-87.828,40.932],[-87.812,40.931],[-87.832,40.888],[-87.847,40.892],[-87.847,40.902],[-87.866,40.902],[-87.867,40.916],[-87.962,40.913],[-87.962,40.928],[-87.982,40.928],[-87.982,40.913],[-88.13,40.91],[-88.129,40.866],[-88.243,40.864],[-88.242,40.828],[-88.261,40.837],[-88.261,40.829],[-88.26,40.82],[-88.241,40.82],[-88.235,40.618],[-88.31,40.618],[-88.311,40.647],[-88.347,40.646],[-88.352,40.697],[-88.371,40.694],[-88.371,40.673],[-88.443,40.673],[-88.443,40.644],[-88.46,40.647],[-88.46,40.632],[-88.498,40.632],[-88.498,40.646],[-88.526,40.646],[-88.526,40.617],[-88.574,40.617],[-88.575,40.671],[-88.885,40.667],[-88.885,40.681],[-88.899,40.681],[-88.899,40.674],[-88.942,40.679],[-88.94,40.666],[-89.1,40.663],[-89.1,40.692],[-89.081,40.692],[-89.082,40.707],[-89.062,40.707],[-89.063,40.722],[-89.079,40.721],[-89.089,40.73],[-89.078,40.736],[-89.078,40.751],[-89.097,40.751],[-89.086,40.765],[-89.088,40.78],[-89.103,40.774],[-89.103,40.809],[-89.142,40.809],[-89.136,40.839],[-89.157,40.823],[-89.159,40.839],[-89.198,40.839],[-89.198,40.875],[-89.168,40.875],[-89.165,40.895],[-89.184,40.911],[-89.199,40.911],[-89.199,40.926],[-89.218,40.926],[-89.218,40.941],[-89.27,40.947],[-89.257,40.967],[-89.274,40.956],[-89.284,40.964],[-89.309,40.955],[-89.315,40.967],[-89.334,40.966],[-89.335,40.995],[-89.316,40.996],[-89.316,41.011],[-89.335,41.01],[-89.335,41.037],[-89.316,41.038],[-89.317,41.055],[-89.295,41.098],[-89.298,41.104],[-89.359,41.104],[-89.336,41.117],[-89.333,41.133],[-89.28,41.133],[-89.283,41.148],[-89.304,41.144],[-89.308,41.169],[-89.28,41.17],[-89.28,41.162],[-89.27,41.162],[-89.277,41.191],[-89.259,41.191],[-89.264,41.206],[-89.163,41.207],[-89.163,41.221],[-89.126,41.222],[-89.126,41.236],[-89.106,41.236],[-89.116,41.277],[-89.107,41.287],[-89.107,41.302],[-89.12,41.323],[-89.102,41.311],[-89.08,41.326],[-88.933,41.323],[-88.933,41.338],[-88.952,41.341],[-88.953,41.357],[-88.953,41.411],[-88.934,41.411],[-88.934,41.44],[-88.953,41.44],[-88.955,41.433],[-88.958,41.44],[-88.973,41.44],[-88.973,41.469],[-89.012,41.47],[-89.093,41.47],[-89.088,41.455],[-89.146,41.455],[-89.146,41.44],[-89.166,41.44],[-89.166,41.467],[-89.181,41.467],[-89.181,41.482],[-89.166,41.482],[-89.166,41.496],[-89.264,41.495],[-89.249,41.478],[-89.249,41.459],[-89.278,41.459],[-89.287,41.452],[-89.316,41.452],[-89.316,41.466],[-89.326,41.466],[-89.325,41.495],[-89.394,41.495],[-89.394,41.479],[-89.433,41.48],[-89.433,41.466],[-89.466,41.466],[-89.466,41.48],[-89.588,41.482],[-89.627,41.478],[-89.627,41.457],[-89.666,41.456],[-89.685,41.47],[-89.685,41.438],[-89.646,41.438],[-89.646,41.431],[-89.679,41.427],[-89.685,41.401],[-89.661,41.402],[-89.665,41.376],[-89.626,41.373],[-89.626,41.365],[-89.685,41.365],[-89.684,41.337],[-89.695,41.342],[-89.718,41.323],[-89.756,41.322],[-89.756,41.336],[-89.79,41.336],[-89.789,41.321],[-89.905,41.321],[-89.905,41.347],[-89.934,41.343],[-89.948,41.365],[-89.949,41.343],[-89.973,41.344],[-89.973,41.333],[-89.992,41.334],[-89.992,41.323],[-90.068,41.324],[-90.068,41.309],[-90.04,41.308],[-90.031,41.3],[-90.031,41.284],[-90.045,41.279],[-90.065,41.286],[-90.069,41.272],[-90.108,41.273],[-90.108,41.265],[-90.088,41.265],[-90.089,41.25],[-90.069,41.25],[-90.07,41.243],[-90.089,41.243],[-90.095,41.235],[-90.096,41.208],[-90.134,41.205],[-90.135,41.151],[-90.096,41.15],[-90.097,41.135],[-90.08,41.135],[-90.08,41.113],[-90.061,41.113],[-90.061,41.084],[-90.068,41.084],[-90.064,41.078],[-90.074,41.07],[-90.062,41.063],[-90.063,41.052],[-90.098,41.051],[-90.097,41.07],[-90.135,41.063],[-90.136,41.048],[-90.155,41.048],[-90.156,41.058],[-90.184,41.052],[-90.184,41.063],[-90.174,41.063],[-90.168,41.075],[-90.184,41.078],[-90.184,41.099],[-90.203,41.088],[-90.186,41.115],[-90.229,41.115],[-90.229,41.152],[-90.438,41.151],[-90.438,41.137],[-90.457,41.137],[-90.461,41.152],[-90.588,41.153],[-90.589,41.11],[-90.609,41.11],[-90.609,41.088],[-90.628,41.089],[-90.628,41.111],[-90.716,41.112],[-90.716,41.104],[-90.706,41.104],[-90.706,41.09],[-90.745,41.09],[-90.745,41.076],[-90.765,41.079],[-90.764,41.113],[-90.784,41.113],[-90.783,41.157],[-90.803,41.151],[-90.812,41.157],[-90.872,41.157],[-90.873,41.144],[-90.88,41.142],[-90.903,41.157],[-90.919,41.157],[-90.919,41.143],[-90.946,41.143],[-90.947,41.153],[-90.958,41.158],[-91.042,41.166],[-91.066,41.2],[-91.114,41.241],[-91.113,41.253],[-91.074,41.308],[-91.067,41.365],[-91.052,41.384],[-91.045,41.415],[-90.987,41.433],[-90.929,41.423],[-90.858,41.453],[-90.834,41.456],[-90.782,41.452],[-90.782,41.44],[-90.811,41.436],[-90.811,41.424],[-90.782,41.416],[-90.782,41.387],[-90.791,41.388],[-90.791,41.399],[-90.811,41.399],[-90.81,41.388],[-90.84,41.389],[-90.84,41.364],[-90.85,41.363],[-90.85,41.338],[-90.859,41.324],[-90.855,41.331],[-90.831,41.331],[-90.83,41.324],[-90.85,41.317],[-90.83,41.31],[-90.821,41.315],[-90.821,41.301],[-90.803,41.301],[-90.802,41.316],[-90.688,41.314],[-90.687,41.278],[-90.707,41.274],[-90.707,41.256],[-90.683,41.255],[-90.683,41.241],[-90.669,41.241],[-90.668,41.314],[-90.628,41.314],[-90.628,41.328],[-90.608,41.328],[-90.609,41.313],[-90.584,41.313],[-90.579,41.328],[-90.541,41.327],[-90.55,41.353],[-90.54,41.353],[-90.54,41.341],[-90.531,41.341],[-90.531,41.356],[-90.52,41.356],[-90.492,41.353],[-90.492,41.327],[-90.459,41.327],[-90.452,41.32],[-90.456,41.307],[-90.435,41.279],[-90.436,41.253],[-90.397,41.253],[-90.398,41.238],[-90.386,41.238],[-90.378,41.252],[-90.379,41.238],[-90.36,41.238],[-90.359,41.224],[-90.342,41.221],[-90.341,41.237],[-90.237,41.237],[-90.238,41.244],[-90.282,41.248],[-90.282,41.259],[-90.305,41.266],[-90.301,41.281],[-90.281,41.288],[-90.287,41.294],[-90.281,41.3],[-90.289,41.3],[-90.281,41.302],[-90.281,41.324],[-90.319,41.324],[-90.319,41.339],[-90.232,41.339],[-90.232,41.354],[-90.203,41.354],[-90.202,41.397],[-90.232,41.397],[-90.231,41.412],[-90.28,41.411],[-90.28,41.397],[-90.299,41.397],[-90.299,41.411],[-90.319,41.411],[-90.318,41.434],[-90.329,41.434],[-90.319,41.44],[-90.32,41.469],[-90.306,41.469],[-90.304,41.477],[-90.319,41.488],[-90.264,41.484],[-90.265,41.499],[-90.243,41.499],[-90.237,41.519],[-90.244,41.524],[-90.311,41.513],[-90.31,41.53],[-90.277,41.538],[-90.278,41.558],[-90.263,41.571],[-90.268,41.599],[-90.248,41.599],[-90.248,41.613],[-90.229,41.613],[-90.229,41.628],[-90.238,41.628],[-90.238,41.643],[-90.267,41.642],[-90.269,41.65],[-90.336,41.648],[-90.333,41.656],[-90.34,41.657],[-90.335,41.68],[-90.313,41.698],[-90.318,41.723],[-90.303,41.75],[-90.222,41.793],[-90.197,41.796]],[[-88.613,41.561],[-88.601,41.566],[-88.609,41.558],[-88.595,41.556],[-88.6,41.573],[-88.613,41.561]],[[-88.737,41.529],[-88.749,41.529],[-88.748,41.514],[-88.782,41.513],[-88.782,41.522],[-88.792,41.514],[-88.785,41.511],[-88.786,41.485],[-88.778,41.485],[-88.789,41.462],[-88.776,41.449],[-88.771,41.456],[-88.732,41.449],[-88.732,41.455],[-88.701,41.459],[-88.687,41.475],[-88.685,41.492],[-88.702,41.503],[-88.699,41.513],[-88.724,41.514],[-88.717,41.529],[-88.737,41.529]],[[-89.013,41.509],[-89.013,41.52],[-89.032,41.52],[-89.032,41.499],[-89.012,41.498],[-89.013,41.509]],[[-89.907,41.52],[-89.921,41.525],[-89.921,41.518],[-89.907,41.52]],[[-89.857,41.487],[-89.857,41.474],[-89.876,41.474],[-89.875,41.445],[-89.857,41.445],[-89.857,41.35],[-89.838,41.35],[-89.838,41.342],[-89.829,41.339],[-89.803,41.343],[-89.795,41.35],[-89.8,41.401],[-89.784,41.409],[-89.829,41.409],[-89.829,41.484],[-89.857,41.487]],[[-90.604,41.255],[-90.594,41.255],[-90.601,41.264],[-90.613,41.262],[-90.604,41.255]],[[-88.774,41.44],[-88.773,41.43],[-88.769,41.441],[-88.774,41.44]]],[[[-123.435,42],[-123.41,41.962],[-123.413,41.952],[-123.405,41.951],[-123.412,41.945],[-123.403,41.938],[-123.406,41.922],[-123.397,41.91],[-123.405,41.898],[-123.388,41.893],[-123.396,41.89],[-123.393,41.881],[-123.375,41.881],[-123.377,41.887],[-123.349,41.863],[-123.299,41.869],[-123.311,41.864],[-123.311,41.85],[-123.296,41.834],[-123.307,41.816],[-123.295,41.813],[-123.301,41.805],[-123.288,41.804],[-123.258,41.828],[-123.237,41.825],[-123.211,41.841],[-123.19,41.826],[-123.175,41.83],[-123.177,41.818],[-123.173,41.827],[-123.164,41.821],[-123.17,41.833],[-123.138,41.826],[-123.073,41.78],[-123.05,41.783],[-123.031,41.774],[-123.006,41.746],[-123.007,41.733],[-123.033,41.706],[-123.102,41.68],[-123.115,41.663],[-123.116,41.647],[-123.105,41.627],[-123.139,41.592],[-123.18,41.573],[-123.176,41.551],[-123.194,41.551],[-123.134,41.534],[-123.08,41.547],[-123.056,41.561],[-123.029,41.565],[-123.038,41.554],[-123.028,41.555],[-123.002,41.578],[-122.996,41.574],[-122.998,41.589],[-122.989,41.576],[-122.996,41.569],[-122.981,41.575],[-122.986,41.561],[-123.003,41.559],[-123.024,41.541],[-123.037,41.55],[-123.05,41.538],[-123.022,41.53],[-123.017,41.538],[-122.997,41.541],[-122.999,41.532],[-122.994,41.538],[-122.975,41.531],[-123.013,41.512],[-123.027,41.516],[-123.011,41.506],[-123.041,41.505],[-123.055,41.493],[-123.038,41.492],[-123.043,41.358],[-123.035,41.357],[-123.048,41.331],[-123.059,41.327],[-123.071,41.344],[-123.09,41.348],[-123.101,41.335],[-123.122,41.336],[-123.142,41.326],[-123.158,41.305],[-123.121,41.299],[-123.121,41.27],[-123.113,41.261],[-123.119,41.238],[-123.047,41.247],[-123.034,41.235],[-123.022,41.244],[-123.03,41.233],[-123.015,41.235],[-123.024,41.223],[-123.016,41.228],[-123.011,41.22],[-122.974,41.234],[-122.946,41.229],[-122.942,41.298],[-122.921,41.298],[-122.897,41.311],[-122.9,41.303],[-122.886,41.295],[-122.888,41.281],[-122.879,41.279],[-122.87,41.292],[-122.832,41.298],[-122.852,41.28],[-122.838,41.26],[-122.844,41.25],[-122.844,41.26],[-122.87,41.261],[-122.883,41.244],[-122.886,41.23],[-122.876,41.222],[-122.874,41.204],[-122.895,41.203],[-122.935,41.177],[-122.951,41.186],[-122.963,41.18],[-122.952,41.149],[-122.965,41.139],[-122.959,41.124],[-122.974,41.112],[-122.967,41.082],[-122.942,41.07],[-122.923,41.072],[-122.916,41.054],[-122.898,41.053],[-122.89,41.061],[-122.87,41.039],[-122.831,41.028],[-122.801,41.037],[-122.75,41.032],[-122.755,41.019],[-122.777,41.013],[-122.763,40.987],[-122.78,40.978],[-122.774,40.974],[-122.785,40.964],[-122.78,40.96],[-122.745,40.964],[-122.733,40.973],[-122.735,40.956],[-122.721,40.979],[-122.706,40.985],[-122.691,40.972],[-122.691,40.988],[-122.702,40.996],[-122.691,41.011],[-122.692,41.029],[-122.702,41.042],[-122.697,41.053],[-122.674,41.017],[-122.679,41.007],[-122.666,40.986],[-122.651,40.996],[-122.65,41.007],[-122.646,40.99],[-122.644,40.997],[-122.62,41.001],[-122.634,40.984],[-122.656,40.977],[-122.664,40.966],[-122.662,40.953],[-122.677,40.956],[-122.685,40.928],[-122.751,40.928],[-122.751,40.91],[-122.797,40.915],[-122.801,40.897],[-122.789,40.897],[-122.789,40.869],[-122.826,40.869],[-122.826,40.861],[-122.839,40.86],[-122.893,40.862],[-122.883,40.857],[-122.881,40.833],[-122.826,40.826],[-122.827,40.84],[-122.689,40.84],[-122.689,40.849],[-122.672,40.849],[-122.67,40.866],[-122.655,40.849],[-122.645,40.849],[-122.649,40.843],[-122.639,40.845],[-122.625,40.88],[-122.61,40.884],[-122.6,40.9],[-122.613,40.921],[-122.599,40.976],[-122.59,40.985],[-122.569,40.985],[-122.554,41.004],[-122.538,41.002],[-122.528,41.014],[-122.523,41.059],[-122.537,41.064],[-122.54,41.073],[-122.514,41.088],[-122.493,41.086],[-122.459,41.096],[-122.452,41.108],[-122.445,41.158],[-122.498,41.183],[-122.292,41.185],[-122.303,41.163],[-122.294,41.163],[-122.297,41.169],[-122.283,41.185],[-121.74,41.183],[-121.718,41.202],[-121.738,41.209],[-121.739,41.227],[-121.73,41.23],[-121.687,41.202],[-121.65,41.189],[-121.653,41.183],[-121.446,41.183],[-121.45,41.626],[-121.412,41.622],[-121.39,41.632],[-121.384,41.623],[-121.345,41.647],[-121.273,41.647],[-121.266,41.637],[-121.271,41.602],[-121.248,41.588],[-121.179,41.57],[-121.154,41.542],[-121.16,41.513],[-121.158,41.494],[-121.148,41.487],[-121.152,41.476],[-121.123,41.482],[-121.103,41.471],[-121.06,41.468],[-121.022,41.435],[-121.003,41.428],[-121.001,41.419],[-120.979,41.41],[-120.974,41.399],[-120.889,41.401],[-120.871,41.403],[-120.871,41.414],[-120.815,41.414],[-120.785,41.38],[-120.784,41.363],[-120.804,41.336],[-120.798,41.329],[-120.801,41.337],[-120.793,41.338],[-120.792,41.313],[-120.799,41.307],[-120.788,41.308],[-120.777,41.299],[-120.782,41.293],[-120.773,41.293],[-120.781,41.291],[-120.774,41.29],[-120.772,41.271],[-120.785,41.271],[-120.766,41.256],[-120.772,41.231],[-120.755,41.221],[-120.771,41.228],[-120.761,41.213],[-120.787,41.214],[-120.769,41.207],[-120.763,41.184],[-120.31,41.184],[-120.309,41.081],[-120.341,41.081],[-120.344,40.987],[-120.367,40.987],[-120.378,40.999],[-120.388,40.997],[-120.39,41.014],[-120.406,41.005],[-120.434,41.022],[-120.469,41.008],[-120.484,41.02],[-120.562,41.02],[-120.562,40.985],[-120.569,40.978],[-120.591,40.978],[-120.603,40.966],[-120.622,40.973],[-120.642,41.008],[-120.642,40.97],[-120.775,40.971],[-120.778,40.957],[-120.748,40.925],[-120.76,40.856],[-120.726,40.801],[-120.726,40.767],[-120.722,40.762],[-120.659,40.777],[-120.654,40.765],[-120.518,40.764],[-120.499,40.777],[-120.484,40.774],[-120.484,40.787],[-120.465,40.794],[-120.463,40.779],[-120.434,40.776],[-120.423,40.787],[-120.431,40.8],[-120.429,40.819],[-120.452,40.838],[-120.45,40.855],[-120.461,40.866],[-120.445,40.874],[-120.365,40.874],[-120.369,40.776],[-120.35,40.782],[-120.295,40.694],[-120.204,40.693],[-120.207,40.781],[-120,40.778],[-119.996,40.403],[-120.008,40.409],[-120.05,40.404],[-120.065,40.389],[-120.139,40.359],[-120.156,40.36],[-120.179,40.374],[-120.197,40.37],[-120.171,40.388],[-120.16,40.424],[-120.167,40.437],[-120.203,40.448],[-120.235,40.47],[-120.263,40.455],[-120.279,40.433],[-120.284,40.465],[-120.315,40.485],[-120.326,40.499],[-120.319,40.505],[-120.325,40.513],[-120.344,40.52],[-120.364,40.495],[-120.403,40.494],[-120.408,40.48],[-120.458,40.481],[-120.449,40.472],[-120.459,40.447],[-120.451,40.439],[-120.458,40.426],[-120.49,40.42],[-120.493,40.398],[-120.417,40.397],[-120.4,40.388],[-120.399,40.375],[-120.387,40.386],[-120.346,40.386],[-120.316,40.399],[-120.308,40.391],[-120.312,40.378],[-120.44,40.365],[-120.429,40.334],[-120.435,40.326],[-120.436,40.336],[-120.586,40.342],[-120.605,40.323],[-120.639,40.311],[-120.641,40.295],[-120.652,40.3],[-120.652,40.308],[-120.726,40.308],[-120.727,40.316],[-120.764,40.316],[-120.774,40.301],[-120.797,40.301],[-120.797,40.278],[-120.834,40.271],[-120.834,40.256],[-120.843,40.25],[-120.862,40.262],[-120.917,40.266],[-120.928,40.259],[-120.914,40.244],[-120.935,40.241],[-120.949,40.258],[-120.966,40.257],[-120.974,40.27],[-120.999,40.279],[-120.998,40.31],[-121.005,40.297],[-121.03,40.288],[-121.039,40.296],[-121.018,40.302],[-121.016,40.314],[-121.061,40.315],[-121.061,40.447],[-121.328,40.445],[-121.321,40.862],[-121.356,40.857],[-121.372,40.873],[-121.396,40.879],[-121.396,40.92],[-121.421,40.936],[-121.439,40.936],[-121.441,40.944],[-121.457,40.923],[-121.552,40.919],[-121.545,40.931],[-121.553,40.954],[-121.572,40.967],[-121.562,40.976],[-121.591,40.988],[-121.611,40.949],[-121.596,40.92],[-121.553,40.87],[-121.549,40.85],[-121.565,40.848],[-121.559,40.829],[-121.57,40.82],[-121.567,40.806],[-121.501,40.744],[-121.496,40.722],[-121.517,40.711],[-121.52,40.724],[-121.528,40.714],[-121.562,40.72],[-121.575,40.717],[-121.573,40.71],[-121.597,40.712],[-121.616,40.693],[-121.609,40.682],[-121.636,40.682],[-121.656,40.666],[-121.667,40.666],[-121.665,40.679],[-121.677,40.694],[-121.686,40.74],[-121.699,40.747],[-121.694,40.757],[-121.707,40.778],[-121.706,40.797],[-121.719,40.81],[-121.753,40.807],[-121.767,40.83],[-121.765,40.841],[-121.774,40.828],[-121.821,40.824],[-121.938,40.792],[-121.94,40.81],[-121.931,40.823],[-121.94,40.826],[-121.958,40.824],[-121.974,40.804],[-121.987,40.801],[-122.011,40.818],[-122.035,40.812],[-122.054,40.819],[-122.083,40.804],[-122.093,40.807],[-122.099,40.772],[-122.121,40.766],[-122.122,40.757],[-122.106,40.757],[-122.124,40.755],[-122.12,40.746],[-122.133,40.758],[-122.135,40.75],[-122.146,40.748],[-122.14,40.738],[-122.149,40.748],[-122.163,40.745],[-122.156,40.734],[-122.167,40.744],[-122.177,40.738],[-122.179,40.746],[-122.199,40.731],[-122.193,40.743],[-122.21,40.747],[-122.209,40.739],[-122.221,40.739],[-122.216,40.732],[-122.23,40.729],[-122.236,40.731],[-122.227,40.739],[-122.238,40.744],[-122.214,40.753],[-122.228,40.763],[-122.235,40.761],[-122.231,40.748],[-122.253,40.755],[-122.249,40.745],[-122.26,40.751],[-122.269,40.741],[-122.275,40.757],[-122.288,40.762],[-122.291,40.754],[-122.307,40.764],[-122.309,40.757],[-122.325,40.757],[-122.322,40.749],[-122.336,40.749],[-122.336,40.742],[-122.374,40.751],[-122.384,40.734],[-122.401,40.74],[-122.396,40.735],[-122.402,40.719],[-122.412,40.714],[-122.434,40.737],[-122.459,40.726],[-122.45,40.736],[-122.467,40.741],[-122.445,40.738],[-122.459,40.759],[-122.494,40.759],[-122.488,40.738],[-122.495,40.73],[-122.513,40.729],[-122.521,40.738],[-122.518,40.726],[-122.504,40.723],[-122.509,40.707],[-122.538,40.703],[-122.566,40.684],[-122.562,40.666],[-122.539,40.666],[-122.541,40.651],[-122.524,40.651],[-122.52,40.642],[-122.529,40.633],[-122.51,40.616],[-122.515,40.612],[-122.506,40.577],[-122.531,40.573],[-122.532,40.557],[-122.561,40.562],[-122.561,40.553],[-122.571,40.553],[-122.594,40.567],[-122.635,40.568],[-122.655,40.577],[-122.662,40.589],[-122.673,40.588],[-122.673,40.578],[-122.693,40.578],[-122.711,40.613],[-122.71,40.632],[-122.742,40.634],[-122.748,40.652],[-122.781,40.665],[-122.804,40.662],[-122.827,40.675],[-122.885,40.672],[-122.869,40.693],[-122.883,40.704],[-122.906,40.678],[-122.928,40.672],[-122.924,40.661],[-122.939,40.665],[-122.944,40.68],[-122.929,40.695],[-122.89,40.711],[-122.874,40.731],[-122.869,40.752],[-122.889,40.748],[-122.915,40.755],[-122.92,40.796],[-122.941,40.802],[-122.933,40.789],[-122.946,40.779],[-122.97,40.785],[-122.968,40.792],[-122.983,40.807],[-122.999,40.804],[-122.969,40.842],[-122.974,40.863],[-122.995,40.89],[-122.986,40.91],[-123.002,40.928],[-123.002,40.94],[-122.991,40.955],[-123.007,40.967],[-123,40.985],[-123.037,40.996],[-123.055,41.047],[-123.096,41.059],[-123.109,41.075],[-123.133,41.079],[-123.201,41.072],[-123.245,41.078],[-123.273,41.123],[-123.284,41.123],[-123.295,41.141],[-123.325,41.142],[-123.351,41.163],[-123.381,41.151],[-123.436,41.213],[-123.434,41.223],[-123.46,41.244],[-123.523,41.236],[-123.518,41.242],[-123.537,41.254],[-123.539,41.245],[-123.548,41.254],[-123.545,41.234],[-123.563,41.227],[-123.572,41.216],[-123.566,41.218],[-123.573,41.207],[-123.568,41.203],[-123.583,41.196],[-123.564,41.18],[-123.575,41.174],[-123.577,41.162],[-123.593,41.208],[-123.677,41.188],[-123.648,41.22],[-123.655,41.23],[-123.649,41.249],[-123.605,41.259],[-123.605,41.275],[-123.587,41.277],[-123.569,41.295],[-123.558,41.295],[-123.558,41.312],[-123.573,41.321],[-123.57,41.367],[-123.564,41.382],[-123.547,41.382],[-123.554,41.423],[-123.564,41.432],[-123.574,41.437],[-123.599,41.427],[-123.62,41.433],[-123.612,41.462],[-123.638,41.482],[-123.646,41.532],[-123.694,41.552],[-123.682,41.571],[-123.689,41.58],[-123.682,41.595],[-123.719,41.595],[-123.698,41.633],[-123.68,41.634],[-123.69,41.669],[-123.663,41.693],[-123.67,41.702],[-123.66,41.714],[-123.666,41.732],[-123.68,41.743],[-123.688,41.78],[-123.674,41.786],[-123.672,41.796],[-123.69,41.803],[-123.704,41.829],[-123.671,41.835],[-123.663,41.855],[-123.649,41.86],[-123.652,41.879],[-123.642,41.89],[-123.606,41.881],[-123.594,41.906],[-123.559,41.906],[-123.554,41.931],[-123.533,41.955],[-123.538,41.989],[-123.518,42.001],[-123.435,42]],[[-122.378,41.054],[-122.36,41.065],[-122.358,41.058],[-122.341,41.054],[-122.315,41.069],[-122.281,41.073],[-122.255,41.092],[-122.277,41.125],[-122.294,41.123],[-122.305,41.142],[-122.308,41.135],[-122.298,41.126],[-122.308,41.117],[-122.291,41.118],[-122.298,41.109],[-122.325,41.112],[-122.352,41.094],[-122.363,41.079],[-122.362,41.067],[-122.378,41.054]],[[-120.931,41.189],[-120.924,41.196],[-120.928,41.206],[-120.938,41.208],[-120.941,41.2],[-120.971,41.205],[-120.971,41.184],[-120.928,41.184],[-120.931,41.189]]],[[[-121.902,42.003],[-121.603,41.999],[-121.593,41.986],[-121.594,41.936],[-121.601,41.93],[-121.593,41.903],[-121.605,41.903],[-121.601,41.872],[-121.609,41.853],[-121.602,41.784],[-121.656,41.785],[-121.67,41.776],[-121.67,41.72],[-121.662,41.709],[-121.692,41.683],[-121.722,41.676],[-121.722,41.654],[-121.716,41.662],[-121.698,41.662],[-121.683,41.653],[-121.708,41.628],[-121.72,41.634],[-121.721,41.623],[-121.751,41.632],[-121.756,41.625],[-121.768,41.631],[-121.831,41.63],[-121.863,41.611],[-121.856,41.602],[-121.861,41.586],[-121.871,41.59],[-121.875,41.577],[-121.918,41.574],[-121.955,41.578],[-121.973,41.616],[-122.004,41.598],[-122.027,41.603],[-122.027,41.609],[-122.082,41.61],[-122.049,41.644],[-122.06,41.655],[-122.054,41.665],[-122.069,41.678],[-122.06,41.685],[-122.105,41.716],[-122.102,41.724],[-122.115,41.752],[-122.155,41.745],[-122.2,41.759],[-122.191,41.77],[-122.199,41.791],[-122.175,41.782],[-122.19,41.8],[-122.189,41.811],[-122.173,41.817],[-122.167,41.829],[-122.151,41.828],[-122.152,41.821],[-122.128,41.822],[-122.119,41.813],[-122.121,41.799],[-122.119,41.806],[-122.105,41.801],[-122.093,41.815],[-122.093,41.828],[-122.084,41.83],[-122.071,41.822],[-122.006,41.822],[-122.001,41.84],[-121.921,41.96],[-121.902,41.96],[-121.911,41.968],[-121.897,41.99],[-121.902,42.003]]],[[[-76.948,42.097],[-76.876,42.092],[-76.873,42.08],[-76.835,42.066],[-76.826,42.074],[-76.816,42.065],[-76.823,42.053],[-76.797,42.057],[-76.777,42.05],[-76.732,42.017],[-76.703,42.016],[-76.702,42.001],[-77.235,42.003],[-77.235,42.014],[-77.221,42.014],[-77.218,42.031],[-77.203,42.033],[-77.2,42.044],[-77.22,42.042],[-77.232,42.059],[-77.208,42.064],[-77.211,42.054],[-77.172,42.056],[-77.166,42.078],[-77.149,42.081],[-77.148,42.091],[-77.147,42.084],[-77.098,42.084],[-77.114,42.066],[-77.131,42.061],[-77.125,42.054],[-77.129,42.038],[-77.103,42.037],[-77.076,42.025],[-77.079,42.043],[-77.056,42.04],[-77.053,42.027],[-77.033,42.02],[-77.026,42.025],[-77.028,42.056],[-76.968,42.057],[-76.961,42.073],[-76.946,42.077],[-76.947,42.086],[-76.957,42.085],[-76.948,42.097]]],[[[-77.894,42.183],[-77.853,42.178],[-77.858,42.141],[-77.839,42.126],[-77.828,42.127],[-77.831,42.105],[-77.821,42.104],[-77.84,42.095],[-77.84,42.081],[-77.801,42.085],[-77.803,42.076],[-77.782,42.07],[-77.782,42.061],[-77.752,42.074],[-77.752,42.088],[-77.726,42.095],[-77.726,42.102],[-77.704,42.101],[-77.683,42.121],[-77.657,42.131],[-77.65,42.13],[-77.652,42.108],[-77.636,42.109],[-77.632,42.089],[-77.621,42.084],[-77.592,42.098],[-77.549,42.096],[-77.541,42.089],[-77.538,42.096],[-77.514,42.095],[-77.497,42.085],[-77.514,42.077],[-77.514,42.059],[-77.501,42.058],[-77.513,42.041],[-77.486,42.04],[-77.522,42.017],[-77.509,42.004],[-77.49,42],[-77.77,41.998],[-77.762,41.987],[-77.786,41.983],[-77.779,41.955],[-77.741,41.978],[-77.727,41.973],[-77.731,41.942],[-77.767,41.933],[-77.77,41.939],[-77.787,41.924],[-77.824,41.947],[-77.845,41.939],[-77.838,41.872],[-77.81,41.879],[-77.793,41.849],[-77.798,41.829],[-77.844,41.817],[-77.845,41.809],[-77.793,41.801],[-77.784,41.79],[-77.846,41.774],[-77.846,41.748],[-77.835,41.734],[-77.815,41.733],[-77.811,41.758],[-77.791,41.748],[-77.773,41.755],[-77.753,41.75],[-77.753,41.76],[-77.725,41.762],[-77.724,41.776],[-77.738,41.782],[-77.714,41.777],[-77.709,41.816],[-77.681,41.816],[-77.681,41.802],[-77.605,41.806],[-77.6,41.542],[-77.456,41.543],[-77.472,41.577],[-77.462,41.597],[-77.467,41.624],[-77.457,41.634],[-77.343,41.633],[-77.328,41.619],[-77.254,41.614],[-77.216,41.636],[-77.215,41.582],[-77.185,41.581],[-77.174,41.598],[-77.118,41.62],[-77.11,41.638],[-77.046,41.639],[-77.052,41.626],[-77.04,41.614],[-77.046,41.608],[-77.042,41.589],[-77.051,41.593],[-77.053,41.584],[-77.085,41.57],[-77.062,41.564],[-77.056,41.551],[-77.093,41.547],[-77.091,41.54],[-77.104,41.538],[-77.096,41.533],[-77.101,41.525],[-77.079,41.525],[-77.033,41.539],[-77.04,41.551],[-77.008,41.55],[-77.054,41.49],[-77.041,41.492],[-77.023,41.481],[-77.017,41.461],[-76.978,41.466],[-76.976,41.482],[-76.966,41.478],[-76.904,41.497],[-76.878,41.491],[-76.837,41.495],[-76.803,41.511],[-76.804,41.471],[-76.827,41.47],[-76.826,41.442],[-76.808,41.42],[-76.827,41.422],[-76.827,41.412],[-76.885,41.412],[-76.906,41.403],[-76.874,41.381],[-76.889,41.371],[-76.9,41.375],[-76.912,41.355],[-76.92,41.359],[-76.942,41.347],[-76.944,41.328],[-76.979,41.325],[-77,41.314],[-76.996,41.302],[-77.002,41.297],[-77.009,41.297],[-77.006,41.307],[-77.013,41.311],[-77.023,41.31],[-77.021,41.297],[-77.064,41.303],[-77.053,41.295],[-77.085,41.293],[-77.125,41.269],[-77.131,41.271],[-77.116,41.277],[-77.112,41.292],[-77.123,41.312],[-77.133,41.312],[-77.157,41.295],[-77.142,41.288],[-77.148,41.264],[-77.169,41.266],[-77.174,41.273],[-77.166,41.282],[-77.18,41.292],[-77.192,41.285],[-77.179,41.271],[-77.181,41.254],[-77.194,41.248],[-77.19,41.238],[-77.208,41.245],[-77.221,41.234],[-77.219,41.22],[-77.208,41.217],[-77.212,41.213],[-77.19,41.194],[-77.172,41.197],[-77.178,41.181],[-77.136,41.179],[-77.139,41.172],[-77.166,41.17],[-77.165,41.151],[-77.15,41.122],[-77.136,41.114],[-77.122,41.118],[-77.179,41.083],[-77.164,41.069],[-77.105,41.072],[-77.104,40.988],[-77.085,40.989],[-77.08,41.006],[-77.028,40.998],[-77.028,40.984],[-76.998,40.982],[-76.985,40.969],[-77,40.949],[-76.984,40.952],[-76.983,40.922],[-76.968,40.922],[-76.964,40.908],[-76.955,40.909],[-76.951,40.919],[-76.95,40.908],[-76.986,40.889],[-76.99,40.875],[-77.01,40.87],[-77.022,40.857],[-77.07,40.869],[-77.357,40.807],[-77.356,40.759],[-77.525,40.685],[-77.541,40.702],[-77.563,40.692],[-77.579,40.694],[-77.571,40.71],[-77.585,40.711],[-77.59,40.704],[-77.594,40.713],[-77.605,40.707],[-77.625,40.713],[-77.643,40.702],[-77.707,40.688],[-77.701,40.705],[-77.677,40.716],[-77.681,40.73],[-77.696,40.723],[-77.715,40.765],[-77.732,40.764],[-77.75,40.779],[-77.733,40.782],[-77.741,40.793],[-77.76,40.794],[-77.769,40.813],[-77.725,40.84],[-77.724,40.853],[-77.697,40.875],[-77.643,40.901],[-77.639,40.921],[-77.645,40.926],[-77.635,40.923],[-77.595,40.943],[-77.611,40.953],[-77.605,40.964],[-77.612,40.962],[-77.626,40.977],[-77.636,40.971],[-77.634,40.978],[-77.646,40.984],[-77.643,41.005],[-77.734,40.947],[-77.742,40.954],[-77.742,40.974],[-77.793,40.948],[-77.797,40.954],[-77.778,40.957],[-77.799,40.981],[-77.785,40.987],[-77.783,41.002],[-77.767,41.012],[-77.797,41.047],[-77.773,41.05],[-77.841,41.148],[-77.986,41.063],[-77.983,41.078],[-78.027,41.089],[-78.044,41.074],[-78.022,41.058],[-78.045,41.052],[-78.072,41.05],[-78.076,41.06],[-78.09,41.059],[-78.085,41.069],[-78.112,41.081],[-78.109,41.092],[-78.121,41.099],[-78.127,41.083],[-78.116,41.072],[-78.138,41.059],[-78.223,41.063],[-78.234,41.079],[-78.247,41.068],[-78.236,41.061],[-78.254,41.06],[-78.249,41.052],[-78.255,41.048],[-78.281,41.07],[-78.275,41.082],[-78.3,41.078],[-78.296,41.093],[-78.293,41.082],[-78.277,41.084],[-78.28,41.099],[-78.296,41.103],[-78.312,41.079],[-78.302,41.07],[-78.309,41.057],[-78.33,41.076],[-78.343,41.076],[-78.346,41.064],[-78.334,41.056],[-78.343,41.053],[-78.359,41.065],[-78.354,41.06],[-78.371,41.015],[-78.386,41.009],[-78.384,40.999],[-78.395,40.993],[-78.41,40.996],[-78.404,40.983],[-78.391,40.981],[-78.378,40.966],[-78.42,40.969],[-78.432,40.951],[-78.447,40.948],[-78.447,40.938],[-78.472,40.93],[-78.481,40.939],[-78.469,40.942],[-78.481,40.956],[-78.496,40.939],[-78.501,40.944],[-78.488,40.97],[-78.502,40.989],[-78.528,41.017],[-78.554,41.022],[-78.579,41.049],[-78.509,41.059],[-78.529,41.076],[-78.583,41.077],[-78.579,41.14],[-78.682,41.134],[-78.684,41.078],[-78.713,41.07],[-78.719,41.053],[-78.748,41.059],[-78.758,41.056],[-78.757,41.048],[-78.774,41.048],[-78.77,41.03],[-78.779,41.026],[-78.78,41.032],[-78.805,41.033],[-78.805,41.132],[-78.795,41.143],[-78.784,41.141],[-78.795,41.149],[-78.785,41.173],[-78.815,41.195],[-78.868,41.212],[-78.87,41.203],[-78.883,41.204],[-78.883,41.212],[-78.908,41.2],[-78.9,41.222],[-78.919,41.213],[-78.934,41.22],[-78.946,41.257],[-78.926,41.257],[-78.925,41.248],[-78.888,41.248],[-78.887,41.238],[-78.878,41.243],[-78.881,41.258],[-78.909,41.266],[-78.938,41.29],[-78.955,41.294],[-78.937,41.308],[-78.943,41.319],[-78.968,41.314],[-78.994,41.322],[-79.017,41.291],[-79.036,41.28],[-79.034,41.27],[-79.106,41.266],[-79.111,41.235],[-79.127,41.248],[-79.147,41.236],[-79.16,41.243],[-79.169,41.226],[-79.161,41.221],[-79.147,41.233],[-79.147,41.205],[-79.166,41.204],[-79.173,41.193],[-79.199,41.186],[-79.196,41.17],[-79.18,41.178],[-79.153,41.151],[-79.151,41.135],[-79.14,41.137],[-79.135,41.119],[-79.113,41.13],[-79.123,41.132],[-79.118,41.138],[-79.097,41.133],[-79.108,41.11],[-79.131,41.11],[-79.127,41.088],[-79.118,41.08],[-79.126,41.064],[-79.098,41.057],[-79.087,41.022],[-79.103,41.02],[-79.121,41.032],[-79.14,41.029],[-79.148,41.014],[-79.144,41.006],[-79.17,41.003],[-79.171,40.987],[-79.192,40.989],[-79.197,40.971],[-79.208,40.973],[-79.213,40.966],[-79.214,40.953],[-79.183,40.944],[-79.186,40.933],[-79.16,40.931],[-79.146,40.911],[-79.155,40.893],[-79.102,40.902],[-79.102,40.91],[-79.071,40.91],[-79.075,40.879],[-79.062,40.879],[-79.068,40.857],[-79.087,40.855],[-79.082,40.839],[-79.103,40.831],[-79.097,40.82],[-79.131,40.822],[-79.126,40.783],[-79.134,40.766],[-79.099,40.761],[-79.092,40.748],[-79.076,40.752],[-79.066,40.746],[-79.068,40.738],[-79.098,40.724],[-79.06,40.715],[-79.047,40.698],[-79.05,40.688],[-79.035,40.656],[-79.055,40.64],[-79.056,40.616],[-79.077,40.607],[-79.089,40.591],[-79.052,40.591],[-79.042,40.579],[-79.001,40.581],[-79.021,40.571],[-79.026,40.559],[-79.023,40.549],[-79.009,40.558],[-78.998,40.552],[-79.003,40.532],[-79.023,40.543],[-79.033,40.528],[-79.059,40.526],[-79.072,40.551],[-79.101,40.561],[-79.117,40.558],[-79.127,40.569],[-79.133,40.556],[-79.142,40.558],[-79.152,40.574],[-79.163,40.574],[-79.162,40.586],[-79.174,40.575],[-79.197,40.575],[-79.198,40.564],[-79.216,40.564],[-79.207,40.542],[-79.215,40.544],[-79.223,40.534],[-79.232,40.557],[-79.244,40.545],[-79.26,40.556],[-79.251,40.563],[-79.254,40.575],[-79.268,40.58],[-79.276,40.58],[-79.278,40.57],[-79.296,40.582],[-79.293,40.573],[-79.306,40.577],[-79.304,40.564],[-79.32,40.562],[-79.311,40.555],[-79.322,40.55],[-79.31,40.53],[-79.299,40.54],[-79.283,40.54],[-79.267,40.528],[-79.264,40.516],[-79.249,40.538],[-79.228,40.528],[-79.234,40.518],[-79.216,40.52],[-79.177,40.497],[-79.149,40.512],[-79.121,40.482],[-79.11,40.483],[-79.105,40.502],[-79.086,40.496],[-79.082,40.503],[-79.074,40.482],[-79.09,40.475],[-79.085,40.465],[-79.071,40.463],[-79.07,40.45],[-79.011,40.454],[-78.984,40.467],[-78.963,40.458],[-78.971,40.444],[-78.946,40.442],[-78.949,40.433],[-78.911,40.433],[-78.921,40.422],[-78.921,40.393],[-78.891,40.393],[-78.896,40.391],[-78.885,40.383],[-78.897,40.348],[-78.892,40.34],[-78.909,40.336],[-78.921,40.343],[-78.93,40.332],[-78.925,40.317],[-78.914,40.314],[-78.911,40.302],[-78.919,40.294],[-78.909,40.287],[-78.926,40.282],[-78.897,40.272],[-78.911,40.275],[-78.916,40.269],[-78.91,40.261],[-78.92,40.246],[-78.905,40.243],[-78.905,40.237],[-78.919,40.233],[-78.937,40.256],[-78.954,40.258],[-79.013,40.239],[-79.021,40.25],[-79.03,40.248],[-79.033,40.242],[-79.012,40.224],[-79.015,40.214],[-79.007,40.221],[-78.998,40.211],[-79.018,40.205],[-78.999,40.2],[-79.014,40.171],[-78.991,40.168],[-78.975,40.149],[-78.991,40.143],[-78.996,40.131],[-79.048,40.146],[-79.047,40.157],[-79.08,40.17],[-79.082,40.159],[-79.053,40.148],[-79.07,40.132],[-79.088,40.129],[-79.083,40.116],[-79.073,40.113],[-79.075,40.1],[-79.056,40.086],[-79.045,40.093],[-79.046,40.076],[-79.025,40.069],[-79.04,40.054],[-79.036,40.045],[-79.044,40.03],[-79.033,40.008],[-78.988,40.017],[-78.984,40.026],[-78.976,40.017],[-78.965,40.03],[-78.967,40.02],[-78.955,40.021],[-78.953,40.013],[-78.964,40.01],[-78.962,39.999],[-78.98,39.987],[-78.967,39.974],[-78.975,39.971],[-78.969,39.966],[-79.003,39.957],[-79.028,39.971],[-79.055,39.951],[-79.044,39.94],[-79.051,39.935],[-79.104,39.95],[-79.116,39.941],[-79.113,39.948],[-79.126,39.953],[-79.122,39.963],[-79.132,39.954],[-79.145,39.965],[-79.174,39.963],[-79.174,39.972],[-79.206,39.967],[-79.211,39.979],[-79.222,39.976],[-79.218,39.991],[-79.238,40.002],[-79.248,39.982],[-79.276,39.982],[-79.272,39.993],[-79.278,40.003],[-79.309,40.018],[-79.338,39.982],[-79.347,39.984],[-79.343,39.976],[-79.364,39.948],[-79.341,39.947],[-79.344,39.941],[-79.334,39.931],[-79.338,39.914],[-79.322,39.901],[-79.33,39.894],[-79.322,39.887],[-79.332,39.872],[-79.317,39.862],[-79.299,39.874],[-79.299,39.862],[-79.312,39.859],[-79.299,39.842],[-79.275,39.849],[-79.28,39.834],[-79.294,39.832],[-79.298,39.814],[-79.278,39.804],[-79.293,39.783],[-79.288,39.769],[-79.294,39.765],[-79.308,39.774],[-79.315,39.759],[-79.289,39.764],[-79.275,39.754],[-79.245,39.756],[-79.242,39.75],[-79.251,39.742],[-79.212,39.742],[-79.211,39.722],[-79.283,39.724],[-79.276,39.73],[-79.283,39.741],[-79.308,39.753],[-79.325,39.739],[-79.328,39.75],[-79.338,39.751],[-79.323,39.789],[-79.355,39.796],[-79.365,39.809],[-79.366,39.791],[-79.352,39.784],[-79.377,39.79],[-79.383,39.782],[-79.394,39.784],[-79.379,39.768],[-79.399,39.758],[-79.394,39.743],[-79.409,39.741],[-79.409,39.734],[-79.393,39.733],[-79.392,39.722],[-79.524,39.721],[-79.514,39.765],[-79.521,39.785],[-79.5,39.777],[-79.496,39.792],[-79.51,39.796],[-79.497,39.828],[-79.514,39.833],[-79.539,39.825],[-79.539,39.837],[-79.555,39.844],[-79.562,39.843],[-79.569,39.823],[-79.581,39.833],[-79.598,39.829],[-79.62,39.844],[-79.603,39.85],[-79.604,39.845],[-79.586,39.843],[-79.581,39.85],[-79.606,39.859],[-79.609,39.851],[-79.621,39.865],[-79.584,39.886],[-79.596,39.901],[-79.627,39.902],[-79.612,39.912],[-79.614,39.921],[-79.631,39.93],[-79.629,39.937],[-79.644,39.949],[-79.638,39.956],[-79.647,39.963],[-79.716,39.96],[-79.721,39.964],[-79.716,39.971],[-79.728,39.976],[-79.722,39.976],[-79.724,39.987],[-79.705,40.004],[-79.695,39.996],[-79.683,40.013],[-79.678,40.003],[-79.658,40.022],[-79.657,39.992],[-79.617,40.001],[-79.607,39.998],[-79.611,39.993],[-79.596,39.995],[-79.583,39.975],[-79.566,39.966],[-79.52,39.966],[-79.506,39.979],[-79.49,39.973],[-79.469,40.005],[-79.477,39.998],[-79.502,40],[-79.478,40.009],[-79.499,40.023],[-79.489,40.05],[-79.512,40.054],[-79.511,40.06],[-79.438,40.07],[-79.421,40.047],[-79.405,40.041],[-79.398,40.051],[-79.414,40.062],[-79.399,40.068],[-79.39,40.049],[-79.378,40.048],[-79.382,40.054],[-79.365,40.065],[-79.373,40.072],[-79.37,40.09],[-79.35,40.085],[-79.358,40.075],[-79.347,40.088],[-79.327,40.082],[-79.321,40.089],[-79.327,40.095],[-79.338,40.088],[-79.335,40.099],[-79.35,40.098],[-79.356,40.111],[-79.376,40.108],[-79.379,40.117],[-79.372,40.123],[-79.393,40.122],[-79.396,40.131],[-79.372,40.136],[-79.372,40.152],[-79.379,40.153],[-79.357,40.164],[-79.365,40.171],[-79.364,40.186],[-79.34,40.189],[-79.34,40.198],[-79.323,40.204],[-79.314,40.223],[-79.335,40.251],[-79.317,40.263],[-79.321,40.285],[-79.3,40.282],[-79.287,40.292],[-79.332,40.295],[-79.319,40.309],[-79.329,40.309],[-79.329,40.315],[-79.314,40.322],[-79.334,40.318],[-79.324,40.323],[-79.332,40.332],[-79.343,40.328],[-79.342,40.321],[-79.373,40.324],[-79.382,40.356],[-79.419,40.352],[-79.433,40.358],[-79.433,40.374],[-79.459,40.355],[-79.473,40.375],[-79.481,40.375],[-79.479,40.366],[-79.489,40.37],[-79.502,40.361],[-79.501,40.377],[-79.49,40.385],[-79.505,40.389],[-79.502,40.398],[-79.511,40.401],[-79.498,40.404],[-79.492,40.436],[-79.527,40.457],[-79.49,40.464],[-79.497,40.477],[-79.553,40.464],[-79.561,40.469],[-79.557,40.494],[-79.592,40.492],[-79.595,40.485],[-79.635,40.486],[-79.657,40.496],[-79.652,40.511],[-79.668,40.515],[-79.664,40.524],[-79.643,40.526],[-79.633,40.541],[-79.645,40.538],[-79.654,40.548],[-79.64,40.554],[-79.64,40.566],[-79.651,40.569],[-79.639,40.583],[-79.609,40.599],[-79.592,40.584],[-79.575,40.583],[-79.535,40.616],[-79.51,40.616],[-79.505,40.634],[-79.486,40.64],[-79.473,40.63],[-79.476,40.659],[-79.497,40.649],[-79.511,40.652],[-79.503,40.659],[-79.512,40.669],[-79.509,40.678],[-79.521,40.68],[-79.54,40.707],[-79.554,40.699],[-79.58,40.708],[-79.633,40.69],[-79.658,40.694],[-79.675,40.671],[-79.691,40.668],[-79.668,40.656],[-79.671,40.644],[-79.689,40.646],[-79.693,40.67],[-79.764,40.67],[-79.759,40.654],[-79.752,40.654],[-79.757,40.64],[-79.75,40.643],[-79.746,40.635],[-79.764,40.626],[-79.763,40.617],[-79.741,40.601],[-79.767,40.597],[-79.776,40.587],[-79.787,40.6],[-79.788,40.59],[-79.796,40.59],[-79.781,40.574],[-79.782,40.56],[-79.773,40.562],[-79.77,40.546],[-79.788,40.561],[-79.807,40.563],[-79.81,40.571],[-79.821,40.566],[-79.813,40.6],[-79.827,40.599],[-79.831,40.63],[-79.837,40.63],[-79.834,40.62],[-79.855,40.631],[-79.886,40.619],[-79.889,40.611],[-79.871,40.598],[-79.88,40.594],[-79.876,40.589],[-79.927,40.573],[-79.929,40.561],[-79.943,40.553],[-79.935,40.553],[-79.939,40.541],[-79.945,40.545],[-79.941,40.539],[-79.95,40.532],[-79.964,40.542],[-79.959,40.55],[-79.993,40.554],[-79.999,40.566],[-80.017,40.568],[-80.021,40.582],[-80.014,40.592],[-80.029,40.603],[-80.03,40.613],[-80.02,40.614],[-80.025,40.627],[-80.013,40.639],[-80.029,40.643],[-80.026,40.661],[-80.034,40.661],[-80.033,40.67],[-80.054,40.653],[-80.056,40.667],[-80.061,40.652],[-80.08,40.653],[-80.07,40.655],[-80.07,40.671],[-80.08,40.656],[-80.101,40.672],[-80.068,40.674],[-80.076,40.684],[-80.063,40.687],[-80.072,40.691],[-80.063,40.699],[-80.063,40.691],[-80.049,40.692],[-80.059,40.695],[-80.05,40.702],[-80.059,40.71],[-80.061,40.728],[-80.054,40.736],[-80.061,40.736],[-80.062,40.745],[-80.146,40.743],[-80.152,40.734],[-80.149,40.693],[-80.173,40.708],[-80.165,40.729],[-80.156,40.728],[-80.162,40.754],[-80.154,40.758],[-80.154,40.772],[-80.168,40.775],[-80.155,40.782],[-80.156,40.81],[-80.173,40.817],[-80.171,40.844],[-80.158,40.849],[-80.183,40.855],[-80.178,40.875],[-80.214,40.878],[-80.214,40.889],[-80.226,40.901],[-80.217,40.919],[-80.19,40.924],[-80.177,40.943],[-80.188,40.946],[-80.201,40.936],[-80.199,40.95],[-80.211,40.949],[-80.229,40.962],[-80.239,40.937],[-80.265,40.945],[-80.264,40.934],[-80.242,40.93],[-80.265,40.93],[-80.265,40.898],[-80.256,40.897],[-80.256,40.889],[-80.277,40.882],[-80.275,40.902],[-80.293,40.929],[-80.304,40.933],[-80.303,40.941],[-80.345,40.937],[-80.351,40.938],[-80.349,40.952],[-80.362,40.949],[-80.368,40.971],[-80.35,40.983],[-80.352,40.968],[-80.337,40.969],[-80.344,40.984],[-80.398,40.986],[-80.405,40.996],[-80.424,40.998],[-80.435,41.018],[-80.426,41.035],[-80.402,41.037],[-80.358,41.014],[-80.333,41.01],[-80.333,41.016],[-80.315,41.018],[-80.32,41.022],[-80.31,41.03],[-80.323,41.032],[-80.314,41.041],[-80.283,41.041],[-80.282,41.012],[-80.269,41.013],[-80.26,41.023],[-80.268,41.027],[-80.269,41.05],[-80.258,41.052],[-80.258,41.065],[-80.266,41.065],[-80.266,41.073],[-80.286,41.072],[-80.288,41.064],[-80.307,41.07],[-80.306,41.083],[-80.315,41.091],[-80.298,41.116],[-80.305,41.12],[-80.293,41.12],[-80.285,41.131],[-80.256,41.128],[-80.257,41.141],[-80.219,41.147],[-80.226,41.157],[-80.214,41.167],[-80.201,41.145],[-80.221,41.144],[-80.22,41.134],[-80.21,41.141],[-80.178,41.142],[-80.179,41.13],[-80.191,41.13],[-80.185,41.115],[-80.146,41.113],[-80.164,41.134],[-80.163,41.143],[-80.155,41.143],[-80.16,41.16],[-80.182,41.175],[-80.167,41.176],[-80.164,41.186],[-80.147,41.184],[-80.147,41.198],[-80.126,41.195],[-80.14,41.218],[-80.125,41.213],[-80.124,41.237],[-80.114,41.236],[-80.119,41.226],[-80.108,41.227],[-80.105,41.237],[-80.105,41.227],[-80.076,41.229],[-80.075,41.249],[-80.045,41.249],[-80.046,41.297],[-80.072,41.289],[-80.074,41.297],[-80.102,41.296],[-80.102,41.305],[-80.122,41.304],[-80.127,41.315],[-80.12,41.321],[-80.127,41.321],[-80.133,41.337],[-80.143,41.333],[-80.142,41.308],[-80.157,41.303],[-80.148,41.332],[-80.159,41.332],[-80.16,41.318],[-80.18,41.311],[-80.178,41.332],[-80.207,41.332],[-80.208,41.349],[-80.175,41.351],[-80.179,41.374],[-80.163,41.376],[-80.164,41.389],[-80.152,41.408],[-80.137,41.411],[-80.156,41.42],[-80.149,41.427],[-80.165,41.428],[-80.179,41.441],[-80.181,41.434],[-80.209,41.443],[-80.211,41.416],[-80.196,41.411],[-80.213,41.412],[-80.224,41.361],[-80.231,41.368],[-80.257,41.368],[-80.259,41.385],[-80.267,41.385],[-80.268,41.367],[-80.278,41.367],[-80.26,41.351],[-80.328,41.347],[-80.319,41.333],[-80.344,41.322],[-80.389,41.34],[-80.4,41.362],[-80.408,41.361],[-80.395,41.346],[-80.394,41.331],[-80.413,41.33],[-80.412,41.359],[-80.403,41.371],[-80.42,41.382],[-80.47,41.356],[-80.519,41.348],[-80.519,41.738],[-80.511,41.738],[-80.506,41.726],[-80.498,41.738],[-80.47,41.738],[-80.47,41.758],[-80.429,41.761],[-80.43,41.735],[-80.41,41.74],[-80.411,41.712],[-80.392,41.717],[-80.392,41.711],[-80.326,41.695],[-80.322,41.685],[-80.335,41.685],[-80.336,41.675],[-80.318,41.674],[-80.322,41.66],[-80.292,41.657],[-80.292,41.674],[-80.271,41.674],[-80.272,41.656],[-80.255,41.653],[-80.261,41.634],[-80.252,41.599],[-80.22,41.59],[-80.223,41.572],[-80.203,41.567],[-80.181,41.544],[-80.133,41.536],[-80.104,41.549],[-80.108,41.558],[-80.101,41.551],[-80.061,41.559],[-80.056,41.563],[-80.066,41.577],[-80.029,41.582],[-80.029,41.596],[-80.016,41.596],[-80.013,41.583],[-79.962,41.583],[-79.941,41.568],[-79.939,41.576],[-79.917,41.574],[-79.934,41.557],[-79.911,41.55],[-79.918,41.527],[-79.908,41.517],[-79.909,41.493],[-79.934,41.492],[-79.935,41.472],[-79.923,41.464],[-79.942,41.452],[-79.925,41.44],[-79.928,41.431],[-79.915,41.43],[-79.928,41.42],[-79.924,41.412],[-79.901,41.416],[-79.915,41.401],[-79.914,41.368],[-79.892,41.367],[-79.864,41.353],[-79.874,41.328],[-79.842,41.324],[-79.854,41.316],[-79.843,41.305],[-79.852,41.29],[-79.831,41.292],[-79.824,41.285],[-79.846,41.272],[-79.837,41.26],[-79.841,41.255],[-79.86,41.258],[-79.869,41.252],[-79.899,41.261],[-79.936,41.243],[-79.993,41.251],[-79.98,41.238],[-79.931,41.218],[-79.907,41.219],[-79.907,41.21],[-79.885,41.209],[-79.879,41.194],[-79.844,41.2],[-79.846,41.228],[-79.813,41.215],[-79.755,41.231],[-79.764,41.211],[-79.752,41.206],[-79.744,41.21],[-79.739,41.23],[-79.73,41.232],[-79.731,41.211],[-79.709,41.195],[-79.718,41.179],[-79.707,41.195],[-79.725,41.209],[-79.715,41.236],[-79.716,41.255],[-79.727,41.256],[-79.719,41.264],[-79.728,41.291],[-79.718,41.32],[-79.708,41.305],[-79.694,41.303],[-79.675,41.284],[-79.618,41.291],[-79.622,41.278],[-79.609,41.282],[-79.576,41.27],[-79.574,41.285],[-79.56,41.274],[-79.532,41.274],[-79.525,41.308],[-79.545,41.308],[-79.547,41.315],[-79.535,41.317],[-79.541,41.336],[-79.478,41.336],[-79.478,41.321],[-79.445,41.322],[-79.452,41.306],[-79.478,41.305],[-79.479,41.277],[-79.473,41.264],[-79.459,41.259],[-79.449,41.262],[-79.449,41.285],[-79.44,41.287],[-79.434,41.315],[-79.443,41.319],[-79.435,41.321],[-79.44,41.331],[-79.421,41.327],[-79.411,41.302],[-79.416,41.289],[-79.384,41.289],[-79.391,41.276],[-79.376,41.275],[-79.368,41.259],[-79.354,41.283],[-79.332,41.284],[-79.33,41.3],[-79.312,41.292],[-79.293,41.307],[-79.271,41.29],[-79.268,41.304],[-79.247,41.304],[-79.229,41.32],[-79.209,41.317],[-79.209,41.278],[-79.192,41.284],[-79.189,41.274],[-79.171,41.271],[-79.163,41.278],[-79.166,41.296],[-79.121,41.297],[-79.132,41.318],[-79.128,41.332],[-79.106,41.326],[-79.105,41.342],[-79.094,41.34],[-79.085,41.348],[-79.088,41.359],[-79.095,41.358],[-79.101,41.39],[-79.133,41.401],[-79.135,41.341],[-79.141,41.347],[-79.161,41.342],[-79.17,41.348],[-79.166,41.363],[-79.197,41.385],[-79.192,41.392],[-79.152,41.395],[-79.152,41.417],[-79.208,41.422],[-79.229,41.412],[-79.237,41.421],[-79.231,41.421],[-79.232,41.431],[-79.243,41.434],[-79.236,41.441],[-79.273,41.468],[-79.318,41.455],[-79.377,41.478],[-79.368,41.482],[-79.361,41.502],[-79.337,41.486],[-79.314,41.487],[-79.296,41.502],[-79.251,41.474],[-79.219,41.467],[-79.209,41.472],[-79.205,41.626],[-79.091,41.626],[-79.089,41.737],[-79.035,41.736],[-79.035,41.752],[-78.952,41.752],[-78.949,41.83],[-78.922,41.831],[-78.922,41.841],[-78.91,41.841],[-78.91,41.847],[-78.814,41.845],[-78.78,41.85],[-78.772,41.856],[-78.774,41.867],[-78.744,41.855],[-78.697,41.883],[-78.678,41.883],[-78.661,41.898],[-78.652,41.895],[-78.662,41.871],[-78.651,41.874],[-78.653,41.879],[-78.603,41.878],[-78.602,41.822],[-78.573,41.846],[-78.554,41.84],[-78.541,41.85],[-78.512,41.853],[-78.52,41.867],[-78.537,41.875],[-78.54,41.909],[-78.504,41.925],[-78.491,41.927],[-78.4,41.879],[-78.38,41.885],[-78.374,41.896],[-78.364,41.895],[-78.365,41.884],[-78.353,41.884],[-78.348,41.9],[-78.342,41.896],[-78.323,41.925],[-78.263,41.925],[-78.27,41.947],[-78.284,41.96],[-78.279,41.971],[-78.285,41.989],[-78.262,41.999],[-78.264,42.03],[-78.249,42.032],[-78.255,42.046],[-78.234,42.053],[-78.231,42.064],[-78.219,42.064],[-78.22,42.055],[-78.211,42.051],[-78.205,42.062],[-78.209,42.086],[-78.258,42.087],[-78.25,42.111],[-78.202,42.108],[-78.21,42.128],[-78.187,42.13],[-78.163,42.108],[-78.155,42.126],[-78.142,42.127],[-78.13,42.141],[-78.122,42.122],[-78.143,42.098],[-78.113,42.095],[-78.089,42.102],[-78.087,42.095],[-78.062,42.088],[-78.014,42.112],[-78.012,42.13],[-77.985,42.129],[-77.974,42.146],[-77.981,42.157],[-77.978,42.17],[-77.926,42.171],[-77.935,42.159],[-77.898,42.159],[-77.894,42.183]],[[-78.043,42.087],[-78.074,42.082],[-78.065,42.084],[-78.071,42.077],[-78.061,42.077],[-78.043,42.087]],[[-78.711,41.762],[-78.7,41.76],[-78.684,41.741],[-78.693,41.735],[-78.687,41.73],[-78.695,41.712],[-78.683,41.728],[-78.659,41.727],[-78.649,41.688],[-78.602,41.685],[-78.599,41.678],[-78.613,41.658],[-78.593,41.633],[-78.79,41.625],[-78.784,41.615],[-78.806,41.611],[-78.8,41.596],[-78.815,41.595],[-78.815,41.521],[-78.828,41.524],[-78.847,41.515],[-78.859,41.5],[-78.86,41.475],[-78.885,41.47],[-78.907,41.529],[-78.901,41.532],[-78.933,41.53],[-78.93,41.557],[-78.938,41.562],[-78.93,41.579],[-78.909,41.571],[-78.9,41.577],[-78.907,41.583],[-78.89,41.585],[-78.882,41.599],[-78.842,41.602],[-78.828,41.623],[-78.956,41.624],[-78.959,41.453],[-78.813,41.454],[-78.815,41.517],[-78.724,41.518],[-78.721,41.513],[-78.733,41.502],[-78.698,41.501],[-78.696,41.48],[-78.679,41.48],[-78.698,41.451],[-78.679,41.454],[-78.672,41.441],[-78.649,41.443],[-78.648,41.418],[-78.639,41.421],[-78.637,41.412],[-78.64,41.396],[-78.648,41.398],[-78.637,41.391],[-78.568,41.396],[-78.557,41.394],[-78.559,41.389],[-78.535,41.397],[-78.534,41.375],[-78.49,41.362],[-78.486,41.375],[-78.51,41.378],[-78.52,41.391],[-78.492,41.383],[-78.448,41.39],[-78.436,41.383],[-78.42,41.358],[-78.421,41.336],[-78.404,41.337],[-78.395,41.32],[-78.377,41.31],[-78.399,41.311],[-78.388,41.292],[-78.403,41.269],[-78.421,41.278],[-78.422,41.241],[-78.237,41.23],[-78.236,41.26],[-78.248,41.273],[-78.235,41.324],[-78.254,41.324],[-78.254,41.357],[-78.275,41.344],[-78.308,41.342],[-78.297,41.346],[-78.3,41.378],[-78.291,41.384],[-78.278,41.38],[-78.285,41.396],[-78.303,41.405],[-78.42,41.405],[-78.42,41.469],[-78.44,41.451],[-78.457,41.454],[-78.436,41.486],[-78.474,41.49],[-78.477,41.517],[-78.42,41.515],[-78.419,41.602],[-78.483,41.602],[-78.484,41.631],[-78.545,41.63],[-78.545,41.639],[-78.528,41.65],[-78.526,41.679],[-78.492,41.676],[-78.488,41.688],[-78.476,41.689],[-78.46,41.71],[-78.445,41.712],[-78.464,41.709],[-78.491,41.727],[-78.504,41.723],[-78.515,41.733],[-78.525,41.732],[-78.522,41.726],[-78.54,41.732],[-78.537,41.705],[-78.57,41.698],[-78.565,41.703],[-78.571,41.712],[-78.594,41.706],[-78.615,41.723],[-78.638,41.721],[-78.625,41.733],[-78.648,41.729],[-78.651,41.742],[-78.638,41.74],[-78.599,41.759],[-78.579,41.75],[-78.551,41.762],[-78.607,41.762],[-78.618,41.751],[-78.719,41.767],[-78.711,41.762]],[[-78.39,41.745],[-78.386,41.728],[-78.364,41.72],[-78.349,41.69],[-78.388,41.686],[-78.356,41.631],[-78.333,41.624],[-78.303,41.638],[-78.27,41.618],[-78.203,41.618],[-78.204,41.676],[-78.3,41.676],[-78.301,41.742],[-78.349,41.735],[-78.39,41.745]],[[-77.607,41.479],[-77.765,41.477],[-77.764,41.436],[-77.743,41.424],[-77.751,41.398],[-77.727,41.372],[-77.729,41.354],[-77.713,41.35],[-77.717,41.343],[-77.704,41.344],[-77.699,41.332],[-77.706,41.325],[-77.66,41.326],[-77.64,41.298],[-77.56,41.407],[-77.585,41.441],[-77.598,41.441],[-77.598,41.479],[-77.607,41.479]],[[-78.506,41.253],[-78.498,41.262],[-78.505,41.262],[-78.506,41.253]],[[-78.497,41.286],[-78.504,41.299],[-78.506,41.286],[-78.497,41.286]],[[-78.945,41.699],[-78.932,41.7],[-78.928,41.709],[-78.914,41.707],[-78.921,41.719],[-78.952,41.736],[-78.954,41.694],[-78.945,41.699]],[[-79.228,41.278],[-79.23,41.293],[-79.244,41.289],[-79.242,41.265],[-79.232,41.265],[-79.228,41.278]],[[-79.661,41.162],[-79.647,41.158],[-79.648,41.165],[-79.661,41.162]],[[-79.555,41.129],[-79.569,41.124],[-79.55,41.126],[-79.555,41.129]],[[-79.346,40.969],[-79.348,40.961],[-79.358,40.967],[-79.365,40.962],[-79.365,40.94],[-79.354,40.933],[-79.341,40.941],[-79.342,40.955],[-79.327,40.954],[-79.331,40.964],[-79.343,40.959],[-79.346,40.969]],[[-79.92,40.858],[-79.927,40.852],[-79.921,40.848],[-79.931,40.846],[-79.904,40.85],[-79.912,40.85],[-79.911,40.86],[-79.92,40.858]],[[-80.028,40.816],[-80.015,40.817],[-80.012,40.809],[-79.999,40.819],[-80.018,40.826],[-80.028,40.816]],[[-79.204,40.805],[-79.215,40.799],[-79.216,40.784],[-79.239,40.784],[-79.233,40.774],[-79.244,40.767],[-79.227,40.763],[-79.215,40.776],[-79.176,40.775],[-79.181,40.79],[-79.195,40.782],[-79.194,40.799],[-79.204,40.805]],[[-79.519,40.786],[-79.516,40.794],[-79.525,40.782],[-79.519,40.786]],[[-79.345,40.796],[-79.326,40.795],[-79.33,40.805],[-79.336,40.804],[-79.334,40.796],[-79.345,40.796]],[[-79.583,40.76],[-79.597,40.75],[-79.582,40.752],[-79.583,40.76]],[[-80.046,40.746],[-80.041,40.732],[-80.03,40.735],[-80.035,40.746],[-80.046,40.746]],[[-79.871,40.636],[-79.884,40.635],[-79.883,40.626],[-79.873,40.625],[-79.871,40.636]],[[-79.161,40.617],[-79.163,40.61],[-79.155,40.621],[-79.161,40.617]],[[-79.36,40.602],[-79.343,40.593],[-79.335,40.6],[-79.353,40.608],[-79.36,40.602]],[[-79.552,40.594],[-79.545,40.6],[-79.567,40.59],[-79.554,40.586],[-79.552,40.594]],[[-79.185,40.486],[-79.184,40.478],[-79.19,40.486],[-79.199,40.47],[-79.184,40.467],[-79.192,40.475],[-79.169,40.481],[-79.184,40.491],[-79.185,40.486]],[[-79.128,40.423],[-79.139,40.404],[-79.142,40.419],[-79.148,40.411],[-79.16,40.423],[-79.162,40.411],[-79.152,40.409],[-79.153,40.399],[-79.118,40.395],[-79.115,40.389],[-79.122,40.387],[-79.116,40.387],[-79.098,40.403],[-79.115,40.416],[-79.124,40.409],[-79.128,40.423]],[[-79.332,40.361],[-79.328,40.352],[-79.335,40.347],[-79.309,40.343],[-79.306,40.361],[-79.332,40.361]],[[-79.092,40.099],[-79.096,40.091],[-79.079,40.081],[-79.077,40.101],[-79.092,40.099]],[[-79.254,40.067],[-79.266,40.067],[-79.265,40.04],[-79.239,40.05],[-79.254,40.067]],[[-77.319,41.197],[-77.316,41.191],[-77.325,41.182],[-77.303,41.186],[-77.319,41.197]],[[-78.465,40.998],[-78.463,41.007],[-78.47,41.001],[-78.465,40.998]],[[-77.604,41.059],[-77.597,41.063],[-77.597,41.053],[-77.583,41.045],[-77.562,41.057],[-77.592,41.075],[-77.608,41.074],[-77.604,41.059]],[[-77.534,41.018],[-77.548,41.008],[-77.535,41.006],[-77.522,41.016],[-77.534,41.018]],[[-77.169,40.982],[-77.221,40.973],[-77.302,40.893],[-77.268,40.903],[-77.21,40.903],[-77.229,40.93],[-77.248,40.926],[-77.223,40.941],[-77.179,40.943],[-77.169,40.924],[-77.154,40.92],[-77.156,40.983],[-77.169,40.982]],[[-77.46,40.902],[-77.462,40.908],[-77.448,40.903],[-77.447,40.914],[-77.478,40.913],[-77.488,40.898],[-77.487,40.882],[-77.468,40.884],[-77.46,40.902]],[[-77.479,40.914],[-77.483,40.923],[-77.503,40.921],[-77.482,40.933],[-77.492,40.943],[-77.539,40.942],[-77.541,40.957],[-77.557,40.95],[-77.541,40.927],[-77.52,40.929],[-77.523,40.914],[-77.534,40.917],[-77.525,40.904],[-77.479,40.914]]],[[[-76.185,42.195],[-76.168,42.19],[-76.178,42.178],[-76.146,42.173],[-76.147,42.16],[-76.136,42.165],[-76.114,42.153],[-76.113,42.137],[-76.128,42.139],[-76.149,42.124],[-76.155,42.095],[-76.149,42.083],[-76.158,42.082],[-76.14,42.059],[-76.109,42.067],[-76.106,42.076],[-76.097,42.071],[-76.089,42.082],[-76.064,42.091],[-76.018,42.099],[-75.994,42.115],[-75.935,42.088],[-75.891,42.104],[-75.823,42.094],[-75.805,42.121],[-75.749,42.128],[-75.729,42.12],[-75.729,42.128],[-75.699,42.123],[-75.699,42.131],[-75.665,42.124],[-75.666,42.14],[-75.649,42.131],[-75.651,42.108],[-75.641,42.104],[-75.64,42.086],[-75.628,42.082],[-75.625,42.101],[-75.61,42.111],[-75.619,42.123],[-75.647,42.123],[-75.64,42.127],[-75.611,42.12],[-75.54,42.121],[-75.558,42.136],[-75.573,42.136],[-75.577,42.149],[-75.564,42.144],[-75.55,42.149],[-75.533,42.136],[-75.533,42.164],[-75.505,42.169],[-75.458,42.133],[-75.451,42.162],[-75.439,42.175],[-75.419,42.174],[-75.419,42.19],[-75.383,42.168],[-75.365,42.175],[-75.351,42.16],[-75.355,42.139],[-75.347,42.137],[-75.346,42.109],[-75.353,42.109],[-75.349,42.073],[-75.335,42.068],[-75.316,42.073],[-75.32,42.082],[-75.296,42.093],[-75.291,42.107],[-75.268,42.108],[-75.256,42.088],[-75.24,42.094],[-75.245,42.083],[-75.226,42.075],[-75.232,42.052],[-75.174,42.014],[-75.169,41.982],[-75.184,41.966],[-75.148,41.969],[-75.117,41.962],[-75.096,41.974],[-75.073,41.946],[-75.075,41.925],[-75.056,41.932],[-75.059,41.945],[-75.032,41.933],[-75.036,41.924],[-75.013,41.911],[-75.024,41.905],[-75.015,41.899],[-75.014,41.871],[-75.052,41.835],[-75.013,41.827],[-75.012,41.792],[-74.981,41.787],[-74.971,41.793],[-74.966,41.784],[-74.945,41.78],[-74.941,41.774],[-74.955,41.768],[-74.95,41.752],[-74.964,41.745],[-74.949,41.733],[-74.979,41.731],[-74.966,41.718],[-74.971,41.714],[-74.982,41.728],[-75.005,41.737],[-75.012,41.725],[-75.054,41.729],[-75.053,41.753],[-75.061,41.765],[-75.105,41.774],[-75.093,41.796],[-75.077,41.798],[-75.073,41.815],[-75.091,41.812],[-75.114,41.823],[-75.116,41.845],[-75.162,41.85],[-75.171,41.872],[-75.185,41.86],[-75.203,41.87],[-75.224,41.857],[-75.24,41.867],[-75.258,41.862],[-75.264,41.868],[-75.261,41.884],[-75.272,41.889],[-75.267,41.906],[-75.279,41.939],[-75.294,41.955],[-75.313,41.95],[-75.342,41.973],[-75.341,41.993],[-75.359,41.999],[-76.622,42],[-76.64,42.006],[-76.639,42.014],[-76.622,42.012],[-76.623,42.025],[-76.657,42.033],[-76.637,42.081],[-76.644,42.088],[-76.645,42.117],[-76.639,42.108],[-76.622,42.108],[-76.624,42.09],[-76.59,42.101],[-76.589,42.093],[-76.575,42.093],[-76.568,42.08],[-76.546,42.069],[-76.514,42.079],[-76.517,42.099],[-76.499,42.1],[-76.495,42.119],[-76.462,42.122],[-76.46,42.084],[-76.472,42.074],[-76.47,42.058],[-76.477,42.053],[-76.469,42.022],[-76.451,42.04],[-76.427,42.03],[-76.361,42.025],[-76.324,42.085],[-76.339,42.096],[-76.35,42.088],[-76.344,42.077],[-76.351,42.067],[-76.365,42.088],[-76.361,42.113],[-76.382,42.115],[-76.396,42.142],[-76.439,42.142],[-76.436,42.155],[-76.409,42.156],[-76.409,42.181],[-76.394,42.161],[-76.378,42.154],[-76.331,42.154],[-76.297,42.142],[-76.316,42.161],[-76.308,42.165],[-76.286,42.159],[-76.292,42.143],[-76.274,42.144],[-76.26,42.164],[-76.275,42.181],[-76.263,42.176],[-76.263,42.186],[-76.25,42.185],[-76.252,42.178],[-76.241,42.173],[-76.233,42.181],[-76.209,42.183],[-76.199,42.195],[-76.185,42.195]],[[-75.036,41.797],[-75.03,41.764],[-75.015,41.768],[-75.013,41.791],[-75.036,41.797]]],[[[-84.049,42.251],[-84.029,42.248],[-84.03,42.239],[-84.012,42.222],[-83.973,42.216],[-83.974,42.224],[-83.954,42.225],[-83.95,42.206],[-83.898,42.197],[-83.897,42.189],[-83.913,42.184],[-83.903,42.168],[-83.932,42.166],[-83.915,42.126],[-83.951,42.133],[-83.95,42.123],[-83.915,42.124],[-83.915,42.109],[-83.894,42.108],[-83.87,42.122],[-83.872,42.08],[-83.865,42.073],[-83.845,42.096],[-83.824,42.096],[-83.824,42.082],[-83.774,42.082],[-83.772,42.01],[-83.752,42.01],[-83.751,41.973],[-83.741,41.961],[-83.75,41.956],[-83.75,41.945],[-83.765,41.944],[-83.77,41.908],[-83.709,41.908],[-83.67,41.925],[-83.633,41.925],[-83.632,41.918],[-83.618,41.915],[-83.618,41.925],[-83.599,41.925],[-83.603,41.905],[-83.592,41.895],[-83.63,41.894],[-83.63,41.88],[-83.651,41.877],[-83.629,41.873],[-83.629,41.865],[-83.61,41.865],[-83.61,41.851],[-83.629,41.851],[-83.628,41.829],[-83.571,41.838],[-83.571,41.852],[-83.533,41.852],[-83.53,41.794],[-83.508,41.793],[-83.548,41.73],[-84.457,41.704],[-84.515,41.709],[-84.515,41.724],[-84.534,41.724],[-84.534,41.782],[-84.515,41.782],[-84.515,41.768],[-84.495,41.768],[-84.495,41.753],[-84.458,41.753],[-84.458,41.768],[-84.38,41.768],[-84.381,41.782],[-84.4,41.782],[-84.4,41.811],[-84.381,41.811],[-84.381,41.826],[-84.412,41.824],[-84.42,41.83],[-84.42,41.84],[-84.406,41.84],[-84.406,41.848],[-84.41,41.855],[-84.439,41.855],[-84.44,41.898],[-84.401,41.899],[-84.401,41.928],[-84.382,41.928],[-84.382,41.957],[-84.367,41.957],[-84.367,41.972],[-84.401,41.971],[-84.421,41.986],[-84.526,41.986],[-84.526,42.015],[-84.536,42.015],[-84.536,42.029],[-84.507,42.029],[-84.507,42.044],[-84.478,42.043],[-84.478,42.056],[-84.45,42.053],[-84.465,42.073],[-84.446,42.073],[-84.446,42.089],[-84.421,42.089],[-84.405,42.101],[-84.378,42.102],[-84.378,42.088],[-84.316,42.088],[-84.316,42.111],[-84.297,42.11],[-84.292,42.117],[-84.316,42.127],[-84.316,42.139],[-84.282,42.139],[-84.269,42.153],[-84.26,42.145],[-84.211,42.146],[-84.211,42.161],[-84.171,42.171],[-84.093,42.168],[-84.093,42.22],[-84.073,42.22],[-84.073,42.251],[-84.049,42.251]],[[-84.415,42.043],[-84.408,42.05],[-84.417,42.049],[-84.415,42.043]]],[[[-78.743,42.29],[-78.718,42.274],[-78.738,42.267],[-78.72,42.267],[-78.724,42.259],[-78.697,42.259],[-78.702,42.233],[-78.696,42.187],[-78.681,42.185],[-78.686,42.175],[-78.681,42.158],[-78.692,42.15],[-78.675,42.15],[-78.656,42.136],[-78.655,42.12],[-78.644,42.123],[-78.637,42.107],[-78.625,42.106],[-78.625,42.118],[-78.61,42.118],[-78.61,42.126],[-78.585,42.126],[-78.601,42.11],[-78.602,42.096],[-78.576,42.096],[-78.577,42.087],[-78.632,42.085],[-78.636,42.073],[-78.611,42.075],[-78.614,42.068],[-78.602,42.063],[-78.587,42.069],[-78.58,42.061],[-78.58,42.014],[-78.549,42.015],[-78.522,42],[-79.365,41.999],[-79.367,42.028],[-79.344,42.027],[-79.345,42.061],[-79.295,42.061],[-79.295,42.118],[-79.307,42.117],[-79.335,42.173],[-79.337,42.19],[-79.33,42.196],[-79.296,42.203],[-79.295,42.209],[-79.263,42.18],[-79.251,42.182],[-79.244,42.173],[-79.253,42.169],[-79.215,42.147],[-79.206,42.126],[-79.227,42.129],[-79.212,42.125],[-79.207,42.11],[-79.189,42.114],[-79.145,42.089],[-79.128,42.096],[-79.12,42.087],[-79.096,42.087],[-79.079,42.095],[-79.088,42.087],[-79.033,42.086],[-79.001,42.062],[-79.001,42.053],[-78.978,42.052],[-78.982,42.067],[-79.008,42.086],[-78.943,42.084],[-78.939,42.092],[-78.902,42.081],[-78.856,42.097],[-78.895,42.106],[-78.859,42.113],[-78.863,42.152],[-78.827,42.137],[-78.828,42.121],[-78.817,42.114],[-78.801,42.118],[-78.775,42.167],[-78.747,42.174],[-78.752,42.193],[-78.782,42.194],[-78.797,42.214],[-78.799,42.243],[-78.785,42.243],[-78.763,42.228],[-78.764,42.259],[-78.805,42.26],[-78.773,42.297],[-78.758,42.303],[-78.743,42.29]],[[-79.283,42.105],[-79.271,42.111],[-79.288,42.11],[-79.283,42.105]]],[[[-79.645,42.315],[-79.661,42.304],[-79.651,42.294],[-79.657,42.29],[-79.645,42.295],[-79.625,42.29],[-79.624,42.275],[-79.637,42.271],[-79.637,42.251],[-79.601,42.251],[-79.609,42.229],[-79.637,42.229],[-79.637,42.221],[-79.644,42.221],[-79.644,42.183],[-79.663,42.173],[-79.725,42.168],[-79.718,42.152],[-79.733,42.119],[-79.688,42.119],[-79.688,42.131],[-79.674,42.138],[-79.659,42.134],[-79.648,42.102],[-79.634,42.108],[-79.593,42.103],[-79.599,42.119],[-79.555,42.118],[-79.555,42.097],[-79.549,42.096],[-79.528,42.098],[-79.527,42.112],[-79.481,42.107],[-79.484,42.086],[-79.471,42.086],[-79.471,42.075],[-79.442,42.084],[-79.441,42.021],[-79.421,42.036],[-79.412,42.035],[-79.412,42.021],[-79.399,42.021],[-79.399,42.037],[-79.382,42.039],[-79.388,42.011],[-79.412,42.011],[-79.411,41.999],[-79.762,41.999],[-79.762,42.269],[-79.645,42.315]]],[[[-86.189,42.521],[-86.188,42.506],[-86.168,42.506],[-86.168,42.484],[-86.149,42.484],[-86.149,42.459],[-86.053,42.441],[-86.063,42.45],[-86.061,42.462],[-86.045,42.462],[-86.043,42.471],[-86.052,42.477],[-86.032,42.477],[-86.032,42.462],[-86.022,42.462],[-86.022,42.484],[-86.013,42.484],[-86.012,42.458],[-85.983,42.451],[-85.983,42.433],[-85.954,42.441],[-85.954,42.419],[-85.938,42.419],[-85.934,42.434],[-85.929,42.428],[-85.937,42.42],[-85.921,42.419],[-85.914,42.422],[-85.914,42.434],[-85.866,42.435],[-85.863,42.42],[-85.817,42.421],[-85.815,42.412],[-85.779,42.411],[-85.779,42.4],[-85.66,42.405],[-85.66,42.421],[-85.65,42.421],[-85.65,42.409],[-85.621,42.413],[-85.618,42.407],[-85.65,42.406],[-85.649,42.391],[-85.61,42.391],[-85.611,42.406],[-85.532,42.405],[-85.532,42.391],[-85.504,42.391],[-85.514,42.369],[-85.527,42.366],[-85.523,42.347],[-85.494,42.347],[-85.494,42.333],[-85.447,42.332],[-85.458,42.327],[-85.458,42.318],[-85.444,42.318],[-85.444,42.303],[-85.473,42.303],[-85.485,42.27],[-85.453,42.269],[-85.463,42.267],[-85.463,42.245],[-85.443,42.245],[-85.443,42.234],[-85.433,42.234],[-85.433,42.245],[-85.414,42.245],[-85.413,42.221],[-85.394,42.216],[-85.394,42.201],[-85.35,42.202],[-85.349,42.187],[-85.325,42.187],[-85.325,42.173],[-85.286,42.173],[-85.287,42.224],[-85.223,42.233],[-85.218,42.217],[-85.203,42.217],[-85.207,42.203],[-85.185,42.21],[-85.198,42.184],[-85.178,42.184],[-85.173,42.167],[-85.159,42.167],[-85.159,42.16],[-85.178,42.159],[-85.177,42.145],[-85.159,42.146],[-85.159,42.133],[-85.178,42.133],[-85.177,42.113],[-85.159,42.116],[-85.158,42.093],[-85.136,42.091],[-85.136,42.08],[-85.177,42.08],[-85.177,42.072],[-85.145,42.073],[-85.196,42.058],[-85.196,42.052],[-85.185,42.054],[-85.23,42.034],[-85.235,42.014],[-85.225,42.014],[-85.225,42.021],[-85.195,42.04],[-85.184,42.039],[-85.176,42.029],[-85.158,42.029],[-85.157,41.985],[-85.21,41.985],[-85.211,41.941],[-85.276,41.941],[-85.293,41.948],[-85.292,41.919],[-85.336,41.916],[-85.334,41.928],[-85.351,41.914],[-85.344,41.936],[-85.361,41.938],[-85.361,41.927],[-85.39,41.926],[-85.389,41.909],[-85.41,41.913],[-85.41,41.919],[-85.439,41.917],[-85.434,41.897],[-85.408,41.897],[-85.41,41.889],[-85.395,41.886],[-85.394,41.876],[-85.363,41.87],[-85.37,41.854],[-85.389,41.854],[-85.389,41.84],[-85.37,41.84],[-85.37,41.811],[-85.321,41.811],[-85.321,41.804],[-85.341,41.803],[-85.341,41.788],[-85.35,41.783],[-85.343,41.783],[-85.338,41.767],[-85.318,41.762],[-85.311,41.775],[-85.292,41.782],[-85.292,41.76],[-85.827,41.759],[-85.818,41.766],[-85.824,41.791],[-85.818,41.831],[-85.799,41.831],[-85.799,41.846],[-85.76,41.845],[-85.76,41.897],[-85.78,41.904],[-85.78,41.926],[-85.76,41.926],[-85.761,41.94],[-85.78,41.944],[-85.763,41.955],[-85.789,41.955],[-85.789,41.969],[-85.741,41.969],[-85.737,41.991],[-85.703,41.991],[-85.703,42.013],[-85.664,42.013],[-85.664,42.027],[-85.708,42.027],[-85.709,42.035],[-85.709,42.042],[-85.674,42.042],[-85.675,42.064],[-85.667,42.07],[-85.763,42.069],[-85.773,42.113],[-85.812,42.108],[-85.837,42.083],[-85.85,42.093],[-85.851,42.08],[-85.841,42.069],[-85.862,42.067],[-85.867,42.058],[-85.861,42.044],[-85.916,42.048],[-85.918,42.036],[-85.94,42.029],[-85.941,42.012],[-85.992,42.013],[-85.991,41.984],[-86.066,41.985],[-86.056,41.963],[-86.078,41.97],[-86.088,41.912],[-86.127,41.912],[-86.127,41.884],[-86.166,41.884],[-86.162,41.895],[-86.176,41.899],[-86.175,41.92],[-86.223,41.928],[-86.223,41.935],[-86.214,41.935],[-86.214,41.942],[-86.223,41.942],[-86.223,41.982],[-86.212,41.989],[-86.221,42],[-86.204,42.006],[-86.204,42.02],[-86.242,42.021],[-86.242,42.057],[-86.223,42.057],[-86.223,42.079],[-86.203,42.078],[-86.207,42.12],[-86.197,42.119],[-86.195,42.129],[-86.196,42.179],[-86.223,42.179],[-86.224,42.25],[-86.262,42.258],[-86.243,42.25],[-86.245,42.244],[-86.262,42.244],[-86.256,42.235],[-86.262,42.229],[-86.26,42.209],[-86.286,42.203],[-86.281,42.157],[-86.307,42.157],[-86.307,42.138],[-86.329,42.129],[-86.33,42.157],[-86.359,42.157],[-86.359,42.165],[-86.374,42.167],[-86.378,42.184],[-86.365,42.193],[-86.384,42.186],[-86.384,42.194],[-86.398,42.196],[-86.413,42.187],[-86.353,42.258],[-86.3,42.351],[-86.285,42.403],[-86.259,42.449],[-86.244,42.513],[-86.189,42.521]],[[-85.59,42.318],[-85.62,42.318],[-85.603,42.313],[-85.609,42.307],[-85.594,42.292],[-85.601,42.29],[-85.598,42.284],[-85.57,42.287],[-85.573,42.318],[-85.59,42.318]]],[[[-102.353,43],[-101.141,42.998],[-101.141,42.786],[-101.129,42.786],[-101.129,42.724],[-101.209,42.73],[-101.214,42.694],[-101.198,42.692],[-101.195,42.684],[-101.203,42.665],[-101.214,42.663],[-101.222,42.637],[-101.274,42.629],[-101.283,42.621],[-101.277,42.614],[-101.168,42.608],[-101.129,42.613],[-101.13,42.526],[-101.208,42.527],[-101.208,42.441],[-101.597,42.442],[-101.597,42.456],[-101.681,42.459],[-101.715,42.457],[-101.715,42.442],[-101.747,42.442],[-101.749,42.414],[-101.736,42.415],[-101.736,42.404],[-101.691,42.402],[-101.688,42.395],[-101.665,42.39],[-101.587,42.392],[-101.575,42.386],[-101.566,42.36],[-101.532,42.348],[-101.529,42.27],[-101.564,42.269],[-101.566,42.146],[-101.587,42.145],[-101.586,42.115],[-101.594,42.107],[-101.638,42.1],[-101.643,42.103],[-101.635,42.116],[-101.72,42.114],[-101.728,42.13],[-101.73,42.191],[-101.756,42.199],[-101.783,42.192],[-101.79,42.182],[-101.801,42.184],[-101.801,42.142],[-101.785,42.142],[-101.785,42.093],[-101.855,42.094],[-101.854,41.742],[-101.696,41.743],[-101.675,41.737],[-101.657,41.719],[-101.615,41.725],[-101.571,41.719],[-101.56,41.728],[-101.572,41.731],[-101.572,41.743],[-101.511,41.743],[-101.511,41.73],[-101.477,41.72],[-101.467,41.72],[-101.472,41.743],[-101.406,41.743],[-101.407,41.617],[-101.39,41.612],[-101.375,41.585],[-101.307,41.605],[-101.287,41.619],[-101.274,41.609],[-101.252,41.609],[-101.252,41.569],[-101.175,41.568],[-101.176,41.395],[-100.695,41.394],[-100.696,41.308],[-100.638,41.299],[-100.638,41.293],[-100.626,41.308],[-100.581,41.307],[-100.581,41.114],[-100.591,41.117],[-100.603,41.106],[-100.62,41.109],[-100.625,41.103],[-100.673,41.112],[-100.629,41.085],[-100.614,41.067],[-100.62,41.059],[-100.611,41.053],[-100.603,41.025],[-100.619,41.023],[-100.592,41.009],[-100.573,41.014],[-100.574,41.033],[-100.546,41.023],[-100.546,40.973],[-100.564,40.973],[-100.564,40.857],[-100.593,40.848],[-100.587,40.829],[-100.614,40.829],[-100.624,40.82],[-100.64,40.831],[-100.659,40.83],[-100.659,40.801],[-100.64,40.801],[-100.641,40.772],[-100.608,40.769],[-100.584,40.741],[-100.584,40.713],[-100.653,40.723],[-100.659,40.717],[-100.685,40.719],[-100.685,40.709],[-100.71,40.7],[-100.789,40.7],[-100.792,40.706],[-100.798,40.7],[-100.837,40.7],[-100.837,40.642],[-100.79,40.637],[-100.781,40.642],[-100.777,40.349],[-101.074,40.351],[-101.076,40.379],[-101.103,40.38],[-101.105,40.366],[-101.117,40.366],[-101.117,40.437],[-101.229,40.438],[-101.229,40.452],[-101.212,40.452],[-101.212,40.466],[-101.184,40.466],[-101.184,40.452],[-101.136,40.452],[-101.136,40.48],[-101.155,40.481],[-101.155,40.495],[-101.193,40.495],[-101.195,40.481],[-101.212,40.481],[-101.212,40.496],[-101.23,40.496],[-101.23,40.481],[-101.343,40.481],[-101.343,40.35],[-101.267,40.351],[-101.268,40.278],[-101.325,40.279],[-101.325,40.22],[-101.437,40.219],[-101.437,40.038],[-101.399,40.032],[-101.399,40.003],[-101.663,40.003],[-101.663,40.264],[-101.777,40.264],[-101.778,40.349],[-101.892,40.349],[-101.892,40.209],[-101.853,40.207],[-101.853,40.176],[-101.815,40.176],[-101.82,40.167],[-101.805,40.155],[-101.816,40.15],[-101.813,40.003],[-102.052,40.003],[-102.051,40.654],[-101.97,40.654],[-101.969,40.625],[-101.912,40.625],[-101.915,40.699],[-101.819,40.699],[-101.824,41.003],[-101.479,41.003],[-101.479,41.018],[-101.517,41.018],[-101.517,41.032],[-101.479,41.032],[-101.479,41.047],[-101.5,41.047],[-101.5,41.091],[-101.51,41.091],[-101.51,41.106],[-101.443,41.109],[-101.443,41.121],[-101.497,41.117],[-101.5,41.149],[-101.558,41.149],[-101.564,41.164],[-101.539,41.164],[-101.542,41.19],[-101.556,41.193],[-101.558,41.202],[-101.5,41.182],[-101.5,41.395],[-101.661,41.395],[-101.65,41.343],[-101.663,41.35],[-101.662,41.378],[-101.673,41.374],[-101.675,41.361],[-101.701,41.374],[-101.73,41.366],[-101.723,41.409],[-101.764,41.411],[-101.765,41.436],[-101.763,41.449],[-101.755,41.451],[-101.755,41.469],[-101.723,41.488],[-101.723,41.511],[-101.757,41.511],[-101.792,41.496],[-101.822,41.496],[-101.834,41.504],[-101.855,41.496],[-101.883,41.501],[-101.872,41.485],[-101.886,41.488],[-101.899,41.468],[-101.892,41.463],[-101.889,41.432],[-101.872,41.425],[-101.872,41.395],[-101.985,41.395],[-101.986,41.742],[-102.068,41.742],[-102.068,41.802],[-102.082,41.834],[-102.1,41.847],[-102.138,41.848],[-102.127,41.861],[-102.132,41.865],[-102.075,41.891],[-102.076,41.909],[-102.067,41.913],[-102.067,42.009],[-102.009,42.009],[-102.006,42.096],[-102.04,42.097],[-102.038,42.443],[-102.067,42.443],[-102.068,42.449],[-102.124,42.428],[-102.145,42.439],[-102.187,42.428],[-102.188,42.437],[-102.204,42.435],[-102.209,42.443],[-102.203,42.453],[-102.202,42.529],[-102.302,42.529],[-102.302,42.718],[-102.361,42.718],[-102.36,42.966],[-102.359,43],[-102.353,43]],[[-101.496,40.611],[-101.572,40.61],[-101.571,40.524],[-101.534,40.523],[-101.534,40.495],[-101.572,40.495],[-101.571,40.48],[-101.61,40.48],[-101.61,40.494],[-101.629,40.494],[-101.629,40.433],[-101.608,40.43],[-101.599,40.436],[-101.585,40.425],[-101.58,40.378],[-101.57,40.376],[-101.57,40.35],[-101.513,40.35],[-101.513,40.365],[-101.475,40.365],[-101.476,40.42],[-101.457,40.419],[-101.457,40.437],[-101.476,40.444],[-101.476,40.466],[-101.466,40.466],[-101.466,40.452],[-101.457,40.452],[-101.458,40.611],[-101.496,40.611]]],[[[-103.274,43.001],[-102.792,43],[-102.793,42.94],[-102.759,42.95],[-102.734,42.944],[-102.734,42.884],[-102.793,42.885],[-102.793,42.785],[-102.773,42.785],[-102.774,42.685],[-102.852,42.684],[-102.852,42.655],[-102.872,42.655],[-102.872,42.64],[-102.95,42.641],[-102.95,42.626],[-102.969,42.626],[-102.969,42.612],[-102.937,42.605],[-102.93,42.612],[-102.91,42.612],[-102.91,42.601],[-102.872,42.597],[-102.871,42.583],[-102.852,42.583],[-102.852,42.525],[-102.947,42.525],[-102.95,42.539],[-102.969,42.539],[-102.971,42.555],[-102.979,42.558],[-103.008,42.556],[-103.008,42.525],[-103.067,42.525],[-103.067,42.58],[-103.012,42.559],[-103.022,42.571],[-103.018,42.583],[-103.033,42.592],[-103.027,42.596],[-103.067,42.611],[-103.067,42.595],[-103.096,42.607],[-103.098,42.585],[-103.126,42.583],[-103.128,42.785],[-103.139,42.785],[-103.136,42.769],[-103.139,42.778],[-103.152,42.77],[-103.177,42.775],[-103.178,42.788],[-103.167,42.793],[-103.167,42.821],[-103.148,42.823],[-103.148,42.843],[-103.326,42.843],[-103.325,43.001],[-103.274,43.001]]],[[[-103.966,43.002],[-103.505,43.001],[-103.504,42.894],[-103.522,42.907],[-103.618,42.885],[-103.627,42.875],[-103.619,42.871],[-103.626,42.845],[-103.61,42.826],[-103.61,42.758],[-103.628,42.752],[-103.664,42.757],[-103.677,42.747],[-103.672,42.719],[-103.632,42.71],[-103.614,42.72],[-103.567,42.697],[-103.48,42.698],[-103.481,42.658],[-103.488,42.655],[-103.535,42.643],[-103.576,42.662],[-103.619,42.643],[-103.608,42.607],[-103.631,42.568],[-103.639,42.568],[-103.637,42.51],[-103.598,42.51],[-103.598,42.481],[-103.496,42.481],[-103.48,42.488],[-103.48,42.437],[-103.444,42.437],[-103.444,42.427],[-103.528,42.425],[-103.602,42.343],[-103.621,42.345],[-103.621,42.389],[-103.67,42.419],[-103.67,42.4],[-103.699,42.391],[-103.699,42.408],[-103.735,42.408],[-103.735,42.393],[-103.777,42.387],[-103.777,42.367],[-103.733,42.365],[-103.713,42.352],[-103.68,42.352],[-103.68,42.337],[-103.67,42.337],[-103.66,42.322],[-103.591,42.322],[-103.537,42.36],[-103.523,42.351],[-103.444,42.351],[-103.444,42.322],[-103.5,42.279],[-103.636,42.279],[-103.645,42.27],[-103.644,42.177],[-103.659,42.177],[-103.66,42.162],[-103.62,42.163],[-103.617,42.06],[-103.597,42.06],[-103.6,42.003],[-103.536,42.004],[-103.534,41.977],[-103.523,41.971],[-103.517,41.952],[-103.519,41.946],[-103.54,41.954],[-103.529,41.931],[-103.549,41.913],[-103.549,41.904],[-103.558,41.905],[-103.558,41.89],[-103.55,41.89],[-103.55,41.883],[-103.558,41.883],[-103.558,41.875],[-103.551,41.875],[-103.558,41.825],[-103.577,41.817],[-103.606,41.836],[-103.641,41.84],[-103.656,41.853],[-103.691,41.851],[-103.713,41.858],[-103.716,41.831],[-103.694,41.823],[-103.698,41.813],[-103.713,41.813],[-103.715,41.83],[-103.754,41.829],[-103.787,41.84],[-103.79,41.827],[-103.869,41.828],[-103.867,41.74],[-103.851,41.741],[-103.852,41.698],[-104.053,41.698],[-104.053,43.001],[-103.966,43.002]]],[[[-102.412,43.403],[-102.398,43.39],[-102.162,43.388],[-102.111,43.371],[-102.11,43.231],[-102.129,43.231],[-102.144,43.211],[-102.168,43.238],[-102.169,43.224],[-102.179,43.231],[-102.188,43.211],[-102.207,43.229],[-102.221,43.229],[-102.228,43.187],[-102.247,43.187],[-102.249,43.202],[-102.269,43.204],[-102.299,43.234],[-102.317,43.236],[-102.339,43.219],[-102.37,43.212],[-102.455,43.379],[-102.444,43.38],[-102.446,43.39],[-102.412,43.403]]],[[[-90.431,43.507],[-90.423,43.498],[-90.427,43.482],[-90.41,43.503],[-90.41,43.484],[-90.408,43.495],[-90.372,43.495],[-90.363,43.483],[-90.371,43.479],[-90.355,43.467],[-90.351,43.474],[-90.277,43.459],[-90.289,43.438],[-90.281,43.438],[-90.273,43.414],[-90.286,43.416],[-90.286,43.402],[-90.308,43.393],[-90.275,43.397],[-90.266,43.368],[-90.215,43.358],[-90.212,43.349],[-90.22,43.341],[-90.211,43.326],[-90.215,43.331],[-90.242,43.32],[-90.249,43.3],[-90.283,43.293],[-90.292,43.279],[-90.307,43.28],[-90.341,43.263],[-90.342,43.243],[-90.377,43.239],[-90.406,43.25],[-90.416,43.238],[-90.43,43.236],[-90.43,43.258],[-90.448,43.256],[-90.459,43.273],[-90.46,43.287],[-90.451,43.293],[-90.5,43.292],[-90.506,43.307],[-90.519,43.3],[-90.526,43.317],[-90.511,43.322],[-90.53,43.327],[-90.527,43.34],[-90.557,43.358],[-90.579,43.353],[-90.588,43.361],[-90.604,43.352],[-90.615,43.358],[-90.616,43.367],[-90.606,43.365],[-90.609,43.379],[-90.638,43.379],[-90.648,43.387],[-90.632,43.409],[-90.642,43.422],[-90.565,43.43],[-90.549,43.413],[-90.548,43.445],[-90.529,43.448],[-90.521,43.459],[-90.539,43.466],[-90.489,43.466],[-90.489,43.487],[-90.466,43.487],[-90.462,43.494],[-90.445,43.483],[-90.439,43.507],[-90.431,43.507]]],[[[-91.141,43.534],[-91.097,43.521],[-91.061,43.524],[-91.049,43.516],[-91.049,43.503],[-91.058,43.504],[-91.058,43.497],[-91.048,43.464],[-91.022,43.465],[-91.038,43.443],[-91.024,43.43],[-91.029,43.424],[-90.949,43.424],[-90.958,43.413],[-90.94,43.396],[-90.937,43.382],[-90.944,43.372],[-90.897,43.358],[-90.86,43.37],[-90.836,43.35],[-90.796,43.351],[-90.778,43.331],[-90.712,43.329],[-90.666,43.308],[-90.666,43.269],[-90.694,43.274],[-90.718,43.268],[-90.758,43.241],[-90.768,43.255],[-90.785,43.25],[-90.795,43.205],[-90.845,43.205],[-90.845,43.214],[-90.861,43.216],[-90.861,43.226],[-90.885,43.225],[-90.885,43.214],[-90.903,43.214],[-90.903,43.227],[-90.921,43.24],[-90.961,43.242],[-90.97,43.256],[-90.962,43.262],[-90.972,43.268],[-90.972,43.276],[-90.965,43.276],[-90.987,43.295],[-91.006,43.298],[-91.012,43.315],[-91.034,43.306],[-91.056,43.315],[-91.053,43.303],[-91.019,43.303],[-91.015,43.292],[-91.05,43.284],[-91.051,43.293],[-91.067,43.284],[-91.084,43.318],[-91.121,43.321],[-91.205,43.35],[-91.215,43.369],[-91.199,43.39],[-91.2,43.413],[-91.233,43.455],[-91.215,43.485],[-91.224,43.52],[-91.176,43.522],[-91.141,43.534]]],[[[-103.416,45.213],[-102.958,45.213],[-102.964,44.604],[-103.012,44.599],[-103,44.596],[-103.002,44.59],[-102.977,44.59],[-102.961,44.576],[-102.959,44.569],[-102.969,44.572],[-102.987,44.555],[-102.946,44.561],[-102.978,44.537],[-102.964,44.52],[-102.964,44.503],[-102.821,44.525],[-102.805,44.519],[-102.8,44.506],[-102.772,44.503],[-102.756,44.489],[-102.696,44.485],[-102.684,44.474],[-102.653,44.473],[-102.637,44.44],[-102.639,44.404],[-102.626,44.395],[-102.617,44.373],[-102.644,44.357],[-102.639,44.338],[-102.644,44.315],[-102.528,44.313],[-102.528,44.27],[-102.511,44.26],[-102.669,44.255],[-102.669,44.14],[-102.628,44.14],[-102.628,44.067],[-102.588,44.067],[-102.585,44.023],[-102.608,44.024],[-102.608,43.995],[-102.581,43.995],[-102.565,43.972],[-102.543,43.96],[-102.498,43.963],[-102.497,43.908],[-102.258,43.907],[-102.259,43.806],[-102.199,43.807],[-102.201,43.843],[-102.16,43.849],[-102.159,43.821],[-102.139,43.821],[-102.138,43.701],[-102.155,43.706],[-102.156,43.698],[-102.178,43.687],[-102.81,43.688],[-102.814,43.667],[-102.828,43.657],[-102.845,43.665],[-102.861,43.659],[-102.863,43.669],[-102.933,43.677],[-102.935,43.686],[-102.957,43.691],[-102.995,43.695],[-103,43.688],[-103.046,43.713],[-103.087,43.705],[-103.183,43.725],[-103.238,43.71],[-103.269,43.722],[-103.302,43.716],[-103.31,43.725],[-103.313,43.711],[-103.303,43.692],[-103.318,43.702],[-103.327,43.696],[-103.339,43.701],[-103.354,43.733],[-103.395,43.747],[-103.417,43.74],[-103.439,43.745],[-103.403,43.755],[-103.392,43.768],[-103.404,43.779],[-103.449,43.778],[-103.436,43.804],[-103.446,43.8],[-103.464,43.818],[-103.497,43.826],[-103.524,43.821],[-103.535,43.842],[-103.579,43.846],[-103.578,43.856],[-103.437,43.856],[-103.464,43.846],[-103.467,43.84],[-103.456,43.835],[-103.461,43.825],[-103.399,43.825],[-103.372,43.811],[-103.339,43.809],[-103.338,43.825],[-103.367,43.825],[-103.369,43.834],[-103.384,43.838],[-103.383,43.855],[-103.294,43.856],[-103.274,43.85],[-103.269,43.856],[-103.278,43.88],[-103.273,43.887],[-103.303,43.908],[-103.315,43.907],[-103.316,43.894],[-103.328,43.902],[-103.337,43.891],[-103.336,43.876],[-103.366,43.904],[-103.37,43.92],[-103.379,43.913],[-103.374,43.904],[-103.387,43.893],[-103.432,43.909],[-103.453,43.928],[-103.459,43.926],[-103.459,43.905],[-103.484,43.906],[-103.505,43.918],[-103.495,43.927],[-103.51,43.935],[-103.51,43.958],[-103.522,43.966],[-103.532,43.956],[-103.55,43.954],[-103.561,43.964],[-103.556,43.977],[-103.563,43.978],[-103.568,44.009],[-103.614,44.025],[-103.63,44.041],[-103.618,44.047],[-103.629,44.067],[-103.597,44.089],[-103.589,44.141],[-103.568,44.133],[-103.569,44.141],[-103.452,44.141],[-103.453,44.169],[-103.384,44.169],[-103.37,44.145],[-103.309,44.131],[-103.303,44.14],[-103.292,44.138],[-103.31,44.155],[-103.277,44.155],[-103.278,44.179],[-103.3,44.183],[-103.299,44.194],[-103.333,44.198],[-103.339,44.206],[-103.356,44.208],[-103.34,44.198],[-103.373,44.192],[-103.372,44.206],[-103.397,44.198],[-103.436,44.221],[-103.449,44.209],[-103.453,44.257],[-103.574,44.256],[-103.569,44.369],[-103.58,44.386],[-103.598,44.378],[-103.592,44.356],[-103.622,44.335],[-103.639,44.336],[-103.652,44.323],[-103.674,44.325],[-103.678,44.338],[-103.693,44.339],[-103.687,44.325],[-103.709,44.333],[-103.713,44.345],[-103.701,44.365],[-103.69,44.364],[-103.69,44.385],[-103.702,44.381],[-103.699,44.387],[-103.713,44.388],[-103.707,44.393],[-103.721,44.4],[-103.711,44.415],[-103.718,44.418],[-103.718,44.448],[-103.73,44.467],[-103.73,44.479],[-103.673,44.473],[-103.67,44.478],[-103.679,44.48],[-103.675,44.503],[-103.721,44.503],[-103.719,44.518],[-103.689,44.517],[-103.688,44.605],[-103.464,44.61],[-103.472,44.622],[-103.46,44.627],[-103.457,44.639],[-103.463,44.653],[-103.475,44.654],[-103.479,44.665],[-103.473,44.674],[-103.501,44.663],[-103.508,44.667],[-103.505,44.692],[-103.548,44.691],[-103.549,44.706],[-103.542,44.712],[-103.548,44.778],[-103.527,44.778],[-103.527,44.792],[-103.425,44.792],[-103.425,45.023],[-103.406,45.044],[-103.406,45.17],[-103.427,45.17],[-103.428,45.186],[-103.427,45.213],[-103.416,45.213]],[[-103.493,44.427],[-103.494,44.395],[-103.454,44.394],[-103.467,44.413],[-103.479,44.413],[-103.453,44.416],[-103.452,44.431],[-103.493,44.427]]],[[[-88.475,45.302],[-88.445,45.289],[-88.409,45.29],[-88.393,45.298],[-88.381,45.289],[-88.345,45.289],[-88.349,45.273],[-88.341,45.254],[-88.381,45.243],[-88.387,45.231],[-88.372,45.226],[-88.382,45.214],[-88.373,45.209],[-88.388,45.203],[-88.309,45.202],[-88.309,45.172],[-88.325,45.178],[-88.325,45.157],[-88.31,45.156],[-88.313,45.114],[-88.266,45.113],[-88.268,45.103],[-88.261,45.098],[-88.294,45.07],[-88.283,45.063],[-88.287,45.052],[-88.268,45.043],[-88.252,45.051],[-88.242,45.044],[-88.243,45.033],[-88.215,45.035],[-88.213,45.025],[-88.203,45.025],[-88.204,45.015],[-88.187,45.008],[-88.143,45.01],[-88.143,44.999],[-88.157,44.994],[-88.156,44.981],[-88.144,44.981],[-88.144,44.966],[-88.157,44.966],[-88.157,44.952],[-88.144,44.952],[-88.145,44.937],[-88.124,44.937],[-88.124,44.951],[-88.101,44.951],[-88.1,44.937],[-88.114,44.937],[-88.125,44.922],[-88.099,44.923],[-88.099,44.916],[-88.125,44.915],[-88.125,44.908],[-88.105,44.908],[-88.105,44.893],[-88.089,44.894],[-88.088,44.886],[-88.126,44.886],[-88.126,44.865],[-88.092,44.862],[-88.079,44.85],[-88.098,44.854],[-88.087,44.85],[-88.104,44.836],[-88.104,44.826],[-88.127,44.829],[-88.13,44.793],[-88.155,44.791],[-88.147,44.778],[-88.163,44.773],[-88.177,44.78],[-88.224,44.753],[-88.187,44.753],[-88.182,44.717],[-88.157,44.718],[-88.152,44.69],[-88.131,44.691],[-88.131,44.677],[-88.123,44.677],[-88.136,44.666],[-88.131,44.634],[-88.153,44.621],[-88.153,44.63],[-88.164,44.633],[-88.174,44.616],[-88.21,44.615],[-88.211,44.593],[-88.192,44.585],[-88.19,44.574],[-88.163,44.574],[-88.13,44.561],[-88.129,44.548],[-88.12,44.548],[-88.151,44.525],[-88.14,44.524],[-88.15,44.512],[-88.136,44.506],[-88.136,44.499],[-88.15,44.499],[-88.133,44.496],[-88.14,44.496],[-88.14,44.485],[-88.15,44.478],[-88.109,44.478],[-88.106,44.469],[-88.119,44.463],[-88.098,44.462],[-88.097,44.455],[-88.076,44.457],[-88.056,44.477],[-88.046,44.476],[-88.056,44.465],[-88.018,44.445],[-87.999,44.449],[-87.983,44.464],[-87.989,44.457],[-87.981,44.452],[-87.989,44.443],[-87.968,44.442],[-87.963,44.415],[-87.907,44.415],[-87.907,44.4],[-87.947,44.397],[-87.928,44.386],[-87.928,44.342],[-87.948,44.342],[-87.95,44.314],[-87.908,44.31],[-87.909,44.284],[-87.89,44.286],[-87.888,44.265],[-87.878,44.266],[-87.877,44.256],[-87.854,44.261],[-87.847,44.248],[-87.857,44.248],[-87.858,44.24],[-88.007,44.241],[-88.005,44.233],[-88.025,44.233],[-88.025,44.226],[-87.995,44.226],[-87.995,44.218],[-88.005,44.219],[-88.005,44.189],[-87.975,44.189],[-87.975,44.168],[-88.025,44.164],[-88.025,44.153],[-88.044,44.153],[-88.044,44.147],[-88.028,44.146],[-88.023,44.132],[-87.993,44.132],[-87.998,44.099],[-87.992,44.085],[-87.978,44.08],[-87.977,44.037],[-87.994,44.037],[-87.998,44.03],[-87.968,44.023],[-87.968,44.012],[-87.979,44.009],[-87.945,44.008],[-87.944,44.023],[-87.961,44.022],[-87.973,44.037],[-87.939,44.037],[-87.928,44.024],[-87.935,44.02],[-87.933,44.004],[-87.919,44.006],[-87.922,44.016],[-87.914,44.013],[-87.912,44.005],[-87.922,44.003],[-87.922,43.979],[-87.902,43.979],[-87.902,43.964],[-87.858,43.964],[-87.868,43.96],[-87.86,43.95],[-87.891,43.95],[-87.882,43.936],[-87.895,43.935],[-87.887,43.928],[-87.891,43.914],[-87.802,43.914],[-87.801,43.921],[-87.782,43.921],[-87.782,43.937],[-87.762,43.936],[-87.766,43.95],[-87.782,43.95],[-87.782,43.965],[-87.722,43.965],[-87.722,43.979],[-87.701,43.979],[-87.699,43.965],[-87.719,43.939],[-87.736,43.873],[-87.726,43.808],[-87.7,43.767],[-87.762,43.77],[-87.775,43.754],[-87.764,43.754],[-87.76,43.743],[-87.77,43.737],[-87.759,43.728],[-87.761,43.712],[-87.78,43.712],[-87.781,43.703],[-87.762,43.703],[-87.76,43.682],[-87.763,43.674],[-87.78,43.673],[-87.791,43.645],[-87.768,43.645],[-87.765,43.659],[-87.759,43.645],[-87.727,43.649],[-87.788,43.566],[-87.8,43.576],[-87.797,43.587],[-87.825,43.588],[-87.829,43.623],[-87.845,43.623],[-87.845,43.601],[-87.86,43.601],[-87.86,43.623],[-87.89,43.616],[-87.89,43.638],[-87.915,43.641],[-87.9,43.653],[-87.901,43.689],[-87.941,43.694],[-88.01,43.689],[-88.011,43.678],[-88.04,43.689],[-88.04,43.674],[-88.008,43.675],[-88.009,43.667],[-88,43.662],[-87.99,43.667],[-87.99,43.654],[-87.98,43.645],[-87.961,43.646],[-87.959,43.637],[-87.981,43.631],[-87.941,43.623],[-87.975,43.589],[-87.981,43.589],[-87.981,43.612],[-88.001,43.601],[-88.001,43.586],[-88.051,43.586],[-88.063,43.571],[-88.086,43.57],[-88.09,43.586],[-88.12,43.582],[-88.111,43.598],[-88.141,43.591],[-88.141,43.601],[-88.16,43.601],[-88.16,43.584],[-88.18,43.574],[-88.185,43.556],[-88.2,43.558],[-88.201,43.55],[-88.237,43.543],[-88.241,43.565],[-88.26,43.565],[-88.245,43.543],[-88.313,43.543],[-88.311,43.529],[-88.321,43.529],[-88.322,43.514],[-88.362,43.515],[-88.362,43.522],[-88.328,43.524],[-88.342,43.529],[-88.341,43.543],[-88.4,43.543],[-88.4,43.502],[-88.384,43.477],[-88.401,43.479],[-88.401,43.443],[-88.411,43.442],[-88.411,43.428],[-88.42,43.425],[-88.44,43.429],[-88.441,43.442],[-88.45,43.443],[-88.451,43.385],[-88.5,43.385],[-88.501,43.371],[-88.508,43.371],[-88.504,43.355],[-88.528,43.348],[-88.528,43.341],[-88.514,43.341],[-88.518,43.326],[-88.479,43.326],[-88.479,43.291],[-88.464,43.285],[-88.463,43.254],[-88.498,43.259],[-88.498,43.245],[-88.518,43.245],[-88.521,43.235],[-88.563,43.239],[-88.566,43.2],[-88.585,43.197],[-88.891,43.198],[-88.891,43.176],[-88.9,43.161],[-88.872,43.15],[-88.873,43.139],[-88.882,43.135],[-88.876,43.118],[-88.845,43.094],[-88.864,43.069],[-88.866,43.051],[-88.892,43.039],[-88.882,43.027],[-88.894,43.027],[-88.894,42.985],[-88.876,42.99],[-88.873,42.976],[-88.85,42.971],[-88.852,42.949],[-88.829,42.943],[-88.814,42.96],[-88.79,42.953],[-88.786,42.939],[-88.739,42.938],[-88.739,42.953],[-88.708,42.964],[-88.709,42.931],[-88.7,42.931],[-88.697,42.949],[-88.686,42.937],[-88.69,42.931],[-88.66,42.933],[-88.66,42.902],[-88.669,42.895],[-88.699,42.894],[-88.727,42.911],[-88.762,42.915],[-88.771,42.907],[-88.776,42.914],[-88.777,42.844],[-88.8,42.858],[-88.846,42.859],[-88.856,42.848],[-88.858,42.79],[-88.827,42.789],[-88.837,42.771],[-88.858,42.771],[-88.856,42.71],[-88.842,42.696],[-88.779,42.707],[-88.778,42.74],[-88.737,42.735],[-88.71,42.744],[-88.681,42.741],[-88.662,42.756],[-88.646,42.756],[-88.622,42.769],[-88.622,42.785],[-88.602,42.785],[-88.603,42.799],[-88.552,42.8],[-88.544,42.779],[-88.551,42.764],[-88.516,42.779],[-88.508,42.779],[-88.51,42.772],[-88.476,42.772],[-88.476,42.764],[-88.465,42.764],[-88.435,42.78],[-88.451,42.758],[-88.407,42.746],[-88.407,42.76],[-88.387,42.76],[-88.381,42.768],[-88.303,42.774],[-88.229,42.771],[-88.224,42.743],[-88.187,42.743],[-88.187,42.731],[-88.17,42.731],[-88.17,42.742],[-88.145,42.743],[-88.145,42.727],[-88.189,42.717],[-88.15,42.713],[-88.142,42.688],[-88.189,42.684],[-88.188,42.675],[-88.169,42.677],[-88.169,42.666],[-88.13,42.669],[-88.13,42.656],[-88.159,42.655],[-88.159,42.637],[-88.178,42.637],[-88.188,42.645],[-88.188,42.63],[-88.17,42.629],[-88.153,42.612],[-88.184,42.612],[-88.188,42.583],[-88.209,42.583],[-88.191,42.568],[-88.201,42.566],[-88.188,42.565],[-88.184,42.557],[-88.178,42.54],[-88.183,42.545],[-88.188,42.539],[-88.177,42.539],[-88.166,42.524],[-88.173,42.511],[-88.188,42.522],[-88.182,42.496],[-88.526,42.495],[-88.526,42.546],[-88.55,42.548],[-88.551,42.556],[-88.525,42.56],[-88.511,42.575],[-88.541,42.589],[-88.541,42.597],[-88.549,42.597],[-88.549,42.585],[-88.55,42.596],[-88.561,42.597],[-88.561,42.583],[-88.619,42.583],[-88.624,42.575],[-88.649,42.575],[-88.649,42.561],[-88.659,42.561],[-88.659,42.531],[-88.668,42.531],[-88.671,42.494],[-89.734,42.505],[-89.703,42.498],[-89.707,42.488],[-89.718,42.488],[-89.717,42.466],[-89.78,42.459],[-89.794,42.447],[-89.794,42.441],[-89.76,42.441],[-89.76,42.43],[-89.886,42.445],[-89.886,42.46],[-89.936,42.455],[-89.936,42.463],[-89.956,42.463],[-89.955,42.448],[-89.945,42.452],[-89.945,42.444],[-90.058,42.449],[-90.071,42.428],[-90.118,42.404],[-90.155,42.399],[-90.187,42.404],[-90.223,42.393],[-90.242,42.408],[-90.267,42.41],[-90.281,42.397],[-90.271,42.372],[-90.296,42.372],[-90.265,42.344],[-90.293,42.351],[-90.302,42.316],[-90.341,42.336],[-90.353,42.321],[-90.374,42.322],[-90.384,42.31],[-90.403,42.306],[-90.407,42.342],[-90.42,42.347],[-90.433,42.34],[-90.477,42.384],[-90.555,42.416],[-90.565,42.439],[-90.647,42.472],[-90.657,42.489],[-90.641,42.508],[-89.766,42.505],[-89.768,42.514],[-89.759,42.52],[-89.72,42.52],[-89.72,42.578],[-89.74,42.593],[-89.74,42.605],[-89.753,42.605],[-89.76,42.596],[-89.789,42.596],[-89.789,42.611],[-89.808,42.611],[-89.812,42.639],[-89.784,42.634],[-89.777,42.658],[-89.749,42.655],[-89.744,42.694],[-89.729,42.694],[-89.725,42.719],[-89.78,42.729],[-89.779,42.744],[-89.757,42.765],[-89.749,42.756],[-89.722,42.757],[-89.725,42.767],[-89.755,42.767],[-89.743,42.799],[-89.734,42.799],[-89.724,42.785],[-89.713,42.794],[-89.685,42.787],[-89.672,42.77],[-89.625,42.77],[-89.628,42.785],[-89.573,42.793],[-89.556,42.792],[-89.556,42.777],[-89.487,42.784],[-89.491,42.876],[-89.481,42.882],[-89.478,42.914],[-89.486,42.921],[-89.485,42.914],[-89.494,42.914],[-89.494,42.929],[-89.486,42.928],[-89.485,42.952],[-89.472,42.957],[-89.476,42.973],[-89.47,42.98],[-89.419,42.98],[-89.41,42.987],[-89.412,42.972],[-89.372,42.972],[-89.373,43.006],[-89.337,42.988],[-89.347,42.983],[-89.35,42.968],[-89.299,42.969],[-89.298,42.961],[-89.288,42.961],[-89.288,42.969],[-89.268,42.983],[-89.253,42.982],[-89.255,43.002],[-89.247,43.011],[-89.218,43.013],[-89.205,43.022],[-89.2,42.992],[-89.151,42.99],[-89.15,43.044],[-89.165,43.067],[-89.152,43.079],[-89.163,43.093],[-89.16,43.103],[-89.167,43.105],[-89.153,43.136],[-89.13,43.152],[-89.168,43.152],[-89.167,43.189],[-89.127,43.196],[-89.127,43.217],[-89.118,43.217],[-89.113,43.229],[-89.127,43.226],[-89.127,43.268],[-89.152,43.268],[-89.147,43.283],[-89.175,43.283],[-89.169,43.28],[-89.186,43.268],[-89.187,43.283],[-89.212,43.276],[-89.206,43.283],[-89.208,43.319],[-89.217,43.314],[-89.218,43.321],[-89.213,43.341],[-89.182,43.34],[-89.189,43.363],[-89.167,43.362],[-89.165,43.413],[-89.145,43.413],[-89.146,43.428],[-89.126,43.428],[-89.125,43.37],[-89.059,43.371],[-89.056,43.358],[-89.049,43.364],[-89.051,43.378],[-89.02,43.374],[-89.03,43.386],[-89.028,43.397],[-89.005,43.397],[-89.005,43.411],[-88.955,43.44],[-88.977,43.439],[-88.974,43.448],[-88.955,43.452],[-88.954,43.462],[-88.938,43.474],[-88.965,43.473],[-88.963,43.52],[-88.927,43.537],[-88.868,43.511],[-88.865,43.516],[-88.88,43.531],[-88.865,43.532],[-88.865,43.553],[-88.852,43.545],[-88.806,43.546],[-88.806,43.56],[-88.776,43.56],[-88.765,43.575],[-88.766,43.531],[-88.759,43.531],[-88.765,43.466],[-88.756,43.473],[-88.734,43.473],[-88.734,43.459],[-88.701,43.459],[-88.704,43.473],[-88.644,43.466],[-88.645,43.633],[-88.542,43.632],[-88.542,43.661],[-88.482,43.661],[-88.479,43.679],[-88.492,43.683],[-88.492,43.708],[-88.523,43.707],[-88.523,43.719],[-88.546,43.719],[-88.544,43.734],[-88.594,43.734],[-88.594,43.724],[-88.613,43.722],[-88.604,43.756],[-88.585,43.765],[-88.564,43.763],[-88.564,43.777],[-88.549,43.777],[-88.549,43.785],[-88.539,43.786],[-88.606,43.81],[-88.6,43.815],[-88.609,43.821],[-88.599,43.83],[-88.6,43.851],[-88.574,43.85],[-88.555,43.829],[-88.544,43.829],[-88.549,43.85],[-88.464,43.85],[-88.459,43.876],[-88.468,43.893],[-88.403,43.893],[-88.404,44.11],[-88.584,44.112],[-88.584,44.17],[-88.649,44.17],[-88.656,44.164],[-88.644,44.159],[-88.644,44.126],[-88.654,44.127],[-88.649,44.112],[-88.66,44.102],[-88.701,44.094],[-88.706,44.101],[-88.733,44.098],[-88.734,44.106],[-88.825,44.113],[-88.82,44.094],[-88.855,44.09],[-88.854,44.08],[-88.886,44.08],[-88.886,44.111],[-88.906,44.113],[-88.923,44.102],[-88.952,44.125],[-88.929,44.121],[-88.95,44.135],[-88.946,44.142],[-88.953,44.146],[-89.007,44.141],[-89.007,44.134],[-89.019,44.131],[-89.001,44.134],[-89.007,44.098],[-88.986,44.098],[-88.987,44.069],[-89.027,44.069],[-89.053,44.112],[-89.04,44.112],[-89.047,44.13],[-89.092,44.13],[-89.087,44.149],[-89.139,44.149],[-89.136,44.128],[-89.149,44.116],[-89.129,44.112],[-89.13,44.089],[-89.146,44.098],[-89.179,44.098],[-89.179,44.105],[-89.169,44.105],[-89.17,44.112],[-89.18,44.113],[-89.169,44.127],[-89.208,44.127],[-89.226,44.141],[-89.229,44.156],[-89.338,44.158],[-89.328,44.164],[-89.335,44.182],[-89.328,44.214],[-89.307,44.214],[-89.308,44.244],[-89.247,44.244],[-89.24,44.255],[-89.259,44.265],[-89.235,44.262],[-89.234,44.269],[-89.225,44.269],[-89.233,44.28],[-89.28,44.287],[-89.28,44.294],[-89.253,44.301],[-89.237,44.297],[-89.244,44.302],[-89.244,44.352],[-89.224,44.352],[-89.224,44.367],[-89.249,44.367],[-89.256,44.38],[-89.234,44.389],[-89.235,44.408],[-89.224,44.404],[-89.239,44.417],[-89.206,44.426],[-89.11,44.414],[-89.099,44.436],[-89.102,44.453],[-89.098,44.459],[-89.082,44.457],[-89.093,44.472],[-89.083,44.483],[-89.123,44.481],[-89.123,44.498],[-89.152,44.497],[-89.154,44.491],[-89.219,44.494],[-89.219,44.504],[-89.239,44.504],[-89.239,44.515],[-89.261,44.518],[-89.239,44.525],[-89.249,44.537],[-89.224,44.541],[-89.224,44.681],[-89.103,44.68],[-89.101,44.624],[-89.072,44.619],[-89.077,44.605],[-89.016,44.608],[-89.011,44.619],[-89.022,44.633],[-88.991,44.634],[-88.981,44.644],[-88.982,44.672],[-88.966,44.67],[-88.967,44.68],[-88.945,44.681],[-88.951,44.709],[-88.921,44.696],[-88.921,44.709],[-88.859,44.716],[-88.854,44.738],[-88.846,44.74],[-88.841,44.759],[-88.836,44.756],[-88.841,44.768],[-88.798,44.768],[-88.798,44.782],[-88.818,44.782],[-88.818,44.794],[-88.868,44.797],[-88.869,44.811],[-88.777,44.811],[-88.777,44.826],[-88.723,44.826],[-88.729,44.84],[-88.724,44.847],[-88.736,44.847],[-88.736,44.943],[-88.828,44.943],[-88.827,44.963],[-88.794,44.974],[-88.825,44.984],[-88.805,44.986],[-88.81,45],[-88.838,45.001],[-88.836,45.017],[-88.817,45.019],[-88.805,45.032],[-88.822,45.118],[-88.559,45.117],[-88.558,45.161],[-88.572,45.161],[-88.598,45.143],[-88.59,45.156],[-88.599,45.166],[-88.639,45.162],[-88.638,45.205],[-88.666,45.205],[-88.645,45.217],[-88.623,45.208],[-88.613,45.224],[-88.628,45.237],[-88.614,45.249],[-88.607,45.239],[-88.576,45.243],[-88.584,45.257],[-88.558,45.262],[-88.554,45.29],[-88.475,45.29],[-88.475,45.302]],[[-88.244,45.004],[-88.244,44.995],[-88.254,44.997],[-88.255,44.982],[-88.285,44.983],[-88.286,44.975],[-88.255,44.975],[-88.245,44.946],[-88.23,44.945],[-88.226,44.972],[-88.245,44.97],[-88.244,44.99],[-88.195,44.989],[-88.195,44.975],[-88.215,44.975],[-88.216,44.95],[-88.165,44.951],[-88.163,44.996],[-88.205,45.004],[-88.208,44.996],[-88.22,44.996],[-88.22,45.004],[-88.244,45.004]],[[-88.385,44.872],[-88.41,44.866],[-88.411,44.855],[-88.489,44.855],[-88.489,44.845],[-88.476,44.846],[-88.481,44.836],[-88.489,44.837],[-88.489,44.831],[-88.475,44.831],[-88.486,44.823],[-88.47,44.824],[-88.469,44.805],[-88.494,44.8],[-88.529,44.767],[-88.497,44.759],[-88.496,44.74],[-88.506,44.74],[-88.505,44.71],[-88.515,44.71],[-88.515,44.678],[-88.484,44.679],[-88.486,44.633],[-88.494,44.618],[-88.506,44.63],[-88.508,44.608],[-88.506,44.596],[-88.488,44.602],[-88.491,44.55],[-88.512,44.545],[-88.509,44.572],[-88.539,44.572],[-88.54,44.56],[-88.557,44.56],[-88.547,44.54],[-88.555,44.531],[-88.553,44.502],[-88.523,44.502],[-88.526,44.49],[-88.536,44.487],[-88.535,44.474],[-88.525,44.474],[-88.525,44.466],[-88.494,44.477],[-88.496,44.403],[-88.506,44.403],[-88.506,44.388],[-88.536,44.388],[-88.537,44.376],[-88.566,44.374],[-88.566,44.385],[-88.577,44.389],[-88.635,44.385],[-88.635,44.37],[-88.653,44.365],[-88.653,44.353],[-88.671,44.363],[-88.675,44.347],[-88.716,44.359],[-88.722,44.34],[-88.738,44.342],[-88.738,44.331],[-88.716,44.33],[-88.717,44.316],[-88.739,44.316],[-88.739,44.305],[-88.718,44.301],[-88.718,44.287],[-88.688,44.287],[-88.689,44.273],[-88.673,44.273],[-88.679,44.243],[-88.573,44.244],[-88.557,44.25],[-88.562,44.239],[-88.497,44.244],[-88.496,44.236],[-88.485,44.236],[-88.485,44.244],[-88.464,44.243],[-88.456,44.234],[-88.464,44.23],[-88.474,44.192],[-88.404,44.193],[-88.404,44.123],[-88.32,44.123],[-88.313,44.136],[-88.265,44.141],[-88.26,44.174],[-88.245,44.17],[-88.244,44.18],[-88.252,44.184],[-88.234,44.184],[-88.234,44.176],[-88.224,44.173],[-88.224,44.201],[-88.214,44.204],[-88.214,44.213],[-88.227,44.22],[-88.269,44.221],[-88.303,44.214],[-88.303,44.236],[-88.294,44.236],[-88.303,44.248],[-88.293,44.25],[-88.293,44.276],[-88.299,44.279],[-88.288,44.294],[-88.313,44.304],[-88.313,44.316],[-88.303,44.316],[-88.306,44.325],[-88.313,44.325],[-88.318,44.307],[-88.312,44.301],[-88.333,44.302],[-88.333,44.329],[-88.292,44.332],[-88.292,44.379],[-88.3,44.379],[-88.291,44.387],[-88.352,44.387],[-88.352,44.401],[-88.374,44.401],[-88.384,44.43],[-88.413,44.43],[-88.414,44.466],[-88.402,44.466],[-88.402,44.473],[-88.373,44.472],[-88.372,44.481],[-88.389,44.485],[-88.382,44.487],[-88.39,44.496],[-88.371,44.501],[-88.371,44.516],[-88.38,44.523],[-88.421,44.524],[-88.42,44.538],[-88.39,44.538],[-88.388,44.559],[-88.43,44.56],[-88.428,44.575],[-88.388,44.574],[-88.387,44.588],[-88.447,44.589],[-88.444,44.66],[-88.383,44.661],[-88.404,44.671],[-88.363,44.686],[-88.364,44.725],[-88.348,44.725],[-88.352,44.746],[-88.342,44.746],[-88.344,44.759],[-88.333,44.773],[-88.313,44.773],[-88.311,44.795],[-88.291,44.795],[-88.29,44.839],[-88.3,44.838],[-88.299,44.854],[-88.324,44.861],[-88.361,44.843],[-88.35,44.861],[-88.369,44.869],[-88.37,44.854],[-88.386,44.854],[-88.373,44.863],[-88.385,44.872]],[[-88.27,44.799],[-88.274,44.796],[-88.263,44.796],[-88.27,44.799]],[[-88.191,44.35],[-88.209,44.328],[-88.191,44.328],[-88.193,44.314],[-88.152,44.31],[-88.146,44.328],[-88.161,44.335],[-88.162,44.351],[-88.191,44.35]],[[-88.111,44.124],[-88.109,44.116],[-88.086,44.117],[-88.087,44.124],[-88.111,44.124]],[[-88.302,44.072],[-88.298,44.067],[-88.301,44.077],[-88.302,44.072]],[[-88.402,43.829],[-88.426,43.805],[-88.451,43.805],[-88.455,43.791],[-88.483,43.792],[-88.479,43.763],[-88.443,43.737],[-88.422,43.739],[-88.42,43.732],[-88.419,43.743],[-88.403,43.745],[-88.39,43.769],[-88.409,43.769],[-88.411,43.777],[-88.4,43.776],[-88.394,43.801],[-88.383,43.794],[-88.389,43.808],[-88.376,43.823],[-88.376,43.83],[-88.385,43.83],[-88.389,43.819],[-88.384,43.846],[-88.403,43.846],[-88.402,43.829]],[[-88.603,43.385],[-88.6,43.371],[-88.623,43.371],[-88.642,43.353],[-88.641,43.343],[-88.607,43.341],[-88.622,43.315],[-88.612,43.299],[-88.605,43.334],[-88.592,43.341],[-88.592,43.366],[-88.585,43.37],[-88.596,43.371],[-88.597,43.386],[-88.603,43.385]],[[-88.807,43.306],[-88.802,43.313],[-88.819,43.314],[-88.825,43.304],[-88.838,43.304],[-88.839,43.311],[-88.829,43.329],[-88.784,43.329],[-88.784,43.314],[-88.76,43.314],[-88.755,43.348],[-88.773,43.358],[-88.789,43.356],[-88.791,43.365],[-88.804,43.357],[-88.823,43.358],[-88.823,43.372],[-88.883,43.372],[-88.883,43.358],[-88.895,43.356],[-88.894,43.343],[-88.905,43.329],[-88.905,43.309],[-88.915,43.308],[-88.907,43.306],[-88.906,43.291],[-88.936,43.285],[-88.96,43.256],[-88.946,43.244],[-88.949,43.228],[-88.901,43.22],[-88.888,43.234],[-88.888,43.228],[-88.873,43.226],[-88.873,43.242],[-88.843,43.242],[-88.842,43.255],[-88.807,43.273],[-88.804,43.285],[-88.813,43.29],[-88.807,43.306]],[[-88.636,43.26],[-88.63,43.251],[-88.623,43.257],[-88.633,43.268],[-88.636,43.26]],[[-88.723,43.316],[-88.726,43.31],[-88.715,43.307],[-88.723,43.316]]],[[[-107.913,45.317],[-107.911,45.304],[-107.955,45.304],[-107.96,45.293],[-107.97,45.293],[-107.97,45.315],[-107.913,45.317]]],[[[-86.762,45.506],[-86.758,45.479],[-86.783,45.487],[-86.782,45.51],[-86.762,45.506]]],[[[-86.661,45.532],[-86.66,45.522],[-86.667,45.522],[-86.67,45.53],[-86.661,45.532]]],[[[-86.65,45.583],[-86.622,45.565],[-86.635,45.544],[-86.649,45.544],[-86.656,45.557],[-86.66,45.58],[-86.656,45.588],[-86.65,45.583]]],[[[-86.688,45.616],[-86.677,45.614],[-86.687,45.614],[-86.685,45.596],[-86.702,45.603],[-86.697,45.616],[-86.688,45.616]]],[[[-104.912,45.773],[-104.871,45.768],[-104.868,45.745],[-104.858,45.742],[-104.862,45.726],[-104.853,45.705],[-104.859,45.702],[-104.826,45.687],[-104.841,45.685],[-104.853,45.671],[-104.824,45.654],[-104.838,45.643],[-104.84,45.628],[-104.805,45.623],[-104.795,45.598],[-104.788,45.597],[-104.795,45.587],[-104.823,45.588],[-104.829,45.575],[-104.864,45.573],[-104.869,45.564],[-104.856,45.555],[-104.858,45.543],[-104.815,45.522],[-104.812,45.513],[-104.774,45.488],[-104.769,45.474],[-104.758,45.469],[-104.758,45.453],[-104.732,45.459],[-104.713,45.441],[-104.618,45.404],[-104.798,45.337],[-104.82,45.3],[-104.838,45.286],[-104.885,45.28],[-104.885,45.252],[-104.896,45.24],[-104.896,45.222],[-104.954,45.232],[-105.038,45.272],[-105.038,45.352],[-104.987,45.352],[-104.982,45.755],[-104.946,45.756],[-104.932,45.77],[-104.912,45.773]]],[[[-85.238,46.756],[-85.239,46.304],[-85.219,46.307],[-85.155,46.268],[-85.134,46.268],[-85.115,46.278],[-85.009,46.274],[-85.009,46.227],[-85.02,46.219],[-85.02,46.196],[-85.056,46.189],[-85.051,46.172],[-85.026,46.17],[-85.006,46.183],[-85.01,46.189],[-84.957,46.159],[-85.112,46.158],[-85.113,46.191],[-85.175,46.185],[-85.169,46.206],[-85.235,46.224],[-85.238,46.245],[-85.849,46.245],[-85.83,46.239],[-85.845,46.238],[-85.833,46.231],[-85.837,46.22],[-85.819,46.213],[-85.805,46.22],[-85.762,46.217],[-85.761,46.19],[-85.793,46.191],[-85.764,46.179],[-85.792,46.18],[-85.785,46.17],[-85.796,46.169],[-85.792,46.162],[-85.81,46.165],[-85.8,46.158],[-85.865,46.158],[-85.865,46.12],[-85.897,46.123],[-85.912,46.115],[-85.934,46.121],[-85.934,46.13],[-85.961,46.129],[-85.971,46.149],[-85.961,46.159],[-85.991,46.158],[-85.99,46.331],[-86.115,46.331],[-86.117,45.965],[-86.151,45.953],[-86.2,45.964],[-86.218,45.961],[-86.234,45.944],[-86.275,45.944],[-86.286,45.924],[-86.318,45.914],[-86.335,45.869],[-86.327,45.854],[-86.35,45.832],[-86.346,45.82],[-86.355,45.804],[-86.347,45.798],[-86.369,45.789],[-86.414,45.795],[-86.428,45.786],[-86.424,45.776],[-86.438,45.76],[-86.448,45.765],[-86.455,45.756],[-86.476,45.765],[-86.486,45.746],[-86.503,45.753],[-86.536,45.746],[-86.521,45.736],[-86.534,45.728],[-86.524,45.72],[-86.535,45.717],[-86.535,45.709],[-86.575,45.716],[-86.585,45.705],[-86.582,45.685],[-86.592,45.671],[-86.587,45.666],[-86.611,45.67],[-86.626,45.664],[-86.618,45.618],[-86.605,45.608],[-86.611,45.6],[-86.632,45.618],[-86.65,45.616],[-86.678,45.627],[-86.695,45.655],[-86.706,45.656],[-86.709,45.649],[-86.718,45.68],[-86.705,45.691],[-86.674,45.693],[-86.665,45.703],[-86.672,45.721],[-86.662,45.73],[-86.648,45.729],[-86.634,45.755],[-86.627,45.755],[-86.625,45.745],[-86.619,45.762],[-86.637,45.765],[-86.623,45.771],[-86.63,45.783],[-86.615,45.783],[-86.605,45.771],[-86.587,45.779],[-86.566,45.769],[-86.558,45.773],[-86.582,45.795],[-86.557,45.808],[-86.557,45.83],[-86.539,45.838],[-86.54,45.847],[-86.528,45.857],[-86.533,45.883],[-86.562,45.899],[-86.581,45.897],[-86.599,45.877],[-86.625,45.87],[-86.633,45.861],[-86.632,45.842],[-86.646,45.843],[-86.647,45.833],[-86.699,45.844],[-86.719,45.839],[-86.747,45.867],[-86.782,45.86],[-86.788,45.834],[-86.777,45.827],[-86.773,45.811],[-86.784,45.794],[-86.809,45.792],[-86.8,45.778],[-86.819,45.772],[-86.82,45.756],[-86.843,45.742],[-86.838,45.722],[-86.871,45.709],[-86.902,45.71],[-86.917,45.696],[-86.926,45.704],[-86.941,45.703],[-86.968,45.668],[-86.969,45.691],[-86.982,45.696],[-86.985,45.706],[-86.975,45.748],[-86.984,45.768],[-86.981,45.792],[-87.005,45.832],[-86.988,45.836],[-86.949,45.874],[-86.948,45.899],[-86.966,45.909],[-86.947,45.903],[-86.938,45.916],[-86.948,45.922],[-86.946,45.914],[-86.955,45.908],[-86.963,45.921],[-86.968,45.91],[-86.975,45.915],[-86.978,45.904],[-86.985,45.904],[-86.985,45.893],[-87.035,45.892],[-87.038,45.902],[-87.026,45.906],[-87.028,45.925],[-87.056,45.935],[-87.056,45.941],[-86.993,45.945],[-87.053,45.956],[-87.051,45.971],[-87.065,45.977],[-87.056,45.978],[-87.055,46.043],[-87.116,46.045],[-87.117,46.072],[-87.06,46.072],[-87.064,46.094],[-87.033,46.101],[-87.032,46.115],[-87.04,46.116],[-87.047,46.136],[-87.012,46.13],[-87.012,46.137],[-87.001,46.137],[-87.009,46.159],[-86.991,46.159],[-86.991,46.197],[-86.886,46.188],[-86.871,46.158],[-86.759,46.159],[-86.759,46.177],[-86.741,46.188],[-86.735,46.257],[-86.68,46.257],[-86.678,46.268],[-86.668,46.272],[-86.678,46.293],[-86.679,46.402],[-86.648,46.398],[-86.645,46.388],[-86.621,46.379],[-86.554,46.376],[-86.534,46.367],[-86.527,46.382],[-86.535,46.404],[-86.518,46.42],[-86.519,46.477],[-86.47,46.478],[-86.47,46.47],[-86.428,46.47],[-86.428,46.477],[-86.418,46.466],[-86.421,46.476],[-86.408,46.477],[-86.441,46.44],[-86.431,46.425],[-86.365,46.439],[-86.365,46.506],[-86.054,46.505],[-86.047,46.507],[-86.054,46.515],[-86.046,46.518],[-86.056,46.53],[-86.017,46.541],[-86.01,46.531],[-86.018,46.513],[-86.007,46.513],[-86.008,46.505],[-85.865,46.505],[-85.864,46.69],[-85.752,46.677],[-85.502,46.676],[-85.366,46.717],[-85.361,46.71],[-85.356,46.715],[-85.364,46.717],[-85.303,46.741],[-85.238,46.756]],[[-86.743,45.879],[-86.737,45.86],[-86.718,45.844],[-86.653,45.841],[-86.659,45.89],[-86.743,45.896],[-86.743,45.879]]],[[[-107.11,46.859],[-106.72,46.86],[-106.72,46.845],[-106.543,46.845],[-106.561,46.817],[-106.556,46.777],[-106.513,46.73],[-106.546,46.732],[-106.594,46.7],[-106.623,46.661],[-106.644,46.649],[-106.639,46.605],[-106.644,46.494],[-106.634,46.459],[-106.632,46.407],[-106.615,46.39],[-106.606,46.392],[-106.611,46.372],[-106.6,46.363],[-106.608,46.368],[-106.607,46.36],[-106.589,46.345],[-106.588,46.327],[-106.582,46.335],[-106.585,46.325],[-106.578,46.33],[-106.577,46.321],[-106.57,46.321],[-106.579,46.319],[-106.571,46.307],[-106.576,46.305],[-106.56,46.297],[-106.535,46.301],[-106.523,46.284],[-106.505,46.292],[-106.476,46.274],[-106.479,46.266],[-106.471,46.257],[-106.479,46.242],[-106.491,46.238],[-106.483,46.23],[-106.485,46.22],[-106.496,46.216],[-106.483,46.207],[-106.484,46.197],[-106.497,46.194],[-106.49,46.175],[-106.471,46.162],[-106.464,46.141],[-106.408,46.141],[-106.379,46.153],[-106.362,46.152],[-106.359,46.137],[-106.317,46.135],[-106.317,46.095],[-106.192,46.094],[-106.192,45.789],[-105.915,45.788],[-105.894,45.754],[-105.863,45.743],[-105.817,45.748],[-105.82,45.735],[-105.807,45.728],[-105.756,45.728],[-105.738,45.721],[-105.744,45.686],[-105.76,45.68],[-105.777,45.656],[-105.776,45.581],[-105.826,45.541],[-105.768,45.53],[-105.652,45.491],[-105.653,45.478],[-105.674,45.477],[-105.676,45.462],[-105.656,45.422],[-105.653,45.38],[-105.623,45.361],[-105.595,45.36],[-105.595,45.353],[-105.546,45.337],[-105.542,45.328],[-105.555,45.329],[-105.558,45.319],[-105.571,45.326],[-105.571,45.305],[-105.582,45.304],[-105.583,45.32],[-105.595,45.316],[-105.655,45.258],[-105.702,45.244],[-105.723,45.223],[-105.743,45.215],[-105.758,45.2],[-105.754,45.181],[-105.77,45.176],[-105.759,45.169],[-105.782,45.161],[-105.774,45.158],[-105.781,45.143],[-105.809,45.142],[-105.807,45.132],[-105.818,45.131],[-105.824,45.116],[-105.836,45.121],[-105.836,45.107],[-105.85,45.11],[-105.85,45.094],[-105.862,45.091],[-105.857,45.074],[-105.871,45.068],[-105.873,45.057],[-105.897,45.055],[-105.881,45.037],[-105.91,45.034],[-105.918,45.026],[-105.899,45.011],[-105.908,45.001],[-105.928,44.994],[-106.184,44.994],[-106.188,44.98],[-106.178,44.961],[-106.182,44.951],[-106.19,44.953],[-106.171,44.949],[-106.143,44.921],[-106.137,44.904],[-106.091,44.865],[-106.115,44.846],[-106.112,44.841],[-106.135,44.833],[-106.148,44.803],[-106.163,44.804],[-106.157,44.802],[-106.166,44.799],[-106.16,44.787],[-106.17,44.788],[-106.163,44.782],[-106.177,44.777],[-106.173,44.768],[-106.205,44.764],[-106.204,44.757],[-106.216,44.761],[-106.216,44.753],[-106.227,44.756],[-106.192,44.723],[-106.213,44.721],[-106.204,44.707],[-106.203,44.683],[-106.191,44.672],[-106.15,44.659],[-106.16,44.651],[-106.176,44.652],[-106.178,44.637],[-106.206,44.639],[-106.216,44.617],[-106.179,44.587],[-106.201,44.579],[-106.208,44.562],[-106.249,44.562],[-106.243,44.55],[-106.254,44.539],[-106.239,44.522],[-106.218,44.522],[-106.209,44.494],[-106.219,44.481],[-106.203,44.478],[-106.182,44.456],[-106.15,44.463],[-106.135,44.487],[-106.127,44.477],[-106.131,44.47],[-106.1,44.462],[-106.042,44.422],[-106.016,44.417],[-106.017,44.216],[-105.951,44.195],[-105.927,44.177],[-105.895,44.176],[-105.885,44.158],[-105.873,44.16],[-105.866,44.178],[-105.845,44.177],[-105.848,44.203],[-105.836,44.213],[-105.792,44.218],[-105.741,44.235],[-105.73,44.227],[-105.724,44.246],[-105.672,44.242],[-105.644,44.248],[-105.626,44.256],[-105.589,44.295],[-105.533,44.294],[-105.507,44.28],[-105.479,44.277],[-105.458,44.296],[-105.388,44.296],[-105.372,44.292],[-105.387,44.286],[-105.392,44.273],[-105.381,44.233],[-105.348,44.226],[-105.354,44.258],[-105.317,44.251],[-105.314,44.229],[-105.282,44.201],[-105.277,44.151],[-105.298,44.152],[-105.298,44.142],[-105.325,44.123],[-105.334,44.106],[-105.271,44.086],[-105.208,44.085],[-105.166,44.1],[-105.161,44.129],[-105.119,44.124],[-105.12,44.098],[-105.08,44.064],[-105.081,43.502],[-104.9,43.5],[-104.897,43.166],[-104.927,43.166],[-104.951,43.139],[-104.974,43.138],[-104.993,43.127],[-104.998,43.117],[-104.985,43.088],[-104.989,43.06],[-104.982,43.054],[-105.035,43.042],[-105.046,43.048],[-105.067,43.038],[-105.068,43.01],[-105.075,43.01],[-105.083,42.992],[-105.075,42.989],[-105.079,42.978],[-105.098,42.971],[-105.079,42.958],[-105.103,42.958],[-105.098,42.928],[-105.138,42.927],[-105.135,42.898],[-105.157,42.897],[-105.157,42.865],[-105.147,42.869],[-105.137,42.84],[-105.125,42.84],[-105.121,42.821],[-105.073,42.815],[-105.081,42.8],[-105.103,42.798],[-105.101,42.791],[-105.083,42.792],[-105.085,42.782],[-105.073,42.768],[-105.09,42.751],[-105.071,42.747],[-105.069,42.74],[-105.028,42.74],[-105.1,42.697],[-105.12,42.674],[-105.169,42.66],[-105.166,42.65],[-105.158,42.654],[-105.136,42.643],[-105.133,42.631],[-105.117,42.636],[-105.108,42.618],[-105.095,42.62],[-105.086,42.608],[-105.287,42.606],[-105.282,42.431],[-105.333,42.431],[-105.342,42.405],[-105.352,42.405],[-105.352,42.376],[-105.362,42.376],[-105.359,42.319],[-105.379,42.319],[-105.376,42.29],[-105.526,42.289],[-105.527,42.296],[-105.614,42.304],[-105.615,42.377],[-105.576,42.377],[-105.576,42.406],[-105.556,42.406],[-105.556,42.431],[-106.073,42.433],[-106.073,42.25],[-106.005,42.25],[-105.976,42.262],[-105.976,42.298],[-105.968,42.307],[-105.902,42.283],[-105.87,42.295],[-105.878,42.285],[-105.872,42.276],[-105.843,42.275],[-105.838,42.265],[-105.86,42.223],[-105.941,42.224],[-105.957,42.196],[-106.006,42.147],[-106.006,42.127],[-105.984,42.095],[-105.946,42.096],[-105.949,42.07],[-105.966,42.06],[-105.958,42.008],[-106.073,41.983],[-106.073,41.772],[-106.106,41.752],[-106.152,41.745],[-106.193,41.725],[-106.231,41.686],[-106.247,41.648],[-106.279,41.637],[-106.274,41.629],[-106.345,41.657],[-106.363,41.627],[-106.379,41.616],[-106.386,41.589],[-106.382,41.572],[-106.402,41.568],[-106.397,41.548],[-106.404,41.555],[-106.409,41.548],[-106.407,41.556],[-106.425,41.568],[-106.431,41.535],[-106.446,41.562],[-106.491,41.564],[-106.53,41.556],[-106.54,41.57],[-106.592,41.592],[-106.659,41.588],[-106.678,41.598],[-106.695,41.593],[-106.735,41.603],[-106.745,41.614],[-106.738,41.638],[-106.721,41.649],[-106.726,41.669],[-106.72,41.681],[-106.74,41.721],[-106.781,41.741],[-106.802,41.719],[-106.825,41.714],[-106.837,41.701],[-106.89,41.694],[-106.895,41.679],[-106.909,41.683],[-106.911,41.667],[-106.893,41.666],[-106.932,41.641],[-106.942,41.651],[-106.94,41.639],[-106.929,41.633],[-106.951,41.622],[-106.947,41.604],[-106.984,41.602],[-106.968,41.594],[-106.967,41.584],[-106.986,41.58],[-107.002,41.588],[-107.046,41.569],[-107.105,41.563],[-107.117,41.55],[-107.114,41.54],[-107.138,41.517],[-107.179,41.488],[-107.2,41.485],[-107.194,41.462],[-107.207,41.437],[-107.238,41.407],[-107.222,41.384],[-107.226,41.346],[-107.254,41.327],[-107.26,41.295],[-107.255,41.27],[-107.209,41.257],[-107.19,41.264],[-107.191,41.258],[-107.177,41.257],[-107.165,41.242],[-107.099,41.218],[-107.089,41.202],[-107.064,41.201],[-107.052,41.211],[-107.059,41.214],[-107.062,41.232],[-107.072,41.235],[-107.069,41.262],[-107.038,41.283],[-107.021,41.276],[-106.987,41.282],[-106.935,41.305],[-106.92,41.304],[-106.902,41.291],[-106.907,41.289],[-106.884,41.282],[-106.862,41.3],[-106.849,41.29],[-106.81,41.291],[-106.729,41.323],[-106.717,41.302],[-106.716,41.311],[-106.708,41.31],[-106.652,41.258],[-106.626,41.256],[-106.601,41.273],[-106.586,41.268],[-106.588,41.262],[-106.575,41.26],[-106.588,41.256],[-106.586,41.24],[-106.547,41.214],[-106.54,41.196],[-106.534,41.207],[-106.488,41.226],[-106.462,41.218],[-106.454,41.226],[-106.443,41.222],[-106.353,41.239],[-106.33,41.237],[-106.321,41.221],[-106.279,41.221],[-106.255,41.211],[-106.225,41.226],[-106.213,41.221],[-106.214,41.214],[-106.191,41.209],[-106.172,41.231],[-106.149,41.236],[-106.133,41.234],[-106.131,41.216],[-106.097,41.214],[-106.094,41.228],[-106.082,41.237],[-106.078,41.256],[-106.088,41.257],[-106.079,41.276],[-106.072,41.28],[-106.07,41.273],[-106.027,41.295],[-106.012,41.294],[-106.012,41.304],[-106.032,41.32],[-106.017,41.334],[-105.968,41.341],[-105.97,41.359],[-105.964,41.363],[-106.023,41.384],[-106.033,41.401],[-106.069,41.405],[-106.071,41.531],[-106.056,41.521],[-106.046,41.496],[-106.02,41.482],[-105.968,41.496],[-105.913,41.5],[-105.893,41.496],[-105.87,41.479],[-105.833,41.492],[-105.763,41.481],[-105.753,41.484],[-105.752,41.494],[-105.738,41.492],[-105.741,41.498],[-105.729,41.507],[-105.719,41.502],[-105.724,41.51],[-105.712,41.508],[-105.714,41.522],[-105.685,41.531],[-105.688,41.539],[-105.683,41.535],[-105.678,41.545],[-105.649,41.498],[-105.616,41.498],[-105.616,41.56],[-105.604,41.547],[-105.54,41.533],[-105.513,41.542],[-105.486,41.537],[-105.372,41.543],[-105.352,41.554],[-105.341,41.576],[-105.302,41.582],[-105.28,41.566],[-105.278,41.657],[-104.653,41.653],[-104.653,41.565],[-104.441,41.564],[-104.441,41.55],[-104.513,41.55],[-104.525,41.558],[-104.527,41.546],[-104.547,41.53],[-104.553,41.509],[-104.547,41.501],[-104.562,41.491],[-104.539,41.48],[-104.532,41.463],[-104.513,41.456],[-104.502,41.419],[-104.46,41.419],[-104.456,41.44],[-104.465,41.467],[-104.436,41.474],[-104.428,41.486],[-104.378,41.496],[-104.413,41.515],[-104.354,41.52],[-104.358,41.535],[-104.338,41.538],[-104.343,41.551],[-104.319,41.543],[-104.286,41.562],[-104.27,41.548],[-104.299,41.544],[-104.298,41.537],[-104.288,41.536],[-104.29,41.521],[-104.332,41.52],[-104.348,41.44],[-104.46,41.403],[-104.464,41.331],[-104.425,41.332],[-104.426,41.317],[-104.464,41.317],[-104.465,41.214],[-104.565,41.215],[-104.565,41.202],[-104.541,41.202],[-104.539,41.191],[-104.559,41.188],[-104.561,41.137],[-104.659,41.147],[-104.656,41.159],[-104.683,41.147],[-104.7,41.153],[-104.713,41.147],[-104.713,41.16],[-104.829,41.16],[-104.848,41.175],[-104.847,41.202],[-104.886,41.202],[-104.886,41.177],[-104.878,41.175],[-104.886,41.135],[-104.847,41.133],[-104.863,41.117],[-104.898,41.117],[-104.904,41.132],[-104.927,41.132],[-104.975,41.11],[-105.01,41.119],[-105.025,41.11],[-105.084,41.114],[-105.106,41.141],[-105.154,41.139],[-105.165,41.156],[-105.278,41.144],[-105.279,41.116],[-105.228,41.097],[-105.279,41.081],[-105.283,41.089],[-105.306,41.084],[-105.302,41.09],[-105.309,41.099],[-105.332,41.1],[-105.367,41.099],[-105.397,41.081],[-105.449,41.083],[-105.475,41.075],[-105.489,41.085],[-105.51,41.083],[-105.52,41.093],[-105.578,41.089],[-105.577,41.077],[-105.589,41.063],[-105.573,41.054],[-105.558,40.997],[-105.932,40.997],[-105.972,41.009],[-105.972,41.021],[-105.958,41.039],[-105.916,41.08],[-105.926,41.098],[-105.925,41.121],[-105.961,41.128],[-106.002,41.124],[-106.015,41.111],[-106.015,41.094],[-106.023,41.088],[-106.01,41.075],[-106.012,41.058],[-106.052,41.06],[-106.068,41.07],[-106.117,41.069],[-106.137,41.06],[-106.12,41.056],[-106.126,41.041],[-106.099,41.033],[-106.081,41.013],[-106.114,41.004],[-106.083,40.997],[-107.918,41.002],[-107.917,41.398],[-107.93,41.399],[-107.93,41.66],[-107.51,41.657],[-107.504,42.088],[-107.522,42.088],[-107.523,42.405],[-107.557,42.384],[-107.559,42.371],[-107.632,42.385],[-107.635,42.405],[-107.648,42.413],[-107.681,42.387],[-107.68,42.405],[-107.668,42.41],[-107.664,42.429],[-107.689,42.424],[-107.687,42.444],[-107.714,42.448],[-107.745,42.441],[-107.734,42.461],[-107.747,42.468],[-107.784,42.471],[-107.835,42.496],[-107.846,42.44],[-107.851,42.449],[-107.872,42.446],[-107.887,42.472],[-107.904,42.448],[-107.91,42.456],[-107.922,42.451],[-107.924,42.439],[-107.931,42.447],[-107.953,42.449],[-107.978,42.471],[-107.976,42.492],[-107.954,42.518],[-107.937,42.524],[-107.94,42.53],[-107.921,42.526],[-107.917,42.532],[-107.902,42.515],[-107.882,42.518],[-107.865,42.507],[-107.804,42.513],[-107.786,42.526],[-107.741,42.515],[-107.695,42.529],[-107.66,42.522],[-107.648,42.528],[-107.643,42.515],[-107.632,42.512],[-107.629,42.488],[-107.594,42.466],[-107.542,42.45],[-107.544,42.782],[-107.501,42.781],[-107.502,42.875],[-107.691,42.863],[-107.712,42.884],[-107.705,42.901],[-107.712,42.914],[-107.703,42.942],[-107.707,42.972],[-107.736,42.968],[-107.747,42.999],[-107.83,43.017],[-107.838,43.032],[-107.855,43.036],[-107.871,43.057],[-107.92,43.051],[-107.932,43.041],[-107.952,43.048],[-107.985,43.041],[-107.987,43.053],[-107.997,43.057],[-107.968,43.077],[-107.963,43.104],[-107.992,43.107],[-108.032,43.129],[-108.042,43.139],[-108.035,43.149],[-108.042,43.158],[-108.099,43.173],[-108.144,43.164],[-108.146,43.15],[-108.155,43.149],[-108.154,42.905],[-108.366,42.905],[-108.359,42.88],[-108.322,42.851],[-108.324,42.841],[-108.314,42.827],[-108.321,42.811],[-108.344,42.802],[-108.356,42.785],[-108.348,42.786],[-108.353,42.782],[-108.344,42.771],[-108.322,42.765],[-108.322,42.748],[-108.312,42.741],[-108.342,42.713],[-108.344,42.701],[-108.336,42.698],[-108.342,42.69],[-108.365,42.685],[-108.369,42.665],[-108.36,42.657],[-108.341,42.671],[-108.34,42.654],[-108.351,42.646],[-108.304,42.625],[-108.302,42.595],[-108.281,42.598],[-108.245,42.56],[-108.152,42.577],[-108.11,42.572],[-108.108,42.56],[-108.037,42.567],[-108.04,42.522],[-108.143,42.511],[-108.198,42.512],[-108.206,42.523],[-108.257,42.503],[-108.27,42.479],[-108.251,42.454],[-108.259,42.436],[-108.239,42.42],[-108.243,42.412],[-108.232,42.395],[-108.237,42.388],[-108.214,42.371],[-108.221,42.355],[-108.247,42.342],[-108.244,42.332],[-108.254,42.318],[-108.309,42.271],[-108.336,42.264],[-108.534,42.263],[-108.52,42.247],[-108.531,42.227],[-108.534,42.183],[-108.501,42.162],[-108.497,42.137],[-108.497,42.131],[-108.515,42.126],[-108.512,42.099],[-108.481,42.085],[-108.482,42.074],[-108.502,42.071],[-108.531,42.034],[-108.532,42.011],[-108.513,41.985],[-108.513,41.957],[-108.493,41.937],[-108.503,41.92],[-108.488,41.876],[-108.489,41.827],[-108.467,41.808],[-108.461,41.775],[-108.423,41.729],[-108.43,41.702],[-108.397,41.675],[-108.396,41.653],[-108.378,41.636],[-108.385,41.628],[-108.458,41.616],[-108.463,41.639],[-108.576,41.646],[-108.581,41.61],[-108.537,41.527],[-108.534,41.499],[-108.516,41.491],[-108.492,41.465],[-108.506,41.445],[-108.501,41.426],[-108.527,41.391],[-108.523,41.376],[-108.486,41.348],[-108.481,41.3],[-108.471,41.286],[-108.447,41.276],[-108.425,41.243],[-108.423,41.185],[-108.394,41.16],[-108.38,41.121],[-108.365,41.108],[-108.35,41.057],[-108.321,41.052],[-108.297,41.034],[-108.3,41],[-109.561,40.998],[-109.565,41.021],[-109.553,41.041],[-109.564,41.056],[-109.548,41.068],[-109.533,41.108],[-109.554,41.136],[-109.553,41.157],[-109.534,41.173],[-109.548,41.211],[-109.59,41.225],[-109.565,41.259],[-109.531,41.282],[-109.53,41.324],[-109.473,41.323],[-109.46,41.331],[-109.454,41.354],[-109.437,41.356],[-109.429,41.375],[-109.45,41.382],[-109.452,41.403],[-109.443,41.411],[-109.426,41.404],[-109.414,41.408],[-109.409,41.424],[-109.423,41.439],[-109.389,41.445],[-109.385,41.474],[-109.336,41.473],[-109.337,41.483],[-109.309,41.492],[-109.295,41.529],[-109.304,41.547],[-109.329,41.538],[-109.345,41.549],[-109.312,41.558],[-109.337,41.575],[-109.322,41.58],[-109.305,41.607],[-109.304,41.623],[-109.409,41.632],[-109.413,41.651],[-109.469,41.674],[-109.403,41.714],[-109.392,41.727],[-109.396,41.732],[-109.366,41.733],[-109.362,41.749],[-109.335,41.743],[-109.352,41.772],[-109.339,41.778],[-109.334,41.795],[-109.354,41.894],[-109.374,41.921],[-109.412,41.948],[-109.414,41.994],[-109.438,42.035],[-109.399,42.036],[-109.399,42.09],[-109.393,42.094],[-109.408,42.096],[-109.393,42.109],[-109.411,42.127],[-109.432,42.116],[-109.453,42.119],[-109.483,42.195],[-109.482,42.237],[-109.497,42.263],[-109.044,42.264],[-109.044,42.434],[-109.069,42.433],[-109.073,42.694],[-109.134,42.694],[-109.138,42.705],[-109.128,42.708],[-109.148,42.728],[-109.133,42.738],[-109.179,42.751],[-109.195,42.769],[-109.21,42.77],[-109.217,42.76],[-109.236,42.768],[-109.226,42.791],[-109.21,42.793],[-109.214,42.8],[-109.237,42.81],[-109.248,42.806],[-109.269,42.824],[-109.278,42.846],[-109.318,42.858],[-109.345,42.919],[-109.37,42.946],[-109.398,42.939],[-109.433,42.969],[-109.454,42.97],[-109.466,42.992],[-109.492,42.995],[-109.502,43.011],[-109.544,43.01],[-109.555,43.019],[-109.573,43.014],[-109.601,43.022],[-109.617,43.022],[-109.628,43.011],[-109.695,43.022],[-109.72,43.007],[-109.728,42.99],[-109.778,43.024],[-109.798,43.011],[-109.795,42.995],[-109.803,42.993],[-109.795,42.978],[-109.84,42.969],[-109.837,42.96],[-109.845,42.949],[-109.859,42.954],[-109.861,42.968],[-109.885,42.977],[-109.884,42.986],[-109.908,42.993],[-109.92,42.991],[-109.922,42.978],[-109.982,42.977],[-109.989,42.96],[-110.005,42.959],[-110.017,42.974],[-110.018,42.993],[-110.036,43.015],[-110.017,43.032],[-110.031,43.078],[-110.044,43.092],[-110.046,43.12],[-110.077,43.152],[-110.097,43.197],[-110.119,43.203],[-110.147,43.226],[-110.156,43.254],[-110.138,43.263],[-110.16,43.283],[-110.081,43.237],[-110.045,43.225],[-110.023,43.226],[-110.029,43.255],[-110.017,43.262],[-110.024,43.283],[-110.007,43.296],[-110.003,43.351],[-109.986,43.363],[-109.956,43.367],[-109.872,43.334],[-109.834,43.295],[-109.813,43.25],[-109.76,43.223],[-109.741,43.195],[-109.688,43.19],[-109.659,43.176],[-109.655,43.187],[-109.659,43.202],[-109.676,43.215],[-109.67,43.228],[-109.678,43.236],[-109.674,43.248],[-109.693,43.265],[-109.679,43.273],[-109.686,43.286],[-109.674,43.296],[-109.672,43.31],[-109.699,43.331],[-109.694,43.365],[-109.708,43.374],[-109.754,43.366],[-109.755,43.463],[-110.052,43.465],[-110.051,43.704],[-110.072,43.715],[-110.108,43.701],[-110.107,43.692],[-110.109,43.7],[-110.121,43.7],[-110.107,43.662],[-110.134,43.642],[-110.175,43.686],[-110.203,43.689],[-110.208,43.695],[-110.2,43.7],[-110.243,43.678],[-110.282,43.688],[-110.295,43.701],[-110.301,43.725],[-110.314,43.734],[-110.4,43.718],[-110.418,43.696],[-110.427,43.696],[-110.445,43.721],[-110.53,43.716],[-110.557,43.726],[-110.56,43.71],[-110.572,43.706],[-110.586,43.712],[-110.573,43.728],[-110.598,43.731],[-110.601,43.745],[-110.623,43.751],[-110.658,43.722],[-110.674,43.683],[-110.696,43.664],[-110.673,43.644],[-110.664,43.648],[-110.666,43.616],[-110.661,43.623],[-110.628,43.618],[-110.592,43.625],[-110.577,43.64],[-110.569,43.63],[-110.542,43.628],[-110.509,43.638],[-110.467,43.611],[-110.426,43.61],[-110.405,43.55],[-110.379,43.527],[-110.378,43.513],[-110.396,43.503],[-110.41,43.479],[-110.404,43.445],[-110.41,43.428],[-110.39,43.396],[-110.349,43.399],[-110.296,43.422],[-110.273,43.418],[-110.241,43.426],[-110.197,43.41],[-110.156,43.413],[-110.132,43.398],[-110.134,43.388],[-110.124,43.378],[-110.344,43.378],[-110.344,43.291],[-110.578,43.292],[-110.579,43.235],[-110.814,43.235],[-110.814,43.314],[-110.967,43.316],[-110.944,43.349],[-110.955,43.378],[-110.93,43.387],[-110.936,43.395],[-110.929,43.413],[-110.903,43.405],[-110.865,43.426],[-110.841,43.424],[-110.86,43.437],[-110.857,43.47],[-110.819,43.534],[-110.802,43.544],[-110.797,43.578],[-110.804,43.589],[-110.822,43.591],[-110.835,43.575],[-110.839,43.586],[-110.822,43.593],[-110.822,43.612],[-110.87,43.601],[-110.902,43.575],[-110.932,43.603],[-110.948,43.604],[-110.942,43.612],[-110.947,43.615],[-111.011,43.606],[-111.046,43.583],[-111.046,43.641],[-110.999,43.632],[-110.919,43.642],[-110.908,43.645],[-110.913,43.652],[-110.905,43.653],[-110.907,43.671],[-110.898,43.671],[-110.892,43.682],[-110.823,43.689],[-110.839,43.704],[-110.838,43.716],[-110.853,43.725],[-110.856,43.758],[-110.845,43.771],[-110.86,43.791],[-110.857,43.801],[-110.87,43.805],[-110.87,43.828],[-110.901,43.832],[-110.896,43.85],[-110.908,43.859],[-110.94,43.864],[-110.954,43.853],[-111.047,43.822],[-111.049,44.132],[-110.002,44.133],[-110.001,44.319],[-110.012,44.326],[-110.028,44.319],[-110.068,44.338],[-110.068,44.389],[-110.074,44.396],[-110.061,44.421],[-110.03,44.427],[-110.002,44.46],[-110.002,44.503],[-110.094,44.489],[-110.121,44.473],[-110.147,44.5],[-110.142,44.516],[-110.17,44.532],[-110.173,44.544],[-110.154,44.554],[-110.135,44.552],[-110.111,44.571],[-110.081,44.574],[-110.068,44.586],[-110.065,44.605],[-110.034,44.607],[-110.024,44.627],[-110.008,44.616],[-110.001,44.623],[-109.977,44.621],[-109.968,44.629],[-109.908,44.637],[-109.905,44.649],[-109.88,44.653],[-109.826,44.707],[-109.838,44.725],[-109.86,44.724],[-109.883,44.741],[-109.89,44.759],[-109.908,44.766],[-109.93,44.793],[-109.958,44.802],[-109.958,44.817],[-109.928,44.837],[-109.94,44.856],[-109.927,44.932],[-109.94,44.937],[-109.97,44.973],[-110.001,44.974],[-110.001,45.003],[-109.411,45.005],[-109.427,44.991],[-109.426,44.975],[-109.436,44.969],[-109.46,44.976],[-109.479,44.971],[-109.476,44.963],[-109.482,44.969],[-109.487,44.959],[-109.479,44.949],[-109.487,44.952],[-109.512,44.937],[-109.569,44.945],[-109.638,44.932],[-109.629,44.921],[-109.647,44.929],[-109.642,44.918],[-109.649,44.903],[-109.643,44.897],[-109.649,44.892],[-109.639,44.886],[-109.639,44.872],[-109.616,44.869],[-109.598,44.855],[-109.522,44.87],[-109.385,44.784],[-109.36,44.793],[-109.336,44.836],[-109.289,44.854],[-109.277,44.839],[-109.245,44.824],[-109.245,44.812],[-109.252,44.809],[-109.239,44.791],[-109.254,44.773],[-109.237,44.759],[-109.215,44.756],[-109.201,44.774],[-109.171,44.779],[-109.138,44.753],[-109.106,44.746],[-109.09,44.734],[-109.033,44.744],[-109.022,44.724],[-109.039,44.71],[-109.022,44.678],[-108.962,44.67],[-108.967,44.652],[-108.93,44.659],[-108.953,44.615],[-108.941,44.603],[-108.949,44.599],[-108.947,44.589],[-108.959,44.588],[-108.958,44.58],[-108.95,44.561],[-108.936,44.554],[-108.895,44.565],[-108.904,44.556],[-108.89,44.531],[-108.922,44.516],[-108.928,44.505],[-108.826,44.478],[-108.711,44.477],[-108.641,44.464],[-108.636,44.457],[-108.573,44.461],[-108.573,44.521],[-108.592,44.521],[-108.593,44.617],[-108.592,44.648],[-108.588,44.655],[-108.567,44.653],[-108.569,44.666],[-108.538,44.667],[-108.524,44.65],[-108.508,44.646],[-108.424,44.646],[-108.388,44.616],[-108.341,44.628],[-108.283,44.614],[-108.265,44.622],[-108.261,44.633],[-108.287,44.678],[-108.274,44.677],[-108.274,44.683],[-108.261,44.675],[-108.248,44.692],[-108.222,44.694],[-108.217,44.703],[-108.185,44.681],[-108.183,44.665],[-108.156,44.642],[-108.129,44.629],[-108.122,44.636],[-108.133,44.672],[-108.126,44.69],[-108.132,44.7],[-108.167,44.714],[-108.167,44.745],[-108.176,44.755],[-108.163,44.764],[-108.163,44.795],[-108.141,44.822],[-108.084,44.79],[-107.991,44.796],[-107.971,44.803],[-107.983,44.808],[-107.963,44.81],[-107.957,44.818],[-107.948,44.815],[-107.954,44.805],[-107.934,44.79],[-107.887,44.808],[-107.844,44.81],[-107.827,44.803],[-107.818,44.809],[-107.816,44.819],[-107.833,44.825],[-107.831,44.844],[-107.865,44.874],[-107.861,44.895],[-107.849,44.898],[-107.85,44.906],[-107.853,44.916],[-107.882,44.933],[-107.877,44.957],[-107.882,44.986],[-107.901,44.997],[-108.249,44.999],[-108.246,45.006],[-108.259,45.008],[-108.247,45.021],[-108.243,45.045],[-108.221,45.047],[-108.24,45.063],[-108.227,45.065],[-108.218,45.094],[-108.208,45.093],[-108.202,45.105],[-108.191,45.098],[-108.187,45.107],[-108.198,45.114],[-108.183,45.113],[-108.182,45.126],[-108.189,45.131],[-108.163,45.139],[-108.172,45.144],[-108.174,45.159],[-108.159,45.165],[-108.169,45.17],[-108.153,45.168],[-108.146,45.186],[-108.13,45.183],[-108.146,45.193],[-108.131,45.194],[-108.137,45.205],[-108.125,45.211],[-108.129,45.218],[-108.105,45.214],[-108.079,45.228],[-108.071,45.218],[-108.069,45.23],[-108.051,45.228],[-108.029,45.195],[-108.017,45.195],[-108.007,45.177],[-107.989,45.173],[-107.991,45.144],[-107.981,45.122],[-107.967,45.158],[-107.979,45.178],[-107.942,45.218],[-107.952,45.23],[-107.947,45.239],[-107.967,45.261],[-107.938,45.261],[-107.943,45.252],[-107.918,45.24],[-107.919,45.224],[-107.899,45.209],[-107.902,45.201],[-107.893,45.188],[-107.882,45.184],[-107.88,45.166],[-107.847,45.188],[-107.808,45.198],[-107.789,45.19],[-107.791,45.162],[-107.781,45.144],[-107.755,45.135],[-107.715,45.165],[-107.663,45.173],[-107.644,45.154],[-107.6,45.17],[-107.595,45.162],[-107.575,45.159],[-107.568,45.137],[-107.542,45.127],[-107.455,45.135],[-107.429,45.123],[-107.403,45.142],[-107.373,45.13],[-107.354,45.135],[-107.343,45.123],[-107.29,45.119],[-107.255,45.127],[-107.241,45.122],[-107.237,45.131],[-107.182,45.137],[-107.164,45.131],[-107.162,45.119],[-107.139,45.118],[-107.131,45.108],[-107.107,45.107],[-107.108,45.12],[-107.098,45.12],[-107.051,45.113],[-107.01,45.096],[-107.021,45.157],[-107.019,45.354],[-106.73,45.352],[-106.73,45.407],[-106.674,45.398],[-106.627,45.404],[-106.533,45.39],[-106.5,45.375],[-106.477,45.385],[-106.48,45.392],[-106.466,45.392],[-106.474,45.398],[-106.462,45.404],[-106.477,45.41],[-106.476,45.422],[-106.437,45.415],[-106.425,45.442],[-106.411,45.443],[-106.411,45.452],[-106.393,45.451],[-106.388,45.461],[-106.397,45.459],[-106.401,45.466],[-106.362,45.475],[-106.357,45.487],[-106.349,45.486],[-106.355,45.496],[-106.342,45.505],[-106.332,45.502],[-106.334,45.51],[-106.29,45.482],[-106.247,45.468],[-106.234,45.453],[-106.233,45.643],[-106.29,45.632],[-106.279,45.639],[-106.296,45.651],[-106.288,45.653],[-106.286,45.684],[-106.379,45.679],[-106.383,45.686],[-106.543,45.691],[-106.544,45.683],[-106.667,45.676],[-106.913,45.684],[-106.912,45.788],[-106.877,45.788],[-106.877,45.832],[-106.939,45.832],[-106.939,46.137],[-107.007,46.134],[-107.008,46.191],[-107.123,46.169],[-107.132,46.191],[-107.181,46.186],[-107.179,46.202],[-107.233,46.182],[-107.262,46.198],[-107.307,46.165],[-107.413,46.162],[-107.467,46.147],[-107.424,46.178],[-107.422,46.193],[-107.432,46.203],[-107.415,46.207],[-107.42,46.229],[-107.41,46.239],[-107.337,46.251],[-107.337,46.259],[-107.328,46.261],[-107.33,46.276],[-107.322,46.269],[-107.274,46.272],[-107.243,46.243],[-107.224,46.259],[-107.226,46.29],[-107.203,46.286],[-107.216,46.283],[-107.216,46.276],[-107.177,46.262],[-107.007,46.267],[-107.007,46.308],[-107.029,46.308],[-107.028,46.395],[-107.153,46.396],[-107.154,46.468],[-107.174,46.468],[-107.175,46.482],[-107.308,46.483],[-107.301,46.505],[-107.277,46.514],[-107.273,46.526],[-107.258,46.521],[-107.238,46.527],[-107.235,46.538],[-107.205,46.549],[-107.19,46.584],[-107.173,46.584],[-107.173,46.605],[-107.211,46.626],[-107.205,46.641],[-107.213,46.657],[-107.211,46.696],[-107.224,46.698],[-107.222,46.709],[-107.23,46.714],[-107.207,46.73],[-107.21,46.737],[-107.236,46.736],[-107.268,46.768],[-107.294,46.772],[-107.318,46.787],[-107.322,46.823],[-107.309,46.854],[-107.11,46.859]],[[-106.631,45.919],[-106.644,45.919],[-106.639,45.908],[-106.668,45.904],[-106.671,45.894],[-106.693,45.88],[-106.674,45.871],[-106.669,45.86],[-106.633,45.87],[-106.616,45.867],[-106.607,45.885],[-106.581,45.881],[-106.582,45.909],[-106.593,45.903],[-106.599,45.918],[-106.614,45.927],[-106.631,45.919]],[[-106.752,44.709],[-106.767,44.709],[-106.775,44.69],[-106.698,44.69],[-106.725,44.723],[-106.741,44.731],[-106.752,44.709]],[[-106.99,44.683],[-107.031,44.67],[-107.03,44.661],[-107.013,44.665],[-107.013,44.65],[-107.006,44.65],[-107.02,44.637],[-107.053,44.633],[-107.057,44.639],[-107.079,44.632],[-107.087,44.623],[-107.076,44.617],[-107.087,44.615],[-107.12,44.618],[-107.156,44.633],[-107.164,44.629],[-107.184,44.647],[-107.249,44.662],[-107.266,44.649],[-107.266,44.633],[-107.286,44.629],[-107.296,44.617],[-107.298,44.611],[-107.284,44.607],[-107.282,44.592],[-107.291,44.585],[-107.299,44.592],[-107.3,44.564],[-106.894,44.558],[-106.892,44.569],[-106.878,44.577],[-106.888,44.58],[-106.89,44.607],[-106.902,44.615],[-106.894,44.62],[-106.915,44.624],[-106.938,44.644],[-106.944,44.635],[-106.963,44.645],[-106.96,44.633],[-106.979,44.637],[-106.989,44.646],[-106.982,44.656],[-106.993,44.661],[-106.985,44.68],[-106.99,44.683]],[[-108.396,44.491],[-108.463,44.486],[-108.466,44.47],[-108.501,44.456],[-108.503,44.448],[-108.542,44.443],[-108.563,44.427],[-108.573,44.43],[-108.574,44.394],[-108.53,44.417],[-108.496,44.421],[-108.489,44.399],[-108.463,44.394],[-108.469,44.364],[-108.459,44.344],[-108.306,44.338],[-108.339,44.311],[-108.367,44.31],[-108.372,44.303],[-108.321,44.275],[-108.188,44.308],[-108.167,44.32],[-108.069,44.297],[-108.045,44.308],[-108.041,44.282],[-108.016,44.27],[-107.998,44.287],[-108.009,44.296],[-108.009,44.314],[-108.001,44.309],[-107.977,44.317],[-107.936,44.283],[-107.924,44.304],[-107.904,44.316],[-107.911,44.332],[-107.907,44.35],[-107.95,44.374],[-107.951,44.395],[-107.969,44.39],[-107.977,44.408],[-107.997,44.416],[-108.016,44.437],[-108.024,44.455],[-108.041,44.444],[-108.066,44.443],[-108.088,44.456],[-108.109,44.436],[-108.153,44.415],[-108.22,44.403],[-108.248,44.435],[-108.36,44.432],[-108.373,44.455],[-108.386,44.455],[-108.386,44.475],[-108.396,44.491]],[[-107.559,44.382],[-107.566,44.375],[-107.561,44.365],[-107.567,44.348],[-107.612,44.348],[-107.623,44.324],[-107.616,44.302],[-107.644,44.283],[-107.644,44.248],[-107.652,44.236],[-107.671,44.23],[-107.599,44.187],[-107.584,44.189],[-107.57,44.206],[-107.59,44.222],[-107.594,44.238],[-107.52,44.208],[-107.53,44.214],[-107.543,44.252],[-107.558,44.255],[-107.548,44.264],[-107.516,44.269],[-107.535,44.282],[-107.552,44.279],[-107.54,44.292],[-107.54,44.317],[-107.549,44.33],[-107.544,44.349],[-107.553,44.364],[-107.545,44.375],[-107.559,44.382]],[[-108.182,43.806],[-108.189,43.798],[-108.178,43.797],[-108.182,43.806]],[[-105.49,43.79],[-105.506,43.78],[-105.507,43.761],[-105.523,43.763],[-105.524,43.743],[-105.56,43.734],[-105.628,43.689],[-105.656,43.649],[-105.629,43.649],[-105.576,43.671],[-105.469,43.677],[-105.48,43.759],[-105.474,43.793],[-105.49,43.79]],[[-106.129,43.494],[-106.407,43.493],[-106.41,43.472],[-106.422,43.464],[-106.423,43.452],[-106.44,43.443],[-106.436,43.438],[-106.445,43.435],[-106.445,43.422],[-106.435,43.415],[-106.432,43.4],[-106.385,43.392],[-106.399,43.34],[-106.375,43.327],[-106.349,43.329],[-106.364,43.316],[-106.354,43.303],[-106.328,43.298],[-106.331,43.276],[-106.306,43.287],[-106.29,43.267],[-106.272,43.294],[-106.272,43.28],[-106.268,43.292],[-106.256,43.288],[-106.257,43.278],[-106.229,43.28],[-106.218,43.286],[-106.226,43.301],[-106.215,43.308],[-106.193,43.302],[-106.194,43.309],[-106.182,43.3],[-106.183,43.319],[-106.149,43.308],[-106.114,43.321],[-106.074,43.321],[-106.078,43.494],[-106.129,43.494]],[[-107.257,43.181],[-107.278,43.178],[-107.253,43.162],[-107.257,43.181]],[[-108.894,43.082],[-108.907,43.072],[-108.967,43.064],[-108.983,43.029],[-109.008,43.014],[-108.969,42.997],[-108.969,42.984],[-108.946,42.977],[-108.923,42.986],[-108.885,42.986],[-108.882,43.004],[-108.853,42.998],[-108.8,43.025],[-108.864,43.044],[-108.888,43.063],[-108.894,43.082]],[[-108.737,43.026],[-108.755,43.026],[-108.755,42.997],[-108.765,42.997],[-108.766,42.982],[-108.715,42.983],[-108.716,42.997],[-108.681,42.998],[-108.676,42.987],[-108.648,42.981],[-108.645,42.974],[-108.655,42.966],[-108.636,42.959],[-108.624,42.93],[-108.595,42.92],[-108.569,42.915],[-108.479,42.969],[-108.481,43.006],[-108.513,43.021],[-108.525,43.017],[-108.519,42.983],[-108.591,42.983],[-108.644,43.013],[-108.696,43.022],[-108.7,43.016],[-108.735,43.019],[-108.737,43.026]],[[-108.576,42.91],[-108.588,42.908],[-108.588,42.899],[-108.578,42.9],[-108.576,42.91]],[[-108.966,41.772],[-108.973,41.771],[-108.968,41.761],[-108.974,41.757],[-108.955,41.757],[-108.955,41.767],[-108.966,41.772]],[[-109.169,41.686],[-109.217,41.675],[-109.215,41.662],[-109.227,41.651],[-109.194,41.65],[-109.175,41.671],[-109.161,41.673],[-109.169,41.686]],[[-107.358,43.143],[-107.399,43.129],[-107.343,43.11],[-107.341,43.094],[-107.308,43.075],[-107.304,43.085],[-107.317,43.092],[-107.304,43.107],[-107.306,43.122],[-107.358,43.143]],[[-106.761,43],[-106.771,42.998],[-106.784,42.98],[-106.837,42.97],[-106.848,42.948],[-106.823,42.938],[-106.821,42.917],[-106.807,42.915],[-106.776,42.933],[-106.785,42.944],[-106.781,42.949],[-106.733,42.957],[-106.728,42.984],[-106.761,43]],[[-106.095,42.967],[-106.143,42.966],[-106.163,42.95],[-106.239,42.922],[-106.249,42.907],[-106.277,42.9],[-106.278,42.856],[-106.226,42.847],[-106.224,42.828],[-106.185,42.841],[-106.073,42.84],[-106.073,42.857],[-106.046,42.866],[-106.051,42.879],[-106.073,42.88],[-106.074,42.967],[-106.095,42.967]],[[-106.385,42.838],[-106.362,42.838],[-106.361,42.845],[-106.383,42.851],[-106.395,42.839],[-106.385,42.838]],[[-106.418,41.692],[-106.416,41.682],[-106.409,41.685],[-106.409,41.692],[-106.418,41.692]]],[[[-88.933,46.997],[-88.932,46.767],[-89.043,46.772],[-89.052,46.78],[-89.112,46.784],[-89.188,46.813],[-89.188,46.764],[-89.115,46.765],[-89.115,46.68],[-89.144,46.681],[-89.144,46.671],[-89.116,46.642],[-89.114,46.611],[-89.125,46.601],[-89.119,46.589],[-89.096,46.57],[-89.053,46.565],[-89.054,46.506],[-89.116,46.506],[-89.116,46.333],[-89.49,46.333],[-89.491,46.215],[-89.092,46.139],[-88.816,46.021],[-88.796,46.023],[-88.796,46.034],[-88.779,46.032],[-88.78,46.015],[-88.77,46.026],[-88.756,46.02],[-88.731,46.027],[-88.719,46.013],[-88.679,46.014],[-88.663,45.993],[-88.671,45.988],[-88.615,45.988],[-88.601,46.018],[-88.588,46.005],[-88.526,46.021],[-88.507,46.018],[-88.493,45.992],[-88.465,46.001],[-88.417,45.975],[-88.38,45.992],[-88.331,45.967],[-88.328,45.955],[-88.32,45.964],[-88.296,45.951],[-88.247,45.964],[-88.243,45.95],[-88.233,45.947],[-88.202,45.945],[-88.192,45.953],[-88.17,45.939],[-88.146,45.937],[-88.126,45.921],[-88.101,45.921],[-88.095,45.915],[-88.106,45.904],[-88.101,45.882],[-88.07,45.874],[-88.135,45.822],[-88.132,45.811],[-88.074,45.78],[-87.993,45.796],[-87.981,45.779],[-87.99,45.772],[-87.959,45.757],[-87.905,45.759],[-87.868,45.75],[-87.874,45.758],[-87.904,45.762],[-87.904,45.769],[-87.883,45.783],[-87.888,45.785],[-87.876,45.785],[-87.883,45.788],[-87.883,45.824],[-87.871,45.82],[-87.864,45.826],[-87.86,45.853],[-87.869,45.856],[-87.869,45.846],[-87.895,45.846],[-87.902,45.838],[-87.916,45.857],[-87.925,45.852],[-87.922,45.84],[-87.941,45.851],[-87.945,45.869],[-87.901,45.903],[-87.909,45.914],[-87.952,45.912],[-87.992,45.92],[-87.991,45.986],[-87.867,45.985],[-87.866,45.942],[-87.742,45.942],[-87.742,45.899],[-87.697,45.899],[-87.698,45.766],[-87.687,45.766],[-87.687,45.752],[-87.698,45.752],[-87.697,45.723],[-87.738,45.723],[-87.738,45.708],[-87.697,45.709],[-87.697,45.636],[-87.635,45.637],[-87.636,45.594],[-87.777,45.594],[-87.792,45.563],[-87.831,45.569],[-87.833,45.559],[-87.803,45.538],[-87.802,45.512],[-87.793,45.498],[-87.814,45.463],[-87.862,45.434],[-87.849,45.404],[-87.876,45.379],[-87.871,45.372],[-87.888,45.354],[-87.87,45.356],[-87.872,45.367],[-87.85,45.34],[-87.834,45.352],[-87.754,45.349],[-87.69,45.39],[-87.657,45.369],[-87.648,45.339],[-87.699,45.28],[-87.86,45.278],[-87.86,45.264],[-87.874,45.262],[-87.94,45.265],[-87.941,45.28],[-87.992,45.287],[-87.992,45.294],[-87.981,45.294],[-87.982,45.303],[-87.992,45.301],[-87.991,45.309],[-88.001,45.313],[-87.969,45.337],[-88.047,45.338],[-88.05,45.348],[-88.06,45.349],[-88.06,45.369],[-88.08,45.369],[-88.079,45.398],[-88.099,45.399],[-88.099,45.409],[-88.069,45.412],[-88.065,45.426],[-88.119,45.428],[-88.117,45.463],[-88.076,45.463],[-88.076,45.47],[-88.057,45.478],[-88.057,45.455],[-87.873,45.452],[-87.872,45.467],[-87.856,45.463],[-87.845,45.475],[-87.852,45.479],[-87.855,45.503],[-87.824,45.502],[-87.823,45.537],[-87.902,45.539],[-87.907,45.547],[-87.947,45.547],[-87.947,45.54],[-88.089,45.542],[-88.089,45.564],[-88.028,45.562],[-88.074,45.57],[-88.063,45.584],[-88.078,45.585],[-88.073,45.595],[-88.047,45.598],[-88.041,45.606],[-88.058,45.609],[-88.065,45.614],[-88.059,45.624],[-88.068,45.624],[-88.053,45.627],[-88.053,45.637],[-88.069,45.636],[-88.056,45.642],[-88.058,45.656],[-88.04,45.657],[-88.049,45.662],[-88.045,45.666],[-88.058,45.667],[-88.059,45.713],[-88.265,45.722],[-88.284,45.734],[-88.277,45.744],[-88.28,45.759],[-88.314,45.765],[-88.303,45.774],[-88.302,45.789],[-88.278,45.795],[-88.291,45.806],[-88.364,45.809],[-88.345,45.785],[-88.345,45.774],[-88.332,45.766],[-88.352,45.763],[-88.362,45.75],[-88.375,45.765],[-88.409,45.76],[-88.434,45.744],[-88.433,45.737],[-88.462,45.732],[-88.471,45.738],[-88.469,45.76],[-88.44,45.802],[-88.452,45.81],[-88.665,45.809],[-88.666,45.797],[-88.676,45.793],[-88.676,45.723],[-88.573,45.723],[-88.573,45.658],[-88.592,45.658],[-88.592,45.637],[-88.8,45.637],[-88.8,45.623],[-88.821,45.623],[-88.821,45.637],[-88.864,45.637],[-88.89,45.588],[-88.926,45.591],[-88.93,45.572],[-88.946,45.572],[-88.951,45.602],[-88.963,45.588],[-89.002,45.595],[-88.999,45.608],[-88.989,45.606],[-88.972,45.626],[-88.978,45.637],[-89.047,45.638],[-89.048,45.855],[-89.038,45.859],[-89.029,45.852],[-89.012,45.865],[-89.001,45.863],[-88.98,45.882],[-88.962,45.881],[-88.957,45.889],[-88.964,45.903],[-88.956,45.905],[-88.966,45.915],[-88.958,45.923],[-88.967,45.963],[-89.023,45.946],[-89.047,45.915],[-89.047,45.895],[-89.141,45.895],[-89.152,45.875],[-89.144,45.854],[-89.161,45.846],[-89.161,45.838],[-89.188,45.841],[-89.193,45.83],[-89.225,45.856],[-89.236,45.855],[-89.236,45.791],[-89.278,45.805],[-89.288,45.798],[-89.3,45.807],[-89.291,45.809],[-89.292,45.817],[-89.355,45.845],[-89.361,45.829],[-89.397,45.814],[-89.397,45.789],[-89.426,45.788],[-89.426,45.797],[-89.471,45.803],[-89.475,45.827],[-89.494,45.82],[-89.491,45.839],[-89.502,45.841],[-89.508,45.855],[-89.478,45.884],[-89.442,45.885],[-89.435,45.887],[-89.436,45.898],[-89.401,45.901],[-89.412,45.901],[-89.415,45.909],[-89.405,45.935],[-89.425,45.933],[-89.418,45.948],[-89.404,45.947],[-89.399,45.954],[-89.423,45.96],[-89.424,45.973],[-89.468,45.984],[-89.454,46.006],[-89.472,46.009],[-89.464,46.025],[-89.473,46.018],[-89.495,46.02],[-89.524,46.049],[-89.532,46.061],[-89.527,46.068],[-89.618,46.069],[-89.618,46.043],[-89.608,46.033],[-89.617,46.027],[-89.604,46.026],[-89.617,46.027],[-89.616,46.005],[-89.608,45.999],[-89.617,45.999],[-89.616,45.982],[-89.636,45.982],[-89.638,45.976],[-89.628,45.976],[-89.644,45.961],[-89.639,45.955],[-89.67,45.938],[-89.678,45.956],[-89.669,45.961],[-89.669,45.972],[-89.687,45.99],[-89.679,45.995],[-89.681,46.04],[-89.672,46.049],[-89.68,46.054],[-89.669,46.061],[-89.676,46.065],[-89.671,46.071],[-89.705,46.069],[-89.728,46.077],[-89.724,46.055],[-89.742,46.055],[-89.743,46.045],[-89.762,46.045],[-89.768,46.035],[-89.772,46.049],[-89.755,46.066],[-89.761,46.073],[-89.777,46.07],[-89.784,46.059],[-89.804,46.07],[-89.839,46.07],[-89.848,46.051],[-89.838,46.038],[-89.805,46.05],[-89.79,46.037],[-89.794,46.021],[-89.777,46.033],[-89.764,46.028],[-89.757,45.899],[-89.748,45.899],[-89.749,45.89],[-89.681,45.892],[-89.671,45.881],[-89.672,45.844],[-89.679,45.841],[-89.673,45.818],[-89.706,45.81],[-89.721,45.818],[-89.756,45.811],[-89.772,45.818],[-89.802,45.816],[-89.801,45.8],[-89.835,45.789],[-89.849,45.761],[-89.844,45.756],[-89.866,45.761],[-89.874,45.751],[-89.889,45.749],[-89.892,45.732],[-89.9,45.73],[-89.894,45.705],[-89.917,45.712],[-89.921,45.705],[-89.887,45.68],[-89.839,45.677],[-89.837,45.669],[-89.811,45.655],[-89.809,45.645],[-89.777,45.645],[-89.776,45.664],[-89.758,45.673],[-89.719,45.645],[-89.671,45.645],[-89.642,45.616],[-89.665,45.615],[-89.665,45.625],[-89.673,45.623],[-89.673,45.575],[-89.655,45.587],[-89.661,45.595],[-89.653,45.606],[-89.639,45.608],[-89.632,45.602],[-89.642,45.57],[-89.623,45.563],[-89.645,45.556],[-89.549,45.556],[-89.549,45.524],[-89.487,45.546],[-89.484,45.514],[-89.476,45.508],[-89.509,45.502],[-89.493,45.496],[-89.502,45.477],[-89.483,45.459],[-89.5,45.461],[-89.503,45.469],[-89.527,45.47],[-89.528,45.463],[-89.61,45.467],[-89.603,45.46],[-89.61,45.457],[-89.612,45.438],[-89.63,45.439],[-89.631,45.447],[-89.672,45.46],[-89.672,45.425],[-89.678,45.432],[-89.689,45.429],[-89.679,45.424],[-89.694,45.425],[-89.693,45.397],[-89.679,45.381],[-89.716,45.381],[-89.727,45.37],[-89.728,45.348],[-89.761,45.343],[-89.791,45.301],[-89.786,45.294],[-89.754,45.294],[-89.754,45.279],[-89.662,45.279],[-89.66,45.294],[-89.549,45.294],[-89.549,45.279],[-89.517,45.279],[-89.518,45.294],[-89.509,45.294],[-89.507,45.236],[-89.487,45.235],[-89.481,45.217],[-89.467,45.226],[-89.466,45.206],[-89.447,45.206],[-89.452,45.203],[-89.436,45.186],[-89.426,45.186],[-89.426,45.148],[-89.406,45.148],[-89.406,45.138],[-89.426,45.135],[-89.426,45.119],[-89.492,45.119],[-89.492,45.097],[-89.513,45.097],[-89.512,45.12],[-89.553,45.12],[-89.554,45.104],[-89.59,45.112],[-89.601,45.09],[-89.625,45.09],[-89.621,45.078],[-89.637,45.07],[-89.656,45.035],[-89.685,45.052],[-89.713,45.047],[-89.713,45.061],[-89.737,45.061],[-89.737,45.069],[-89.747,45.069],[-89.748,45.062],[-89.809,45.062],[-89.808,45.047],[-89.844,45.047],[-89.844,45.105],[-89.865,45.105],[-89.865,45.062],[-89.885,45.062],[-89.885,45.047],[-89.906,45.047],[-89.906,45.002],[-89.886,45.002],[-89.885,45.033],[-89.865,45.033],[-89.865,44.98],[-89.916,44.992],[-89.916,44.974],[-89.906,44.973],[-89.906,44.959],[-89.926,44.959],[-89.926,44.944],[-89.905,44.942],[-89.918,44.938],[-89.917,44.916],[-89.906,44.916],[-89.906,44.902],[-89.926,44.902],[-89.927,44.887],[-89.906,44.887],[-89.906,44.858],[-89.886,44.858],[-89.886,44.801],[-89.92,44.801],[-89.94,44.779],[-89.937,44.772],[-89.945,44.772],[-89.942,44.779],[-89.964,44.772],[-89.964,44.714],[-89.976,44.714],[-89.974,44.705],[-89.999,44.708],[-90.011,44.7],[-90.011,44.714],[-90.037,44.714],[-90.032,44.702],[-90.054,44.704],[-90.065,44.699],[-90.06,44.685],[-90.079,44.685],[-90.08,44.64],[-90.066,44.637],[-90.066,44.627],[-90.08,44.626],[-90.08,44.597],[-90.1,44.597],[-90.1,44.56],[-90.126,44.55],[-90.122,44.54],[-90.16,44.54],[-90.16,44.526],[-90.199,44.526],[-90.218,44.542],[-90.219,44.512],[-90.279,44.513],[-90.279,44.497],[-90.299,44.497],[-90.299,44.513],[-90.316,44.513],[-90.316,44.468],[-90.436,44.466],[-90.436,44.423],[-90.559,44.422],[-90.558,44.335],[-90.5,44.336],[-90.511,44.316],[-90.502,44.305],[-90.559,44.307],[-90.553,44.16],[-90.673,44.159],[-90.673,44.072],[-90.621,44.073],[-90.622,44.044],[-90.628,44.043],[-90.622,44.028],[-90.633,44.008],[-90.672,44.007],[-90.671,43.941],[-90.651,43.939],[-90.646,43.924],[-90.617,43.928],[-90.617,43.921],[-90.593,43.921],[-90.593,43.899],[-90.562,43.899],[-90.552,43.91],[-90.546,43.9],[-90.552,43.872],[-90.543,43.87],[-90.537,43.852],[-90.55,43.859],[-90.552,43.851],[-90.561,43.857],[-90.575,43.852],[-90.57,43.838],[-90.561,43.838],[-90.537,43.813],[-90.552,43.813],[-90.552,43.802],[-90.56,43.8],[-90.581,43.812],[-90.602,43.813],[-90.597,43.793],[-90.577,43.775],[-90.587,43.759],[-90.59,43.729],[-90.65,43.75],[-90.663,43.743],[-90.664,43.73],[-90.67,43.732],[-90.671,43.693],[-90.658,43.692],[-90.644,43.675],[-90.604,43.679],[-90.589,43.665],[-90.537,43.67],[-90.492,43.664],[-90.503,43.643],[-90.518,43.638],[-90.497,43.615],[-90.507,43.594],[-90.552,43.587],[-90.552,43.565],[-90.516,43.567],[-90.527,43.553],[-90.514,43.553],[-90.489,43.524],[-90.53,43.526],[-90.531,43.552],[-90.552,43.553],[-90.552,43.563],[-90.604,43.564],[-90.608,43.553],[-90.672,43.552],[-90.679,43.57],[-90.716,43.582],[-90.741,43.553],[-90.761,43.558],[-90.783,43.615],[-90.768,43.634],[-90.772,43.638],[-90.73,43.619],[-90.713,43.639],[-90.688,43.643],[-90.695,43.656],[-90.731,43.661],[-90.73,43.671],[-90.752,43.671],[-90.748,43.678],[-90.73,43.679],[-90.73,43.695],[-90.748,43.705],[-90.775,43.693],[-90.775,43.679],[-90.784,43.684],[-90.781,43.699],[-90.77,43.704],[-90.771,43.726],[-90.79,43.726],[-90.79,43.701],[-90.816,43.713],[-90.846,43.711],[-90.846,43.719],[-90.953,43.725],[-90.946,43.743],[-90.913,43.756],[-90.911,43.769],[-90.882,43.774],[-90.858,43.769],[-90.866,43.789],[-90.881,43.796],[-90.864,43.813],[-90.891,43.812],[-90.881,43.826],[-90.894,43.831],[-90.911,43.854],[-90.91,43.907],[-90.89,43.914],[-90.89,43.922],[-90.91,43.916],[-90.914,43.939],[-90.906,43.95],[-90.912,43.957],[-90.913,44.072],[-90.973,44.071],[-90.974,44.117],[-90.968,44.12],[-90.979,44.128],[-90.95,44.143],[-90.948,44.148],[-90.957,44.142],[-90.947,44.152],[-90.958,44.16],[-90.943,44.17],[-90.947,44.185],[-91.019,44.217],[-91.002,44.235],[-91.009,44.262],[-91.042,44.257],[-91.045,44.269],[-91.034,44.269],[-91.034,44.284],[-91.009,44.284],[-91.009,44.295],[-91.045,44.299],[-91.045,44.322],[-90.993,44.324],[-90.975,44.315],[-90.964,44.323],[-90.964,44.335],[-90.924,44.335],[-90.923,44.379],[-90.903,44.377],[-90.875,44.388],[-90.873,44.415],[-90.852,44.415],[-90.852,44.399],[-90.836,44.377],[-90.821,44.384],[-90.822,44.403],[-90.803,44.402],[-90.802,44.415],[-90.752,44.402],[-90.76,44.39],[-90.734,44.408],[-90.729,44.406],[-90.737,44.393],[-90.68,44.393],[-90.68,44.407],[-90.701,44.408],[-90.704,44.418],[-90.681,44.422],[-90.697,44.444],[-90.685,44.455],[-90.697,44.444],[-90.721,44.444],[-90.721,44.466],[-90.802,44.459],[-90.803,44.618],[-90.774,44.618],[-90.759,44.631],[-90.703,44.653],[-90.68,44.647],[-90.68,44.664],[-90.699,44.665],[-90.701,44.684],[-90.659,44.684],[-90.659,44.654],[-90.507,44.655],[-90.507,44.669],[-90.456,44.669],[-90.456,44.698],[-90.435,44.698],[-90.435,44.713],[-90.397,44.713],[-90.397,44.722],[-90.377,44.727],[-90.377,44.742],[-90.357,44.744],[-90.356,44.755],[-90.367,44.757],[-90.367,44.771],[-90.435,44.77],[-90.435,44.785],[-90.398,44.785],[-90.398,44.8],[-90.435,44.799],[-90.435,44.821],[-90.445,44.821],[-90.445,44.843],[-90.455,44.843],[-90.455,44.857],[-90.399,44.858],[-90.377,44.873],[-90.356,44.859],[-90.316,44.859],[-90.316,44.874],[-90.238,44.873],[-90.239,44.859],[-90.16,44.859],[-90.16,44.902],[-90.139,44.902],[-90.139,44.916],[-90.199,44.916],[-90.199,44.929],[-90.18,44.927],[-90.181,44.946],[-90.198,44.945],[-90.198,44.981],[-90.218,44.982],[-90.218,45.018],[-90.18,45.017],[-90.18,45.034],[-90.198,45.034],[-90.198,45.121],[-90.085,45.12],[-90.085,45.142],[-90.059,45.149],[-90.064,45.158],[-90.055,45.178],[-90.068,45.176],[-90.074,45.186],[-90.085,45.182],[-90.086,45.209],[-90.102,45.209],[-90.126,45.207],[-90.127,45.197],[-90.143,45.203],[-90.147,45.171],[-90.167,45.171],[-90.168,45.222],[-90.189,45.222],[-90.188,45.265],[-90.214,45.265],[-90.225,45.257],[-90.231,45.266],[-90.251,45.266],[-90.25,45.222],[-90.292,45.222],[-90.292,45.28],[-90.251,45.281],[-90.25,45.293],[-90.221,45.309],[-90.237,45.309],[-90.234,45.327],[-90.218,45.324],[-90.218,45.331],[-90.208,45.331],[-90.207,45.362],[-90.192,45.366],[-90.196,45.374],[-90.189,45.382],[-90.27,45.381],[-90.269,45.395],[-90.291,45.395],[-90.29,45.381],[-90.556,45.377],[-90.556,45.421],[-90.462,45.42],[-90.446,45.435],[-90.431,45.434],[-90.431,45.463],[-90.373,45.465],[-90.372,45.458],[-90.331,45.466],[-90.337,45.484],[-90.352,45.485],[-90.352,45.501],[-90.311,45.502],[-90.309,45.495],[-90.301,45.501],[-90.269,45.48],[-90.245,45.495],[-90.196,45.495],[-90.185,45.487],[-90.191,45.482],[-90.183,45.475],[-90.188,45.468],[-90.166,45.468],[-90.167,45.5],[-90.207,45.506],[-90.208,45.524],[-90.239,45.524],[-90.225,45.543],[-90.167,45.554],[-90.174,45.601],[-90.196,45.61],[-90.215,45.604],[-90.242,45.609],[-90.223,45.621],[-90.225,45.642],[-90.208,45.642],[-90.208,45.625],[-90.2,45.625],[-90.189,45.627],[-90.187,45.643],[-90.166,45.643],[-90.166,45.672],[-90.105,45.672],[-90.096,45.646],[-90.043,45.644],[-90.043,45.888],[-90.076,45.882],[-90.106,45.896],[-90.178,45.888],[-90.364,45.887],[-90.397,45.877],[-90.393,45.896],[-90.421,45.896],[-90.419,45.885],[-90.429,45.895],[-90.475,45.895],[-90.476,45.88],[-90.491,45.881],[-90.491,45.852],[-90.532,45.853],[-90.532,45.813],[-90.545,45.796],[-90.57,45.796],[-90.59,45.784],[-90.592,45.775],[-90.614,45.771],[-90.623,45.774],[-90.618,45.783],[-90.629,45.792],[-90.65,45.771],[-90.678,45.769],[-90.678,45.811],[-90.725,45.815],[-90.72,45.826],[-90.704,45.83],[-90.712,45.838],[-90.724,45.836],[-90.708,45.859],[-90.688,45.844],[-90.678,45.845],[-90.677,45.982],[-90.925,45.981],[-90.925,46.068],[-90.676,46.069],[-90.661,46.053],[-90.613,46.063],[-90.612,46.07],[-90.563,46.069],[-90.571,46.111],[-90.551,46.113],[-90.551,46.098],[-90.53,46.098],[-90.53,46.127],[-90.482,46.126],[-90.47,46.141],[-90.51,46.146],[-90.509,46.155],[-90.303,46.155],[-90.301,46.241],[-90.135,46.241],[-90.149,46.267],[-90.136,46.271],[-90.134,46.262],[-90.124,46.268],[-90.15,46.269],[-90.148,46.289],[-90.115,46.323],[-90.121,46.337],[-89.991,46.312],[-89.99,46.419],[-90.046,46.42],[-90.049,46.428],[-90,46.456],[-90,46.463],[-89.99,46.463],[-89.988,46.702],[-89.924,46.736],[-89.834,46.804],[-89.719,46.831],[-89.667,46.833],[-89.619,46.818],[-89.511,46.842],[-89.429,46.84],[-89.241,46.906],[-89.198,46.934],[-89.174,46.964],[-89.128,46.993],[-89.082,46.985],[-89.032,47.001],[-89.018,46.994],[-88.987,46.997],[-88.961,47.007],[-88.933,47.031],[-88.933,46.997]],[[-89.583,46.768],[-89.604,46.742],[-89.585,46.716],[-89.569,46.711],[-89.563,46.74],[-89.573,46.752],[-89.574,46.771],[-89.579,46.775],[-89.583,46.768]],[[-89.195,46.733],[-89.225,46.728],[-89.207,46.719],[-89.213,46.707],[-89.233,46.702],[-89.231,46.692],[-89.188,46.703],[-89.159,46.7],[-89.157,46.737],[-89.173,46.733],[-89.173,46.747],[-89.184,46.747],[-89.183,46.739],[-89.195,46.733]],[[-90.105,44.653],[-90.115,44.637],[-90.1,44.628],[-90.095,44.653],[-90.105,44.653]],[[-87.816,45.781],[-87.82,45.786],[-87.82,45.777],[-87.816,45.781]]],[[[-106.152,48.523],[-106.152,48.476],[-106.094,48.446],[-106.096,48.424],[-106.085,48.42],[-106.088,48.414],[-106.075,48.398],[-106.083,48.367],[-106.074,48.347],[-106.098,48.304],[-106.097,48.291],[-106.084,48.277],[-106.095,48.258],[-106.078,48.25],[-106.083,48.234],[-106.071,48.197],[-106.075,48.174],[-106.081,48.173],[-106.081,48.069],[-106.073,48.068],[-106.069,48.062],[-106.075,48.06],[-106.065,48.051],[-106.07,48.049],[-106.063,48.049],[-106.073,48.044],[-106.069,48.037],[-106.086,48.035],[-106.084,48.023],[-106.099,48.009],[-106.122,48.004],[-106.146,48.008],[-106.124,48.021],[-106.128,48.032],[-106.229,48.026],[-106.276,48.047],[-106.301,48.041],[-106.317,48.056],[-106.356,48.044],[-106.382,48.064],[-106.401,48.062],[-106.418,48.043],[-106.43,48.021],[-106.424,48.012],[-106.442,48.018],[-106.444,48.028],[-106.452,48.021],[-106.469,48.031],[-106.469,48.045],[-106.512,48.045],[-106.512,48.165],[-106.468,48.17],[-106.415,48.16],[-106.409,48.168],[-106.41,48.219],[-106.385,48.221],[-106.385,48.235],[-106.399,48.243],[-106.397,48.254],[-106.411,48.27],[-106.402,48.29],[-106.407,48.306],[-106.395,48.315],[-106.403,48.328],[-106.397,48.339],[-106.409,48.351],[-106.404,48.358],[-106.411,48.358],[-106.419,48.375],[-106.432,48.378],[-106.452,48.422],[-106.47,48.436],[-106.424,48.463],[-106.243,48.461],[-106.213,48.472],[-106.219,48.478],[-106.212,48.478],[-106.194,48.52],[-106.152,48.523]]],[[[-105.323,48.563],[-105.084,48.563],[-105.083,48.312],[-105.072,48.282],[-105.083,48.25],[-105.086,48.107],[-105.043,48.107],[-105.043,48.083],[-105.031,48.064],[-105.04,48.06],[-105.039,48.042],[-105.029,48.042],[-105.031,48.036],[-105.022,48.032],[-105.024,48.013],[-104.992,48.008],[-104.99,47.969],[-104.892,47.965],[-104.892,47.945],[-104.873,47.943],[-104.896,47.937],[-104.894,47.911],[-104.849,47.911],[-104.849,47.882],[-104.828,47.882],[-104.828,47.872],[-104.779,47.873],[-104.783,47.898],[-104.776,47.908],[-104.741,47.911],[-104.741,47.931],[-104.719,47.93],[-104.719,47.955],[-104.699,47.959],[-104.698,47.984],[-104.678,47.99],[-104.676,48.041],[-104.73,48.042],[-104.739,48.053],[-104.741,48.076],[-104.728,48.083],[-104.726,48.099],[-104.71,48.109],[-104.659,48.099],[-104.624,48.112],[-104.621,48.12],[-104.628,48.126],[-104.607,48.131],[-104.608,48.142],[-104.59,48.132],[-104.613,48.142],[-104.604,48.148],[-104.618,48.15],[-104.613,48.16],[-104.626,48.154],[-104.631,48.166],[-104.625,48.169],[-104.639,48.171],[-104.637,48.179],[-104.644,48.178],[-104.643,48.167],[-104.656,48.171],[-104.664,48.182],[-104.657,48.187],[-104.674,48.195],[-104.661,48.196],[-104.69,48.216],[-104.667,48.216],[-104.684,48.235],[-104.648,48.23],[-104.628,48.234],[-104.628,48.245],[-104.563,48.245],[-104.563,48.23],[-104.281,48.23],[-104.281,48.245],[-104.26,48.245],[-104.26,48.259],[-104.195,48.263],[-104.195,48.346],[-104.112,48.346],[-104.108,48.36],[-104.119,48.36],[-104.119,48.375],[-104.086,48.375],[-104.086,48.382],[-104.119,48.382],[-104.119,48.389],[-104.047,48.389],[-104.047,48.403],[-103.907,48.402],[-103.907,48.431],[-103.863,48.431],[-103.863,48.46],[-103.798,48.46],[-103.798,48.445],[-103.711,48.445],[-103.711,48.431],[-103.646,48.431],[-103.646,48.446],[-103.625,48.445],[-103.625,48.46],[-103.407,48.46],[-103.407,48.373],[-103.475,48.373],[-103.474,48.198],[-103.353,48.198],[-103.349,48.183],[-103.308,48.183],[-103.308,48.172],[-103.295,48.175],[-103.275,48.157],[-103.288,48.151],[-103.345,48.154],[-103.349,48.12],[-103.385,48.131],[-103.38,48.139],[-103.389,48.141],[-103.389,48.154],[-103.432,48.154],[-103.432,48.126],[-103.41,48.126],[-103.41,48.111],[-103.392,48.111],[-103.389,48.083],[-103.347,48.083],[-103.346,48.032],[-103.381,48.025],[-103.431,48.036],[-103.492,48.005],[-103.504,48.007],[-103.519,48.024],[-103.54,48.024],[-103.54,47.936],[-103.519,47.917],[-103.519,47.848],[-103.541,47.846],[-103.541,47.823],[-103.534,47.823],[-103.541,47.814],[-103.54,47.675],[-103.481,47.674],[-103.481,47.646],[-103.545,47.646],[-103.545,47.617],[-103.556,47.617],[-103.569,47.582],[-103.505,47.579],[-103.505,47.548],[-103.495,47.539],[-103.43,47.537],[-103.434,47.545],[-103.429,47.533],[-103.452,47.53],[-103.46,47.521],[-103.462,47.527],[-103.485,47.525],[-103.494,47.534],[-103.509,47.525],[-103.514,47.535],[-103.53,47.538],[-103.546,47.531],[-103.539,47.522],[-103.562,47.515],[-103.56,47.507],[-103.569,47.507],[-103.574,47.519],[-103.587,47.511],[-103.594,47.522],[-103.603,47.522],[-103.597,47.514],[-103.621,47.519],[-103.617,47.507],[-103.63,47.495],[-103.613,47.478],[-103.627,47.479],[-103.622,47.472],[-103.639,47.459],[-103.629,47.454],[-103.631,47.446],[-103.648,47.448],[-103.653,47.441],[-103.635,47.437],[-103.647,47.425],[-103.625,47.42],[-103.629,47.414],[-103.614,47.406],[-103.625,47.4],[-103.606,47.394],[-103.618,47.386],[-103.603,47.366],[-103.62,47.356],[-103.627,47.363],[-103.643,47.358],[-103.647,47.353],[-103.636,47.342],[-103.667,47.329],[-103.667,47.096],[-103.773,47.096],[-103.772,47.088],[-103.793,47.088],[-103.794,47.067],[-103.825,47.067],[-103.834,47.085],[-103.857,47.086],[-103.857,47.052],[-103.899,47.052],[-103.899,47.066],[-103.92,47.067],[-103.92,47.009],[-103.898,47.008],[-103.899,46.98],[-103.924,46.98],[-103.924,46.919],[-103.903,46.919],[-103.903,46.849],[-103.924,46.847],[-103.924,46.827],[-103.903,46.813],[-103.903,46.803],[-103.945,46.803],[-103.945,46.746],[-103.987,46.745],[-103.992,46.731],[-104.008,46.731],[-104.008,46.746],[-104.045,46.746],[-104.045,46.641],[-104.354,46.641],[-104.354,46.67],[-104.418,46.671],[-104.418,46.685],[-104.607,46.685],[-104.604,46.861],[-104.802,46.861],[-104.805,46.875],[-104.773,46.875],[-104.776,46.888],[-104.81,46.922],[-104.851,46.93],[-104.955,46.877],[-105.055,46.844],[-105.073,46.855],[-105.117,46.856],[-105.045,46.891],[-105.048,46.905],[-105.069,46.905],[-105.069,46.919],[-105.197,46.919],[-105.197,46.977],[-105.325,46.977],[-105.325,47.093],[-105.217,47.093],[-105.217,47.137],[-104.945,47.138],[-104.952,47.148],[-105.005,47.17],[-105.002,47.263],[-105.019,47.256],[-105.085,47.266],[-105.103,47.265],[-105.107,47.254],[-105.164,47.254],[-105.172,47.268],[-105.194,47.275],[-105.194,47.312],[-105.018,47.312],[-105.028,47.323],[-105.026,47.341],[-105.045,47.341],[-105.045,47.384],[-105.023,47.384],[-105.024,47.39],[-105.061,47.413],[-105.109,47.411],[-105.151,47.42],[-105.151,47.428],[-105.184,47.425],[-105.2,47.432],[-105.2,47.442],[-105.231,47.47],[-105.212,47.466],[-105.203,47.479],[-105.241,47.488],[-105.246,47.519],[-105.255,47.513],[-105.255,47.541],[-105.246,47.548],[-105.25,47.562],[-105.407,47.49],[-105.407,47.529],[-105.363,47.529],[-105.364,47.618],[-105.489,47.616],[-105.492,47.718],[-105.62,47.717],[-105.621,47.742],[-105.66,47.75],[-105.669,47.739],[-105.696,47.737],[-105.696,47.762],[-105.709,47.768],[-105.703,47.803],[-105.674,47.801],[-105.681,47.791],[-105.663,47.79],[-105.663,47.801],[-105.641,47.804],[-105.643,47.857],[-105.632,47.863],[-105.641,47.869],[-105.513,47.868],[-105.518,47.883],[-105.454,47.883],[-105.453,47.999],[-105.431,47.999],[-105.429,47.978],[-105.389,47.977],[-105.388,48.01],[-105.345,48.024],[-105.346,48.01],[-105.308,48.008],[-105.298,48.016],[-105.307,48.021],[-105.292,48.016],[-105.284,48.029],[-105.281,48.018],[-105.276,48.028],[-105.255,48.019],[-105.235,48.032],[-105.218,48.03],[-105.215,48.054],[-105.195,48.056],[-105.195,48.067],[-105.219,48.064],[-105.224,48.071],[-105.219,48.081],[-105.23,48.09],[-105.325,48.081],[-105.324,48.088],[-105.342,48.095],[-105.356,48.12],[-105.356,48.13],[-105.345,48.133],[-105.346,48.234],[-105.339,48.238],[-105.348,48.241],[-105.345,48.256],[-105.358,48.273],[-105.355,48.303],[-105.366,48.319],[-105.353,48.344],[-105.344,48.347],[-105.344,48.387],[-105.333,48.409],[-105.337,48.423],[-105.297,48.426],[-105.301,48.461],[-105.31,48.462],[-105.3,48.471],[-105.294,48.465],[-105.291,48.473],[-105.304,48.472],[-105.336,48.49],[-105.332,48.5],[-105.349,48.521],[-105.358,48.522],[-105.354,48.531],[-105.366,48.531],[-105.365,48.541],[-105.374,48.539],[-105.365,48.556],[-105.376,48.557],[-105.372,48.563],[-105.323,48.563]],[[-103.825,48.068],[-103.798,48.068],[-103.806,48.074],[-103.798,48.082],[-103.807,48.086],[-103.802,48.095],[-103.809,48.112],[-103.863,48.111],[-103.858,48.092],[-103.83,48.084],[-103.823,48.075],[-103.839,48.076],[-103.84,48.069],[-103.825,48.068]]],[[[-144.131,64.642],[-144.119,64.623],[-144.068,64.627],[-144.041,64.617],[-144.021,64.572],[-143.939,64.564],[-143.941,64.376],[-143.804,64.353],[-143.809,64.348],[-143.799,64.339],[-143.806,64.328],[-143.784,64.313],[-143.776,64.269],[-143.785,64.258],[-143.839,64.249],[-143.854,64.237],[-143.81,64.226],[-143.872,64.204],[-143.837,64.172],[-143.847,64.15],[-143.939,64.12],[-143.915,64.102],[-143.908,64.086],[-143.913,64.056],[-143.937,64.03],[-143.928,64.019],[-143.911,64.016],[-143.947,64.007],[-143.889,63.967],[-143.947,63.929],[-143.951,63.913],[-143.983,63.898],[-143.992,63.882],[-144.072,63.845],[-144.088,63.828],[-144.121,63.82],[-144.29,63.694],[-144.185,63.683],[-144.233,63.696],[-144.185,63.688],[-144.178,63.717],[-144.133,63.717],[-144.119,63.703],[-144.097,63.696],[-144.034,63.693],[-143.957,63.665],[-143.967,63.644],[-144.009,63.637],[-144.013,63.63],[-143.891,63.563],[-143.824,63.509],[-143.838,63.494],[-143.835,63.481],[-143.846,63.46],[-143.79,63.395],[-143.73,63.385],[-143.625,63.39],[-143.597,63.383],[-143.627,63.364],[-143.635,63.352],[-143.632,63.338],[-143.59,63.304],[-143.527,63.273],[-143.483,63.271],[-143.443,63.258],[-143.442,63.289],[-143.397,63.311],[-143.366,63.315],[-143.306,63.349],[-143.265,63.318],[-143.147,63.276],[-143.048,63.223],[-143.088,63.202],[-143.147,63.2],[-143.195,63.168],[-143.182,63.16],[-143.222,63.156],[-143.306,63.123],[-143.304,63.117],[-144.58,63.117],[-144.58,63.131],[-145.154,63.131],[-145.154,63.218],[-146.111,63.218],[-146.11,63.169],[-146.118,63.155],[-146.114,63.086],[-146.149,63.082],[-146.181,63.09],[-146.187,63.073],[-146.118,63.082],[-146.111,63.037],[-146.479,63.029],[-146.479,63.047],[-146.494,63.042],[-146.49,63.478],[-147.646,63.478],[-147.61,63.494],[-147.611,63.521],[-147.52,63.554],[-147.546,63.569],[-147.48,63.579],[-147.39,63.571],[-147.377,63.582],[-147.318,63.588],[-147.247,63.62],[-147.343,63.639],[-147.352,63.651],[-147.348,63.657],[-147.375,63.669],[-147.426,63.665],[-147.498,63.685],[-147.539,63.684],[-147.545,63.689],[-147.501,63.723],[-147.563,63.739],[-147.566,63.746],[-147.555,63.755],[-147.568,63.764],[-147.647,63.764],[-147.689,63.789],[-147.681,63.799],[-147.623,63.8],[-147.631,63.824],[-147.627,63.834],[-147.579,63.857],[-147.586,63.874],[-147.567,63.881],[-147.583,63.899],[-147.619,63.914],[-147.577,63.925],[-147.55,63.947],[-147.45,63.958],[-147.434,63.968],[-147.42,64],[-147.364,64.024],[-147.45,64.063],[-147.507,64.099],[-147.499,64.11],[-147.542,64.183],[-147.548,64.228],[-147.572,64.26],[-146.694,64.258],[-146.599,64.263],[-146.485,64.283],[-146.353,64.28],[-146.299,64.302],[-146.232,64.311],[-146.23,64.333],[-146.221,64.343],[-146.243,64.355],[-146.22,64.368],[-146.112,64.388],[-146.073,64.387],[-146.042,64.377],[-146.004,64.381],[-145.97,64.401],[-145.923,64.412],[-145.93,64.419],[-145.926,64.425],[-145.805,64.431],[-145.762,64.443],[-145.742,64.464],[-145.715,64.452],[-145.703,64.457],[-145.683,64.445],[-145.635,64.44],[-145.62,64.435],[-145.618,64.426],[-145.528,64.418],[-145.467,64.435],[-145.45,64.449],[-145.435,64.444],[-145.374,64.455],[-145.365,64.465],[-145.378,64.486],[-145.302,64.497],[-145.27,64.491],[-145.207,64.508],[-145.159,64.499],[-145.083,64.507],[-145.063,64.523],[-145.039,64.529],[-145.04,64.542],[-145.016,64.542],[-144.985,64.569],[-144.944,64.578],[-144.826,64.566],[-144.798,64.568],[-144.788,64.58],[-144.748,64.593],[-144.672,64.583],[-144.629,64.597],[-144.553,64.601],[-144.547,64.591],[-144.46,64.583],[-144.449,64.592],[-144.319,64.618],[-144.315,64.622],[-144.327,64.628],[-144.315,64.634],[-144.316,64.645],[-144.222,64.65],[-144.19,64.641],[-144.147,64.656],[-144.133,64.653],[-144.131,64.642]]],[[[-148.721,64.986],[-148.697,64.974],[-148.654,64.982],[-148.656,64.866],[-148.643,64.866],[-148.645,64.599],[-148.681,64.584],[-148.718,64.589],[-148.731,64.57],[-148.75,64.562],[-148.819,64.573],[-148.918,64.566],[-148.935,64.582],[-148.951,64.574],[-148.957,64.558],[-148.983,64.551],[-149.011,64.561],[-149.022,64.557],[-149.017,64.547],[-149.035,64.545],[-149.06,64.559],[-149.055,64.549],[-149.061,64.548],[-149.061,64.515],[-149.123,64.515],[-149.109,64.525],[-149.137,64.529],[-149.191,64.511],[-149.207,64.515],[-149.195,64.516],[-149.204,64.52],[-149.197,64.525],[-149.21,64.525],[-149.199,64.537],[-149.214,64.543],[-149.199,64.556],[-149.186,64.555],[-149.192,64.567],[-149.181,64.574],[-149.186,64.578],[-149.159,64.567],[-149.155,64.575],[-149.141,64.576],[-149.155,64.606],[-149.132,64.629],[-149.16,64.649],[-149.128,64.666],[-149.123,64.687],[-149.129,64.703],[-149.152,64.715],[-149.121,64.737],[-149.137,64.754],[-149.138,64.773],[-149.112,64.774],[-149.091,64.758],[-149.036,64.765],[-149.022,64.785],[-148.964,64.804],[-148.965,64.812],[-149.004,64.838],[-148.97,64.841],[-148.961,64.862],[-148.94,64.868],[-148.96,64.884],[-148.935,64.891],[-148.936,64.904],[-148.954,64.911],[-148.927,64.918],[-148.934,64.929],[-148.889,64.929],[-148.866,64.939],[-148.908,64.951],[-148.903,64.955],[-148.913,64.963],[-148.91,64.972],[-148.891,64.978],[-148.902,64.984],[-148.792,64.977],[-148.77,64.988],[-148.721,64.986]]],[[[-150.395,65.472],[-150.361,65.463],[-150.282,65.465],[-150.235,65.456],[-150.219,65.449],[-150.21,65.434],[-150.223,65.424],[-150.227,65.409],[-150.298,65.384],[-150.303,65.367],[-150.325,65.366],[-150.323,65.35],[-150.38,65.336],[-150.364,65.324],[-150.338,65.31],[-150.3,65.305],[-150.252,65.317],[-150.249,65.324],[-150.184,65.349],[-150.137,65.35],[-150.148,65.327],[-150.141,65.312],[-150.149,65.304],[-150.139,65.296],[-150.148,65.28],[-150.142,65.263],[-150.148,65.248],[-150.121,65.243],[-150.074,65.263],[-150.044,65.264],[-150.036,65.261],[-150.038,65.249],[-149.99,65.215],[-149.998,65.205],[-150.069,65.191],[-150.121,65.161],[-150.154,65.163],[-150.158,65.144],[-150.178,65.137],[-150.182,65.122],[-150.209,65.098],[-150.211,65.086],[-150.205,65.083],[-150.303,64.994],[-150.334,64.992],[-150.354,65.001],[-150.417,64.997],[-150.434,64.981],[-150.467,64.971],[-150.462,64.963],[-150.476,64.961],[-150.549,64.971],[-150.725,64.946],[-150.76,64.949],[-150.788,64.963],[-150.948,64.954],[-151.165,64.896],[-151.177,64.885],[-151.173,64.878],[-151.243,64.879],[-151.277,64.859],[-151.344,64.848],[-151.384,64.856],[-151.449,64.899],[-151.485,64.901],[-151.508,64.911],[-151.51,64.919],[-151.496,64.936],[-151.499,64.946],[-151.514,64.956],[-151.561,64.963],[-151.577,64.977],[-151.563,64.992],[-151.524,65.002],[-151.522,65.009],[-151.537,65.02],[-151.571,65.022],[-151.601,65.014],[-151.614,65.009],[-151.624,64.99],[-151.674,65],[-151.68,65.003],[-151.674,65.018],[-151.633,65.051],[-151.637,65.061],[-151.706,65.086],[-151.759,65.088],[-151.755,65.092],[-151.77,65.1],[-151.941,65.144],[-151.939,65.155],[-151.702,65.24],[-151.405,65.406],[-151.322,65.392],[-151.263,65.403],[-151.22,65.401],[-151.112,65.391],[-151.049,65.376],[-151.033,65.37],[-151.009,65.343],[-151.046,65.316],[-151.017,65.321],[-150.994,65.341],[-150.946,65.347],[-150.912,65.361],[-150.901,65.368],[-150.896,65.385],[-150.872,65.396],[-150.812,65.404],[-150.717,65.398],[-150.682,65.404],[-150.665,65.413],[-150.679,65.456],[-150.671,65.46],[-150.613,65.468],[-150.395,65.472]]],[[[-145.394,65.816],[-145.397,65.791],[-145.419,65.779],[-145.408,65.759],[-145.43,65.737],[-145.42,65.734],[-145.421,65.721],[-145.399,65.714],[-145.372,65.689],[-145.295,65.668],[-145.252,65.666],[-145.154,65.687],[-145.139,65.712],[-145.072,65.681],[-145.076,65.667],[-144.993,65.629],[-144.974,65.611],[-144.741,65.602],[-144.711,65.591],[-144.679,65.59],[-144.499,65.609],[-144.416,65.648],[-144.419,65.66],[-144.394,65.691],[-144.357,65.695],[-144.37,65.696],[-144.363,65.71],[-144.275,65.714],[-144.25,65.736],[-144.185,65.755],[-144.163,65.77],[-144.167,65.775],[-144.144,65.774],[-144.088,65.798],[-144.046,65.801],[-144.031,65.762],[-144.074,65.722],[-144.11,65.705],[-144.118,65.691],[-144.098,65.67],[-144.092,65.67],[-144.093,65.682],[-144.085,65.667],[-144.065,65.655],[-144.049,65.625],[-143.998,65.584],[-143.922,65.572],[-143.775,65.571],[-143.712,65.531],[-143.702,65.498],[-143.68,65.481],[-143.687,65.471],[-143.681,65.454],[-143.623,65.426],[-143.562,65.425],[-143.509,65.4],[-143.489,65.38],[-143.439,65.366],[-143.346,65.355],[-143.271,65.363],[-143.258,65.355],[-143.177,65.361],[-143.032,65.349],[-142.99,65.353],[-142.933,65.346],[-142.846,65.316],[-142.771,65.323],[-142.767,65.318],[-142.783,65.313],[-142.761,65.316],[-142.754,65.312],[-142.761,65.307],[-142.725,65.307],[-142.743,65.303],[-142.734,65.298],[-142.742,65.29],[-142.725,65.286],[-142.737,65.283],[-142.722,65.28],[-142.734,65.277],[-142.745,65.262],[-142.731,65.26],[-142.729,65.236],[-142.754,65.237],[-142.742,65.231],[-142.767,65.225],[-142.749,65.218],[-142.776,65.204],[-142.763,65.197],[-142.84,65.165],[-142.851,65.144],[-142.931,65.147],[-142.982,65.121],[-143.001,65.125],[-142.99,65.132],[-142.994,65.137],[-143.021,65.125],[-143.04,65.133],[-143.051,65.13],[-143.041,65.12],[-143.047,65.112],[-143.09,65.121],[-143.1,65.117],[-143.099,65.107],[-143.114,65.107],[-143.114,65.089],[-143.136,65.101],[-143.135,65.094],[-143.161,65.076],[-143.175,65.088],[-143.191,65.087],[-143.191,65.076],[-143.22,65.074],[-143.242,65.053],[-143.306,65.036],[-143.363,65.042],[-143.375,65.035],[-143.361,65.035],[-143.347,65.022],[-143.373,65.019],[-143.374,65.011],[-143.358,64.999],[-143.412,64.998],[-143.393,64.991],[-143.398,64.982],[-143.467,64.984],[-143.487,64.967],[-143.525,64.96],[-143.494,64.951],[-143.505,64.936],[-143.474,64.916],[-143.488,64.902],[-143.503,64.849],[-143.439,64.83],[-143.435,64.818],[-143.482,64.8],[-143.529,64.801],[-143.516,64.789],[-143.533,64.778],[-143.493,64.766],[-143.509,64.759],[-143.506,64.754],[-143.596,64.73],[-143.619,64.712],[-143.615,64.706],[-143.627,64.695],[-143.646,64.685],[-143.647,64.67],[-143.691,64.664],[-143.692,64.656],[-143.781,64.648],[-143.939,64.67],[-144.05,64.674],[-144.075,64.689],[-144.061,64.696],[-144.062,64.706],[-144.109,64.711],[-144.119,64.72],[-144.095,64.742],[-144.101,64.748],[-144.072,64.751],[-144.029,64.772],[-144.119,64.791],[-144.128,64.799],[-144.076,64.821],[-144.089,64.844],[-144.105,64.849],[-144.067,64.862],[-144.078,64.877],[-144.052,64.901],[-144.087,64.916],[-144.012,64.938],[-143.987,64.967],[-144.005,64.98],[-144.083,64.995],[-144.096,65.001],[-144.09,65.009],[-144.1,65.019],[-144.061,65.019],[-144.034,65.039],[-143.933,65.057],[-143.925,65.06],[-143.925,65.07],[-143.884,65.091],[-143.974,65.12],[-144.008,65.111],[-144.128,65.12],[-144.141,65.109],[-144.186,65.118],[-144.325,65.111],[-144.339,65.087],[-144.398,65.08],[-144.444,65.058],[-144.497,65.082],[-144.54,65.068],[-144.691,65.105],[-144.705,65.104],[-144.711,65.094],[-144.85,65.119],[-144.877,65.136],[-144.9,65.138],[-144.916,65.126],[-144.942,65.126],[-144.931,65.127],[-144.981,65.137],[-145.09,65.098],[-145.162,65.097],[-145.225,65.069],[-145.362,65.066],[-145.373,65.069],[-145.368,65.076],[-145.388,65.083],[-145.424,65.085],[-145.441,65.067],[-145.52,65.065],[-145.523,65.048],[-145.593,65.045],[-145.649,65.033],[-145.659,65.051],[-145.686,65.061],[-145.676,65.072],[-145.715,65.077],[-145.769,65.071],[-145.779,65.08],[-145.75,65.1],[-145.692,65.11],[-145.673,65.118],[-145.675,65.127],[-145.626,65.141],[-145.636,65.146],[-145.634,65.155],[-145.677,65.16],[-145.666,65.166],[-145.68,65.174],[-145.677,65.185],[-145.74,65.183],[-145.817,65.194],[-145.875,65.214],[-145.953,65.205],[-145.997,65.23],[-146.078,65.245],[-146.074,65.262],[-146.126,65.278],[-146.106,65.294],[-146.112,65.304],[-146.137,65.314],[-146.054,65.354],[-146.012,65.359],[-146.006,65.375],[-145.976,65.396],[-145.975,65.408],[-145.926,65.426],[-145.915,65.445],[-145.864,65.455],[-145.781,65.499],[-145.697,65.491],[-145.675,65.494],[-145.64,65.517],[-145.728,65.531],[-145.735,65.555],[-145.678,65.64],[-145.625,65.681],[-145.629,65.689],[-145.621,65.7],[-145.628,65.703],[-145.621,65.709],[-145.629,65.717],[-145.62,65.741],[-145.628,65.756],[-145.605,65.768],[-145.566,65.766],[-145.546,65.774],[-145.549,65.782],[-145.522,65.781],[-145.508,65.793],[-145.455,65.812],[-145.388,65.82],[-145.394,65.816]]]]}}]}